gene,n_outcomes_tested,n_nominal_better_cognition,n_fdr_better_cognition,best_p,best_q,mean_beta,median_beta,mmse_beta,mmse_p,mmse_q,last_dx_beta,last_dx_p,last_dx_q,final_dx_beta,final_dx_p,final_dx_q,cognition_priority_score,cognition_priority_tier
MRPL47,3,3,3,4.504226413316588e-7,4.121367168184678e-4,0.24159940930927692,0.25699863712663257,0.18728212902396993,8.449010482354429e-4,0.02499675320137286,0.25699863712663257,3.1682166089678674e-6,0.0028989181972055985,0.28051746177722825,4.504226413316588e-7,4.121367168184678e-4,12.5,FDR-supported across multiple cognition outcomes
PDHX,3,3,3,2.95240355730852e-6,0.0013507246274686478,0.23772125392200583,0.2307527331961977,0.2307527331961977,3.6122815782213683e-05,0.011491874650124228,0.21906182219735523,8.515814751346402e-5,0.009739963121852447,0.2633492063724645,2.95240355730852e-6,0.0013507246274686478,12.5,FDR-supported across multiple cognition outcomes
COA1,3,3,3,1.6140672874504229e-6,0.0014768715680171368,0.21299676850944296,0.18852124691565045,0.2670240626757097,1.6140672874504229e-6,0.0014768715680171368,0.18852124691565045,8.027460467558512e-4,0.016873294306344856,0.18344499593696875,0.0012829216310835114,0.013649689446993175,12.5,FDR-supported across multiple cognition outcomes
SPG7,3,3,3,1.1736420816703992e-5,0.002553181919089358,0.2331740553123461,0.2276015041487781,0.2264205729166138,4.776187595678187e-5,0.011491874650124228,0.2276015041487781,4.176039154652376e-5,0.009258211637871794,0.2455000888716464,1.1736420816703992e-5,0.002553181919089358,12.5,FDR-supported across multiple cognition outcomes
NDUFV1,3,3,3,1.0018995540348558e-5,0.002553181919089358,0.2193400132210452,0.2101125076233738,0.2101125076233738,1.5080473584930913e-4,0.018256377923642066,0.2029101403861864,2.3496700451797935e-4,0.011847783789374339,0.24499739165357545,1.0018995540348558e-5,0.002553181919089358,12.5,FDR-supported across multiple cognition outcomes
MRPL24,3,3,3,1.674217651861874e-5,0.002553181919089358,0.21607681826283645,0.2228473150748159,0.18409388355790804,0.0010385196773300758,0.02499675320137286,0.2228473150748159,6.0709584510634715e-5,0.009258211637871794,0.24128925615578545,1.674217651861874e-5,0.002553181919089358,12.5,FDR-supported across multiple cognition outcomes
POLDIP2,3,3,3,1.6647986173692182e-5,0.002553181919089358,0.2160706247154004,0.22251628772397455,0.18541640429954964,9.155949257263572e-4,0.02499675320137286,0.22251628772397455,5.7473353788320834e-5,0.009258211637871794,0.24027918212267696,1.6647986173692182e-5,0.002553181919089358,12.5,FDR-supported across multiple cognition outcomes
NDUFAF7,3,3,3,1.3657310324574063e-5,0.0030873179343533434,0.22069477499217513,0.2370983632276309,0.18152020591568266,0.0012728450851087064,0.02772983935415396,0.24346575583321187,1.3657310324574063e-5,0.006248219473492634,0.2370983632276309,2.5204668199338527e-5,0.0030873179343533434,12.5,FDR-supported across multiple cognition outcomes
NDUFA2,3,3,3,2.6992943688335244e-5,0.0030873179343533434,0.22036042614266885,0.2143841370171979,0.2143841370171979,1.073612314800569e-4,0.016372587800708677,0.21324400145638103,1.0950774296014613e-4,0.01110863143288443,0.2334531399544276,2.6992943688335244e-5,0.0030873179343533434,12.5,FDR-supported across multiple cognition outcomes
PDHA1,3,3,3,4.741184551770446e-5,0.0040867690161668,0.22313069595526897,0.22810609782684285,0.20938927187084427,2.114662723634207e-4,0.018256377923642066,0.22810609782684285,4.857417393439974e-5,0.009258211637871794,0.23189671816811974,4.741184551770446e-5,0.0040867690161668,12.5,FDR-supported across multiple cognition outcomes
L2HGDH,3,3,3,5.197188061719923e-5,0.0040867690161668,0.2041283705323577,0.21513441095660382,0.1668438557103925,0.003436578584996296,0.039803410193311524,0.21513441095660382,1.3386043828040507e-4,0.01110863143288443,0.23040684493007677,5.197188061719923e-5,0.0040867690161668,12.5,FDR-supported across multiple cognition outcomes
NDUFC2,3,3,3,6.69962133797836e-5,0.0040867690161668,0.2008832566815541,0.19729768550574564,0.19729768550574564,3.729804055286423e-4,0.020018097129228637,0.18268135052031909,0.0010069929882772265,0.01729915291552007,0.22267073401859755,6.69962133797836e-5,0.0040867690161668,12.5,FDR-supported across multiple cognition outcomes
NDUFB6,3,3,3,6.387267908611231e-5,0.0040867690161668,0.19941618770996372,0.20811755207883406,0.16896863566702194,0.0023080339729337185,0.034154159292827495,0.20811755207883406,1.456869696115991e-4,0.01110863143288443,0.2211623753840352,6.387267908611231e-5,0.0040867690161668,12.5,FDR-supported across multiple cognition outcomes
COX7A2L,3,3,3,6.537346255920565e-5,0.0040867690161668,0.1862800150731864,0.178935866209252,0.15632590908085192,0.005321160409603146,0.04612586193187077,0.178935866209252,0.0012873480995201241,0.019253256212206027,0.22357826992945523,6.537346255920565e-5,0.0040867690161668,12.5,FDR-supported across multiple cognition outcomes
UQCRC2,3,3,3,1.1938990813705474e-4,0.0056760787363656145,0.20859260177874872,0.20570910107227589,0.20570910107227589,2.1355474671097937e-4,0.018256377923642066,0.20433620109788025,2.1619280746849667e-4,0.011636259931392614,0.21573250316609,1.1938990813705474e-4,0.0056760787363656145,12.5,FDR-supported across multiple cognition outcomes
NDUFB1,3,3,3,6.707031711527224e-5,0.0056760787363656145,0.2078924998871581,0.21523764975637533,0.22199035304120104,6.707031711527224e-5,0.01227386803209482,0.18644949686389795,7.988848840233933e-4,0.016873294306344856,0.21523764975637533,1.2406729478394785e-4,0.0056760787363656145,12.5,FDR-supported across multiple cognition outcomes
MRPL44,3,3,3,1.3207868507461704e-4,0.005754856992536885,0.19329841554396918,0.19920165795473174,0.16654577125851466,0.0029606284476873085,0.03708433505680697,0.19920165795473174,3.299429910013893e-4,0.013125992902881356,0.21414781741866115,1.3207868507461704e-4,0.005754856992536885,12.5,FDR-supported across multiple cognition outcomes
TMEM65,3,3,3,1.8603016410260006e-4,0.006546830775149195,0.20013508888993184,0.2034961537730648,0.2034961537730648,2.273081245709411e-4,0.018256377923642066,0.18813170259376236,6.409570189396526e-4,0.016873294306344856,0.2087774103029684,1.8603016410260006e-4,0.006546830775149195,12.5,FDR-supported across multiple cognition outcomes
SLC25A24,3,3,3,7.814600098496323e-5,0.006546830775149195,0.19599102217016315,0.20972606250724124,0.16018991624280823,0.003997952002799847,0.042030376252107,0.21805708776043994,7.814600098496323e-5,0.009739963121852447,0.20972606250724124,1.7889627466246473e-4,0.006546830775149195,12.5,FDR-supported across multiple cognition outcomes
NDUFS4,3,3,3,1.789067370130538e-4,0.006546830775149195,0.19248098931592658,0.19018929533869064,0.19018929533869064,6.190454350033458e-4,0.02206984619349989,0.1774400641968943,0.0014047543533351606,0.019843270565079875,0.20981360841219482,1.789067370130538e-4,0.006546830775149195,12.5,FDR-supported across multiple cognition outcomes
PARS2,3,3,3,1.8279879413972836e-4,0.006546830775149195,0.18038282917100798,0.16394434194673888,0.16394434194673888,0.003772729847691071,0.04109580726949202,0.16009012606384795,0.0059329126719807595,0.039685534375496184,0.21711401950243708,1.8279879413972836e-4,0.006546830775149195,12.5,FDR-supported across multiple cognition outcomes
MFN2,3,3,3,2.0683708427545822e-4,0.00675914043257301,0.20461699362300098,0.20081275382992764,0.20081275382992764,4.23587406753112e-4,0.020018097129228637,0.19927956598444832,4.585296854331156e-4,0.014984095077546456,0.21375866105462696,2.0683708427545822e-4,0.00675914043257301,12.5,FDR-supported across multiple cognition outcomes
NDUFB5,3,3,3,2.0430598981112678e-4,0.00675914043257301,0.19928581535013254,0.20386687404290874,0.20386687404290874,2.2703088001549792e-4,0.018256377923642066,0.18681120884484884,7.173031707472097e-4,0.016873294306344856,0.20717936316264007,2.0430598981112678e-4,0.00675914043257301,12.5,FDR-supported across multiple cognition outcomes
MRPL39,3,3,3,2.1594811278901913e-4,0.006813535282825948,0.19789613828292427,0.19926010804580854,0.18478683559132583,0.0010588073298727063,0.02499675320137286,0.19926010804580854,3.718329362202289e-4,0.013734054938702714,0.2096414712116384,2.1594811278901913e-4,0.006813535282825948,12.5,FDR-supported across multiple cognition outcomes
CS,3,3,3,2.3473407295240045e-4,0.007159389225048214,0.17774697534461506,0.16852340748473063,0.16852340748473063,0.0023932603239101924,0.034154159292827495,0.16028093906017934,0.003772838470882102,0.03128560730035398,0.20443657948893523,2.3473407295240045e-4,0.007159389225048214,12.5,FDR-supported across multiple cognition outcomes
NDUFS6,3,3,3,2.8005735770278434e-4,0.007376867532370855,0.19312350471299525,0.20140048353846676,0.20140048353846676,2.8034573621940986e-4,0.01832259633148286,0.17516431257751813,0.0015676813339923377,0.021094535597102778,0.20280571802300087,2.8005735770278434e-4,0.007376867532370855,12.5,FDR-supported across multiple cognition outcomes
MTX2,3,3,3,2.781950429335448e-4,0.007376867532370855,0.19096064537643967,0.18633875921524112,0.18007356529207888,0.0014945180552674898,0.028767654010990653,0.18633875921524112,9.434564828834786e-4,0.016873294306344856,0.206469611621999,2.781950429335448e-4,0.007376867532370855,12.5,FDR-supported across multiple cognition outcomes
MECR,3,3,3,2.826492326292575e-4,0.007376867532370855,0.1904771456816374,0.1958473420324911,0.1958473420324911,4.690734468553409e-4,0.020018097129228637,0.17058831681350034,0.002243821429035318,0.023873216367061814,0.20499577819892076,2.826492326292575e-4,0.007376867532370855,12.5,FDR-supported across multiple cognition outcomes
MRPL49,3,3,3,2.773474514136815e-4,0.007376867532370855,0.1860461052084538,0.20041447396265535,0.15509189669361625,0.005484672302898515,0.04612586193187077,0.20041447396265535,2.773474514136815e-4,0.012084424668738979,0.2026319449690898,2.90237411109673e-4,0.007376867532370855,12.5,FDR-supported across multiple cognition outcomes
HMGCL,3,3,3,2.8180335570751294e-4,0.007376867532370855,0.17516433964183514,0.16135369831167176,0.16135369831167176,0.004226005043927699,0.042030376252107,0.1576968871103858,0.005035514991991976,0.03547680025422538,0.2064424335034479,2.8180335570751294e-4,0.007376867532370855,12.5,FDR-supported across multiple cognition outcomes
SLC25A11,3,3,3,3.281527640028399e-4,0.007844799858591432,0.18371082128598606,0.18145598155772047,0.16519410582818134,0.0035328343144446833,0.03994938360411936,0.18145598155772047,0.0012589154122979397,0.019253256212206027,0.20448237647205642,3.281527640028399e-4,0.007844799858591432,12.5,FDR-supported across multiple cognition outcomes
MRPL1,3,3,3,3.343685185629135e-4,0.007844799858591432,0.18289497085081732,0.18279390944399576,0.1653710006083942,0.0030816904305540176,0.0371019308415385,0.18279390944399576,9.589194578469208e-4,0.016873294306344856,0.20052000250006205,3.343685185629135e-4,0.007844799858591432,12.5,FDR-supported across multiple cognition outcomes
ISCU,3,3,3,3.7930443080637176e-4,0.008654164714622077,0.17192531297486358,0.16310669685688572,0.16310669685688572,0.0041676192663865595,0.042030376252107,0.14878666882150823,0.00884574575537047,0.046516421644620574,0.20388257324619674,3.7930443080637176e-4,0.008654164714622077,12.5,FDR-supported across multiple cognition outcomes
MRPL28,3,3,3,4.113400614862935e-4,0.008752933866510665,0.19077095045910114,0.19255220602149575,0.18280691732982315,0.0010142146813733812,0.02499675320137286,0.19255220602149575,4.8251848856361836e-4,0.015143921259082793,0.19695372802598451,4.113400614862935e-4,0.008752933866510665,12.5,FDR-supported across multiple cognition outcomes
AFG3L2,3,3,3,3.365932537709363e-4,0.009207302267004317,0.1920981727270886,0.19683194796621972,0.1999232073887582,3.365932537709363e-4,0.020018097129228637,0.17953936282628788,0.0013045922242150532,0.019253256212206027,0.19683194796621972,4.616928736641762e-4,0.009207302267004317,12.5,FDR-supported across multiple cognition outcomes
NDUFA8,3,3,3,4.7393785696911087e-4,0.009490982958621911,0.19146599305030362,0.1945262382307201,0.1945262382307201,4.7393785696911087e-4,0.020018097129228637,0.18466466903870493,8.945411870764343e-4,0.016873294306344856,0.1952070718814858,5.085913623314099e-4,0.009490982958621911,12.5,FDR-supported across multiple cognition outcomes
NDUFS1,3,3,3,5.393782665009173e-4,0.009490982958621911,0.17931112969346308,0.17292847685497023,0.17186060000069503,0.0020004804613876644,0.032112975827538824,0.17292847685497023,0.0017487770499013686,0.021941407212892623,0.19314431222472397,5.393782665009173e-4,0.009490982958621911,12.5,FDR-supported across multiple cognition outcomes
NDUFS7,3,3,3,5.344717201387077e-4,0.009490982958621911,0.1748894061100859,0.17212307714144262,0.15928722186871097,0.004301516776530793,0.04232137473683522,0.17212307714144262,0.0018705328980114127,0.02255462907189758,0.19325791932010414,5.344717201387077e-4,0.009490982958621911,12.5,FDR-supported across multiple cognition outcomes
BCKDHB,3,3,3,1.3431131413552073e-4,0.01110863143288443,0.1914015302097518,0.19127525233918777,0.1662616927821135,0.0037467239139898512,0.04109580726949202,0.21666764550795414,1.3431131413552073e-4,0.01110863143288443,0.19127525233918777,9.140087339881913e-4,0.012120550602886884,12.5,FDR-supported across multiple cognition outcomes
ATAD3A,3,3,3,5.031871409532882e-4,0.011190620826703777,0.19121039512259777,0.19231961627196084,0.19271923390813164,5.031871409532882e-4,0.020018097129228637,0.19231961627196084,5.177714936268495e-4,0.015143921259082793,0.18859233518770083,7.215810150552162e-4,0.011190620826703777,12.5,FDR-supported across multiple cognition outcomes
NDUFB7,3,3,3,1.9200827840368796e-4,0.011441685165928478,0.1885032916760318,0.19438691638167122,0.1598639059529969,0.005370542778063328,0.04612586193187077,0.21125905269342732,1.9200827840368796e-4,0.011636259931392614,0.19438691638167122,7.502744371100641e-4,0.011441685165928478,12.5,FDR-supported across multiple cognition outcomes
DLD,3,3,3,5.0237703388521216e-5,0.011491874650124228,0.1972403604678807,0.188825167743158,0.2244696417032736,5.0237703388521216e-5,0.011491874650124228,0.17842627195721053,0.0013844596474628915,0.019843270565079875,0.188825167743158,8.04650365354808e-4,0.011686588639676974,12.5,FDR-supported across multiple cognition outcomes
NDUFS5,3,3,3,7.777145479115068e-4,0.011665718218672603,0.1703716450661967,0.1658856083284151,0.15723880813530788,0.004820993739122089,0.045476384240172286,0.1658856083284151,0.0027896490610473347,0.025777928147540895,0.18799051873486713,7.777145479115068e-4,0.011665718218672603,12.5,FDR-supported across multiple cognition outcomes
UQCRQ,3,3,3,9.575614825628435e-4,0.01216901050756947,0.17295123024839942,0.17958866618642177,0.17958866618642177,0.001377020910135066,0.028767654010990653,0.1529093544850797,0.006395071211069672,0.04120767716992077,0.1863556700736968,9.575614825628435e-4,0.01216901050756947,12.5,FDR-supported across multiple cognition outcomes
MRPL46,3,3,3,9.423082038282598e-4,0.01216901050756947,0.16990399086820732,0.16690427015838627,0.15707128866113892,0.005079133361513643,0.04612586193187077,0.16690427015838627,0.0026996734515774465,0.025465991837044986,0.18573641378509678,9.423082038282598e-4,0.01216901050756947,12.5,FDR-supported across multiple cognition outcomes
BDH1,3,3,3,9.816524789854836e-4,0.012205048348291034,0.1788848138791288,0.1788153748041844,0.1788153748041844,0.0014175705931896614,0.028767654010990653,0.1710767184981209,0.002210099440657634,0.023873216367061814,0.18676234833508112,9.816524789854836e-4,0.012205048348291034,12.5,FDR-supported across multiple cognition outcomes
NDUFS2,3,3,3,0.0010004137990402488,0.012205048348291034,0.1737570829198751,0.17960561985413395,0.15652516784249654,0.005334048300086284,0.04612586193187077,0.17960561985413395,0.001265755478277636,0.019253256212206027,0.18514046106299478,0.0010004137990402488,0.012205048348291034,12.5,FDR-supported across multiple cognition outcomes
NDUFB11,3,3,3,0.0011390172578145115,0.013192415074687063,0.17615932056429612,0.17957964179188968,0.17957964179188968,0.0012176924241232973,0.027698061748692094,0.16678233610519605,0.002653250623566981,0.025465991837044986,0.18211598379580263,0.0011390172578145115,0.013192415074687063,12.5,FDR-supported across multiple cognition outcomes
DLAT,3,3,3,0.0011364446881309861,0.013192415074687063,0.17509967781545874,0.17278052712401756,0.16858991131519857,0.002569585507174839,0.035092100583059366,0.17278052712401756,0.0019711120567450263,0.02282996875850252,0.1839285950071601,0.0011364446881309861,0.013192415074687063,12.5,FDR-supported across multiple cognition outcomes
NDUFB9,3,3,3,0.0010920522945055656,0.013649689446993175,0.18129547986574035,0.18129804161431007,0.1806764666783334,0.001241115335187296,0.027698061748692094,0.1819119313045776,0.0010920522945055656,0.017843354454867726,0.18129804161431007,0.0012656848115040354,0.013649689446993175,12.5,FDR-supported across multiple cognition outcomes
COX5B,3,3,3,0.0012126510453381854,0.013649689446993175,0.1742106317621833,0.17742623135778965,0.17742623135778965,0.001494415190575255,0.028767654010990653,0.16279348618592548,0.0035682155662466546,0.030483196308803577,0.18241217774283477,0.0012126510453381854,0.013649689446993175,12.5,FDR-supported across multiple cognition outcomes
NFS1,3,3,3,0.001267338365776535,0.013649689446993175,0.16872771349142884,0.16135261417873936,0.15920769949758234,0.005380202442746091,0.04612586193187077,0.16135261417873936,0.004721808818431338,0.034736540735756834,0.1856228267979648,0.001267338365776535,0.013649689446993175,12.5,FDR-supported across multiple cognition outcomes
ATAD1,3,3,3,3.933102670047147e-4,0.013734054938702714,0.1868853777843028,0.18149158499408752,0.1786648296938559,0.0017654751045308116,0.029371085829921685,0.200499718664965,3.933102670047147e-4,0.013734054938702714,0.18149158499408752,0.0015687459042374242,0.014797963942033435,12.5,FDR-supported across multiple cognition outcomes
NAT8L,3,3,3,4.1505623046138914e-4,0.014308869278481063,0.18451541480302927,0.18615510414523007,0.20368042591103364,4.1505623046138914e-4,0.020018097129228637,0.16371071435282408,0.004453825038450788,0.03340368778838091,0.18615510414523007,0.001376356127440499,0.014308869278481063,12.5,FDR-supported across multiple cognition outcomes
RPL11,3,3,3,6.178870469677754e-4,0.014308869278481063,0.18387456664818358,0.18905843869549926,0.19579978483809127,6.178870469677754e-4,0.02206984619349989,0.1667654764109602,0.004305662472065424,0.03283067634949886,0.18905843869549926,0.0014307707110593388,0.014308869278481063,12.5,FDR-supported across multiple cognition outcomes
NDUFA7,3,3,3,8.578791076396232e-4,0.014308869278481063,0.17560569728484288,0.17813203426002655,0.18519795442165954,8.578791076396232e-4,0.02499675320137286,0.16348710317284257,0.0031749702996583286,0.028196674497849853,0.17813203426002655,0.0014347044200918304,0.014308869278481063,12.5,FDR-supported across multiple cognition outcomes
SLC25A5,3,3,3,8.72401395746074e-4,0.014797963942033435,0.17750134106001791,0.17789655258166623,0.169659812713759,0.0023874096452603417,0.034154159292827495,0.18494765788462852,8.72401395746074e-4,0.016873294306344856,0.17789655258166623,0.0015663265235713528,0.014797963942033435,12.5,FDR-supported across multiple cognition outcomes
NDUFA13,3,3,3,0.0016010415954415091,0.014883761022586353,0.16954936086437417,0.17123282475262053,0.17123282475262053,0.0020919540869236445,0.032881592667302756,0.16047250767592916,0.003829495101245514,0.03128560730035398,0.17694275016457278,0.0016010415954415091,0.014883761022586353,12.5,FDR-supported across multiple cognition outcomes
MRPS35,3,3,3,0.0014149821333421127,0.0152616139552744,0.17708606139642807,0.1783192758044246,0.18074558513460756,0.0014149821333421127,0.028767654010990653,0.17219332325025208,0.0022182498950745304,0.023873216367061814,0.1783192758044246,0.0017273371723895508,0.0152616139552744,12.5,FDR-supported across multiple cognition outcomes
UQCRC1,3,3,3,0.0010702162681852855,0.0152616139552744,0.17629304060853712,0.17793530549356235,0.16805808954389093,0.002884174310180425,0.03708433505680697,0.18288572678815812,0.0010702162681852855,0.017804507007082478,0.17793530549356235,0.0017510736623415168,0.0152616139552744,12.5,FDR-supported across multiple cognition outcomes
PYCR2,3,3,3,0.001603197892984858,0.0152616139552744,0.17233605640307684,0.1789298588266089,0.15826588050208548,0.005704712467751183,0.047025332504435434,0.1789298588266089,0.001603197892984858,0.02125979814610355,0.17981242988053614,0.0017513327489659149,0.0152616139552744,12.5,FDR-supported across multiple cognition outcomes
CROT,3,3,3,8.844131948319942e-4,0.01587635724378912,0.18479679865220536,0.18401389991139525,0.18856630625915358,8.844131948319942e-4,0.02499675320137286,0.18401389991139525,0.0016360823958983751,0.021385934174957332,0.18181018978606725,0.0018593373418103398,0.01587635724378912,12.5,FDR-supported across multiple cognition outcomes
LRPPRC,3,3,3,0.0010050075708561113,0.016749807183294996,0.18093683201341396,0.1773165627931042,0.18830254496070742,0.0010050075708561113,0.02499675320137286,0.17719138828643025,0.0019006058979698268,0.022585122034316774,0.1773165627931042,0.002050249622436109,0.016749807183294996,12.5,FDR-supported across multiple cognition outcomes
MRPL57,3,3,3,0.0020469799851993912,0.016749807183294996,0.1685772799254779,0.16963948742291696,0.16963948742291696,0.0028270969647185016,0.036954196038820414,0.1611860663438986,0.003976639054229621,0.03185510967818693,0.17490628600961822,0.0020469799851993912,0.016749807183294996,12.5,FDR-supported across multiple cognition outcomes
ATP5D,3,3,3,8.825790697414185e-4,0.016873294306344856,0.17960112953975677,0.18381958852437782,0.18381958852437782,9.317898513587455e-4,0.02499675320137286,0.18562296450363405,8.825790697414185e-4,0.016873294306344856,0.1693608355912584,0.0026671794985622024,0.02024890675236462,12.5,FDR-supported across multiple cognition outcomes
MTFP1,3,3,3,6.57828501773205e-4,0.016873294306344856,0.1767969653040668,0.1872243151785914,0.1891994368908621,6.57828501773205e-4,0.02229307700453639,0.1872243151785914,7.114622765682359e-4,0.016873294306344856,0.1539671438427469,0.0060674446402654205,0.03304590384430273,12.5,FDR-supported across multiple cognition outcomes
PDHB,3,3,3,0.002147445029600618,0.017236071948110224,0.1690955117659656,0.17194907246777746,0.17194907246777746,0.0021899446166941975,0.033396655404586514,0.16075731666481585,0.004191694514574813,0.032230256141478605,0.1745801461653035,0.002147445029600618,0.017236071948110224,12.5,FDR-supported across multiple cognition outcomes
SFXN1,3,3,3,0.0010581413249280854,0.018130799088217985,0.17844629002417586,0.18071343790342048,0.18273091155483898,0.0010581413249280854,0.02499675320137286,0.18071343790342048,0.0011543797522592853,0.018530832865214845,0.17189452061426816,0.0022787343116339545,0.018130799088217985,12.5,FDR-supported across multiple cognition outcomes
GSTK1,3,3,3,0.0017444826399680541,0.018825270030719956,0.17585973346191264,0.1751062821258796,0.17810653337656787,0.0017444826399680541,0.029371085829921685,0.17436638488329048,0.0022875980954211593,0.024059221348394954,0.1751062821258796,0.0024277397416666174,0.018825270030719956,12.5,FDR-supported across multiple cognition outcomes
AHCYL1,3,3,3,0.002798823861617451,0.020820518970568844,0.16217285585164348,0.15811862431445212,0.1575299805831666,0.005583136175415008,0.04644154182277029,0.15811862431445212,0.005095037284380798,0.03547680025422538,0.17086996265731172,0.002798823861617451,0.020820518970568844,12.5,FDR-supported across multiple cognition outcomes
IARS2,3,3,3,0.003059633899518384,0.022340437591011595,0.16055405430380099,0.16541947538770352,0.16541947538770352,0.003059633899518384,0.0371019308415385,0.15069514361713113,0.006880332949885109,0.04248527108758508,0.16554754390656834,0.0032511853353977063,0.022340437591011595,12.5,FDR-supported across multiple cognition outcomes
UQCRFS1,3,3,3,0.002087381022312097,0.023292117505067912,0.16460686080747097,0.1632608240265053,0.16004021714528618,0.004131727590710619,0.042030376252107,0.1705195412506214,0.002087381022312097,0.023292117505067912,0.1632608240265053,0.003634925901788932,0.024000182677529392,12.5,FDR-supported across multiple cognition outcomes
SLC25A46,3,3,3,0.0010654353823535973,0.02499675320137286,0.17519559357283174,0.17169958903162238,0.188214369132464,0.0010654353823535973,0.02499675320137286,0.17169958903162238,0.002840420208144628,0.025777928147540895,0.1656728225544088,0.004424213342813222,0.026987701391160652,12.5,FDR-supported across multiple cognition outcomes
SLIRP,3,3,3,0.003880940716612862,0.025184828054615385,0.1595920358992618,0.16266453670196013,0.16266453670196013,0.004009941046894616,0.042030376252107,0.1522299272538912,0.006936129131828,0.04248527108758508,0.16388164374193404,0.003880940716612862,0.025184828054615385,12.5,FDR-supported across multiple cognition outcomes
OGDHL,3,3,3,0.0026992555235113166,0.025465991837044986,0.16366912100040765,0.16280349884232231,0.16280349884232231,0.003536502810856468,0.03994938360411936,0.1669097099219956,0.0026992555235113166,0.025465991837044986,0.161294154236905,0.004035049252800041,0.025639375460500262,12.5,FDR-supported across multiple cognition outcomes
MPC2,3,3,3,0.0021202338441211614,0.027674688851239762,0.16218706633510852,0.1590143057905786,0.17110255857660428,0.0021202338441211614,0.032881592667302756,0.15644433463814267,0.004728264733576557,0.034736540735756834,0.1590143057905786,0.004567079799494212,0.027674688851239762,12.5,FDR-supported across multiple cognition outcomes
ICT1,3,3,3,0.003399567443314459,0.029624802006025998,0.15965428500273002,0.1574156234329918,0.1570730278542703,0.005344025243777087,0.04612586193187077,0.16447420372092794,0.003399567443314459,0.029624802006025998,0.1574156234329918,0.005819157519129005,0.03226987351516994,12.5,FDR-supported across multiple cognition outcomes
MRPS36,3,3,3,0.0026839756872427717,0.03185510967818693,0.1588372757786332,0.1603796688957926,0.1679530524830388,0.0026839756872427717,0.035591851504741104,0.1603796688957926,0.0040621077482048155,0.03185510967818693,0.1481791059570682,0.00863610157917019,0.04031649461704451,12.5,FDR-supported across multiple cognition outcomes
MRPS23,3,3,3,0.005880958756203465,0.03241612808389259,0.1544295032193979,0.15408378080281132,0.15408378080281132,0.006279531942543416,0.04953251489161402,0.1533962651267737,0.006153760626820816,0.039933978535752104,0.15580846372860874,0.005880958756203465,0.03241612808389259,12.5,FDR-supported across multiple cognition outcomes
MRPS7,3,3,3,0.002999170266889307,0.03340368778838091,0.16360843402831424,0.16280405720492186,0.17084777040593216,0.002999170266889307,0.03708433505680697,0.16280405720492186,0.004430070144476423,0.03340368778838091,0.15717347447408872,0.006621888050960457,0.034308975814960896,12.5,FDR-supported across multiple cognition outcomes
ETFDH,3,3,3,0.005036235545825366,0.04031649461704451,0.1515499351608363,0.1501020997213495,0.156901582546053,0.005036235545825366,0.04612586193187077,0.1501020997213495,0.007057662519467687,0.04248527108758508,0.14764612321510648,0.008632606668105424,0.04031649461704451,12.5,FDR-supported across multiple cognition outcomes
NDUFV2,3,3,3,0.005812007295393373,0.04125411203659736,0.14978683237969503,0.15039417987968665,0.1531712560086843,0.005812007295393373,0.04718093069896629,0.15039417987968665,0.0065341779726432025,0.04125411203659736,0.14579506125071418,0.009246593718792362,0.04237801705775416,12.5,FDR-supported across multiple cognition outcomes
MRPL41,3,3,2,3.1438379036905574e-5,0.0031962352020854,0.18250455053653386,0.18800872496961296,0.1275597259384716,0.02271286549498081,0.09835926461846571,0.18800872496961296,6.849811689438215e-4,0.016873294306344856,0.23194520070151703,3.1438379036905574e-5,0.0031962352020854,9.5,FDR-supported across multiple cognition outcomes
OXA1L,3,3,2,5.8972562421991904e-5,0.0040867690161668,0.18703583147361713,0.19384047228026272,0.14118065762692766,0.012295116144589184,0.07352961615881767,0.19384047228026272,5.03083457492465e-4,0.015143921259082793,0.22608636451366104,5.8972562421991904e-5,0.0040867690161668,9.5,FDR-supported across multiple cognition outcomes
MRPL20,3,3,2,1.212022912481196e-4,0.0056760787363656145,0.18294362116231724,0.20719890342566624,0.12194261521637705,0.033990242937909025,0.12440428915274704,0.20719890342566624,2.4601955409629775e-4,0.011847783789374339,0.21968934484490846,1.212022912481196e-4,0.0056760787363656145,9.5,FDR-supported across multiple cognition outcomes
MRPL9,3,3,2,1.122006521369376e-4,0.0056760787363656145,0.178171387179786,0.1767564904687103,0.14238683231148794,0.010980261415807772,0.06788472429367642,0.1767564904687103,0.0014096312423280786,0.019843270565079875,0.2153708387591598,1.122006521369376e-4,0.0056760787363656145,9.5,FDR-supported across multiple cognition outcomes
MRPL48,3,3,2,1.4367640682697721e-4,0.00597563237484928,0.19268783273643914,0.2079233721795177,0.15426859344796323,0.006403693555284965,0.05008016754774139,0.2079233721795177,2.0692389047818413e-4,0.011636259931392614,0.21587153258183644,1.4367640682697721e-4,0.00597563237484928,9.5,FDR-supported across multiple cognition outcomes
BOLA3,3,3,2,2.43019068161597e-4,0.007172982173156815,0.1614192625215922,0.15916572913684518,0.1199984535222882,0.03149225375037718,0.1185819431341363,0.15916572913684518,0.004108090647023014,0.03185510967818693,0.20509360490564318,2.43019068161597e-4,0.007172982173156815,9.5,FDR-supported across multiple cognition outcomes
MRPL2,3,3,2,3.87782244043175e-4,0.008654164714622077,0.17742675199425104,0.18436631647197557,0.14755939943292917,0.008928927503956779,0.05877675299367232,0.18436631647197557,9.505053545027534e-4,0.016873294306344856,0.20035454007784834,3.87782244043175e-4,0.008654164714622077,9.5,FDR-supported across multiple cognition outcomes
NDUFA6,3,3,2,4.032488878548552e-4,0.008752933866510665,0.16818346398074793,0.15537847580012962,0.15106024134630644,0.006754681578869016,0.05150444703887625,0.15537847580012962,0.005041698483320371,0.03547680025422538,0.19811167479580777,4.032488878548552e-4,0.008752933866510665,9.5,FDR-supported across multiple cognition outcomes
OXSM,3,3,2,4.6288076970732087e-4,0.009207302267004317,0.17191377836446428,0.19064396846038761,0.12976395118565817,0.01979602916369115,0.09117872392976825,0.19064396846038761,5.296234757274856e-4,0.015143921259082793,0.19533341544734703,4.6288076970732087e-4,0.009207302267004317,9.5,FDR-supported across multiple cognition outcomes
SLC25A36,3,3,2,5.294747825452675e-4,0.009490982958621911,0.17320707941834881,0.18741785411545125,0.1354532109606313,0.017135855395025785,0.08433451447425103,0.18741785411545125,8.391137467601487e-4,0.016873294306344856,0.19675017317896393,5.294747825452675e-4,0.009490982958621911,9.5,FDR-supported across multiple cognition outcomes
NDUFA12,3,3,2,5.904048646183495e-4,0.0101928387004866,0.16535054974203564,0.1753234422851124,0.129643627812456,0.02006915898430439,0.09117872392976825,0.1753234422851124,0.0014902104554710886,0.02035138159337382,0.19108457912853852,5.904048646183495e-4,0.0101928387004866,9.5,FDR-supported across multiple cognition outcomes
TRMT10C,3,3,2,1.95335725339097e-4,0.010463625383054242,0.18317927117021757,0.19235793310972757,0.15093715242964745,0.00716971174219052,0.05290553422664779,0.20624272797127766,1.95335725339097e-4,0.011636259931392614,0.19235793310972757,6.289610885988888e-4,0.010463625383054242,9.5,FDR-supported across multiple cognition outcomes
MRPL21,3,3,2,6.19639651054039e-4,0.010463625383054242,0.1727001250645671,0.1832120234867215,0.1427367631091923,0.010829009714618199,0.06740506046854185,0.1832120234867215,9.505419851741825e-4,0.016873294306344856,0.19215158859778755,6.19639651054039e-4,0.010463625383054242,9.5,FDR-supported across multiple cognition outcomes
MRPL32,3,3,2,3.215096795971542e-4,0.010508355099528148,0.1803806029198581,0.19587337829437226,0.13906286838936385,0.01619714957224039,0.08188061800331468,0.20620556207583818,3.215096795971542e-4,0.013125992902881356,0.19587337829437226,6.431343011733074e-4,0.010508355099528148,9.5,FDR-supported across multiple cognition outcomes
PPOX,3,3,2,3.8612962074843944e-4,0.010823776139028492,0.17481592525850492,0.19072185849704654,0.13679108467860862,0.01486069916188296,0.07775374463067741,0.19693483259985964,3.8612962074843944e-4,0.013734054938702714,0.19072185849704654,6.835079350852092e-4,0.010823776139028492,9.5,FDR-supported across multiple cognition outcomes
NDUFB8,3,3,2,6.860972853154672e-4,0.010823776139028492,0.16591251092819922,0.15906678623197507,0.14931353560298352,0.007307125335806313,0.053461714647006685,0.15906678623197507,0.004093597603580744,0.03185510967818693,0.18935721094963912,6.860972853154672e-4,0.010823776139028492,9.5,FDR-supported across multiple cognition outcomes
ABHD11,3,3,2,8.003662138349398e-4,0.011686588639676974,0.16988480345331192,0.17248690362546434,0.14693836329429283,0.008786873207821474,0.05826078974751195,0.17248690362546434,0.0020544924941217754,0.023208155952116352,0.1902291434401786,8.003662138349398e-4,0.011686588639676974,9.5,FDR-supported across multiple cognition outcomes
NUDT19,3,3,2,2.738414033637837e-4,0.012084424668738979,0.1753749422459824,0.18740520193206187,0.13599783309273442,0.014590178120466188,0.07764453315978928,0.20272179171315094,2.738414033637837e-4,0.012084424668738979,0.18740520193206187,8.99406959846347e-4,0.012120550602886884,9.5,FDR-supported across multiple cognition outcomes
RPS3,3,3,2,7.865874776650677e-4,0.012120550602886884,0.1812696912061764,0.1950751019468379,0.15337196545287182,0.008757104460069099,0.05826078974751195,0.1950751019468379,7.865874776650677e-4,0.016873294306344856,0.1953620062188195,8.961798955323749e-4,0.012120550602886884,9.5,FDR-supported across multiple cognition outcomes
CYC1,3,3,2,7.328425699498022e-4,0.012120550602886884,0.17451933142740747,0.18968320111974912,0.14393333613764475,0.011159968831685201,0.06853269450330174,0.1899414570248285,7.328425699498022e-4,0.016873294306344856,0.18968320111974912,8.620352061874306e-4,0.012120550602886884,9.5,FDR-supported across multiple cognition outcomes
NDUFC1,3,3,2,9.095518595757399e-4,0.012120550602886884,0.15619790990471882,0.14296516506373727,0.1391898002392669,0.012432833907332463,0.07387040925460522,0.14296516506373727,0.010397457881443656,0.04980981131686359,0.18643876441115234,9.095518595757399e-4,0.012120550602886884,9.5,FDR-supported across multiple cognition outcomes
MRPL37,3,3,2,9.541119597660576e-4,0.01216901050756947,0.16819414505597635,0.17830428924213743,0.13892034442369136,0.01408275054392872,0.07624684466091584,0.17830428924213743,0.0014772893123528442,0.02035138159337382,0.18735780150210027,9.541119597660576e-4,0.01216901050756947,9.5,FDR-supported across multiple cognition outcomes
YARS2,3,3,2,9.90799903655529e-4,0.012205048348291034,0.1524738179919888,0.16031705334054047,0.11306708406686718,0.04280152749887089,0.14087553115635562,0.16031705334054047,0.003737577681211353,0.03128560730035398,0.18403731656855876,9.90799903655529e-4,0.012205048348291034,9.5,FDR-supported across multiple cognition outcomes
MRPL12,3,3,2,0.0012245123878209779,0.013649689446993175,0.16755032855489074,0.17332181533079385,0.14578242718332504,0.009789153846104803,0.06307799837454856,0.17332181533079385,0.0019331931407666665,0.02267784261283974,0.1835467431505533,0.0012245123878209779,0.013649689446993175,9.5,FDR-supported across multiple cognition outcomes
MRPL15,3,3,2,0.0012430325349340637,0.013649689446993175,0.16497646428162577,0.17537281425176746,0.1359250151797752,0.01651549300995847,0.08303118738523077,0.17537281425176746,0.0017686100410417604,0.021941407212892623,0.18363156341333464,0.0012430325349340637,0.013649689446993175,9.5,FDR-supported across multiple cognition outcomes
PDP1,3,3,2,0.0012781211211555198,0.013649689446993175,0.1563938781640404,0.1668232471717152,0.12210979730483279,0.029440745615032363,0.11561494522641465,0.1668232471717152,0.0026233354539514546,0.025465991837044986,0.18024859001557322,0.0012781211211555198,0.013649689446993175,9.5,FDR-supported across multiple cognition outcomes
MRPL54,3,3,2,0.0013867288685619021,0.014308869278481063,0.1684192049315669,0.17404357049536573,0.15005775585286726,0.007891643320511496,0.05605312610413105,0.17404357049536573,0.0018733899556985971,0.02255462907189758,0.1811562884464677,0.0013867288685619021,0.014308869278481063,9.5,FDR-supported across multiple cognition outcomes
BCL2L2,3,3,2,0.001405290602080655,0.014308869278481063,0.16140657371922662,0.16631206232086132,0.13697028734950284,0.014955911535518278,0.07775374463067741,0.16631206232086132,0.0028454325059034213,0.025777928147540895,0.1809373714873157,0.001405290602080655,0.014308869278481063,9.5,FDR-supported across multiple cognition outcomes
MRPL11,3,3,2,0.0014387059820986424,0.014308869278481063,0.15604748707509336,0.16145967077491466,0.1270907497431852,0.024060846986887218,0.1014547234700544,0.16145967077491466,0.0038197357714417537,0.03128560730035398,0.1795920407071802,0.0014387059820986424,0.014308869278481063,9.5,FDR-supported across multiple cognition outcomes
MRPL45,3,3,2,0.0015470785909151158,0.014797963942033435,0.16412534802223813,0.17431132174111566,0.13941018164860794,0.01293096264030484,0.07441403028854672,0.17431132174111566,0.001774496321042682,0.021941407212892623,0.1786545406769908,0.0015470785909151158,0.014797963942033435,9.5,FDR-supported across multiple cognition outcomes
CRAT,3,3,2,0.001554578606542536,0.014797963942033435,0.15677627933274,0.15445450594364296,0.138667734741002,0.012736409433875051,0.07419487514600256,0.15445450594364296,0.005156737086133307,0.03547680025422538,0.17720659731357505,0.001554578606542536,0.014797963942033435,9.5,FDR-supported across multiple cognition outcomes
MRPL14,3,3,2,0.0015131215377275785,0.014797963942033435,0.1553657892325806,0.1534443018684852,0.1342107537156564,0.01689969979027455,0.08433451447425103,0.1534443018684852,0.005912991289068322,0.039685534375496184,0.17844231211360015,0.0015131215377275785,0.014797963942033435,9.5,FDR-supported across multiple cognition outcomes
MRPL19,3,3,2,0.001610374143427376,0.014883761022586353,0.15154709046766304,0.16592550811027976,0.11140031738733397,0.04691964037565152,0.14958700677254752,0.16592550811027976,0.002764967129363192,0.025777928147540895,0.17731544590537543,0.001610374143427376,0.014883761022586353,9.5,FDR-supported across multiple cognition outcomes
MRPS18A,3,3,2,0.001270045660206883,0.015035643539698124,0.1582082431807169,0.18040843484042374,0.11221296206813258,0.045055802376226944,0.14567512075705885,0.18200333263359442,0.001270045660206883,0.019253256212206027,0.18040843484042374,0.001643239731114549,0.015035643539698124,9.5,FDR-supported across multiple cognition outcomes
MTX3,3,3,2,0.0018434535119385437,0.01587635724378912,0.16420072082743317,0.1636373446701863,0.1513821658481416,0.007925421811765395,0.05605312610413105,0.1636373446701863,0.004036557445381586,0.03185510967818693,0.1775826519639716,0.0018434535119385437,0.01587635724378912,9.5,FDR-supported across multiple cognition outcomes
NDUFA4,3,3,2,0.002002236831144057,0.016654970004516472,0.15567768778559124,0.16586350348984275,0.1259820984097896,0.025793197356110697,0.1063097999136995,0.16586350348984275,0.003204867921067087,0.028196674497849853,0.17518746145714134,0.002002236831144057,0.016654970004516472,9.5,FDR-supported across multiple cognition outcomes
MFF,3,3,2,8.056669289023361e-4,0.016873294306344856,0.16375182358621668,0.17204295547922163,0.12788287731528578,0.023676406462250568,0.10076238099050822,0.1913296379641426,8.056669289023361e-4,0.016873294306344856,0.17204295547922163,0.0030997475825959063,0.02155326320257224,9.5,FDR-supported across multiple cognition outcomes
MRPS28,3,3,2,7.153430524686798e-4,0.016873294306344856,0.16186272705633184,0.15721139440234966,0.1357670366096146,0.018274626901200994,0.0871140839409747,0.19260975015703125,7.153430524686798e-4,0.016873294306344856,0.15721139440234966,0.006627126519348996,0.034308975814960896,9.5,FDR-supported across multiple cognition outcomes
PUS1,3,3,2,6.538204523775841e-4,0.016873294306344856,0.15967112663228572,0.16759322805595678,0.11772420055132743,0.03814785282026091,0.13132874793557064,0.19369595128957298,6.538204523775841e-4,0.016873294306344856,0.16759322805595678,0.0036851788425353218,0.02408527600657014,9.5,FDR-supported across multiple cognition outcomes
ALDH4A1,3,3,2,0.0010209336146864306,0.01729915291552007,0.15820805182935527,0.16294079460993952,0.13019897546892775,0.019583544520383585,0.09117872392976825,0.18148438540919856,0.0010209336146864306,0.01729915291552007,0.16294079460993952,0.0042026007575792345,0.02598229522422297,9.5,FDR-supported across multiple cognition outcomes
TUFM,3,3,2,2.4300283989207324e-4,0.018256377923642066,0.1720383864333707,0.16876817925065818,0.20464543253830847,2.4300283989207324e-4,0.018256377923642066,0.1427015475111454,0.011922545141339221,0.055096610122855494,0.16876817925065818,0.003109323216108782,0.02155326320257224,9.5,FDR-supported across multiple cognition outcomes
AIFM1,3,3,2,0.002402758036935168,0.0187908000324417,0.161128696533622,0.16225598164180727,0.15041316725832307,0.00711567105496805,0.05290553422664779,0.16225598164180727,0.0035918782817677304,0.030483196308803577,0.17071694070073568,0.002402758036935168,0.0187908000324417,9.5,FDR-supported across multiple cognition outcomes
MCAT,3,3,2,0.0025788824214391117,0.019829221979973003,0.16009190951780727,0.16625802149637178,0.14578775074824676,0.008784701842093146,0.05826078974751195,0.16625802149637178,0.0026213342733636723,0.025465991837044986,0.1682299563088033,0.0025788824214391117,0.019829221979973003,9.5,FDR-supported across multiple cognition outcomes
IMMT,3,3,2,4.8583046554973567e-4,0.020018097129228637,0.16306582711632456,0.15754905844375347,0.1937891989392237,4.8583046554973567e-4,0.020018097129228637,0.13785922396599654,0.013328485061472842,0.059782175643370836,0.15754905844375347,0.005062888498528082,0.029695788308674326,9.5,FDR-supported across multiple cognition outcomes
ATP5H,3,3,2,0.0028382473676013794,0.020943518881897275,0.15318828882503785,0.14674803224185343,0.14674803224185343,0.008538095993524765,0.05826078974751195,0.14453387717995952,0.009774623498205827,0.04834475946409909,0.16828295705330062,0.0028382473676013794,0.020943518881897275,9.5,FDR-supported across multiple cognition outcomes
UQCRB,3,3,2,0.002991162848061172,0.021550503984062774,0.15174117263454534,0.1490119967456053,0.138767385634714,0.013511550657608586,0.07574276592471069,0.1490119967456053,0.007554741704030213,0.04393524389860085,0.16744413552331674,0.002991162848061172,0.021550503984062774,9.5,FDR-supported across multiple cognition outcomes
MRPL53,3,3,2,0.0025080007888018986,0.02155326320257224,0.15567503936889301,0.16791881373708034,0.129711342129397,0.021611403628060986,0.09646065521793075,0.1693949622402017,0.0025080007888018986,0.025423117297497445,0.16791881373708034,0.003066517030622745,0.02155326320257224,9.5,FDR-supported across multiple cognition outcomes
PMPCB,3,3,2,0.0030628877407545088,0.02155326320257224,0.1485523097232208,0.14587087022740303,0.1335788554761125,0.016983272694330344,0.08433451447425103,0.14587087022740303,0.008712000027499061,0.04607791922058752,0.1662072034661469,0.0030628877407545088,0.02155326320257224,9.5,FDR-supported across multiple cognition outcomes
ECHS1,3,3,2,6.271213126021827e-4,0.02206984619349989,0.16071783456202332,0.1537475459545428,0.19126469281046588,6.271213126021827e-4,0.02206984619349989,0.13714126492106127,0.015050767430475558,0.06300333490698827,0.1537475459545428,0.007190243987617491,0.03537136155198927,9.5,FDR-supported across multiple cognition outcomes
SLC25A23,3,3,2,0.003645929390356924,0.024000182677529392,0.1499938422957716,0.14994190334002597,0.1383004586928135,0.012811792648162191,0.07419487514600256,0.14994190334002597,0.006539664139284989,0.04125411203659736,0.1617391648544753,0.003645929390356924,0.024000182677529392,9.5,FDR-supported across multiple cognition outcomes
RPS16,3,3,2,0.0036153125422769034,0.024000182677529392,0.14595679043027537,0.14904352290241904,0.11917093656580013,0.03820365574099535,0.13132874793557064,0.14904352290241904,0.009304121214220116,0.04729594950561892,0.16965591182260698,0.0036153125422769034,0.024000182677529392,9.5,FDR-supported across multiple cognition outcomes
SLC25A4,3,3,2,0.002322015464972894,0.02414368352784316,0.15238342526876855,0.15480864345966908,0.13221756234354565,0.01915808244848699,0.0898956176429005,0.17012407000309096,0.002322015464972894,0.02414368352784316,0.15480864345966908,0.006357121976579279,0.03365237832907187,9.5,FDR-supported across multiple cognition outcomes
NNT,3,3,2,0.001017863967686212,0.02499675320137286,0.1537730637870375,0.15120251335123433,0.1843662121381182,0.001017863967686212,0.02499675320137286,0.12575046587175995,0.025412964369172914,0.08517532013843669,0.15120251335123433,0.007648944553278587,0.03703060458333284,9.5,FDR-supported across multiple cognition outcomes
DLST,3,3,2,0.0025284193159259756,0.025423117297497445,0.1576571619493012,0.15310184928880108,0.15156640410251873,0.00691857982299882,0.05231818626482579,0.16830323245658382,0.0025284193159259756,0.025423117297497445,0.15310184928880108,0.006716955601821219,0.03452817064981132,9.5,FDR-supported across multiple cognition outcomes
PHB,3,3,2,0.0024262517530423905,0.025639375460500262,0.15473386876487658,0.16092775607518567,0.1687901107605451,0.0024262517530423905,0.034154159292827495,0.13448373945889894,0.015711180464792925,0.06305144791791897,0.16092775607518567,0.004033836119846818,0.025639375460500262,9.5,FDR-supported across multiple cognition outcomes
ISCA2,3,3,2,0.004065414362129968,0.02598229522422297,0.14918866712809897,0.1621639682689874,0.12274388365237203,0.027522049365149442,0.10948989203961626,0.1621639682689874,0.004065414362129968,0.03185510967818693,0.1626581494629375,0.004201600714777159,0.02598229522422297,9.5,FDR-supported across multiple cognition outcomes
NDUFS8,3,3,2,0.004313931646023132,0.02649159366517561,0.14943760369927284,0.14918495609858637,0.13727747606393845,0.014287628098726827,0.07690105711961794,0.14918495609858637,0.007841091970836848,0.04393524389860085,0.16185037893529372,0.004313931646023132,0.02649159366517561,9.5,FDR-supported across multiple cognition outcomes
MRPS9,3,3,2,0.003082539783713092,0.027652195118602736,0.15257434610133744,0.15788028947484534,0.13373425706932396,0.018279676630237312,0.0871140839409747,0.16610849175984305,0.003082539783713092,0.027652195118602736,0.15788028947484534,0.005498478259746286,0.03105621980041884,9.5,FDR-supported across multiple cognition outcomes
NDUFA10,3,3,2,0.002936401063047316,0.029910428363548958,0.1526340272957378,0.15828392975986447,0.16627616362468378,0.002936401063047316,0.03708433505680697,0.13334198850266518,0.01746341139062317,0.0673222167741256,0.15828392975986447,0.005147835772868292,0.029910428363548958,9.5,FDR-supported across multiple cognition outcomes
NT5DC3,3,3,2,0.005164860854033591,0.029910428363548958,0.1464324790292797,0.14702676563738912,0.1358525293606886,0.014899910071076461,0.07775374463067741,0.14702676563738912,0.008017093040264997,0.044248196068789464,0.15641814208976138,0.005164860854033591,0.029910428363548958,9.5,FDR-supported across multiple cognition outcomes
COQ9,3,3,2,0.005620396477660508,0.03143022321679276,0.1419737168101618,0.15551827541804816,0.11255078861813936,0.04720322463263556,0.1499685782599359,0.15551827541804816,0.005690861355277749,0.038859239851336866,0.15785208639429787,0.005620396477660508,0.03143022321679276,9.5,FDR-supported across multiple cognition outcomes
IDH3A,3,3,2,0.007138245970472445,0.03530537871882317,0.1424203975929297,0.14879478336581833,0.12450163241103603,0.026684585410901428,0.10803714889811862,0.14879478336581833,0.007801670368332873,0.04393524389860085,0.15396477700193476,0.007138245970472445,0.03530537871882317,9.5,FDR-supported across multiple cognition outcomes
PTCD3,3,3,2,0.004975037168628306,0.03547680025422538,0.1485151893968893,0.14662346063675608,0.14053463486156648,0.013471375029765057,0.07574276592471069,0.15838747269234535,0.004975037168628306,0.03547680025422538,0.14662346063675608,0.010215444186800949,0.044463899088870815,9.5,FDR-supported across multiple cognition outcomes
IDH2,3,3,2,0.0026764851809980457,0.035591851504741104,0.1537171053059823,0.1522739257497095,0.17127702097285244,0.0026764851809980457,0.035591851504741104,0.1522739257497095,0.007425489674007656,0.04355335289562182,0.13760036919538493,0.01706928754826451,0.05967287389527213,9.5,FDR-supported across multiple cognition outcomes
MRPS22,3,3,2,0.008198015343904328,0.03866589711171371,0.14493898337426386,0.14814743893288662,0.1366084416531507,0.015789066089697334,0.08026108595596144,0.14814743893288662,0.008334206795790913,0.04539166201278979,0.1500610695367543,0.008198015343904328,0.03866589711171371,9.5,FDR-supported across multiple cognition outcomes
ATP5O,3,3,2,0.0033060971989812,0.038783063295741,0.14754766518133558,0.14474546074039515,0.16338911431223435,0.0033060971989812,0.038783063295741,0.13450842049137723,0.015555896200443313,0.06300333490698827,0.14474546074039515,0.009787740369757816,0.043056646338117316,9.5,FDR-supported across multiple cognition outcomes
DAP3,3,3,2,0.008419902310866948,0.04237801705775416,0.1480711522997468,0.14879112215631474,0.14643881308681012,0.010139118890850398,0.06354310811731585,0.14898352165611556,0.008419902310866948,0.04558704505587727,0.14879112215631474,0.00927667098284862,0.04237801705775416,9.5,FDR-supported across multiple cognition outcomes
COX4I1,3,3,2,0.004623548090689607,0.04286372374067236,0.1465923438679128,0.146522059200484,0.15829065749962087,0.004623548090689607,0.04450149737929574,0.13496431490363353,0.01559185726759912,0.06300333490698827,0.146522059200484,0.009697039141332436,0.04286372374067236,9.5,FDR-supported across multiple cognition outcomes
ETFA,3,3,2,0.004669009561106438,0.04393524389860085,0.14797642072149378,0.1482044130828041,0.15731399590877665,0.004669009561106438,0.04450149737929574,0.1482044130828041,0.007721320463877935,0.04393524389860085,0.13841085317290056,0.014518749861096383,0.05400266716627313,9.5,FDR-supported across multiple cognition outcomes
GFM1,3,3,2,0.008063467482688822,0.044248196068789464,0.1417045145674655,0.14153085725838452,0.13697704112561165,0.013824089518499108,0.07574276592471069,0.14660564531840034,0.008063467482688822,0.044248196068789464,0.14153085725838452,0.011591298158956527,0.04865154961213405,9.5,FDR-supported across multiple cognition outcomes
LYRM1,3,3,2,0.009534752440228526,0.04537708643271088,0.14221124964033763,0.14647489490827179,0.1325820682022042,0.017769449869211643,0.08602670174777065,0.14757678581053688,0.009534752440228526,0.04793570594950056,0.14647489490827179,0.010513598168016072,0.04537708643271088,9.5,FDR-supported across multiple cognition outcomes
MT-CO3,3,3,2,0.008902246380556669,0.04654603107548201,0.14120882361435555,0.14626290723843474,0.128378762910789,0.02346271666409813,0.10031955956845695,0.14898480069384293,0.008902246380556669,0.04654603107548201,0.14626290723843474,0.010914782795679909,0.04666834700022017,9.5,FDR-supported across multiple cognition outcomes
SUOX,3,2,2,4.856995620023435e-4,0.009258647900669673,0.14972059037618868,0.1462216378196913,0.10430991129299853,0.06453615331194423,0.18058281431323844,0.1462216378196913,0.009951111986817763,0.04867715849165732,0.19863022201587618,4.856995620023435e-4,0.009258647900669673,8.5,FDR-supported across multiple cognition outcomes
TMEM177,3,2,2,8.447628909882629e-4,0.01207746945709782,0.15577097237613802,0.17400136442826222,0.10508038819783182,0.06063946707538104,0.17503190023335535,0.17400136442826222,0.001721094751571924,0.021941407212892623,0.18823116450232,8.447628909882629e-4,0.01207746945709782,8.5,FDR-supported across multiple cognition outcomes
NDUFB10,3,2,2,0.0010890642269234584,0.012941477501752785,0.14296003491223336,0.1500640983896895,0.09586184511609092,0.08614618191149714,0.21543316538441712,0.1500640983896895,0.006573993319955243,0.04125411203659736,0.18295416123091965,0.0010890642269234584,0.012941477501752785,8.5,FDR-supported across multiple cognition outcomes
GHITM,3,2,2,0.0016836022273803107,0.015118285011229934,0.1456405737989298,0.15223715422866096,0.10595638567248344,0.06126922918990064,0.17574089250394698,0.15223715422866096,0.0068173141733654,0.04243430250768259,0.17872818149564504,0.0016836022273803107,0.015118285011229934,8.5,FDR-supported across multiple cognition outcomes
LDHD,3,2,2,0.0018739306910701915,0.01587635724378912,0.13520907834685233,0.1668162903304583,0.06447538917122836,0.2516581023329246,0.43528764392178837,0.1668162903304583,0.002593301375663086,0.025465991837044986,0.1743355555388703,0.0018739306910701915,0.01587635724378912,8.5,FDR-supported across multiple cognition outcomes
MRPS30,3,2,2,0.002143905722092257,0.017236071948110224,0.1452507738743019,0.1540629439429664,0.10218706276958668,0.07552741087584651,0.19688769501823236,0.1540629439429664,0.007874732239749225,0.04393524389860085,0.1795023149103526,0.002143905722092257,0.017236071948110224,8.5,FDR-supported across multiple cognition outcomes
XPNPEP3,3,2,2,0.002677724280913791,0.02024890675236462,0.13389593595658275,0.16356895498716323,0.06304277327435642,0.2809960051450305,0.4622094828562712,0.16356895498716323,0.004993784029903041,0.03547680025422538,0.17507607960822863,0.002677724280913791,0.02024890675236462,8.5,FDR-supported across multiple cognition outcomes
COX11,3,2,2,0.0028969636282023237,0.02103747396670735,0.13391286254668677,0.14684590165614644,0.08468385254995148,0.14557327496067865,0.30550354722252515,0.14684590165614644,0.010054626180243971,0.04867715849165732,0.17020883343396243,0.0028969636282023237,0.02103747396670735,8.5,FDR-supported across multiple cognition outcomes
DHRS7B,3,2,2,0.0020434654749192775,0.023208155952116352,0.14334028482017624,0.16468416784547774,0.08709318546039246,0.1364762201812823,0.2938252740373489,0.17824350115465856,0.0020434654749192775,0.023208155952116352,0.16468416784547774,0.007004623526746383,0.03484594651689388,8.5,FDR-supported across multiple cognition outcomes
MRPL43,3,2,2,0.0023727347350908094,0.024393845872001017,0.13840065771248894,0.14578394321387247,0.10142793723895294,0.0695305195338398,0.18991171753272665,0.16799009268464143,0.0023727347350908094,0.024393845872001017,0.14578394321387247,0.009681067489854311,0.04286372374067236,8.5,FDR-supported across multiple cognition outcomes
ACADVL,3,2,2,0.003963538956890514,0.02553970525038606,0.13621808802073435,0.15217585783449591,0.0925268255553795,0.09793798974486523,0.23397718176645346,0.15217585783449591,0.0059419871141453305,0.039685534375496184,0.1639515806723276,0.003963538956890514,0.02553970525038606,8.5,FDR-supported across multiple cognition outcomes
NDUFB4,3,2,2,0.005459476520423249,0.03102745972787126,0.1356898160329123,0.151668576509415,0.09857344530348734,0.07854437658858027,0.20301724457217782,0.151668576509415,0.0065826233413587044,0.04125411203659736,0.15682742628583451,0.005459476520423249,0.03102745972787126,8.5,FDR-supported across multiple cognition outcomes
MT-CO2,3,2,2,0.004745429062261862,0.034736540735756834,0.13630030044426455,0.1506809954245976,0.10231740553221622,0.06664174650805081,0.1842211421597175,0.15590250037597989,0.004745429062261862,0.034736540735756834,0.1506809954245976,0.006951184938527599,0.03484594651689388,8.5,FDR-supported across multiple cognition outcomes
PCCB,3,2,2,0.006102640483586824,0.03484594651689388,0.1287715776546638,0.1525006572977827,0.08035278647929843,0.1557828353538966,0.31959931468344255,0.15346128918691024,0.006102640483586824,0.039933978535752104,0.1525006572977827,0.00699272350860548,0.03484594651689388,8.5,FDR-supported across multiple cognition outcomes
ARMCX3,3,2,2,0.006148173549945873,0.037798288149091266,0.12499473072495526,0.1514563925171923,0.06941438399265634,0.21884593510696088,0.3949586402817933,0.15411341566501713,0.006148173549945873,0.039933978535752104,0.1514563925171923,0.007848824861559935,0.037798288149091266,8.5,FDR-supported across multiple cognition outcomes
ACADSB,3,2,2,0.008162492067849404,0.03866589711171371,0.1323444697264612,0.1475721585963109,0.0994061964367708,0.07956358082997764,0.20405406503577278,0.1475721585963109,0.008537809801292685,0.04578706502427493,0.15005505414630188,0.008162492067849404,0.03866589711171371,8.5,FDR-supported across multiple cognition outcomes
MRPL33,3,2,2,0.006968923501502247,0.04248527108758508,0.13277330748570784,0.14968642177102434,0.09514819252692956,0.09754803093860578,0.23365562384508978,0.15348530815916964,0.006968923501502247,0.04248527108758508,0.14968642177102434,0.009581312956487656,0.04286372374067236,8.5,FDR-supported across multiple cognition outcomes
NOA1,3,2,2,0.009240526076941837,0.04729594950561892,0.12817594823995607,0.14724126622914568,0.0860195114552023,0.14270650604216037,0.3022603079365202,0.15126706703552023,0.009240526076941837,0.04729594950561892,0.14724126622914568,0.012052151004744353,0.04989917723683748,8.5,FDR-supported across multiple cognition outcomes
PDK3,3,3,1,0.001685317017645304,0.015118285011229934,0.14788530774441805,0.14257842711950508,0.12242828976543171,0.030913276391723154,0.11813666526979648,0.14257842711950508,0.011777872248035176,0.054983434219143805,0.17864920634831738,0.001685317017645304,0.015118285011229934,6.5,FDR-supported in one cognition outcome
DBT,3,3,1,2.593802327949146e-4,0.018256377923642066,0.15901614884178533,0.13991053405075096,0.2052969670559699,2.593802327949146e-4,0.018256377923642066,0.13184094541863517,0.020275736640783665,0.07420919610526822,0.13991053405075096,0.014435031311605265,0.05400266716627313,6.5,FDR-supported in one cognition outcome
TIMM13,3,3,1,3.5307202910000383e-4,0.020018097129228637,0.15669121653272464,0.14095559230288177,0.20121644626868174,3.5307202910000383e-4,0.020018097129228637,0.12790161102661043,0.02498658198736991,0.08502422359201169,0.14095559230288177,0.014255449443130383,0.05400266716627313,6.5,FDR-supported in one cognition outcome
COX7C,3,3,1,0.002702553495704939,0.02026915121778704,0.14691784654546408,0.13775323716613724,0.13328398421392304,0.017235578367961687,0.08433451447425103,0.13775323716613724,0.01375611919328357,0.061074668935728306,0.169716318256332,0.002702553495704939,0.02026915121778704,6.5,FDR-supported in one cognition outcome
COX6B1,3,3,1,0.0034150970925033866,0.02297657235029852,0.14037308259735023,0.1350784200129296,0.12100362911755314,0.03101057021676825,0.11813666526979648,0.1350784200129296,0.015489185735956267,0.06300333490698827,0.16503719866156794,0.0034150970925033866,0.02297657235029852,6.5,FDR-supported in one cognition outcome
APOO,3,3,1,0.004129355623498169,0.02587918079110154,0.1474853077400854,0.14889126087511842,0.14889126087511842,0.00761446056405082,0.054860089890602363,0.13127512007125133,0.019405945147324577,0.07218064963334142,0.1622895422738864,0.004129355623498169,0.02587918079110154,6.5,FDR-supported in one cognition outcome
BNIP3L,3,3,1,0.0015091228333634441,0.028767654010990653,0.15211136540688586,0.14461749663352913,0.18727708239054616,0.0015091228333634441,0.028767654010990653,0.12443951719658224,0.0439607685874291,0.1215229705664581,0.14461749663352913,0.019878372992386727,0.06489728692005842,6.5,FDR-supported in one cognition outcome
TIMM8A,3,3,1,0.0016710593847003618,0.029371085829921685,0.1470418922159967,0.13524302535931265,0.17717531632850206,0.0016710593847003618,0.029371085829921685,0.12870733496017542,0.02278777464009563,0.07969903741813701,0.13524302535931265,0.017595023524652417,0.06067614888463974,6.5,FDR-supported in one cognition outcome
TIMM44,3,3,1,0.001648960814635578,0.029371085829921685,0.140715002749425,0.1328755069862007,0.17523136809697165,0.001648960814635578,0.029371085829921685,0.11403813316510265,0.041055458865518354,0.11693462004470981,0.1328755069862007,0.01886905631518503,0.06278249646688837,6.5,FDR-supported in one cognition outcome
NLN,3,3,1,0.004935186821290132,0.02968277035256319,0.14372458316311695,0.13953010750863884,0.1323279210468668,0.018258704835121074,0.0871140839409747,0.13953010750863884,0.01242573831966314,0.05665846208674319,0.1593157209338452,0.004935186821290132,0.02968277035256319,6.5,FDR-supported in one cognition outcome
SUCLA2,3,3,1,0.004971860260017033,0.02968277035256319,0.14359374285003185,0.1372877981152997,0.1372877981152997,0.01374469741577655,0.07574276592471069,0.13549355880454703,0.014939958887083361,0.06300333490698827,0.15799987163024878,0.004971860260017033,0.02968277035256319,6.5,FDR-supported in one cognition outcome
LIAS,3,3,1,0.0018681999432582153,0.03052505264430834,0.14201821545790647,0.13114719555110954,0.1759116719136755,0.0018681999432582153,0.03052505264430834,0.13114719555110954,0.020016844290876152,0.07355587359900273,0.11899577890893434,0.03717590185380687,0.0974669060063991,6.5,FDR-supported in one cognition outcome
EEF1B2,3,3,1,0.005633395199512582,0.03143022321679276,0.14619441230358451,0.15106043045201734,0.15106043045201734,0.0066375343960856995,0.0514690167154103,0.12968952540374165,0.020840610537214515,0.07567126445060032,0.15783328105499453,0.005633395199512582,0.03143022321679276,6.5,FDR-supported in one cognition outcome
ATP5L,3,3,1,0.006015020546050582,0.03295654969842085,0.14246859314811441,0.14323239671865085,0.14323239671865085,0.009983839403045806,0.06320217496763077,0.12960348214608125,0.019749674465592355,0.07286674248393954,0.15456990057961112,0.006015020546050582,0.03295654969842085,6.5,FDR-supported in one cognition outcome
MRPS27,3,3,1,0.006361352524739088,0.03365237832907187,0.1424412926157769,0.1410225173213604,0.1328166796184938,0.017654600691580553,0.08592531719572451,0.1410225173213604,0.011358337215987129,0.05329681309040114,0.15348468090747647,0.006361352524739088,0.03365237832907187,6.5,FDR-supported in one cognition outcome
SLC25A10,3,3,1,0.006929289751182207,0.03484594651689388,0.13773556923322258,0.13988421514963756,0.11744776819874282,0.04027186756675147,0.1354733780278588,0.13988421514963756,0.014214492388118368,0.06193457397680145,0.15587472435128735,0.006929289751182207,0.03484594651689388,6.5,FDR-supported in one cognition outcome
CLPB,3,3,1,0.006932416023154859,0.03484594651689388,0.1363125138684193,0.1374174451850491,0.11920820432503247,0.03398413295179328,0.12440428915274704,0.1374174451850491,0.013816892316607387,0.061074668935728306,0.15231189209517632,0.006932416023154859,0.03484594651689388,6.5,FDR-supported in one cognition outcome
SUCLG1,3,3,1,0.007007272305036583,0.03484594651689388,0.13580534917986375,0.12876204318036136,0.12689739221998633,0.02341157563043617,0.10031955956845695,0.12876204318036136,0.020646234190484017,0.07526416049519073,0.15175661213924355,0.007007272305036583,0.03484594651689388,6.5,FDR-supported in one cognition outcome
CPT1A,3,3,1,0.002526050019245922,0.0350202389031821,0.13457382438654208,0.12135070441415116,0.16954456237707285,0.002526050019245922,0.0350202389031821,0.12135070441415116,0.03047270129740468,0.09689245002993657,0.11282620636840225,0.04755269288868993,0.1142013490633892,6.5,FDR-supported in one cognition outcome
MRPL22,3,3,1,0.005149310163402019,0.03547680025422538,0.13648817902369187,0.1338689709684532,0.11887707449440782,0.03504959597169094,0.12676039649840795,0.1567184916082146,0.005149310163402019,0.03547680025422538,0.1338689709684532,0.018299538060417307,0.061791122596852495,6.5,FDR-supported in one cognition outcome
SLC25A27,3,3,1,0.0074710623368238254,0.03636181935209468,0.13369669665697195,0.12380565814374729,0.12380565814374729,0.0301459021985203,0.1173765979218982,0.12350723493916478,0.02965721391400072,0.09588816512830621,0.15377719688800381,0.0074710623368238254,0.03636181935209468,6.5,FDR-supported in one cognition outcome
COQ3,3,3,1,0.008935717941683706,0.041503461505789804,0.1385748965170703,0.14215167240217116,0.14215167240217116,0.012245846378067473,0.07352961615881767,0.1241253896063876,0.02800113825139789,0.09117808362999669,0.14944762754265217,0.008935717941683706,0.041503461505789804,6.5,FDR-supported in one cognition outcome
NIPSNAP1,3,3,1,0.009000715786980104,0.04159421689437775,0.13818468995930133,0.14258907223660974,0.12434279920630352,0.027241290714057204,0.10933236501668846,0.14258907223660974,0.010691990704043816,0.05095401819895881,0.14762219843499075,0.009000715786980104,0.04159421689437775,6.5,FDR-supported in one cognition outcome
PPA2,3,3,1,0.004026807931279559,0.042030376252107,0.13718558569881573,0.12779197021893846,0.15980192725836773,0.004026807931279559,0.042030376252107,0.123962859619141,0.02526371169559875,0.08502422359201169,0.12779197021893846,0.022839120959138665,0.07281461908575566,6.5,FDR-supported in one cognition outcome
MRPS10,3,3,1,0.007037326411001902,0.04248527108758508,0.146559879918177,0.14683016926986028,0.14683016926986028,0.009905587021762014,0.06320217496763077,0.15252405705593453,0.007037326411001902,0.04248527108758508,0.1403254134287362,0.014425680684934328,0.05400266716627313,6.5,FDR-supported in one cognition outcome
AUH,3,3,1,0.00674649250622594,0.04286372374067236,0.14678521816450749,0.1472411281643511,0.1512880161965725,0.00674649250622594,0.05150444703887625,0.14182651013259887,0.010990089023631201,0.05210327179597175,0.1472411281643511,0.009666201980001012,0.04286372374067236,6.5,FDR-supported in one cognition outcome
LYPLA1,3,3,1,0.007232260878779083,0.04297090067586274,0.14542023796127976,0.14941010456981008,0.14955768748186749,0.007361941033358297,0.053461714647006685,0.14941010456981008,0.007232260878779083,0.04297090067586274,0.13729292183216174,0.014384053220487126,0.05400266716627313,6.5,FDR-supported in one cognition outcome
MRPL52,3,3,1,0.010214468619545482,0.044463899088870815,0.14550065801988274,0.14196286740831193,0.12690673336228667,0.04934120700833766,0.15334990544943103,0.14196286740831193,0.026002488079044442,0.08683312624936373,0.1676323732890496,0.010214468619545482,0.044463899088870815,6.5,FDR-supported in one cognition outcome
C6ORF136,3,3,1,0.009168873272015331,0.04729594950561892,0.1407686678929529,0.1447251809315712,0.14495392634808937,0.009382254771021406,0.06088484479067083,0.1447251809315712,0.009168873272015331,0.04729594950561892,0.1326268963991981,0.018681689630108547,0.06238593434872015,6.5,FDR-supported in one cognition outcome
MLYCD,3,3,1,0.009202917988154933,0.04729594950561892,0.13673639581844158,0.137742644004695,0.137742644004695,0.013644150400280749,0.07574276592471069,0.14555751684678997,0.009202917988154933,0.04729594950561892,0.12690902660383974,0.02467471489367418,0.07612970098980351,6.5,FDR-supported in one cognition outcome
SARS2,3,3,1,0.011364912995764581,0.04792117691762485,0.13219484025666484,0.13803464854029052,0.11522592127398476,0.03872811466292882,0.1317331781285497,0.13803464854029052,0.012736263875440709,0.05769149230707054,0.14332395095571923,0.011364912995764581,0.04792117691762485,6.5,FDR-supported in one cognition outcome
TACO1,3,3,1,0.009525507831454108,0.04793570594950056,0.13137665055867706,0.1339962088275439,0.11585956443705839,0.03867302833771683,0.1317331781285497,0.1442741784114289,0.009525507831454108,0.04793570594950056,0.1339962088275439,0.017736392855687066,0.06078202046050062,6.5,FDR-supported in one cognition outcome
APOOL,3,3,1,0.00998005105054189,0.04867715849165732,0.13280641777317967,0.13589273789815484,0.13589273789815484,0.015101480636494254,0.07806697617170759,0.14321947134424665,0.00998005105054189,0.04867715849165732,0.11930704407713752,0.03593856633681911,0.09573427215168481,6.5,FDR-supported in one cognition outcome
PHB2,3,3,1,0.010015645213449683,0.048971956466412156,0.13542792832902611,0.14217522559802814,0.14357353658392244,0.010015645213449683,0.06320217496763077,0.12053502280512772,0.0311937723987149,0.0974139991290926,0.14217522559802814,0.011721156793600286,0.048971956466412156,6.5,FDR-supported in one cognition outcome
LARS2,3,3,1,0.010189872040397226,0.049072278510334015,0.12889058617034088,0.1224012338284101,0.1224012338284101,0.028218684787513996,0.11177530987262038,0.1428493054333976,0.010189872040397226,0.049072278510334015,0.12142121924921497,0.032417326017254174,0.0918323631758129,6.5,FDR-supported in one cognition outcome
PICK1,3,3,1,0.006146483811031309,0.049333620062224984,0.1359139365864864,0.12777231879514553,0.15452168032018807,0.006146483811031309,0.049333620062224984,0.12777231879514553,0.02361382719864449,0.08184337835893829,0.12544781064412558,0.027513609927548636,0.0809484021984148,6.5,FDR-supported in one cognition outcome
HADHB,3,3,1,0.006218078181550061,0.0494742742271157,0.135770770483155,0.12908219103834037,0.15379385353923167,0.006218078181550061,0.0494742742271157,0.12443626687189299,0.027102791835491007,0.0895272726695822,0.12908219103834037,0.023445784487048434,0.07423146299532635,6.5,FDR-supported in one cognition outcome
COX18,3,2,1,0.0028920346435053383,0.02103747396670735,0.11780355794719613,0.12535310203185665,0.04722891197038293,0.42373752921108765,0.5916408180174276,0.12535310203185665,0.03812459880794218,0.11133019509530569,0.18082865983934882,0.0028920346435053383,0.02103747396670735,5.5,FDR-supported in one cognition outcome
CHCHD4,3,2,1,0.0032717143575907693,0.022340437591011595,0.12722022962384927,0.11821684534000106,0.09787426076655031,0.08081125643122676,0.20596740845284817,0.11821684534000106,0.0340720254948389,0.10323146797277348,0.16556958276499648,0.0032717143575907693,0.022340437591011595,5.5,FDR-supported in one cognition outcome
RPS9,3,2,1,0.005028228857538027,0.02968277035256319,0.12363865694202293,0.13664309114785197,0.07658878670889938,0.17389870011590083,0.3451568559784149,0.13664309114785197,0.014396915114450957,0.062432120046078794,0.15768409296931746,0.005028228857538027,0.02968277035256319,5.5,FDR-supported in one cognition outcome
TTC19,3,2,1,0.005268117093239476,0.030127044626963254,0.125878890609193,0.13542346038180075,0.08365478300751376,0.13782620492703973,0.2943551722525164,0.13542346038180075,0.01515149376572635,0.06300333490698827,0.1585584284382645,0.005268117093239476,0.030127044626963254,5.5,FDR-supported in one cognition outcome
PTPMT1,3,2,1,0.006191990422757877,0.03352468187469501,0.11186667242369694,0.1346940477205003,0.045192355311199514,0.42470576045439157,0.5916408180174276,0.1346940477205003,0.016033106996538968,0.06350776147979721,0.15571361423939098,0.006191990422757877,0.03352468187469501,5.5,FDR-supported in one cognition outcome
DECR1,3,2,1,0.006380766290903623,0.03365237832907187,0.12395240752697996,0.1107821714500286,0.1107821714500286,0.04844656766733744,0.1526544960721116,0.10778047225243186,0.05335435011640147,0.13638235543003574,0.15329457887847941,0.006380766290903623,0.03365237832907187,5.5,FDR-supported in one cognition outcome
MRPS34,3,2,1,0.006636818272402271,0.034308975814960896,0.12515120446563865,0.13661942097817809,0.08686811621921292,0.12111485176582432,0.2716178660924737,0.13661942097817809,0.013887996958760971,0.0610938327753187,0.15196607619952493,0.006636818272402271,0.034308975814960896,5.5,FDR-supported in one cognition outcome
METAP1D,3,2,1,0.00744486275992931,0.03636181935209468,0.1320689223459974,0.16396666242197236,0.04952124635350795,0.47639324093285307,0.633575313159245,0.16396666242197236,0.014966752789095454,0.06300333490698827,0.18271885826251189,0.00744486275992931,0.03636181935209468,5.5,FDR-supported in one cognition outcome
COX19,3,2,1,0.008146282130311594,0.03866589711171371,0.12188831042195648,0.1329327522656543,0.08461462267198647,0.13118158168471022,0.2871558546447604,0.1329327522656543,0.016981556183701594,0.06583950808511423,0.1481175563282287,0.008146282130311594,0.03866589711171371,5.5,FDR-supported in one cognition outcome
NDUFAF5,3,2,1,0.008126825300962037,0.03866589711171371,0.11108500046332168,0.13975288215464063,0.044520935976878506,0.42720584875762613,0.594062844397003,0.13975288215464063,0.011991321868337694,0.055135977434819045,0.1489811832584459,0.008126825300962037,0.03866589711171371,5.5,FDR-supported in one cognition outcome
CHCHD3,3,2,1,0.0032635500279937406,0.038781146436549,0.13456242672138233,0.13963021785063837,0.16332820368614875,0.0032635500279937406,0.038781146436549,0.10072885862735984,0.07462417056870337,0.17070279017590895,0.13963021785063837,0.01449885338455366,0.05400266716627313,5.5,FDR-supported in one cognition outcome
SDHD,3,2,1,0.0093092693208837,0.04237801705775416,0.11966545476095201,0.13696521874238546,0.06926577437241867,0.23333774353547634,0.4149862828298696,0.13696521874238546,0.01828102075122805,0.06896255163983118,0.15276537116805192,0.0093092693208837,0.04237801705775416,5.5,FDR-supported in one cognition outcome
TMEM126A,3,2,1,0.009512718907584069,0.04286372374067236,0.12331648525268721,0.11641895985549729,0.10800645640758946,0.05331411223599543,0.1620185602121359,0.11641895985549729,0.036439366115172525,0.10802133870753508,0.14552403949497486,0.009512718907584069,0.04286372374067236,5.5,FDR-supported in one cognition outcome
LIPT2,3,2,1,0.009545919173915214,0.04286372374067236,0.11077008963830542,0.14436139229483128,0.02747867828631873,0.6459673941452899,0.7902744755703489,0.14436139229483128,0.019210489998615524,0.0717452993825845,0.16047019833376627,0.009545919173915214,0.04286372374067236,5.5,FDR-supported in one cognition outcome
MRPS16,3,2,1,0.007696567377469218,0.04393524389860085,0.13095925327273805,0.13763834673905648,0.10474124904286904,0.06637803135001803,0.18404817783414093,0.15049816403628868,0.007696567377469218,0.04393524389860085,0.13763834673905648,0.016177083277987135,0.05782043437249308,5.5,FDR-supported in one cognition outcome
OPA3,3,2,1,0.007830451778931897,0.04393524389860085,0.12405237852730851,0.1276070792044888,0.09575385297702059,0.08873517700116315,0.2182599111722158,0.14879620340041613,0.007830451778931897,0.04393524389860085,0.1276070792044888,0.02479415398356442,0.07612970098980351,5.5,FDR-supported in one cognition outcome
BOLA1,3,2,1,0.008075900266106929,0.044248196068789464,0.1304640023346829,0.14012618243764965,0.10443114469047744,0.061749711085384636,0.1765655801347717,0.14683467987592158,0.008075900266106929,0.044248196068789464,0.14012618243764965,0.013195000460607918,0.051376278389175516,5.5,FDR-supported in one cognition outcome
ENDOG,3,2,1,0.010253423724318844,0.044463899088870815,0.10754300919105216,0.11018652056286604,0.06784090452526545,0.2266401624859707,0.40741797382055633,0.11018652056286604,0.048156899066434486,0.1287883224872046,0.144601602485025,0.010253423724318844,0.044463899088870815,5.5,FDR-supported in one cognition outcome
NSUN4,3,2,1,0.010583965051653597,0.04546632874301897,0.12448902734399878,0.1362873269177941,0.08595625119150643,0.13914128380369536,0.29607970855902616,0.1362873269177941,0.019672752328380377,0.07286674248393954,0.1512235039226958,0.010583965051653597,0.04546632874301897,5.5,FDR-supported in one cognition outcome
TIMM50,3,2,1,0.008666738988115433,0.04607791922058752,0.12290442425460925,0.13653100702254703,0.08685911051388204,0.1207131196559007,0.2713820749020863,0.14532315522739866,0.008666738988115433,0.04607791922058752,0.13653100702254703,0.014939940779108483,0.054899782381061295,5.5,FDR-supported in one cognition outcome
GCSH,3,2,1,0.005420010123423224,0.04612586193187077,0.13260962042039567,0.1313497048728301,0.15726510334364371,0.005420010123423224,0.04612586193187077,0.1313497048728301,0.021306093623785584,0.0764512771206424,0.10921405304471324,0.059181799733156515,0.13537836688959554,5.5,FDR-supported in one cognition outcome
RPIA,3,2,1,0.005350026596067025,0.04612586193187077,0.12865404553012882,0.12166986216833753,0.15577224392310907,0.005350026596067025,0.04612586193187077,0.1085200304989399,0.0553344208816687,0.13940535789725117,0.12166986216833753,0.03263072503111583,0.09186804124144919,5.5,FDR-supported in one cognition outcome
AGK,3,2,1,0.011114900548546722,0.04708395371259375,0.11947063541733235,0.11027595182443582,0.1026461526577566,0.06846826165382959,0.18870017895558458,0.11027595182443582,0.04875439952268277,0.1296810336141126,0.14548980176980464,0.011114900548546722,0.04708395371259375,5.5,FDR-supported in one cognition outcome
SDHB,3,2,1,0.005826716031675618,0.04718093069896629,0.12758989445185445,0.11690178986905583,0.15539654634395392,0.005826716031675618,0.04718093069896629,0.11690178986905583,0.03820511613106665,0.11133019509530569,0.11047134714255359,0.052317989235030955,0.12401803147682208,5.5,FDR-supported in one cognition outcome
GFER,3,2,1,0.009296311767456853,0.04729594950561892,0.11893969996675129,0.12515451789827148,0.08779109365681001,0.11662403250414113,0.26479153781957604,0.14387348834517236,0.009296311767456853,0.04729594950561892,0.12515451789827148,0.025958397146382307,0.07879991993884893,5.5,FDR-supported in one cognition outcome
PRODH,3,2,1,0.009708652977684952,0.04827944279663984,0.13089476255967106,0.141105385961792,0.10708991883799703,0.05778713954260347,0.17111725786887436,0.14448898287922415,0.009708652977684952,0.04827944279663984,0.141105385961792,0.012734060017660654,0.05010712282231214,5.5,FDR-supported in one cognition outcome
PCCA,3,2,1,0.010016659918122417,0.04867715849165732,0.1081538426838793,0.14017184828133605,0.040900648354233925,0.467681768890308,0.6267814784585026,0.1433890314160679,0.010016659918122417,0.04867715849165732,0.14017184828133605,0.012759518707758172,0.05010712282231214,5.5,FDR-supported in one cognition outcome
TIMM21,3,1,1,0.0033082986451028473,0.02242291303903041,0.11168447342899322,0.10940943195245482,0.05936860035568898,0.29171260882739464,0.47075315181140404,0.10940943195245482,0.05040239499169813,0.13214381494958105,0.16627538797883587,0.0033082986451028473,0.02242291303903041,4.5,FDR-supported in one cognition outcome
GLS,3,1,1,0.0017609031063858561,0.029371085829921685,0.12140796697014158,0.102722307569229,0.17395882052353046,0.0017609031063858561,0.029371085829921685,0.102722307569229,0.06603433155383377,0.15527066619297983,0.08754277281766529,0.12014499590765912,0.2242392007408372,4.5,FDR-supported in one cognition outcome
TIMM10B,3,1,1,0.0042110185594943245,0.042030376252107,0.11663381738245712,0.10758437342774659,0.15971496923159093,0.0042110185594943245,0.042030376252107,0.08260210948803386,0.1404750521555098,0.26079529947700425,0.10758437342774659,0.05815650605962303,0.13403829482255686,4.5,FDR-supported in one cognition outcome
RPL23A,3,1,1,0.005494774809370398,0.04612586193187077,0.11328039986465725,0.0945977866333747,0.15575491181435497,0.005494774809370398,0.04612586193187077,0.08948850114624209,0.11048121482718856,0.2224951779479013,0.0945977866333747,0.09675263245767492,0.19629414345625842,4.5,FDR-supported in one cognition outcome
DNAJC19,3,1,1,0.011830620274039642,0.04920462523066487,0.11473171828809527,0.10592527116307134,0.10592527116307134,0.05936196542993979,0.17243237577268222,0.09609690648802917,0.08594680118016308,0.18533539681844705,0.14217297721318528,0.011830620274039642,0.04920462523066487,4.5,FDR-supported in one cognition outcome
FAM162A,3,3,0,0.01214932026844634,0.05007490110643424,0.1297770409782605,0.1316569689120443,0.1155458215263016,0.040228862113100713,0.1354733780278588,0.1316569689120443,0.018633387384894617,0.06987520269335482,0.14212833249643564,0.01214932026844634,0.05007490110643424,3.5,Nominal across multiple cognition outcomes
MT-ND6,3,3,0,0.012383920112448463,0.05010712282231214,0.13229098030495134,0.13904403698407908,0.13904403698407908,0.01253857140625933,0.07401801830146637,0.11677441495511828,0.036133545338038565,0.10802133870753508,0.1410544889756567,0.012383920112448463,0.05010712282231214,3.5,Nominal across multiple cognition outcomes
OSGEPL1,3,3,0,0.012603257712360726,0.05010712282231214,0.12955615535003218,0.13007652634142838,0.11440111613152922,0.04170244622405926,0.13875541198186991,0.13007652634142838,0.022158686237822307,0.07909321599444619,0.14419082357713892,0.012603257712360726,0.05010712282231214,3.5,Nominal across multiple cognition outcomes
ACSF2,3,3,0,0.012636012891609425,0.05010712282231214,0.1286363367326298,0.12687949251460687,0.12687949251460687,0.022789250381546153,0.09835926461846571,0.11888538063139305,0.032635605198824545,0.10122569070143884,0.14014413705188955,0.012636012891609425,0.05010712282231214,3.5,Nominal across multiple cognition outcomes
IDH3B,3,3,0,0.013518012358925295,0.05218979455028121,0.12916426719889107,0.12723616934895107,0.1197055338938081,0.03347320529044592,0.12440428915274704,0.12723616934895107,0.02304617043049608,0.08017964237225822,0.14055109835391402,0.013518012358925295,0.05218979455028121,3.5,Nominal across multiple cognition outcomes
ACO2,3,3,0,0.007035269503939429,0.052764521279545715,0.1400479195127002,0.13833959620026315,0.1503041424622635,0.007035269503939429,0.052764521279545715,0.13150001987557397,0.01831464486172566,0.06896255163983118,0.13833959620026315,0.013984142190134309,0.05353761549779453,3.5,Nominal across multiple cognition outcomes
MRPS11,3,3,0,0.011304680128803644,0.05329681309040114,0.12721252924191725,0.1269423172036003,0.11259796703859835,0.046733010372384004,0.14951295276479498,0.14209730348355312,0.011304680128803644,0.05329681309040114,0.1269423172036003,0.02782625910728024,0.08160585603577378,3.5,Nominal across multiple cognition outcomes
TIMM10,3,3,0,0.014889256749944525,0.054899782381061295,0.134518594340552,0.13405559257772415,0.13405559257772415,0.019072898694992096,0.0898956176429005,0.12836234982842426,0.025058509278677546,0.08502422359201169,0.14113784061550755,0.014889256749944525,0.054899782381061295,3.5,Nominal across multiple cognition outcomes
CPT2,3,3,0,0.007963832124084193,0.05605312610413105,0.13300833000116952,0.12670476642814288,0.1474555855509205,0.007963832124084193,0.05605312610413105,0.12486463802444515,0.02457006982394401,0.08420080108205531,0.12670476642814288,0.023965686972493034,0.07535602604752964,3.5,Nominal across multiple cognition outcomes
MRPS33,3,3,0,0.012446285114137028,0.05665846208674319,0.1385297682746137,0.1351814431389916,0.1345474209996648,0.022090677910270497,0.09804180374940032,0.14586044068518467,0.012446285114137028,0.05665846208674319,0.1351814431389916,0.02196967747564594,0.07078258764160576,3.5,Nominal across multiple cognition outcomes
NDUFAB1,3,3,0,0.013200268358312112,0.05671436614310454,0.1363308702481102,0.13849167367771795,0.14115485840837133,0.013200268358312112,0.07548903467409739,0.12934607865824127,0.02231829490194423,0.07915209238480221,0.13849167367771795,0.01568599977452726,0.05671436614310454,3.5,Nominal across multiple cognition outcomes
NDUFS3,3,3,0,0.008282999216209055,0.05785453651016249,0.12935952891807972,0.12084987410648071,0.14712389659455039,0.008282999216209055,0.05785453651016249,0.12010481605320808,0.030870910702874038,0.09706832746779981,0.12084987410648071,0.03188497522324318,0.09088707890737541,3.5,Nominal across multiple cognition outcomes
TMEM126B,3,3,0,0.012922442694834958,0.058246478156522105,0.13219705642278984,0.1353394365622321,0.1206318091638776,0.03369720826624928,0.12440428915274704,0.1406199235422598,0.012922442694834958,0.058246478156522105,0.1353394365622321,0.0183009772937126,0.061791122596852495,3.5,Nominal across multiple cognition outcomes
FH,3,3,0,0.017855702192862085,0.0609625653226448,0.12526767459464397,0.12837874802339885,0.12837874802339885,0.021290065843421857,0.09549220709181862,0.11411380427879846,0.041139904333827734,0.11693462004470981,0.1333104714817346,0.017855702192862085,0.0609625653226448,3.5,Nominal across multiple cognition outcomes
MRPS26,3,3,0,0.01413943778201941,0.061902323304056275,0.12905389911010526,0.1277923148077497,0.1277923148077497,0.0221799490449463,0.09804180374940032,0.13663430575601263,0.01413943778201941,0.061902323304056275,0.12273507676655346,0.029709686813848026,0.08602646656541438,3.5,Nominal across multiple cognition outcomes
ATP5F1A,3,3,0,0.013598821640258935,0.06350776147979721,0.13171076830582362,0.13528893864094937,0.13877354365515926,0.013598821640258935,0.07574276592471069,0.13528893864094937,0.015981908785713223,0.06350776147979721,0.12106982262136222,0.033383330864118016,0.0928442180567416,3.5,Nominal across multiple cognition outcomes
BCS1L,3,3,0,0.01993020505413816,0.06489728692005842,0.12401618143046286,0.12118128085882313,0.12029346276906226,0.0310999408466291,0.11813666526979648,0.12118128085882313,0.029011092022647633,0.09413173475433541,0.13057380066350321,0.01993020505413816,0.06489728692005842,3.5,Nominal across multiple cognition outcomes
MRPS5,3,3,0,0.01816728084879116,0.06896255163983118,0.1290189011801652,0.13121198950833096,0.13121198950833096,0.0201001392123985,0.09117872392976825,0.1328417059315219,0.01816728084879116,0.06896255163983118,0.12300300810064274,0.03068018496293384,0.0885563698456923,3.5,Nominal across multiple cognition outcomes
HSPA9,3,3,0,0.012769980206623009,0.07419487514600256,0.12365368904256893,0.1188272793328765,0.13865442492196745,0.012769980206623009,0.07419487514600256,0.11347936287286284,0.04288735108868665,0.12000589066100394,0.1188272793328765,0.03697517428735653,0.09744033855253069,3.5,Nominal across multiple cognition outcomes
ME3,3,3,0,0.024294033352155523,0.07586703248198738,0.12359619850590087,0.1265682498365304,0.11712448045267405,0.03726052641876991,0.1306259834221244,0.1265682498365304,0.024500573527352916,0.08420080108205531,0.12709586522849814,0.024294033352155523,0.07586703248198738,3.5,Nominal across multiple cognition outcomes
MRPS18B,3,3,0,0.021062297985263677,0.07589646499599369,0.12470164843932159,0.12741229364750906,0.1161990613253933,0.04129812663780446,0.13841679807176221,0.13049359034506242,0.021062297985263677,0.07589646499599369,0.12741229364750906,0.026202166011895536,0.07879991993884893,3.5,Nominal across multiple cognition outcomes
HCCS,3,3,0,0.024584205863769602,0.07612970098980351,0.12203056539019536,0.1200611768210531,0.1200611768210531,0.031115777409858963,0.11813666526979648,0.11980628283425662,0.03111790413740087,0.0974139991290926,0.12622423651527634,0.024584205863769602,0.07612970098980351,3.5,Nominal across multiple cognition outcomes
ATPAF1,3,3,0,0.022820926561258902,0.07969903741813701,0.12095075948295544,0.11990640585819301,0.11990640585819301,0.0316759001276516,0.11878462547869349,0.1268102689067326,0.022820926561258902,0.07969903741813701,0.11613560368394071,0.044137050514397515,0.10769440325512994,3.5,Nominal across multiple cognition outcomes
WARS2,3,3,0,0.034650825625178926,0.09408161853720687,0.11581606430962649,0.11366826254633776,0.11264623841579541,0.048573564845503375,0.1526544960721116,0.11366826254633776,0.04511747487206326,0.12331680133501875,0.1211336919667463,0.034650825625178926,0.09408161853720687,3.5,Nominal across multiple cognition outcomes
MRPS25,3,3,0,0.025520271470266146,0.09601192160737088,0.12173158315516379,0.12309401679779765,0.12624959594229254,0.025520271470266146,0.10614112906951602,0.12309401679779765,0.029860497396816923,0.09601192160737088,0.11585113672540119,0.04332661885580404,0.10714555744070459,3.5,Nominal across multiple cognition outcomes
BNIP3,3,3,0,0.026406264968276083,0.09689245002993657,0.12187326969531623,0.12203019916039322,0.12568755110741026,0.026406264968276083,0.10786487699094918,0.12203019916039322,0.030497295747127576,0.09689245002993657,0.1179020588181452,0.03838672878157002,0.09950101086440953,3.5,Nominal across multiple cognition outcomes
THNSL1,3,2,0,0.012745481606878769,0.05010712282231214,0.12069283500651427,0.11623636863251481,0.1022081179623216,0.07305982128986208,0.1932800695044389,0.11623636863251481,0.04014554025421475,0.11566437542664604,0.1436340184247064,0.012745481606878769,0.05010712282231214,2.5,Nominal across multiple cognition outcomes
HIBCH,3,2,0,0.012523350925680573,0.05010712282231214,0.11798415314890358,0.11677133896347379,0.09463696846485899,0.09398914269227308,0.22751340096145467,0.11677133896347379,0.037217070485302595,0.10985038546468347,0.14254415201837795,0.012523350925680573,0.05010712282231214,2.5,Nominal across multiple cognition outcomes
SSBP1,3,2,0,0.012324682201244894,0.05010712282231214,0.11163332109978064,0.11639185118445844,0.11639185118445844,0.03677068689984697,0.12990416414424702,0.0771266874444739,0.16840489931654004,0.29609150444467247,0.14138142467040957,0.012324682201244894,0.05010712282231214,2.5,Nominal across multiple cognition outcomes
MTCH1,3,2,0,0.012387979682242771,0.05010712282231214,0.1033325582531724,0.11805854309074747,0.050939981163482695,0.3660466778552999,0.548171375184287,0.11805854309074747,0.0346244602177723,0.10421506940546597,0.14099915050528705,0.012387979682242771,0.05010712282231214,2.5,Nominal across multiple cognition outcomes
CLYBL,3,2,0,0.012502190289832057,0.05010712282231214,0.10112700960850285,0.12806613086902663,0.03447923361491928,0.5415328414553948,0.6969093529278289,0.12806613086902663,0.023830078867404667,0.08228121571198214,0.14083566434156264,0.012502190289832057,0.05010712282231214,2.5,Nominal across multiple cognition outcomes
TOMM5,3,2,0,0.012958284442766354,0.050670214808253046,0.11485155571219514,0.11545316815000095,0.11545316815000095,0.03887456806244237,0.1317415917671658,0.08966573435205707,0.10774534905694899,0.21859643988272356,0.13943576463452742,0.012958284442766354,0.050670214808253046,2.5,Nominal across multiple cognition outcomes
ACADM,3,2,0,0.013422825865961798,0.052041888420995955,0.11524786061182782,0.1208180315524833,0.08333500881821451,0.1440677424928884,0.3044387630046025,0.1208180315524833,0.0328342187197282,0.10149766935321386,0.14159054146478564,0.013422825865961798,0.052041888420995955,2.5,Nominal across multiple cognition outcomes
MRPL27,3,2,0,0.01409702452315837,0.053744905994541285,0.12294710179308267,0.1395814770539771,0.08598672810296258,0.12618849122844894,0.28005679751705004,0.1395814770539771,0.015562282908925185,0.06300333490698827,0.14327310022230832,0.01409702452315837,0.053744905994541285,2.5,Nominal across multiple cognition outcomes
MPV17,3,2,0,0.011887486080307522,0.054899782381061295,0.12464378370881361,0.13770509303441927,0.09613306282099827,0.08697465651898162,0.2168441708851994,0.1400931952710233,0.011887486080307522,0.055096610122855494,0.13770509303441927,0.014893571598654905,0.054899782381061295,2.5,Nominal across multiple cognition outcomes
TRUB1,3,2,0,0.015226829754592018,0.055508164244827476,0.11577295969538486,0.10924022093927734,0.10139408904631712,0.0704491178176546,0.1916557833512598,0.10924022093927734,0.04960580987920228,0.13044147563102346,0.1366845691005601,0.015226829754592018,0.055508164244827476,2.5,Nominal across multiple cognition outcomes
MTERF4,3,2,0,0.015224452745975513,0.055508164244827476,0.10908909059510616,0.11986147480053952,0.06338910155753237,0.2722037409070922,0.45650328822966124,0.11986147480053952,0.04162310618585859,0.1179106568422929,0.14401669542724657,0.015224452745975513,0.055508164244827476,2.5,Nominal across multiple cognition outcomes
MRPL17,3,2,0,0.015673935911154076,0.05671436614310454,0.11669040366878289,0.12464297774899659,0.08923247057052142,0.11231147634115338,0.2582035197290335,0.12464297774899659,0.02527496045576741,0.08502422359201169,0.13619576268683067,0.015673935911154076,0.05671436614310454,2.5,Nominal across multiple cognition outcomes
SDHAF2,3,2,0,0.016307787445069628,0.05806079965851638,0.12105990151396244,0.12195705568513016,0.10358433729245656,0.07264991233537287,0.1932403191478668,0.12195705568513016,0.032041088682194976,0.09971971477621905,0.13763831156430062,0.016307787445069628,0.05806079965851638,2.5,Nominal across multiple cognition outcomes
MRPS15,3,2,0,0.008666100686774994,0.05826078974751195,0.13041216088783972,0.13363066226469233,0.14838505619059292,0.008666100686774994,0.05826078974751195,0.13363066226469233,0.01751113398059223,0.0673222167741256,0.1092207642082339,0.05540715997810248,0.12966125672625003,2.5,Nominal across multiple cognition outcomes
MPC1,3,2,0,0.008738479090495943,0.05826078974751195,0.12783630721453643,0.12767728251175123,0.14961465859261824,0.008738479090495943,0.05826078974751195,0.10621698053923985,0.061052555760814746,0.14662227958305904,0.12767728251175123,0.026071365627619813,0.07879991993884893,2.5,Nominal across multiple cognition outcomes
TSFM,3,2,0,0.016765453416052917,0.05900149952187853,0.11659315338191713,0.11899711424861291,0.09556412900080924,0.08843063051922487,0.21817916673779908,0.11899711424861291,0.03341351123295969,0.10294061541467381,0.13521821689632924,0.016765453416052917,0.05900149952187853,2.5,Nominal across multiple cognition outcomes
TIMM23,3,2,0,0.016334009171033042,0.05967287389527213,0.11311840782889052,0.13639583258220417,0.06577840695168122,0.23524414334867838,0.4149862828298696,0.13639583258220417,0.016334009171033042,0.06387016406621894,0.13718098395278616,0.017151875228914284,0.05967287389527213,2.5,Nominal across multiple cognition outcomes
SDHA,3,2,0,0.017374358839444534,0.060217948250347535,0.11866867001276435,0.11402234441672564,0.10604553039125268,0.06277723736019053,0.17838873349246687,0.11402234441672564,0.043948159927467145,0.1215229705664581,0.13593813523031473,0.017374358839444534,0.060217948250347535,2.5,Nominal across multiple cognition outcomes
FOXRED1,3,2,0,0.013508842084586529,0.06029556345071549,0.12298775291392826,0.12364875865856992,0.10765117248209538,0.0555950781160875,0.166755697684618,0.1376633276011195,0.013508842084586529,0.06029556345071549,0.12364875865856992,0.028837326563565552,0.0843008108807108,2.5,Nominal across multiple cognition outcomes
NDUFA3,3,2,0,0.017639186451709477,0.06067614888463974,0.11749320136161573,0.11052437874317657,0.10878074724790573,0.051783607850637216,0.1590000039709163,0.11052437874317657,0.046620225344703524,0.12546325350118742,0.1331744780937649,0.017639186451709477,0.06067614888463974,2.5,Nominal across multiple cognition outcomes
NDUFV3,3,2,0,0.009344788720842769,0.06088484479067083,0.11905622762602044,0.12740528258609618,0.14582164889372715,0.009344788720842769,0.06088484479067083,0.08394175139823802,0.13452262800393563,0.25379011262598167,0.12740528258609618,0.02478942798413865,0.07612970098980351,2.5,Nominal across multiple cognition outcomes
PMPCA,3,2,0,0.018099667030153678,0.06156578190554132,0.11403971337919966,0.11070443047121233,0.11070443047121233,0.0489818479604107,0.15296379141220406,0.09757729271310242,0.08121122234777259,0.17905606854990821,0.13383741695328424,0.018099667030153678,0.06156578190554132,2.5,Nominal across multiple cognition outcomes
MRPL3,3,2,0,0.014833321455654743,0.06189529867404086,0.12255778578826897,0.13324153279662088,0.0984740068560838,0.0806220815844288,0.20596740845284817,0.13595781771210222,0.014833321455654743,0.06300333490698827,0.13324153279662088,0.018399476764305044,0.06189529867404086,2.5,Nominal across multiple cognition outcomes
LYRM4,3,2,0,0.01563033554523097,0.06234621770971959,0.12563789779952012,0.13624488148475866,0.10221639975737112,0.07623753419922119,0.19761287193282545,0.13845241215643053,0.01563033554523097,0.06300333490698827,0.13624488148475866,0.018601658398637647,0.06234621770971959,2.5,Nominal across multiple cognition outcomes
MRPL13,3,2,0,0.014665715489597598,0.0630006087933418,0.09059919999319793,0.1150953022623333,0.019276792329644493,0.7335369094425854,0.8521608346825127,0.137425505387616,0.014665715489597598,0.0630006087933418,0.1150953022623333,0.04374249996853608,0.10751722584986731,2.5,Nominal across multiple cognition outcomes
TRMT5,3,2,0,0.01519429562360653,0.06300333490698827,0.1238485366654113,0.13552703250415596,0.09770063989030262,0.09189085554079866,0.22361737452082653,0.13831793760177533,0.01519429562360653,0.06300333490698827,0.13552703250415596,0.01910343768657865,0.06333204885224443,2.5,Nominal across multiple cognition outcomes
ACSF3,3,2,0,0.015618228273845286,0.06300333490698827,0.10518896559661174,0.12072824112247814,0.06045816822037676,0.2809569332512152,0.4622094828562712,0.13438048744698033,0.015618228273845286,0.06300333490698827,0.12072824112247814,0.03261790649420476,0.09186804124144919,2.5,Nominal across multiple cognition outcomes
MRPL16,3,2,0,0.01597248460340276,0.06350776147979721,0.1118548967820648,0.12178885208342594,0.0770837282220363,0.1789742987435223,0.35046007598194895,0.13669211004073215,0.01597248460340276,0.06350776147979721,0.12178885208342594,0.03461030742121583,0.09408161853720687,2.5,Nominal across multiple cognition outcomes
MT-ND4,3,2,0,0.016754441910090796,0.06523538020311949,0.10848546413615888,0.13206630563216523,0.056186322675255085,0.3234778316840238,0.5059525059673192,0.13720376410105634,0.016754441910090796,0.06523538020311949,0.13206630563216523,0.024081067674597934,0.07545951000772984,2.5,Nominal across multiple cognition outcomes
COX5A,3,2,0,0.017616292969711404,0.06744312998864407,0.11457149313947129,0.11207927285506587,0.10011916411029387,0.0734348219569673,0.19363937201909243,0.13151604245305412,0.017616292969711404,0.06744312998864407,0.11207927285506587,0.046205301031364304,0.111551056579679,2.5,Nominal across multiple cognition outcomes
SLC25A6,3,2,0,0.018148265650725547,0.06896255163983118,0.12466842298283173,0.13072839309256923,0.1086520287869842,0.05691196649820412,0.16907288748654795,0.13462484706894176,0.018148265650725547,0.06896255163983118,0.13072839309256923,0.02377043410343048,0.07499981794703066,2.5,Nominal across multiple cognition outcomes
SLC25A25,3,2,0,0.021708220700111455,0.07018735668057237,0.11607836647148315,0.12442179330911476,0.09475559061023998,0.0907180872290695,0.22194398346149355,0.12442179330911476,0.025110923305440833,0.08502422359201169,0.1290577154950947,0.021708220700111455,0.07018735668057237,2.5,Nominal across multiple cognition outcomes
MRPS24,3,2,0,0.022082076155047255,0.07089508660304646,0.1213275618182141,0.1301476815348071,0.09375606432913586,0.12633407226849186,0.28005679751705004,0.1301476815348071,0.03083471411799853,0.09706832746779981,0.14007893959069934,0.022082076155047255,0.07089508660304646,2.5,Nominal across multiple cognition outcomes
NDUFA11,3,2,0,0.022735742544857326,0.0727384770228827,0.10507205976631462,0.112527671404645,0.07550406197514592,0.17629580076397205,0.34828893051860527,0.112527671404645,0.04190150662500799,0.11833295852432811,0.12718444591915296,0.022735742544857326,0.0727384770228827,2.5,Nominal across multiple cognition outcomes
HSPD1,3,2,0,0.013681319300472979,0.07574276592471069,0.11712906420031756,0.11383305219162095,0.1376597143706926,0.013681319300472979,0.07574276592471069,0.09989442603863914,0.07527734979347707,0.17134023647022767,0.11383305219162095,0.04386472005633258,0.10751722584986731,2.5,Nominal across multiple cognition outcomes
MRPS6,3,2,0,0.013926058048419324,0.07584728044228381,0.11962525316871936,0.11249164539635716,0.137660168985226,0.013926058048419324,0.07584728044228381,0.11249164539635716,0.04354797076142382,0.12111365728481092,0.1087239451245749,0.053732575398032514,0.1267147074463911,2.5,Nominal across multiple cognition outcomes
MRPL30,3,2,0,0.02106852689506273,0.07589646499599369,0.11796413379702034,0.12881471606470313,0.09383599299778815,0.09433861095938238,0.22765358953105053,0.13124169232856975,0.02106852689506273,0.07589646499599369,0.12881471606470313,0.02647570671032897,0.07904565923787049,2.5,Nominal across multiple cognition outcomes
DIABLO,3,2,0,0.024541643008267517,0.07612970098980351,0.11276878391012311,0.11852547150365358,0.11852547150365358,0.03694498810286646,0.13001793890047236,0.08907730496251273,0.11726501029385111,0.2312445784889521,0.13070357526420304,0.024541643008267517,0.07612970098980351,2.5,Nominal across multiple cognition outcomes
FASTKD5,3,2,0,0.02626663997961631,0.07879991993884893,0.1160112105079231,0.12064835133114195,0.12064835133114195,0.03081072730660548,0.11813666526979648,0.10256187669480303,0.06533965783772024,0.15408707969462376,0.12482340349782431,0.02626663997961631,0.07879991993884893,2.5,Nominal across multiple cognition outcomes
MRPS31,3,2,0,0.026252952001869292,0.07879991993884893,0.11474390328966898,0.11658524414161806,0.10224643309061243,0.06883572766386409,0.18914321565295988,0.11658524414161806,0.03647933733402004,0.10802133870753508,0.12540003263677643,0.026252952001869292,0.07879991993884893,2.5,Nominal across multiple cognition outcomes
COA6,3,2,0,0.02652133047653141,0.07904565923787049,0.11878824106052083,0.12349518620371884,0.12349518620371884,0.027339803560482677,0.10933236501668846,0.10804764409253541,0.053042090947473884,0.13638235543003574,0.12482189288530825,0.02652133047653141,0.07904565923787049,2.5,Nominal across multiple cognition outcomes
TOMM20,3,2,0,0.022215253017019314,0.07909321599444619,0.11422387501440327,0.119509616765942,0.09543998753056374,0.08846390257893275,0.21817916673779908,0.12772202074670408,0.022215253017019314,0.07909321599444619,0.119509616765942,0.03455080829820264,0.09408161853720687,2.5,Nominal across multiple cognition outcomes
SHMT2,3,2,0,0.022621154363947894,0.07969903741813701,0.09616868465208285,0.11613622009151313,0.045622948842783353,0.41722663380213254,0.5894619875155408,0.12674688502195205,0.022621154363947894,0.07969903741813701,0.11613622009151313,0.03901793941707921,0.10028487237816708,2.5,Nominal across multiple cognition outcomes
ARMC10,3,2,0,0.026941369070709105,0.0800368594146066,0.11415064623630916,0.11444684530852177,0.11444684530852177,0.04155998823131926,0.13875541198186991,0.1030272639762803,0.06513464272379556,0.15400051186633834,0.12497782942412543,0.026941369070709105,0.0800368594146066,2.5,Nominal across multiple cognition outcomes
MT-ND3,3,2,0,0.02706082726840955,0.08013157589189236,0.10672210586104448,0.120778484830878,0.07148975310606652,0.2140646686429059,0.38956492770131723,0.120778484830878,0.03393897124296085,0.10320720586827631,0.12789807964618893,0.02706082726840955,0.08013157589189236,2.5,Nominal across multiple cognition outcomes
LYRM7,3,2,0,0.027291564671817366,0.08055413443455771,0.08354549871638045,0.11832807174419971,0.007673077369238744,0.8914604519468887,0.9354200843250037,0.11832807174419971,0.033648137630589596,0.10320720586827631,0.12463534703570289,0.027291564671817366,0.08055413443455771,2.5,Nominal across multiple cognition outcomes
DHRS4,3,2,0,0.029405201431373578,0.08568713155957587,0.08324877805090596,0.11134682442423294,0.015080893022506776,0.787772505414725,0.8844668366567044,0.11134682442423294,0.04523615361237655,0.12331680133501875,0.12331861670597814,0.029405201431373578,0.08568713155957587,2.5,Nominal across multiple cognition outcomes
NDUFA5,3,2,0,0.031135882607886307,0.0895890961830691,0.11032881582772681,0.1103485402456882,0.09997297643198813,0.07308732682900093,0.1932800695044389,0.1103485402456882,0.04645498161747123,0.12538733976397104,0.12066493080550413,0.031135882607886307,0.0895890961830691,2.5,Nominal across multiple cognition outcomes
COQ10A,3,2,0,0.030183749564190187,0.09018086206203127,0.08732354310276129,0.1221430131490651,0.01642121163900873,0.7665653103889051,0.8713133652246561,0.1221430131490651,0.030183749564190187,0.09656689108823084,0.12340640452021005,0.0314401038227191,0.09018086206203127,2.5,Nominal across multiple cognition outcomes
SLC25A13,3,2,0,0.027561053285331656,0.09023600728163456,0.10837041431581237,0.11699641859592157,0.08557419607583772,0.12750366655028728,0.2812744797198846,0.12254062827567783,0.027561053285331656,0.09023600728163456,0.11699641859592157,0.03749060553506855,0.09801115447025063,2.5,Nominal across multiple cognition outcomes
RPS15A,3,2,0,0.027579457541732726,0.09023600728163456,0.09169989182878634,0.11850697268623335,0.030090747487507962,0.5976858932283942,0.7491542360328501,0.1265019553126177,0.027579457541732726,0.09023600728163456,0.11850697268623335,0.04060131611240089,0.10274194326830205,2.5,Nominal across multiple cognition outcomes
MRPL50,3,2,0,0.02007405748011142,0.09117872392976825,0.11690299556920468,0.1152710605385646,0.12948695658454415,0.02007405748011142,0.09117872392976825,0.1152710605385646,0.03739675271335756,0.11002581586084298,0.10595096958450527,0.058718245796507376,0.13465462381905827,2.5,Nominal across multiple cognition outcomes
MIPEP,3,2,0,0.020129073479577254,0.09117872392976825,0.11211530003338077,0.11553693410640455,0.12977548724165713,0.020129073479577254,0.09117872392976825,0.09103347875208063,0.10285721698300862,0.21154547844089913,0.11553693410640455,0.040951905549792174,0.1030758741853559,2.5,Nominal across multiple cognition outcomes
ME2,3,2,0,0.03279208795142956,0.09203914256306149,0.11284291931144727,0.11722726349331479,0.09739291859444617,0.08506871586820634,0.2144294077669664,0.11722726349331479,0.04042050988747449,0.1159397070440099,0.12390857584658085,0.03279208795142956,0.09203914256306149,2.5,Nominal across multiple cognition outcomes
C15ORF61,3,2,0,0.03291866079380498,0.09211184901018825,0.14052032778647902,0.1510135295558323,0.10872704608784037,0.1047746965018552,0.24518886777288365,0.1510135295558323,0.03976521745326228,0.11514295560042717,0.16182040771576442,0.03291866079380498,0.09211184901018825,2.5,Nominal across multiple cognition outcomes
MRPS21,3,2,0,0.020794153654990252,0.09372734282914326,0.13474311717862336,0.13433143934296152,0.15060961171202628,0.020794153654990252,0.09372734282914326,0.1192883004808823,0.059132108891115594,0.1449749257021757,0.13433143934296152,0.0355667831394603,0.09543579640060462,2.5,Nominal across multiple cognition outcomes
UQCR10,3,2,0,0.03476231063033177,0.09410507167678571,0.11246292240356298,0.11737855621460137,0.11737855621460137,0.035202742456845945,0.12681302892918914,0.10141611613461295,0.06751367313900336,0.15799235529971375,0.11859409486147464,0.03476231063033177,0.09410507167678571,2.5,Nominal across multiple cognition outcomes
FAM136A,3,2,0,0.03542675758381656,0.09543579640060462,0.11133123448231884,0.11184150154646093,0.11184150154646093,0.04494977749949386,0.14567512075705885,0.1036483163486479,0.061569226328527966,0.14747602641519134,0.11850388555184767,0.03542675758381656,0.09543579640060462,2.5,Nominal across multiple cognition outcomes
FLAD1,3,2,0,0.035991901224239974,0.09573427215168481,0.09977838117151192,0.11738714518951032,0.0617693845882464,0.2837416021376736,0.4636135106356631,0.11738714518951032,0.03784358763368351,0.11098359834878337,0.120178613736779,0.035991901224239974,0.09573427215168481,2.5,Nominal across multiple cognition outcomes
GADD45GIP1,3,2,0,0.03083777967860876,0.09706832746779981,0.10245884707715146,0.11656774604692641,0.07047388610485844,0.21053762998077885,0.38595336551724063,0.12033490907966951,0.03083777967860876,0.09706832746779981,0.11656774604692641,0.0391893603590776,0.10044331856738377,2.5,Nominal across multiple cognition outcomes
OCIAD1,3,2,0,0.03827594989838494,0.09949572203699494,0.09981215645770554,0.1104804200368622,0.07130373245214745,0.20681643122790724,0.38152627938212724,0.1104804200368622,0.049610528436717115,0.13044147563102346,0.11765231688410696,0.03827594989838494,0.09949572203699494,2.5,Nominal across multiple cognition outcomes
PPM1K,3,2,0,0.0344213657907887,0.1015881771574228,0.11315037323715026,0.11667032789480834,0.1191815099465812,0.0344213657907887,0.12548027768355244,0.10359928187006125,0.0649839929550174,0.15400051186633834,0.11667032789480834,0.03976713596242796,0.1015881771574228,2.5,Nominal across multiple cognition outcomes
CYCS,3,2,0,0.03863050170624242,0.1015881771574228,0.09562357067400548,0.11513510060739235,0.05591920143604664,0.319024097440199,0.5009086672015141,0.11513510060739235,0.03863050170624242,0.11221240971813275,0.11581640997857746,0.03985809355138228,0.1015881771574228,2.5,Nominal across multiple cognition outcomes
CMC2,3,2,0,0.04032214199999817,0.10248544424999535,0.08568905172827887,0.1130653860112432,0.02730747841950275,0.6270823682832782,0.7743324790542504,0.1130653860112432,0.04412511749844024,0.12160988708154463,0.11669429075409064,0.04032214199999817,0.10248544424999535,2.5,Nominal across multiple cognition outcomes
MTIF2,3,2,0,0.03127029241386886,0.10320720586827631,0.1132683449870944,0.11783410701461416,0.12041326794286097,0.03127029241386886,0.11823271718466945,0.11783410701461416,0.033951222914044996,0.10320720586827631,0.10155766000380806,0.07132290589940968,0.15428004467602802,2.5,Nominal across multiple cognition outcomes
MGST3,3,2,0,0.02623205895213447,0.10763378448969974,0.11162396592838242,0.11423266398488167,0.12589818432872701,0.02623205895213447,0.10763378448969974,0.11423266398488167,0.04259712441087545,0.11955941360721177,0.09474104947153858,0.09742046296034367,0.19677643180731666,2.5,Nominal across multiple cognition outcomes
MRPL4,3,2,0,0.014521897251963423,0.06267705653559685,0.0872277857924811,0.12685692420083727,-0.006048610250175083,0.9142876950041086,0.9506514101463175,0.1408750434267811,0.014521897251963423,0.06267705653559685,0.12685692420083727,0.029680738635794898,0.08602646656541438,2,Nominal across multiple cognition outcomes
TOMM40,3,1,0,0.016025726379086454,0.057504077007310216,0.1027979308952977,0.10638410756448936,0.06645362959490943,0.23538566206415554,0.4149862828298696,0.10638410756448936,0.055457431994097736,0.13940535789725117,0.13555605552649433,0.016025726379086454,0.057504077007310216,1.5,Nominal in one cognition outcome
LYRM9,3,1,0,0.017137787868936362,0.05967287389527213,0.09535885071677037,0.10756240588073959,0.04360088210135149,0.43707538981128047,0.5995861794262692,0.10756240588073959,0.052978505648544026,0.13638235543003574,0.13491326416822005,0.017137787868936362,0.05967287389527213,1.5,Nominal in one cognition outcome
FASTKD1,3,1,0,0.015396267851667044,0.06300333490698827,0.13082310603791544,0.13286329849960135,0.09361184206018741,0.15054315796388634,0.3116447727080453,0.1659941775539576,0.015396267851667044,0.06300333490698827,0.13286329849960135,0.05425610828873531,0.12729317713895594,1.5,Nominal in one cognition outcome
IVD,3,1,0,0.01969056417054622,0.0645765814195333,0.11379567345727473,0.1076887044244803,0.1076887044244803,0.058009831261355206,0.17122256646496778,0.10036593922850741,0.07549384110455329,0.17139816503749924,0.1333323767188365,0.01969056417054622,0.0645765814195333,1.5,Nominal in one cognition outcome
CCDC127,3,1,0,0.02044449797762091,0.06633587109759977,0.09934794824634521,0.08585774141059935,0.08585774141059935,0.12640815013611112,0.28005679751705004,0.08107604714652877,0.14627257877808858,0.26929458668400613,0.13111005618190752,0.02044449797762091,0.06633587109759977,1.5,Nominal in one cognition outcome
ADCK1,3,1,0,0.023072790190960302,0.0733041771691968,0.10513749758125691,0.10024231892738754,0.08481892738921365,0.13624295960802704,0.2938252740373489,0.10024231892738754,0.07611258238037845,0.17153451447794651,0.13035124642716955,0.023072790190960302,0.0733041771691968,1.5,Nominal in one cognition outcome
MTX1,3,1,0,0.014595475085774598,0.07764453315978928,0.09727293116402175,0.08021405920716866,0.13710007028691834,0.014595475085774598,0.07764453315978928,0.07450466399797825,0.18366918785725003,0.3149655579789639,0.08021405920716866,0.16074663325031432,0.2789443785107247,1.5,Nominal in one cognition outcome
DNAJC11,3,1,0,0.014922714873668782,0.07775374463067741,0.11178540393992856,0.100043975381975,0.13739286868195907,0.014922714873668782,0.07775374463067741,0.0979193677558516,0.0842090283942985,0.18258592649474675,0.100043975381975,0.081838763055042,0.1725402492980724,1.5,Nominal in one cognition outcome
UNG,3,1,0,0.02581122991348139,0.07872425123611823,0.09852256751481286,0.09132622829631795,0.09132622829631795,0.10201921399583652,0.24088832083057593,0.07961659763547316,0.15162683736079965,0.2763716258667962,0.12462487661264747,0.02581122991348139,0.07872425123611823,1.5,Nominal in one cognition outcome
PIGBOS1,3,1,0,0.015338523948439875,0.07884690681360947,0.10783487153089419,0.10605054636728349,0.13681068876820848,0.015338523948439875,0.07884690681360947,0.08064337945719058,0.16143632693272383,0.28963576302635746,0.10605054636728349,0.06791344723497278,0.14780764625437118,1.5,Nominal in one cognition outcome
MUL1,3,1,0,0.022752554343395622,0.07969903741813701,0.09974392729690872,0.09986538819078325,0.07129830450041136,0.2052189900618054,0.3794813628056484,0.12806808919953155,0.022752554343395622,0.07969903741813701,0.09986538819078325,0.08087700754247906,0.17130199514205632,1.5,Nominal in one cognition outcome
GDAP1,3,1,0,0.015630352221869804,0.07989816917883168,0.09740638901706755,0.086473845755252,0.1352965176035494,0.015630352221869804,0.07989816917883168,0.07044880369240125,0.21148028681452877,0.34616182904345943,0.086473845755252,0.12522992577980752,0.2310189155010562,1.5,Nominal in one cognition outcome
RFK,3,1,0,0.01720344915123737,0.08433451447425103,0.10970225170832265,0.09870867659568278,0.1351295463426453,0.01720344915123737,0.08433451447425103,0.09526853218663989,0.09336363519026439,0.197292670205755,0.09870867659568278,0.08643785539924123,0.17923692995904544,1.5,Nominal in one cognition outcome
ACAD9,3,1,0,0.026571050850566023,0.08820432930284496,0.11192836686931472,0.10591654804317817,0.10591654804317817,0.062343998360209485,0.17770952803611115,0.12553340518101028,0.026571050850566023,0.08820432930284496,0.10433514738375572,0.07327519465650877,0.15775718378989534,1.5,Nominal in one cognition outcome
RPS6,3,1,0,0.01904917052427492,0.0898956176429005,0.1054320994023423,0.09224576341258918,0.13238945350795361,0.01904917052427492,0.0898956176429005,0.09224576341258918,0.1038722872512257,0.21263893535081727,0.09166108128648409,0.11534398876848954,0.21941735909182522,1.5,Nominal in one cognition outcome
GRSF1,3,1,0,0.027613204414052104,0.09023600728163456,0.10865324049373085,0.10725523027115823,0.09255914840065332,0.10866750321492723,0.2523623488366965,0.126145342809381,0.027613204414052104,0.09023600728163456,0.10725523027115823,0.0648794578175937,0.14347081596372394,1.5,Nominal in one cognition outcome
ETFB,3,1,0,0.020062231902965348,0.09117872392976825,0.103228371797638,0.09190105927694818,0.12939290581727927,0.020062231902965348,0.09117872392976825,0.08839115029868652,0.1136570467092414,0.22706593392785127,0.09190105927694818,0.10473726991741864,0.20609591822459797,1.5,Nominal in one cognition outcome
NDUFB3,3,1,0,0.03231386623359345,0.09182356398676399,0.10909076834408797,0.10822193061630313,0.10822193061630313,0.05347497834324048,0.1620185602121359,0.098509873481947,0.07747757735150916,0.1729072762844656,0.12054050093401378,0.03231386623359345,0.09182356398676399,1.5,Nominal in one cognition outcome
ABHD10,3,1,0,0.03321679881314725,0.09266271620131016,0.10351908036451618,0.10605820763298511,0.08412868553900461,0.13361087854623452,0.2892679000294693,0.10605820763298511,0.056925489700750925,0.14115670210348805,0.12037034792155882,0.03321679881314725,0.09266271620131016,1.5,Nominal in one cognition outcome
MICU1,3,1,0,0.033591198763407125,0.09307375004430468,0.09916589384532778,0.10768599814568601,0.07035878550801077,0.20872766976103294,0.38427729945944694,0.10768599814568601,0.0544438516913643,0.1376136030320396,0.11945289788228657,0.033591198763407125,0.09307375004430468,1.5,Nominal in one cognition outcome
SAMM50,3,1,0,0.0338532296708529,0.09307375004430468,0.09278845190899893,0.10635554769324924,0.051853556840155954,0.3576978791538231,0.5400883818906735,0.10635554769324924,0.057568934742291994,0.1423664197005329,0.12015625119359159,0.0338532296708529,0.09307375004430468,1.5,Nominal in one cognition outcome
FUNDC2,3,1,0,0.03387274181940269,0.09307375004430468,0.09088012644386508,0.07810302078754637,0.07378682279882762,0.1932816675243992,0.366822672497091,0.07810302078754637,0.1662500455294475,0.2953762944843582,0.12075053574522124,0.03387274181940269,0.09307375004430468,1.5,Nominal in one cognition outcome
CISD3,3,1,0,0.03409462313281627,0.09340293463032003,0.09068519899793466,0.09963259550917679,0.05276383898810587,0.34958803908338776,0.5340117792342234,0.09963259550917679,0.07720617332522917,0.17272285719458358,0.11965916249652134,0.03409462313281627,0.09340293463032003,1.5,Nominal in one cognition outcome
ACAD10,3,1,0,0.03551666252694089,0.09543579640060462,0.1159998501192949,0.11068319683133152,0.08885278570850534,0.19384781125747053,0.366822672497091,0.11068319683133152,0.11687583999032228,0.23097493216229997,0.14846356781804784,0.03551666252694089,0.09543579640060462,1.5,Nominal in one cognition outcome
PGAM5,3,1,0,0.035765963450896464,0.095689639057223,0.09392557020646375,0.09943744956080926,0.06408070983283336,0.25444760706408265,0.4392821895540295,0.09943744956080926,0.07451925110664204,0.17070279017590895,0.11825855122574865,0.035765963450896464,0.095689639057223,1.5,Nominal in one cognition outcome
SCO1,3,1,0,0.0363308281048781,0.09635567453902452,0.09907596182788321,0.10027291775221919,0.10027291775221919,0.07260495570182507,0.1932403191478668,0.07938215227795296,0.15506140838817575,0.2801604031738121,0.11757281545347749,0.0363308281048781,0.09635567453902452,1.5,Nominal in one cognition outcome
C3ORF33,3,1,0,0.03679929804691204,0.0973160627541171,0.07509723932642287,0.08335690196665922,0.023227002043571685,0.6786631576335043,0.8096177173854712,0.08335690196665922,0.14008912184347294,0.26079529947700425,0.1187078139690377,0.03679929804691204,0.0973160627541171,1.5,Nominal in one cognition outcome
ARMCX1,3,1,0,0.037059276301946095,0.09744033855253069,0.1023196123713859,0.10894288393072925,0.07849779918649501,0.15782234385659935,0.3230591602433745,0.10894288393072925,0.053792769043525535,0.13699432432110586,0.11951815399693343,0.037059276301946095,0.09744033855253069,1.5,Nominal in one cognition outcome
COA7,3,1,0,0.037623436689970244,0.09807818966188825,0.06398360414131485,0.04849290765106708,0.02355525672635148,0.6813640266140579,0.8117813598331549,0.04849290765106708,0.39587668029099354,0.5463456447454889,0.119902648046526,0.037623436689970244,0.09807818966188825,1.5,Nominal in one cognition outcome
RPS8,3,1,0,0.022506253185793756,0.09835926461846571,0.08592355714202302,0.06387569200415946,0.13221932668374317,0.022506253185793756,0.09835926461846571,0.06387569200415946,0.2696404257303903,0.41675842828261345,0.06167565273816643,0.29269470651381857,0.43406103153994163,1.5,Nominal in one cognition outcome
SIRT5,3,1,0,0.022734920113502182,0.09835926461846571,0.07189077852549584,0.05572258657293639,0.12765869665996632,0.022734920113502182,0.09835926461846571,0.03229105234358483,0.5643813952422658,0.6931664116062727,0.05572258657293639,0.3245779373891291,0.46769891765520183,1.5,Nominal in one cognition outcome
MOCS1,3,1,0,0.038549013683110867,0.0996393997741425,0.10010632278352635,0.09451691356646608,0.09451691356646608,0.09114059300567463,0.2223830469338461,0.08870892571869846,0.11456723634962424,0.22838566723291107,0.11709312906541453,0.038549013683110867,0.0996393997741425,1.5,Nominal in one cognition outcome
TMEM11,3,1,0,0.038864775518550464,0.1001725904210526,0.08491268407911842,0.09156847991235655,0.04565841955658573,0.41809926764763494,0.5894619875155408,0.09156847991235655,0.10421123017153401,0.21284213305123578,0.117511152768413,0.038864775518550464,0.1001725904210526,1.5,Nominal in one cognition outcome
NDUFA9,3,1,0,0.02384835892396549,0.10102429821957602,0.10234456334701288,0.09084419439852719,0.1271410315459494,0.02384835892396549,0.10102429821957602,0.09084419439852719,0.10663843029107037,0.2168314749251764,0.08904846409656202,0.1161175504467748,0.2202998574025813,1.5,Nominal in one cognition outcome
ETHE1,3,1,0,0.024462337332202794,0.10223299583311783,0.10318724427967275,0.09723080050118182,0.1257909493153285,0.024462337332202794,0.10223299583311783,0.08653998302250794,0.12281376368781895,0.2380817664710897,0.09723080050118182,0.0867780983298985,0.17923692995904544,1.5,Nominal in one cognition outcome
TIMM9,3,1,0,0.024468880969893775,0.10223299583311783,0.097348805780144,0.10131974436110708,0.12586914377092664,0.024468880969893775,0.10223299583311783,0.06485752920839828,0.25562114324442176,0.39845544475067446,0.10131974436110708,0.07902297015733266,0.1685454957901151,1.5,Nominal in one cognition outcome
SLC25A16,3,1,0,0.040647632200136986,0.10274194326830205,0.0895986295257689,0.1193720855061273,0.018088195736744354,0.7888350776178887,0.8845393333582944,0.1193720855061273,0.058660501080120137,0.1442859099148116,0.13133560733443506,0.040647632200136986,0.10274194326830205,1.5,Nominal in one cognition outcome
FKBP8,3,1,0,0.04100504721690661,0.1030758741853559,0.07621275117296805,0.09785908570592168,0.015166352627544918,0.7878037943991412,0.8844668366567044,0.09785908570592168,0.07987860748776258,0.1774003054643271,0.11561281518543756,0.04100504721690661,0.1030758741853559,1.5,Nominal in one cognition outcome
PPTC7,3,1,0,0.03389751340252128,0.10320720586827631,0.09276729963773467,0.10529989233247844,0.05322986435071353,0.3415500166425032,0.5261250256361791,0.11977214223001202,0.03389751340252128,0.10320720586827631,0.10529989233247844,0.06558274834459894,0.1442505161906443,1.5,Nominal in one cognition outcome
RPS10,3,1,0,0.04133419852165866,0.10361860725292514,0.09909746693577037,0.10686591689799807,0.07422880583558122,0.18998224990338922,0.3629097258071005,0.10686591689799807,0.057793444307825965,0.14253639229558154,0.11619767807373182,0.04133419852165866,0.10361860725292514,1.5,Nominal in one cognition outcome
POLRMT,3,1,0,0.03438157633209003,0.10382555228997485,0.1004681555974468,0.10663393526985382,0.07651263565570647,0.17979472088747925,0.35046007598194895,0.11825789586678014,0.03438157633209003,0.10382555228997485,0.10663393526985382,0.05938422062654351,0.13550264806306062,1.5,Nominal in one cognition outcome
HSPE1,3,1,0,0.04191311567930318,0.10456505445032768,0.09496848696561613,0.08898960611803886,0.07889504717858438,0.16500928272643134,0.3311685758317776,0.08898960611803886,0.11752182169140175,0.23125261687662926,0.11702080760022518,0.04191311567930318,0.10456505445032768,1.5,Nominal in one cognition outcome
MRPL40,3,1,0,0.0419863296884311,0.10456505445032768,0.08778082859417013,0.09961317042696839,0.0470429450794158,0.40557981032428847,0.5834992554193773,0.09961317042696839,0.07719563979170059,0.17272285719458358,0.11668637027612622,0.0419863296884311,0.10456505445032768,1.5,Nominal in one cognition outcome
HSD17B10,3,1,0,0.04219922982003423,0.10464036662691414,0.10858274765189917,0.10845194356063406,0.10202929767022773,0.07081185080436404,0.19169480321299734,0.10845194356063406,0.05309749462297468,0.13638235543003574,0.11526700172483571,0.04219922982003423,0.10464036662691414,1.5,Nominal in one cognition outcome
SLC25A19,3,1,0,0.03518279531180902,0.10554838593542706,0.08370514556993036,0.086637003172502,0.04538210690843765,0.42823870515344487,0.5944535552901885,0.11909632662885142,0.03518279531180902,0.10554838593542706,0.086637003172502,0.1301918365897641,0.23683807972965443,1.5,Nominal in one cognition outcome
MRPS2,3,1,0,0.025661148234011572,0.10624412051638277,0.09994416646294002,0.0902618003146306,0.12710134780376436,0.025661148234011572,0.10624412051638277,0.0824693512704251,0.14728174893812554,0.2706080326875198,0.0902618003146306,0.11703927437008513,0.2202998574025813,1.5,Nominal in one cognition outcome
RPS11,3,1,0,0.04394693165885287,0.10751722584986731,0.1028383590502557,0.10778613259940069,0.10778613259940069,0.0586135880090656,0.17189561868043274,0.08465023670171876,0.13760970577669202,0.2569650628279045,0.11607870784964767,0.04394693165885287,0.10751722584986731,1.5,Nominal in one cognition outcome
TIMM22,3,1,0,0.036318341673042306,0.10802133870753508,0.08697555961122648,0.10864187318038197,0.034245752651308276,0.547804120913305,0.7013743854696052,0.11803905300198918,0.036318341673042306,0.10802133870753508,0.10864187318038197,0.05674015376470013,0.13176964643325031,1.5,Nominal in one cognition outcome
COX6C,3,1,0,0.02736296348505099,0.10933236501668846,0.10804327352930969,0.10585070451924411,0.12413377444084288,0.02736296348505099,0.10933236501668846,0.10585070451924411,0.059656847006135855,0.1449749257021757,0.09414534162784208,0.09964867015838336,0.1995153899232402,1.5,Nominal in one cognition outcome
EXOG,3,1,0,0.04611281019351396,0.111551056579679,0.08685693732633896,0.10445545970969891,0.043997078060953196,0.43211213652888525,0.5956026993810256,0.10445545970969891,0.05973283824013142,0.1449749257021757,0.11211827420836477,0.04611281019351396,0.111551056579679,1.5,Nominal in one cognition outcome
CMC1,3,1,0,0.04588433479350874,0.111551056579679,0.07884008618692306,0.06080656296083299,0.06080656296083299,0.27921786019228373,0.4622094828562712,0.05881995938854447,0.31147532614038703,0.45819923379172695,0.11689373621139174,0.04588433479350874,0.111551056579679,1.5,Nominal in one cognition outcome
HADHA,3,1,0,0.029081931094694292,0.11469813341226413,0.08632395573419165,0.07844539187106564,0.12306942626392568,0.029081931094694292,0.11469813341226413,0.07844539187106564,0.16521770373901748,0.29411322747315366,0.05745704906758363,0.31634873245515566,0.45945887332772606,1.5,Nominal in one cognition outcome
SIRT3,3,1,0,0.048019121649459456,0.11501962384621833,0.09429781120280574,0.0970368033500569,0.0970368033500569,0.08617326615376684,0.21543316538441712,0.07206501913251567,0.20137963131578754,0.3344144512775782,0.11379161112584464,0.048019121649459456,0.11501962384621833,1.5,Nominal in one cognition outcome
GPT2,3,1,0,0.02961547169455578,0.115804088036404,0.09340874647556742,0.08404222397173292,0.12188991082840107,0.02961547169455578,0.115804088036404,0.07429410462656828,0.18456603375993236,0.31526848696657717,0.08404222397173292,0.13760369447674223,0.2473622405623166,1.5,Nominal in one cognition outcome
LETMD1,3,1,0,0.04115076246382138,0.11693462004470981,0.0921629026623281,0.09038870479289281,0.06819742026066286,0.23644651309872228,0.41605492208717476,0.11790258293342865,0.04115076246382138,0.11693462004470981,0.09038870479289281,0.12424734511683883,0.22966933491294447,1.5,Nominal in one cognition outcome
CPOX,3,1,0,0.04353234708795108,0.12111365728481092,0.07243078955736242,0.07340621052377506,0.031947196250029584,0.5684074318752234,0.7203501387338357,0.1119389618982826,0.04353234708795108,0.12111365728481092,0.07340621052377506,0.19138139765911402,0.3158637950184608,1.5,Nominal in one cognition outcome
SLC25A44,3,1,0,0.04478237687317142,0.1230506751920476,0.08561504129989833,0.09392248829071798,0.05000806282298545,0.38257120001679457,0.5592691357752202,0.11291457278599158,0.04478237687317142,0.1230506751920476,0.09392248829071798,0.09949739378532099,0.1995153899232402,1.5,Nominal in one cognition outcome
MRPL55,3,1,0,0.04589865616824391,0.12433397353937299,0.09905257904692144,0.1038397121035498,0.08023863428259499,0.16195662865901247,0.32846105209019744,0.11307939075461952,0.04589865616824391,0.12433397353937299,0.1038397121035498,0.06957284182769688,0.15085106699607262,1.5,Nominal in one cognition outcome
SLC25A33,3,1,0,0.045928833941320295,0.12433397353937299,0.09139027765471439,0.10806523493847964,0.05125389510213323,0.38278752979265485,0.5592691357752202,0.11485170292353028,0.045928833941320295,0.12433397353937299,0.10806523493847964,0.06297249849239976,0.14087979491575986,1.5,Nominal in one cognition outcome
ECI2,3,1,0,0.033682264472940655,0.12440428915274704,0.10142250301789385,0.09577000340540291,0.11983828054505083,0.033682264472940655,0.12440428915274704,0.09577000340540291,0.0886897363473015,0.19004943502993177,0.08865922510322782,0.12136921510563976,0.22571713784890324,1.5,Nominal in one cognition outcome
RPL31,3,1,0,0.03373542897352088,0.12440428915274704,0.07853390802037427,0.08154064505149439,0.11870643923894282,0.03373542897352088,0.12440428915274704,0.08154064505149439,0.14441451013353865,0.26640983220199166,0.0353546397706856,0.531623118480482,0.6555729830318612,1.5,Nominal in one cognition outcome
BCL2L13,3,1,0,0.03469450437460609,0.12597409326493877,0.08167534013639928,0.06645702740654973,0.11798026885807433,0.03469450437460609,0.12597409326493877,0.06645702740654973,0.2389506707386005,0.3798245272706485,0.06058872414457378,0.2896097787645786,0.43088284157656814,1.5,Nominal in one cognition outcome
MTCH2,3,1,0,0.035832582213893426,0.1280734872098144,0.09747674507919286,0.09743124838445631,0.11892776880670183,0.035832582213893426,0.1280734872098144,0.09743124838445631,0.08405096906988824,0.18258592649474675,0.07607121804642046,0.18598009376209104,0.31053245582538924,1.5,Nominal in one cognition outcome
GPX4,3,1,0,0.036042963088535364,0.1283241681945909,0.0932866402603223,0.08963363972705712,0.1179491150767453,0.036042963088535364,0.1283241681945909,0.07227716597716445,0.20231784230719801,0.3353638146939967,0.08963363972705712,0.11632289934803822,0.2202998574025813,1.5,Nominal in one cognition outcome
RPL9,3,1,0,0.04827802689957506,0.1287883224872046,0.0913712685431706,0.1071122696435323,0.05429190023191838,0.34526431745589503,0.5300618296512483,0.11270963575406111,0.04827802689957506,0.1287883224872046,0.1071122696435323,0.06395359766429261,0.14203286859909645,1.5,Nominal in one cognition outcome
TIMM8B,3,1,0,0.03637565170186891,0.1290066717333723,0.093337281148609,0.09264625718027997,0.11923311021708238,0.03637565170186891,0.1290066717333723,0.06813247604846462,0.231624445262713,0.3718181884480393,0.09264625718027997,0.10887658780866664,0.21165926888286157,1.5,Nominal in one cognition outcome
IDH3G,3,1,0,0.049362672214269106,0.13044147563102346,0.10517563063799132,0.10586650895482841,0.10044709610053255,0.0720501126902455,0.1932403191478668,0.109213286858613,0.049362672214269106,0.13044147563102346,0.10586650895482841,0.06295990525511602,0.14087979491575986,1.5,Nominal in one cognition outcome
RTN4IP1,3,1,0,0.03740735257600576,0.13064018170627967,0.11014703679056781,0.10784700181989491,0.11614597219869219,0.03740735257600576,0.13064018170627967,0.10644813635311633,0.05609144626202051,0.13990479060871022,0.10784700181989491,0.05736382669529214,0.13254520562169775,1.5,Nominal in one cognition outcome
OPA1,3,1,0,0.04262494761155292,0.13115258468480373,0.10569162473055622,0.11029301391861668,0.11536283286796427,0.04262494761155292,0.14080081972769287,0.09141902740508771,0.11063967865168862,0.2224951779479013,0.11029301391861668,0.05633111014330914,0.13115258468480373,1.5,Nominal in one cognition outcome
ALDH5A1,3,1,0,0.0378239101690541,0.13132874793557064,0.09503334799233988,0.09848642091023678,0.11585428475513604,0.0378239101690541,0.13132874793557064,0.07075933831164682,0.20353403522847988,0.336769696625785,0.09848642091023678,0.08047137951150324,0.1708383114919384,1.5,Nominal in one cognition outcome
SDR39U1,3,1,0,0.03822224974252988,0.13132874793557064,0.07430031856333488,0.05474238877391538,0.11547186761733423,0.03822224974252988,0.13132874793557064,0.052686699298755045,0.3431984142735284,0.4929773140663712,0.05474238877391538,0.3293507487671923,0.47203121469107745,1.5,Nominal in one cognition outcome
GLRX2,3,1,0,0.038322159233658316,0.13132874793557064,0.06425523487983562,0.03870097191201877,0.12255313063083353,0.038322159233658316,0.13132874793557064,0.03151160209665455,0.6014934664255658,0.7219862452071412,0.03870097191201877,0.5252313105475301,0.6520850056322797,1.5,Nominal in one cognition outcome
OGDH,3,1,0,0.04330928201056529,0.141024886262161,0.09394660879967334,0.09573404246724221,0.1144758768101958,0.04330928201056529,0.141024886262161,0.09573404246724221,0.08957564596122358,0.1914993365759803,0.071629907121582,0.21003891004206302,0.3389516802266096,1.5,Nominal in one cognition outcome
FAHD1,3,1,0,0.04586962743499752,0.14778418698247442,0.08148723858878941,0.07417042141385112,0.1115923305574883,0.04586962743499752,0.14778418698247442,0.05869896379502882,0.29453317731123085,0.4382078979508557,0.07417042141385112,0.19193472134455103,0.3158637950184608,1.5,Nominal in one cognition outcome
FAHD2A,3,1,0,0.04871597033120938,0.1526544960721116,0.07243929905743157,0.06112861347353682,0.10994063949486588,0.04871597033120938,0.1526544960721116,0.046248644203892006,0.4117388388497091,0.5665278760112539,0.06112861347353682,0.2846631513179727,0.42629588126995915,1.5,Nominal in one cognition outcome
DNAJA3,3,1,0,0.04870653120837729,0.1526544960721116,0.044279520849233645,0.01690267022591852,0.11019282948116459,0.04870653120837729,0.1526544960721116,0.01690267022591852,0.7627196834409377,0.8463910818729369,0.005743062840617831,0.9198079573484285,0.9513339576053305,1.5,Nominal in one cognition outcome
MT-ATP8,3,1,0,0.04964340905420611,0.15334990544943103,0.09765572981722798,0.10059212752451017,0.10980177339780138,0.04964340905420611,0.15334990544943103,0.10059212752451017,0.07587791957219313,0.1714278923668067,0.08257328852937239,0.14337093244273041,0.2558953076730429,1.5,Nominal in one cognition outcome
SLC25A3,3,1,0,0.04977587094915958,0.15334990544943103,0.09540718489586547,0.08949547117645006,0.11136658707234164,0.04977587094915958,0.15334990544943103,0.08535949643880472,0.13065970826153497,0.24959004814051045,0.08949547117645006,0.11725249240989846,0.2202998574025813,1.5,Nominal in one cognition outcome
UQCRH,3,1,0,0.04973673959510983,0.15334990544943103,0.09338463750158492,0.09421138809996159,0.11026107846054475,0.04973673959510983,0.15334990544943103,0.09421138809996159,0.0924497802726474,0.1958137707163712,0.07568144594424842,0.1812996798308483,0.3043838661380297,1.5,Nominal in one cognition outcome
ABCB10,3,1,0,0.047403466285714645,0.11414255697744448,0.0582415663188428,0.07751806493766347,-0.017380775588643895,0.7570369936164931,0.8658610614488641,0.07751806493766347,0.16464600516413644,0.2936668513161498,0.11458740960750884,0.047403466285714645,0.11414255697744448,1,Nominal in one cognition outcome
MRRF,3,0,0,0.050463013553286314,0.12055785222260307,0.07909069268623717,0.0996182287415728,0.0275727695391612,0.62283914173926,0.7711743094606535,0.0996182287415728,0.07269396514237769,0.16838101431062363,0.11008107977797751,0.050463013553286314,0.12055785222260307,0.5,Not cognition-prioritized
IDI1,3,0,0,0.05115031961989311,0.1215650453303953,0.10368407332899472,0.10271798585615463,0.09693439562759146,0.08723819638030342,0.2169101893695044,0.10271798585615463,0.06798378066763354,0.158686630895114,0.11139983850323809,0.05115031961989311,0.1215650453303953,0.5,Not cognition-prioritized
DNM1L,3,0,0,0.05102831999164706,0.1215650453303953,0.09475115694523635,0.10886312097196885,0.06103494217588361,0.28485461318774463,0.46460244396931616,0.10886312097196885,0.05607338491597873,0.13990479060871022,0.11435540768785661,0.05102831999164706,0.1215650453303953,0.5,Not cognition-prioritized
VPS13D,3,0,0,0.05250906697929557,0.12414934440841201,0.09571834704388418,0.10012589005253617,0.07518166246613982,0.18060237984914593,0.35046007598194895,0.10012589005253617,0.07681882786742786,0.17270080466510193,0.11184748861297657,0.05250906697929557,0.12414934440841201,0.5,Not cognition-prioritized
SMDT1,3,0,0,0.05401013167715506,0.12704182643855239,0.09823377459079372,0.09619653240264264,0.09619653240264264,0.1037089196561459,0.24331708073172692,0.08607421104807489,0.13666566408629455,0.25614589411346905,0.11243058032166363,0.05401013167715506,0.12704182643855239,0.5,Not cognition-prioritized
SCO2,3,0,0,0.05593250695094517,0.13055674454110927,0.06532641885373497,0.04777448954487658,0.039570490901713676,0.48179109124881714,0.6379722843598664,0.04777448954487658,0.39247235670586555,0.54410940361495,0.10863427611461465,0.05593250695094517,0.13055674454110927,0.5,Not cognition-prioritized
LONP1,3,0,0,0.05730567742281847,0.13254520562169775,0.09680999471709685,0.09288452425807267,0.08907434607883742,0.11340796898989866,0.25929582454624556,0.09288452425807267,0.09878057965170732,0.20588662957018722,0.10847111381438045,0.05730567742281847,0.13254520562169775,0.5,Not cognition-prioritized
PC,3,0,0,0.05116695565595024,0.13358299090367898,0.09276682456529771,0.09016713442511065,0.07975248911912546,0.15439354444516273,0.3174608835220762,0.10838085015165702,0.05116695565595024,0.13358299090367898,0.09016713442511065,0.11013597391044966,0.2121566655327609,0.5,Not cognition-prioritized
COQ5,3,0,0,0.05870508733084059,0.13465462381905827,0.1061517888307107,0.10553400127346542,0.10372652468546738,0.06371054079536378,0.17936967639310114,0.10553400127346542,0.059379427643047884,0.1449749257021757,0.1091948405331993,0.05870508733084059,0.13465462381905827,0.5,Not cognition-prioritized
RDH13,3,0,0,0.060006947546124935,0.13631116320352935,0.06846431052615115,0.09895251003191026,5.978562231658986e-4,0.9915004967417795,0.9947620115336934,0.09895251003191026,0.0751533273366963,0.17134023647022767,0.10584256532337731,0.060006947546124935,0.13631116320352935,0.5,Not cognition-prioritized
PGS1,3,0,0,0.05336052813546753,0.13638235543003574,0.09713742464843375,0.0933150750096325,0.08959903136158279,0.11359781121676436,0.25929582454624556,0.10849816757408597,0.05336052813546753,0.13638235543003574,0.0933150750096325,0.10367916551012117,0.2044535268141398,0.5,Not cognition-prioritized
MFN1,3,0,0,0.052550522267124054,0.13638235543003574,0.09691766243648083,0.09872965436711681,0.08302764637289581,0.1425024599626573,0.3022603079365202,0.10899568656942984,0.052550522267124054,0.13638235543003574,0.09872965436711681,0.08253955183393523,0.17359641713667112,0.5,Not cognition-prioritized
SDHC,3,0,0,0.052655703485934506,0.13638235543003574,0.08649713958890533,0.09490200289301018,0.052878211529778604,0.363250737490872,0.544876106236308,0.11171120434392721,0.052655703485934506,0.13638235543003574,0.09490200289301018,0.10610857907516245,0.20834624432140267,0.5,Not cognition-prioritized
PPIF,3,0,0,0.05389940629027116,0.13699432432110586,0.10501661636926922,0.10466412618270003,0.10145976090867956,0.07131668255877484,0.19192577806258523,0.10892596201642808,0.05389940629027116,0.13699432432110586,0.10466412618270003,0.06683657880365206,0.14630495120895126,0.5,Not cognition-prioritized
SUPV3L1,3,0,0,0.05410984508547674,0.1371482223080643,0.08205128513528442,0.0754996585421116,0.06297643228595555,0.2628337556119157,0.44784522604264965,0.1076777645777861,0.05410984508547674,0.1371482223080643,0.0754996585421116,0.18170584646715837,0.3045070503982599,0.5,Not cognition-prioritized
PTGES2,3,0,0,0.06056281029032092,0.1371657708308011,0.07292914797427569,0.07123045101442393,0.040910376011626885,0.46785983583295876,0.6267814784585026,0.07123045101442393,0.20521430093336235,0.3389369771733331,0.10664661689677626,0.06056281029032092,0.1371657708308011,0.5,Not cognition-prioritized
COX7B,3,0,0,0.060873549199708235,0.13752912967341488,0.08533284909151102,0.07448896916845349,0.07448896916845349,0.1916613761403606,0.36459492550609135,0.07424462069828762,0.18852351083860183,0.32003527350152255,0.10726495740779195,0.060873549199708235,0.13752912967341488,0.5,Not cognition-prioritized
COQ10B,3,0,0,0.05611481765398542,0.13990479060871022,0.08931125624743247,0.09068692641344223,0.07028308571973997,0.2112997025219062,0.38595336551724063,0.10696375660911521,0.05611481765398542,0.13990479060871022,0.09068692641344223,0.11295509310554075,0.2157701674145507,0.5,Not cognition-prioritized
AURKAIP1,3,0,0,0.05669478448423877,0.14021385052590885,0.1107481138636575,0.12438943665405784,0.08312469560839121,0.19747938229910572,0.369564725407352,0.12473020932852345,0.05669478448423877,0.1409666516388002,0.12438943665405784,0.06221510744646885,0.14021385052590885,0.5,Not cognition-prioritized
CECR5,3,0,0,0.06359894017531663,0.141934220147353,0.0752382786876323,0.09517480435714866,0.02654009418441867,0.6352778327401105,0.7833951711013492,0.09517480435714866,0.08594820718202369,0.18533539681844705,0.10399993752132958,0.06359894017531663,0.141934220147353,0.5,Not cognition-prioritized
NDUFAF3,3,0,0,0.06382134548031669,0.14203286859909645,0.0821356590927865,0.09694551458701949,0.04436191473575577,0.4295382912926632,0.5945953654051238,0.09694551458701949,0.08367635300569813,0.18229491190527092,0.10509954795558424,0.06382134548031669,0.14203286859909645,0.5,Not cognition-prioritized
DHX30,3,0,0,0.0650391018806353,0.14347081596372394,0.08223403177248964,0.09130642108517213,0.05183442681152243,0.3542656239712182,0.538090563248694,0.09130642108517213,0.09978713664406924,0.2070413379349736,0.10356124742077437,0.0650391018806353,0.14347081596372394,0.5,Not cognition-prioritized
DCXR,3,0,0,0.06507146297808244,0.14347081596372394,0.07840755438100655,0.08037119058248891,0.051185709301898696,0.3601401871068448,0.5419872881624391,0.08037119058248891,0.14802069452035566,0.27087787097225086,0.10366576325863205,0.06507146297808244,0.14347081596372394,0.5,Not cognition-prioritized
MRPL10,3,0,0,0.0658546843720874,0.144501285852422,0.08324468127175974,0.09711509241700643,0.04688383801231226,0.41335069205258435,0.588667360180314,0.09711509241700643,0.08715543252660889,0.18720004873673035,0.10573511338596052,0.0658546843720874,0.144501285852422,0.5,Not cognition-prioritized
NDUFAF1,3,0,0,0.05943830482936473,0.1449749257021757,0.09270751753624236,0.10355554615333966,0.10355554615333966,0.06430036426534619,0.18047494878156983,0.10531896502489334,0.05943830482936473,0.1449749257021757,0.06924804143049407,0.2230491025687037,0.35555736733512866,0.5,Not cognition-prioritized
ECSIT,3,0,0,0.05992799777664693,0.14506380414188344,0.08234214943585574,0.08734537702083843,0.08734537702083843,0.11748744954689219,0.26609162459259,0.10488404949054413,0.05992799777664693,0.14506380414188344,0.05479702179618469,0.3366971038295178,0.47987204050468657,0.5,Not cognition-prioritized
FASTKD2,3,0,0,0.06061592309021905,0.1459567621777643,0.08837427443352722,0.10335247050960542,0.051707607867594874,0.3760354177618169,0.555852031101878,0.11006274492338138,0.06061592309021905,0.1459567621777643,0.10335247050960542,0.08339101598538819,0.174605903035767,0.5,Not cognition-prioritized
DDX28,3,0,0,0.06783910358672265,0.14780764625437118,0.08867090460134112,0.09177474383953889,0.06962814570895987,0.21132528538157108,0.38595336551724063,0.09177474383953889,0.10503583469173006,0.21404852726711138,0.10460982425552462,0.06783910358672265,0.14780764625437118,0.5,Not cognition-prioritized
MRPS12,3,0,0,0.06197957018307576,0.14807129691257,0.09324440779042316,0.0908603649818459,0.08400499614457584,0.13800914633478636,0.2943551722525164,0.10486786224484773,0.06197957018307576,0.14807129691257,0.0908603649818459,0.10983645911896998,0.2121566655327609,0.5,Not cognition-prioritized
SLC25A12,3,0,0,0.06312126324598157,0.15040613507831546,0.08230506090964863,0.09778542270714696,0.04519115010951687,0.42343899341810476,0.5916408180174276,0.10393860991228207,0.06312126324598157,0.15040613507831546,0.09778542270714696,0.0839636239688476,0.17540346103081178,0.5,Not cognition-prioritized
MIEF1,3,0,0,0.06618093968881107,0.15527066619297983,0.09685823320574861,0.09600935206949962,0.09600935206949962,0.08598749140234428,0.21543316538441712,0.10217144677965138,0.06618093968881107,0.15527066619297983,0.09239390076809484,0.10092216870177893,0.20031189666405147,0.5,Not cognition-prioritized
ACAD8,3,0,0,0.06835009888854035,0.15913572641988405,0.08290826472205792,0.10162310134319266,0.045437848932008085,0.41982516328670116,0.5900768424075754,0.10166384389097301,0.06835009888854035,0.15913572641988405,0.10162310134319266,0.08167321839518898,0.1725402492980724,0.5,Not cognition-prioritized
LYRM2,3,0,0,0.07476923190837158,0.1605958854369953,0.06977599912807969,0.10007314902927138,0.00557859763510906,0.9231716146987403,0.9555452799200763,0.10007314902927138,0.08192688871027307,0.1797676335009589,0.10367625071985863,0.07476923190837158,0.1605958854369953,0.5,Not cognition-prioritized
NDUFAF6,3,0,0,0.05275023007475991,0.1614046742534318,0.09084634971010157,0.08993701327992935,0.10824325903045916,0.05275023007475991,0.1614046742534318,0.07435877681991618,0.1821392199356495,0.31326576361112646,0.08993701327992935,0.1107308009521693,0.2128543757799053,0.5,Not cognition-prioritized
MICU2,3,0,0,0.0542054653839226,0.1636897717039247,0.05846877545765371,0.03086424654125649,0.1355070314981606,0.0542054653839226,0.1636897717039247,0.03086424654125649,0.6916009973531803,0.7920086515371213,0.009035048333544035,0.909055692799032,0.945211316944448,0.5,Not cognition-prioritized
QRSL1,3,0,0,0.07710185710267543,0.16521826522001878,0.07416183615041301,0.09115097246346537,0.03149847098154886,0.5751631573694368,0.7268981892168986,0.09115097246346537,0.10258472852840406,0.21154547844089913,0.0998360650062248,0.07710185710267543,0.16521826522001878,0.5,Not cognition-prioritized
ATP5F1,3,0,0,0.055709581010134686,0.166755697684618,0.09045718203605617,0.08764359024439212,0.10682375961628517,0.055709581010134686,0.166755697684618,0.07690419624749122,0.16855970058360725,0.29609150444467247,0.08764359024439212,0.12233739960368699,0.22705622847337442,0.5,Not cognition-prioritized
ACAD11,3,0,0,0.05576747922567553,0.166755697684618,0.06766099554340708,0.04969559080341918,0.11047131064628886,0.05576747922567553,0.166755697684618,0.04281608518051321,0.45469501466670925,0.6055981636390669,0.04969559080341918,0.38973650601115983,0.5354488033036204,0.5,Not cognition-prioritized
PNPT1,3,0,0,0.05632786717105103,0.16788273114498922,0.10420627310688266,0.10179763106959668,0.10935911474400128,0.05632786717105103,0.16788273114498922,0.10179763106959668,0.07567744117502699,0.17139816503749924,0.10146207350705,0.08000579712832068,0.1702448938893335,0.5,Not cognition-prioritized
RHOT1,3,0,0,0.07287309471804039,0.16838101431062363,0.09410688622152588,0.09273392751148705,0.08961112040469835,0.11040221250586368,0.25509602132036685,0.09997561074839224,0.07287309471804039,0.16838101431062363,0.09273392751148705,0.1001294304046933,0.1996044200877873,0.5,Not cognition-prioritized
MRM1,3,0,0,0.07313984442873789,0.16857168174381654,0.08463428058603067,0.07356823479991596,0.06470887012428461,0.30632493935197347,0.48660992969974953,0.11562573683389145,0.07313984442873789,0.16857168174381654,0.07356823479991596,0.263310874189005,0.404244043427751,0.5,Not cognition-prioritized
ACOT7,3,0,0,0.058531861864399806,0.17189561868043274,0.09998813650520567,0.09809035925299699,0.10716031990778176,0.058531861864399806,0.17189561868043274,0.09809035925299699,0.08265377504396124,0.1809287180986233,0.0947137303548383,0.09608680206020463,0.19581163448794486,0.5,Not cognition-prioritized
MRPS14,3,0,0,0.05931534481825911,0.17243237577268222,0.06225738287631157,0.025885925623851783,0.13932604212809277,0.05931534481825911,0.17243237577268222,0.025885925623851783,0.7312238788337411,0.8219531316128661,0.021560180876990173,0.7754715418238056,0.8621585185525906,0.5,Not cognition-prioritized
RARS2,3,0,0,0.0795433149389776,0.17708548216341727,0.06712745344942904,0.06922476376716755,0.029740044095513212,0.6184763171423502,0.7682452637908973,0.10241755248560634,0.0795433149389776,0.17708548216341727,0.06922476376716755,0.23905933152202066,0.37455357592919336,0.5,Not cognition-prioritized
GLS2,3,0,0,0.08011241856152404,0.1774887723578559,0.06117858054148252,0.059515330565194285,0.022413298559702827,0.6899271132627856,0.8157483557691712,0.10160711249955044,0.08011241856152404,0.1774887723578559,0.059515330565194285,0.31145458930440817,0.4545150705160023,0.5,Not cognition-prioritized
PDK1,3,0,0,0.08602160624327192,0.17888584025589502,0.06752899109872702,0.09147424711831341,0.013214805953149153,0.8142187292841625,0.8976025750542272,0.09147424711831341,0.10387934874515337,0.21263893535081727,0.09789792022471851,0.08602160624327192,0.17888584025589502,0.5,Not cognition-prioritized
TAMM41,3,0,0,0.06344492496235761,0.17917316771776917,0.08805008887382218,0.09193038124731787,0.10363890199416856,0.06344492496235761,0.17917316771776917,0.0685809833799801,0.2221205021541661,0.35832850488460727,0.09193038124731787,0.10238015670379981,0.2023279554729521,0.5,Not cognition-prioritized
ARMCX2,3,0,0,0.08667423980547487,0.17923692995904544,0.07762626927868956,0.08660877226904186,0.04981713562391126,0.3743557476985824,0.5556231856088738,0.08660877226904186,0.12035994782239288,0.2348173822121311,0.09645289994311554,0.08667423980547487,0.17923692995904544,0.5,Not cognition-prioritized
MT-ATP6,3,0,0,0.0833794075487698,0.1820815224513708,0.07690254670702333,0.0863901431043682,0.04653492023942942,0.4143188851979478,0.588667360180314,0.09778257677727237,0.0833794075487698,0.1820815224513708,0.0863901431043682,0.1320240150520158,0.2392118292526623,0.5,Not cognition-prioritized
CCDC58,3,0,0,0.08853678436826626,0.18245756238054872,0.08410215459893483,0.07962535629268848,0.07962535629268848,0.15819015308276207,0.3230892635507306,0.07579356005588411,0.17815757867232032,0.3084990885038519,0.09688754744823191,0.08853678436826626,0.18245756238054872,0.5,Not cognition-prioritized
MRPS17,3,0,0,0.06595255696860798,0.18342428457834745,0.08955145338796712,0.09261008351168933,0.10499982835030781,0.06595255696860798,0.18342428457834745,0.09261008351168933,0.10288277366797827,0.21154547844089913,0.0710444483019042,0.21682159141822244,0.3485479695462013,0.5,Not cognition-prioritized
HADH,3,0,0,0.0658844751640013,0.18342428457834745,0.07999519994996906,0.07899952922850878,0.10406812857600992,0.0658844751640013,0.18342428457834745,0.0569179420453885,0.31611831469592566,0.4611043779056345,0.07899952922850878,0.1687241863313992,0.2880272956963251,0.5,Not cognition-prioritized
NFU1,3,0,0,0.0909260008792903,0.18696020405516994,0.08750429767603778,0.09126291857386401,0.09126291857386401,0.10184290942968183,0.24088832083057593,0.07645523304615463,0.1685941790335239,0.29609150444467247,0.09479474140809468,0.0909260008792903,0.18696020405516994,0.5,Not cognition-prioritized
PARL,3,0,0,0.09139042505970273,0.1874938092592556,0.0807830265865489,0.08636601994909063,0.059774867488801564,0.2932245189268115,0.4723599204542826,0.08636601994909063,0.12653777222329976,0.2426351082345149,0.09620819232175451,0.09139042505970273,0.1874938092592556,0.5,Not cognition-prioritized
MTHFD1L,3,0,0,0.09184137190115818,0.18799743912653183,0.061320217949619026,0.06020386941121091,0.026387282979588037,0.6409644251758503,0.7872247638065811,0.06020386941121091,0.2843446505932091,0.4307538994913681,0.09736950145805813,0.09184137190115818,0.18799743912653183,0.5,Not cognition-prioritized
FAM210A,3,0,0,0.09264963009936175,0.18922859718954466,0.08953341128844733,0.08833655183843032,0.08403891635344383,0.13293647285829513,0.28892368804118773,0.08833655183843032,0.1160286483957756,0.23029547349703836,0.09622476567346784,0.09264963009936175,0.18922859718954466,0.5,Not cognition-prioritized
P4HB,3,0,0,0.06933980535789318,0.18991171753272665,0.09235840237286383,0.08818763796514834,0.10408264847228337,0.06933980535789318,0.18991171753272665,0.08818763796514834,0.12241772000860712,0.23781786371098837,0.0848049206811598,0.1433536417238925,0.2558953076730429,0.5,Not cognition-prioritized
GRPEL1,3,0,0,0.07058797703756782,0.1916557833512598,0.0754881876016331,0.06782907497733845,0.10117573030459685,0.07058797703756782,0.1916557833512598,0.057459757522964,0.3043490813533323,0.44988596032035383,0.06782907497733845,0.2298050785072534,0.36379177652964856,0.5,Not cognition-prioritized
SLC25A1,3,0,0,0.09052823300011928,0.19218870810930194,0.075661468322564,0.09009216137044013,0.04246696824013259,0.44933508771278574,0.6100023816872387,0.0944252753571193,0.09052823300011928,0.19218870810930194,0.09009216137044013,0.11186345658663806,0.21458084439575226,0.5,Not cognition-prioritized
OXCT1,3,0,0,0.07250124509891073,0.1932403191478668,0.08340395392195694,0.08794318662168595,0.10118747572074695,0.07250124509891073,0.1932403191478668,0.061081199423437954,0.27603334471582647,0.42306618159963355,0.08794318662168595,0.12032945088934544,0.2242392007408372,0.5,Not cognition-prioritized
CHCHD2,3,0,0,0.09726039037881933,0.19677643180731666,0.0626584029041066,0.07426581285645094,0.01949991338367668,0.7293277358174206,0.851192446776709,0.07426581285645094,0.18468186777495668,0.31526848696657717,0.09420948247219216,0.09726039037881933,0.19677643180731666,0.5,Not cognition-prioritized
GATC,3,0,0,0.07539581402545474,0.19688769501823236,0.06877001257004725,0.059112188071461694,0.0999421316906386,0.07539581402545474,0.19688769501823236,0.059112188071461694,0.2940777038537403,0.4382078979508557,0.04725571794804147,0.4071773376251019,0.551951502114027,0.5,Not cognition-prioritized
COA5,3,0,0,0.07619583174191048,0.19761287193282545,0.08568720169345385,0.08657415218958624,0.09904933522669153,0.07619583174191048,0.19761287193282545,0.07143811766408378,0.20004350937791546,0.3334058489631924,0.08657415218958624,0.12554479046784026,0.2311337691711747,0.5,Not cognition-prioritized
ALDH18A1,3,0,0,0.09895541531515224,0.19899825277662483,0.08769905386839652,0.08664379640194814,0.08124690117567937,0.14969753727540575,0.3108001315350286,0.08664379640194814,0.12350356450198384,0.23891281505140635,0.09520646402756205,0.09895541531515224,0.19899825277662483,0.5,Not cognition-prioritized
MRPL18,3,0,0,0.0948244842922531,0.19945839799404963,0.08196770893504887,0.09002201209033907,0.06185251031851669,0.2746170745911434,0.45853033439944557,0.09402860439629084,0.0948244842922531,0.19945839799404963,0.09002201209033907,0.11694278309703494,0.2202998574025813,0.5,Not cognition-prioritized
AADAT,3,0,0,0.0987144462083485,0.19956670830018144,0.07318965145244519,0.09752117264361983,0.023255469288855225,0.6939683908967795,0.8182745846270016,0.09752117264361983,0.0987144462083485,0.20588662957018722,0.0987923124248605,0.0998924069961564,0.19956670830018144,0.5,Not cognition-prioritized
CISD1,3,0,0,0.10080922734397899,0.20031189666405147,0.08427744415614669,0.08253543735415372,0.08253543735415372,0.14523062501573547,0.30548510779171945,0.07667495495989587,0.1749075825150377,0.3054206832085105,0.09362194015439046,0.10080922734397899,0.20031189666405147,0.5,Not cognition-prioritized
TFB1M,3,0,0,0.10121527080442674,0.2004588155542218,0.07393497327377502,0.09024468157154203,0.03508527682506294,0.5428564259960014,0.6976315025089063,0.09024468157154203,0.11981943616771103,0.2347032084435332,0.09647496142472006,0.10121527080442674,0.2004588155542218,0.5,Not cognition-prioritized
NIPSNAP3B,3,0,0,0.09704813726933299,0.20320147734883223,0.07590886561078503,0.06943613209407724,0.06387118059324003,0.2599084664579128,0.4461843279718391,0.09441928414503782,0.09704813726933299,0.20320147734883223,0.06943613209407724,0.2234564066698881,0.35558715148338715,0.5,Not cognition-prioritized
OAT,3,0,0,0.10028342162836643,0.20760029590487622,0.08072723339420326,0.09167577497372499,0.058021986690049196,0.3057069736193076,0.486472836281159,0.0924839385188356,0.10028342162836643,0.20760029590487622,0.09167577497372499,0.10772173528319917,0.21016074154398132,0.5,Not cognition-prioritized
RPL23,3,0,0,0.08198937606985139,0.20781240749006655,0.08227102841849555,0.0749986784346981,0.09927155248034626,0.08198937606985139,0.20781240749006655,0.0725428543404423,0.2073616179936793,0.3412515835687348,0.0749986784346981,0.19448986823405326,0.3194941282480408,0.5,Not cognition-prioritized
MTO1,3,0,0,0.10943900011286481,0.21215399386286293,0.08343261017632128,0.09041812422399385,0.06316501745749008,0.29086036665103343,0.4707070126926407,0.09041812422399385,0.1314582612716346,0.25059231054905345,0.0967146888474799,0.10943900011286481,0.21215399386286293,0.5,Not cognition-prioritized
D2HGDH,3,0,0,0.1121356538895195,0.21465297763370364,0.08019865012445127,0.08069657332105257,0.08069657332105257,0.1529250005446053,0.31586089277271756,0.06779169644823306,0.23261260972858924,0.37275050420605804,0.09210768060406817,0.1121356538895195,0.21465297763370364,0.5,Not cognition-prioritized
HAGH,3,0,0,0.08766919565461133,0.21739109491590614,0.03733898628498349,0.008652274217395983,0.09537636869681618,0.08766919565461133,0.21739109491590614,0.008652274217395983,0.8777513091291727,0.923152238911716,0.00798831594073831,0.8874784666947255,0.930189296100695,0.5,Not cognition-prioritized
COA3,3,0,0,0.11467894362735476,0.218606736289645,0.07219617381519781,0.06653501427574716,0.06653501427574716,0.2347286171813442,0.4149862828298696,0.06024636774600451,0.2851321092731907,0.43123285947928847,0.08980713942384178,0.11467894362735476,0.218606736289645,0.5,Not cognition-prioritized
NDUFAF4,3,0,0,0.11692022779063217,0.2202998574025813,0.0741982895353856,0.07234064820085753,0.07234064820085753,0.19746983995428216,0.369564725407352,0.06163160587911834,0.269377224851067,0.41675842828261345,0.08862261452618093,0.11692022779063217,0.2202998574025813,0.5,Not cognition-prioritized
BCAT2,3,0,0,0.11774714513121376,0.2207758971210258,0.07857890519291477,0.08709016345261972,0.05796650150138313,0.31058106300076715,0.4908146332395543,0.08709016345261972,0.1267536412416373,0.2426351082345149,0.09068005062474145,0.11774714513121376,0.2207758971210258,0.5,Not cognition-prioritized
TBRG4,3,0,0,0.11848763374523036,0.2217509407198097,0.08390448982479484,0.08770124091625328,0.08770124091625328,0.11848763374523036,0.2676942836466315,0.07564978150202573,0.1777174032560593,0.3084990885038519,0.08836244705610552,0.11850951913878353,0.2217509407198097,0.5,Not cognition-prioritized
OSBPL1A,3,0,0,0.09056122088408125,0.22194398346149355,0.06046344931785767,0.045461669501345094,0.09695393954495056,0.09056122088408125,0.22194398346149355,0.03897473890727736,0.4945495216956025,0.6373419892274315,0.045461669501345094,0.43076639555157503,0.5757146481924336,0.5,Not cognition-prioritized
KIAA0391,3,0,0,0.10997489703260076,0.22234746086257554,0.08690440901066332,0.08814303715138706,0.07788810526419503,0.1915239999745545,0.36459492550609135,0.094682084616407855,0.10997489703260076,0.22234746086257554,0.08814303715138706,0.14562850264238264,0.25873801925782547,0.5,Not cognition-prioritized
ACOT13,3,0,0,0.09228337378283734,0.22397688862412773,0.06946737138651761,0.06264462487024576,0.09495122173171475,0.09228337378283734,0.22397688862412773,0.06264462487024576,0.2656100674754449,0.41192069786446117,0.05080626755759232,0.37278361031601637,0.5168136415744773,0.5,Not cognition-prioritized
SLC25A42,3,0,0,0.11205285575037331,0.22484290134120963,0.07886596803229726,0.08714599445971323,0.05841887157359511,0.3025505346119809,0.48257690303561046,0.09103303806358343,0.11205285575037331,0.22484290134120963,0.08714599445971323,0.13155659989605253,0.23883787481128585,0.5,Not cognition-prioritized
DUS2,3,0,0,0.11330390544288929,0.2268557406569884,0.0785833528138761,0.07564279545989785,0.06667282349996288,0.24824680847364647,0.4310167547502591,0.09343443948176756,0.11330390544288929,0.2268557406569884,0.07564279545989785,0.20651167593825887,0.334439262802667,0.5,Not cognition-prioritized
GSTZ1,3,0,0,0.12295541873150685,0.22774131202293274,0.05469224534066686,0.060797319467496586,0.014284740746580787,0.8006415204284257,0.8901421521166579,0.060797319467496586,0.2808068351710926,0.4268077311985876,0.08899467580792321,0.12295541873150685,0.22774131202293274,0.5,Not cognition-prioritized
MRPL42,3,0,0,0.11540903384595644,0.22956362167184813,0.08220102369061719,0.07973680969247185,0.06921411708413137,0.261372170386982,0.446185701313598,0.09765214429524834,0.11540903384595644,0.22956362167184813,0.07973680969247185,0.21306199510418922,0.3432248688738259,0.5,Not cognition-prioritized
GLDC,3,0,0,0.11665590517917847,0.23097493216229997,0.07747582469711643,0.08138820932702663,0.062314082013900596,0.272442650794619,0.45650328822966124,0.08872518275042209,0.11665590517917847,0.23097493216229997,0.08138820932702663,0.1553256883409836,0.27384008638150287,0.5,Not cognition-prioritized
MCCC1,3,0,0,0.11893737901865929,0.23353584077698122,0.06193641453994661,0.0796901284945597,0.01887039002395421,0.7366884845180637,0.8521608346825127,0.08724872510132593,0.11893737901865929,0.23353584077698122,0.0796901284945597,0.15717902027221078,0.27560831704006006,0.5,Not cognition-prioritized
FUNDC1,3,0,0,0.12722287335111818,0.23375286971139184,0.08426342914444043,0.08293053473581684,0.07998401419333459,0.1629540044769874,0.3291455057316633,0.08293053473581684,0.15501663648078445,0.2801604031738121,0.08987573850416987,0.12722287335111818,0.23375286971139184,0.5,Not cognition-prioritized
NDUFB2,3,0,0,0.12004491972849568,0.2347032084435332,0.050695111034254364,0.047059735244573575,0.017850772446756927,0.7518165241797579,0.8620452626873164,0.0871748254114326,0.12004491972849568,0.2347032084435332,0.047059735244573575,0.4063245806278033,0.551951502114027,0.5,Not cognition-prioritized
SLC25A40,3,0,0,0.1210012298348238,0.2355662240401357,0.06750517440178216,0.06242632428645644,0.053640178466846565,0.3390582481848198,0.5240511775153887,0.0864490204520435,0.1210012298348238,0.2355662240401357,0.06242632428645644,0.27068786588613686,0.4093874335302731,0.5,Not cognition-prioritized
PDK2,3,0,0,0.12873744333155976,0.2360616445859262,0.07866339607338386,0.08065540540880063,0.0689614668255038,0.22136751471342217,0.3987229841787033,0.08065540540880063,0.15216964149294857,0.2768095864136142,0.08637331598584717,0.12873744333155976,0.2360616445859262,0.5,Not cognition-prioritized
CHCHD6,3,0,0,0.1069670348178055,0.2361449680307947,0.0863160174255965,0.08788380225829992,0.09238591932082332,0.1069670348178055,0.2490453864078678,0.07867833069766626,0.1674587608479828,0.29609150444467247,0.08788380225829992,0.12927903256979123,0.2361449680307947,0.5,Not cognition-prioritized
MALSU1,3,0,0,0.12929904806932038,0.2361449680307947,0.06461795318463014,0.08905374873068554,0.0014141189018500569,0.9830008431227877,0.993075991143845,0.08905374873068554,0.18162811303794096,0.31297499704277965,0.10338599192135481,0.12929904806932038,0.2361449680307947,0.5,Not cognition-prioritized
HARS2,3,0,0,0.1301962339934603,0.23683807972965443,0.06912983552547167,0.07109906325927312,0.0495385208518132,0.3772179189298692,0.5559183191509219,0.07109906325927312,0.21001555110103085,0.3443803391710452,0.0867519224653287,0.1301962339934603,0.23683807972965443,0.5,Not cognition-prioritized
AGPAT5,3,0,0,0.09984503796319319,0.23791200452167127,0.08578126896398834,0.08485334824297484,0.09216746864419514,0.09984503796319319,0.23791200452167127,0.08485334824297484,0.1352402919805867,0.2546190682350552,0.08032299000479504,0.1653515460308195,0.28492780530734435,0.5,Not cognition-prioritized
ACSL6,3,0,0,0.12392753293400262,0.23922719965108102,0.06927605908718974,0.0651156023874079,0.05692543222299427,0.3103491713453294,0.4908146332395543,0.08578714265116705,0.12392753293400262,0.23922719965108102,0.0651156023874079,0.2510724846973056,0.38937512457294005,0.5,Not cognition-prioritized
TIMM17B,3,0,0,0.12529810732365876,0.24136372252873214,0.05874855292741448,0.06669944655056018,0.0237947138446082,0.671915034063983,0.8045584363173156,0.08575149838707508,0.12529810732365876,0.24136372252873214,0.06669944655056018,0.23884393518642266,0.37455357592919336,0.5,Not cognition-prioritized
MCCC2,3,0,0,0.1260240684109876,0.24225214831103709,0.06892968650390416,0.06370350309137288,0.05711395922097375,0.31143692745206547,0.49131860106662056,0.08597159719936585,0.1260240684109876,0.24225214831103709,0.06370350309137288,0.26437464623236273,0.40493452224188586,0.5,Not cognition-prioritized
TARS2,3,0,0,0.1343722903445178,0.24298546574156876,0.07086445372442521,0.06990270799102585,0.05807994418684467,0.30261921919610224,0.48257690303561046,0.06990270799102585,0.21316090182659317,0.347821694341774,0.08461070899540508,0.1343722903445178,0.24298546574156876,0.5,Not cognition-prioritized
NME3,3,0,0,0.13689743635947632,0.24657707533252132,0.04724745156185415,0.044497502169755364,0.013502682937527521,0.809662476349507,0.8958176128897206,0.044497502169755364,0.42446982370880204,0.579686401035155,0.08374216957827957,0.13689743635947632,0.24657707533252132,0.5,Not cognition-prioritized
DGUOK,3,0,0,0.1059302972441645,0.24726077035308805,0.059071802640524244,0.05133258931671934,0.09027425827357236,0.1059302972441645,0.24726077035308805,0.035608560331281035,0.5244296423491662,0.6646165135034448,0.05133258931671934,0.3637933214199206,0.50731807386641,0.5,Not cognition-prioritized
SLC25A20,3,0,0,0.13689108439506706,0.24852944149545161,0.07713020130024638,0.08374264331315286,0.06318964585628102,0.26554270755607184,0.44904145032082166,0.08374264331315286,0.13689108439506706,0.25614589411346905,0.08445831473130527,0.13852460673516975,0.24852944149545161,0.5,Not cognition-prioritized
COQ7,3,0,0,0.13329886722372195,0.2532167241253669,0.07886390186584073,0.07594134241685072,0.07568954672282045,0.18014872617001548,0.35046007598194895,0.08496081645785102,0.13329886722372195,0.2532167241253669,0.07594134241685072,0.18683347240813092,0.31113888557010433,0.5,Not cognition-prioritized
ACSS1,3,0,0,0.1333884819982807,0.2532167241253669,0.05763838851382105,0.05306598103323484,0.03570972156846331,0.5267614909348024,0.6829274513855632,0.084139462939765,0.1333884819982807,0.2532167241253669,0.05306598103323484,0.34968039420408137,0.4922424010718992,0.5,Not cognition-prioritized
AARS2,3,0,0,0.14346917249865684,0.2558953076730429,0.0748839179406399,0.07230775250970627,0.06942402504092533,0.21538890465094165,0.39025910446655765,0.07230775250970627,0.1960894173060962,0.32982223111326026,0.08291997627128808,0.14346917249865684,0.2558953076730429,0.5,Not cognition-prioritized
SFXN4,3,0,0,0.11180410164242391,0.25768451637989387,0.07646634483944664,0.08207734811007748,0.08899301549969532,0.11180410164242391,0.25768451637989387,0.08207734811007748,0.14246091317189027,0.2638699100248575,0.058328670908567144,0.30434666666261345,0.44556351999406607,0.5,Not cognition-prioritized
HSDL2,3,0,0,0.11363674933666064,0.25929582454624556,0.0629516224129124,0.05371594191219988,0.08858718582129912,0.11363674933666064,0.25929582454624556,0.05371594191219988,0.33577299697687646,0.4838303814706173,0.04655173950523818,0.40970267412852934,0.5537340425813949,0.5,Not cognition-prioritized
POLG2,3,0,0,0.14051593731383946,0.26079529947700425,0.07661486750810288,0.08357649849836524,0.06142502613045361,0.30029883088160236,0.48121441375948537,0.08484307789548981,0.14051593731383946,0.26079529947700425,0.08357649849836524,0.15676500799801224,0.27560831704006006,0.5,Not cognition-prioritized
ZADH2,3,0,0,0.14882768573172991,0.2639095590010327,0.06884298435079195,0.07535000559274914,0.07535000559274914,0.18068401444469373,0.35046007598194895,0.04921484339499128,0.38080642247975205,0.5321501391957271,0.08196410406463543,0.14882768573172991,0.2639095590010327,0.5,Not cognition-prioritized
TEFM,3,0,0,0.14306733562565388,0.2644578022171178,0.09792146404135517,0.0969076785293202,0.0969076785293202,0.1830742722232085,0.35088584254542116,0.11357938766332312,0.14306733562565388,0.2644578022171178,0.0832773259314222,0.2889900108732453,0.4306610096889567,0.5,Not cognition-prioritized
FDX1,3,0,0,0.14944918469828336,0.2644990406168845,0.05970230955339283,0.07712308149006972,0.018318309186401347,0.7468004895344096,0.8573681906198052,0.07712308149006972,0.17580971351713715,0.30582868416003894,0.08366553798370742,0.14944918469828336,0.2644990406168845,0.5,Not cognition-prioritized
LETM1,3,0,0,0.11929619067991691,0.2688571785027684,0.03856131910108871,0.025001821383805523,0.08751546311116286,0.11929619067991691,0.2688571785027684,0.00316667280829775,0.9555469946886241,0.9693187362972185,0.025001821383805523,0.66267557641482,0.7636626604780357,0.5,Not cognition-prioritized
MTIF3,3,0,0,0.12240143983588356,0.2738320720044828,0.055183591305919856,0.055975858799697444,0.08692795313533382,0.12240143983588356,0.2738320720044828,0.055975858799697444,0.32076051811244644,0.46586646678236265,0.022646961982728305,0.6897684168794611,0.7830497536534825,0.5,Not cognition-prioritized
ABAT,3,0,0,0.15072988635240356,0.27528512178133585,0.0750806562735092,0.07682856655924308,0.06793112523367224,0.2274825112952317,0.4077786384280387,0.08048227702761225,0.15072988635240356,0.27528512178133585,0.07682856655924308,0.17472962516346136,0.2949771347316737,0.5,Not cognition-prioritized
FKBP10,3,0,0,0.15723228578678838,0.27560831704006006,0.06816231987618337,0.06553515962031123,0.05196160048728538,0.39667751462874357,0.5761268664846038,0.06553515962031123,0.28060280924644304,0.4268077311985876,0.08699019952095353,0.15723228578678838,0.27560831704006006,0.5,Not cognition-prioritized
CBR4,3,0,0,0.15909773417249864,0.27751024766959476,0.0691600350105023,0.07272070920297224,0.052424552641279695,0.3517132325916815,0.5354702293201141,0.07272070920297224,0.19315640308699697,0.326687816681335,0.08233484318725497,0.15909773417249864,0.27751024766959476,0.5,Not cognition-prioritized
PNKD,3,0,0,0.1552364201192598,0.2801604031738121,0.059199383583922544,0.05996645089911728,0.036548024529777304,0.5156509953395865,0.6721092033272388,0.08108367532287304,0.1552364201192598,0.2801604031738121,0.05996645089911728,0.29903562646203974,0.4406080486517977,0.5,Not cognition-prioritized
SLC25A51,3,0,0,0.1278799820365814,0.2812744797198846,0.07173161023606446,0.06478554673804114,0.08584545194589109,0.1278799820365814,0.2812744797198846,0.06478554673804114,0.2519097344304367,0.3946873407600164,0.06456383202426115,0.2591287374343715,0.3984920920209242,0.5,Not cognition-prioritized
HIBADH,3,0,0,0.12771286024746262,0.2812744797198846,0.06684420490758004,0.07177985467051576,0.08653388866483937,0.12771286024746262,0.2812744797198846,0.07177985467051576,0.2071994300443602,0.3412515835687348,0.042218871387385004,0.46428697080376313,0.600031890233677,0.5,Not cognition-prioritized
OXNAD1,3,0,0,0.12851937947331324,0.28200295495942834,0.03862247443783855,0.015973330623657318,0.08725670707483049,0.12851937947331324,0.28200295495942834,0.015973330623657318,0.7815125634682694,0.8542187376726138,0.01263738561502784,0.8275961088784227,0.8929840089902793,0.5,Not cognition-prioritized
DHTKD1,3,0,0,0.16687114610345197,0.28650425005538527,0.04632182335976576,0.0410175205271567,0.01930969834975159,0.7325659777087725,0.8521608346825127,0.0410175205271567,0.46601617334668954,0.617083644880204,0.07863825120238899,0.16687114610345197,0.28650425005538527,0.5,Not cognition-prioritized
TSTD1,3,0,0,0.16751887844768426,0.28650425005538527,0.04425012784647849,0.03598393304627817,0.01900365708330905,0.7344025289028084,0.8521608346825127,0.03598393304627817,0.5188739720083035,0.658487773075725,0.07776279340984826,0.16751887844768426,0.28650425005538527,0.5,Not cognition-prioritized
TMEM143,3,0,0,0.13265231541697817,0.28892368804118773,0.0593342961902521,0.059175556093099976,0.0858290687126446,0.13265231541697817,0.28892368804118773,0.059175556093099976,0.301521976403796,0.44715171541243653,0.032998263765011714,0.570852262753658,0.6918275767146981,0.5,Not cognition-prioritized
LYPLAL1,3,0,0,0.1337271275546071,0.2892679000294693,0.06078067085394295,0.05856248374262135,0.08405014667228121,0.1337271275546071,0.2892679000294693,0.0397293821469263,0.4775432016484723,0.6272632754601588,0.05856248374262135,0.30079305440509285,0.4424849594544373,0.5,Not cognition-prioritized
FAM210B,3,0,0,0.17067681469019286,0.29027748223332056,0.04965925285194435,0.04585513273931489,0.04585513273931489,0.4163482216197131,0.5894619875155408,0.02520361999769692,0.654208343119778,0.7644963396610434,0.07791900581882125,0.17067681469019286,0.29027748223332056,0.5,Not cognition-prioritized
OCIAD2,3,0,0,0.16215696087744702,0.29035933307801176,0.04964750805592947,0.05729752226432657,0.01076000543553419,0.849506027397355,0.9166250177695517,0.08088499646792764,0.16215696087744702,0.29035933307801176,0.05729752226432657,0.32893084132752903,0.47203121469107745,0.5,Not cognition-prioritized
ABCD2,3,0,0,0.17146544752540127,0.2910777077657554,0.056932351767916514,0.07526118973784653,0.01712632537780183,0.7618971005419145,0.868922923532995,0.07526118973784653,0.1838159649844445,0.3149655579789639,0.07840954018810119,0.17146544752540127,0.2910777077657554,0.5,Not cognition-prioritized
TOMM40L,3,0,0,0.17291906093229134,0.2930017421352714,0.05201425288763121,0.06481501465357124,0.01271727569292002,0.8235710193221096,0.902442508614835,0.06481501465357124,0.25320372692648113,0.39603659852603457,0.07851046831640236,0.17291906093229134,0.2930017421352714,0.5,Not cognition-prioritized
MRPL34,3,0,0,0.1735621469001422,0.29354780852796697,0.05279989890271433,0.049673154595360765,0.02391074215407864,0.6848343838766144,0.8137967029183145,0.049673154595360765,0.422121243107078,0.5776355109604862,0.08481579995870359,0.1735621469001422,0.29354780852796697,0.5,Not cognition-prioritized
POLG,3,0,0,0.1379992821868879,0.2943551722525164,0.07916348004089868,0.07772977354890674,0.09057770120287836,0.1379992821868879,0.2943551722525164,0.07772977354890674,0.22243780412508954,0.35832850488460727,0.06918296537091094,0.2819619789931812,0.42433422825454076,0.5,Not cognition-prioritized
HARS,3,0,0,0.1375173153856152,0.2943551722525164,0.06915030482125137,0.06427657834693945,0.08382717520044036,0.1375173153856152,0.2943551722525164,0.059347160916374285,0.290778917577222,0.43616837636583305,0.06427657834693945,0.2577481964432266,0.397500517313372,0.5,Not cognition-prioritized
TRMU,3,0,0,0.1668911308726553,0.29594066811720854,0.05101740231246696,0.057155337814954445,0.01618449806366668,0.7781220248379863,0.8783252075536057,0.07971237105877975,0.1668911308726553,0.29594066811720854,0.057155337814954445,0.32327121339253806,0.46728777291338436,0.5,Not cognition-prioritized
ALDH1B1,3,0,0,0.1677984150198963,0.29609150444467247,0.07168340127402717,0.0746260421798372,0.06359635331793315,0.2562933270393321,0.4412767720748572,0.07682780832431117,0.1677984150198963,0.29609150444467247,0.0746260421798372,0.18786420587827835,0.3114053412656244,0.5,Not cognition-prioritized
VDAC1,3,0,0,0.1758422444085303,0.2963087543900649,0.06836817402012216,0.07218517155973188,0.07218517155973188,0.1980112082322205,0.36975562353567704,0.05625607976728883,0.31335559010324077,0.4587525839111445,0.07666327073334575,0.1758422444085303,0.2963087543900649,0.5,Not cognition-prioritized
RPUSD4,3,0,0,0.14453863982943135,0.3047300816680408,0.08233955525088109,0.07662286977841784,0.10246830251525511,0.14453863982943135,0.3047300816680408,0.06792749345897033,0.33754524338343284,0.48561933599975005,0.07662286977841784,0.2865926856362793,0.4277851669774806,0.5,Not cognition-prioritized
SARDH,3,0,0,0.17848804709019617,0.3084990885038519,0.06219296724699701,0.058820517428465745,0.05252859323085942,0.3474899590083259,0.531694502496017,0.07522979108166586,0.17848804709019617,0.3084990885038519,0.058820517428465745,0.29746194201338355,0.43970545548020346,0.5,Not cognition-prioritized
FHIT,3,0,0,0.14942381054434598,0.3108001315350286,0.06812310909658614,0.06978327261257662,0.08050840848286735,0.14942381054434598,0.3108001315350286,0.06978327261257662,0.21368765462247652,0.347821694341774,0.054077646194314474,0.3409679497349263,0.4842595676908676,0.5,Not cognition-prioritized
SYNE1,3,0,0,0.14955151495341534,0.3108001315350286,0.042201531360367306,0.0246230873038501,0.08204932473347312,0.14955151495341534,0.3108001315350286,0.019932182043778696,0.7269599570850159,0.8191728580453074,0.0246230873038501,0.6682485393376725,0.7671862151743668,0.5,Not cognition-prioritized
GUK1,3,0,0,0.14979547323163675,0.3108001315350286,0.020451278350888762,-0.005734591397397768,0.08069037879930469,0.14979547323163675,0.3108001315350286,-0.013601952349240628,0.8100838850990786,0.8740688948198811,-0.005734591397397768,0.9201426803067951,0.9513339576053305,0.5,Not cognition-prioritized
C1QBP,3,0,0,0.18702337383995343,0.31113888557010433,0.06769751625214998,0.06566931202803387,0.06187046717987725,0.2696390347414494,0.45436411931570203,0.06566931202803387,0.24390864540372212,0.38478691473173404,0.07555276954853882,0.18702337383995343,0.31113888557010433,0.5,Not cognition-prioritized
AMACR,3,0,0,0.1918250190495489,0.3158637950184608,0.04683832276701023,0.05599108872485095,0.009238795723709737,0.868300673713104,0.9238315307528955,0.05599108872485095,0.3233139282495259,0.4680889942220192,0.07528508385247,0.1918250190495489,0.3158637950184608,0.5,Not cognition-prioritized
TRAP1,3,0,0,0.1881128648013085,0.31993173102824773,0.061708786416599944,0.0629597791087018,0.0629597791087018,0.2610945527355581,0.446185701313598,0.07349598402453926,0.1881128648013085,0.31993173102824773,0.04867059611655877,0.40937507319271127,0.5537340425813949,0.5,Not cognition-prioritized
HSP90AB1,3,0,0,0.1955620795963071,0.32067975417674016,-0.03634631890706817,-0.039395425562747076,0.003079281748630215,0.9561076375159495,0.9806165814033581,-0.039395425562747076,0.4812446113366464,0.6272632754601588,-0.07272281290708767,0.1955620795963071,0.32067975417674016,0.5,Not cognition-prioritized
TRUB2,3,0,0,0.16576525435076955,0.32486886249353364,0.07675996118547337,0.08031490228177403,0.08771368964496198,0.16576525435076955,0.3311685758317776,0.06225129162968411,0.31137204202385266,0.45819923379172695,0.08031490228177403,0.199181892741937,0.32486886249353364,0.5,Not cognition-prioritized
TMLHE,3,0,0,0.19906707564168616,0.32486886249353364,0.06585937436667552,0.0653076593345309,0.059528071584828916,0.29116958380768815,0.4707070126926407,0.0653076593345309,0.24363712186812417,0.38478691473173404,0.07274239218066675,0.19906707564168616,0.32486886249353364,0.5,Not cognition-prioritized
RMND1,3,0,0,0.19199538064935834,0.32532550610030164,0.06228360003803699,0.06589399385168479,0.047856292677468625,0.39577545533912695,0.575730590835137,0.07310051358495756,0.19199538064935834,0.32532550610030164,0.06589399385168479,0.24437951133988192,0.380284443666653,0.5,Not cognition-prioritized
TOMM22,3,0,0,0.16140315392821863,0.3281864129873779,0.06794575896157573,0.06281473559350922,0.0791574033552831,0.16140315392821863,0.3281864129873779,0.06281473559350922,0.26365628472992747,0.40958489053970054,0.06186513793593487,0.27818855837103723,0.4193451909546937,0.5,Not cognition-prioritized
C8ORF82,3,0,0,0.19590733648104525,0.32982223111326026,0.047780682746688334,0.0531020317676497,0.015913197900345805,0.7798794996575003,0.8788051012150403,0.07432681857206949,0.19590733648104525,0.32982223111326026,0.0531020317676497,0.36427101041555343,0.50731807386641,0.5,Not cognition-prioritized
COX14,3,0,0,0.20324479632197356,0.3303179194220352,0.04414265274422878,0.044485027001759464,0.013838359390286511,0.8186530399610076,0.9014049717982214,0.044485027001759464,0.4426468206703079,0.5947457282134093,0.07410457184064037,0.20324479632197356,0.3303179194220352,0.5,Not cognition-prioritized
BCKDK,3,0,0,0.19695201239209334,0.3306625529151659,0.05817844541529102,0.06096473693748919,0.06096473693748919,0.28278133564890945,0.462871059246426,0.0734269403276027,0.19695201239209334,0.3306625529151659,0.04014365898078117,0.4867057526028471,0.6193821469146107,0.5,Not cognition-prioritized
ACADS,3,0,0,0.16558638084757313,0.3311685758317776,0.0606857886629327,0.05196120735336472,0.07969709946328987,0.16558638084757313,0.3311685758317776,0.050399059172143504,0.3782489603784127,0.5300119429498432,0.05196120735336472,0.3722741594771486,0.5168136415744773,0.5,Not cognition-prioritized
OXR1,3,0,0,0.16565217098217153,0.3311685758317776,0.052114189801148264,0.042325040062316445,0.07741022820044592,0.16565217098217153,0.3311685758317776,0.036607301140682426,0.5113915771856168,0.6526126821824817,0.042325040062316445,0.4551341732197999,0.5943594391306806,0.5,Not cognition-prioritized
MRPL23,3,0,0,0.1989025335936626,0.33271630390896034,0.05959583988994589,0.07241023790652867,0.03144610705814611,0.5870584949464996,0.7378551138407241,0.07493117470516289,0.1989025335936626,0.33271630390896034,0.07241023790652867,0.22129676661360215,0.35337965349292494,0.5,Not cognition-prioritized
NIPSNAP3A,3,0,0,0.17154448139597456,0.341224348863732,0.057344636093662076,0.04960052635130948,0.0769427214408364,0.17154448139597456,0.341224348863732,0.04549066048884034,0.4223367834235686,0.5776355109604862,0.04960052635130948,0.3831725337064008,0.528016367983971,0.5,Not cognition-prioritized
VARS2,3,0,0,0.20828251349177776,0.3421517052872112,0.051691440547146514,0.06003364706540202,0.024034248114088833,0.674380452422978,0.8055588955183091,0.0710064264619487,0.20828251349177776,0.3421517052872112,0.06003364706540202,0.29366763306644883,0.43479916546246067,0.5,Not cognition-prioritized
PISD,3,0,0,0.21367322596788937,0.347821694341774,0.06561937445621038,0.07083723613652276,0.05508037449624784,0.3366670089169417,0.5212357244653159,0.07083723613652276,0.21367322596788937,0.347821694341774,0.07094051273586056,0.21750917006653658,0.3485479695462013,0.5,Not cognition-prioritized
DNAJC30,3,0,0,0.21401487859499319,0.347821694341774,0.050310342102505706,0.05196223073770338,0.05196223073770338,0.35587954034358593,0.538231040354349,0.06984410558772534,0.21401487859499319,0.347821694341774,0.029124689982088392,0.6083908220744281,0.7201521373843489,0.5,Not cognition-prioritized
YME1L1,3,0,0,0.17661864891872442,0.34828893051860527,0.03681413216993546,0.030636320403339135,0.07591497044091416,0.17661864891872442,0.34828893051860527,0.030636320403339135,0.5876379156289622,0.7131149771889925,0.003891105665553087,0.9462051379086727,0.9652378340618702,0.5,Not cognition-prioritized
OXLD1,3,0,0,0.2172560011282143,0.3485479695462013,0.05718922695380507,0.06264469336659917,0.06264469336659917,0.26542875466489935,0.44904145032082166,0.039076557181421764,0.48770158136462927,0.6326246062465628,0.06984643031339428,0.2172560011282143,0.3485479695462013,0.5,Not cognition-prioritized
SLC30A9,3,0,0,0.21818578862021776,0.3490209730550686,0.05783893506654299,0.05941301330319399,0.05941301330319399,0.2884343912731808,0.4687699254262175,0.044504294294517056,0.4283154952234184,0.5823308738921662,0.06959949760191791,0.21818578862021776,0.3490209730550686,0.5,Not cognition-prioritized
SLC25A18,3,0,0,0.18003562663688383,0.35046007598194895,0.05555623780410136,0.053056011356920715,0.07538208565547061,0.18003562663688383,0.35046007598194895,0.053056011356920715,0.34478872800951,0.4944854014556452,0.038230616399912765,0.503383853699755,0.6335573949591139,0.5,Not cognition-prioritized
AK3,3,0,0,0.18288229339608755,0.35088584254542116,0.03289345141713007,0.01658970861147144,0.07440101378501603,0.18288229339608755,0.35088584254542116,0.007689631854902744,0.8915107498568742,0.9332108301802494,0.01658970861147144,0.7706287239362268,0.8578166452574787,0.5,Not cognition-prioritized
ATP5F1B,3,0,0,0.21854453254652714,0.353926101380659,0.047732223196981706,0.04457345727356018,0.029002040400626098,0.6106541015042515,0.7622762658613781,0.06962117191675884,0.21854453254652714,0.353926101380659,0.04457345727356018,0.4402225930139725,0.5855748752763984,0.5,Not cognition-prioritized
LAP3,3,0,0,0.21962575233736614,0.3550486985665901,0.04933789847360322,0.06312130834211097,0.015901890096899133,0.7784937085529773,0.8783252075536057,0.06899049698179956,0.21962575233736614,0.3550486985665901,0.06312130834211097,0.26729835441650807,0.4069517375891928,0.5,Not cognition-prioritized
MCU,3,0,0,0.2243670225266639,0.35579865790623477,0.04917382688793599,0.04132644341661779,0.04132644341661779,0.4599854759038954,0.6189510447824476,0.037418241801424675,0.5050467996279502,0.647223839859348,0.06877679544576551,0.2243670225266639,0.35579865790623477,0.5,Not cognition-prioritized
SUCLG2,3,0,0,0.22416043476999079,0.35579865790623477,-0.034971053422503125,-0.06799627851871475,0.033950721021396,0.554746777945943,0.7050160329778111,-0.06799627851871475,0.23661352198852184,0.37791316197396246,-0.07086760277019064,0.22416043476999079,0.35579865790623477,0.5,Not cognition-prioritized
HSCB,3,0,0,0.22595862751401108,0.36336053457877004,0.06432787778022457,0.06440421203999955,0.06440421203999955,0.24919083359826516,0.4318363877697209,0.06761732875853885,0.22595862751401108,0.36336053457877004,0.06096209254213533,0.282744692276714,0.4248134539132895,0.5,Not cognition-prioritized
ACAA2,3,0,0,0.1947704883562344,0.367453601744236,0.04566462183888712,0.033107530442647984,0.07537710951188253,0.1947704883562344,0.367453601744236,0.033107530442647984,0.5718921030136932,0.6995738960662156,0.028509225562130844,0.6284703383811924,0.7381904488046098,0.5,Not cognition-prioritized
MCUR1,3,0,0,0.19614716816574063,0.36928942154661043,0.0173588028533472,-0.004032765094683069,0.07256978141076706,0.19614716816574063,0.36928942154661043,-0.016460607756042394,0.7687860016453364,0.8495642409486508,-0.004032765094683069,0.9431951781972401,0.9642721654195248,0.5,Not cognition-prioritized
PCK2,3,0,0,0.23462193189237585,0.36949925590623733,0.043054558126844895,0.05674876625268374,0.003899755827026665,0.9455288954653327,0.9742780848544814,0.05674876625268374,0.31647382439862126,0.4611043779056345,0.06851515230082428,0.23462193189237585,0.36949925590623733,0.5,Not cognition-prioritized
ST13,3,0,0,0.1975050827586832,0.369564725407352,0.040395304261913755,0.02437875429009422,0.07269731884314708,0.1975050827586832,0.369564725407352,0.024109839652499975,0.6709165815850473,0.7775790705621667,0.02437875429009422,0.6708896222121264,0.7692037451310518,0.5,Not cognition-prioritized
PHYH,3,0,0,0.1989483104802011,0.36999533351500813,0.045542375738606054,0.04543723167790962,0.07255843370548598,0.1989483104802011,0.36999533351500813,0.018631461832422556,0.742189046650219,0.8301992392236558,0.04543723167790962,0.4273168710539441,0.5741482188169734,0.5,Not cognition-prioritized
TDRKH,3,0,0,0.19876652320777194,0.36999533351500813,0.044243020879012496,0.03849614463579892,0.07178765338326776,0.19876652320777194,0.36999533351500813,0.03849614463579892,0.4915661636429033,0.6352867792842607,0.02244526461797081,0.6908301442566349,0.7832832490642143,0.5,Not cognition-prioritized
MTG1,3,0,0,0.2370733934131743,0.37791316197396246,0.05700266954548161,0.061115441338464825,0.03464489744422965,0.5692606794113131,0.7204336399188817,0.07524766985375037,0.2370733934131743,0.37791316197396246,0.061115441338464825,0.34323731180154826,0.4854128907239825,0.5,Not cognition-prioritized
PRDX3,3,0,0,0.24245050678804386,0.38423820026269184,0.059739009071296395,0.06581560709219611,0.06583543706303403,0.24326389748077323,0.4247833324330296,0.06581560709219611,0.24245050678804386,0.38423820026269184,0.04756598305865904,0.40717635873721225,0.551951502114027,0.5,Not cognition-prioritized
GTPBP3,3,0,0,0.24272096147741629,0.38423820026269184,0.05328308048461469,0.04775687173997435,0.04775687173997435,0.40163968645317516,0.5797230874874277,0.06823169138790554,0.24272096147741629,0.38423820026269184,0.04386067832596418,0.4604683551005446,0.599557896444716,0.5,Not cognition-prioritized
MICU3,3,0,0,0.24527266679545331,0.3860707970658735,0.05779251587495622,0.054206692195281785,0.05381649330902025,0.3364274054004335,0.5212357244653159,0.06535436212056663,0.24527266679545331,0.3860707970658735,0.054206692195281785,0.34136330181487384,0.4842595676908676,0.5,Not cognition-prioritized
BPHL,3,0,0,0.21415427173088805,0.38956492770131723,0.04181697872708036,0.03884353537999784,0.07072825326185085,0.21415427173088805,0.38956492770131723,0.03884353537999784,0.49375155992931163,0.6372111104870524,0.01587914753939239,0.7851367073768252,0.8665863537391979,0.5,Not cognition-prioritized
HTATIP2,3,0,0,0.25180782600963464,0.3898547560047643,-0.022796212167463217,-0.020563430816217997,0.01726828583162751,0.7591892568079067,0.8672386641438634,-0.020563430816217997,0.7133448643976753,0.8071512374866435,-0.06509349151779917,0.25180782600963464,0.3898547560047643,0.5,Not cognition-prioritized
FIS1,3,0,0,0.2148940181992757,0.3901349735165422,0.025952159953883072,0.03568698452144787,0.07023741896412594,0.2148940181992757,0.3901349735165422,0.03568698452144787,0.5262588286458263,0.6660122105268755,-0.028067923623924594,0.6252696060919546,0.736321350803267,0.5,Not cognition-prioritized
STX17,3,0,0,0.21645203906193622,0.3914103077898649,0.04386060783764265,0.03546535271640896,0.0693533623258672,0.21645203906193622,0.3914103077898649,0.026763108470651796,0.6324482798230853,0.7495986736245117,0.03546535271640896,0.5309737782579215,0.6555729830318612,0.5,Not cognition-prioritized
PNPLA8,3,0,0,0.2580495161575333,0.397500517313372,0.05283538378735497,0.0551681283430264,0.0551681283430264,0.32890607905045455,0.5109491720393309,0.03791360813016023,0.502921127383184,0.6463101566792322,0.06542441488887828,0.2580495161575333,0.397500517313372,0.5,Not cognition-prioritized
VDAC2,3,0,0,0.26654443677938844,0.40648026608856735,0.0546057729802321,0.05227377202005793,0.05227377202005793,0.3510742003604811,0.5353881555497336,0.04869276874096633,0.3826559479458257,0.5329226672304879,0.06285077817967204,0.26654443677938844,0.40648026608856735,0.5,Not cognition-prioritized
NDUFAF2,3,0,0,0.26824824827719035,0.40771951357745706,0.06047485617260788,0.0608058306989938,0.0608058306989938,0.281187457993302,0.4622094828562712,0.057171924736504544,0.31227200219132684,0.4586338394944849,0.06344681308232529,0.26824824827719035,0.40771951357745706,0.5,Not cognition-prioritized
TIMM17A,3,0,0,0.2703640195404072,0.4093874335302731,0.078192006872042,0.0829558103373003,0.0829558103373003,0.28187201249595556,0.4622094828562712,0.06548639160748893,0.3974740910694209,0.5477240863381327,0.08613381867133676,0.2703640195404072,0.4093874335302731,0.5,Not cognition-prioritized
ACACA,3,0,0,0.23043305641439144,0.4110063286923356,0.05269951951569143,0.04921299542756195,0.06743827109625769,0.23043305641439144,0.4110063286923356,0.04921299542756195,0.38209302256676914,0.5329226672304879,0.04144729202325465,0.46713308881558335,0.6015326144327859,0.5,Not cognition-prioritized
MTG2,3,0,0,0.234196340628356,0.4149862828298696,0.058660574446620414,0.05315891693667569,0.0788023558825923,0.234196340628356,0.4149862828298696,0.05315891693667569,0.4341799277811522,0.5859507874922629,0.04402045052059325,0.5137847376350533,0.6439904588165394,0.5,Not cognition-prioritized
CHCHD1,3,0,0,0.2707706270977916,0.41779953422340527,0.043885967984730975,0.05916001968844258,0.009075196677132386,0.8704634210967488,0.9250569457648375,0.06342268758861795,0.2707706270977916,0.41779953422340527,0.05916001968844258,0.31454753010469044,0.45801743004605294,0.5,Not cognition-prioritized
THEM4,3,0,0,0.2733425932376159,0.420350374474653,0.06023408181242621,0.05994489460010243,0.05994489460010243,0.28897787982644657,0.4688204965269479,0.06170613616237587,0.2733425932376159,0.420350374474653,0.05905121467480033,0.2987070568663474,0.4406080486517977,0.5,Not cognition-prioritized
TOMM6,3,0,0,0.27739169561996757,0.4240386610271443,0.03153591540493425,0.03259431927650182,6.846453591200677e-4,0.9903504643399444,0.9946988747212396,0.06132878157918087,0.27739169561996757,0.4240386610271443,0.03259431927650182,0.5680202418797671,0.6893083837135104,0.5,Not cognition-prioritized
CYB5R3,3,0,0,0.2864259524507071,0.4277851669774806,0.04944635751848105,0.05801610872786118,0.05801610872786118,0.30273130310649227,0.48257690303561046,0.026619335641807233,0.6431096541736119,0.7553855373156032,0.06370362818577475,0.2864259524507071,0.4277851669774806,0.5,Not cognition-prioritized
SLC25A28,3,0,0,0.28667770980145685,0.4321418525013723,-0.03543875085468399,-0.055631038744127795,0.023068005612081943,0.7351638063687118,0.8521608346825127,-0.0737532194320061,0.28667770980145685,0.4321418525013723,-0.055631038744127795,0.4313420007815212,0.5757146481924336,0.5,Not cognition-prioritized
ABCB6,3,0,0,0.28866794597335904,0.43442626737767026,-0.017296271006940103,-0.02949182546875242,0.03717928953682075,0.5110493872690879,0.668014556216022,-0.05957627708888865,0.28866794597335904,0.43442626737767026,-0.02949182546875242,0.6041608930080926,0.7160733470204558,0.5,Not cognition-prioritized
FARS2,3,0,0,0.2917468120599453,0.4367966799172039,0.04128841162214507,0.05845136316309012,0.006475330502852198,0.9085129926407474,0.9467988476836945,0.05893854120049289,0.2917468120599453,0.4367966799172039,0.05845136316309012,0.3041770774758997,0.44556351999406607,0.5,Not cognition-prioritized
MTFR1L,3,0,0,0.29415249646332636,0.4382078979508557,0.03942037482411465,0.032957332642566735,0.025125199820351447,0.6556377959440406,0.7966913456690533,0.06017859200942578,0.29415249646332636,0.4382078979508557,0.032957332642566735,0.5735512788795535,0.693262113837241,0.5,Not cognition-prioritized
TRMT1,3,0,0,0.3034091833716367,0.44556351999406607,0.03983879615222733,0.04208775736113856,0.019258398386891907,0.7313456240176599,0.8521608346825127,0.04208775736113856,0.4507318691909348,0.6029527197510312,0.05817023270865153,0.3034091833716367,0.44556351999406607,0.5,Not cognition-prioritized
ECHDC1,3,0,0,0.26568355002775906,0.44904145032082166,0.04896216775381213,0.05311145678702396,0.06293432981078875,0.26568355002775906,0.44904145032082166,0.05311145678702396,0.3456962649895263,0.4950110836704485,0.030840716663623684,0.5897930934878396,0.7045178597145864,0.5,Not cognition-prioritized
RMDN3,3,0,0,0.27200577642106616,0.45650328822966124,0.03774624779037763,0.034290233163063934,0.062078169089347504,0.27200577642106616,0.45650328822966124,0.01687034111872144,0.7682563424813221,0.8495642409486508,0.034290233163063934,0.5534477952175385,0.6770116746310798,0.5,Not cognition-prioritized
SFXN5,3,0,0,0.2729041515427592,0.45650328822966124,0.036214413671985114,0.03179167938652669,0.061390535170859684,0.2729041515427592,0.45650328822966124,0.015461026458568962,0.7816817769608279,0.8542187376726138,0.03179167938652669,0.5761601765080432,0.6954967829879413,0.5,Not cognition-prioritized
PTRH2,3,0,0,0.31541782480338226,0.46103404104647727,0.04353664808939095,0.045906720890790925,0.045906720890790925,0.4139653436254658,0.588667360180314,0.0573652400446484,0.31541782480338226,0.46103404104647727,0.02733798333273352,0.6350937389943678,0.7402684983182759,0.5,Not cognition-prioritized
CLPX,3,0,0,0.28166591369300403,0.4622094828562712,0.05016037642563874,0.046938672383557097,0.060294253889227545,0.28166591369300403,0.4622094828562712,0.04324820300413157,0.4463110308247361,0.5987897261065007,0.046938672383557097,0.4125980425365029,0.5568247919187318,0.5,Not cognition-prioritized
GATM,3,0,0,0.27955667170574144,0.4622094828562712,4.8208740975633907e-4,-0.02563393863186019,0.06100079476629885,0.27955667170574144,0.4622094828562712,-0.02563393863186019,0.6479353264810448,0.7595386607229403,-0.03392059390516964,0.5519432553258186,0.6760750717846371,0.5,Not cognition-prioritized
RDH14,3,0,0,0.31952021045866924,0.46332962372374387,0.04969181400561789,0.05180303132413045,0.05180303132413045,0.36001120759738303,0.5419872881624391,0.04057267688811982,0.4722118156197517,0.6225847424957821,0.05669973380460339,0.31952021045866924,0.46332962372374387,0.5,Not cognition-prioritized
CASP3,3,0,0,0.3191584729567276,0.46427663395136054,0.04335190050958069,0.04782774668436691,0.0248927126933332,0.6700420783499872,0.8045584363173156,0.05733524215104196,0.3191584729567276,0.46427663395136054,0.04782774668436691,0.41651056575724466,0.5612771246949615,0.5,Not cognition-prioritized
ECH1,3,0,0,0.32315870660005785,0.4680889942220192,0.04055959336865415,0.049973022950891684,0.016260650505417237,0.7734898670600455,0.8748371178738463,0.05544510664965351,0.32315870660005785,0.4680889942220192,0.049973022950891684,0.37813991415898407,0.5218673023461092,0.5,Not cognition-prioritized
RPS4X,3,0,0,0.3242178990850152,0.46865620483852904,0.0463572762113352,0.04526605595608637,0.04526605595608637,0.4338068054105265,0.5968920706024539,0.05683035588522914,0.3242178990850152,0.46865620483852904,0.036975416792690105,0.5278765781891719,0.6535954926158217,0.5,Not cognition-prioritized
SLC25A32,3,0,0,0.32970100735986274,0.47203121469107745,0.05227459421514659,0.05043438909878197,0.05043438909878197,0.37478883472904034,0.5556231856088738,0.050297187514615344,0.3727557901492401,0.5250907871361558,0.05609220603204246,0.32970100735986274,0.47203121469107745,0.5,Not cognition-prioritized
LACTB,3,0,0,0.3301639097292782,0.47203121469107745,0.04174525992353201,0.04956950873662785,0.04956950873662785,0.3772953838171831,0.5559183191509219,0.020739943910686846,0.7104538315698309,0.8065325755414333,0.05492632712328133,0.3301639097292782,0.47203121469107745,0.5,Not cognition-prioritized
GLRX5,3,0,0,0.3323450232916989,0.47440826257707414,0.04748184142135254,0.04431064984910821,0.04261436501637355,0.4528580630626208,0.6111580054606165,0.04431064984910821,0.43375028808298355,0.5859507874922629,0.05552050939857586,0.3323450232916989,0.47440826257707414,0.5,Not cognition-prioritized
NUDT9,3,0,0,0.3420016448586489,0.4844140944979315,0.02643094954743456,0.023333713451615567,0.002295547251523459,0.9674123860644397,0.9846299591200914,0.023333713451615567,0.6761034087302558,0.7811043169042727,0.05366358793916466,0.3420016448586489,0.4844140944979315,0.5,Not cognition-prioritized
AKAP1,3,0,0,0.3241321878295309,0.48642936728926506,0.04936529094095567,0.053421615853089396,0.055295736438481846,0.3241321878295309,0.5061108393583973,0.03937852053129576,0.4801632508463213,0.6272632754601588,0.053421615853089396,0.3448790058753616,0.48642936728926506,0.5,Not cognition-prioritized
NIT1,3,0,0,0.3504598884522696,0.49258187086609323,0.0384308333373266,0.03443294008356663,0.02658968784185,0.6375128992613973,0.7843397973172516,0.03443294008356663,0.5393025636678379,0.6743541059506519,0.05426987208656317,0.3504598884522696,0.49258187086609323,0.5,Not cognition-prioritized
TFAM,3,0,0,0.3527724910648483,0.49507182411708006,0.0387501121924077,0.03328748765518842,0.03328748765518842,0.5547667144743432,0.7050160329778111,0.029677162413467323,0.6002508407036684,0.721762057489999,0.05328568650856734,0.3527724910648483,0.49507182411708006,0.5,Not cognition-prioritized
ROMO1,3,0,0,0.3492051315464786,0.49847534378319486,0.058511875345982546,0.054889759034235146,0.054889759034235146,0.47521097184817074,0.633575313159245,0.06639992801879212,0.3492051315464786,0.49847534378319486,0.05424593898492038,0.44524052594580854,0.5878716901016087,0.5,Not cognition-prioritized
MTHFS,3,0,0,0.3570126584634076,0.500255103359905,0.0419988936919969,0.04873550188478345,0.00706802357490285,0.9213134637191516,0.9547019471155421,0.04873550188478345,0.5148039521056322,0.6551399390495877,0.0701931556163044,0.3570126584634076,0.500255103359905,0.5,Not cognition-prioritized
MT-ND5,3,0,0,0.321538161128319,0.5037798243705683,0.04636646816306949,0.04694067600993312,0.05542356494181613,0.321538161128319,0.5037798243705683,0.03673516353745922,0.5092697632314743,0.6509640150853016,0.04694067600993312,0.40467690886811225,0.5518321484565166,0.5,Not cognition-prioritized
SCP2,3,0,0,0.361435368421243,0.5056779237086197,0.027358165956736978,0.02239274005724606,0.007818608724932195,0.8893350021504052,0.93426122499152775,0.02239274005724606,0.6937969781537665,0.7935302937633705,0.05186314908803268,0.361435368421243,0.5056779237086197,0.5,Not cognition-prioritized
ATP5F1C,3,0,0,0.3678104785168247,0.5114689784846422,0.03086667928066083,0.030203262453499635,0.010338470223868385,0.8552095431355515,0.9173701429883115,0.030203262453499635,0.5919063770799575,0.7154402597618538,0.05205830516461447,0.3678104785168247,0.5114689784846422,0.5,Not cognition-prioritized
GATB,3,0,0,0.37581515148056044,0.5202282354080375,0.04717443604149581,0.04832208962185712,0.04305397967303105,0.441988641974002,0.6027117845100027,0.04832208962185712,0.38555046154825345,0.5361377998733312,0.050147238829599254,0.37581515148056044,0.5202282354080375,0.5,Not cognition-prioritized
MTRF1,3,0,0,0.3780434299366222,0.5218673023461092,0.04506857212973309,0.05535383942112407,0.05535383942112407,0.3905591219101958,0.5690471282608746,0.016012637345606397,0.82455863695768306,0.8844913866544901,0.0638392396224688,0.3780434299366222,0.5218673023461092,0.5,Not cognition-prioritized
SDSL,3,0,0,0.37222223249511244,0.5250907871361558,-0.027890834919925327,-0.043918407992776444,0.011081513412474656,0.8462198685739291,0.9166250177695517,-0.050835610179474196,0.37222223249511244,0.5250907871361558,-0.043918407992776444,0.45026511368783306,0.5925840170042493,0.5,Not cognition-prioritized
COX7A1,3,0,0,0.3421353511260534,0.5261409181182166,0.023250133622284508,0.010787360070774065,0.053088066321909495,0.3421353511260534,0.5261409181182166,0.005874974474169957,0.9158516084812645,0.9405210120767195,0.010787360070774065,0.84934346670897,0.9068283843472061,0.5,Not cognition-prioritized
DNAJC28,3,0,0,0.34607434403427706,0.5304154519118317,0.020923490411149895,0.00828226341118311,0.058365144703983185,0.34607434403427706,0.5304154519118317,0.00828226341118311,0.8987418004414127,0.9343304613390823,-0.003876936881716614,0.9528438697653855,0.9708821167431267,0.5,Not cognition-prioritized
MDH2,3,0,0,0.3728628902630061,0.5321501391957271,0.046965677502565924,0.049247795016291486,0.050352949015460696,0.3728628902630061,0.5547472269766677,0.049247795016291486,0.3809380777849194,0.5321501391957271,0.041296288475945596,0.4683265673146024,0.6015326144327859,0.5,Not cognition-prioritized
MTFMT,3,0,0,0.39146066283485514,0.5435303588678186,0.018759601951129183,0.011005517072742657,0.011005517072742657,0.8519920787567397,0.9167579845665701,0.050749203055905974,0.39146066283485514,0.5435303588678186,-0.005475914275261082,0.9275509608579132,0.9545442592106422,0.5,Not cognition-prioritized
GPX1,3,0,0,0.3630565401899116,0.544876106236308,0.0017932167194850436,-0.01927732610469612,0.05112954609987108,0.3630565401899116,0.544876106236308,-0.02647256983671983,0.6357642166464643,0.750576880525604,-0.01927732610469612,0.7378778162036552,0.8284149715660669,0.5,Not cognition-prioritized
DARS2,3,0,0,0.39808705169069647,0.5452839106242324,0.04077136107522416,0.0386990928191698,0.0386990928191698,0.49533711022386817,0.652134468855884,0.03506965106144676,0.5348028025171065,0.6712545463692078,0.04854533934505592,0.39808705169069647,0.5452839106242324,0.5,Not cognition-prioritized
HSPA5,3,0,0,0.38290928701947313,0.5592691357752202,0.022424465978608962,0.00972554277986256,0.048811735061399776,0.38290928701947313,0.5592691357752202,0.00873612009456455,0.8754089116466759,0.9217481635865459,0.00972554277986256,0.8638527109549722,0.9180316266246219,0.5,Not cognition-prioritized
AK2,3,0,0,0.38138056330031556,0.5592691357752202,0.017629633793664536,0.010695843528213178,0.0495137916006784,0.38138056330031556,0.5592691357752202,0.010695843528213178,0.8494870212824215,0.9048668503765025,-0.007320733747897965,0.8988707100435016,0.9386778848106203,0.5,Not cognition-prioritized
TRMT61B,3,0,0,0.4203187372167976,0.5655759478726027,-0.015280808238842168,-0.0034473615759291255,0.003245755568665372,0.9545588771781814,0.9802709008058766,-0.0034473615759291255,0.9510036134381383,0.9657805841241915,-0.04564081870926275,0.4203187372167976,0.5655759478726027,0.5,Not cognition-prioritized
RMDN1,3,0,0,0.4283634322048834,0.5747104698936485,0.02258060955820038,0.016132155259136548,0.0065307644789639584,0.9075603154249077,0.9467988476836945,0.016132155259136548,0.7728170017682575,0.8529886087068222,0.045078908936500635,0.4283634322048834,0.5747104698936485,0.5,Not cognition-prioritized
PDE2A,3,0,0,0.3998942876152517,0.578960875265752,0.02847261328383504,0.02707307588232761,0.047268697637204565,0.3998942876152517,0.578960875265752,0.01107606633197295,0.8429151730882838,0.9010132983361911,0.02707307588232761,0.6317229704906595,0.7391643452672039,0.5,Not cognition-prioritized
FTH1,3,0,0,0.42606556835486453,0.5801776653284231,0.02971983035651016,0.04259695160434791,0.0019060398277838818,0.9729813527742469,0.9848207276420753,0.04465649963739869,0.42606556835486453,0.5801776653284231,0.04259695160434791,0.45371917235819514,0.5943594391306806,0.5,Not cognition-prioritized
ALDH2,3,0,0,0.4035058364076006,0.5814296697841804,0.03377671746243138,0.040171078224101806,0.04763415458508717,0.4035058364076006,0.5814296697841804,0.040171078224101806,0.47958675257148997,0.6272632754601588,0.01352491957810516,0.8156281877526917,0.8864519877055707,0.5,Not cognition-prioritized
RNMTL1,3,0,0,0.40719043779922504,0.58401392636376,0.03208631284777577,0.03945024369808086,0.0465685509531404,0.40719043779922504,0.58401392636376,0.03945024369808086,0.48069930808387806,0.6272632754601588,0.010240143892106049,0.8565654090510848,0.9113457549787704,0.5,Not cognition-prioritized
SURF1,3,0,0,0.43328275101880265,0.5859507874922629,0.03521451538914419,0.042013011177050176,0.020049414098119316,0.7203160348279604,0.8430660169512291,0.04358112089226308,0.43328275101880265,0.5859507874922629,0.042013011177050176,0.4553167439501904,0.5943594391306806,0.5,Not cognition-prioritized
MSRB2,3,0,0,0.4448496794274086,0.5878716901016087,0.03624025006521793,0.03976296986395601,0.025437408193544356,0.6510482092215879,0.7932550867467588,0.03976296986395601,0.4798412114681869,0.6272632754601588,0.043520372138153414,0.4448496794274086,0.5878716901016087,0.5,Not cognition-prioritized
CARS2,3,0,0,0.4448777681309851,0.5878716901016087,-0.02676004160065584,-0.04106470771356949,0.003740298006114115,0.9467524835523867,0.9744415325651674,-0.04106470771356949,0.4604586748743622,0.6106082427681759,-0.04295571509451215,0.4448777681309851,0.5878716901016087,0.5,Not cognition-prioritized
HSD17B8,3,0,0,0.4372276943577642,0.5883284416725798,0.03509099864598357,0.03781762435031143,0.023853810946255723,0.6726636106915261,0.8045584363173156,0.04360156064138356,0.4372276943577642,0.5883284416725798,0.03781762435031143,0.5158243999468323,0.6450125196891618,0.5,Not cognition-prioritized
NUBPL,3,0,0,0.43694497388695663,0.5883284416725798,-0.017825180326493047,-0.03482273450311764,0.024644505608526768,0.6604997964610935,0.8015348988884622,-0.043297312084888274,0.43694497388695663,0.5883284416725798,-0.03482273450311764,0.5365136567146908,0.660713318834377,0.5,Not cognition-prioritized
SMIM20,3,0,0,0.42255513011331813,0.5916408180174276,0.023979839305297106,0.023151634142516687,0.04549661941658647,0.42255513011331813,0.5916408180174276,0.023151634142516687,0.6838035219043608,0.788430814650151,0.003291264356788168,0.9543979424958475,0.9710382608141399,0.5,Not cognition-prioritized
GFM2,3,0,0,0.45535078342142854,0.5943594391306806,0.03468344927977211,0.0347840894144961,0.0347840894144961,0.5400665192191885,0.6960012184303627,0.026637437609743485,0.6374818070662416,0.7507025141127556,0.04262882081507676,0.45535078342142854,0.5943594391306806,0.5,Not cognition-prioritized
MAOA,3,0,0,0.4312814185165019,0.5956026993810256,0.016086218840126426,0.011054751350499402,0.04418372446283272,0.4312814185165019,0.5956026993810256,-0.006979819292952845,0.9007934491242107,0.9343304613390823,0.011054751350499402,0.8455040216434178,0.905897166046519,0.5,Not cognition-prioritized
SPATA20,3,0,0,0.4472529027749693,0.5991748258259106,0.03153033870662786,0.04147211342785004,0.010691273560922003,0.8490628483833756,0.9166250177695517,0.04242762913111154,0.4472529027749693,0.5991748258259106,0.04147211342785004,0.46346643453765124,0.600031890233677,0.5,Not cognition-prioritized
PYURF,3,0,0,0.46064393573839935,0.599557896444716,-0.009209668693570082,0.003804717348619447,0.011996937618490017,0.8374430200167072,0.9111300396138966,0.003804717348619447,0.9475827704571688,0.9657805841241915,-0.04343066104781971,0.46064393573839935,0.599557896444716,0.5,Not cognition-prioritized
SERPINH1,3,0,0,0.46389818281544537,0.600031890233677,-0.013379595360159143,-0.019370244730072535,0.020861400533877722,0.7121927933879904,0.8365294043003995,-0.019370244730072535,0.7309087341422122,0.8219531316128661,-0.041629941884282616,0.46389818281544537,0.600031890233677,0.5,Not cognition-prioritized
SLC25A14,3,0,0,0.4380750773783312,0.6000579278460675,0.031922787839791925,0.039005701361459894,0.04374403978674337,0.4380750773783312,0.6000579278460675,0.013018622371172517,0.8176303090724131,0.8780888882643872,0.039005701361459894,0.493629570426365,0.6255831813575125,0.5,Not cognition-prioritized
HINT2,3,0,0,0.46873525037221464,0.6015326144327859,0.016840193811730467,0.007059194828587431,0.002168317549593493,0.9694865383744562,0.9848207276420753,0.007059194828587431,0.9001981205963285,0.9343304613390823,0.041293069057010474,0.46873525037221464,0.6015326144327859,0.5,Not cognition-prioritized
C2ORF69,3,0,0,0.4417066652255369,0.6027117845100027,0.02941330279680027,0.031082857006191907,0.04307148711173676,0.4417066652255369,0.6027117845100027,0.014085564272472144,0.8010796319520453,0.8674412582675994,0.031082857006191907,0.5858569243740352,0.7025945091812875,0.5,Not cognition-prioritized
ARL2,3,0,0,0.470850932739596,0.6034014054015832,-0.021067997322355432,-0.032260935037428204,0.010446171198616487,0.8526350217116406,0.9167579845665701,-0.032260935037428204,0.5686857256534188,0.6969232221085581,-0.04138922812825458,0.470850932739596,0.6034014054015832,0.5,Not cognition-prioritized
ECHDC2,3,0,0,0.4435373009711193,0.6039235571258544,0.024603547039413417,0.033558053447219335,0.04462324426564243,0.4435373009711193,0.6039235571258544,0.033558053447219335,0.5574332550669749,0.6911265967293795,-0.0043706565946215106,0.9396144047684412,0.9616858840750823,0.5,Not cognition-prioritized
SPTLC2,3,0,0,0.45921047027948625,0.6098368364379244,0.025179852683888487,0.022490586833770167,0.022490586833770167,0.688093394478178,0.8155511087403275,0.04389057364614551,0.45921047027948625,0.6098368364379244,0.00915839757174979,0.8789304909926916,0.925456155648231,0.5,Not cognition-prioritized
GLUD2,3,0,0,0.45201080553912176,0.6111580054606165,0.023463325698002566,0.024551884599031057,0.042275164111103,0.45201080553912176,0.6111580054606165,0.0035629283838736385,0.9491427494775928,0.9657805841241915,0.024551884599031057,0.6654860620714456,0.7659367884218524,0.5,Not cognition-prioritized
ABCD3,3,0,0,0.4818647748638024,0.6157908784921498,0.03935009866397902,0.04006867887348266,0.03729453882901679,0.5140095887580522,0.6709254974516659,0.04006867887348266,0.4833054961935621,0.6290533840926164,0.040687078289437614,0.4818647748638024,0.6157908784921498,0.5,Not cognition-prioritized
NLRX1,3,0,0,0.4829680685887717,0.6163400038475957,0.0019470415452590196,0.015061767712996,0.03138974425310617,0.5779434750503928,0.7294045236842889,0.015061767712996,0.7913879069047665,0.8620475414498349,-0.04061038733032511,0.4829680685887717,0.6163400038475957,0.5,Not cognition-prioritized
SERAC1,3,0,0,0.46553380170766034,0.62549695824157,0.03027890427921171,0.02748869456381603,0.041282070905723015,0.46553380170766034,0.62549695824157,0.02206594736809609,0.6971914791473576,0.7954343498535204,0.02748869456381603,0.6308713953930878,0.7391643452672039,0.5,Not cognition-prioritized
PET100,3,0,0,0.4802076093043779,0.6272632754601588,0.03170351738329016,0.033255030462063344,0.033255030462063344,0.5502149192668333,0.7021571145455404,0.04036862847486763,0.4802076093043779,0.6272632754601588,0.021486893212939496,0.7100001037809535,0.8023679099002442,0.5,Not cognition-prioritized
MTRF1L,3,0,0,0.49663054549441965,0.628515835584224,-0.023946408791716098,-0.035121215248052576,0.009484273012521294,0.8679750990845118,0.9238315307528955,-0.035121215248052576,0.6002851647539773,0.721762057489999,-0.04620228413961701,0.49663054549441965,0.628515835584224,0.5,Not cognition-prioritized
PDIA6,3,0,0,0.4980020590623163,0.6291449568324644,0.03642266457424756,0.03808132942723343,0.03808132942723343,0.4980020590623163,0.6543261113676059,0.03256847759955619,0.5632819575252126,0.6927459558273783,0.038618186695953065,0.49830822847290013,0.6291449568324644,0.5,Not cognition-prioritized
AKAP10,3,0,0,0.5020260690246657,0.6327188060021613,-0.020637251814074727,-0.03103987449762652,0.007069533767583255,0.899628593292945,0.9418308499577169,-0.03103987449762652,0.5773244906496182,0.7033980145731035,-0.03794141471218092,0.5020260690246657,0.6327188060021613,0.5,Not cognition-prioritized
AASS,3,0,0,0.47615719051244254,0.633575313159245,0.01958647828988616,0.013349607090564557,0.04036363404713113,0.47615719051244254,0.633575313159245,0.013349607090564557,0.8150002640285012,0.8762928808297046,0.005046193731962803,0.9299138120430761,0.9545442592106422,0.5,Not cognition-prioritized
PRKACA,3,0,0,0.47514095256455324,0.633575313159245,0.013754338478155546,0.0024161640083411153,0.04044571546721675,0.47514095256455324,0.633575313159245,-0.0015988640410912263,0.9777214475151018,0.980937636487191,0.0024161640083411153,0.9666800070996602,0.9771256677190476,0.5,Not cognition-prioritized
PITRM1,3,0,0,0.47732226204984185,0.6338895062055229,0.028189424999624624,0.022979093719488034,0.04040587267266809,0.47732226204984185,0.6338895062055229,0.022979093719488034,0.6841683790516064,0.788430814650151,0.021183308606717743,0.7114615451161058,0.8026970576833993,0.5,Not cognition-prioritized
SLC25A22,3,0,0,0.4902379181473454,0.6344663297097893,0.03204038585864859,0.03747157284350738,0.019962112754005862,0.7223449503316531,0.844119577973771,0.03868747197843252,0.4902379181473454,0.6344663297097893,0.03747157284350738,0.5088483289647565,0.6386779437623487,0.5,Not cognition-prioritized
PNPO,3,0,0,0.5160100157513294,0.6450125196891618,-0.01333202303719157,-0.017299033724479242,0.01404585896548001,0.8017474107062008,0.8902899038788517,-0.017299033724479242,0.7568738960857966,0.8425056142560874,-0.036742894352575474,0.5160100157513294,0.6450125196891618,0.5,Not cognition-prioritized
CHDH,3,0,0,0.526392009391411,0.6526404994487005,0.02637519583067275,0.03456957455609011,0.00844037673867582,0.8816208532488334,0.9293583879293579,0.03456957455609011,0.5394832847605215,0.6743541059506519,0.03611563619725232,0.526392009391411,0.6526404994487005,0.5,Not cognition-prioritized
EHHADH,3,0,0,0.5315209604769412,0.6555729830318612,0.020441406591043265,0.018235505669674495,0.006359164361098664,0.9119711194630875,0.9493214724786405,0.018235505669674495,0.7530142191851887,0.8402536714078631,0.036729549742356635,0.5315209604769412,0.6555729830318612,0.5,Not cognition-prioritized
UQCC2,3,0,0,0.5002186418551022,0.6557307411137802,0.026556762707181037,0.03284447993959751,0.037898640153770015,0.5002186418551022,0.6557307411137802,0.008927168028175591,0.8736756673941515,0.9209829903982127,0.03284447993959751,0.5638326943455284,0.6874383477796727,0.5,Not cognition-prioritized
UQCC1,3,0,0,0.5051712449045842,0.6612756639308935,0.01141595561120325,0.0028025899112115262,0.03787166028605151,0.5051712449045842,0.6612756639308935,-0.006426383363653291,0.9097014734431075,0.9384180926724276,0.0028025899112115262,0.9610733222073035,0.9749247115517546,0.5,Not cognition-prioritized
USP30,3,0,0,0.5422775651196019,0.6669139409737039,-0.021008979636355143,-0.03059793405652886,0.001958850725960635,0.9721554964580739,0.9848207276420753,-0.03059793405652886,0.583482989657316,0.7099560312984631,-0.0343878555784972,0.5422775651196019,0.6669139409737039,0.5,Not cognition-prioritized
COQ6,3,0,0,0.5305833331211818,0.6694021473982122,0.022951083992888872,0.023657532789631786,0.01014396688062959,0.8569652104640979,0.9181770112115334,0.035051752308405244,0.5305833331211818,0.6694021473982122,0.023657532789631786,0.6775774488639743,0.7740116925225174,0.5,Not cognition-prioritized
NTHL1,3,0,0,0.5560839316285864,0.6793281674768445,-0.008962984638028004,-0.016230077404809067,0.026966541887931465,0.671364963440721,0.8045584363173156,-0.016230077404809067,0.7966998564221264,0.8647453957606709,-0.03762541839720641,0.5560839316285864,0.6793281674768445,0.5,Not cognition-prioritized
ACLY,3,0,0,0.5657279517793372,0.6874383477796727,-0.012602704563046352,-0.015930978529972613,0.010497362344596556,0.8515062428531147,0.9167579845665701,-0.015930978529972613,0.7749220253905198,0.8532534936610418,-0.032374497503763,0.5657279517793372,0.6874383477796727,0.5,Not cognition-prioritized
ALDH1L1,3,0,0,0.5327812381801829,0.6895259306009438,0.023569155332162493,0.02243421750867173,0.03582967322037509,0.5327812381801829,0.6895259306009438,0.02243421750867173,0.6972003809645064,0.7954343498535204,0.012443575267440655,0.8321818076909141,0.8968743863806672,0.5,Not cognition-prioritized
GOLPH3,3,0,0,0.5596996804400072,0.6924438085269351,0.024194500585785886,0.025274455943422196,0.025274455943422196,0.6519429783973362,0.7932550867467588,0.03255821968008073,0.5596996804400072,0.6924438085269351,0.014750826133854738,0.7948906274693822,0.8762950893186563,0.5,Not cognition-prioritized
PTRH1,3,0,0,0.5490891495238035,0.6927459558273783,0.03268530217115056,0.03522210567593914,0.0368138632610809,0.5490891495238035,0.7016991226456427,0.03522210567593914,0.5617678729680324,0.6927459558273783,0.026019937576431625,0.6716872047647109,0.7692037451310518,0.5,Not cognition-prioritized
EARS2,3,0,0,0.5728581049981056,0.693262113837241,0.009896733365791988,0.01631528268060966,0.01631528268060966,0.7722729516761614,0.8745417707718907,-0.018728629585595027,0.7381474744557106,0.8277021312830578,0.03210354700236133,0.5728581049981056,0.693262113837241,0.5,Not cognition-prioritized
SLC25A15,3,0,0,0.5372973428103012,0.694388515072635,0.01920127548819021,0.018069514768724065,0.03880969086442448,0.5372973428103012,0.694388515072635,0.018069514768724065,0.7766906464220089,0.853563651850308,7.246208314220862e-4,0.9910628017496728,0.9927063238805709,0.5,Not cognition-prioritized
NIT2,3,0,0,0.5443897980716088,0.6986208488576747,0.005341758732501014,0.005526220995155281,0.033956736662918804,0.5443897980716088,0.6986208488576747,-0.02345768146057104,0.6757217262351273,0.7811043169042727,0.005526220995155281,0.9219792914598566,0.9521569432119287,0.5,Not cognition-prioritized
PDPR,3,0,0,0.5825499918520278,0.7022835870152904,-0.0032717693978687734,0.0017581169685048506,0.020967536381951736,0.7090692901506152,0.8339311060254664,0.0017581169685048506,0.9750883351915347,0.9803987296626535,-0.032540961544062906,0.5825499918520278,0.7022835870152904,0.5,Not cognition-prioritized
ARF5,3,0,0,0.5946181328929048,0.7084317598919373,0.029495528085787627,0.029139526186722556,0.029139526186722556,0.6058415177856232,0.7583378779395968,0.02841872622325742,0.6209931026298701,0.7417868001388134,0.030928331847382907,0.5946181328929048,0.7084317598919373,0.5,Not cognition-prioritized
CASP9,3,0,0,0.5961635859793695,0.7093493903395619,-0.015448169469834083,-0.031152108610698375,0.02169386069225889,0.7531463504960303,0.8624892499422624,-0.031152108610698375,0.6560948382857983,0.7654969487339819,-0.036886260491062764,0.5961635859793695,0.7093493903395619,0.5,Not cognition-prioritized
NT5DC2,3,0,0,0.6020497323421297,0.7219862452071412,0.02959812594110172,0.030704558883118727,0.030704558883118727,0.6170136103844177,0.7682452637908973,0.032488210929644996,0.6020497323421297,0.7219862452071412,0.025601608010541437,0.6866654896418308,0.781466322167009,0.5,Not cognition-prioritized
ALKBH7,3,0,0,0.6332470613404337,0.740001355206254,-0.005977022235828701,0.005974091970229985,0.005974091970229985,0.9268441164251844,0.9582625610497668,0.008908231530384654,0.8952017913578834,0.9339904664680312,-0.03281339020810074,0.6332470613404337,0.740001355206254,0.5,Not cognition-prioritized
ATPAF2,3,0,0,0.6196338848936418,0.7424956830629771,-0.004505176802430923,-0.013888075309258816,0.027958647093262613,0.6196338848936418,0.7682452637908973,-0.027586102191296567,0.6226051356815892,0.7424956830629771,-0.013888075309258816,0.8072578372346639,0.8837577181262364,0.5,Not cognition-prioritized
MOGS,3,0,0,0.6282740125033048,0.7465853525201609,-0.006375246445606997,-0.01597842460156624,0.024026179635264766,0.67021469278013,0.8045584363173156,-0.027173494370519517,0.6282740125033048,0.7465853525201609,-0.01597842460156624,0.778766504897211,0.8637228508859977,0.5,Not cognition-prioritized
MRS2,3,0,0,0.6360785147747342,0.750576880525604,-0.0044933372431140905,0.0011651340640836244,0.012175441774759202,0.831257412846354,0.9065560581101476,-0.0268205875681851,0.6360785147747342,0.750576880525604,0.0011651340640836244,0.9839330561747335,0.9893392817581111,0.5,Not cognition-prioritized
DCAKD,3,0,0,0.6420888226767142,0.7551558775696574,0.01692985621868394,0.015362318827503345,0.015362318827503345,0.7850803697563822,0.8835775379176996,0.026042843300511428,0.6420888226767142,0.7551558775696574,0.009384406528037048,0.8684727327690496,0.9218707082177265,0.5,Not cognition-prioritized
COASY,3,0,0,0.6491357734266003,0.7595386607229403,-0.010514469114107864,-0.007925314240973556,0.0020640028938024805,0.9709370581966202,0.9848207276420753,-0.025682095995152514,0.6491357734266003,0.7595386607229403,-0.007925314240973556,0.8912636219563317,0.9320071018171927,0.5,Not cognition-prioritized
SND1,3,0,0,0.6567378194056566,0.7654969487339819,-0.003496344371503766,0.002306808627775146,0.012052391859462878,0.8302416249919248,0.9065287432787723,-0.02484823360174932,0.6567378194056566,0.7654969487339819,0.002306808627775146,0.9675145955775488,0.9771256677190476,0.5,Not cognition-prioritized
ACOT11,3,0,0,0.618198548500547,0.7682452637908973,0.007525005110386887,0.017011177409289636,0.028310683995230183,0.618198548500547,0.7682452637908973,-0.022746846073359157,0.6885856914794577,0.7901166890361078,0.017011177409289636,0.7674444473041255,0.8553126300648902,0.5,Not cognition-prioritized
GUF1,3,0,0,0.6688403737506055,0.7774223776375976,0.013223803295455342,0.014883849833965962,0.014883849833965962,0.791661835962394,0.8858553494883614,0.024150406066708048,0.6688403737506055,0.7774223776375976,6.371539856920136e-4,0.9911774573080678,0.9927063238805709,0.5,Not cognition-prioritized
AK4,3,0,0,0.6707340375647287,0.7901166890361078,-9.965031777087999e-4,-0.004415647718962027,0.024260354730761484,0.6707340375647287,0.8045584363173156,-0.02283421654492586,0.68891454940647,0.7901166890361078,-0.004415647718962027,0.9388560374182428,0.9616858840750823,0.5,Not cognition-prioritized
TOMM34,3,0,0,0.6460385876793673,0.7902744755703489,0.011794754563196267,0.005768833560677189,0.02578539567587992,0.6460385876793673,0.7902744755703489,0.005768833560677189,0.9176332651122141,0.9412942125310269,0.00383003445303169,0.9462495488016367,0.9652378340618702,0.5,Not cognition-prioritized
ALDH6A1,3,0,0,0.6716507677950553,0.8045584363173156,0.011810662872136146,0.009987504192654382,0.023869542652767306,0.6716507677950553,0.8045584363173156,0.009987504192654382,0.8591895545950713,0.9088536906988327,0.0015749417709867504,0.9779644513709278,0.9855038248947123,0.5,Not cognition-prioritized
SOD2,3,0,0,0.7121400557441546,0.8071512374866435,-2.4887396614458e-4,0.005742020059704464,0.01418939439059252,0.8001933105956908,0.8901421521166579,-0.02067803634873072,0.7121400557441546,0.8071512374866435,0.005742020059704464,0.9193924950825652,0.9513339576053305,0.5,Not cognition-prioritized
STOM,3,0,0,0.7179167273149526,0.8109800067817057,0.0026257146091683455,0.011188588212377202,0.01694256265310429,0.7635126016617793,0.868922923532995,-0.020254007037976456,0.7179167273149526,0.8109800067817057,0.011188588212377202,0.8431675696046453,0.9044529029170582,0.5,Not cognition-prioritized
MT-CYB,3,0,0,0.6832689405496752,0.8129923024745811,0.015367911913014568,0.01727110205863389,0.025638478706434584,0.6832689405496752,0.8129923024745811,0.0031941549739752315,0.9584295494667188,0.9705893018405669,0.01727110205863389,0.7814342768711764,0.8639489753260637,0.5,Not cognition-prioritized
ERAL1,3,0,0,0.686491649392607,0.8147079885787748,0.014635050449242551,0.019016991981237876,0.022555708862931054,0.686491649392607,0.8147079885787748,0.0023324505035587227,0.9674394762226104,0.9770498021453515,0.019016991981237876,0.7435017673758766,0.831667624876439,0.5,Not cognition-prioritized
TIMMDC1,3,0,0,0.6900428714375283,0.8157483557691712,0.014914650735033104,0.012825387349117564,0.02236789911419627,0.6900428714375283,0.8157483557691712,0.009550665741785478,0.8651896579027863,0.9141438071374706,0.012825387349117564,0.8233444159152221,0.8914779280117721,0.5,Not cognition-prioritized
PRDX5,3,0,0,0.6909947063126913,0.8158195564853066,-0.001426739721851036,-0.010874800824566407,0.02254476989153715,0.6909947063126913,0.8158195564853066,-0.010874800824566407,0.84824502110929,0.904596963071096,-0.015950188232523848,0.7818030071803068,0.8639489753260637,0.5,Not cognition-prioritized
COX7A2,3,0,0,0.7475655666965988,0.8351922997892405,-0.004559600076680566,-0.008022127512193573,0.01253517561187245,0.8254410889263603,0.902442508614835,-0.018191848329720574,0.7475655666965988,0.8351922997892405,-0.008022127512193573,0.8889528523536225,0.9306543019491585,0.5,Not cognition-prioritized
RAB24,3,0,0,0.7576604408114277,0.8454381748078736,-0.00496235096352919,-0.01086662637985787,0.013462265745475741,0.8111304300606187,0.8963579027843793,-0.01086662637985787,0.846835209238531,0.9041472770749777,-0.01748269225620544,0.7576604408114277,0.8454381748078736,0.5,Not cognition-prioritized
TXN2,3,0,0,0.7823336635733883,0.8542187376726138,9.360097539936602e-4,0.005684435998135104,0.005684435998135104,0.9194015455426142,0.9538009230969297,-0.015430767844245007,0.7823336635733883,0.8542187376726138,0.012554361108090883,0.8252260164218261,0.8914779280117721,0.5,Not cognition-prioritized
NMNAT3,3,0,0,0.7713204106793852,0.8542187376726138,-0.0032994058983663054,-0.010722350564791918,0.016312812356130368,0.7713204106793852,0.8745417707718907,-0.015488679486437366,0.7814347782568297,0.8542187376726138,-0.010722350564791918,0.8493463665415908,0.9068283843472061,0.5,Not cognition-prioritized
DHRS1,3,0,0,0.7467491413587419,0.8573681906198052,0.004155764224214233,0.0075663435038257855,0.018221683802291076,0.7467491413587419,0.8573681906198052,0.0075663435038257855,0.894115488998579,0.9339220004950911,-0.013320734633474161,0.8157295886864377,0.8864519877055707,0.5,Not cognition-prioritized
AIFM2,3,0,0,0.797898657367649,0.8650204638523682,0.007682051801412264,0.005870616084582479,9.84907392260939e-4,0.9870901525844746,0.993075991143845,0.016190631927393374,0.797898657367649,0.8650204638523682,0.005870616084582479,0.9259285031307762,0.9541400917920477,0.5,Not cognition-prioritized
ISCA1,3,0,0,0.7626688419664956,0.868922923532995,0.01253143277905688,0.013542899710773992,0.01690474454892696,0.7626688419664956,0.868922923532995,0.0071466540774696875,0.8982865509571898,0.9343304613390823,0.013542899710773992,0.8121500808915737,0.8846634809711784,0.5,Not cognition-prioritized
PCMT1,3,0,0,0.8248660837580332,0.8914779280117721,-0.004053284258397071,-0.007981499925496998,0.008399332761430034,0.8816179263392193,0.9293583879293579,-0.007981499925496998,0.8870095415781352,0.9296835401420317,-0.012577685611124248,0.8248660837580332,0.8914779280117721,0.5,Not cognition-prioritized
LDHB,3,0,0,0.8549729323521876,0.9173701429883115,0.007046139869251212,0.00890409009988217,0.010257649459766654,0.8549729323521876,0.9173701429883115,0.0019766800481048116,0.9717227191315971,0.9781973908427861,0.00890409009988217,0.8745829647400098,0.9251368933376983,0.5,Not cognition-prioritized
GLUD1,3,0,0,0.8724368700871099,0.9207378732753235,-0.0018159028229037314,-0.0050152095839328115,0.008637367207831882,0.8777972024472969,0.9274647115926982,-0.009069866092610264,0.8724368700871099,0.9207378732753235,-0.0050152095839328115,0.9300294053083515,0.9545442592106422,0.5,Not cognition-prioritized
MTPAP,3,0,0,0.8998680374136142,0.9386778848106203,-0.0023858880477523443,-2.438582705706057e-4,0.00033756171788313966,0.9952870680516077,0.9963760035746401,-2.438582705706057e-4,0.9965721528233217,0.9965721528233217,-0.007251367590569567,0.8998680374136142,0.9386778848106203,0.5,Not cognition-prioritized
DNLZ,3,0,0,0.9034473709550246,0.9404486284685409,4.036539022697884e-4,0.0015176704407707353,0.006754132560733268,0.9046168340665717,0.9459707464810436,0.0015176704407707353,0.9791862582417051,0.9813312445686312,-0.0070608412946946385,0.9034473709550246,0.9404486284685409,0.5,Not cognition-prioritized
ACOT9,3,0,0,0.9500275502828721,0.9657805841241915,-0.0010815192639138937,-5.999417021556756e-4,8.745613585521267e-4,0.9876493463834962,0.993075991143845,-0.003519177448138132,0.9500275502828721,0.9657805841241915,-5.999417021556756e-4,0.9916213989364392,0.9927063238805709,0.5,Not cognition-prioritized
GNG12,3,0,0,1.0254095126675858e-4,0.0056760787363656145,-0.20435715123003056,-0.21761604345214275,-0.16583986471627735,0.004596981163879044,0.04450149737929574,-0.21761604345214275,1.9770920864572186e-4,0.011636259931392614,-0.2296155455216716,1.0254095126675858e-4,0.0056760787363656145,0,Not cognition-prioritized
NBR1,3,0,0,3.0622046502793245e-4,0.007572749337852925,-0.17483316619914185,-0.1690645751770706,-0.13791760652055005,0.022757901722285413,0.09835926461846571,-0.1690645751770706,0.005100500101996249,0.03547680025422538,-0.21751731689980494,3.0622046502793245e-4,0.007572749337852925,0,Not cognition-prioritized
SPIRE1,3,0,0,4.376972981006965e-4,0.009102114267321302,-0.17187780916369721,-0.17239273488350998,-0.14238924372279124,0.01172322174259151,0.0715116526298082,-0.17239273488350998,0.0022192365520886633,0.023873216367061814,-0.20085144888479042,4.376972981006965e-4,0.009102114267321302,0,Not cognition-prioritized
DBI,3,0,0,4.0526719491253913e-4,0.009258647900669673,-0.19257801805155167,-0.206807952466242,-0.1637909541511126,0.005416739034881357,0.04612586193187077,-0.20713514753730036,4.0526719491253913e-4,0.013734054938702714,-0.206807952466242,4.809394209633214e-4,0.009258647900669673,0,Not cognition-prioritized
GRHPR,3,0,0,0.0010787555163956368,0.012941477501752785,-0.16507643952433976,-0.16265181272484563,-0.14801419454014664,0.008506333241075519,0.05826078974751195,-0.16265181272484563,0.0035980166134981276,0.030483196308803577,-0.18456331130802703,0.0010787555163956368,0.012941477501752785,0,Not cognition-prioritized
PPIA,3,0,0,0.0019876489736240723,0.016654970004516472,-0.16060444571337598,-0.1603313493619743,-0.1603313493619743,0.004195700221807881,0.042030376252107,-0.14577214632478683,0.009595387178566192,0.04797693589283096,-0.17570984145336685,0.0019876489736240723,0.016654970004516472,0,Not cognition-prioritized
GLOD4,3,0,0,9.117768141290297e-4,0.016873294306344856,-0.15600410288440772,-0.15940744722491576,-0.12189296330318355,0.030876242169425742,0.11813666526979648,-0.18671189812512382,9.117768141290297e-4,0.016873294306344856,-0.15940744722491576,0.005225500395411388,0.030071275860386288,0,Not cognition-prioritized
HINT3,3,0,0,0.0023194092746851047,0.018295340399455785,-0.11840193328195527,-0.15185565788765013,-0.033246207787924253,0.5533952856884072,0.7050160329778111,-0.15185565788765013,0.006110170316579212,0.039933978535752104,-0.17010393417029143,0.0023194092746851047,0.018295340399455785,0,Not cognition-prioritized
DTYMK,3,0,0,0.0030738547510765044,0.02155326320257224,-0.13546369279537346,-0.1344163320409717,-0.10477854052451104,0.06299299120992792,0.1784476376380311,-0.1344163320409717,0.016153484584237394,0.06354609891533414,-0.16719620582063768,0.0030738547510765044,0.02155326320257224,0,Not cognition-prioritized
EEF1A1,3,0,0,0.004071561733595277,0.02569295852579089,-0.11398568541378724,-0.13496141298218245,-0.044925219595394,0.4234023144283522,0.5916408180174276,-0.13496141298218245,0.015376769338543435,0.06300333490698827,-0.16207042366378527,0.004071561733595277,0.02569295852579089,0,Not cognition-prioritized
ALDH9A1,3,0,0,0.0015721398391291095,0.029357305159247657,-0.15543333147217844,-0.15069138490098705,-0.1762298714715478,0.0015721398391291095,0.029357305159247657,-0.15069138490098705,0.007674762669088993,0.04393524389860085,-0.1393787380440005,0.013952990892033104,0.05353761549779453,0,Not cognition-prioritized
MACROD1,3,0,0,0.00168486843344827,0.029371085829921685,-0.16073592646995621,-0.15719496676660843,-0.17587453832827568,0.00168486843344827,0.029371085829921685,-0.14913827431498455,0.00855692690617597,0.04578706502427493,-0.15719496676660843,0.006349356898352786,0.03365237832907187,0,Not cognition-prioritized
PRDX6,3,0,0,0.00501340618531366,0.02968277035256319,-0.1393990680118371,-0.1539120153653654,-0.10163683885203742,0.07537601918332894,0.19688769501823236,-0.1539120153653654,0.0072902480944645135,0.04303598068667761,-0.1626483498181085,0.00501340618531366,0.02968277035256319,0,Not cognition-prioritized
PARK7,3,0,0,0.0063994686658562895,0.03365237832907187,-0.1329354326590884,-0.15288069781873126,-0.0895274012015125,0.11559641023904832,0.2631112322605204,-0.15288069781873126,0.007122151834949387,0.04259326097371692,-0.15639819895702142,0.0063994686658562895,0.03365237832907187,0,Not cognition-prioritized
SPHK2,3,0,0,0.002347580896187543,0.034154159292827495,-0.12273707742189399,-0.10784510653817998,-0.17701559602433045,0.002347580896187543,0.034154159292827495,-0.08335052970317156,0.1557368775893803,0.2805103208548877,-0.10784510653817998,0.07290170696006318,0.15732325912372125,0,Not cognition-prioritized
FASN,3,0,0,0.0036272927328694334,0.04047527866555526,-0.12051085934402962,-0.10539392982398134,-0.16259940787365565,0.0036272927328694334,0.04047527866555526,-0.09353924033445188,0.0941300887624879,0.19845398898082128,-0.10539392982398134,0.0623907795679829,0.1402642833039419,0,Not cognition-prioritized
IGHG2,3,0,0,0.011091682767095684,0.04708395371259375,-0.11135802999142348,-0.11300127759838516,-0.07506765917166858,0.18078377689997804,0.35046007598194895,-0.11300127759838516,0.04213506747441797,0.11862642073566906,-0.1460051532042167,0.011091682767095684,0.04708395371259375,0,Not cognition-prioritized
GAPDH,3,0,0,0.012551844524269362,0.05010712282231214,-0.10944074489679097,-0.09584898508896626,-0.09165683045670155,0.10311055023414895,0.24253509887981048,-0.09584898508896626,0.08608474715610928,0.18533539681844705,-0.1408164191447051,0.012551844524269362,0.05010712282231214,0,Not cognition-prioritized
ISOC2,3,0,0,0.01574366010967055,0.05671436614310454,-0.11923323603790732,-0.12495144523087856,-0.12495144523087856,0.02660971996339626,0.10803714889811862,-0.09372716720048625,0.09960448309263481,0.2070413379349736,-0.13902109568235715,0.01574366010967055,0.05671436614310454,0,Not cognition-prioritized
ENO1,3,0,0,0.016422757955455308,0.05824350205132406,-0.11742826220718237,-0.11773138107911636,-0.11773138107911636,0.03536082220404006,0.12688295026155552,-0.09793958057739685,0.08171803626743505,0.17974039227092087,-0.1366138249650339,0.016422757955455308,0.05824350205132406,0,Not cognition-prioritized
NUDT5,3,0,0,0.016671898977476958,0.05889879368490894,-0.11925049042768149,-0.12255171837600509,-0.0988590775857501,0.0817903408137777,0.20781240749006655,-0.12255171837600509,0.02990535263180404,0.09601192160737088,-0.13634067532128927,0.016671898977476958,0.05889879368490894,0,Not cognition-prioritized
HEBP1,3,0,0,0.016181684204669786,0.06354609891533414,-0.1230215915577577,-0.12138243090706041,-0.11367457595283847,0.04317473984714004,0.141024886262161,-0.1340077678133742,0.016181684204669786,0.06354609891533414,-0.12138243090706041,0.031845794023175576,0.09088707890737541,0,Not cognition-prioritized
PIN4,3,0,0,0.019390633453954028,0.06405209245620193,-0.10060005140867576,-0.11186843332623579,-0.0567344445752204,0.31383464319751164,0.4942490508188006,-0.11186843332623579,0.04528354671974459,0.12331680133501875,-0.13319727632457107,0.019390633453954028,0.06405209245620193,0,Not cognition-prioritized
PRDX2,3,0,0,0.019476439911336164,0.06410410978011723,-0.10897515772473428,-0.11575373741313869,-0.07798764023629767,0.16876754214318668,0.3364320284553721,-0.11575373741313869,0.04019811080401469,0.11566437542664604,-0.13318409552476645,0.019476439911336164,0.06410410978011723,0,Not cognition-prioritized
MPST,3,0,0,0.012073431049891763,0.07316019477252293,-0.090480807259376,-0.06710751319384554,-0.14310994926205817,0.012073431049891763,0.07316019477252293,-0.06710751319384554,0.23910265323267052,0.3798245272706485,-0.06122495932222429,0.29091658049532537,0.4321244661578291,0,Not cognition-prioritized
LACTB2,3,0,0,0.025419707503671812,0.07778940590588532,-0.11621824795930341,-0.12361703665460062,-0.09952615741920902,0.07548421970423135,0.19688769501823236,-0.12361703665460062,0.026605896052005692,0.08820432930284496,-0.1255115498041006,0.025419707503671812,0.07778940590588532,0,Not cognition-prioritized
KPNB1,3,0,0,0.033724583147566545,0.09307375004430468,-0.10934808470681023,-0.11007109904536087,-0.09759514487371355,0.08263135456190883,0.20886102050869218,-0.11007109904536087,0.04893970621367113,0.12979661213191038,-0.12037801020135626,0.033724583147566545,0.09307375004430468,0,Not cognition-prioritized
BLOC1S1,3,0,0,0.042054579276197365,0.10456505445032768,-0.08921101688008887,-0.0974577974278873,-0.05225717462228914,0.36697665936975576,0.5486660838616446,-0.0974577974278873,0.09033844306815152,0.19218870810930194,-0.11791807859009017,0.042054579276197365,0.10456505445032768,0,Not cognition-prioritized
EXD2,3,0,0,0.04357376357748205,0.10746629022478725,-0.09437260843868474,-0.10544281433730932,-0.06325907477404001,0.26115413742560545,0.446185701313598,-0.10544281433730932,0.060254339124389926,0.14546891899423953,-0.11441593620470487,0.04357376357748205,0.10746629022478725,0,Not cognition-prioritized
HINT1,3,0,0,0.046144435228429044,0.111551056579679,-0.09335818665339388,-0.09307603257336225,-0.09307603257336225,0.0972951893423949,0.23365562384508978,-0.0737620643889919,0.1881000388819339,0.31993173102824773,-0.1132364629978275,0.046144435228429044,0.111551056579679,0,Not cognition-prioritized
CLPP,3,0,0,0.04809634645646737,0.1287883224872046,-0.09731240998699725,-0.09138707703826451,-0.09138707703826451,0.10214717866914039,0.24088832083057593,-0.10980898427263633,0.04809634645646737,0.1287883224872046,-0.09074116865009091,0.10697270125923952,0.20959319411606886,0,Not cognition-prioritized
TUBB,3,0,0,0.051243311264689964,0.13358299090367898,-0.09615320756995945,-0.10411441670293116,-0.07493964685850907,0.18272011856081766,0.35088584254542116,-0.10940555914843811,0.051243311264689964,0.13358299090367898,-0.10411441670293116,0.06800767111813144,0.14780764625437118,0,Not cognition-prioritized
QDPR,3,0,0,0.060036501389095435,0.13631116320352935,-0.0762732733686239,-0.07234633280554288,-0.04947401217940154,0.3802435997847081,0.5592691357752202,-0.07234633280554288,0.1960910313941132,0.32982223111326026,-0.10699947512092726,0.060036501389095435,0.13631116320352935,0,Not cognition-prioritized
NUDT6,3,0,0,0.04225876326737369,0.1400969869190106,-0.09613131223157165,-0.09434767468792697,-0.11365540548961059,0.04225876326737369,0.1400969869190106,-0.09434767468792697,0.09591512765349877,0.20128977477741142,-0.08039085651717737,0.16292236383127195,0.2812716281237997,0,Not cognition-prioritized
MGARP,3,0,0,0.04298681816686497,0.14097827463326684,-0.09159928433431692,-0.07781074885655673,-0.1253339908467319,0.04298681816686497,0.14097827463326684,-0.07165311329966215,0.23705547703754762,0.37791316197396246,-0.07781074885655673,0.2017256656770937,0.3284323560401081,0,Not cognition-prioritized
QTRT1,3,0,0,0.04661602022933061,0.14951295276479498,-0.05622166640701011,-0.03867805899294544,-0.11082353610834973,0.04661602022933061,0.14951295276479498,-0.03867805899294544,0.4881234666776758,0.6326246062465628,-0.019163404119735154,0.7339779235862804,0.8250488944489516,0,Not cognition-prioritized
GCDH,3,0,0,0.06397138198899685,0.15203588186995354,0.0536600910354305,0.07937667948469568,-0.022083065043329905,0.6955390153443108,0.8190710412355785,0.10368665866492571,0.06397138198899685,0.15203588186995354,0.07937667948469568,0.16691314414870528,0.28650425005538527,0,Not cognition-prioritized
METTL5,3,0,0,0.06923083445210736,0.16077719168446253,-0.08918283576610204,-0.11967884738371237,-0.017709485814661776,0.7972911744388547,0.8885766438630354,-0.130160174099932,0.06923083445210736,0.16077719168446253,-0.11967884738371237,0.09844966319463613,0.19841727273808824,0,Not cognition-prioritized
PAICS,3,0,0,0.052919565328994035,0.1614046742534318,-0.08969162471748952,-0.08913208398833798,-0.1083435112899933,0.052919565328994035,0.1614046742534318,-0.08913208398833798,0.11008021832868495,0.22234746086257554,-0.07159927887413728,0.20526664193581914,0.33301237122566407,0,Not cognition-prioritized
MT-CO1,3,0,0,0.07420097249122037,0.1658327979763604,0.06603580409215824,0.10240349960209776,-0.006846842517819989,0.9059883484607869,0.946323446166233,0.10240349960209776,0.07420097249122037,0.17058766288810714,0.10255075519219696,0.07756987708621012,0.1658327979763604,0,Not cognition-prioritized
COX17,3,0,0,0.05922405297213521,0.17243237577268222,-0.06858084557718491,-0.06058542122440643,-0.1066608755193762,0.05922405297213521,0.17243237577268222,-0.06058542122440643,0.2840287946892195,0.4307538994913681,-0.03849623998777213,0.5083733496578969,0.6386779437623487,0,Not cognition-prioritized
TMEM70,3,0,0,0.05974756131683877,0.1730032234332515,-0.05971199632491837,-0.03962506579365333,-0.10593091373382245,0.05974756131683877,0.1730032234332515,-0.033580009447279346,0.5511380368182788,0.6842487159955565,-0.03962506579365333,0.4880008377505758,0.6201677313080234,0,Not cognition-prioritized
TMEM14C,3,0,0,0.08271916707277444,0.17359641713667112,-0.07678194065938626,-0.07155639357060058,-0.07155639357060058,0.23402407464971614,0.4149862828298696,-0.054065316661448606,0.36139743914232236,0.5126800880856202,-0.1047241117461096,0.08271916707277444,0.17359641713667112,0,Not cognition-prioritized
GTPBP6,3,0,0,0.06087398690227492,0.17515628306786651,-0.07024256509579094,-0.054917258899147454,-0.10811707159455028,0.06087398690227492,0.17515628306786651,-0.054917258899147454,0.3567987980073105,0.5077307934318649,-0.047693364793675086,0.4445987510839491,0.5878716901016087,0,Not cognition-prioritized
TUBB4B,3,0,0,0.07961453685002282,0.17546043800906677,-0.09059097408174166,-0.09754957182061737,-0.09843853012519292,0.07961453685002282,0.20405406503577278,-0.07578482029941468,0.1755057887999246,0.30582868416003894,-0.09754957182061737,0.08418265823604407,0.17546043800906677,0,Not cognition-prioritized
PRDX4,3,0,0,0.08114281693423656,0.17905606854990821,-0.06719707246063507,-0.07861370778466634,-0.026350897377890762,0.6377582614251751,0.7843397973172516,-0.0966266122193481,0.08114281693423656,0.17905606854990821,-0.07861370778466634,0.16105633299325278,0.2789443785107247,0,Not cognition-prioritized
EFHD1,3,0,0,0.07108145485606197,0.19185702416901684,-0.07979896029283366,-0.07467584973783128,-0.10066779126419179,0.07108145485606197,0.19185702416901684,-0.0640532398764779,0.2506881371092708,0.3934470762521145,-0.07467584973783128,0.18776161324869256,0.3114053412656244,0,Not cognition-prioritized
MAOB,3,0,0,0.09024264661748903,0.19218870810930194,-0.07008761552910955,-0.08469406028056413,-0.03041721332260417,0.5910906214369569,0.7419038664126414,-0.09515157298416037,0.09024264661748903,0.19218870810930194,-0.08469406028056413,0.13610347320481908,0.24563052856491016,0,Not cognition-prioritized
CNP,3,0,0,0.09641353674445764,0.19604085804706387,-0.06868324198170735,-0.06537595148549478,-0.06537595148549478,0.24507984508207623,0.4267792852490992,-0.04570862779510833,0.41366399813822663,0.5683221596043203,-0.09496514666451891,0.09641353674445764,0.19604085804706387,0,Not cognition-prioritized
CCDC51,3,0,0,0.07938971032342976,0.20405406503577278,-0.049511820940713915,-0.04296718923643619,-0.097984013939499,0.07938971032342976,0.20405406503577278,-0.007584259646206543,0.8965392024693409,0.9343204672658848,-0.04296718923643619,0.4671459640239056,0.6015326144327859,0,Not cognition-prioritized
GPD2,3,0,0,0.10166549006824936,0.2101391277938151,-0.08356939425578398,-0.090410858700036,-0.09159019616120102,0.10166549006824936,0.24088832083057593,-0.06870712790611493,0.21713245275466064,0.3522627557987846,-0.090410858700036,0.10748099651093494,0.2101391277938151,0,Not cognition-prioritized
ABCB8,3,0,0,0.108952476113473,0.21165926888286157,0.04776419340902285,0.061333679262537966,-0.009871616442095848,0.8623981549028648,0.9218391492244407,0.061333679262537966,0.27901225523305084,0.42549368923040254,0.09183051740662641,0.108952476113473,0.21165926888286157,0,Not cognition-prioritized
CCT3,3,0,0,0.10992066541323224,0.2121566655327609,-0.07972731277664176,-0.08087633870623026,-0.06776241998552446,0.22773211391992107,0.4077786384280387,-0.08087633870623026,0.1479567740067967,0.27087787097225086,-0.09054317963817057,0.10992066541323224,0.2121566655327609,0,Not cognition-prioritized
MT-ND1,3,0,0,0.09454466013311388,0.22765358953105053,-0.0768579006769756,-0.07049768511026325,-0.0954471681384196,0.09454466013311388,0.22765358953105053,-0.06462884878224394,0.27393740839737085,0.4205582696033462,-0.07049768511026325,0.24045774155778268,0.3754587602822033,0,Not cognition-prioritized
CBR3,3,0,0,0.10932410937933777,0.2532444559040356,-0.05583352445929717,-0.04540103374147724,-0.09138102652632579,0.10932410937933777,0.2532444559040356,-0.03071851311008848,0.5899827322076245,0.7140664020766884,-0.04540103374147724,0.4316286870601196,0.5757146481924336,0,Not cognition-prioritized
CCT6A,3,0,0,0.13372501908750017,0.2533300051036494,-0.06522013799549989,-0.06857831211852311,-0.04185047138088704,0.459377976775721,0.6189510447824476,-0.08523163048708951,0.13372501908750017,0.2533300051036494,-0.06857831211852311,0.23290775307646394,0.36743205873269746,0,Not cognition-prioritized
SPHKAP,3,0,0,0.13404150180975205,0.2534049052808329,0.048952032195214615,0.07272370523214222,-0.00931498336706464,0.8680922601533253,0.9238315307528955,0.08344737472056626,0.13404150180975205,0.2534049052808329,0.07272370523214222,0.19760715841888823,0.3234535777339584,0,Not cognition-prioritized
NGRN,3,0,0,0.1364710647093508,0.25614589411346905,0.057741841495128864,0.07764844114756611,-0.0010929080154119578,0.9863620189218505,0.993075991143845,0.09666999135323244,0.1364710647093508,0.25614589411346905,0.07764844114756611,0.235475908727241,0.3702069699062294,0,Not cognition-prioritized
HSP90AA1,3,0,0,0.14453285189418447,0.25729097175715715,-0.05136342802802825,-0.06350615026451471,-0.008707120548567895,0.8764154701700577,0.9270753239371131,-0.06350615026451471,0.25449437063671104,0.3973760224105642,-0.08187701327100214,0.14453285189418447,0.25729097175715715,0,Not cognition-prioritized
APEX1,3,0,0,0.154213616947667,0.27240436198284806,-0.07623207523604252,-0.07814647313183355,-0.07018650008454323,0.2102884831473177,0.38595336551724063,-0.07814647313183355,0.16106004502723437,0.2895283717090755,-0.08036325249175075,0.154213616947667,0.27240436198284806,0,Not cognition-prioritized
ALDH3A2,3,0,0,0.1575900613583212,0.2757072775198163,-0.0672547493448846,-0.07247831084409971,-0.047898950497657376,0.39928818766039553,0.578960875265752,-0.07247831084409971,0.19926668815682214,0.33271718916695664,-0.08138698669289668,0.1575900613583212,0.2757072775198163,0,Not cognition-prioritized
TXNRD1,3,0,0,0.15270002648871187,0.27722326237534,-0.06110536335140577,-0.05845053722922464,-0.04399017868689844,0.43887064411971677,0.60024908724894,-0.08087537413809422,0.15270002648871187,0.27722326237534,-0.05845053722922464,0.3064109013556693,0.44786896923392555,0,Not cognition-prioritized
RPS18,3,0,0,0.15922719128583304,0.27751024766959476,0.05063936378689938,0.07544108471428392,-0.003351426298310812,0.9525441957893594,0.9793010552216448,0.07544108471428392,0.1786934611005918,0.3084990885038519,0.07982843294472504,0.15922719128583304,0.27751024766959476,0,Not cognition-prioritized
MSRA,3,0,0,0.15975379711478782,0.27789871551336665,0.04189428548919548,0.04500833842330449,-9.068376921883813e-4,0.9874445000700963,0.993075991143845,0.04500833842330449,0.4317817625791609,0.5853041670517515,0.08158135573647032,0.15975379711478782,0.27789871551336665,0,Not cognition-prioritized
STARD7,3,0,0,0.16126948222095447,0.2789443785107247,-0.0651038386106102,-0.06367049707697402,-0.06367049707697402,0.26598958040861787,0.44904145032082166,-0.050862876206692324,0.3713826110475933,0.5250907871361558,-0.08077814254816423,0.16126948222095447,0.2789443785107247,0,Not cognition-prioritized
GCAT,3,0,0,0.12577197701508244,0.28005679751705004,-0.05539105908249768,-0.04934980568519174,-0.08578971221620114,0.12577197701508244,0.28005679751705004,-0.04934980568519174,0.3769534155471346,0.5290067104687548,-0.031033659346100154,0.585454671898063,0.7025945091812875,0,Not cognition-prioritized
MCEE,3,0,0,0.1674330600041909,0.28650425005538527,0.039555083578316476,0.05900116606773601,-0.018520615152498532,0.7411070529298768,0.8540465408448832,0.05900116606773601,0.2899360836980288,0.43561825383201375,0.07818469981971195,0.1674330600041909,0.28650425005538527,0,Not cognition-prioritized
THG1L,3,0,0,0.131959297690293,0.2881688720444346,-0.04114345388761074,-0.022596998481565003,-0.08995873676218202,0.131959297690293,0.2881688720444346,-0.01087462641908519,0.856244777902702,0.9088536906988327,-0.022596998481565003,0.7102929038461179,0.8023679099002442,0,Not cognition-prioritized
FAM185A,3,0,0,0.16917136474380293,0.2882528840606698,-0.061744007374612296,-0.06669116871607157,-0.03816013713539214,0.4984320214461435,0.6543261113676059,-0.06669116871607157,0.24556634305173594,0.3860707970658735,-0.08038071627237317,0.16917136474380293,0.2882528840606698,0,Not cognition-prioritized
TRNT1,3,0,0,0.16441086380998532,0.2936668513161498,-0.06940221105936882,-0.06564603634553959,-0.06564603634553959,0.24047863645014791,0.42072266224069854,-0.07719101723111153,0.16441086380998532,0.2936668513161498,-0.06536957960145534,0.2486634536815699,0.38629382023537595,0,Not cognition-prioritized
ADCK5,3,0,0,0.17852800421279316,0.3002814776740914,-0.037804782827982185,-0.02197826172630961,-0.013359390531725347,0.8131031095145738,0.8974539749165681,-0.02197826172630961,0.6988445981756577,0.7956640441898138,-0.07807669622591161,0.17852800421279316,0.3002814776740914,0,Not cognition-prioritized
DHODH,3,0,0,0.16544184181005936,0.3008811954526736,-0.07660021138676507,-0.07640888783328259,-0.07800120907673538,0.16544184181005936,0.3311685758317776,-0.07640888783328259,0.17165025576644333,0.3008811954526736,-0.07539053725027721,0.18239870933335417,0.30510935839125974,0,Not cognition-prioritized
PANK2,3,0,0,0.17367098592609306,0.3038412086469888,-0.06792783017843686,-0.06688931324509123,-0.06016106803929975,0.2861900220708084,0.465949946965818,-0.07673310925091958,0.17367098592609306,0.3038412086469888,-0.06688931324509123,0.2423254822493984,0.3777305217345818,0,Not cognition-prioritized
FBXL4,3,0,0,0.14977764038109467,0.3108001315350286,-0.05602919931861611,-0.040912045487569444,-0.09321426773734653,0.14977764038109467,0.3108001315350286,-0.040912045487569444,0.5320581163156017,0.6696467351152346,-0.033961284730932344,0.6025325875002288,0.7159965163152069,0,Not cognition-prioritized
ARG2,3,0,0,0.1537724951939011,0.3156189616920859,-0.07156840216551186,-0.07522781448042262,-0.08151122442713694,0.1537724951939011,0.31689602050094484,-0.057966167588976,0.308199264363929,0.4548424627306372,-0.07522781448042262,0.19075113203904207,0.3156189616920859,0,Not cognition-prioritized
COX15,3,0,0,0.15986648267000114,0.32578581657695116,-0.05891975373196988,-0.07133523241661562,-0.07898604896844194,0.15986648267000114,0.32578581657695116,-0.07133523241661562,0.20131353657263473,0.3344144512775782,-0.026437979810852087,0.6424214428155887,0.7440704052864097,0,Not cognition-prioritized
CHCHD5,3,0,0,0.1622561699942833,0.32846105209019744,0.002491978330882956,0.01477054877028276,-0.0831332206358246,0.1622561699942833,0.32846105209019744,0.01477054877028276,0.8130194656980434,0.8751915424867173,0.07583860685819072,0.23120255675549392,0.3653719161161951,0,Not cognition-prioritized
AKR7A2,3,0,0,0.19741862002861255,0.33083889620179574,-0.06295019627506156,-0.067068376679332,-0.049223424735113555,0.3832368832033476,0.5592691357752202,-0.0725587874107391,0.19741862002861255,0.33083889620179574,-0.067068376679332,0.23969766944761586,0.37491173939242484,0,Not cognition-prioritized
CAT,3,0,0,0.2095271200022929,0.3387231710284417,-0.04866534731706334,-0.051267854010805795,-0.023883009210035038,0.6704655110185911,0.8045584363173156,-0.051267854010805795,0.35885019882599456,0.50985703715184,-0.07084517873034918,0.2095271200022929,0.3387231710284417,0,Not cognition-prioritized
HOGA1,3,0,0,0.1752613233819478,0.34710846513957194,-0.053120377016322606,-0.044946376504467825,-0.0771453241828903,0.1752613233819478,0.34710846513957194,-0.044946376504467825,0.42940193671680027,0.5829417983618282,-0.0372694303616097,0.5186174136411381,0.6473873580922802,0,Not cognition-prioritized
LIG3,3,0,0,0.18071545626860672,0.35046007598194895,-0.037920763438016425,-0.029790705064696985,-0.07475848271795503,0.18071545626860672,0.35046007598194895,-0.029790705064696985,0.592681657813645,0.7154402597618538,-0.009213102531397255,0.8702159232022942,0.9221783638547831,0,Not cognition-prioritized
DUT,3,0,0,0.18242749631645,0.35088584254542116,-0.04744705467957015,-0.04984585859880773,-0.07494550130028142,0.18242749631645,0.35088584254542116,-0.04984585859880773,0.37257890343223354,0.5250907871361558,-0.017549804139621306,0.7784550046793847,0.8637228508859977,0,Not cognition-prioritized
TXNRD2,3,0,0,0.18330429807290854,0.35088584254542116,-0.05040692031980486,-0.049888631558078565,-0.07449956445238494,0.18330429807290854,0.35088584254542116,-0.049888631558078565,0.3741457097597224,0.5258730021968449,-0.026832564948951074,0.6364834358788183,0.740944457797861,0,Not cognition-prioritized
NIF3L1,3,0,0,0.18180373848314435,0.35088584254542116,-0.05929229059579262,-0.06400456050809106,-0.07512621996867634,0.18180373848314435,0.35088584254542116,-0.06400456050809106,0.25697758989677755,0.39988859652304665,-0.03874609131061046,0.49850283464867395,0.6291449568324644,0,Not cognition-prioritized
SOD1,3,0,0,0.19403516228261425,0.366822672497091,-0.056281221780538536,-0.052223223048460436,-0.07277313426572177,0.19403516228261425,0.366822672497091,-0.052223223048460436,0.3518620556902411,0.5014856401192689,-0.043847308027433404,0.4403011084045487,0.5855748752763984,0,Not cognition-prioritized
ACP6,3,0,0,0.20168852345499705,0.3743306266963941,-0.05919477355974176,-0.05643743411537576,-0.08014370133795877,0.20168852345499705,0.3743306266963941,-0.04100318522589074,0.5336727374191286,0.6707562565089322,-0.05643743411537576,0.3998188608877564,0.5468374554742856,0,Not cognition-prioritized
FDPS,3,0,0,0.20529319627190817,0.3794813628056484,-0.02876186896882428,-0.014064642642873614,-0.07120361792047072,0.20529319627190817,0.3794813628056484,-0.014064642642873614,0.8024753423648222,0.8679254589406764,-0.0010173463431285062,0.985775581306363,0.9901039043856447,0,Not cognition-prioritized
HDHD3,3,0,0,0.25312434966923403,0.39123104720836005,0.0319314605596957,0.032308183973277387,-9.823173018999897e-4,0.9860656223294424,0.993075991143845,0.032308183973277387,0.5631239885351624,0.6927459558273783,0.0644685150077097,0.25312434966923403,0.39123104720836005,0,Not cognition-prioritized
SNAP29,3,0,0,0.26464573147611775,0.40493452224188586,-0.046587154136121564,-0.0616915466936658,-0.013867378593467527,0.806994779584817,0.8950305737213425,-0.0616915466936658,0.27759470814782455,0.4240386610271443,-0.06420253712123136,0.26464573147611775,0.40493452224188586,0,Not cognition-prioritized
C16ORF91,3,0,0,0.266116726366774,0.40648026608856735,-0.0412503883314096,-0.05637697291797909,-0.0030860838784457258,0.9570389149652446,0.9806165814033581,-0.05637697291797909,0.32836654156102496,0.4739043935778199,-0.06428810819780398,0.266116726366774,0.40648026608856735,0,Not cognition-prioritized
COX6A1,3,0,0,0.2688059273001865,0.40788959117689993,-0.051275893571844165,-0.05222441326842654,-0.05222441326842654,0.3553393953042615,0.538231040354349,-0.038298634128384426,0.49745477889812206,0.6401844201009588,-0.06330463331872153,0.2688059273001865,0.40788959117689993,0,Not cognition-prioritized
COMT,3,0,0,0.22980423763177943,0.4106853074864808,-0.05341995677225843,-0.04957070067500025,-0.06716284617302377,0.22980423763177943,0.4106853074864808,-0.04957070067500025,0.3730153132661216,0.5250907871361558,-0.043526323468751266,0.44264603363692,0.5878390722464177,0,Not cognition-prioritized
CPS1,3,0,0,0.23710646731339877,0.4164153888517464,-0.050651413670960904,-0.05257163767694867,-0.06745481272613672,0.23710646731339877,0.4164153888517464,-0.03192779060979733,0.5748234240927615,0.7012845773931691,-0.05257163767694867,0.3630778171242717,0.5072003094178757,0,Not cognition-prioritized
CMC4,3,0,0,0.23795370432257723,0.4171027575769313,-0.015297874520659116,0.006780410132380717,-0.06649075902368054,0.23795370432257723,0.4171027575769313,0.006780410132380717,0.9036966757214075,0.9343304613390823,0.013816725329322476,0.8074551391841898,0.8837577181262364,0,Not cognition-prioritized
MAVS,3,0,0,0.27646947923527615,0.4174415404295011,-0.04700551473952305,-0.044972467411084814,-0.033900295077173334,0.548068508864227,0.7013743854696052,-0.044972467411084814,0.42609769519202223,0.5801776653284231,-0.062143781730311,0.27646947923527615,0.4174415404295011,0,Not cognition-prioritized
EPHX2,3,0,0,0.2719690705707858,0.41894225517217004,-0.054179491850931155,-0.06088193199962371,-0.03972393528043651,0.4782016846050928,0.6341370165415361,-0.06193260827273325,0.2719690705707858,0.41894225517217004,-0.06088193199962371,0.2845346202033875,0.42629588126995915,0,Not cognition-prioritized
ACSL1,3,0,0,0.24533978583718707,0.4267792852490992,-0.047785314177873815,-0.04183749310388994,-0.06503219584739986,0.24533978583718707,0.4267792852490992,-0.03648625358233165,0.5180569117987539,0.658363992077583,-0.04183749310388994,0.46413112215298336,0.600031890233677,0,Not cognition-prioritized
CYB5B,3,0,0,0.28627069312068165,0.4321418525013723,-0.04773132049426444,-0.054433235932095925,-0.02879521732608158,0.6101656931989103,0.7622762658613781,-0.05996550822461581,0.28627069312068165,0.4321418525013723,-0.054433235932095925,0.34003905736361817,0.4838813957818206,0,Not cognition-prioritized
CHCHD7,3,0,0,0.29215253345281833,0.4367966799172039,-0.047847967546487354,-0.0453711031457355,-0.0453711031457355,0.41783447007785346,0.5894619875155408,-0.05876448000828993,0.29215253345281833,0.4367966799172039,-0.03940831948543662,0.48611350218449034,0.6193821469146107,0,Not cognition-prioritized
PCBD2,3,0,0,0.29586807109393726,0.43947935884894906,-0.020162419420427465,-0.012384393630630462,-0.012384393630630462,0.8255129832902917,0.902442508614835,-0.05840055231347457,0.29586807109393726,0.43947935884894906,0.010297687682822635,0.8556579036479989,0.9113457549787704,0,Not cognition-prioritized
ELAC2,3,0,0,0.2565674784085509,0.4412767720748572,-0.03013820616293984,-0.016995827857285827,-0.065029517012163085,0.2565674784085509,0.4412767720748572,-0.016995827857285827,0.7646128019169469,0.8469984428014605,-0.008389273619370608,0.8835838583783483,0.9282195527166345,0,Not cognition-prioritized
MTHFD2L,3,0,0,0.26582927973232306,0.44904145032082166,-0.026191811562439115,-0.009065532044303923,-0.06273057278769116,0.26582927973232306,0.44904145032082166,-0.006779329855322261,0.9070920759747223,0.9367824486646399,-0.009065532044303923,0.8772998515666014,0.925456155648231,0,Not cognition-prioritized
CCDC90B,3,0,0,0.30330466271982226,0.4490675831531349,-0.03525525177601154,-0.04496345177563585,-0.00284361340018243,0.9599538679280846,0.981320772927969,-0.05795869015221635,0.30330466271982226,0.4490675831531349,-0.04496345177563585,0.4300774841102689,0.5757146481924336,0,Not cognition-prioritized
PDF,3,0,0,0.314855697813079,0.45801743004605294,0.011699269451214552,-0.004236268351789818,-0.018305315939082696,0.744652395915637,0.8570527575632804,-0.004236268351789818,0.9399765918871138,0.9609816553929711,0.05763939264451617,0.314855697813079,0.45801743004605294,0,Not cognition-prioritized
YRDC,3,0,0,0.31279848271760974,0.45867085206187963,-0.04451363097393614,-0.05382647552772154,-0.015866453187970322,0.7919450009633657,0.8858553494883614,-0.06384796420611656,0.31279848271760974,0.45867085206187963,-0.05382647552772154,0.4054883934109158,0.551951502114027,0,Not cognition-prioritized
FXN,3,0,0,0.27695599131544485,0.4615933188590748,-0.02694549469472181,-0.03204443272166057,-0.06194844577634874,0.27695599131544485,0.4615933188590748,-0.03204443272166057,0.5731242762649009,0.7001451439017148,0.013156394413843876,0.8196338798746818,0.8896381970170034,0,Not cognition-prioritized
GSR,3,0,0,0.2787150087890889,0.4622094828562712,-0.02416208842563174,-0.016897082847863548,-0.06059817168444474,0.2787150087890889,0.4622094828562712,-0.016897082847863548,0.7631395000493693,0.8463910818729369,0.005008989255413074,0.9305502505091725,0.9545442592106422,0,Not cognition-prioritized
UQCR11,3,0,0,0.2803753642937705,0.4622094828562712,-0.034153590581719503,-0.020549207854726977,-0.06590554574614403,0.2803753642937705,0.4622094828562712,-0.016006018144287506,0.7945443594950273,0.8644567050391795,-0.020549207854726977,0.7427241812936585,0.831667624876439,0,Not cognition-prioritized
ALDH7A1,3,0,0,0.3223492030688063,0.46669227975942684,-0.047813785615741455,-0.04747643297496046,-0.04747643297496046,0.40988857023541214,0.5850983490879909,-0.037760324037060665,0.5142161455937995,0.6551399390495877,-0.05820459983520325,0.3223492030688063,0.46669227975942684,0,Not cognition-prioritized
TSPO,3,0,0,0.3240370927442101,0.4676560565630161,-0.038007903487443824,-0.04065411750361411,-0.016483499888124763,0.7707830200150338,0.8745417707718907,-0.04065411750361411,0.4748414033055477,0.6251509122655772,-0.05688609307059259,0.3240370927442101,0.4676560565630161,0,Not cognition-prioritized
AGPAT4,3,0,0,0.3301488283382269,0.47203121469107745,-0.028082281805505743,-0.026944012928036613,-0.001965735603521673,0.9722480883593837,0.9848207276420753,-0.026944012928036613,0.6337052206974984,0.750116787759652,-0.05533709688495894,0.3301488283382269,0.47203121469107745,0,Not cognition-prioritized
NUDT8,3,0,0,0.2943492753854233,0.473338465690092,-0.02690954178260513,-0.013792163904257112,-0.06467272214380004,0.2943492753854233,0.473338465690092,-0.0022637392997582376,0.9702539738066888,0.9781973908427861,-0.013792163904257112,0.8216158966583359,0.8907328737468926,0,Not cognition-prioritized
SLC25A29,3,0,0,0.29956281444861665,0.4808771495096215,-0.02009834311584263,-0.008663203942443121,-0.06049849791711693,0.29956281444861665,0.4808771495096215,-0.008663203942443121,0.8800434516112501,0.9245002964687643,0.008866672512032173,0.8776940298322176,0.925456155648231,0,Not cognition-prioritized
COX20,3,0,0,0.3450192998587246,0.48642936728926506,-0.03706292082246923,-0.03569151870219697,-0.03569151870219697,0.52693637232591,0.6829274513855632,-0.021548742063458713,0.7025000319117669,0.7984938250922569,-0.053948501701752014,0.3450192998587246,0.48642936728926506,0,Not cognition-prioritized
FECH,3,0,0,0.30896364967693807,0.4899510215847458,-0.036640315220205895,-0.03442015854582192,-0.05685260418731237,0.30896364967693807,0.4899510215847458,-0.03442015854582192,0.5355825467974918,0.6713123703009658,-0.0186481829274834,0.7399884036320097,0.8297664084844226,0,Not cognition-prioritized
MGST1,3,0,0,0.3462725891573891,0.49506159231095476,-0.046024739455561015,-0.04919990842090311,-0.03600160653070583,0.5232214932091269,0.6800392987022034,-0.0528727034150741,0.3462725891573891,0.49506159231095476,-0.04919990842090311,0.3858027726477423,0.53084140898148,0,Not cognition-prioritized
CKMT2,3,0,0,0.3191581999764838,0.5009086672015141,-0.024908249242587898,-0.01368004060552427,-0.05714693220812945,0.3191581999764838,0.5009086672015141,-0.003897774914109975,0.9456652889874251,0.9657184591780067,-0.01368004060552427,0.8118277135147883,0.8846634809711784,0,Not cognition-prioritized
TST,3,0,0,0.32663262995043596,0.5082803680351171,-0.016502887087806166,-0.002901818404672769,-0.05534833017836879,0.32663262995043596,0.5082803680351171,-0.002901818404672769,0.9589210151517731,0.9705893018405669,0.008741487319623056,0.877920389921315,0.925456155648231,0,Not cognition-prioritized
HSD17B4,3,0,0,0.32615934239716404,0.5082803680351171,-0.04274826815640995,-0.04845569408229087,-0.056023138181456364,0.32615934239716404,0.5082803680351171,-0.04845569408229087,0.3953270005531989,0.5463456447454889,-0.023765972205482624,0.6787052968637952,0.7743333499131828,0,Not cognition-prioritized
IBA57,3,0,0,0.34051105708112417,0.5254091352938088,-0.0040732621512923175,0.004282639680061601,-0.05375592106618618,0.34051105708112417,0.5254091352938088,0.004282639680061601,0.939890692443691,0.9609816553929711,0.037253494932247624,0.5208883103340667,0.6480078421258042,0,Not cognition-prioritized
ADHFE1,3,0,0,0.3546105023376639,0.538090563248694,-0.002863554708109302,0.00699169317942458,-0.05279898336852762,0.3546105023376639,0.538090563248694,0.00699169317942458,0.9024640109186763,0.9343304613390823,0.03721662606477514,0.5212390948684065,0.6480078421258042,0,Not cognition-prioritized
TK2,3,0,0,0.39711170143497665,0.5447634285052528,0.027079253990418214,0.03970205121108446,-0.007958463565788587,0.8870335413019304,0.9329145865416854,0.03970205121108446,0.4864480279809047,0.6322442409126816,0.04949417432595877,0.39711170143497665,0.5447634285052528,0,Not cognition-prioritized
FABP1,3,0,0,0.3953317530505961,0.5463456447454889,-0.04466090468822971,-0.04876898081704067,-0.04876898081704067,0.43580848846789,0.5987458963184975,-0.054626878514685055,0.3953317530505961,0.5463456447454889,-0.030586854732963416,0.6395004960237949,0.7425672003321984,0,Not cognition-prioritized
NARS2,3,0,0,0.36998225772695426,0.5513579247885393,-0.015932874268776914,-0.008104324928291239,-0.05027664308063723,0.36998225772695426,0.5513579247885393,0.01058234520259772,0.851360623636575,0.9058081053807745,-0.008104324928291239,0.8874920825091877,0.930189296100695,0,Not cognition-prioritized
CMPK2,3,0,0,0.3696355725593091,0.5513579247885393,-0.03624073173028886,-0.034998246786505816,-0.05040472571622874,0.3696355725593091,0.5513579247885393,-0.034998246786505816,0.5311321956405488,0.6694021473982122,-0.02331922268813203,0.681417153360144,0.7764591473530905,0,Not cognition-prioritized
ATP5J2-PTCD1,3,0,0,0.40423740733782043,0.5518321484565166,-0.03132106926969688,-0.024502511229856302,-0.024502511229856302,0.671153855949696,0.8045584363173156,-0.02053359628808859,0.7230269428366781,0.8157455643595073,-0.04892710029114575,0.40423740733782043,0.5518321484565166,0,Not cognition-prioritized
ACAA1,3,0,0,0.37527336470632133,0.5556231856088738,0.0024284206414450457,0.028076899795362976,-0.049580267805293635,0.37527336470632133,0.5556231856088738,0.028788629934265796,0.6069577022474669,0.7269192376393092,0.028076899795362976,0.6182145622288973,0.7291079167321842,0,Not cognition-prioritized
IDE,3,0,0,0.41517981447315644,0.5695495206041051,0.011324781276261362,0.0141277534312031,-0.025459686340510598,0.6490772757257696,0.7929315184099855,0.04530627673809158,0.41517981447315644,0.5695495206041051,0.0141277534312031,0.8020583250539107,0.8820713550773177,0,Not cognition-prioritized
TMEM186,3,0,0,0.4016879098000319,0.5797230874874277,1.6327286168281067e-4,0.005331731064330152,-0.047079746740687135,0.4016879098000319,0.5797230874874277,0.04223783426140542,0.45246135006907295,0.6035016549755128,0.005331731064330152,0.9259851382637577,0.9541400917920477,0,Not cognition-prioritized
BAX,3,0,0,0.40848384958457573,0.58401392636376,-0.008295226719936714,0.010107587128327553,-0.046381077928315494,0.40848384958457573,0.58401392636376,0.010107587128327553,0.8583870848290824,0.9088536906988327,0.011387810640177796,0.8427718770217267,0.9044529029170582,0,Not cognition-prioritized
CYP27A1,3,0,0,0.40849061516153706,0.58401392636376,-0.03279232463773768,-0.02814184218003112,-0.046326708859272064,0.40849061516153706,0.58401392636376,-0.023908422873909846,0.6713524215782641,0.7775790705621667,-0.02814184218003112,0.6180763757544181,0.7291079167321842,0,Not cognition-prioritized
AIFM3,3,0,0,0.40779753525321205,0.58401392636376,-0.03324286890775971,-0.030489937437103765,-0.04643075831910014,0.40779753525321205,0.58401392636376,-0.030489937437103765,0.5844543720330114,0.7101935596417072,-0.02280791096707523,0.6879645593461438,0.7819721388841262,0,Not cognition-prioritized
COMTD1,3,0,0,0.4154698173753283,0.5893874153463959,-0.032216787118712766,-0.04075816383029602,-0.04568433786433651,0.4154698173753283,0.5893874153463959,-0.010207859661505775,0.8574300764092907,0.9088536906988327,-0.04075816383029602,0.47682325849912854,0.6102003937436401,0,Not cognition-prioritized
ALYREF,3,0,0,0.4195153270677352,0.5900768424075754,-0.035335214385310676,-0.03394572222805407,-0.045571968442011813,0.4195153270677352,0.5900768424075754,-0.03394572222805407,0.5496673859418546,0.6842487159955565,-0.02648795248586614,0.6461816410364485,0.7465356080155938,0,Not cognition-prioritized
TFB2M,3,0,0,0.4248175053961202,0.5916408180174276,0.006205441326604501,0.02661173280433122,-0.0541440846404282,0.4248175053961202,0.5916408180174276,0.02661173280433122,0.6890853747003431,0.7901166890361078,0.04614867581591049,0.49208299728812877,0.6244881310938112,0,Not cognition-prioritized
METTL17,3,0,0,0.4502441773007164,0.5925840170042493,0.023258617434167562,0.029055451240678706,-0.0026269398324390266,0.9636294505283866,0.9829664963583876,0.029055451240678706,0.6099488113068874,0.7295466174454928,0.043347340894263,0.4502441773007164,0.5925840170042493,0,Not cognition-prioritized
PUSL1,3,0,0,0.450752432606511,0.5925840170042493,0.0172000959715539,0.039177087064731164,-0.03315104903188861,0.5858956576272667,0.7374065016904389,0.039177087064731164,0.5093882347552742,0.6509640150853016,0.04557424988181914,0.450752432606511,0.5925840170042493,0,Not cognition-prioritized
PLGRKT,3,0,0,0.4528261921001522,0.5943594391306806,-0.03499610195073011,-0.04072216809961981,-0.020365247599187997,0.7205219948151488,0.8430660169512291,-0.04072216809961981,0.47188341645255305,0.6225847424957821,-0.04390089015338253,0.4528261921001522,0.5943594391306806,0,Not cognition-prioritized
ALDH1L2,3,0,0,0.4287861710289884,0.5944535552901885,-7.637038006960672e-4,0.024874991613070132,-0.05332435675816157,0.4287861710289884,0.5944535552901885,0.024874991613070132,0.7411562712124238,0.8300587370371698,0.02615825374300324,0.7293352856837246,0.8208386056588045,0,Not cognition-prioritized
ECI1,3,0,0,0.432218789496176,0.5956026993810256,9.330763915979996e-5,0.02041402091004289,-0.04444690092114657,0.432218789496176,0.5956026993810256,0.024312802928583083,0.6692683716247991,0.7774223776375976,0.02041402091004289,0.7227538923600976,0.814433265405775,0,Not cognition-prioritized
PREPL,3,0,0,0.46408347713785725,0.600031890233677,-0.025416897700560125,-0.02733711462120258,-0.007417929332759252,0.8945391393566171,0.9375753866108874,-0.02733711462120258,0.6244247936825745,0.7429761849409048,-0.04149564914771854,0.46408347713785725,0.600031890233677,0,Not cognition-prioritized
ANGEL2,3,0,0,0.4674548337342731,0.6015326144327859,0.022535641799016,0.0351908299817448,-0.009047646465041092,0.8726199860628658,0.9251996375985194,0.0351908299817448,0.5298853155215263,0.6694021473982122,0.041463741880344296,0.4674548337342731,0.6015326144327859,0,Not cognition-prioritized
POLB,3,0,0,0.4514394999369893,0.6030177261932047,0.00856180616256632,0.02418859055781994,-0.04599172315439022,0.45257536278083854,0.6111580054606165,0.04748855108426924,0.4514394999369893,0.6030177261932047,0.02418859055781994,0.7036750005320551,0.7968596850084535,0,Not cognition-prioritized
RHOT2,3,0,0,0.4563992210458875,0.6069844291525974,0.00326590197393645,0.008425287497118876,-0.04062406546702344,0.46855529720230316,0.6267954633627302,0.04199648389171391,0.4563992210458875,0.6069844291525974,0.008425287497118876,0.8830068424246126,0.9282195527166345,0,Not cognition-prioritized
VWA8,3,0,0,0.44892911754982956,0.6100023816872387,-0.019866271295075896,-0.0282136248452209,-0.04245152838464085,0.44892911754982956,0.6100023816872387,0.011066339344634066,0.8534630830973131,0.9069903844762386,-0.0282136248452209,0.6408735835818351,0.7432184144199989,0,Not cognition-prioritized
CKMT1A,3,0,0,0.45132045782593566,0.6111580054606165,-0.0028912968649213605,-0.0017181641679150834,-0.042577326001311894,0.45132045782593566,0.6111580054606165,-0.0017181641679150834,0.9761128335766964,0.9803987296626535,0.0356215995744629,0.5466692581602619,0.6705125619526001,0,Not cognition-prioritized
FDXR,3,0,0,0.4716151266188199,0.6225847424957821,0.013975664886734036,0.027084569266788545,-0.02540794459340022,0.6513108969534371,0.7932550867467588,0.04025036998681378,0.4716151266188199,0.6225847424957821,0.027084569266788545,0.6316021342105744,0.7391643452672039,0,Not cognition-prioritized
TRIAP1,3,0,0,0.5037201375847857,0.6464290685695357,-0.006408258067187565,-0.02640005758049925,-0.02640005758049925,0.6440807505761903,0.7899918053313862,0.0382794395149272,0.5037201375847857,0.6464290685695357,-0.03110415613599064,0.5905799731570194,0.7045380383815811,0,Not cognition-prioritized
CA5B,3,0,0,0.5193431332802194,0.6474100367185296,-0.023846908543573183,-0.02834065966708958,-0.004851602619986382,0.9362617486639433,0.9661339212688614,-0.02834065966708958,0.6292631337824898,0.7467908786134606,-0.03834846334364359,0.5193431332802194,0.6474100367185296,0,Not cognition-prioritized
MRPL38,3,0,0,0.4916203598726051,0.6481738174112877,0.008268922710196368,0.030930711049862322,-0.03877010544232358,0.4916203598726051,0.6481738174112877,0.03264616252305036,0.5604909577655199,0.6924438085269351,0.030930711049862322,0.5858793557435217,0.7025945091812875,0,Not cognition-prioritized
REXO2,3,0,0,0.49111746981845106,0.6481738174112877,0.004574609530352834,0.023421171278738624,-0.03900467193710004,0.49111746981845106,0.6481738174112877,0.023421171278738624,0.6991408650585905,0.7956640441898138,0.02930732924941992,0.6343348866087586,0.7402684983182759,0,Not cognition-prioritized
OMA1,3,0,0,0.49059193982310967,0.6481738174112877,-0.027995600976757476,-0.031446464080999915,-0.04516922794701492,0.49059193982310967,0.6481738174112877,-0.007371110902257594,0.9134503143302997,0.939109031024971,-0.031446464080999915,0.6453559334718381,0.7465242466836053,0,Not cognition-prioritized
MARS2,3,0,0,0.5450799648082407,0.669460627918846,-0.018563227784308668,-0.014404312010134635,-0.014404312010134635,0.795932133563218,0.888143783183347,-0.002248198267995065,0.9717829817225054,0.9781973908427861,-0.0390371730747963,0.5450799648082407,0.669460627918846,0,Not cognition-prioritized
CPT1C,3,0,0,0.5190969717132025,0.6756383059994029,0.005133698678614268,0.020701165641563494,-0.03635079246537157,0.5190969717132025,0.6756383059994029,0.020701165641563494,0.7136451924881908,0.8071512374866435,0.031050722859650878,0.5867763247236326,0.7027491323588009,0,Not cognition-prioritized
HSDL1,3,0,0,0.5453504813521582,0.6807581042799793,-0.021306348133535453,-0.018802345808085933,-0.018802345808085933,0.7387793634325323,0.8524377270375372,-0.03406870590519997,0.5453504813521582,0.6807581042799793,-0.011047992687320455,0.8471073866496411,0.9065535190461071,0,Not cognition-prioritized
ADCK3,3,0,0,0.5487312317871069,0.6840450641487776,0.021391701930783626,0.030925569619716688,-2.2984655832457193e-4,0.996737069178951,0.996737069178951,0.03347938273095877,0.5487312317871069,0.6840450641487776,0.030925569619716688,0.5852074375631757,0.7025945091812875,0,Not cognition-prioritized
GTPBP10,3,0,0,0.5508320446300294,0.6842487159955565,0.00782711546375624,0.013879605633401577,-0.024201959492427424,0.6709562959822808,0.8045584363173156,0.03380370025029457,0.5508320446300294,0.6842487159955565,0.013879605633401577,0.8087333832187369,0.8840992182140314,0,Not cognition-prioritized
HTRA2,3,0,0,0.5623387301419855,0.6874383477796727,0.005376207953524772,0.01595365340447887,-0.032696013793546364,0.5623387301419855,0.7136476256309526,0.01595365340447887,0.7770694229413186,0.853563651850308,0.03287098424964181,0.564830464808724,0.6874383477796727,0,Not cognition-prioritized
ABCB7,3,0,0,0.5655718855382054,0.6874383477796727,-0.008307668465566862,-0.00579958929778108,-0.00579958929778108,0.9175082851024212,0.9529172314060335,0.01337810028492875,0.8105548883990161,0.8740688948198811,-0.03250151638384825,0.5655718855382054,0.6874383477796727,0,Not cognition-prioritized
NADK2,3,0,0,0.5607659695283704,0.6924438085269351,-0.01659071526895514,-0.020423237654113132,-0.020423237654113132,0.7169227124694715,0.8410054896276493,-0.032547061179152584,0.5607659695283704,0.6924438085269351,0.0031981530264003047,0.9551196008007934,0.9710382608141399,0,Not cognition-prioritized
MT-ND2,3,0,0,0.5393508175301688,0.6960012184303627,-0.012251011829617598,-0.01791809400675533,-0.0351112563861013,0.5393508175301688,0.6960012184303627,0.016276314904003837,0.7743962280630825,0.8532534936610418,-0.01791809400675533,0.7552016190109152,0.8437234205067001,0,Not cognition-prioritized
SPR,3,0,0,0.5689635485410851,0.6969232221085581,-0.023634490216727873,-0.02783373712634506,-0.0107204589015466,0.8490053775263967,0.9166250177695517,-0.03234927462229196,0.5689635485410851,0.6969232221085581,-0.02783373712634506,0.6281380545718998,0.7381904488046098,0,Not cognition-prioritized
ACSS3,3,0,0,0.5880112449400814,0.7033075674773522,-0.019162374037453682,-0.01923616115141792,-0.01923616115141792,0.7376080667415847,0.8521608346825127,-0.006908776464882576,0.9036618665019518,0.9343304613390823,-0.03134218449606055,0.5880112449400814,0.7033075674773522,0,Not cognition-prioritized
BID,3,0,0,0.5890829110179863,0.7139216736178244,0.0054024577914007,-0.002812795095799544,-0.002812795095799544,0.9609436202660767,0.981320772927969,0.030570508485260973,0.5890829110179863,0.7139216736178244,-0.011550340015259331,0.8404988969149573,0.9037091547322983,0,Not cognition-prioritized
MSRB3,3,0,0,0.6041624304915758,0.7160733470204558,-0.011047782659604191,-0.0027207366592886836,-0.0027207366592886836,0.9671186141789371,0.9846299591200914,0.0040365993058920436,0.9507904267234625,0.9657805841241915,-0.03445921062541593,0.6041624304915758,0.7160733470204558,0,Not cognition-prioritized
ADCK4,3,0,0,0.5948038990456689,0.7170560838297589,-0.013414370380557109,-0.013471702262234158,-0.013471702262234158,0.8459095472554689,0.9166250177695517,-0.03867669001437796,0.5948038990456689,0.7170560838297589,0.011905281134940793,0.870778258328451,0.9221783638547831,0,Not cognition-prioritized
ACAT1,3,0,0,0.6183472605291529,0.7291079167321842,0.0018545920654214308,-0.010995733460416584,-0.010995733460416584,0.8466844562162872,0.9166250177695517,-0.012131401854337255,0.8301506906818521,0.8884068795016312,0.02869091151101813,0.6183472605291529,0.7291079167321842,0,Not cognition-prioritized
AMT,3,0,0,0.5812126811703178,0.7325201146981277,0.00381625636396681,0.017464772793563985,-0.031050509905036536,0.5812126811703178,0.7325201146981277,0.017464772793563985,0.755214595313512,0.8416825270546449,0.025034506203372976,0.6580412013924732,0.7592783092990075,0,Not cognition-prioritized
SFXN3,3,0,0,0.6232094913577775,0.7411755043402019,0.011799849354896547,0.0267451700515969,-0.018798419019141383,0.7375943686630178,0.8521608346825127,0.027452797032234126,0.6232094913577775,0.7424956830629771,0.0267451700515969,0.6374919365199332,0.7411755043402019,0,Not cognition-prioritized
SPRYD4,3,0,0,0.6365548188938456,0.750576880525604,-0.008322574507191928,-0.009112301262359634,-0.009112301262359634,0.8723202861474513,0.9251996375985194,-0.026659514650076974,0.6365548188938456,0.750576880525604,0.01080409239086082,0.8509159002389766,0.9074452782268806,0,Not cognition-prioritized
CHCHD10,3,0,0,0.6483679606141619,0.7595386607229403,0.003011907457429375,-0.004804220607602433,-0.004804220607602433,0.9365691673939673,0.9661339212688614,0.029321928879441097,0.6483679606141619,0.7595386607229403,-0.015481985899550537,0.8105438170269605,0.8846634809711784,0,Not cognition-prioritized
SLC25A26,3,0,0,0.667190550053097,0.7669338609278691,0.008051827824273163,0.012365746307425266,-0.013001409303971676,0.8197315759478621,0.9015076826830455,0.012365746307425266,0.8290005614527157,0.8882148872707668,0.0247911464693659,0.667190550053097,0.7669338609278691,0,Not cognition-prioritized
NUDT2,3,0,0,0.6195134225323642,0.7682452637908973,-0.01963267385482714,-0.016098341944485492,-0.02816330852685541,0.6195134225323642,0.7682452637908973,-0.014636371093140513,0.7957315009715132,0.8647200990367394,-0.016098341944485492,0.7804179059638466,0.8639489753260637,0,Not cognition-prioritized
MMAB,3,0,0,0.6237906108867004,0.7713086607585552,-9.092945523828619e-4,0.005932253951345288,-0.027513237281266586,0.6237906108867004,0.7713086607585552,0.018853099672772714,0.7354819098563756,0.8257250889798573,0.005932253951345288,0.9167372976962378,0.9513339576053305,0,Not cognition-prioritized
BCL2L1,3,0,0,0.6773311100079533,0.7740116925225174,-0.019496189150244106,-0.02365529446178651,-0.010113873590383186,0.865984264861885,0.9238315307528955,-0.02365529446178651,0.6865267689934444,0.7901166890361078,-0.024719399398562627,0.6773311100079533,0.7740116925225174,0,Not cognition-prioritized
TMEM205,3,0,0,0.6695178509053846,0.7774223776375976,0.00388779494668792,-4.4091972742682853e-4,-0.011633123513212143,0.8352780004737089,0.9098563933731472,0.02373742808070273,0.6695178509053846,0.7774223776375976,-4.4091972742682853e-4,0.9937434641297371,0.9937434641297371,0,Not cognition-prioritized
VDAC3,3,0,0,0.6638831659481395,0.8045584363173156,-0.011769634315891678,-0.007638478445388578,-0.024685666342799548,0.6638831659481395,0.8045584363173156,-0.007638478445388578,0.8924147283144461,0.9332108301802494,-0.0029847581594869108,0.9584039794281192,0.9732959391528624,0,Not cognition-prioritized
PEX11B,3,0,0,0.7597781725531889,0.8447108479783327,-0.014825627517848775,-0.013895758721539668,-0.013515982392765578,0.8094999234495963,0.8958176128897206,-0.01706514143924108,0.7597781725531889,0.8447108479783327,-0.013895758721539668,0.8053559900737557,0.8837577181262364,0,Not cognition-prioritized
NSUN2,3,0,0,0.7803579552745399,0.8542187376726138,0.0066166100738297515,0.014060029525854011,-0.010067748903564478,0.8596803547317368,0.9200088006778235,0.01585754959919972,0.7803579552745399,0.8542187376726138,0.014060029525854011,0.8072641135565842,0.8837577181262364,0,Not cognition-prioritized
BAD,3,0,0,0.7912898598570074,0.8620475414498349,-0.007937584839705589,-0.005920276060223903,-0.00288585598979932,0.9586128183114486,0.9811305690771537,-0.015006622469093544,0.7912898598570074,0.8620475414498349,-0.005920276060223903,0.9180668148792669,0.9513339576053305,0,Not cognition-prioritized
GOT2,3,0,0,0.8110213024066437,0.8740688948198811,-0.005522586407348478,-0.002552556296842364,-5.037177086586718e-4,0.9928388718648735,0.9950137653410288,-0.0135114852165444,0.8110213024066437,0.8740688948198811,-0.002552556296842364,0.9642548751095443,0.9763664741821612,0,Not cognition-prioritized
MMAA,3,0,0,0.79989484076497,0.8807506369433785,0.001469392498878511,0.002383236700549676,-0.012473715754773355,0.825004387789351,0.902442508614835,0.002383236700549676,0.9661620715161782,0.976837895510832,0.01449865655085921,0.79989484076497,0.8807506369433785,0,Not cognition-prioritized
YWHAE,3,0,0,0.7948188707429,0.8879844526614817,-0.00551125692274955,-0.00710277208400846,-0.014705529555848364,0.7948188707429,0.8879844526614817,0.005274530871608171,0.9252703826373612,0.9480653976631416,-0.00710277208400846,0.9007204184303003,0.9386778848106203,0,Not cognition-prioritized
PDE12,3,0,0,0.8233006600093686,0.902442508614835,-0.005405081609445024,-0.0062525961594471526,-0.012496611891194402,0.8233006600093686,0.902442508614835,-0.0062525961594471526,0.911612475666973,0.9385210739572222,0.002533963222306484,0.9646287351482772,0.9763664741821612,0,Not cognition-prioritized
STOML2,3,0,0,0.8396969940432685,0.9037091547322983,0.004113812321042185,0.008368171477317773,-0.008012118053223946,0.8861499265392112,0.9329145865416854,0.008368171477317773,0.8855770096251177,0.9292465181272738,0.011985383539032729,0.8396969940432685,0.9037091547322983,0,Not cognition-prioritized
CRYZ,3,0,0,0.8461488194667943,0.9166250177695517,-0.0011213481675650856,0.0013700637199288478,-0.010967083609475516,0.8461488194667943,0.9166250177695517,0.006232975386851411,0.9118527155715525,0.9385210739572222,0.0013700637199288478,0.9808057824869478,0.9872797480479178,0,Not cognition-prioritized
COA4,3,0,0,0.8754381000298903,0.9270753239371131,-0.003814470805796111,-0.0016206341341036769,-0.00894706845963508,0.8754381000298903,0.9270753239371131,-8.757098236495759e-4,0.9875776238736738,0.9886581245562489,-0.0016206341341036769,0.9772692293247642,0.9855038248947123,0,Not cognition-prioritized
