gene,protein_collapse_magnitude,inverse_braak_magnitude,cognition_composite_score,cognition_metric_source,cognition_component_source,n_cognition_components,matching_abundance,abundance_bin,agora_nominated_target,is_hsp60_10_client,collapse_rank,inverse_braak_rank,cognition_rank
AADAT,0.10073131729041616,0.01288112480465149,0.5,outputs/supplemental_figures/audits/COGNITION_LOOKUP_SELECTED_FOR_SUPPLEMENTAL_NULL.csv,cognition_composite_score,NA,0.10073131729041616,5,0,FALSE,0.6480263157894737,0.6085526315789473,0.23190789473684212
AASS,-0.10054205142070008,-0.02260444994664657,0.5,outputs/supplemental_figures/audits/COGNITION_LOOKUP_SELECTED_FOR_SUPPLEMENTAL_NULL.csv,cognition_composite_score,NA,0.10054205142070008,5,0,FALSE,0.03618421052631579,0.018092105263157895,0.23190789473684212
ABAT,0.03897662283400154,0.001967648032835,0.5,outputs/supplemental_figures/audits/COGNITION_LOOKUP_SELECTED_FOR_SUPPLEMENTAL_NULL.csv,cognition_composite_score,NA,0.03897662283400154,3,0,FALSE,0.34539473684210525,0.27631578947368424,0.23190789473684212
ABCB10,0.06723396292437882,0.00969996983403258,1,outputs/supplemental_figures/audits/COGNITION_LOOKUP_SELECTED_FOR_SUPPLEMENTAL_NULL.csv,cognition_composite_score,NA,0.06723396292437882,4,0,FALSE,0.46381578947368424,0.49506578947368424,0.5970394736842105
ABCB6,-0.02460388684236241,-0.00624996857466662,0.5,outputs/supplemental_figures/audits/COGNITION_LOOKUP_SELECTED_FOR_SUPPLEMENTAL_NULL.csv,cognition_composite_score,NA,0.02460388684236241,2,0,FALSE,0.14473684210526316,0.14802631578947367,0.23190789473684212
ABCB7,0.08032647345331857,0.00807753489962768,0,outputs/supplemental_figures/audits/COGNITION_LOOKUP_SELECTED_FOR_SUPPLEMENTAL_NULL.csv,cognition_composite_score,NA,0.08032647345331857,4,0,FALSE,0.5411184210526315,0.4440789473684211,0
ABCB8,0.0729167759090213,0.01222135964747218,0,outputs/supplemental_figures/audits/COGNITION_LOOKUP_SELECTED_FOR_SUPPLEMENTAL_NULL.csv,cognition_composite_score,NA,0.0729167759090213,4,0,FALSE,0.4934210526315789,0.5986842105263158,0
ABCD2,0.05176379782420599,0.00623905667170273,0.5,outputs/supplemental_figures/audits/COGNITION_LOOKUP_SELECTED_FOR_SUPPLEMENTAL_NULL.csv,cognition_composite_score,NA,0.05176379782420599,3,0,FALSE,0.3980263157894737,0.39473684210526316,0.23190789473684212
ABCD3,-0.00982718677489624,-0.00191503931067212,0.5,outputs/supplemental_figures/audits/COGNITION_LOOKUP_SELECTED_FOR_SUPPLEMENTAL_NULL.csv,cognition_composite_score,NA,0.00982718677489624,1,0,FALSE,0.16940789473684212,0.20394736842105263,0.23190789473684212
ACAA1,-0.04428214060710497,-0.00533637899265999,0,outputs/supplemental_figures/audits/COGNITION_LOOKUP_SELECTED_FOR_SUPPLEMENTAL_NULL.csv,cognition_composite_score,NA,0.04428214060710497,3,0,FALSE,0.10032894736842106,0.16611842105263158,0
ACACA,0.06352409213906172,0.01110847868908068,0.5,outputs/supplemental_figures/audits/COGNITION_LOOKUP_SELECTED_FOR_SUPPLEMENTAL_NULL.csv,cognition_composite_score,NA,0.06352409213906172,4,0,FALSE,0.4457236842105263,0.5608552631578947,0.23190789473684212
ACAD10,0.03546508168687716,0.00496460138700581,1.5,outputs/supplemental_figures/audits/COGNITION_LOOKUP_SELECTED_FOR_SUPPLEMENTAL_NULL.csv,cognition_composite_score,NA,0.03546508168687716,2,0,FALSE,0.33223684210526316,0.3569078947368421,0.5986842105263158
ACAD11,0.01567317351245774,-0.00772924603901709,0.5,outputs/supplemental_figures/audits/COGNITION_LOOKUP_SELECTED_FOR_SUPPLEMENTAL_NULL.csv,cognition_composite_score,NA,0.01567317351245774,1,0,FALSE,0.2565789473684211,0.13157894736842105,0.23190789473684212
ACAD8,-0.00560032285676115,-0.00583525568504771,0.5,outputs/supplemental_figures/audits/COGNITION_LOOKUP_SELECTED_FOR_SUPPLEMENTAL_NULL.csv,cognition_composite_score,NA,0.00560032285676115,1,0,FALSE,0.18092105263157895,0.15789473684210525,0.23190789473684212
ACADM,-0.01379195951608452,-0.00181436168470293,2.5,outputs/supplemental_figures/audits/COGNITION_LOOKUP_SELECTED_FOR_SUPPLEMENTAL_NULL.csv,cognition_composite_score,NA,0.01379195951608452,1,0,FALSE,0.16611842105263158,0.20559210526315788,0.6842105263157895
ACADS,0.00726432338409126,8.986421419185804e-4,0.5,outputs/supplemental_figures/audits/COGNITION_LOOKUP_SELECTED_FOR_SUPPLEMENTAL_NULL.csv,cognition_composite_score,NA,0.00726432338409126,1,0,FALSE,0.21875,0.24835526315789475,0.23190789473684212
ACADSB,0.12862715099776215,0.01793100894708894,8.5,outputs/supplemental_figures/audits/COGNITION_LOOKUP_SELECTED_FOR_SUPPLEMENTAL_NULL.csv,cognition_composite_score,NA,0.12862715099776215,5,0,FALSE,0.7713815789473685,0.7532894736842105,0.8552631578947368
ACLY,0.01402926905847402,0.00120737323067136,0.5,outputs/supplemental_figures/audits/COGNITION_LOOKUP_SELECTED_FOR_SUPPLEMENTAL_NULL.csv,cognition_composite_score,NA,0.01402926905847402,1,0,FALSE,0.24177631578947367,0.2532894736842105,0.23190789473684212
ACOT11,0.07787224546869381,0.00451403539853458,0.5,outputs/supplemental_figures/audits/COGNITION_LOOKUP_SELECTED_FOR_SUPPLEMENTAL_NULL.csv,cognition_composite_score,NA,0.07787224546869381,4,0,FALSE,0.5213815789473685,0.3503289473684211,0.23190789473684212
ACOT7,0.0955927535971756,0.01792634575515926,0.5,outputs/supplemental_figures/audits/COGNITION_LOOKUP_SELECTED_FOR_SUPPLEMENTAL_NULL.csv,cognition_composite_score,NA,0.0955927535971756,4,0,FALSE,0.6167763157894737,0.7516447368421053,0.23190789473684212
ACOT9,-0.02016634802300872,-0.00324310905347477,0.5,outputs/supplemental_figures/audits/COGNITION_LOOKUP_SELECTED_FOR_SUPPLEMENTAL_NULL.csv,cognition_composite_score,NA,0.02016634802300872,2,0,FALSE,0.1513157894736842,0.1875,0.23190789473684212
ACP6,-0.0336511325369546,-0.00802340318002646,0,outputs/supplemental_figures/audits/COGNITION_LOOKUP_SELECTED_FOR_SUPPLEMENTAL_NULL.csv,cognition_composite_score,NA,0.0336511325369546,2,0,FALSE,0.11513157894736842,0.125,0
ACSF2,-0.03667817491550859,-0.01261446656550024,3.5,outputs/supplemental_figures/audits/COGNITION_LOOKUP_SELECTED_FOR_SUPPLEMENTAL_NULL.csv,cognition_composite_score,NA,0.03667817491550859,3,0,FALSE,0.1118421052631579,0.0756578947368421,0.7532894736842105
ACSL1,-0.05435178122579123,-0.01114175304457953,0,outputs/supplemental_figures/audits/COGNITION_LOOKUP_SELECTED_FOR_SUPPLEMENTAL_NULL.csv,cognition_composite_score,NA,0.05435178122579123,3,0,FALSE,0.08881578947368421,0.09046052631578948,0
ACSL6,0.08028575765467158,0.01222071445730158,0.5,outputs/supplemental_figures/audits/COGNITION_LOOKUP_SELECTED_FOR_SUPPLEMENTAL_NULL.csv,cognition_composite_score,NA,0.08028575765467158,4,0,FALSE,0.5394736842105263,0.5970394736842105,0.23190789473684212
ACSS1,0.01445338448986563,0.00194630455677278,0.5,outputs/supplemental_figures/audits/COGNITION_LOOKUP_SELECTED_FOR_SUPPLEMENTAL_NULL.csv,cognition_composite_score,NA,0.01445338448986563,1,0,FALSE,0.2450657894736842,0.2730263157894737,0.23190789473684212
ACSS3,-0.12751931807729203,-0.02125187033232059,0,outputs/supplemental_figures/audits/COGNITION_LOOKUP_SELECTED_FOR_SUPPLEMENTAL_NULL.csv,cognition_composite_score,NA,0.12751931807729203,5,0,FALSE,0.018092105263157895,0.02138157894736842,0
ADCK1,0.11101523980880486,0.01704371848034576,1.5,outputs/supplemental_figures/audits/COGNITION_LOOKUP_SELECTED_FOR_SUPPLEMENTAL_NULL.csv,cognition_composite_score,NA,0.11101523980880486,5,0,FALSE,0.680921052631579,0.7203947368421053,0.5986842105263158
ADCK5,0.07116150452671148,0.01172042400906404,0,outputs/supplemental_figures/audits/COGNITION_LOOKUP_SELECTED_FOR_SUPPLEMENTAL_NULL.csv,cognition_composite_score,NA,0.07116150452671148,4,0,FALSE,0.48519736842105265,0.5822368421052632,0
ADHFE1,-0.11605328923469732,-0.01995516452770171,0,outputs/supplemental_figures/audits/COGNITION_LOOKUP_SELECTED_FOR_SUPPLEMENTAL_NULL.csv,cognition_composite_score,NA,0.11605328923469732,5,0,FALSE,0.02138157894736842,0.024671052631578948,0
AGK,0.12350734197679628,0.01648464140692847,5.5,outputs/supplemental_figures/audits/COGNITION_LOOKUP_SELECTED_FOR_SUPPLEMENTAL_NULL.csv,cognition_composite_score,NA,0.12350734197679628,5,0,FALSE,0.7384868421052632,0.7055921052631579,0.7845394736842105
AGPAT4,-0.0053156700513778,0.0019032153609186,0,outputs/supplemental_figures/audits/COGNITION_LOOKUP_SELECTED_FOR_SUPPLEMENTAL_NULL.csv,cognition_composite_score,NA,0.0053156700513778,1,0,FALSE,0.18421052631578946,0.26973684210526316,0
AGPAT5,0.03303725754771554,0.00326494722467378,0.5,outputs/supplemental_figures/audits/COGNITION_LOOKUP_SELECTED_FOR_SUPPLEMENTAL_NULL.csv,cognition_composite_score,NA,0.03303725754771554,2,0,FALSE,0.32401315789473684,0.3026315789473684,0.23190789473684212
AHCYL1,0.05289035014301567,0.00869083934357438,12.5,outputs/supplemental_figures/audits/COGNITION_LOOKUP_SELECTED_FOR_SUPPLEMENTAL_NULL.csv,cognition_composite_score,NA,0.05289035014301567,3,0,FALSE,0.4029605263157895,0.4720394736842105,0.9342105263157895
AIFM2,-0.00641586951535039,-0.00427162968878546,0.5,outputs/supplemental_figures/audits/COGNITION_LOOKUP_SELECTED_FOR_SUPPLEMENTAL_NULL.csv,cognition_composite_score,NA,0.00641586951535039,1,0,FALSE,0.17927631578947367,0.17598684210526316,0.23190789473684212
AIFM3,-0.02702686579845724,-0.0073591700246761,0,outputs/supplemental_figures/audits/COGNITION_LOOKUP_SELECTED_FOR_SUPPLEMENTAL_NULL.csv,cognition_composite_score,NA,0.02702686579845724,2,0,FALSE,0.14144736842105263,0.13322368421052633,0
AKAP1,0.04354094277392272,0.00352847744399104,0.5,outputs/supplemental_figures/audits/COGNITION_LOOKUP_SELECTED_FOR_SUPPLEMENTAL_NULL.csv,cognition_composite_score,NA,0.04354094277392272,3,0,FALSE,0.36019736842105265,0.31414473684210525,0.23190789473684212
AKAP10,1.7434365720793297e-4,0.00112588584557876,0.5,outputs/supplemental_figures/audits/COGNITION_LOOKUP_SELECTED_FOR_SUPPLEMENTAL_NULL.csv,cognition_composite_score,NA,1.7434365720793297e-4,1,0,FALSE,0.19736842105263158,0.25164473684210525,0.23190789473684212
ALDH1L1,-0.17553555313179756,-0.03084293413596394,0.5,outputs/supplemental_figures/audits/COGNITION_LOOKUP_SELECTED_FOR_SUPPLEMENTAL_NULL.csv,cognition_composite_score,NA,0.17553555313179756,5,0,FALSE,0.011513157894736841,0.013157894736842105,0.23190789473684212
ALDH1L2,-0.07678386878429735,-0.02042366848399316,0,outputs/supplemental_figures/audits/COGNITION_LOOKUP_SELECTED_FOR_SUPPLEMENTAL_NULL.csv,cognition_composite_score,NA,0.07678386878429735,4,0,FALSE,0.05756578947368421,0.023026315789473683,0
ALDH3A2,-0.10643779978829684,-0.01881929892726965,0,outputs/supplemental_figures/audits/COGNITION_LOOKUP_SELECTED_FOR_SUPPLEMENTAL_NULL.csv,cognition_composite_score,NA,0.10643779978829684,5,0,FALSE,0.03125,0.029605263157894735,0
ALDH4A1,-0.01445249754805171,-0.00347474475862372,9.5,outputs/supplemental_figures/audits/COGNITION_LOOKUP_SELECTED_FOR_SUPPLEMENTAL_NULL.csv,cognition_composite_score,NA,0.01445249754805171,1,0,FALSE,0.16282894736842105,0.18421052631578946,0.875
ALDH6A1,-0.00402925930346253,0.00175545012430203,0.5,outputs/supplemental_figures/audits/COGNITION_LOOKUP_SELECTED_FOR_SUPPLEMENTAL_NULL.csv,cognition_composite_score,NA,0.00402925930346253,1,0,FALSE,0.1875,0.26480263157894735,0.23190789473684212
ALKBH7,0.09779270773461315,0.01430206761751085,0.5,outputs/supplemental_figures/audits/COGNITION_LOOKUP_SELECTED_FOR_SUPPLEMENTAL_NULL.csv,cognition_composite_score,NA,0.09779270773461315,4,0,FALSE,0.6365131578947368,0.6611842105263158,0.23190789473684212
AMACR,0.06360545183802972,0.01054245874886209,0.5,outputs/supplemental_figures/audits/COGNITION_LOOKUP_SELECTED_FOR_SUPPLEMENTAL_NULL.csv,cognition_composite_score,NA,0.06360545183802972,4,0,FALSE,0.4473684210526316,0.5394736842105263,0.23190789473684212
AMT,-0.05293109485863951,-0.01088111709525036,0,outputs/supplemental_figures/audits/COGNITION_LOOKUP_SELECTED_FOR_SUPPLEMENTAL_NULL.csv,cognition_composite_score,NA,0.05293109485863951,3,0,FALSE,0.09210526315789473,0.09210526315789473,0
ANGEL2,0.00437655722500627,-0.00213241996435793,0,outputs/supplemental_figures/audits/COGNITION_LOOKUP_SELECTED_FOR_SUPPLEMENTAL_NULL.csv,cognition_composite_score,NA,0.00437655722500627,1,0,FALSE,0.21052631578947367,0.19901315789473684,0
APEX1,-0.10072132002221952,-0.01483076762284021,0,outputs/supplemental_figures/audits/COGNITION_LOOKUP_SELECTED_FOR_SUPPLEMENTAL_NULL.csv,cognition_composite_score,NA,0.10072132002221952,5,0,FALSE,0.03453947368421053,0.05098684210526316,0
APOO,0.1683172471230219,0.02346400752812654,6.5,outputs/supplemental_figures/audits/COGNITION_LOOKUP_SELECTED_FOR_SUPPLEMENTAL_NULL.csv,cognition_composite_score,NA,0.1683172471230219,5,0,FALSE,0.875,0.8569078947368421,0.819078947368421
APOOL,0.1259863432826622,0.01907552795710699,6.5,outputs/supplemental_figures/audits/COGNITION_LOOKUP_SELECTED_FOR_SUPPLEMENTAL_NULL.csv,cognition_composite_score,NA,0.1259863432826622,5,0,FALSE,0.7532894736842105,0.7828947368421053,0.819078947368421
ARF5,0.06782732440468625,0.01517725725923876,0.5,outputs/supplemental_figures/audits/COGNITION_LOOKUP_SELECTED_FOR_SUPPLEMENTAL_NULL.csv,cognition_composite_score,NA,0.06782732440468625,4,0,FALSE,0.46710526315789475,0.6792763157894737,0.23190789473684212
ARG2,-0.06044024019283085,-0.0122937755960515,0,outputs/supplemental_figures/audits/COGNITION_LOOKUP_SELECTED_FOR_SUPPLEMENTAL_NULL.csv,cognition_composite_score,NA,0.06044024019283085,3,0,FALSE,0.0805921052631579,0.08223684210526316,0
ARMC10,-0.0149216307020561,0.00166287322531748,2.5,outputs/supplemental_figures/audits/COGNITION_LOOKUP_SELECTED_FOR_SUPPLEMENTAL_NULL.csv,cognition_composite_score,NA,0.0149216307020561,1,0,FALSE,0.1611842105263158,0.2598684210526316,0.6842105263157895
ARMCX1,-0.00872226916813769,-0.00538843745453137,1.5,outputs/supplemental_figures/audits/COGNITION_LOOKUP_SELECTED_FOR_SUPPLEMENTAL_NULL.csv,cognition_composite_score,NA,0.00872226916813769,1,0,FALSE,0.17434210526315788,0.16447368421052633,0.5986842105263158
ARMCX2,0.08881095914207184,0.00804248634385068,0.5,outputs/supplemental_figures/audits/COGNITION_LOOKUP_SELECTED_FOR_SUPPLEMENTAL_NULL.csv,cognition_composite_score,NA,0.08881095914207184,4,0,FALSE,0.5838815789473685,0.44243421052631576,0.23190789473684212
ARMCX3,0.06700840718370961,0.01016682701490783,8.5,outputs/supplemental_figures/audits/COGNITION_LOOKUP_SELECTED_FOR_SUPPLEMENTAL_NULL.csv,cognition_composite_score,NA,0.06700840718370961,4,0,FALSE,0.4621710526315789,0.524671052631579,0.8552631578947368
ATAD1,0.14084001931913429,0.02087070721594723,12.5,outputs/supplemental_figures/audits/COGNITION_LOOKUP_SELECTED_FOR_SUPPLEMENTAL_NULL.csv,cognition_composite_score,NA,0.14084001931913429,5,0,FALSE,0.805921052631579,0.8092105263157895,0.9342105263157895
ATP5F1A,0.15921156545552118,0.02538141071998347,3.5,outputs/supplemental_figures/audits/COGNITION_LOOKUP_SELECTED_FOR_SUPPLEMENTAL_NULL.csv,cognition_composite_score,NA,0.15921156545552118,5,0,FALSE,0.8552631578947368,0.8865131578947368,0.7532894736842105
ATP5F1B,0.15528245005584126,0.02509143470965145,0.5,outputs/supplemental_figures/audits/COGNITION_LOOKUP_SELECTED_FOR_SUPPLEMENTAL_NULL.csv,cognition_composite_score,NA,0.15528245005584126,5,0,FALSE,0.8453947368421053,0.8832236842105263,0.23190789473684212
ATP5F1C,0.14525697132334753,0.02282686670144376,0.5,outputs/supplemental_figures/audits/COGNITION_LOOKUP_SELECTED_FOR_SUPPLEMENTAL_NULL.csv,cognition_composite_score,NA,0.14525697132334753,5,0,FALSE,0.8223684210526315,0.84375,0.23190789473684212
ATPAF1,0.12516840720901765,0.01831948482103198,3.5,outputs/supplemental_figures/audits/COGNITION_LOOKUP_SELECTED_FOR_SUPPLEMENTAL_NULL.csv,cognition_composite_score,NA,0.12516840720901765,5,0,FALSE,0.7467105263157895,0.7648026315789473,0.7532894736842105
ATPAF2,0.01500454585061382,6.998404287059544e-4,0.5,outputs/supplemental_figures/audits/COGNITION_LOOKUP_SELECTED_FOR_SUPPLEMENTAL_NULL.csv,cognition_composite_score,NA,0.01500454585061382,1,0,FALSE,0.24835526315789475,0.24177631578947367,0.23190789473684212
AUH,0.16212518191422767,0.02654397757373171,6.5,outputs/supplemental_figures/audits/COGNITION_LOOKUP_SELECTED_FOR_SUPPLEMENTAL_NULL.csv,cognition_composite_score,NA,0.16212518191422767,5,0,FALSE,0.8634868421052632,0.8980263157894737,0.819078947368421
AURKAIP1,0.122149476456792,0.011569134353242,0.5,outputs/supplemental_figures/audits/COGNITION_LOOKUP_SELECTED_FOR_SUPPLEMENTAL_NULL.csv,cognition_composite_score,NA,0.122149476456792,5,0,FALSE,0.7351973684210527,0.5756578947368421,0.23190789473684212
BAD,0.03592954300302063,0.00179001773805476,0,outputs/supplemental_figures/audits/COGNITION_LOOKUP_SELECTED_FOR_SUPPLEMENTAL_NULL.csv,cognition_composite_score,NA,0.03592954300302063,3,0,FALSE,0.3371710526315789,0.26644736842105265,0
BAX,0.0018717753628106,-0.00153310378754789,0,outputs/supplemental_figures/audits/COGNITION_LOOKUP_SELECTED_FOR_SUPPLEMENTAL_NULL.csv,cognition_composite_score,NA,0.0018717753628106,1,0,FALSE,0.20230263157894737,0.21217105263157895,0
BCL2L1,0.00325980367584324,0.00213387873751155,0,outputs/supplemental_figures/audits/COGNITION_LOOKUP_SELECTED_FOR_SUPPLEMENTAL_NULL.csv,cognition_composite_score,NA,0.00325980367584324,1,0,FALSE,0.20723684210526316,0.28125,0
BCL2L13,0.08190291406012325,0.01737281759728432,1.5,outputs/supplemental_figures/audits/COGNITION_LOOKUP_SELECTED_FOR_SUPPLEMENTAL_NULL.csv,cognition_composite_score,NA,0.08190291406012325,4,0,FALSE,0.5542763157894737,0.7319078947368421,0.5986842105263158
BCL2L2,0.11199273319157284,0.01872821824134572,9.5,outputs/supplemental_figures/audits/COGNITION_LOOKUP_SELECTED_FOR_SUPPLEMENTAL_NULL.csv,cognition_composite_score,NA,0.11199273319157284,5,0,FALSE,0.6875,0.7697368421052632,0.875
BDH1,0.18000795710718723,0.02696948301432527,12.5,outputs/supplemental_figures/audits/COGNITION_LOOKUP_SELECTED_FOR_SUPPLEMENTAL_NULL.csv,cognition_composite_score,NA,0.18000795710718723,5,0,FALSE,0.912828947368421,0.9046052631578947,0.9342105263157895
BID,0.05724176046519187,0.00486743728038284,0,outputs/supplemental_figures/audits/COGNITION_LOOKUP_SELECTED_FOR_SUPPLEMENTAL_NULL.csv,cognition_composite_score,NA,0.05724176046519187,3,0,FALSE,0.42105263157894735,0.35526315789473684,0
BLOC1S1,-0.05785243186585707,-0.01008398616014932,0,outputs/supplemental_figures/audits/COGNITION_LOOKUP_SELECTED_FOR_SUPPLEMENTAL_NULL.csv,cognition_composite_score,NA,0.05785243186585707,3,0,FALSE,0.08552631578947369,0.10361842105263158,0
BNIP3,0.14974992179038743,0.02355299960906029,3.5,outputs/supplemental_figures/audits/COGNITION_LOOKUP_SELECTED_FOR_SUPPLEMENTAL_NULL.csv,cognition_composite_score,NA,0.14974992179038743,5,0,FALSE,0.8355263157894737,0.8585526315789473,0.7532894736842105
BNIP3L,0.09538004251741196,0.01704813145590343,6.5,outputs/supplemental_figures/audits/COGNITION_LOOKUP_SELECTED_FOR_SUPPLEMENTAL_NULL.csv,cognition_composite_score,NA,0.09538004251741196,4,0,FALSE,0.6151315789473685,0.7220394736842105,0.819078947368421
BOLA1,0.07452824991535908,0.00993041458567335,5.5,outputs/supplemental_figures/audits/COGNITION_LOOKUP_SELECTED_FOR_SUPPLEMENTAL_NULL.csv,cognition_composite_score,NA,0.07452824991535908,4,0,FALSE,0.5032894736842105,0.5098684210526315,0.7845394736842105
BOLA3,0.180488655334106,0.02327142695889563,9.5,outputs/supplemental_figures/audits/COGNITION_LOOKUP_SELECTED_FOR_SUPPLEMENTAL_NULL.csv,cognition_composite_score,NA,0.180488655334106,5,0,FALSE,0.9161184210526315,0.850328947368421,0.875
BPHL,0.07596397610407658,-0.00786784749104883,0.5,outputs/supplemental_figures/audits/COGNITION_LOOKUP_SELECTED_FOR_SUPPLEMENTAL_NULL.csv,cognition_composite_score,NA,0.07596397610407658,4,0,FALSE,0.5098684210526315,0.12664473684210525,0.23190789473684212
C15ORF61,0.05908021389479928,0.01007464871922557,2.5,outputs/supplemental_figures/audits/COGNITION_LOOKUP_SELECTED_FOR_SUPPLEMENTAL_NULL.csv,cognition_composite_score,NA,0.05908021389479928,3,0,FALSE,0.4309210526315789,0.5213815789473685,0.6842105263157895
C2ORF69,0.02679153176385534,0.00557088175809868,0.5,outputs/supplemental_figures/audits/COGNITION_LOOKUP_SELECTED_FOR_SUPPLEMENTAL_NULL.csv,cognition_composite_score,NA,0.02679153176385534,2,0,FALSE,0.29605263157894735,0.375,0.23190789473684212
C3ORF33,0.0801522620892095,0.00991925685926088,1.5,outputs/supplemental_figures/audits/COGNITION_LOOKUP_SELECTED_FOR_SUPPLEMENTAL_NULL.csv,cognition_composite_score,NA,0.0801522620892095,4,0,FALSE,0.5361842105263158,0.5082236842105263,0.5986842105263158
C6ORF136,0.134605642713669,0.02195730071543646,6.5,outputs/supplemental_figures/audits/COGNITION_LOOKUP_SELECTED_FOR_SUPPLEMENTAL_NULL.csv,cognition_composite_score,NA,0.134605642713669,5,0,FALSE,0.7911184210526315,0.8305921052631579,0.819078947368421
C8ORF82,0.0093915652551714909,-2.754417201338996e-4,0.5,outputs/supplemental_figures/audits/COGNITION_LOOKUP_SELECTED_FOR_SUPPLEMENTAL_NULL.csv,cognition_composite_score,NA,0.0093915652551714909,1,0,FALSE,0.23026315789473684,0.23026315789473684,0.23190789473684212
CA5B,0.01930470719114083,0.00706485570606659,0,outputs/supplemental_figures/audits/COGNITION_LOOKUP_SELECTED_FOR_SUPPLEMENTAL_NULL.csv,cognition_composite_score,NA,0.01930470719114083,2,0,FALSE,0.2680921052631579,0.4161184210526316,0
CASP3,-0.05839335475886436,-0.01224668732284335,0.5,outputs/supplemental_figures/audits/COGNITION_LOOKUP_SELECTED_FOR_SUPPLEMENTAL_NULL.csv,cognition_composite_score,NA,0.05839335475886436,3,0,FALSE,0.08388157894736842,0.08717105263157894,0.23190789473684212
CASP9,-0.00549519777478612,-0.00692475409318057,0.5,outputs/supplemental_figures/audits/COGNITION_LOOKUP_SELECTED_FOR_SUPPLEMENTAL_NULL.csv,cognition_composite_score,NA,0.00549519777478612,1,0,FALSE,0.1825657894736842,0.13815789473684212,0.23190789473684212
CAT,-0.11585283859911238,-0.02734234463679098,0,outputs/supplemental_figures/audits/COGNITION_LOOKUP_SELECTED_FOR_SUPPLEMENTAL_NULL.csv,cognition_composite_score,NA,0.11585283859911238,5,0,FALSE,0.023026315789473683,0.01644736842105263,0
CBR3,-0.07940430961817248,-0.01370060603549042,0,outputs/supplemental_figures/audits/COGNITION_LOOKUP_SELECTED_FOR_SUPPLEMENTAL_NULL.csv,cognition_composite_score,NA,0.07940430961817248,4,0,FALSE,0.054276315789473686,0.06743421052631579,0
CCDC127,0.08145054077071502,0.00985545209598749,1.5,outputs/supplemental_figures/audits/COGNITION_LOOKUP_SELECTED_FOR_SUPPLEMENTAL_NULL.csv,cognition_composite_score,NA,0.08145054077071502,4,0,FALSE,0.5509868421052632,0.5032894736842105,0.5986842105263158
CCDC51,0.06025173027485291,0.00810044782716167,0,outputs/supplemental_figures/audits/COGNITION_LOOKUP_SELECTED_FOR_SUPPLEMENTAL_NULL.csv,cognition_composite_score,NA,0.06025173027485291,3,0,FALSE,0.43585526315789475,0.44901315789473684,0
CCDC58,0.09165470160216208,0.01368178596016774,0.5,outputs/supplemental_figures/audits/COGNITION_LOOKUP_SELECTED_FOR_SUPPLEMENTAL_NULL.csv,cognition_composite_score,NA,0.09165470160216208,4,0,FALSE,0.5986842105263158,0.6348684210526315,0.23190789473684212
CHCHD10,0.26131798916944027,0.0384338672816242,0,outputs/supplemental_figures/audits/COGNITION_LOOKUP_SELECTED_FOR_SUPPLEMENTAL_NULL.csv,cognition_composite_score,NA,0.26131798916944027,5,0,FALSE,0.9967105263157895,0.9967105263157895,0
CHCHD2,0.201382165713789,0.03058514095313619,0.5,outputs/supplemental_figures/audits/COGNITION_LOOKUP_SELECTED_FOR_SUPPLEMENTAL_NULL.csv,cognition_composite_score,NA,0.201382165713789,5,0,FALSE,0.9424342105263158,0.9473684210526315,0.23190789473684212
CHCHD3,0.12958005352289265,0.01984329434912951,5.5,outputs/supplemental_figures/audits/COGNITION_LOOKUP_SELECTED_FOR_SUPPLEMENTAL_NULL.csv,cognition_composite_score,NA,0.12958005352289265,5,0,FALSE,0.7730263157894737,0.7960526315789473,0.7845394736842105
CHCHD4,0.11768967693122624,0.0181105974843043,5.5,outputs/supplemental_figures/audits/COGNITION_LOOKUP_SELECTED_FOR_SUPPLEMENTAL_NULL.csv,cognition_composite_score,NA,0.11768967693122624,5,0,FALSE,0.7138157894736842,0.7615131578947368,0.7845394736842105
CHCHD5,0.03847317623620076,5.2298174748542e-4,0,outputs/supplemental_figures/audits/COGNITION_LOOKUP_SELECTED_FOR_SUPPLEMENTAL_NULL.csv,cognition_composite_score,NA,0.03847317623620076,3,0,FALSE,0.34375,0.24013157894736842,0
CHCHD6,0.17519979117705323,0.02688456588839527,0.5,outputs/supplemental_figures/audits/COGNITION_LOOKUP_SELECTED_FOR_SUPPLEMENTAL_NULL.csv,cognition_composite_score,NA,0.17519979117705323,5,0,FALSE,0.899671052631579,0.9029605263157895,0.23190789473684212
CHCHD7,0.07108890930707551,0.00846923977873327,0,outputs/supplemental_figures/audits/COGNITION_LOOKUP_SELECTED_FOR_SUPPLEMENTAL_NULL.csv,cognition_composite_score,NA,0.07108890930707551,4,0,FALSE,0.4819078947368421,0.4605263157894737,0
CHDH,-0.13631542439284153,-0.02854893905580835,0.5,outputs/supplemental_figures/audits/COGNITION_LOOKUP_SELECTED_FOR_SUPPLEMENTAL_NULL.csv,cognition_composite_score,NA,0.13631542439284153,5,0,FALSE,0.014802631578947368,0.014802631578947368,0.23190789473684212
CISD1,0.16185915899360576,0.02759895569999391,0.5,outputs/supplemental_figures/audits/COGNITION_LOOKUP_SELECTED_FOR_SUPPLEMENTAL_NULL.csv,cognition_composite_score,NA,0.16185915899360576,5,0,FALSE,0.8618421052631579,0.9144736842105263,0.23190789473684212
CISD3,-0.11401289280053904,-0.0333846496390062,1.5,outputs/supplemental_figures/audits/COGNITION_LOOKUP_SELECTED_FOR_SUPPLEMENTAL_NULL.csv,cognition_composite_score,NA,0.11401289280053904,5,0,FALSE,0.02631578947368421,0.009868421052631578,0.5986842105263158
CKMT1A,0.09610670206561406,0.01683001384224687,0,outputs/supplemental_figures/audits/COGNITION_LOOKUP_SELECTED_FOR_SUPPLEMENTAL_NULL.csv,cognition_composite_score,NA,0.09610670206561406,4,0,FALSE,0.6233552631578947,0.712171052631579,0
CKMT2,0.06149155420347908,0.00623296450950827,0,outputs/supplemental_figures/audits/COGNITION_LOOKUP_SELECTED_FOR_SUPPLEMENTAL_NULL.csv,cognition_composite_score,NA,0.06149155420347908,4,0,FALSE,0.44243421052631576,0.3930921052631579,0
CLPB,0.06544417125383517,0.00450731736227113,6.5,outputs/supplemental_figures/audits/COGNITION_LOOKUP_SELECTED_FOR_SUPPLEMENTAL_NULL.csv,cognition_composite_score,NA,0.06544417125383517,4,0,FALSE,0.4555921052631579,0.34868421052631576,0.819078947368421
CLYBL,0.0451157166356659,-0.0101334721322311,2.5,outputs/supplemental_figures/audits/COGNITION_LOOKUP_SELECTED_FOR_SUPPLEMENTAL_NULL.csv,cognition_composite_score,NA,0.0451157166356659,3,0,FALSE,0.37006578947368424,0.09868421052631579,0.6842105263157895
CMC1,0.06471508471635329,0.00973606287077122,1.5,outputs/supplemental_figures/audits/COGNITION_LOOKUP_SELECTED_FOR_SUPPLEMENTAL_NULL.csv,cognition_composite_score,NA,0.06471508471635329,4,0,FALSE,0.45394736842105265,0.5,0.5986842105263158
CMC2,0.22249910560228603,0.03043573339065629,2.5,outputs/supplemental_figures/audits/COGNITION_LOOKUP_SELECTED_FOR_SUPPLEMENTAL_NULL.csv,cognition_composite_score,NA,0.22249910560228603,5,0,FALSE,0.9802631578947368,0.9407894736842105,0.6842105263157895
CMC4,0.02738422281344487,0.0024554691712413,0,outputs/supplemental_figures/audits/COGNITION_LOOKUP_SELECTED_FOR_SUPPLEMENTAL_NULL.csv,cognition_composite_score,NA,0.02738422281344487,2,0,FALSE,0.30098684210526316,0.2878289473684211,0
CMPK2,-0.00106067264755212,-0.00286642599951416,0,outputs/supplemental_figures/audits/COGNITION_LOOKUP_SELECTED_FOR_SUPPLEMENTAL_NULL.csv,cognition_composite_score,NA,0.00106067264755212,1,0,FALSE,0.19407894736842105,0.19078947368421054,0
COA1,0.16863029983915886,0.02470099034094579,12.5,outputs/supplemental_figures/audits/COGNITION_LOOKUP_SELECTED_FOR_SUPPLEMENTAL_NULL.csv,cognition_composite_score,NA,0.16863029983915886,5,0,FALSE,0.8766447368421053,0.8782894736842105,0.9342105263157895
COA3,0.07155900123217208,0.00902243271348596,0.5,outputs/supplemental_figures/audits/COGNITION_LOOKUP_SELECTED_FOR_SUPPLEMENTAL_NULL.csv,cognition_composite_score,NA,0.07155900123217208,4,0,FALSE,0.48848684210526316,0.4786184210526316,0.23190789473684212
COA4,0.11581207971257214,0.01631011102150842,0,outputs/supplemental_figures/audits/COGNITION_LOOKUP_SELECTED_FOR_SUPPLEMENTAL_NULL.csv,cognition_composite_score,NA,0.11581207971257214,5,0,FALSE,0.7072368421052632,0.7006578947368421,0
COA5,0.02732232454639846,0.00507426789409672,0.5,outputs/supplemental_figures/audits/COGNITION_LOOKUP_SELECTED_FOR_SUPPLEMENTAL_NULL.csv,cognition_composite_score,NA,0.02732232454639846,2,0,FALSE,0.2993421052631579,0.3618421052631579,0.23190789473684212
COA6,0.22616145268874063,0.03299787070148785,2.5,outputs/supplemental_figures/audits/COGNITION_LOOKUP_SELECTED_FOR_SUPPLEMENTAL_NULL.csv,cognition_composite_score,NA,0.22616145268874063,5,0,FALSE,0.9835526315789473,0.9671052631578947,0.6842105263157895
COA7,0.18776848460327192,0.03156513893922038,1.5,outputs/supplemental_figures/audits/COGNITION_LOOKUP_SELECTED_FOR_SUPPLEMENTAL_NULL.csv,cognition_composite_score,NA,0.18776848460327192,5,0,FALSE,0.9259868421052632,0.9555921052631579,0.5986842105263158
COASY,-0.05171073180823399,-0.00633452293618285,0.5,outputs/supplemental_figures/audits/COGNITION_LOOKUP_SELECTED_FOR_SUPPLEMENTAL_NULL.csv,cognition_composite_score,NA,0.05171073180823399,3,0,FALSE,0.09539473684210527,0.14638157894736842,0.23190789473684212
COMT,-0.11813649044057928,-0.01525093903402424,0,outputs/supplemental_figures/audits/COGNITION_LOOKUP_SELECTED_FOR_SUPPLEMENTAL_NULL.csv,cognition_composite_score,NA,0.11813649044057928,5,0,FALSE,0.019736842105263157,0.046052631578947366,0
COMTD1,-0.0638834767908172,-0.00304119441942299,0,outputs/supplemental_figures/audits/COGNITION_LOOKUP_SELECTED_FOR_SUPPLEMENTAL_NULL.csv,cognition_composite_score,NA,0.0638834767908172,4,0,FALSE,0.07072368421052631,0.18914473684210525,0
COQ10A,0.03551124530284329,0.00378909300493398,2.5,outputs/supplemental_figures/audits/COGNITION_LOOKUP_SELECTED_FOR_SUPPLEMENTAL_NULL.csv,cognition_composite_score,NA,0.03551124530284329,2,0,FALSE,0.3338815789473684,0.32730263157894735,0.6842105263157895
COQ10B,0.07277308837281694,0.01436693915324539,0.5,outputs/supplemental_figures/audits/COGNITION_LOOKUP_SELECTED_FOR_SUPPLEMENTAL_NULL.csv,cognition_composite_score,NA,0.07277308837281694,4,0,FALSE,0.4917763157894737,0.662828947368421,0.23190789473684212
COQ3,0.08994638197041623,0.01628983515914014,6.5,outputs/supplemental_figures/audits/COGNITION_LOOKUP_SELECTED_FOR_SUPPLEMENTAL_NULL.csv,cognition_composite_score,NA,0.08994638197041623,4,0,FALSE,0.5921052631578947,0.6990131578947368,0.819078947368421
COQ5,0.04444508066899048,0.00865863841147196,0.5,outputs/supplemental_figures/audits/COGNITION_LOOKUP_SELECTED_FOR_SUPPLEMENTAL_NULL.csv,cognition_composite_score,NA,0.04444508066899048,3,0,FALSE,0.3651315789473684,0.46875,0.23190789473684212
COQ6,0.08442814351521755,0.01321732952870267,0.5,outputs/supplemental_figures/audits/COGNITION_LOOKUP_SELECTED_FOR_SUPPLEMENTAL_NULL.csv,cognition_composite_score,NA,0.08442814351521755,4,0,FALSE,0.569078947368421,0.618421052631579,0.23190789473684212
COQ7,0.0894890664200558,0.01464358429805039,0.5,outputs/supplemental_figures/audits/COGNITION_LOOKUP_SELECTED_FOR_SUPPLEMENTAL_NULL.csv,cognition_composite_score,NA,0.0894890664200558,4,0,FALSE,0.5888157894736842,0.6694078947368421,0.23190789473684212
COQ9,0.12619098086633646,0.02220717679185083,9.5,outputs/supplemental_figures/audits/COGNITION_LOOKUP_SELECTED_FOR_SUPPLEMENTAL_NULL.csv,cognition_composite_score,NA,0.12619098086633646,5,0,FALSE,0.7549342105263158,0.8338815789473685,0.875
COX11,0.10606979890219675,0.01157824666592413,8.5,outputs/supplemental_figures/audits/COGNITION_LOOKUP_SELECTED_FOR_SUPPLEMENTAL_NULL.csv,cognition_composite_score,NA,0.10606979890219675,5,0,FALSE,0.6661184210526315,0.5789473684210527,0.8552631578947368
COX14,0.07518458564598293,0.00925958765597071,0.5,outputs/supplemental_figures/audits/COGNITION_LOOKUP_SELECTED_FOR_SUPPLEMENTAL_NULL.csv,cognition_composite_score,NA,0.07518458564598293,4,0,FALSE,0.5082236842105263,0.48519736842105265,0.23190789473684212
COX15,0.01508418286282748,0.00194647803573802,0,outputs/supplemental_figures/audits/COGNITION_LOOKUP_SELECTED_FOR_SUPPLEMENTAL_NULL.csv,cognition_composite_score,NA,0.01508418286282748,1,0,FALSE,0.25,0.2746710526315789,0
COX17,0.13103062613382702,0.01655260466811981,0,outputs/supplemental_figures/audits/COGNITION_LOOKUP_SELECTED_FOR_SUPPLEMENTAL_NULL.csv,cognition_composite_score,NA,0.13103062613382702,5,0,FALSE,0.7796052631578947,0.7072368421052632,0
COX18,0.05433057398248975,0.00206026857107148,5.5,outputs/supplemental_figures/audits/COGNITION_LOOKUP_SELECTED_FOR_SUPPLEMENTAL_NULL.csv,cognition_composite_score,NA,0.05433057398248975,3,0,FALSE,0.40789473684210525,0.27960526315789475,0.7845394736842105
COX19,0.18528043732732197,0.02889037914126641,5.5,outputs/supplemental_figures/audits/COGNITION_LOOKUP_SELECTED_FOR_SUPPLEMENTAL_NULL.csv,cognition_composite_score,NA,0.18528043732732197,5,0,FALSE,0.9210526315789473,0.9325657894736842,0.7845394736842105
COX20,0.0889377935856242,0.00866629321501523,0,outputs/supplemental_figures/audits/COGNITION_LOOKUP_SELECTED_FOR_SUPPLEMENTAL_NULL.csv,cognition_composite_score,NA,0.0889377935856242,4,0,FALSE,0.5855263157894737,0.47039473684210525,0
COX5A,0.19424400857484464,0.02871336390335651,2.5,outputs/supplemental_figures/audits/COGNITION_LOOKUP_SELECTED_FOR_SUPPLEMENTAL_NULL.csv,cognition_composite_score,NA,0.19424400857484464,5,0,FALSE,0.9325657894736842,0.9276315789473685,0.6842105263157895
COX5B,0.176742114770213,0.02578695474341959,12.5,outputs/supplemental_figures/audits/COGNITION_LOOKUP_SELECTED_FOR_SUPPLEMENTAL_NULL.csv,cognition_composite_score,NA,0.176742114770213,5,0,FALSE,0.9029605263157895,0.8881578947368421,0.9342105263157895
COX6A1,0.1681326270324674,0.01947039892770117,0,outputs/supplemental_figures/audits/COGNITION_LOOKUP_SELECTED_FOR_SUPPLEMENTAL_NULL.csv,cognition_composite_score,NA,0.1681326270324674,5,0,FALSE,0.8733552631578947,0.787828947368421,0
COX6B1,0.20591424035946573,0.02951215028839018,6.5,outputs/supplemental_figures/audits/COGNITION_LOOKUP_SELECTED_FOR_SUPPLEMENTAL_NULL.csv,cognition_composite_score,NA,0.20591424035946573,5,0,FALSE,0.9539473684210527,0.9358552631578947,0.819078947368421
COX6C,0.20435717108426457,0.03054227170417817,1.5,outputs/supplemental_figures/audits/COGNITION_LOOKUP_SELECTED_FOR_SUPPLEMENTAL_NULL.csv,cognition_composite_score,NA,0.20435717108426457,5,0,FALSE,0.9473684210526315,0.944078947368421,0.5986842105263158
COX7A1,0.17444575850132113,0.01957099993085867,0.5,outputs/supplemental_figures/audits/COGNITION_LOOKUP_SELECTED_FOR_SUPPLEMENTAL_NULL.csv,cognition_composite_score,NA,0.17444575850132113,5,0,FALSE,0.8947368421052632,0.7927631578947368,0.23190789473684212
COX7A2,0.20343862142784244,0.02771623202875551,0.5,outputs/supplemental_figures/audits/COGNITION_LOOKUP_SELECTED_FOR_SUPPLEMENTAL_NULL.csv,cognition_composite_score,NA,0.20343862142784244,5,0,FALSE,0.9457236842105263,0.9161184210526315,0.23190789473684212
COX7B,0.20463251112393613,0.02378654563196953,0.5,outputs/supplemental_figures/audits/COGNITION_LOOKUP_SELECTED_FOR_SUPPLEMENTAL_NULL.csv,cognition_composite_score,NA,0.20463251112393613,5,0,FALSE,0.9490131578947368,0.8618421052631579,0.23190789473684212
COX7C,0.18581773012250943,0.02755083508425219,6.5,outputs/supplemental_figures/audits/COGNITION_LOOKUP_SELECTED_FOR_SUPPLEMENTAL_NULL.csv,cognition_composite_score,NA,0.18581773012250943,5,0,FALSE,0.9226973684210527,0.912828947368421,0.819078947368421
CPS1,0.0124072416015039,-0.01244057258689482,0,outputs/supplemental_figures/audits/COGNITION_LOOKUP_SELECTED_FOR_SUPPLEMENTAL_NULL.csv,cognition_composite_score,NA,0.0124072416015039,1,0,FALSE,0.23684210526315788,0.07730263157894737,0
CPT1A,0.05209424825373798,0.00672335459176808,6.5,outputs/supplemental_figures/audits/COGNITION_LOOKUP_SELECTED_FOR_SUPPLEMENTAL_NULL.csv,cognition_composite_score,NA,0.05209424825373798,3,0,FALSE,0.3996710526315789,0.40460526315789475,0.819078947368421
CPT1C,0.05059204924254708,0.00559293818135545,0,outputs/supplemental_figures/audits/COGNITION_LOOKUP_SELECTED_FOR_SUPPLEMENTAL_NULL.csv,cognition_composite_score,NA,0.05059204924254708,3,0,FALSE,0.3930921052631579,0.37664473684210525,0
CRAT,0.07772234195203527,0.01112762695503862,9.5,outputs/supplemental_figures/audits/COGNITION_LOOKUP_SELECTED_FOR_SUPPLEMENTAL_NULL.csv,cognition_composite_score,NA,0.07772234195203527,4,0,FALSE,0.5180921052631579,0.5625,0.875
CROT,0.05634839464505958,0.0091779965138991,12.5,outputs/supplemental_figures/audits/COGNITION_LOOKUP_SELECTED_FOR_SUPPLEMENTAL_NULL.csv,cognition_composite_score,NA,0.05634839464505958,3,0,FALSE,0.41776315789473684,0.4819078947368421,0.9342105263157895
CYB5B,0.00829992106822368,-0.0016128597204463,0,outputs/supplemental_figures/audits/COGNITION_LOOKUP_SELECTED_FOR_SUPPLEMENTAL_NULL.csv,cognition_composite_score,NA,0.00829992106822368,1,0,FALSE,0.2236842105263158,0.21052631578947367,0
CYB5R3,-0.03455436788092658,-0.00633496008385205,0.5,outputs/supplemental_figures/audits/COGNITION_LOOKUP_SELECTED_FOR_SUPPLEMENTAL_NULL.csv,cognition_composite_score,NA,0.03455436788092658,2,0,FALSE,0.11348684210526316,0.14473684210526316,0.23190789473684212
CYCS,0.09486001177685235,0.01342210239363455,2.5,outputs/supplemental_figures/audits/COGNITION_LOOKUP_SELECTED_FOR_SUPPLEMENTAL_NULL.csv,cognition_composite_score,NA,0.09486001177685235,4,0,FALSE,0.6134868421052632,0.6266447368421053,0.6842105263157895
CYP27A1,-0.01570515799748851,-0.00483850363484646,0,outputs/supplemental_figures/audits/COGNITION_LOOKUP_SELECTED_FOR_SUPPLEMENTAL_NULL.csv,cognition_composite_score,NA,0.01570515799748851,1,0,FALSE,0.15953947368421054,0.16940789473684212,0
D2HGDH,0.10767297607282708,0.01189786483914729,0.5,outputs/supplemental_figures/audits/COGNITION_LOOKUP_SELECTED_FOR_SUPPLEMENTAL_NULL.csv,cognition_composite_score,NA,0.10767297607282708,5,0,FALSE,0.6743421052631579,0.5888157894736842,0.23190789473684212
DBI,-0.3205628336070044,-0.04971615286362475,0,outputs/supplemental_figures/audits/COGNITION_LOOKUP_SELECTED_FOR_SUPPLEMENTAL_NULL.csv,cognition_composite_score,NA,0.3205628336070044,5,0,FALSE,0,0,0
DBT,0.14807937526644166,0.02138102213792401,6.5,outputs/supplemental_figures/audits/COGNITION_LOOKUP_SELECTED_FOR_SUPPLEMENTAL_NULL.csv,cognition_composite_score,NA,0.14807937526644166,5,0,FALSE,0.8273026315789473,0.8240131578947368,0.819078947368421
DCAKD,0.00843842696136822,0.00362509572284482,0.5,outputs/supplemental_figures/audits/COGNITION_LOOKUP_SELECTED_FOR_SUPPLEMENTAL_NULL.csv,cognition_composite_score,NA,0.00843842696136822,1,0,FALSE,0.22532894736842105,0.3207236842105263,0.23190789473684212
DDX28,0.07002279293151072,0.00366409492954439,0.5,outputs/supplemental_figures/audits/COGNITION_LOOKUP_SELECTED_FOR_SUPPLEMENTAL_NULL.csv,cognition_composite_score,NA,0.07002279293151072,4,0,FALSE,0.4786184210526316,0.3223684210526316,0.23190789473684212
DECR1,0.04841987521312983,0.00565227342464717,5.5,outputs/supplemental_figures/audits/COGNITION_LOOKUP_SELECTED_FOR_SUPPLEMENTAL_NULL.csv,cognition_composite_score,NA,0.04841987521312983,3,0,FALSE,0.3848684210526316,0.37993421052631576,0.7845394736842105
DGUOK,0.08698789162735804,0.01090852428903895,0.5,outputs/supplemental_figures/audits/COGNITION_LOOKUP_SELECTED_FOR_SUPPLEMENTAL_NULL.csv,cognition_composite_score,NA,0.08698789162735804,4,0,FALSE,0.5773026315789473,0.5542763157894737,0.23190789473684212
DHODH,0.03796792191401377,0.00595284106456698,0,outputs/supplemental_figures/audits/COGNITION_LOOKUP_SELECTED_FOR_SUPPLEMENTAL_NULL.csv,cognition_composite_score,NA,0.03796792191401377,3,0,FALSE,0.33881578947368424,0.38651315789473684,0
DHRS1,0.02017173381301629,-0.00589939286134298,0.5,outputs/supplemental_figures/audits/COGNITION_LOOKUP_SELECTED_FOR_SUPPLEMENTAL_NULL.csv,cognition_composite_score,NA,0.02017173381301629,2,0,FALSE,0.26973684210526316,0.15460526315789475,0.23190789473684212
DHRS4,-0.00179737246168008,-2.005607902182584e-5,2.5,outputs/supplemental_figures/audits/COGNITION_LOOKUP_SELECTED_FOR_SUPPLEMENTAL_NULL.csv,cognition_composite_score,NA,0.00179737246168008,1,0,FALSE,0.19078947368421054,0.23684210526315788,0.6842105263157895
DHRS7B,0.1061923862259306,0.01690991997060584,8.5,outputs/supplemental_figures/audits/COGNITION_LOOKUP_SELECTED_FOR_SUPPLEMENTAL_NULL.csv,cognition_composite_score,NA,0.1061923862259306,5,0,FALSE,0.6677631578947368,0.7154605263157895,0.8552631578947368
DHTKD1,-0.02045857082998757,-0.01228946837378392,0.5,outputs/supplemental_figures/audits/COGNITION_LOOKUP_SELECTED_FOR_SUPPLEMENTAL_NULL.csv,cognition_composite_score,NA,0.02045857082998757,2,0,FALSE,0.14967105263157895,0.08552631578947369,0.23190789473684212
DIABLO,0.12117137974075635,0.01876112853678647,2.5,outputs/supplemental_figures/audits/COGNITION_LOOKUP_SELECTED_FOR_SUPPLEMENTAL_NULL.csv,cognition_composite_score,NA,0.12117137974075635,5,0,FALSE,0.7319078947368421,0.7713815789473685,0.6842105263157895
DNAJC11,0.1006566477685774,0.01426086273442521,1.5,outputs/supplemental_figures/audits/COGNITION_LOOKUP_SELECTED_FOR_SUPPLEMENTAL_NULL.csv,cognition_composite_score,NA,0.1006566477685774,5,0,FALSE,0.6463815789473685,0.6595394736842105,0.5986842105263158
DNAJC19,0.11632387199735776,0.01906526920463258,4.5,outputs/supplemental_figures/audits/COGNITION_LOOKUP_SELECTED_FOR_SUPPLEMENTAL_NULL.csv,cognition_composite_score,NA,0.11632387199735776,5,0,FALSE,0.7105263157894737,0.78125,0.7796052631578947
DNAJC28,0.07599258291885656,0.00546677856466959,0.5,outputs/supplemental_figures/audits/COGNITION_LOOKUP_SELECTED_FOR_SUPPLEMENTAL_NULL.csv,cognition_composite_score,NA,0.07599258291885656,4,0,FALSE,0.5115131578947368,0.3717105263157895,0.23190789473684212
DNAJC30,0.0962873991469714,0.01439524379731691,0.5,outputs/supplemental_figures/audits/COGNITION_LOOKUP_SELECTED_FOR_SUPPLEMENTAL_NULL.csv,cognition_composite_score,NA,0.0962873991469714,4,0,FALSE,0.625,0.6644736842105263,0.23190789473684212
DNLZ,0.01664642918416182,0.00343254708324343,0.5,outputs/supplemental_figures/audits/COGNITION_LOOKUP_SELECTED_FOR_SUPPLEMENTAL_NULL.csv,cognition_composite_score,NA,0.01664642918416182,1,0,FALSE,0.2598684210526316,0.3092105263157895,0.23190789473684212
DNM1L,0.1350155569022768,0.02399747890250819,0.5,outputs/supplemental_figures/audits/COGNITION_LOOKUP_SELECTED_FOR_SUPPLEMENTAL_NULL.csv,cognition_composite_score,NA,0.1350155569022768,5,0,FALSE,0.7960526315789473,0.868421052631579,0.23190789473684212
DTYMK,-0.02964679021557165,-0.00578891457395381,0,outputs/supplemental_figures/audits/COGNITION_LOOKUP_SELECTED_FOR_SUPPLEMENTAL_NULL.csv,cognition_composite_score,NA,0.02964679021557165,2,0,FALSE,0.12664473684210525,0.15953947368421054,0
DUS2,0.06768733353583438,0.01024337157506834,0.5,outputs/supplemental_figures/audits/COGNITION_LOOKUP_SELECTED_FOR_SUPPLEMENTAL_NULL.csv,cognition_composite_score,NA,0.06768733353583438,4,0,FALSE,0.4654605263157895,0.5279605263157895,0.23190789473684212
DUT,0.01107096813339974,0.0044054620508284,0,outputs/supplemental_figures/audits/COGNITION_LOOKUP_SELECTED_FOR_SUPPLEMENTAL_NULL.csv,cognition_composite_score,NA,0.01107096813339974,1,0,FALSE,0.23355263157894737,0.3470394736842105,0
ECHDC2,-0.06745598609442861,-0.01415387700500151,0.5,outputs/supplemental_figures/audits/COGNITION_LOOKUP_SELECTED_FOR_SUPPLEMENTAL_NULL.csv,cognition_composite_score,NA,0.06745598609442861,4,0,FALSE,0.06578947368421052,0.05921052631578947,0.23190789473684212
ECSIT,0.09363684278853464,0.01067753549359945,0.5,outputs/supplemental_figures/audits/COGNITION_LOOKUP_SELECTED_FOR_SUPPLEMENTAL_NULL.csv,cognition_composite_score,NA,0.09363684278853464,4,0,FALSE,0.6085526315789473,0.5476973684210527,0.23190789473684212
EFHD1,-0.1837883776078891,-0.03259679779207942,0,outputs/supplemental_figures/audits/COGNITION_LOOKUP_SELECTED_FOR_SUPPLEMENTAL_NULL.csv,cognition_composite_score,NA,0.1837883776078891,5,0,FALSE,0.009868421052631578,0.011513157894736841,0
EHHADH,0.00181770762778242,-0.00779169525605526,0.5,outputs/supplemental_figures/audits/COGNITION_LOOKUP_SELECTED_FOR_SUPPLEMENTAL_NULL.csv,cognition_composite_score,NA,0.00181770762778242,1,0,FALSE,0.20065789473684212,0.12828947368421054,0.23190789473684212
ELAC2,0.05271952107537137,0.00415736887557708,0,outputs/supplemental_figures/audits/COGNITION_LOOKUP_SELECTED_FOR_SUPPLEMENTAL_NULL.csv,cognition_composite_score,NA,0.05271952107537137,3,0,FALSE,0.40131578947368424,0.3371710526315789,0
ENDOG,0.12636690562156688,0.01065889246782619,5.5,outputs/supplemental_figures/audits/COGNITION_LOOKUP_SELECTED_FOR_SUPPLEMENTAL_NULL.csv,cognition_composite_score,NA,0.12636690562156688,5,0,FALSE,0.756578947368421,0.5444078947368421,0.7845394736842105
EPHX2,0.00860458557007232,0.00347467619079321,0,outputs/supplemental_figures/audits/COGNITION_LOOKUP_SELECTED_FOR_SUPPLEMENTAL_NULL.csv,cognition_composite_score,NA,0.00860458557007232,1,0,FALSE,0.22697368421052633,0.3125,0
ETFDH,0.09195885087199498,0.01157780905573643,12.5,outputs/supplemental_figures/audits/COGNITION_LOOKUP_SELECTED_FOR_SUPPLEMENTAL_NULL.csv,cognition_composite_score,NA,0.09195885087199498,4,0,FALSE,0.600328947368421,0.5773026315789473,0.9342105263157895
ETHE1,0.03918676299489321,0.00498020564790431,1.5,outputs/supplemental_figures/audits/COGNITION_LOOKUP_SELECTED_FOR_SUPPLEMENTAL_NULL.csv,cognition_composite_score,NA,0.03918676299489321,3,0,FALSE,0.3470394736842105,0.35855263157894735,0.5986842105263158
EXD2,-0.0384121640207104,-0.00680804254070882,0,outputs/supplemental_figures/audits/COGNITION_LOOKUP_SELECTED_FOR_SUPPLEMENTAL_NULL.csv,cognition_composite_score,NA,0.0384121640207104,3,0,FALSE,0.10855263157894737,0.13980263157894737,0
EXOG,0.07323949404941536,0.00624211006295264,1.5,outputs/supplemental_figures/audits/COGNITION_LOOKUP_SELECTED_FOR_SUPPLEMENTAL_NULL.csv,cognition_composite_score,NA,0.07323949404941536,4,0,FALSE,0.49506578947368424,0.3963815789473684,0.5986842105263158
FABP1,0.3726250642989915,0.03809018546733671,0,outputs/supplemental_figures/audits/COGNITION_LOOKUP_SELECTED_FOR_SUPPLEMENTAL_NULL.csv,cognition_composite_score,NA,0.3726250642989915,5,0,FALSE,1,0.9950657894736842,0
FAHD2A,0.04043363028754376,0.0057024080625363,1.5,outputs/supplemental_figures/audits/COGNITION_LOOKUP_SELECTED_FOR_SUPPLEMENTAL_NULL.csv,cognition_composite_score,NA,0.04043363028754376,3,0,FALSE,0.3503289473684211,0.3815789473684211,0.5986842105263158
FAM136A,0.07712289650598919,0.00815767458451653,2.5,outputs/supplemental_figures/audits/COGNITION_LOOKUP_SELECTED_FOR_SUPPLEMENTAL_NULL.csv,cognition_composite_score,NA,0.07712289650598919,4,0,FALSE,0.5148026315789473,0.45230263157894735,0.6842105263157895
FAM162A,0.16760314153009573,0.02430571649704757,3.5,outputs/supplemental_figures/audits/COGNITION_LOOKUP_SELECTED_FOR_SUPPLEMENTAL_NULL.csv,cognition_composite_score,NA,0.16760314153009573,5,0,FALSE,0.8717105263157895,0.8733552631578947,0.7532894736842105
FAM185A,0.05348865380110715,0.00793135692403351,0,outputs/supplemental_figures/audits/COGNITION_LOOKUP_SELECTED_FOR_SUPPLEMENTAL_NULL.csv,cognition_composite_score,NA,0.05348865380110715,3,0,FALSE,0.40625,0.4407894736842105,0
FAM210A,0.14889920103335097,0.02275928956940454,0.5,outputs/supplemental_figures/audits/COGNITION_LOOKUP_SELECTED_FOR_SUPPLEMENTAL_NULL.csv,cognition_composite_score,NA,0.14889920103335097,5,0,FALSE,0.8338815789473685,0.8421052631578947,0.23190789473684212
FAM210B,0.14326578879350277,0.02138752854839042,0.5,outputs/supplemental_figures/audits/COGNITION_LOOKUP_SELECTED_FOR_SUPPLEMENTAL_NULL.csv,cognition_composite_score,NA,0.14326578879350277,5,0,FALSE,0.8157894736842105,0.8273026315789473,0.23190789473684212
FARS2,0.01621118513453028,-7.781048543183128e-4,0.5,outputs/supplemental_figures/audits/COGNITION_LOOKUP_SELECTED_FOR_SUPPLEMENTAL_NULL.csv,cognition_composite_score,NA,0.01621118513453028,1,0,FALSE,0.2582236842105263,0.22039473684210525,0.23190789473684212
FASN,-0.08111303969706096,-0.01340483291646069,0,outputs/supplemental_figures/audits/COGNITION_LOOKUP_SELECTED_FOR_SUPPLEMENTAL_NULL.csv,cognition_composite_score,NA,0.08111303969706096,4,0,FALSE,0.05098684210526316,0.06907894736842106,0
FASTKD1,0.11172001072059924,0.01051921266123798,1.5,outputs/supplemental_figures/audits/COGNITION_LOOKUP_SELECTED_FOR_SUPPLEMENTAL_NULL.csv,cognition_composite_score,NA,0.11172001072059924,5,0,FALSE,0.6858552631578947,0.537828947368421,0.5986842105263158
FASTKD2,0.08840886135464628,0.01223518600999424,0.5,outputs/supplemental_figures/audits/COGNITION_LOOKUP_SELECTED_FOR_SUPPLEMENTAL_NULL.csv,cognition_composite_score,NA,0.08840886135464628,4,0,FALSE,0.5822368421052632,0.600328947368421,0.23190789473684212
FBXL4,0.00281969418539497,-0.00401530753875147,0,outputs/supplemental_figures/audits/COGNITION_LOOKUP_SELECTED_FOR_SUPPLEMENTAL_NULL.csv,cognition_composite_score,NA,0.00281969418539497,1,0,FALSE,0.20559210526315788,0.17927631578947367,0
FDPS,-0.07570860019015757,-0.01013092841772543,0,outputs/supplemental_figures/audits/COGNITION_LOOKUP_SELECTED_FOR_SUPPLEMENTAL_NULL.csv,cognition_composite_score,NA,0.07570860019015757,4,0,FALSE,0.05921052631578947,0.10032894736842106,0
FDX1,0.03114929730724609,0.00235689421632804,0.5,outputs/supplemental_figures/audits/COGNITION_LOOKUP_SELECTED_FOR_SUPPLEMENTAL_NULL.csv,cognition_composite_score,NA,0.03114929730724609,2,0,FALSE,0.31414473684210525,0.2845394736842105,0.23190789473684212
FHIT,0.02913087068003968,0.00239400872914667,0.5,outputs/supplemental_figures/audits/COGNITION_LOOKUP_SELECTED_FOR_SUPPLEMENTAL_NULL.csv,cognition_composite_score,NA,0.02913087068003968,2,0,FALSE,0.3092105263157895,0.28618421052631576,0.23190789473684212
FIS1,0.09207011028055022,0.01807293203367914,0.5,outputs/supplemental_figures/audits/COGNITION_LOOKUP_SELECTED_FOR_SUPPLEMENTAL_NULL.csv,cognition_composite_score,NA,0.09207011028055022,4,0,FALSE,0.6019736842105263,0.7582236842105263,0.23190789473684212
FKBP10,0.03803422204031323,0.00356128262583102,0.5,outputs/supplemental_figures/audits/COGNITION_LOOKUP_SELECTED_FOR_SUPPLEMENTAL_NULL.csv,cognition_composite_score,NA,0.03803422204031323,3,0,FALSE,0.3404605263157895,0.3157894736842105,0.23190789473684212
FKBP8,0.07120221083607302,0.01321341416231513,1.5,outputs/supplemental_figures/audits/COGNITION_LOOKUP_SELECTED_FOR_SUPPLEMENTAL_NULL.csv,cognition_composite_score,NA,0.07120221083607302,4,0,FALSE,0.4868421052631579,0.6167763157894737,0.5986842105263158
FTH1,-0.07311942521631695,-0.01087782909625327,0.5,outputs/supplemental_figures/audits/COGNITION_LOOKUP_SELECTED_FOR_SUPPLEMENTAL_NULL.csv,cognition_composite_score,NA,0.07311942521631695,4,0,FALSE,0.0625,0.09375,0.23190789473684212
FUNDC1,0.1506431241467476,0.0241015759824518,0.5,outputs/supplemental_figures/audits/COGNITION_LOOKUP_SELECTED_FOR_SUPPLEMENTAL_NULL.csv,cognition_composite_score,NA,0.1506431241467476,5,0,FALSE,0.8388157894736842,0.8700657894736842,0.23190789473684212
FUNDC2,0.13268599055880476,0.01990840423790247,1.5,outputs/supplemental_figures/audits/COGNITION_LOOKUP_SELECTED_FOR_SUPPLEMENTAL_NULL.csv,cognition_composite_score,NA,0.13268599055880476,5,0,FALSE,0.7861842105263158,0.7993421052631579,0.5986842105263158
FXN,0.08437694147797845,0.01141844134100386,0,outputs/supplemental_figures/audits/COGNITION_LOOKUP_SELECTED_FOR_SUPPLEMENTAL_NULL.csv,cognition_composite_score,NA,0.08437694147797845,4,0,FALSE,0.5674342105263158,0.5723684210526315,0
GATB,0.07396461078140495,0.00871667373882323,0.5,outputs/supplemental_figures/audits/COGNITION_LOOKUP_SELECTED_FOR_SUPPLEMENTAL_NULL.csv,cognition_composite_score,NA,0.07396461078140495,4,0,FALSE,0.5016447368421053,0.47368421052631576,0.23190789473684212
GATC,0.03402135724459461,0.00641436368357794,0.5,outputs/supplemental_figures/audits/COGNITION_LOOKUP_SELECTED_FOR_SUPPLEMENTAL_NULL.csv,cognition_composite_score,NA,0.03402135724459461,2,0,FALSE,0.3256578947368421,0.40131578947368424,0.23190789473684212
GATM,-0.10766046868004384,-0.01504901072701452,0.5,outputs/supplemental_figures/audits/COGNITION_LOOKUP_SELECTED_FOR_SUPPLEMENTAL_NULL.csv,cognition_composite_score,NA,0.10766046868004384,5,0,FALSE,0.029605263157894735,0.047697368421052634,0.23190789473684212
GCDH,0.05045804219345097,0.00860912390180244,0,outputs/supplemental_figures/audits/COGNITION_LOOKUP_SELECTED_FOR_SUPPLEMENTAL_NULL.csv,cognition_composite_score,NA,0.05045804219345097,3,0,FALSE,0.39144736842105265,0.46710526315789475,0
GCSH,0.08088894065797007,0.01217678534137122,5.5,outputs/supplemental_figures/audits/COGNITION_LOOKUP_SELECTED_FOR_SUPPLEMENTAL_NULL.csv,cognition_composite_score,NA,0.08088894065797007,4,0,FALSE,0.5493421052631579,0.5953947368421053,0.7845394736842105
GDAP1,0.12680165783745254,0.02087506982626754,1.5,outputs/supplemental_figures/audits/COGNITION_LOOKUP_SELECTED_FOR_SUPPLEMENTAL_NULL.csv,cognition_composite_score,NA,0.12680165783745254,5,0,FALSE,0.7615131578947368,0.8108552631578947,0.5986842105263158
GFER,0.10012654517070618,0.01835009913615306,5.5,outputs/supplemental_figures/audits/COGNITION_LOOKUP_SELECTED_FOR_SUPPLEMENTAL_NULL.csv,cognition_composite_score,NA,0.10012654517070618,4,0,FALSE,0.6447368421052632,0.7664473684210527,0.7845394736842105
GHITM,0.10971420179058472,0.01562440813762044,8.5,outputs/supplemental_figures/audits/COGNITION_LOOKUP_SELECTED_FOR_SUPPLEMENTAL_NULL.csv,cognition_composite_score,NA,0.10971420179058472,5,0,FALSE,0.6776315789473685,0.6907894736842105,0.8552631578947368
GLOD4,-0.09814806837350068,-0.01408617405948188,0,outputs/supplemental_figures/audits/COGNITION_LOOKUP_SELECTED_FOR_SUPPLEMENTAL_NULL.csv,cognition_composite_score,NA,0.09814806837350068,4,0,FALSE,0.039473684210526314,0.0625,0
GLRX2,0.10074137136714656,0.01562333557033426,1.5,outputs/supplemental_figures/audits/COGNITION_LOOKUP_SELECTED_FOR_SUPPLEMENTAL_NULL.csv,cognition_composite_score,NA,0.10074137136714656,5,0,FALSE,0.649671052631579,0.6891447368421053,0.5986842105263158
GLS2,0.17691139018087357,0.02629026883996865,0.5,outputs/supplemental_figures/audits/COGNITION_LOOKUP_SELECTED_FOR_SUPPLEMENTAL_NULL.csv,cognition_composite_score,NA,0.17691139018087357,5,0,FALSE,0.9078947368421053,0.8947368421052632,0.23190789473684212
GLUD2,0.05984751145581409,0.01006015883177701,0.5,outputs/supplemental_figures/audits/COGNITION_LOOKUP_SELECTED_FOR_SUPPLEMENTAL_NULL.csv,cognition_composite_score,NA,0.05984751145581409,3,0,FALSE,0.4342105263157895,0.5197368421052632,0.23190789473684212
GOLPH3,-0.03238191403964893,-0.01024565686468799,0.5,outputs/supplemental_figures/audits/COGNITION_LOOKUP_SELECTED_FOR_SUPPLEMENTAL_NULL.csv,cognition_composite_score,NA,0.03238191403964893,2,0,FALSE,0.11677631578947369,0.09703947368421052,0.23190789473684212
GPD2,0.0419088994142259,0.00528924402326595,0,outputs/supplemental_figures/audits/COGNITION_LOOKUP_SELECTED_FOR_SUPPLEMENTAL_NULL.csv,cognition_composite_score,NA,0.0419088994142259,3,0,FALSE,0.35526315789473684,0.3667763157894737,0
GPX1,-0.03729296149173504,-0.0093723410324643,0.5,outputs/supplemental_figures/audits/COGNITION_LOOKUP_SELECTED_FOR_SUPPLEMENTAL_NULL.csv,cognition_composite_score,NA,0.03729296149173504,3,0,FALSE,0.11019736842105263,0.11513157894736842,0.23190789473684212
GPX4,0.03283991298326463,0.00733129154853612,1.5,outputs/supplemental_figures/audits/COGNITION_LOOKUP_SELECTED_FOR_SUPPLEMENTAL_NULL.csv,cognition_composite_score,NA,0.03283991298326463,2,0,FALSE,0.3223684210526316,0.4243421052631579,0.5986842105263158
GRHPR,-0.09404511947324652,-0.01488869233586502,0,outputs/supplemental_figures/audits/COGNITION_LOOKUP_SELECTED_FOR_SUPPLEMENTAL_NULL.csv,cognition_composite_score,NA,0.09404511947324652,4,0,FALSE,0.04276315789473684,0.049342105263157895,0
GSTZ1,0.00742094050815014,0.00602437241870826,0.5,outputs/supplemental_figures/audits/COGNITION_LOOKUP_SELECTED_FOR_SUPPLEMENTAL_NULL.csv,cognition_composite_score,NA,0.00742094050815014,1,0,FALSE,0.22039473684210525,0.3881578947368421,0.23190789473684212
GTPBP10,0.1644920478910812,0.02384564579794937,0,outputs/supplemental_figures/audits/COGNITION_LOOKUP_SELECTED_FOR_SUPPLEMENTAL_NULL.csv,cognition_composite_score,NA,0.1644920478910812,5,0,FALSE,0.868421052631579,0.8651315789473685,0
GTPBP3,0.07380837762510366,0.00702904213464735,0.5,outputs/supplemental_figures/audits/COGNITION_LOOKUP_SELECTED_FOR_SUPPLEMENTAL_NULL.csv,cognition_composite_score,NA,0.07380837762510366,4,0,FALSE,0.49835526315789475,0.4144736842105263,0.23190789473684212
GTPBP6,0.01457840890636582,-0.00567702769946305,0,outputs/supplemental_figures/audits/COGNITION_LOOKUP_SELECTED_FOR_SUPPLEMENTAL_NULL.csv,cognition_composite_score,NA,0.01457840890636582,1,0,FALSE,0.24671052631578946,0.1611842105263158,0
GUK1,0.0177006740916354,0.0030477040487808,0.5,outputs/supplemental_figures/audits/COGNITION_LOOKUP_SELECTED_FOR_SUPPLEMENTAL_NULL.csv,cognition_composite_score,NA,0.0177006740916354,2,0,FALSE,0.26151315789473684,0.29769736842105265,0.23190789473684212
HCCS,0.08077354635521779,0.01020943094980114,3.5,outputs/supplemental_figures/audits/COGNITION_LOOKUP_SELECTED_FOR_SUPPLEMENTAL_NULL.csv,cognition_composite_score,NA,0.08077354635521779,4,0,FALSE,0.5476973684210527,0.5263157894736842,0.7532894736842105
HDHD3,0.02287790934467802,0.0067326387695819,0,outputs/supplemental_figures/audits/COGNITION_LOOKUP_SELECTED_FOR_SUPPLEMENTAL_NULL.csv,cognition_composite_score,NA,0.02287790934467802,2,0,FALSE,0.28125,0.40625,0
HEBP1,-0.07921464932026916,-0.01232825267903779,0,outputs/supplemental_figures/audits/COGNITION_LOOKUP_SELECTED_FOR_SUPPLEMENTAL_NULL.csv,cognition_composite_score,NA,0.07921464932026916,4,0,FALSE,0.05592105263157895,0.0805921052631579,0
HIBADH,0.01514958162299778,-0.00167529373984973,0.5,outputs/supplemental_figures/audits/COGNITION_LOOKUP_SELECTED_FOR_SUPPLEMENTAL_NULL.csv,cognition_composite_score,NA,0.01514958162299778,1,0,FALSE,0.2532894736842105,0.20888157894736842,0.23190789473684212
HINT1,0.00617356641511496,0.00139668461156139,0,outputs/supplemental_figures/audits/COGNITION_LOOKUP_SELECTED_FOR_SUPPLEMENTAL_NULL.csv,cognition_composite_score,NA,0.00617356641511496,1,0,FALSE,0.2138157894736842,0.25493421052631576,0
HINT3,-0.06107960233608294,-0.00671731826617778,0,outputs/supplemental_figures/audits/COGNITION_LOOKUP_SELECTED_FOR_SUPPLEMENTAL_NULL.csv,cognition_composite_score,NA,0.06107960233608294,4,0,FALSE,0.07894736842105263,0.14144736842105263,0
HMGCL,0.00905364324204912,9.397051548669804e-4,12.5,outputs/supplemental_figures/audits/COGNITION_LOOKUP_SELECTED_FOR_SUPPLEMENTAL_NULL.csv,cognition_composite_score,NA,0.00905364324204912,1,0,FALSE,0.22861842105263158,0.25,0.9342105263157895
HOGA1,-0.062577650856941,-0.01059254669588732,0,outputs/supplemental_figures/audits/COGNITION_LOOKUP_SELECTED_FOR_SUPPLEMENTAL_NULL.csv,cognition_composite_score,NA,0.062577650856941,4,0,FALSE,0.07401315789473684,0.09539473684210527,0
HSCB,0.04369743352324241,0.00406168721252863,0.5,outputs/supplemental_figures/audits/COGNITION_LOOKUP_SELECTED_FOR_SUPPLEMENTAL_NULL.csv,cognition_composite_score,NA,0.04369743352324241,3,0,FALSE,0.36348684210526316,0.3338815789473684,0.23190789473684212
HSD17B4,-0.05544483537716483,-0.01012076875621647,0,outputs/supplemental_figures/audits/COGNITION_LOOKUP_SELECTED_FOR_SUPPLEMENTAL_NULL.csv,cognition_composite_score,NA,0.05544483537716483,3,0,FALSE,0.08717105263157894,0.10197368421052631,0
HSDL1,0.04244069973953346,0.0043546086934642,0,outputs/supplemental_figures/audits/COGNITION_LOOKUP_SELECTED_FOR_SUPPLEMENTAL_NULL.csv,cognition_composite_score,NA,0.04244069973953346,3,0,FALSE,0.35855263157894735,0.34210526315789475,0
HSDL2,-0.04279097720819441,-0.00990018825386358,0.5,outputs/supplemental_figures/audits/COGNITION_LOOKUP_SELECTED_FOR_SUPPLEMENTAL_NULL.csv,cognition_composite_score,NA,0.04279097720819441,3,0,FALSE,0.10197368421052631,0.1069078947368421,0.23190789473684212
HSPD1,0.11477945501713956,0.01755076404918421,2.5,outputs/supplemental_figures/audits/COGNITION_LOOKUP_SELECTED_FOR_SUPPLEMENTAL_NULL.csv,cognition_composite_score,NA,0.11477945501713956,5,0,FALSE,0.7006578947368421,0.7368421052631579,0.6842105263157895
HSPE1,0.07387581242441107,0.0113610574629788,1.5,outputs/supplemental_figures/audits/COGNITION_LOOKUP_SELECTED_FOR_SUPPLEMENTAL_NULL.csv,cognition_composite_score,NA,0.07387581242441107,4,0,FALSE,0.5,0.569078947368421,0.5986842105263158
HTATIP2,0.03520233436826693,0.0100545503814264,0.5,outputs/supplemental_figures/audits/COGNITION_LOOKUP_SELECTED_FOR_SUPPLEMENTAL_NULL.csv,cognition_composite_score,NA,0.03520233436826693,2,0,FALSE,0.3305921052631579,0.5164473684210527,0.23190789473684212
HTRA2,0.02510640231469883,0.00396816488932298,0,outputs/supplemental_figures/audits/COGNITION_LOOKUP_SELECTED_FOR_SUPPLEMENTAL_NULL.csv,cognition_composite_score,NA,0.02510640231469883,2,0,FALSE,0.2911184210526316,0.32894736842105265,0
IDE,0.03266838278131397,0.00333832590849403,0,outputs/supplemental_figures/audits/COGNITION_LOOKUP_SELECTED_FOR_SUPPLEMENTAL_NULL.csv,cognition_composite_score,NA,0.03266838278131397,2,0,FALSE,0.3207236842105263,0.30756578947368424,0
IDH3B,0.17069203607913155,0.02586891432429285,3.5,outputs/supplemental_figures/audits/COGNITION_LOOKUP_SELECTED_FOR_SUPPLEMENTAL_NULL.csv,cognition_composite_score,NA,0.17069203607913155,5,0,FALSE,0.881578947368421,0.8930921052631579,0.7532894736842105
IDI1,0.05853855603072589,0.01051306450067523,0.5,outputs/supplemental_figures/audits/COGNITION_LOOKUP_SELECTED_FOR_SUPPLEMENTAL_NULL.csv,cognition_composite_score,NA,0.05853855603072589,3,0,FALSE,0.4276315789473684,0.5361842105263158,0.23190789473684212
ISCA1,0.06640604247331665,0.00845609752114284,0.5,outputs/supplemental_figures/audits/COGNITION_LOOKUP_SELECTED_FOR_SUPPLEMENTAL_NULL.csv,cognition_composite_score,NA,0.06640604247331665,4,0,FALSE,0.4588815789473684,0.4588815789473684,0.23190789473684212
ISCA2,0.09713999617355576,0.01180738947476444,9.5,outputs/supplemental_figures/audits/COGNITION_LOOKUP_SELECTED_FOR_SUPPLEMENTAL_NULL.csv,cognition_composite_score,NA,0.09713999617355576,4,0,FALSE,0.631578947368421,0.587171052631579,0.875
ISCU,0.18687448423635408,0.02776902234457599,12.5,outputs/supplemental_figures/audits/COGNITION_LOOKUP_SELECTED_FOR_SUPPLEMENTAL_NULL.csv,cognition_composite_score,NA,0.18687448423635408,5,0,FALSE,0.9243421052631579,0.9194078947368421,0.9342105263157895
ISOC2,0.02284042138172219,0.00404640476960476,0,outputs/supplemental_figures/audits/COGNITION_LOOKUP_SELECTED_FOR_SUPPLEMENTAL_NULL.csv,cognition_composite_score,NA,0.02284042138172219,2,0,FALSE,0.2779605263157895,0.33223684210526316,0
IVD,0.02294993845450482,4.013084416110264e-4,1.5,outputs/supplemental_figures/audits/COGNITION_LOOKUP_SELECTED_FOR_SUPPLEMENTAL_NULL.csv,cognition_composite_score,NA,0.02294993845450482,2,0,FALSE,0.28289473684210525,0.23848684210526316,0.5986842105263158
L2HGDH,0.0967142843229306,0.01687073353828663,12.5,outputs/supplemental_figures/audits/COGNITION_LOOKUP_SELECTED_FOR_SUPPLEMENTAL_NULL.csv,cognition_composite_score,NA,0.0967142843229306,4,0,FALSE,0.6299342105263158,0.7138157894736842,0.9342105263157895
LACTB,0.04078390153393532,-0.00192014614075397,0.5,outputs/supplemental_figures/audits/COGNITION_LOOKUP_SELECTED_FOR_SUPPLEMENTAL_NULL.csv,cognition_composite_score,NA,0.04078390153393532,3,0,FALSE,0.3519736842105263,0.20230263157894737,0.23190789473684212
LACTB2,-0.05200070281312276,-0.00930977320758831,0,outputs/supplemental_figures/audits/COGNITION_LOOKUP_SELECTED_FOR_SUPPLEMENTAL_NULL.csv,cognition_composite_score,NA,0.05200070281312276,3,0,FALSE,0.09375,0.11677631578947369,0
LARS2,0.08017783360363179,0.01394505304833659,6.5,outputs/supplemental_figures/audits/COGNITION_LOOKUP_SELECTED_FOR_SUPPLEMENTAL_NULL.csv,cognition_composite_score,NA,0.08017783360363179,4,0,FALSE,0.537828947368421,0.6480263157894737,0.819078947368421
LDHB,-0.06125999639277421,-0.00948301255454901,0.5,outputs/supplemental_figures/audits/COGNITION_LOOKUP_SELECTED_FOR_SUPPLEMENTAL_NULL.csv,cognition_composite_score,NA,0.06125999639277421,4,0,FALSE,0.07730263157894737,0.11348684210526316,0.23190789473684212
LDHD,0.03452367673264116,0.00295922600265909,8.5,outputs/supplemental_figures/audits/COGNITION_LOOKUP_SELECTED_FOR_SUPPLEMENTAL_NULL.csv,cognition_composite_score,NA,0.03452367673264116,2,0,FALSE,0.32730263157894735,0.29605263157894735,0.8552631578947368
LETMD1,0.06218633934128129,0.01140578341445917,1.5,outputs/supplemental_figures/audits/COGNITION_LOOKUP_SELECTED_FOR_SUPPLEMENTAL_NULL.csv,cognition_composite_score,NA,0.06218633934128129,4,0,FALSE,0.4440789473684211,0.5707236842105263,0.5986842105263158
LIAS,0.09635728886170984,0.01174923974930333,6.5,outputs/supplemental_figures/audits/COGNITION_LOOKUP_SELECTED_FOR_SUPPLEMENTAL_NULL.csv,cognition_composite_score,NA,0.09635728886170984,4,0,FALSE,0.6266447368421053,0.5855263157894737,0.819078947368421
LIG3,-0.01689991407000488,-0.00617640270821579,0,outputs/supplemental_figures/audits/COGNITION_LOOKUP_SELECTED_FOR_SUPPLEMENTAL_NULL.csv,cognition_composite_score,NA,0.01689991407000488,1,0,FALSE,0.15789473684210525,0.14967105263157895,0
LIPT2,0.07112239994575484,0.01000948601586006,5.5,outputs/supplemental_figures/audits/COGNITION_LOOKUP_SELECTED_FOR_SUPPLEMENTAL_NULL.csv,cognition_composite_score,NA,0.07112239994575484,4,0,FALSE,0.48355263157894735,0.5148026315789473,0.7845394736842105
LYPLA1,0.05510148874583298,0.00745541078113539,6.5,outputs/supplemental_figures/audits/COGNITION_LOOKUP_SELECTED_FOR_SUPPLEMENTAL_NULL.csv,cognition_composite_score,NA,0.05510148874583298,3,0,FALSE,0.4128289473684211,0.4276315789473684,0.819078947368421
LYPLAL1,-0.08617617583485965,-0.01814745668900021,0.5,outputs/supplemental_figures/audits/COGNITION_LOOKUP_SELECTED_FOR_SUPPLEMENTAL_NULL.csv,cognition_composite_score,NA,0.08617617583485965,4,0,FALSE,0.046052631578947366,0.03289473684210526,0.23190789473684212
LYRM1,0.16289631800168997,0.01771844563465957,9.5,outputs/supplemental_figures/audits/COGNITION_LOOKUP_SELECTED_FOR_SUPPLEMENTAL_NULL.csv,cognition_composite_score,NA,0.16289631800168997,5,0,FALSE,0.8651315789473685,0.743421052631579,0.875
LYRM2,0.05784910361196676,0.00255311931204201,0.5,outputs/supplemental_figures/audits/COGNITION_LOOKUP_SELECTED_FOR_SUPPLEMENTAL_NULL.csv,cognition_composite_score,NA,0.05784910361196676,3,0,FALSE,0.4243421052631579,0.2894736842105263,0.23190789473684212
LYRM4,0.1734144180788727,0.01754521755200083,2.5,outputs/supplemental_figures/audits/COGNITION_LOOKUP_SELECTED_FOR_SUPPLEMENTAL_NULL.csv,cognition_composite_score,NA,0.1734144180788727,5,0,FALSE,0.8881578947368421,0.7351973684210527,0.6842105263157895
LYRM9,0.1562678950415045,0.0148974940326711,1.5,outputs/supplemental_figures/audits/COGNITION_LOOKUP_SELECTED_FOR_SUPPLEMENTAL_NULL.csv,cognition_composite_score,NA,0.1562678950415045,5,0,FALSE,0.8486842105263158,0.6743421052631579,0.5986842105263158
MACROD1,-0.26651466045494404,-0.04130576715599235,0,outputs/supplemental_figures/audits/COGNITION_LOOKUP_SELECTED_FOR_SUPPLEMENTAL_NULL.csv,cognition_composite_score,NA,0.26651466045494404,5,0,FALSE,0.003289473684210526,0.004934210526315789,0
MALSU1,0.05511669960461946,0.00295608484512572,0.5,outputs/supplemental_figures/audits/COGNITION_LOOKUP_SELECTED_FOR_SUPPLEMENTAL_NULL.csv,cognition_composite_score,NA,0.05511669960461946,3,0,FALSE,0.4144736842105263,0.2944078947368421,0.23190789473684212
MAOA,-0.03124792645488446,-0.00885333151285394,0.5,outputs/supplemental_figures/audits/COGNITION_LOOKUP_SELECTED_FOR_SUPPLEMENTAL_NULL.csv,cognition_composite_score,NA,0.03124792645488446,2,0,FALSE,0.12171052631578948,0.12006578947368421,0.23190789473684212
MAOB,-0.2499463086715992,-0.04507737726411087,0,outputs/supplemental_figures/audits/COGNITION_LOOKUP_SELECTED_FOR_SUPPLEMENTAL_NULL.csv,cognition_composite_score,NA,0.2499463086715992,5,0,FALSE,0.004934210526315789,0.003289473684210526,0
MAVS,-0.04238063916190451,-0.00958981266330051,0,outputs/supplemental_figures/audits/COGNITION_LOOKUP_SELECTED_FOR_SUPPLEMENTAL_NULL.csv,cognition_composite_score,NA,0.04238063916190451,3,0,FALSE,0.10361842105263158,0.11019736842105263,0
MCAT,0.09266509445514028,0.00959821876192473,9.5,outputs/supplemental_figures/audits/COGNITION_LOOKUP_SELECTED_FOR_SUPPLEMENTAL_NULL.csv,cognition_composite_score,NA,0.09266509445514028,4,0,FALSE,0.6069078947368421,0.4934210526315789,0.875
MCCC1,-0.00944963340097293,-0.00671667003347796,0.5,outputs/supplemental_figures/audits/COGNITION_LOOKUP_SELECTED_FOR_SUPPLEMENTAL_NULL.csv,cognition_composite_score,NA,0.00944963340097293,1,0,FALSE,0.17269736842105263,0.14309210526315788,0.23190789473684212
MCEE,0.07770862982606883,0.01404751195075528,0,outputs/supplemental_figures/audits/COGNITION_LOOKUP_SELECTED_FOR_SUPPLEMENTAL_NULL.csv,cognition_composite_score,NA,0.07770862982606883,4,0,FALSE,0.5164473684210527,0.6529605263157895,0
MCU,0.14291435788023485,0.02192816569446751,0.5,outputs/supplemental_figures/audits/COGNITION_LOOKUP_SELECTED_FOR_SUPPLEMENTAL_NULL.csv,cognition_composite_score,NA,0.14291435788023485,5,0,FALSE,0.8141447368421053,0.8289473684210527,0.23190789473684212
MCUR1,-0.00792129700363091,-0.00148342443470017,0.5,outputs/supplemental_figures/audits/COGNITION_LOOKUP_SELECTED_FOR_SUPPLEMENTAL_NULL.csv,cognition_composite_score,NA,0.00792129700363091,1,0,FALSE,0.17598684210526316,0.2138157894736842,0.23190789473684212
ME3,0.11752534046798148,0.01778178649613399,3.5,outputs/supplemental_figures/audits/COGNITION_LOOKUP_SELECTED_FOR_SUPPLEMENTAL_NULL.csv,cognition_composite_score,NA,0.11752534046798148,5,0,FALSE,0.712171052631579,0.7450657894736842,0.7532894736842105
MECR,0.1256278330110403,0.02013701262925664,12.5,outputs/supplemental_figures/audits/COGNITION_LOOKUP_SELECTED_FOR_SUPPLEMENTAL_NULL.csv,cognition_composite_score,NA,0.1256278330110403,5,0,FALSE,0.7483552631578947,0.8042763157894737,0.9342105263157895
METAP1D,-0.00136902478636476,-0.00173657146082327,5.5,outputs/supplemental_figures/audits/COGNITION_LOOKUP_SELECTED_FOR_SUPPLEMENTAL_NULL.csv,cognition_composite_score,NA,0.00136902478636476,1,0,FALSE,0.1924342105263158,0.20723684210526316,0.7845394736842105
METTL5,-0.0809000144320337,-0.01618730761012926,0,outputs/supplemental_figures/audits/COGNITION_LOOKUP_SELECTED_FOR_SUPPLEMENTAL_NULL.csv,cognition_composite_score,NA,0.0809000144320337,4,0,FALSE,0.05263157894736842,0.04276315789473684,0
MFF,0.12513141665618224,0.01930841894274605,9.5,outputs/supplemental_figures/audits/COGNITION_LOOKUP_SELECTED_FOR_SUPPLEMENTAL_NULL.csv,cognition_composite_score,NA,0.12513141665618224,5,0,FALSE,0.7450657894736842,0.7845394736842105,0.875
MFN1,-0.012909309806209,-0.00284993929818652,0.5,outputs/supplemental_figures/audits/COGNITION_LOOKUP_SELECTED_FOR_SUPPLEMENTAL_NULL.csv,cognition_composite_score,NA,0.012909309806209,1,0,FALSE,0.16776315789473684,0.1924342105263158,0.23190789473684212
MFN2,0.11310169794766882,0.01828414698008512,12.5,outputs/supplemental_figures/audits/COGNITION_LOOKUP_SELECTED_FOR_SUPPLEMENTAL_NULL.csv,cognition_composite_score,NA,0.11310169794766882,5,0,FALSE,0.6907894736842105,0.7631578947368421,0.9342105263157895
MGARP,-0.02884659258089014,-0.0070893957058643,0,outputs/supplemental_figures/audits/COGNITION_LOOKUP_SELECTED_FOR_SUPPLEMENTAL_NULL.csv,cognition_composite_score,NA,0.02884659258089014,2,0,FALSE,0.13322368421052633,0.13651315789473684,0
MGST1,-0.2351269887068184,-0.03381121423422242,0,outputs/supplemental_figures/audits/COGNITION_LOOKUP_SELECTED_FOR_SUPPLEMENTAL_NULL.csv,cognition_composite_score,NA,0.2351269887068184,5,0,FALSE,0.006578947368421052,0.008223684210526315,0
MGST3,0.14847026598668642,0.02582197938032057,2.5,outputs/supplemental_figures/audits/COGNITION_LOOKUP_SELECTED_FOR_SUPPLEMENTAL_NULL.csv,cognition_composite_score,NA,0.14847026598668642,5,0,FALSE,0.8289473684210527,0.8914473684210527,0.6842105263157895
MICU1,0.09364605192392614,0.01366187777365196,1.5,outputs/supplemental_figures/audits/COGNITION_LOOKUP_SELECTED_FOR_SUPPLEMENTAL_NULL.csv,cognition_composite_score,NA,0.09364605192392614,4,0,FALSE,0.6101973684210527,0.6332236842105263,0.5986842105263158
MICU2,-0.02879566502658883,-0.01192282390279631,0.5,outputs/supplemental_figures/audits/COGNITION_LOOKUP_SELECTED_FOR_SUPPLEMENTAL_NULL.csv,cognition_composite_score,NA,0.02879566502658883,2,0,FALSE,0.13486842105263158,0.08881578947368421,0.23190789473684212
MICU3,0.12726415378747297,0.01791365747496638,0.5,outputs/supplemental_figures/audits/COGNITION_LOOKUP_SELECTED_FOR_SUPPLEMENTAL_NULL.csv,cognition_composite_score,NA,0.12726415378747297,5,0,FALSE,0.7648026315789473,0.75,0.23190789473684212
MIEF1,0.04953445589592412,0.00781380939081964,0.5,outputs/supplemental_figures/audits/COGNITION_LOOKUP_SELECTED_FOR_SUPPLEMENTAL_NULL.csv,cognition_composite_score,NA,0.04953445589592412,3,0,FALSE,0.3881578947368421,0.4375,0.23190789473684212
MLYCD,0.09590031398281576,0.0133773752544565,6.5,outputs/supplemental_figures/audits/COGNITION_LOOKUP_SELECTED_FOR_SUPPLEMENTAL_NULL.csv,cognition_composite_score,NA,0.09590031398281576,4,0,FALSE,0.6200657894736842,0.625,0.819078947368421
MMAA,0.06554708884755812,0.00972881579970924,0,outputs/supplemental_figures/audits/COGNITION_LOOKUP_SELECTED_FOR_SUPPLEMENTAL_NULL.csv,cognition_composite_score,NA,0.06554708884755812,4,0,FALSE,0.45723684210526316,0.4967105263157895,0
MOCS1,0.06851872259169467,0.00728840515376436,1.5,outputs/supplemental_figures/audits/COGNITION_LOOKUP_SELECTED_FOR_SUPPLEMENTAL_NULL.csv,cognition_composite_score,NA,0.06851872259169467,4,0,FALSE,0.47039473684210525,0.42269736842105265,0.5986842105263158
MPC1,0.08222717639641902,0.00400650343431736,2.5,outputs/supplemental_figures/audits/COGNITION_LOOKUP_SELECTED_FOR_SUPPLEMENTAL_NULL.csv,cognition_composite_score,NA,0.08222717639641902,4,0,FALSE,0.5575657894736842,0.3305921052631579,0.6842105263157895
MPC2,0.1383288999743958,0.0199639393062504,12.5,outputs/supplemental_figures/audits/COGNITION_LOOKUP_SELECTED_FOR_SUPPLEMENTAL_NULL.csv,cognition_composite_score,NA,0.1383288999743958,5,0,FALSE,0.8009868421052632,0.8009868421052632,0.9342105263157895
MPST,-0.1322353244944829,-0.02172166387517746,0,outputs/supplemental_figures/audits/COGNITION_LOOKUP_SELECTED_FOR_SUPPLEMENTAL_NULL.csv,cognition_composite_score,NA,0.1322353244944829,5,0,FALSE,0.01644736842105263,0.019736842105263157,0
MPV17,0.1160201600638687,0.01125569656651322,2.5,outputs/supplemental_figures/audits/COGNITION_LOOKUP_SELECTED_FOR_SUPPLEMENTAL_NULL.csv,cognition_composite_score,NA,0.1160201600638687,5,0,FALSE,0.7088815789473685,0.5674342105263158,0.6842105263157895
MRM1,0.07701261174049225,0.00756397448060274,0.5,outputs/supplemental_figures/audits/COGNITION_LOOKUP_SELECTED_FOR_SUPPLEMENTAL_NULL.csv,cognition_composite_score,NA,0.07701261174049225,4,0,FALSE,0.5131578947368421,0.4309210526315789,0.23190789473684212
MRPL1,0.14870015120277297,0.0179727833464605,12.5,outputs/supplemental_figures/audits/COGNITION_LOOKUP_SELECTED_FOR_SUPPLEMENTAL_NULL.csv,cognition_composite_score,NA,0.14870015120277297,5,0,FALSE,0.8322368421052632,0.7549342105263158,0.9342105263157895
MRPL11,0.14274428642077722,0.01671108174287853,9.5,outputs/supplemental_figures/audits/COGNITION_LOOKUP_SELECTED_FOR_SUPPLEMENTAL_NULL.csv,cognition_composite_score,NA,0.14274428642077722,5,0,FALSE,0.8125,0.7105263157894737,0.875
MRPL12,0.1568347079107278,0.02101788989468678,9.5,outputs/supplemental_figures/audits/COGNITION_LOOKUP_SELECTED_FOR_SUPPLEMENTAL_NULL.csv,cognition_composite_score,NA,0.1568347079107278,5,0,FALSE,0.850328947368421,0.8157894736842105,0.875
MRPL17,0.134688757844553,0.01552578216736007,2.5,outputs/supplemental_figures/audits/COGNITION_LOOKUP_SELECTED_FOR_SUPPLEMENTAL_NULL.csv,cognition_composite_score,NA,0.134688757844553,5,0,FALSE,0.7927631578947368,0.6875,0.6842105263157895
MRPL18,0.090958928129515,0.0069794702568772,0.5,outputs/supplemental_figures/audits/COGNITION_LOOKUP_SELECTED_FOR_SUPPLEMENTAL_NULL.csv,cognition_composite_score,NA,0.090958928129515,4,0,FALSE,0.5953947368421053,0.4128289473684211,0.23190789473684212
MRPL2,0.17544235421784973,0.0145932313750277,9.5,outputs/supplemental_figures/audits/COGNITION_LOOKUP_SELECTED_FOR_SUPPLEMENTAL_NULL.csv,cognition_composite_score,NA,0.17544235421784973,5,0,FALSE,0.9013157894736842,0.6677631578947368,0.875
MRPL20,0.14341568914775502,0.01173384855338791,9.5,outputs/supplemental_figures/audits/COGNITION_LOOKUP_SELECTED_FOR_SUPPLEMENTAL_NULL.csv,cognition_composite_score,NA,0.14341568914775502,5,0,FALSE,0.8174342105263158,0.5838815789473685,0.875
MRPL21,0.11977198943268404,0.01416506591358222,9.5,outputs/supplemental_figures/audits/COGNITION_LOOKUP_SELECTED_FOR_SUPPLEMENTAL_NULL.csv,cognition_composite_score,NA,0.11977198943268404,5,0,FALSE,0.725328947368421,0.6578947368421053,0.875
MRPL24,0.14209127215803252,0.01700926414243741,12.5,outputs/supplemental_figures/audits/COGNITION_LOOKUP_SELECTED_FOR_SUPPLEMENTAL_NULL.csv,cognition_composite_score,NA,0.14209127215803252,5,0,FALSE,0.8108552631578947,0.71875,0.9342105263157895
MRPL27,0.11947975621935168,0.01104043431234348,2.5,outputs/supplemental_figures/audits/COGNITION_LOOKUP_SELECTED_FOR_SUPPLEMENTAL_NULL.csv,cognition_composite_score,NA,0.11947975621935168,5,0,FALSE,0.7203947368421053,0.5592105263157895,0.6842105263157895
MRPL28,0.1258469804595491,0.01443178871582472,12.5,outputs/supplemental_figures/audits/COGNITION_LOOKUP_SELECTED_FOR_SUPPLEMENTAL_NULL.csv,cognition_composite_score,NA,0.1258469804595491,5,0,FALSE,0.7516447368421053,0.6661184210526315,0.9342105263157895
MRPL30,0.10731052471513484,0.01292129959570971,2.5,outputs/supplemental_figures/audits/COGNITION_LOOKUP_SELECTED_FOR_SUPPLEMENTAL_NULL.csv,cognition_composite_score,NA,0.10731052471513484,5,0,FALSE,0.6726973684210527,0.6118421052631579,0.6842105263157895
MRPL32,0.08801371351470416,0.00620121967883192,9.5,outputs/supplemental_figures/audits/COGNITION_LOOKUP_SELECTED_FOR_SUPPLEMENTAL_NULL.csv,cognition_composite_score,NA,0.08801371351470416,4,0,FALSE,0.5805921052631579,0.39144736842105265,0.875
MRPL33,0.1618563471906293,0.02318015918102034,8.5,outputs/supplemental_figures/audits/COGNITION_LOOKUP_SELECTED_FOR_SUPPLEMENTAL_NULL.csv,cognition_composite_score,NA,0.1618563471906293,5,0,FALSE,0.8601973684210527,0.8470394736842105,0.8552631578947368
MRPL34,0.1386713503452113,0.01375199438301012,0.5,outputs/supplemental_figures/audits/COGNITION_LOOKUP_SELECTED_FOR_SUPPLEMENTAL_NULL.csv,cognition_composite_score,NA,0.1386713503452113,5,0,FALSE,0.8026315789473685,0.6381578947368421,0.23190789473684212
MRPL40,0.12008373444624272,0.01412866521791781,1.5,outputs/supplemental_figures/audits/COGNITION_LOOKUP_SELECTED_FOR_SUPPLEMENTAL_NULL.csv,cognition_composite_score,NA,0.12008373444624272,5,0,FALSE,0.7269736842105263,0.65625,0.5986842105263158
MRPL41,0.12306829113506518,0.0139190937636106,9.5,outputs/supplemental_figures/audits/COGNITION_LOOKUP_SELECTED_FOR_SUPPLEMENTAL_NULL.csv,cognition_composite_score,NA,0.12306829113506518,5,0,FALSE,0.7368421052631579,0.6463815789473685,0.875
MRPL42,0.1028682930631512,0.00809955904628645,0.5,outputs/supplemental_figures/audits/COGNITION_LOOKUP_SELECTED_FOR_SUPPLEMENTAL_NULL.csv,cognition_composite_score,NA,0.1028682930631512,5,0,FALSE,0.6546052631578947,0.4473684210526316,0.23190789473684212
MRPL43,0.11473003648767208,0.012410242855429309,8.5,outputs/supplemental_figures/audits/COGNITION_LOOKUP_SELECTED_FOR_SUPPLEMENTAL_NULL.csv,cognition_composite_score,NA,0.11473003648767208,5,0,FALSE,0.6990131578947368,0.6019736842105263,0.8552631578947368
MRPL46,0.13894284717402872,0.01409507141290372,12.5,outputs/supplemental_figures/audits/COGNITION_LOOKUP_SELECTED_FOR_SUPPLEMENTAL_NULL.csv,cognition_composite_score,NA,0.13894284717402872,5,0,FALSE,0.8042763157894737,0.6546052631578947,0.9342105263157895
MRPL50,0.1366556722690916,0.01547223771558799,2.5,outputs/supplemental_figures/audits/COGNITION_LOOKUP_SELECTED_FOR_SUPPLEMENTAL_NULL.csv,cognition_composite_score,NA,0.1366556722690916,5,0,FALSE,0.7976973684210527,0.6858552631578947,0.6842105263157895
MRPL52,0.09962652235917732,0.01076582338429061,6.5,outputs/supplemental_figures/audits/COGNITION_LOOKUP_SELECTED_FOR_SUPPLEMENTAL_NULL.csv,cognition_composite_score,NA,0.09962652235917732,4,0,FALSE,0.6430921052631579,0.5493421052631579,0.819078947368421
MRPL54,0.11103117921338056,0.01525941378429495,9.5,outputs/supplemental_figures/audits/COGNITION_LOOKUP_SELECTED_FOR_SUPPLEMENTAL_NULL.csv,cognition_composite_score,NA,0.11103117921338056,5,0,FALSE,0.6825657894736842,0.6842105263157895,0.875
MRPL55,0.1939308255704522,0.02289534869266183,1.5,outputs/supplemental_figures/audits/COGNITION_LOOKUP_SELECTED_FOR_SUPPLEMENTAL_NULL.csv,cognition_composite_score,NA,0.1939308255704522,5,0,FALSE,0.930921052631579,0.8453947368421053,0.5986842105263158
MRPL57,0.10645205767450952,0.00973110131043845,12.5,outputs/supplemental_figures/audits/COGNITION_LOOKUP_SELECTED_FOR_SUPPLEMENTAL_NULL.csv,cognition_composite_score,NA,0.10645205767450952,5,0,FALSE,0.6694078947368421,0.49835526315789475,0.9342105263157895
MRPS10,0.1559604600993453,0.02134732819428491,6.5,outputs/supplemental_figures/audits/COGNITION_LOOKUP_SELECTED_FOR_SUPPLEMENTAL_NULL.csv,cognition_composite_score,NA,0.1559604600993453,5,0,FALSE,0.8470394736842105,0.8207236842105263,0.819078947368421
MRPS11,0.12693688286305496,0.01954350683963664,3.5,outputs/supplemental_figures/audits/COGNITION_LOOKUP_SELECTED_FOR_SUPPLEMENTAL_NULL.csv,cognition_composite_score,NA,0.12693688286305496,5,0,FALSE,0.7631578947368421,0.7911184210526315,0.7532894736842105
MRPS14,0.08070154433429497,0.00309324806780928,0.5,outputs/supplemental_figures/audits/COGNITION_LOOKUP_SELECTED_FOR_SUPPLEMENTAL_NULL.csv,cognition_composite_score,NA,0.08070154433429497,4,0,FALSE,0.5460526315789473,0.2993421052631579,0.23190789473684212
MRPS17,0.12679934604249807,0.01471598343698633,0.5,outputs/supplemental_figures/audits/COGNITION_LOOKUP_SELECTED_FOR_SUPPLEMENTAL_NULL.csv,cognition_composite_score,NA,0.12679934604249807,5,0,FALSE,0.7598684210526315,0.6710526315789473,0.23190789473684212
MRPS18A,0.1150615079710829,0.01295055169585272,9.5,outputs/supplemental_figures/audits/COGNITION_LOOKUP_SELECTED_FOR_SUPPLEMENTAL_NULL.csv,cognition_composite_score,NA,0.1150615079710829,5,0,FALSE,0.7023026315789473,0.6134868421052632,0.875
MRPS18B,0.15781918337625647,0.01900945644361375,3.5,outputs/supplemental_figures/audits/COGNITION_LOOKUP_SELECTED_FOR_SUPPLEMENTAL_NULL.csv,cognition_composite_score,NA,0.15781918337625647,5,0,FALSE,0.8519736842105263,0.7779605263157895,0.7532894736842105
MRPS21,0.1258039324813242,0.01697404362817979,2.5,outputs/supplemental_figures/audits/COGNITION_LOOKUP_SELECTED_FOR_SUPPLEMENTAL_NULL.csv,cognition_composite_score,NA,0.1258039324813242,5,0,FALSE,0.75,0.7171052631578947,0.6842105263157895
MRPS24,0.1349443591610123,0.01720611326818113,2.5,outputs/supplemental_figures/audits/COGNITION_LOOKUP_SELECTED_FOR_SUPPLEMENTAL_NULL.csv,cognition_composite_score,NA,0.1349443591610123,5,0,FALSE,0.7944078947368421,0.7269736842105263,0.6842105263157895
MRPS28,0.11164753618075064,0.01213298923925637,9.5,outputs/supplemental_figures/audits/COGNITION_LOOKUP_SELECTED_FOR_SUPPLEMENTAL_NULL.csv,cognition_composite_score,NA,0.11164753618075064,5,0,FALSE,0.6842105263157895,0.59375,0.875
MRPS7,0.1580122497404204,0.02230006226218178,12.5,outputs/supplemental_figures/audits/COGNITION_LOOKUP_SELECTED_FOR_SUPPLEMENTAL_NULL.csv,cognition_composite_score,NA,0.1580122497404204,5,0,FALSE,0.8536184210526315,0.837171052631579,0.9342105263157895
MRRF,0.01094812336949103,-0.00356363508828655,0.5,outputs/supplemental_figures/audits/COGNITION_LOOKUP_SELECTED_FOR_SUPPLEMENTAL_NULL.csv,cognition_composite_score,NA,0.01094812336949103,1,0,FALSE,0.23190789473684212,0.1825657894736842,0.23190789473684212
MRS2,0.04972528466203523,0.00809128262606542,0.5,outputs/supplemental_figures/audits/COGNITION_LOOKUP_SELECTED_FOR_SUPPLEMENTAL_NULL.csv,cognition_composite_score,NA,0.04972528466203523,3,0,FALSE,0.38980263157894735,0.4457236842105263,0.23190789473684212
MSRA,-0.0262068044172776,-0.00357037064660866,0,outputs/supplemental_figures/audits/COGNITION_LOOKUP_SELECTED_FOR_SUPPLEMENTAL_NULL.csv,cognition_composite_score,NA,0.0262068044172776,2,0,FALSE,0.14309210526315788,0.18092105263157895,0
MSRB2,-0.00963829648956503,-0.00338660102464671,0.5,outputs/supplemental_figures/audits/COGNITION_LOOKUP_SELECTED_FOR_SUPPLEMENTAL_NULL.csv,cognition_composite_score,NA,0.00963829648956503,1,0,FALSE,0.17105263157894737,0.18585526315789475,0.23190789473684212
MSRB3,-0.03030986907148665,-0.01463180818584592,0,outputs/supplemental_figures/audits/COGNITION_LOOKUP_SELECTED_FOR_SUPPLEMENTAL_NULL.csv,cognition_composite_score,NA,0.03030986907148665,2,0,FALSE,0.12335526315789473,0.05592105263157895,0
MT-ATP8,0.07857248333652035,0.0100011892657664,1.5,outputs/supplemental_figures/audits/COGNITION_LOOKUP_SELECTED_FOR_SUPPLEMENTAL_NULL.csv,cognition_composite_score,NA,0.07857248333652035,4,0,FALSE,0.5296052631578947,0.5131578947368421,0.5986842105263158
MT-CO1,0.00381182483270776,0.01115492330354297,0,outputs/supplemental_figures/audits/COGNITION_LOOKUP_SELECTED_FOR_SUPPLEMENTAL_NULL.csv,cognition_composite_score,NA,0.00381182483270776,1,0,FALSE,0.20888157894736842,0.5641447368421053,0
MT-CO3,0.12760514678235851,0.02071784554488366,9.5,outputs/supplemental_figures/audits/COGNITION_LOOKUP_SELECTED_FOR_SUPPLEMENTAL_NULL.csv,cognition_composite_score,NA,0.12760514678235851,5,0,FALSE,0.7664473684210527,0.8075657894736842,0.875
MT-CYB,0.24100172895828187,0.03256151254650637,0.5,outputs/supplemental_figures/audits/COGNITION_LOOKUP_SELECTED_FOR_SUPPLEMENTAL_NULL.csv,cognition_composite_score,NA,0.24100172895828187,5,0,FALSE,0.993421052631579,0.962171052631579,0.23190789473684212
MT-ND1,0.2079785433211563,0.0328445719627166,0,outputs/supplemental_figures/audits/COGNITION_LOOKUP_SELECTED_FOR_SUPPLEMENTAL_NULL.csv,cognition_composite_score,NA,0.2079785433211563,5,0,FALSE,0.9555921052631579,0.9654605263157895,0
MT-ND2,0.27364007682314356,0.04168834833395942,0,outputs/supplemental_figures/audits/COGNITION_LOOKUP_SELECTED_FOR_SUPPLEMENTAL_NULL.csv,cognition_composite_score,NA,0.27364007682314356,5,0,FALSE,0.9983552631578947,1,0
MT-ND3,0.11775563765654912,0.02121757498806701,2.5,outputs/supplemental_figures/audits/COGNITION_LOOKUP_SELECTED_FOR_SUPPLEMENTAL_NULL.csv,cognition_composite_score,NA,0.11775563765654912,5,0,FALSE,0.7154605263157895,0.8174342105263158,0.6842105263157895
MT-ND4,0.17432206100046366,0.02720256036024123,2.5,outputs/supplemental_figures/audits/COGNITION_LOOKUP_SELECTED_FOR_SUPPLEMENTAL_NULL.csv,cognition_composite_score,NA,0.17432206100046366,5,0,FALSE,0.8930921052631579,0.9078947368421053,0.6842105263157895
MT-ND5,0.17674796180694485,0.02754897913052381,0.5,outputs/supplemental_figures/audits/COGNITION_LOOKUP_SELECTED_FOR_SUPPLEMENTAL_NULL.csv,cognition_composite_score,NA,0.17674796180694485,5,0,FALSE,0.9046052631578947,0.9111842105263158,0.23190789473684212
MT-ND6,0.11356489710390248,0.01781718240914664,3.5,outputs/supplemental_figures/audits/COGNITION_LOOKUP_SELECTED_FOR_SUPPLEMENTAL_NULL.csv,cognition_composite_score,NA,0.11356489710390248,5,0,FALSE,0.694078947368421,0.7467105263157895,0.7532894736842105
MTCH1,0.05964809369201313,0.00878728740513616,2.5,outputs/supplemental_figures/audits/COGNITION_LOOKUP_SELECTED_FOR_SUPPLEMENTAL_NULL.csv,cognition_composite_score,NA,0.05964809369201313,3,0,FALSE,0.43256578947368424,0.4753289473684211,0.6842105263157895
MTCH2,0.0867415813942397,0.01347870765530707,1.5,outputs/supplemental_figures/audits/COGNITION_LOOKUP_SELECTED_FOR_SUPPLEMENTAL_NULL.csv,cognition_composite_score,NA,0.0867415813942397,4,0,FALSE,0.5756578947368421,0.6282894736842105,0.5986842105263158
MTERF4,-0.02166855559648472,-0.01768289029763496,2.5,outputs/supplemental_figures/audits/COGNITION_LOOKUP_SELECTED_FOR_SUPPLEMENTAL_NULL.csv,cognition_composite_score,NA,0.02166855559648472,2,0,FALSE,0.14802631578947367,0.03453947368421053,0.6842105263157895
MTFMT,0.09655557157938847,0.01202291350111288,0.5,outputs/supplemental_figures/audits/COGNITION_LOOKUP_SELECTED_FOR_SUPPLEMENTAL_NULL.csv,cognition_composite_score,NA,0.09655557157938847,4,0,FALSE,0.6282894736842105,0.5904605263157895,0.23190789473684212
MTFP1,0.2273944292741495,0.02448042592138975,12.5,outputs/supplemental_figures/audits/COGNITION_LOOKUP_SELECTED_FOR_SUPPLEMENTAL_NULL.csv,cognition_composite_score,NA,0.2273944292741495,5,0,FALSE,0.9868421052631579,0.8766447368421053,0.9342105263157895
MTFR1L,0.07866070841515209,0.01250932543208756,0.5,outputs/supplemental_figures/audits/COGNITION_LOOKUP_SELECTED_FOR_SUPPLEMENTAL_NULL.csv,cognition_composite_score,NA,0.07866070841515209,4,0,FALSE,0.53125,0.6036184210526315,0.23190789473684212
MTG2,-0.02932323180208969,-0.01472423801306422,0.5,outputs/supplemental_figures/audits/COGNITION_LOOKUP_SELECTED_FOR_SUPPLEMENTAL_NULL.csv,cognition_composite_score,NA,0.02932323180208969,2,0,FALSE,0.1299342105263158,0.05263157894736842,0.23190789473684212
MTHFD2L,0.01836253241852702,0.00155246356296146,0,outputs/supplemental_figures/audits/COGNITION_LOOKUP_SELECTED_FOR_SUPPLEMENTAL_NULL.csv,cognition_composite_score,NA,0.01836253241852702,2,0,FALSE,0.26644736842105265,0.2582236842105263,0
MTHFS,0.00757275434885255,-0.00274607133796888,0.5,outputs/supplemental_figures/audits/COGNITION_LOOKUP_SELECTED_FOR_SUPPLEMENTAL_NULL.csv,cognition_composite_score,NA,0.00757275434885255,1,0,FALSE,0.22203947368421054,0.19572368421052633,0.23190789473684212
MTIF2,0.08618022754463935,0.00929174638054841,2.5,outputs/supplemental_figures/audits/COGNITION_LOOKUP_SELECTED_FOR_SUPPLEMENTAL_NULL.csv,cognition_composite_score,NA,0.08618022754463935,4,0,FALSE,0.5723684210526315,0.4868421052631579,0.6842105263157895
MTIF3,-0.01937413389971016,-0.01228972525860056,0.5,outputs/supplemental_figures/audits/COGNITION_LOOKUP_SELECTED_FOR_SUPPLEMENTAL_NULL.csv,cognition_composite_score,NA,0.01937413389971016,2,0,FALSE,0.15296052631578946,0.08388157894736842,0.23190789473684212
MTRF1,0.05670474332214738,0.00757340885029087,0.5,outputs/supplemental_figures/audits/COGNITION_LOOKUP_SELECTED_FOR_SUPPLEMENTAL_NULL.csv,cognition_composite_score,NA,0.05670474332214738,3,0,FALSE,0.4194078947368421,0.43256578947368424,0.23190789473684212
MTRF1L,0.14453317007172534,0.01335341815269858,0.5,outputs/supplemental_figures/audits/COGNITION_LOOKUP_SELECTED_FOR_SUPPLEMENTAL_NULL.csv,cognition_composite_score,NA,0.14453317007172534,5,0,FALSE,0.8207236842105263,0.6233552631578947,0.23190789473684212
MTX1,0.10602628407736452,0.01520932190473257,1.5,outputs/supplemental_figures/audits/COGNITION_LOOKUP_SELECTED_FOR_SUPPLEMENTAL_NULL.csv,cognition_composite_score,NA,0.10602628407736452,5,0,FALSE,0.6644736842105263,0.680921052631579,0.5986842105263158
MTX2,0.1243415046632933,0.01869789270209818,12.5,outputs/supplemental_figures/audits/COGNITION_LOOKUP_SELECTED_FOR_SUPPLEMENTAL_NULL.csv,cognition_composite_score,NA,0.1243415046632933,5,0,FALSE,0.7417763157894737,0.7680921052631579,0.9342105263157895
MTX3,0.15112943722734312,0.02413816700507266,9.5,outputs/supplemental_figures/audits/COGNITION_LOOKUP_SELECTED_FOR_SUPPLEMENTAL_NULL.csv,cognition_composite_score,NA,0.15112943722734312,5,0,FALSE,0.8404605263157895,0.8717105263157895,0.875
MUL1,0.01412642292180765,0.00359648774049204,1.5,outputs/supplemental_figures/audits/COGNITION_LOOKUP_SELECTED_FOR_SUPPLEMENTAL_NULL.csv,cognition_composite_score,NA,0.01412642292180765,1,0,FALSE,0.24342105263157895,0.3190789473684211,0.5986842105263158
NAT8L,0.23563848986036676,0.03624602897731614,12.5,outputs/supplemental_figures/audits/COGNITION_LOOKUP_SELECTED_FOR_SUPPLEMENTAL_NULL.csv,cognition_composite_score,NA,0.23563848986036676,5,0,FALSE,0.9901315789473685,0.9884868421052632,0.9342105263157895
NBR1,-0.10362859265544502,-0.01888842551374146,0,outputs/supplemental_figures/audits/COGNITION_LOOKUP_SELECTED_FOR_SUPPLEMENTAL_NULL.csv,cognition_composite_score,NA,0.10362859265544502,5,0,FALSE,0.03289473684210526,0.027960526315789474,0
NDUFA11,0.21179847058411116,0.03220225698682533,2.5,outputs/supplemental_figures/audits/COGNITION_LOOKUP_SELECTED_FOR_SUPPLEMENTAL_NULL.csv,cognition_composite_score,NA,0.21179847058411116,5,0,FALSE,0.9588815789473685,0.9588815789473685,0.6842105263157895
NDUFA12,0.21727635245326113,0.0375965233434446,9.5,outputs/supplemental_figures/audits/COGNITION_LOOKUP_SELECTED_FOR_SUPPLEMENTAL_NULL.csv,cognition_composite_score,NA,0.21727635245326113,5,0,FALSE,0.9736842105263158,0.993421052631579,0.875
NDUFA3,0.21623639644775008,0.0340667309688021,2.5,outputs/supplemental_figures/audits/COGNITION_LOOKUP_SELECTED_FOR_SUPPLEMENTAL_NULL.csv,cognition_composite_score,NA,0.21623639644775008,5,0,FALSE,0.9703947368421053,0.9769736842105263,0.6842105263157895
NDUFA5,0.21337117394603528,0.03397151294842891,2.5,outputs/supplemental_figures/audits/COGNITION_LOOKUP_SELECTED_FOR_SUPPLEMENTAL_NULL.csv,cognition_composite_score,NA,0.21337117394603528,5,0,FALSE,0.9654605263157895,0.975328947368421,0.6842105263157895
NDUFA7,0.22790063123558216,0.03600917052758617,12.5,outputs/supplemental_figures/audits/COGNITION_LOOKUP_SELECTED_FOR_SUPPLEMENTAL_NULL.csv,cognition_composite_score,NA,0.22790063123558216,5,0,FALSE,0.9884868421052632,0.9868421052631579,0.9342105263157895
NDUFAB1,0.16078979100907917,0.02753482750458522,3.5,outputs/supplemental_figures/audits/COGNITION_LOOKUP_SELECTED_FOR_SUPPLEMENTAL_NULL.csv,cognition_composite_score,NA,0.16078979100907917,5,0,FALSE,0.8569078947368421,0.9095394736842105,0.7532894736842105
NDUFAF1,0.12145435451077422,0.01352706715691662,0.5,outputs/supplemental_figures/audits/COGNITION_LOOKUP_SELECTED_FOR_SUPPLEMENTAL_NULL.csv,cognition_composite_score,NA,0.12145435451077422,5,0,FALSE,0.7335526315789473,0.6299342105263158,0.23190789473684212
NDUFAF2,0.06928017022616545,0.00986209288162438,0.5,outputs/supplemental_figures/audits/COGNITION_LOOKUP_SELECTED_FOR_SUPPLEMENTAL_NULL.csv,cognition_composite_score,NA,0.06928017022616545,4,0,FALSE,0.4769736842105263,0.5049342105263158,0.23190789473684212
NDUFAF4,0.16312178767589086,0.02506367846516375,0.5,outputs/supplemental_figures/audits/COGNITION_LOOKUP_SELECTED_FOR_SUPPLEMENTAL_NULL.csv,cognition_composite_score,NA,0.16312178767589086,5,0,FALSE,0.8667763157894737,0.881578947368421,0.23190789473684212
NDUFAF5,0.14401869107800508,0.02339975319162299,5.5,outputs/supplemental_figures/audits/COGNITION_LOOKUP_SELECTED_FOR_SUPPLEMENTAL_NULL.csv,cognition_composite_score,NA,0.14401869107800508,5,0,FALSE,0.819078947368421,0.8552631578947368,0.7845394736842105
NDUFAF6,0.05842299473596431,0.00564320022090152,0.5,outputs/supplemental_figures/audits/COGNITION_LOOKUP_SELECTED_FOR_SUPPLEMENTAL_NULL.csv,cognition_composite_score,NA,0.05842299473596431,3,0,FALSE,0.42598684210526316,0.3782894736842105,0.23190789473684212
NDUFB11,0.20550458887118184,0.03085031612598947,12.5,outputs/supplemental_figures/audits/COGNITION_LOOKUP_SELECTED_FOR_SUPPLEMENTAL_NULL.csv,cognition_composite_score,NA,0.20550458887118184,5,0,FALSE,0.9506578947368421,0.9506578947368421,0.9342105263157895
NDUFB2,0.21698722149964936,0.0326640356452181,0.5,outputs/supplemental_figures/audits/COGNITION_LOOKUP_SELECTED_FOR_SUPPLEMENTAL_NULL.csv,cognition_composite_score,NA,0.21698722149964936,5,0,FALSE,0.9720394736842105,0.9638157894736842,0.23190789473684212
NDUFB3,0.22146273501205016,0.03599612627352775,1.5,outputs/supplemental_figures/audits/COGNITION_LOOKUP_SELECTED_FOR_SUPPLEMENTAL_NULL.csv,cognition_composite_score,NA,0.22146273501205016,5,0,FALSE,0.9786184210526315,0.9851973684210527,0.5986842105263158
NDUFB4,0.20586424449928936,0.03303979749666067,8.5,outputs/supplemental_figures/audits/COGNITION_LOOKUP_SELECTED_FOR_SUPPLEMENTAL_NULL.csv,cognition_composite_score,NA,0.20586424449928936,5,0,FALSE,0.9523026315789473,0.96875,0.8552631578947368
NDUFB5,0.2139406023002537,0.03395984585746862,12.5,outputs/supplemental_figures/audits/COGNITION_LOOKUP_SELECTED_FOR_SUPPLEMENTAL_NULL.csv,cognition_composite_score,NA,0.2139406023002537,5,0,FALSE,0.96875,0.9736842105263158,0.9342105263157895
NDUFB6,0.19550796212356275,0.03143627233109302,12.5,outputs/supplemental_figures/audits/COGNITION_LOOKUP_SELECTED_FOR_SUPPLEMENTAL_NULL.csv,cognition_composite_score,NA,0.19550796212356275,5,0,FALSE,0.9342105263157895,0.9539473684210527,0.9342105263157895
NDUFB7,0.20205844967399125,0.03349320748264799,12.5,outputs/supplemental_figures/audits/COGNITION_LOOKUP_SELECTED_FOR_SUPPLEMENTAL_NULL.csv,cognition_composite_score,NA,0.20205844967399125,5,0,FALSE,0.944078947368421,0.9703947368421053,0.9342105263157895
NDUFB8,0.19745985367566385,0.0299581079651428,9.5,outputs/supplemental_figures/audits/COGNITION_LOOKUP_SELECTED_FOR_SUPPLEMENTAL_NULL.csv,cognition_composite_score,NA,0.19745985367566385,5,0,FALSE,0.9358552631578947,0.9391447368421053,0.875
NDUFB9,0.1878949625717233,0.03087677550175925,12.5,outputs/supplemental_figures/audits/COGNITION_LOOKUP_SELECTED_FOR_SUPPLEMENTAL_NULL.csv,cognition_composite_score,NA,0.1878949625717233,5,0,FALSE,0.9276315789473685,0.9523026315789473,0.9342105263157895
NDUFC1,0.21905677461918224,0.03451090863891475,9.5,outputs/supplemental_figures/audits/COGNITION_LOOKUP_SELECTED_FOR_SUPPLEMENTAL_NULL.csv,cognition_composite_score,NA,0.21905677461918224,5,0,FALSE,0.975328947368421,0.9802631578947368,0.875
NDUFC2,0.21212993756146684,0.03384546070007678,12.5,outputs/supplemental_figures/audits/COGNITION_LOOKUP_SELECTED_FOR_SUPPLEMENTAL_NULL.csv,cognition_composite_score,NA,0.21212993756146684,5,0,FALSE,0.962171052631579,0.9720394736842105,0.9342105263157895
NDUFS5,0.2197715692988596,0.03163439962987912,12.5,outputs/supplemental_figures/audits/COGNITION_LOOKUP_SELECTED_FOR_SUPPLEMENTAL_NULL.csv,cognition_composite_score,NA,0.2197715692988596,5,0,FALSE,0.9769736842105263,0.9572368421052632,0.9342105263157895
NDUFS6,0.24704688315541976,0.04043181735335278,12.5,outputs/supplemental_figures/audits/COGNITION_LOOKUP_SELECTED_FOR_SUPPLEMENTAL_NULL.csv,cognition_composite_score,NA,0.24704688315541976,5,0,FALSE,0.9950657894736842,0.9983552631578947,0.9342105263157895
NDUFS7,0.22404669745861147,0.03684332062205166,12.5,outputs/supplemental_figures/audits/COGNITION_LOOKUP_SELECTED_FOR_SUPPLEMENTAL_NULL.csv,cognition_composite_score,NA,0.22404669745861147,5,0,FALSE,0.9819078947368421,0.9917763157894737,0.9342105263157895
NDUFS8,0.22721308686051117,0.03643370966275711,9.5,outputs/supplemental_figures/audits/COGNITION_LOOKUP_SELECTED_FOR_SUPPLEMENTAL_NULL.csv,cognition_composite_score,NA,0.22721308686051117,5,0,FALSE,0.9851973684210527,0.9901315789473685,0.875
NDUFV3,0.2405624777648553,0.03539925060704798,2.5,outputs/supplemental_figures/audits/COGNITION_LOOKUP_SELECTED_FOR_SUPPLEMENTAL_NULL.csv,cognition_composite_score,NA,0.2405624777648553,5,0,FALSE,0.9917763157894737,0.9835526315789473,0.6842105263157895
NGRN,0.08650067025143403,0.00812299975150609,0,outputs/supplemental_figures/audits/COGNITION_LOOKUP_SELECTED_FOR_SUPPLEMENTAL_NULL.csv,cognition_composite_score,NA,0.08650067025143403,4,0,FALSE,0.5740131578947368,0.4506578947368421,0
NIF3L1,-0.04879364913576162,-0.00873849121095791,0,outputs/supplemental_figures/audits/COGNITION_LOOKUP_SELECTED_FOR_SUPPLEMENTAL_NULL.csv,cognition_composite_score,NA,0.04879364913576162,3,0,FALSE,0.09703947368421052,0.12171052631578948,0
NIPSNAP3B,0.08051706722106329,0.01895443880144704,0.5,outputs/supplemental_figures/audits/COGNITION_LOOKUP_SELECTED_FOR_SUPPLEMENTAL_NULL.csv,cognition_composite_score,NA,0.08051706722106329,4,0,FALSE,0.5444078947368421,0.7763157894736842,0.23190789473684212
NIT1,0.01784735644041158,0.00263124183505413,0.5,outputs/supplemental_figures/audits/COGNITION_LOOKUP_SELECTED_FOR_SUPPLEMENTAL_NULL.csv,cognition_composite_score,NA,0.01784735644041158,2,0,FALSE,0.2631578947368421,0.2911184210526316,0.23190789473684212
NIT2,0.04683548714087798,0.00908035221812209,0.5,outputs/supplemental_figures/audits/COGNITION_LOOKUP_SELECTED_FOR_SUPPLEMENTAL_NULL.csv,cognition_composite_score,NA,0.04683548714087798,3,0,FALSE,0.3782894736842105,0.48026315789473684,0.23190789473684212
NLN,0.08742056490091567,0.01000006203772919,6.5,outputs/supplemental_figures/audits/COGNITION_LOOKUP_SELECTED_FOR_SUPPLEMENTAL_NULL.csv,cognition_composite_score,NA,0.08742056490091567,4,0,FALSE,0.5789473684210527,0.5115131578947368,0.819078947368421
NLRX1,0.03179310330874102,0.001700651680183,0.5,outputs/supplemental_figures/audits/COGNITION_LOOKUP_SELECTED_FOR_SUPPLEMENTAL_NULL.csv,cognition_composite_score,NA,0.03179310330874102,2,0,FALSE,0.3157894736842105,0.26151315789473684,0.23190789473684212
NME3,0.04574639065418084,0.00764159838232887,0.5,outputs/supplemental_figures/audits/COGNITION_LOOKUP_SELECTED_FOR_SUPPLEMENTAL_NULL.csv,cognition_composite_score,NA,0.04574639065418084,3,0,FALSE,0.37335526315789475,0.4342105263157895,0.23190789473684212
NMNAT3,-0.05909222608462236,-0.01233039185030363,0.5,outputs/supplemental_figures/audits/COGNITION_LOOKUP_SELECTED_FOR_SUPPLEMENTAL_NULL.csv,cognition_composite_score,NA,0.05909222608462236,3,0,FALSE,0.08223684210526316,0.07894736842105263,0.23190789473684212
NNT,0.17190996111790563,0.02522822850486961,9.5,outputs/supplemental_figures/audits/COGNITION_LOOKUP_SELECTED_FOR_SUPPLEMENTAL_NULL.csv,cognition_composite_score,NA,0.17190996111790563,5,0,FALSE,0.8832236842105263,0.8848684210526315,0.875
NOA1,0.09071072638423582,0.01080115949915233,8.5,outputs/supplemental_figures/audits/COGNITION_LOOKUP_SELECTED_FOR_SUPPLEMENTAL_NULL.csv,cognition_composite_score,NA,0.09071072638423582,4,0,FALSE,0.59375,0.5526315789473685,0.8552631578947368
NT5DC3,0.1834260765241471,0.02928160065590063,9.5,outputs/supplemental_figures/audits/COGNITION_LOOKUP_SELECTED_FOR_SUPPLEMENTAL_NULL.csv,cognition_composite_score,NA,0.1834260765241471,5,0,FALSE,0.9177631578947368,0.9342105263157895,0.875
NTHL1,-0.01700988054367674,-0.00466227204162654,0.5,outputs/supplemental_figures/audits/COGNITION_LOOKUP_SELECTED_FOR_SUPPLEMENTAL_NULL.csv,cognition_composite_score,NA,0.01700988054367674,1,0,FALSE,0.15460526315789475,0.17269736842105263,0.23190789473684212
NUBPL,0.02082786629690853,-7.668559998058658e-4,0.5,outputs/supplemental_figures/audits/COGNITION_LOOKUP_SELECTED_FOR_SUPPLEMENTAL_NULL.csv,cognition_composite_score,NA,0.02082786629690853,2,0,FALSE,0.2713815789473684,0.2236842105263158,0.23190789473684212
NUDT2,0.02100236413536432,0.00507600167744129,0,outputs/supplemental_figures/audits/COGNITION_LOOKUP_SELECTED_FOR_SUPPLEMENTAL_NULL.csv,cognition_composite_score,NA,0.02100236413536432,2,0,FALSE,0.2730263157894737,0.36348684210526316,0
NUDT5,-0.07489526017128605,-0.01370159727977245,0,outputs/supplemental_figures/audits/COGNITION_LOOKUP_SELECTED_FOR_SUPPLEMENTAL_NULL.csv,cognition_composite_score,NA,0.07489526017128605,4,0,FALSE,0.06085526315789474,0.06578947368421052,0
NUDT6,-0.02792581222369551,-0.01421792715711654,0,outputs/supplemental_figures/audits/COGNITION_LOOKUP_SELECTED_FOR_SUPPLEMENTAL_NULL.csv,cognition_composite_score,NA,0.02792581222369551,2,0,FALSE,0.13815789473684212,0.05756578947368421,0
NUDT8,0.02389739173784923,0.00369689595966345,0,outputs/supplemental_figures/audits/COGNITION_LOOKUP_SELECTED_FOR_SUPPLEMENTAL_NULL.csv,cognition_composite_score,NA,0.02389739173784923,2,0,FALSE,0.2894736842105263,0.32401315789473684,0
NUDT9,0.02539581928302465,0.00625966057834663,0.5,outputs/supplemental_figures/audits/COGNITION_LOOKUP_SELECTED_FOR_SUPPLEMENTAL_NULL.csv,cognition_composite_score,NA,0.02539581928302465,2,0,FALSE,0.29276315789473684,0.3980263157894737,0.23190789473684212
OCIAD1,0.07232673385088488,0.01065617827253141,2.5,outputs/supplemental_figures/audits/COGNITION_LOOKUP_SELECTED_FOR_SUPPLEMENTAL_NULL.csv,cognition_composite_score,NA,0.07232673385088488,4,0,FALSE,0.4901315789473684,0.5427631578947368,0.6842105263157895
OCIAD2,0.17471548071786178,0.02581805503659464,0.5,outputs/supplemental_figures/audits/COGNITION_LOOKUP_SELECTED_FOR_SUPPLEMENTAL_NULL.csv,cognition_composite_score,NA,0.17471548071786178,5,0,FALSE,0.8963815789473685,0.8898026315789473,0.23190789473684212
OGDHL,0.1749606124806424,0.02676486229058861,12.5,outputs/supplemental_figures/audits/COGNITION_LOOKUP_SELECTED_FOR_SUPPLEMENTAL_NULL.csv,cognition_composite_score,NA,0.1749606124806424,5,0,FALSE,0.8980263157894737,0.9013157894736842,0.9342105263157895
OMA1,0.02724973235944083,-5.516435840865888e-5,0,outputs/supplemental_figures/audits/COGNITION_LOOKUP_SELECTED_FOR_SUPPLEMENTAL_NULL.csv,cognition_composite_score,NA,0.02724973235944083,2,0,FALSE,0.29769736842105265,0.23519736842105263,0
OPA1,0.11898445365133724,0.01786124752964733,1.5,outputs/supplemental_figures/audits/COGNITION_LOOKUP_SELECTED_FOR_SUPPLEMENTAL_NULL.csv,cognition_composite_score,NA,0.11898445365133724,5,0,FALSE,0.71875,0.7483552631578947,0.5986842105263158
OPA3,0.17014757822578833,0.0239221621087271,5.5,outputs/supplemental_figures/audits/COGNITION_LOOKUP_SELECTED_FOR_SUPPLEMENTAL_NULL.csv,cognition_composite_score,NA,0.17014757822578833,5,0,FALSE,0.8799342105263158,0.8667763157894737,0.7845394736842105
OSBPL1A,0.02870068421235934,0.00479624531265456,0.5,outputs/supplemental_figures/audits/COGNITION_LOOKUP_SELECTED_FOR_SUPPLEMENTAL_NULL.csv,cognition_composite_score,NA,0.02870068421235934,2,0,FALSE,0.30756578947368424,0.3536184210526316,0.23190789473684212
OSGEPL1,0.07799057454956392,0.01331856874086533,3.5,outputs/supplemental_figures/audits/COGNITION_LOOKUP_SELECTED_FOR_SUPPLEMENTAL_NULL.csv,cognition_composite_score,NA,0.07799057454956392,4,0,FALSE,0.5230263157894737,0.6217105263157895,0.7532894736842105
OXA1L,0.07475590175495739,0.00849867433709149,9.5,outputs/supplemental_figures/audits/COGNITION_LOOKUP_SELECTED_FOR_SUPPLEMENTAL_NULL.csv,cognition_composite_score,NA,0.07475590175495739,4,0,FALSE,0.506578947368421,0.46381578947368424,0.875
OXCT1,0.06099357885548416,0.01100315271539183,0.5,outputs/supplemental_figures/audits/COGNITION_LOOKUP_SELECTED_FOR_SUPPLEMENTAL_NULL.csv,cognition_composite_score,NA,0.06099357885548416,4,0,FALSE,0.4407894736842105,0.5575657894736842,0.23190789473684212
OXLD1,0.0280185922618965,-4.936387716380249e-4,0.5,outputs/supplemental_figures/audits/COGNITION_LOOKUP_SELECTED_FOR_SUPPLEMENTAL_NULL.csv,cognition_composite_score,NA,0.0280185922618965,2,0,FALSE,0.3042763157894737,0.22697368421052633,0.23190789473684212
OXNAD1,0.05439018434254752,0.00821312046038546,0.5,outputs/supplemental_figures/audits/COGNITION_LOOKUP_SELECTED_FOR_SUPPLEMENTAL_NULL.csv,cognition_composite_score,NA,0.05439018434254752,3,0,FALSE,0.4095394736842105,0.45394736842105265,0.23190789473684212
OXR1,0.10966881939452162,0.02136109146736744,0.5,outputs/supplemental_figures/audits/COGNITION_LOOKUP_SELECTED_FOR_SUPPLEMENTAL_NULL.csv,cognition_composite_score,NA,0.10966881939452162,5,0,FALSE,0.6759868421052632,0.8223684210526315,0.23190789473684212
OXSM,0.08300876160587291,0.01291227713475206,9.5,outputs/supplemental_figures/audits/COGNITION_LOOKUP_SELECTED_FOR_SUPPLEMENTAL_NULL.csv,cognition_composite_score,NA,0.08300876160587291,4,0,FALSE,0.5608552631578947,0.6101973684210527,0.875
PAICS,-0.11476493654823382,-0.01757564158803241,0,outputs/supplemental_figures/audits/COGNITION_LOOKUP_SELECTED_FOR_SUPPLEMENTAL_NULL.csv,cognition_composite_score,NA,0.11476493654823382,5,0,FALSE,0.024671052631578948,0.03618421052631579,0
PANK2,-0.03182387364402239,-0.00565536931056225,0,outputs/supplemental_figures/audits/COGNITION_LOOKUP_SELECTED_FOR_SUPPLEMENTAL_NULL.csv,cognition_composite_score,NA,0.03182387364402239,2,0,FALSE,0.11842105263157894,0.16282894736842105,0
PARK7,-0.06729465631122378,-0.00997486843741694,0,outputs/supplemental_figures/audits/COGNITION_LOOKUP_SELECTED_FOR_SUPPLEMENTAL_NULL.csv,cognition_composite_score,NA,0.06729465631122378,4,0,FALSE,0.06743421052631579,0.10526315789473684,0
PARL,0.04646730189286857,0.00432953006175052,0.5,outputs/supplemental_figures/audits/COGNITION_LOOKUP_SELECTED_FOR_SUPPLEMENTAL_NULL.csv,cognition_composite_score,NA,0.04646730189286857,3,0,FALSE,0.37664473684210525,0.3404605263157895,0.23190789473684212
PARS2,0.11427316163497242,0.01757408109205329,12.5,outputs/supplemental_figures/audits/COGNITION_LOOKUP_SELECTED_FOR_SUPPLEMENTAL_NULL.csv,cognition_composite_score,NA,0.11427316163497242,5,0,FALSE,0.6957236842105263,0.7384868421052632,0.9342105263157895
PCBD2,-0.0933243166838158,-0.01920584389957025,0,outputs/supplemental_figures/audits/COGNITION_LOOKUP_SELECTED_FOR_SUPPLEMENTAL_NULL.csv,cognition_composite_score,NA,0.0933243166838158,4,0,FALSE,0.044407894736842105,0.02631578947368421,0
PCCA,0.07848237447621127,0.00717287290343013,5.5,outputs/supplemental_figures/audits/COGNITION_LOOKUP_SELECTED_FOR_SUPPLEMENTAL_NULL.csv,cognition_composite_score,NA,0.07848237447621127,4,0,FALSE,0.5263157894736842,0.4194078947368421,0.7845394736842105
PDE12,0.04846683187188034,0.00738474835354288,0,outputs/supplemental_figures/audits/COGNITION_LOOKUP_SELECTED_FOR_SUPPLEMENTAL_NULL.csv,cognition_composite_score,NA,0.04846683187188034,3,0,FALSE,0.38651315789473684,0.42598684210526316,0
PDE2A,0.02830434462474154,0.00333119044668571,0.5,outputs/supplemental_figures/audits/COGNITION_LOOKUP_SELECTED_FOR_SUPPLEMENTAL_NULL.csv,cognition_composite_score,NA,0.02830434462474154,2,0,FALSE,0.3059210526315789,0.3059210526315789,0.23190789473684212
PDF,0.13740736199466402,0.02252097458427642,0,outputs/supplemental_figures/audits/COGNITION_LOOKUP_SELECTED_FOR_SUPPLEMENTAL_NULL.csv,cognition_composite_score,NA,0.13740736199466402,5,0,FALSE,0.7993421052631579,0.8404605263157895,0
PDP1,0.133860519372218,0.01739161087652893,9.5,outputs/supplemental_figures/audits/COGNITION_LOOKUP_SELECTED_FOR_SUPPLEMENTAL_NULL.csv,cognition_composite_score,NA,0.133860519372218,5,0,FALSE,0.7894736842105263,0.7335526315789473,0.875
PDPR,-0.02924063110584395,-0.00928268909012107,0.5,outputs/supplemental_figures/audits/COGNITION_LOOKUP_SELECTED_FOR_SUPPLEMENTAL_NULL.csv,cognition_composite_score,NA,0.02924063110584395,2,0,FALSE,0.13157894736842105,0.11842105263157894,0.23190789473684212
PET100,0.08948157399207637,0.00935783213657922,0.5,outputs/supplemental_figures/audits/COGNITION_LOOKUP_SELECTED_FOR_SUPPLEMENTAL_NULL.csv,cognition_composite_score,NA,0.08948157399207637,4,0,FALSE,0.587171052631579,0.48848684210526316,0.23190789473684212
PEX11B,-0.01431564879712575,-4.670604059876912e-4,0,outputs/supplemental_figures/audits/COGNITION_LOOKUP_SELECTED_FOR_SUPPLEMENTAL_NULL.csv,cognition_composite_score,NA,0.01431564879712575,1,0,FALSE,0.16447368421052633,0.22861842105263158,0
PGS1,0.03517915185509589,0.00440147968113215,0.5,outputs/supplemental_figures/audits/COGNITION_LOOKUP_SELECTED_FOR_SUPPLEMENTAL_NULL.csv,cognition_composite_score,NA,0.03517915185509589,2,0,FALSE,0.32894736842105265,0.34539473684210525,0.23190789473684212
PHYH,0.05072146064880665,0.00293603996850684,0.5,outputs/supplemental_figures/audits/COGNITION_LOOKUP_SELECTED_FOR_SUPPLEMENTAL_NULL.csv,cognition_composite_score,NA,0.05072146064880665,3,0,FALSE,0.39473684210526316,0.29276315789473684,0.23190789473684212
PICK1,0.1021272496351648,0.01713909551395492,6.5,outputs/supplemental_figures/audits/COGNITION_LOOKUP_SELECTED_FOR_SUPPLEMENTAL_NULL.csv,cognition_composite_score,NA,0.1021272496351648,5,0,FALSE,0.6529605263157895,0.725328947368421,0.819078947368421
PISD,0.12493329470601826,0.01950972429501585,0.5,outputs/supplemental_figures/audits/COGNITION_LOOKUP_SELECTED_FOR_SUPPLEMENTAL_NULL.csv,cognition_composite_score,NA,0.12493329470601826,5,0,FALSE,0.743421052631579,0.7894736842105263,0.23190789473684212
PLGRKT,-0.00749282777758103,-0.00718875847768972,0,outputs/supplemental_figures/audits/COGNITION_LOOKUP_SELECTED_FOR_SUPPLEMENTAL_NULL.csv,cognition_composite_score,NA,0.00749282777758103,1,0,FALSE,0.17763157894736842,0.13486842105263158,0
PNKD,0.11972465380070248,0.01669429788038327,0.5,outputs/supplemental_figures/audits/COGNITION_LOOKUP_SELECTED_FOR_SUPPLEMENTAL_NULL.csv,cognition_composite_score,NA,0.11972465380070248,5,0,FALSE,0.7236842105263158,0.7088815789473685,0.23190789473684212
PNPLA8,0.04689028155291185,0.00688186862991774,0.5,outputs/supplemental_figures/audits/COGNITION_LOOKUP_SELECTED_FOR_SUPPLEMENTAL_NULL.csv,cognition_composite_score,NA,0.04689028155291185,3,0,FALSE,0.37993421052631576,0.4095394736842105,0.23190789473684212
PNPO,-0.09967656048256798,-0.01629135460812512,0.5,outputs/supplemental_figures/audits/COGNITION_LOOKUP_SELECTED_FOR_SUPPLEMENTAL_NULL.csv,cognition_composite_score,NA,0.09967656048256798,4,0,FALSE,0.03782894736842105,0.04111842105263158,0.23190789473684212
POLB,7.919129777099062e-4,-0.00275728393172083,0,outputs/supplemental_figures/audits/COGNITION_LOOKUP_SELECTED_FOR_SUPPLEMENTAL_NULL.csv,cognition_composite_score,NA,7.919129777099062e-4,1,0,FALSE,0.19901315789473684,0.19407894736842105,0
POLG2,0.00277018895429107,0.00675557204397024,0.5,outputs/supplemental_figures/audits/COGNITION_LOOKUP_SELECTED_FOR_SUPPLEMENTAL_NULL.csv,cognition_composite_score,NA,0.00277018895429107,1,0,FALSE,0.20394736842105263,0.40789473684210525,0.23190789473684212
PPM1K,-0.02966449883078916,-0.00591237759476076,2.5,outputs/supplemental_figures/audits/COGNITION_LOOKUP_SELECTED_FOR_SUPPLEMENTAL_NULL.csv,cognition_composite_score,NA,0.02966449883078916,2,0,FALSE,0.125,0.15296052631578946,0.6842105263157895
PPTC7,0.12818872738120846,0.01472464017012515,1.5,outputs/supplemental_figures/audits/COGNITION_LOOKUP_SELECTED_FOR_SUPPLEMENTAL_NULL.csv,cognition_composite_score,NA,0.12818872738120846,5,0,FALSE,0.7680921052631579,0.6726973684210527,0.5986842105263158
PRDX2,-0.02773400990999848,-0.00473304505173121,0,outputs/supplemental_figures/audits/COGNITION_LOOKUP_SELECTED_FOR_SUPPLEMENTAL_NULL.csv,cognition_composite_score,NA,0.02773400990999848,2,0,FALSE,0.13980263157894737,0.17105263157894737,0
PRDX5,0.04151230426288428,0.00774060386854535,0.5,outputs/supplemental_figures/audits/COGNITION_LOOKUP_SELECTED_FOR_SUPPLEMENTAL_NULL.csv,cognition_composite_score,NA,0.04151230426288428,3,0,FALSE,0.3536184210526316,0.43585526315789475,0.23190789473684212
PRDX6,-0.268156827258087,-0.04930623450416999,0,outputs/supplemental_figures/audits/COGNITION_LOOKUP_SELECTED_FOR_SUPPLEMENTAL_NULL.csv,cognition_composite_score,NA,0.268156827258087,5,0,FALSE,0.001644736842105263,0.001644736842105263,0
PREPL,-0.02940227479799307,-0.00603266239773313,0,outputs/supplemental_figures/audits/COGNITION_LOOKUP_SELECTED_FOR_SUPPLEMENTAL_NULL.csv,cognition_composite_score,NA,0.02940227479799307,2,0,FALSE,0.12828947368421054,0.1513157894736842,0
PRKACA,0.04464413826692837,0.00833614309103244,0.5,outputs/supplemental_figures/audits/COGNITION_LOOKUP_SELECTED_FOR_SUPPLEMENTAL_NULL.csv,cognition_composite_score,NA,0.04464413826692837,3,0,FALSE,0.3667763157894737,0.45723684210526316,0.23190789473684212
PRODH,-0.04002108157293502,7.070078637924029e-4,5.5,outputs/supplemental_figures/audits/COGNITION_LOOKUP_SELECTED_FOR_SUPPLEMENTAL_NULL.csv,cognition_composite_score,NA,0.04002108157293502,3,0,FALSE,0.10526315789473684,0.24342105263157895,0.7845394736842105
PTGES2,0.06449145418945199,0.01397510778941939,0.5,outputs/supplemental_figures/audits/COGNITION_LOOKUP_SELECTED_FOR_SUPPLEMENTAL_NULL.csv,cognition_composite_score,NA,0.06449145418945199,4,0,FALSE,0.45230263157894735,0.649671052631579,0.23190789473684212
PTRH1,0.17680159006125595,0.02329521836209568,0.5,outputs/supplemental_figures/audits/COGNITION_LOOKUP_SELECTED_FOR_SUPPLEMENTAL_NULL.csv,cognition_composite_score,NA,0.17680159006125595,5,0,FALSE,0.90625,0.8519736842105263,0.23190789473684212
PTRH2,0.05522420418761947,0.01015976856571324,0.5,outputs/supplemental_figures/audits/COGNITION_LOOKUP_SELECTED_FOR_SUPPLEMENTAL_NULL.csv,cognition_composite_score,NA,0.05522420418761947,3,0,FALSE,0.4161184210526316,0.5230263157894737,0.23190789473684212
PUS1,0.1182382200019703,0.0136325267114384,9.5,outputs/supplemental_figures/audits/COGNITION_LOOKUP_SELECTED_FOR_SUPPLEMENTAL_NULL.csv,cognition_composite_score,NA,0.1182382200019703,5,0,FALSE,0.7171052631578947,0.631578947368421,0.875
PUSL1,-0.01700060322544833,-0.00497287683449095,0,outputs/supplemental_figures/audits/COGNITION_LOOKUP_SELECTED_FOR_SUPPLEMENTAL_NULL.csv,cognition_composite_score,NA,0.01700060322544833,1,0,FALSE,0.15625,0.16776315789473684,0
PYURF,0.1726652735660643,0.02784340394104937,0.5,outputs/supplemental_figures/audits/COGNITION_LOOKUP_SELECTED_FOR_SUPPLEMENTAL_NULL.csv,cognition_composite_score,NA,0.1726652735660643,5,0,FALSE,0.8865131578947368,0.9243421052631579,0.23190789473684212
QDPR,-0.145853746027674,-0.01874109302546144,0,outputs/supplemental_figures/audits/COGNITION_LOOKUP_SELECTED_FOR_SUPPLEMENTAL_NULL.csv,cognition_composite_score,NA,0.145853746027674,5,0,FALSE,0.013157894736842105,0.03125,0
QTRT1,0.01508443306369653,-6.324583793645282e-4,0,outputs/supplemental_figures/audits/COGNITION_LOOKUP_SELECTED_FOR_SUPPLEMENTAL_NULL.csv,cognition_composite_score,NA,0.01508443306369653,1,0,FALSE,0.25164473684210525,0.22532894736842105,0
RAB24,0.03565489900633099,0.00583454923329046,0.5,outputs/supplemental_figures/audits/COGNITION_LOOKUP_SELECTED_FOR_SUPPLEMENTAL_NULL.csv,cognition_composite_score,NA,0.03565489900633099,2,0,FALSE,0.3355263157894737,0.3832236842105263,0.23190789473684212
RARS2,0.07468299089611,0.00987938485520691,0.5,outputs/supplemental_figures/audits/COGNITION_LOOKUP_SELECTED_FOR_SUPPLEMENTAL_NULL.csv,cognition_composite_score,NA,0.07468299089611,4,0,FALSE,0.5049342105263158,0.506578947368421,0.23190789473684212
RDH13,0.20135918579658008,0.02776011602469168,0.5,outputs/supplemental_figures/audits/COGNITION_LOOKUP_SELECTED_FOR_SUPPLEMENTAL_NULL.csv,cognition_composite_score,NA,0.20135918579658008,5,0,FALSE,0.9407894736842105,0.9177631578947368,0.23190789473684212
RDH14,0.04363712195935351,0.00754508137812987,0.5,outputs/supplemental_figures/audits/COGNITION_LOOKUP_SELECTED_FOR_SUPPLEMENTAL_NULL.csv,cognition_composite_score,NA,0.04363712195935351,3,0,FALSE,0.3618421052631579,0.4292763157894737,0.23190789473684212
REXO2,0.01537050793610951,-0.00107094833080022,0,outputs/supplemental_figures/audits/COGNITION_LOOKUP_SELECTED_FOR_SUPPLEMENTAL_NULL.csv,cognition_composite_score,NA,0.01537050793610951,1,0,FALSE,0.25493421052631576,0.21710526315789475,0
RFK,0.10505326496770284,0.01495030232236816,1.5,outputs/supplemental_figures/audits/COGNITION_LOOKUP_SELECTED_FOR_SUPPLEMENTAL_NULL.csv,cognition_composite_score,NA,0.10505326496770284,5,0,FALSE,0.662828947368421,0.6759868421052632,0.5986842105263158
RHOT1,0.02940492312879392,0.00409660309981068,0.5,outputs/supplemental_figures/audits/COGNITION_LOOKUP_SELECTED_FOR_SUPPLEMENTAL_NULL.csv,cognition_composite_score,NA,0.02940492312879392,2,0,FALSE,0.31085526315789475,0.3355263157894737,0.23190789473684212
RHOT2,0.07800976415703942,0.01098377608569321,0,outputs/supplemental_figures/audits/COGNITION_LOOKUP_SELECTED_FOR_SUPPLEMENTAL_NULL.csv,cognition_composite_score,NA,0.07800976415703942,4,0,FALSE,0.524671052631579,0.555921052631579,0
RMDN1,0.02135170748091343,-2.7493947731155403e-4,0.5,outputs/supplemental_figures/audits/COGNITION_LOOKUP_SELECTED_FOR_SUPPLEMENTAL_NULL.csv,cognition_composite_score,NA,0.02135170748091343,2,0,FALSE,0.27631578947368424,0.23190789473684212,0.23190789473684212
RMDN3,0.02361591369566827,0.00193925755797988,0.5,outputs/supplemental_figures/audits/COGNITION_LOOKUP_SELECTED_FOR_SUPPLEMENTAL_NULL.csv,cognition_composite_score,NA,0.02361591369566827,2,0,FALSE,0.28618421052631576,0.2713815789473684,0.23190789473684212
RMND1,0.044977995161512,0.00534368362679718,0.5,outputs/supplemental_figures/audits/COGNITION_LOOKUP_SELECTED_FOR_SUPPLEMENTAL_NULL.csv,cognition_composite_score,NA,0.044977995161512,3,0,FALSE,0.3684210526315789,0.3684210526315789,0.23190789473684212
ROMO1,0.03231440351135688,0.00457091887679952,0.5,outputs/supplemental_figures/audits/COGNITION_LOOKUP_SELECTED_FOR_SUPPLEMENTAL_NULL.csv,cognition_composite_score,NA,0.03231440351135688,2,0,FALSE,0.3190789473684211,0.3519736842105263,0.23190789473684212
RPIA,0.03823311431058002,0.00233998117247906,5.5,outputs/supplemental_figures/audits/COGNITION_LOOKUP_SELECTED_FOR_SUPPLEMENTAL_NULL.csv,cognition_composite_score,NA,0.03823311431058002,3,0,FALSE,0.34210526315789475,0.28289473684210525,0.7845394736842105
RPUSD4,0.08042070316480705,0.00638492081627343,0.5,outputs/supplemental_figures/audits/COGNITION_LOOKUP_SELECTED_FOR_SUPPLEMENTAL_NULL.csv,cognition_composite_score,NA,0.08042070316480705,4,0,FALSE,0.5427631578947368,0.3996710526315789,0.23190789473684212
RTN4IP1,0.07776614257837171,0.01321340211694998,1.5,outputs/supplemental_figures/audits/COGNITION_LOOKUP_SELECTED_FOR_SUPPLEMENTAL_NULL.csv,cognition_composite_score,NA,0.07776614257837171,4,0,FALSE,0.5197368421052632,0.6151315789473685,0.5986842105263158
SARDH,0.01153300867527279,-1.9584016691222443e-4,0.5,outputs/supplemental_figures/audits/COGNITION_LOOKUP_SELECTED_FOR_SUPPLEMENTAL_NULL.csv,cognition_composite_score,NA,0.01153300867527279,1,0,FALSE,0.23519736842105263,0.23355263157894737,0.23190789473684212
SCO1,0.12370506466833468,0.0164188684932531,1.5,outputs/supplemental_figures/audits/COGNITION_LOOKUP_SELECTED_FOR_SUPPLEMENTAL_NULL.csv,cognition_composite_score,NA,0.12370506466833468,5,0,FALSE,0.7401315789473685,0.7039473684210527,0.5986842105263158
SCO2,0.11326519196745438,0.0157720049139698,0.5,outputs/supplemental_figures/audits/COGNITION_LOOKUP_SELECTED_FOR_SUPPLEMENTAL_NULL.csv,cognition_composite_score,NA,0.11326519196745438,5,0,FALSE,0.6924342105263158,0.6924342105263158,0.23190789473684212
SCP2,-0.06421130738525467,-0.00971383637652321,0.5,outputs/supplemental_figures/audits/COGNITION_LOOKUP_SELECTED_FOR_SUPPLEMENTAL_NULL.csv,cognition_composite_score,NA,0.06421130738525467,4,0,FALSE,0.06907894736842106,0.10855263157894737,0.23190789473684212
SDHAF2,0.14115238667327715,0.02383963019055633,2.5,outputs/supplemental_figures/audits/COGNITION_LOOKUP_SELECTED_FOR_SUPPLEMENTAL_NULL.csv,cognition_composite_score,NA,0.14115238667327715,5,0,FALSE,0.8092105263157895,0.8634868421052632,0.6842105263157895
SDHC,0.15022827397415878,0.02777810106263523,0.5,outputs/supplemental_figures/audits/COGNITION_LOOKUP_SELECTED_FOR_SUPPLEMENTAL_NULL.csv,cognition_composite_score,NA,0.15022827397415878,5,0,FALSE,0.837171052631579,0.9210526315789473,0.23190789473684212
SDHD,0.19937723723698336,0.03234561296251255,5.5,outputs/supplemental_figures/audits/COGNITION_LOOKUP_SELECTED_FOR_SUPPLEMENTAL_NULL.csv,cognition_composite_score,NA,0.19937723723698336,5,0,FALSE,0.9391447368421053,0.9605263157894737,0.7845394736842105
SDR39U1,0.17937286185165302,0.02857351064725622,1.5,outputs/supplemental_figures/audits/COGNITION_LOOKUP_SELECTED_FOR_SUPPLEMENTAL_NULL.csv,cognition_composite_score,NA,0.17937286185165302,5,0,FALSE,0.9111842105263158,0.9259868421052632,0.5986842105263158
SDSL,0.02351694660180375,0.00185679159349977,0.5,outputs/supplemental_figures/audits/COGNITION_LOOKUP_SELECTED_FOR_SUPPLEMENTAL_NULL.csv,cognition_composite_score,NA,0.02351694660180375,2,0,FALSE,0.2845394736842105,0.2680921052631579,0.23190789473684212
SERAC1,0.1119956039837678,0.0180868098809107,0.5,outputs/supplemental_figures/audits/COGNITION_LOOKUP_SELECTED_FOR_SUPPLEMENTAL_NULL.csv,cognition_composite_score,NA,0.1119956039837678,5,0,FALSE,0.6891447368421053,0.7598684210526315,0.23190789473684212
SFXN1,0.16587893683419397,0.02475070521282333,12.5,outputs/supplemental_figures/audits/COGNITION_LOOKUP_SELECTED_FOR_SUPPLEMENTAL_NULL.csv,cognition_composite_score,NA,0.16587893683419397,5,0,FALSE,0.8700657894736842,0.8799342105263158,0.9342105263157895
SFXN3,0.05903335046550792,0.0069551814425079,0,outputs/supplemental_figures/audits/COGNITION_LOOKUP_SELECTED_FOR_SUPPLEMENTAL_NULL.csv,cognition_composite_score,NA,0.05903335046550792,3,0,FALSE,0.4292763157894737,0.41118421052631576,0
SFXN4,0.0988903956008273,0.01390438739606491,0.5,outputs/supplemental_figures/audits/COGNITION_LOOKUP_SELECTED_FOR_SUPPLEMENTAL_NULL.csv,cognition_composite_score,NA,0.0988903956008273,4,0,FALSE,0.6398026315789473,0.6447368421052632,0.23190789473684212
SFXN5,0.02678430921585786,-0.00408394289992332,0.5,outputs/supplemental_figures/audits/COGNITION_LOOKUP_SELECTED_FOR_SUPPLEMENTAL_NULL.csv,cognition_composite_score,NA,0.02678430921585786,2,0,FALSE,0.2944078947368421,0.17763157894736842,0.23190789473684212
SIRT3,-0.03154975964519058,-0.00773745985809073,1.5,outputs/supplemental_figures/audits/COGNITION_LOOKUP_SELECTED_FOR_SUPPLEMENTAL_NULL.csv,cognition_composite_score,NA,0.03154975964519058,2,0,FALSE,0.12006578947368421,0.1299342105263158,0.5986842105263158
SIRT5,0.06052408663864787,0.00980039666217943,1.5,outputs/supplemental_figures/audits/COGNITION_LOOKUP_SELECTED_FOR_SUPPLEMENTAL_NULL.csv,cognition_composite_score,NA,0.06052408663864787,4,0,FALSE,0.43914473684210525,0.5016447368421053,0.5986842105263158
SLC25A1,-0.04691775285278112,-0.0095319286885226,0.5,outputs/supplemental_figures/audits/COGNITION_LOOKUP_SELECTED_FOR_SUPPLEMENTAL_NULL.csv,cognition_composite_score,NA,0.04691775285278112,3,0,FALSE,0.09868421052631579,0.1118421052631579,0.23190789473684212
SLC25A10,0.13363289589473978,0.01883300626678968,6.5,outputs/supplemental_figures/audits/COGNITION_LOOKUP_SELECTED_FOR_SUPPLEMENTAL_NULL.csv,cognition_composite_score,NA,0.13363289589473978,5,0,FALSE,0.787828947368421,0.7730263157894737,0.819078947368421
SLC25A11,0.1935153285033058,0.03058419904381829,12.5,outputs/supplemental_figures/audits/COGNITION_LOOKUP_SELECTED_FOR_SUPPLEMENTAL_NULL.csv,cognition_composite_score,NA,0.1935153285033058,5,0,FALSE,0.9292763157894737,0.9457236842105263,0.9342105263157895
SLC25A12,0.1535553383548061,0.02320916033061963,0.5,outputs/supplemental_figures/audits/COGNITION_LOOKUP_SELECTED_FOR_SUPPLEMENTAL_NULL.csv,cognition_composite_score,NA,0.1535553383548061,5,0,FALSE,0.8421052631578947,0.8486842105263158,0.23190789473684212
SLC25A14,0.11959900534365292,0.02051577086670832,0.5,outputs/supplemental_figures/audits/COGNITION_LOOKUP_SELECTED_FOR_SUPPLEMENTAL_NULL.csv,cognition_composite_score,NA,0.11959900534365292,5,0,FALSE,0.7220394736842105,0.805921052631579,0.23190789473684212
SLC25A15,0.06662144759298677,0.01079598269188317,0.5,outputs/supplemental_figures/audits/COGNITION_LOOKUP_SELECTED_FOR_SUPPLEMENTAL_NULL.csv,cognition_composite_score,NA,0.06662144759298677,4,0,FALSE,0.4605263157894737,0.5509868421052632,0.23190789473684212
SLC25A16,0.1479577709169149,0.02332820374086863,1.5,outputs/supplemental_figures/audits/COGNITION_LOOKUP_SELECTED_FOR_SUPPLEMENTAL_NULL.csv,cognition_composite_score,NA,0.1479577709169149,5,0,FALSE,0.8256578947368421,0.8536184210526315,0.5986842105263158
SLC25A18,-0.08368496429195244,-0.01613046444873757,0.5,outputs/supplemental_figures/audits/COGNITION_LOOKUP_SELECTED_FOR_SUPPLEMENTAL_NULL.csv,cognition_composite_score,NA,0.08368496429195244,4,0,FALSE,0.049342105263157895,0.044407894736842105,0.23190789473684212
SLC25A19,0.06398910185491567,0.00921766618716457,1.5,outputs/supplemental_figures/audits/COGNITION_LOOKUP_SELECTED_FOR_SUPPLEMENTAL_NULL.csv,cognition_composite_score,NA,0.06398910185491567,4,0,FALSE,0.44901315789473684,0.48355263157894735,0.5986842105263158
SLC25A20,-0.06224654374227736,-0.01403057424016138,0.5,outputs/supplemental_figures/audits/COGNITION_LOOKUP_SELECTED_FOR_SUPPLEMENTAL_NULL.csv,cognition_composite_score,NA,0.06224654374227736,4,0,FALSE,0.0756578947368421,0.06414473684210527,0.23190789473684212
SLC25A22,0.1549548600035437,0.02674306603860084,0.5,outputs/supplemental_figures/audits/COGNITION_LOOKUP_SELECTED_FOR_SUPPLEMENTAL_NULL.csv,cognition_composite_score,NA,0.1549548600035437,5,0,FALSE,0.84375,0.899671052631579,0.23190789473684212
SLC25A23,0.12980832774453127,0.02130442123569326,9.5,outputs/supplemental_figures/audits/COGNITION_LOOKUP_SELECTED_FOR_SUPPLEMENTAL_NULL.csv,cognition_composite_score,NA,0.12980832774453127,5,0,FALSE,0.774671052631579,0.819078947368421,0.875
SLC25A24,0.00632053721833112,-0.00209529213190721,12.5,outputs/supplemental_figures/audits/COGNITION_LOOKUP_SELECTED_FOR_SUPPLEMENTAL_NULL.csv,cognition_composite_score,NA,0.00632053721833112,1,0,FALSE,0.21546052631578946,0.20065789473684212,0.9342105263157895
SLC25A25,0.08369482057266303,0.00959047550523513,2.5,outputs/supplemental_figures/audits/COGNITION_LOOKUP_SELECTED_FOR_SUPPLEMENTAL_NULL.csv,cognition_composite_score,NA,0.08369482057266303,4,0,FALSE,0.5641447368421053,0.4917763157894737,0.6842105263157895
SLC25A26,0.06047560719815657,0.01041978054236107,0,outputs/supplemental_figures/audits/COGNITION_LOOKUP_SELECTED_FOR_SUPPLEMENTAL_NULL.csv,cognition_composite_score,NA,0.06047560719815657,4,0,FALSE,0.4375,0.5296052631578947,0
SLC25A27,0.13111662126619192,0.02249453380712667,6.5,outputs/supplemental_figures/audits/COGNITION_LOOKUP_SELECTED_FOR_SUPPLEMENTAL_NULL.csv,cognition_composite_score,NA,0.13111662126619192,5,0,FALSE,0.78125,0.8388157894736842,0.819078947368421
SLC25A29,-0.0731015882865968,-0.01414749558898993,0,outputs/supplemental_figures/audits/COGNITION_LOOKUP_SELECTED_FOR_SUPPLEMENTAL_NULL.csv,cognition_composite_score,NA,0.0731015882865968,4,0,FALSE,0.06414473684210527,0.06085526315789474,0
SLC25A3,0.16917732513855388,0.02780648564844575,1.5,outputs/supplemental_figures/audits/COGNITION_LOOKUP_SELECTED_FOR_SUPPLEMENTAL_NULL.csv,cognition_composite_score,NA,0.16917732513855388,5,0,FALSE,0.8782894736842105,0.9226973684210527,0.5986842105263158
SLC25A32,0.12057262453941224,0.02095760199335375,0.5,outputs/supplemental_figures/audits/COGNITION_LOOKUP_SELECTED_FOR_SUPPLEMENTAL_NULL.csv,cognition_composite_score,NA,0.12057262453941224,5,0,FALSE,0.7302631578947368,0.8141447368421053,0.23190789473684212
SLC25A33,0.10437007951011083,0.01901794671097252,1.5,outputs/supplemental_figures/audits/COGNITION_LOOKUP_SELECTED_FOR_SUPPLEMENTAL_NULL.csv,cognition_composite_score,NA,0.10437007951011083,5,0,FALSE,0.6578947368421053,0.7796052631578947,0.5986842105263158
SLC25A36,0.09776527043309258,0.01496863257609629,9.5,outputs/supplemental_figures/audits/COGNITION_LOOKUP_SELECTED_FOR_SUPPLEMENTAL_NULL.csv,cognition_composite_score,NA,0.09776527043309258,4,0,FALSE,0.6348684210526315,0.6776315789473685,0.875
SLC25A4,0.17875927119099347,0.02872845694690467,9.5,outputs/supplemental_figures/audits/COGNITION_LOOKUP_SELECTED_FOR_SUPPLEMENTAL_NULL.csv,cognition_composite_score,NA,0.17875927119099347,5,0,FALSE,0.9095394736842105,0.9292763157894737,0.875
SLC25A40,0.10322065726716576,0.01602807646529131,0.5,outputs/supplemental_figures/audits/COGNITION_LOOKUP_SELECTED_FOR_SUPPLEMENTAL_NULL.csv,cognition_composite_score,NA,0.10322065726716576,5,0,FALSE,0.65625,0.6973684210526315,0.23190789473684212
SLC25A42,0.05753244273828186,0.0072351443442747,0.5,outputs/supplemental_figures/audits/COGNITION_LOOKUP_SELECTED_FOR_SUPPLEMENTAL_NULL.csv,cognition_composite_score,NA,0.05753244273828186,3,0,FALSE,0.42269736842105265,0.42105263157894735,0.23190789473684212
SLC25A44,0.09242615939882774,0.01209355997642749,1.5,outputs/supplemental_figures/audits/COGNITION_LOOKUP_SELECTED_FOR_SUPPLEMENTAL_NULL.csv,cognition_composite_score,NA,0.09242615939882774,4,0,FALSE,0.6036184210526315,0.5921052631578947,0.5986842105263158
SLC25A46,0.1800719546523226,0.02718226614520645,12.5,outputs/supplemental_figures/audits/COGNITION_LOOKUP_SELECTED_FOR_SUPPLEMENTAL_NULL.csv,cognition_composite_score,NA,0.1800719546523226,5,0,FALSE,0.9144736842105263,0.90625,0.9342105263157895
SLC25A51,0.08970865695761086,0.01583658753785152,0.5,outputs/supplemental_figures/audits/COGNITION_LOOKUP_SELECTED_FOR_SUPPLEMENTAL_NULL.csv,cognition_composite_score,NA,0.08970865695761086,4,0,FALSE,0.5904605263157895,0.694078947368421,0.23190789473684212
SLC30A9,0.05290721837965667,0.00784185464138806,0.5,outputs/supplemental_figures/audits/COGNITION_LOOKUP_SELECTED_FOR_SUPPLEMENTAL_NULL.csv,cognition_composite_score,NA,0.05290721837965667,3,0,FALSE,0.40460526315789475,0.43914473684210525,0.23190789473684212
SMDT1,0.09730562204152084,0.01590852597616855,0.5,outputs/supplemental_figures/audits/COGNITION_LOOKUP_SELECTED_FOR_SUPPLEMENTAL_NULL.csv,cognition_composite_score,NA,0.09730562204152084,4,0,FALSE,0.6332236842105263,0.6957236842105263,0.23190789473684212
SMIM20,0.09251007516204528,0.01066908863546946,0.5,outputs/supplemental_figures/audits/COGNITION_LOOKUP_SELECTED_FOR_SUPPLEMENTAL_NULL.csv,cognition_composite_score,NA,0.09251007516204528,4,0,FALSE,0.6052631578947368,0.5460526315789473,0.23190789473684212
SNAP29,0.02284186910461311,0.00326542234600363,0,outputs/supplemental_figures/audits/COGNITION_LOOKUP_SELECTED_FOR_SUPPLEMENTAL_NULL.csv,cognition_composite_score,NA,0.02284186910461311,2,0,FALSE,0.27960526315789475,0.3042763157894737,0
SND1,-0.02446658375320816,-0.0045541458790679,0.5,outputs/supplemental_figures/audits/COGNITION_LOOKUP_SELECTED_FOR_SUPPLEMENTAL_NULL.csv,cognition_composite_score,NA,0.02446658375320816,2,0,FALSE,0.14638157894736842,0.17434210526315788,0.23190789473684212
SOD1,-0.05303815929238226,-0.01285095422294376,0,outputs/supplemental_figures/audits/COGNITION_LOOKUP_SELECTED_FOR_SUPPLEMENTAL_NULL.csv,cognition_composite_score,NA,0.05303815929238226,3,0,FALSE,0.09046052631578948,0.07401315789473684,0
SPATA20,-5.956915340950502e-4,7.074384708042142e-4,0.5,outputs/supplemental_figures/audits/COGNITION_LOOKUP_SELECTED_FOR_SUPPLEMENTAL_NULL.csv,cognition_composite_score,NA,5.956915340950502e-4,1,0,FALSE,0.19572368421052633,0.2450657894736842,0.23190789473684212
SPG7,0.104941967475144,0.01401084823232251,12.5,outputs/supplemental_figures/audits/COGNITION_LOOKUP_SELECTED_FOR_SUPPLEMENTAL_NULL.csv,cognition_composite_score,NA,0.104941967475144,5,0,FALSE,0.6611842105263158,0.6513157894736842,0.9342105263157895
SPHK2,0.02384913069332657,0.00505159126090096,0,outputs/supplemental_figures/audits/COGNITION_LOOKUP_SELECTED_FOR_SUPPLEMENTAL_NULL.csv,cognition_composite_score,NA,0.02384913069332657,2,0,FALSE,0.2878289473684211,0.36019736842105265,0
SPHKAP,0.1308626449190737,0.01931800141381913,0,outputs/supplemental_figures/audits/COGNITION_LOOKUP_SELECTED_FOR_SUPPLEMENTAL_NULL.csv,cognition_composite_score,NA,0.1308626449190737,5,0,FALSE,0.7779605263157895,0.7861842105263158,0
SPIRE1,-0.00468744152064645,-7.689238418830883e-4,0,outputs/supplemental_figures/audits/COGNITION_LOOKUP_SELECTED_FOR_SUPPLEMENTAL_NULL.csv,cognition_composite_score,NA,0.00468744152064645,1,0,FALSE,0.18585526315789475,0.22203947368421054,0
SPR,-0.10919678289570948,-0.0146866686035455,0,outputs/supplemental_figures/audits/COGNITION_LOOKUP_SELECTED_FOR_SUPPLEMENTAL_NULL.csv,cognition_composite_score,NA,0.10919678289570948,5,0,FALSE,0.027960526315789474,0.054276315789473686,0
SPTLC2,0.01367569664080512,0.00174070048790118,0.5,outputs/supplemental_figures/audits/COGNITION_LOOKUP_SELECTED_FOR_SUPPLEMENTAL_NULL.csv,cognition_composite_score,NA,0.01367569664080512,1,0,FALSE,0.24013157894736842,0.2631578947368421,0.23190789473684212
STARD7,-0.09707981306969404,-0.01700212669864952,0,outputs/supplemental_figures/audits/COGNITION_LOOKUP_SELECTED_FOR_SUPPLEMENTAL_NULL.csv,cognition_composite_score,NA,0.09707981306969404,4,0,FALSE,0.04111842105263158,0.039473684210526314,0
STOM,-0.0635585489473472,-0.01706703824247535,0.5,outputs/supplemental_figures/audits/COGNITION_LOOKUP_SELECTED_FOR_SUPPLEMENTAL_NULL.csv,cognition_composite_score,NA,0.0635585489473472,4,0,FALSE,0.07236842105263158,0.03782894736842105,0.23190789473684212
STX17,0.115539400466002,0.02196070936990209,0.5,outputs/supplemental_figures/audits/COGNITION_LOOKUP_SELECTED_FOR_SUPPLEMENTAL_NULL.csv,cognition_composite_score,NA,0.115539400466002,5,0,FALSE,0.7055921052631579,0.8322368421052632,0.23190789473684212
SUOX,0.08381613193952489,0.00856136499890783,8.5,outputs/supplemental_figures/audits/COGNITION_LOOKUP_SELECTED_FOR_SUPPLEMENTAL_NULL.csv,cognition_composite_score,NA,0.08381613193952489,4,0,FALSE,0.5657894736842105,0.4654605263157895,0.8552631578947368
SURF1,0.04226786665016923,0.00420202394437682,0.5,outputs/supplemental_figures/audits/COGNITION_LOOKUP_SELECTED_FOR_SUPPLEMENTAL_NULL.csv,cognition_composite_score,NA,0.04226786665016923,3,0,FALSE,0.3569078947368421,0.33881578947368424,0.23190789473684212
TDRKH,0.06920143665877482,0.0104650391371747,0.5,outputs/supplemental_figures/audits/COGNITION_LOOKUP_SELECTED_FOR_SUPPLEMENTAL_NULL.csv,cognition_composite_score,NA,0.06920143665877482,4,0,FALSE,0.47368421052631576,0.5328947368421053,0.23190789473684212
TEFM,0.06442778108133684,0.00513677690416812,0.5,outputs/supplemental_figures/audits/COGNITION_LOOKUP_SELECTED_FOR_SUPPLEMENTAL_NULL.csv,cognition_composite_score,NA,0.06442778108133684,4,0,FALSE,0.4506578947368421,0.3651315789473684,0.23190789473684212
TFB1M,0.14856496828372823,0.01989363270094133,0.5,outputs/supplemental_figures/audits/COGNITION_LOOKUP_SELECTED_FOR_SUPPLEMENTAL_NULL.csv,cognition_composite_score,NA,0.14856496828372823,5,0,FALSE,0.8305921052631579,0.7976973684210527,0.23190789473684212
TFB2M,0.10108520836245705,0.00829143634683187,0,outputs/supplemental_figures/audits/COGNITION_LOOKUP_SELECTED_FOR_SUPPLEMENTAL_NULL.csv,cognition_composite_score,NA,0.10108520836245705,5,0,FALSE,0.6513157894736842,0.4555921052631579,0
THEM4,0.09911889867022396,0.01122201083730426,0.5,outputs/supplemental_figures/audits/COGNITION_LOOKUP_SELECTED_FOR_SUPPLEMENTAL_NULL.csv,cognition_composite_score,NA,0.09911889867022396,4,0,FALSE,0.6414473684210527,0.5657894736842105,0.23190789473684212
THG1L,0.00667353668372806,-9.195664930586242e-4,0,outputs/supplemental_figures/audits/COGNITION_LOOKUP_SELECTED_FOR_SUPPLEMENTAL_NULL.csv,cognition_composite_score,NA,0.00667353668372806,1,0,FALSE,0.21710526315789475,0.21875,0
THNSL1,0.09098239083900136,0.01152149062583175,2.5,outputs/supplemental_figures/audits/COGNITION_LOOKUP_SELECTED_FOR_SUPPLEMENTAL_NULL.csv,cognition_composite_score,NA,0.09098239083900136,4,0,FALSE,0.5970394736842105,0.5740131578947368,0.6842105263157895
TIMM10,0.11526317740141176,0.01761871154606003,3.5,outputs/supplemental_figures/audits/COGNITION_LOOKUP_SELECTED_FOR_SUPPLEMENTAL_NULL.csv,cognition_composite_score,NA,0.11526317740141176,5,0,FALSE,0.7039473684210527,0.7417763157894737,0.7532894736842105
TIMM10B,0.1145145768376066,0.01706091626208795,4.5,outputs/supplemental_figures/audits/COGNITION_LOOKUP_SELECTED_FOR_SUPPLEMENTAL_NULL.csv,cognition_composite_score,NA,0.1145145768376066,5,0,FALSE,0.6973684210526315,0.7236842105263158,0.7796052631578947
TIMM17A,0.07853875366572373,0.01269917054920692,0.5,outputs/supplemental_figures/audits/COGNITION_LOOKUP_SELECTED_FOR_SUPPLEMENTAL_NULL.csv,cognition_composite_score,NA,0.07853875366572373,4,0,FALSE,0.5279605263157895,0.6069078947368421,0.23190789473684212
TIMM17B,0.08312821436668706,0.00900403346319381,0.5,outputs/supplemental_figures/audits/COGNITION_LOOKUP_SELECTED_FOR_SUPPLEMENTAL_NULL.csv,cognition_composite_score,NA,0.08312821436668706,4,0,FALSE,0.5625,0.4769736842105263,0.23190789473684212
TIMM21,0.04597806703407469,0.00357149738719136,4.5,outputs/supplemental_figures/audits/COGNITION_LOOKUP_SELECTED_FOR_SUPPLEMENTAL_NULL.csv,cognition_composite_score,NA,0.04597806703407469,3,0,FALSE,0.375,0.31743421052631576,0.7796052631578947
TIMM22,0.08208149497684868,0.01371509715347931,1.5,outputs/supplemental_figures/audits/COGNITION_LOOKUP_SELECTED_FOR_SUPPLEMENTAL_NULL.csv,cognition_composite_score,NA,0.08208149497684868,4,0,FALSE,0.555921052631579,0.6365131578947368,0.5986842105263158
TIMM23,0.08233483184018536,0.00948981554511687,2.5,outputs/supplemental_figures/audits/COGNITION_LOOKUP_SELECTED_FOR_SUPPLEMENTAL_NULL.csv,cognition_composite_score,NA,0.08233483184018536,4,0,FALSE,0.5592105263157895,0.4901315789473684,0.6842105263157895
TIMM50,0.09794068038942112,0.01380107001334853,5.5,outputs/supplemental_figures/audits/COGNITION_LOOKUP_SELECTED_FOR_SUPPLEMENTAL_NULL.csv,cognition_composite_score,NA,0.09794068038942112,4,0,FALSE,0.6381578947368421,0.6398026315789473,0.7845394736842105
TIMM8A,0.19911329330981015,0.03046197974630332,6.5,outputs/supplemental_figures/audits/COGNITION_LOOKUP_SELECTED_FOR_SUPPLEMENTAL_NULL.csv,cognition_composite_score,NA,0.19911329330981015,5,0,FALSE,0.9375,0.9424342105263158,0.819078947368421
TIMM9,0.14104340458507603,0.02138245354001698,1.5,outputs/supplemental_figures/audits/COGNITION_LOOKUP_SELECTED_FOR_SUPPLEMENTAL_NULL.csv,cognition_composite_score,NA,0.14104340458507603,5,0,FALSE,0.8075657894736842,0.8256578947368421,0.5986842105263158
TIMMDC1,0.07350066660824042,0.00436568227825857,0.5,outputs/supplemental_figures/audits/COGNITION_LOOKUP_SELECTED_FOR_SUPPLEMENTAL_NULL.csv,cognition_composite_score,NA,0.07350066660824042,4,0,FALSE,0.4967105263157895,0.34375,0.23190789473684212
TK2,0.04698167900012225,0.00709727800506329,0,outputs/supplemental_figures/audits/COGNITION_LOOKUP_SELECTED_FOR_SUPPLEMENTAL_NULL.csv,cognition_composite_score,NA,0.04698167900012225,3,0,FALSE,0.3815789473684211,0.41776315789473684,0
TMEM11,0.08466660788382357,0.0152207512672761,1.5,outputs/supplemental_figures/audits/COGNITION_LOOKUP_SELECTED_FOR_SUPPLEMENTAL_NULL.csv,cognition_composite_score,NA,0.08466660788382357,4,0,FALSE,0.5707236842105263,0.6825657894736842,0.5986842105263158
TMEM126A,0.16165400012039471,0.02444913106216117,5.5,outputs/supplemental_figures/audits/COGNITION_LOOKUP_SELECTED_FOR_SUPPLEMENTAL_NULL.csv,cognition_composite_score,NA,0.16165400012039471,5,0,FALSE,0.8585526315789473,0.875,0.7845394736842105
TMEM126B,0.04766588218461343,0.00344719183690298,3.5,outputs/supplemental_figures/audits/COGNITION_LOOKUP_SELECTED_FOR_SUPPLEMENTAL_NULL.csv,cognition_composite_score,NA,0.04766588218461343,3,0,FALSE,0.3832236842105263,0.31085526315789475,0.7532894736842105
TMEM143,0.12031403931977004,0.01640325683961516,0.5,outputs/supplemental_figures/audits/COGNITION_LOOKUP_SELECTED_FOR_SUPPLEMENTAL_NULL.csv,cognition_composite_score,NA,0.12031403931977004,5,0,FALSE,0.7286184210526315,0.7023026315789473,0.23190789473684212
TMEM14C,0.02792599376180565,0.00672307732292862,0,outputs/supplemental_figures/audits/COGNITION_LOOKUP_SELECTED_FOR_SUPPLEMENTAL_NULL.csv,cognition_composite_score,NA,0.02792599376180565,2,0,FALSE,0.3026315789473684,0.4029605263157895,0
TMEM177,0.1105185324109118,0.01895159958084201,8.5,outputs/supplemental_figures/audits/COGNITION_LOOKUP_SELECTED_FOR_SUPPLEMENTAL_NULL.csv,cognition_composite_score,NA,0.1105185324109118,5,0,FALSE,0.6792763157894737,0.774671052631579,0.8552631578947368
TMEM186,0.08179388588432208,0.01166619974758733,0,outputs/supplemental_figures/audits/COGNITION_LOOKUP_SELECTED_FOR_SUPPLEMENTAL_NULL.csv,cognition_composite_score,NA,0.08179388588432208,4,0,FALSE,0.5526315789473685,0.5805921052631579,0
TMEM205,-0.03873161495268303,-0.01285954682857281,0,outputs/supplemental_figures/audits/COGNITION_LOOKUP_SELECTED_FOR_SUPPLEMENTAL_NULL.csv,cognition_composite_score,NA,0.03873161495268303,3,0,FALSE,0.1069078947368421,0.07236842105263158,0
TMEM65,0.12988505282371574,0.01806761629021984,12.5,outputs/supplemental_figures/audits/COGNITION_LOOKUP_SELECTED_FOR_SUPPLEMENTAL_NULL.csv,cognition_composite_score,NA,0.12988505282371574,5,0,FALSE,0.7763157894736842,0.756578947368421,0.9342105263157895
TMEM70,0.09586506623492044,0.01380173544671215,0,outputs/supplemental_figures/audits/COGNITION_LOOKUP_SELECTED_FOR_SUPPLEMENTAL_NULL.csv,cognition_composite_score,NA,0.09586506623492044,4,0,FALSE,0.618421052631579,0.6414473684210527,0
TMLHE,0.06922380431353553,0.00605792302217284,0.5,outputs/supplemental_figures/audits/COGNITION_LOOKUP_SELECTED_FOR_SUPPLEMENTAL_NULL.csv,cognition_composite_score,NA,0.06922380431353553,4,0,FALSE,0.4753289473684211,0.38980263157894735,0.23190789473684212
TOMM20,0.14763828387727346,0.01997164070113617,2.5,outputs/supplemental_figures/audits/COGNITION_LOOKUP_SELECTED_FOR_SUPPLEMENTAL_NULL.csv,cognition_composite_score,NA,0.14763828387727346,5,0,FALSE,0.8240131578947368,0.8026315789473685,0.6842105263157895
TOMM22,0.1323921413992208,0.01721307191917831,0.5,outputs/supplemental_figures/audits/COGNITION_LOOKUP_SELECTED_FOR_SUPPLEMENTAL_NULL.csv,cognition_composite_score,NA,0.1323921413992208,5,0,FALSE,0.7828947368421053,0.7286184210526315,0.23190789473684212
TOMM34,-0.00321495910147866,-0.00589773607583488,0.5,outputs/supplemental_figures/audits/COGNITION_LOOKUP_SELECTED_FOR_SUPPLEMENTAL_NULL.csv,cognition_composite_score,NA,0.00321495910147866,1,0,FALSE,0.18914473684210525,0.15625,0.23190789473684212
TOMM40,0.07980044328966147,0.01005847999928153,1.5,outputs/supplemental_figures/audits/COGNITION_LOOKUP_SELECTED_FOR_SUPPLEMENTAL_NULL.csv,cognition_composite_score,NA,0.07980044328966147,4,0,FALSE,0.5345394736842105,0.5180921052631579,0.5986842105263158
TOMM40L,0.07912634191846929,0.01043326556082157,0.5,outputs/supplemental_figures/audits/COGNITION_LOOKUP_SELECTED_FOR_SUPPLEMENTAL_NULL.csv,cognition_composite_score,NA,0.07912634191846929,4,0,FALSE,0.5328947368421053,0.53125,0.23190789473684212
TOMM5,0.17191135805700833,0.02362519601113827,2.5,outputs/supplemental_figures/audits/COGNITION_LOOKUP_SELECTED_FOR_SUPPLEMENTAL_NULL.csv,cognition_composite_score,NA,0.17191135805700833,5,0,FALSE,0.8848684210526315,0.8601973684210527,0.6842105263157895
TOMM6,0.07030380119233015,0.00849590844417909,0.5,outputs/supplemental_figures/audits/COGNITION_LOOKUP_SELECTED_FOR_SUPPLEMENTAL_NULL.csv,cognition_composite_score,NA,0.07030380119233015,4,0,FALSE,0.48026315789473684,0.4621710526315789,0.23190789473684212
TRIAP1,0.1265175011571634,0.01727985129248039,0,outputs/supplemental_figures/audits/COGNITION_LOOKUP_SELECTED_FOR_SUPPLEMENTAL_NULL.csv,cognition_composite_score,NA,0.1265175011571634,5,0,FALSE,0.7582236842105263,0.7302631578947368,0
TRMT1,0.09419539080854906,0.01330004236906954,0.5,outputs/supplemental_figures/audits/COGNITION_LOOKUP_SELECTED_FOR_SUPPLEMENTAL_NULL.csv,cognition_composite_score,NA,0.09419539080854906,4,0,FALSE,0.6118421052631579,0.6200657894736842,0.23190789473684212
TRMT10C,0.13240698666849882,0.01959944525619832,9.5,outputs/supplemental_figures/audits/COGNITION_LOOKUP_SELECTED_FOR_SUPPLEMENTAL_NULL.csv,cognition_composite_score,NA,0.13240698666849882,5,0,FALSE,0.7845394736842105,0.7944078947368421,0.875
TRMT5,0.0126944538628569,-0.00242085357741323,2.5,outputs/supplemental_figures/audits/COGNITION_LOOKUP_SELECTED_FOR_SUPPLEMENTAL_NULL.csv,cognition_composite_score,NA,0.0126944538628569,1,0,FALSE,0.23848684210526316,0.19736842105263158,0.6842105263157895
TRMT61B,0.04558089676036933,0.00199636052309552,0.5,outputs/supplemental_figures/audits/COGNITION_LOOKUP_SELECTED_FOR_SUPPLEMENTAL_NULL.csv,cognition_composite_score,NA,0.04558089676036933,3,0,FALSE,0.3717105263157895,0.2779605263157895,0.23190789473684212
TRNT1,0.01831490187149713,0.0015161618594115,0,outputs/supplemental_figures/audits/COGNITION_LOOKUP_SELECTED_FOR_SUPPLEMENTAL_NULL.csv,cognition_composite_score,NA,0.01831490187149713,2,0,FALSE,0.26480263157894735,0.2565789473684211,0
TSPO,-0.1851595293745943,-0.03608877769502226,0,outputs/supplemental_figures/audits/COGNITION_LOOKUP_SELECTED_FOR_SUPPLEMENTAL_NULL.csv,cognition_composite_score,NA,0.1851595293745943,5,0,FALSE,0.008223684210526315,0.006578947368421052,0
TSTD1,0.09606346946349,0.01269485420739235,0.5,outputs/supplemental_figures/audits/COGNITION_LOOKUP_SELECTED_FOR_SUPPLEMENTAL_NULL.csv,cognition_composite_score,NA,0.09606346946349,4,0,FALSE,0.6217105263157895,0.6052631578947368,0.23190789473684212
TTC19,0.17429731056114006,0.02221184923191012,5.5,outputs/supplemental_figures/audits/COGNITION_LOOKUP_SELECTED_FOR_SUPPLEMENTAL_NULL.csv,cognition_composite_score,NA,0.17429731056114006,5,0,FALSE,0.8914473684210527,0.8355263157894737,0.7845394736842105
TXN2,0.06879244280022621,0.01047055908292647,0.5,outputs/supplemental_figures/audits/COGNITION_LOOKUP_SELECTED_FOR_SUPPLEMENTAL_NULL.csv,cognition_composite_score,NA,0.06879244280022621,4,0,FALSE,0.4720394736842105,0.5345394736842105,0.23190789473684212
TXNRD1,-0.08493796681221845,-0.01290383698103877,0,outputs/supplemental_figures/audits/COGNITION_LOOKUP_SELECTED_FOR_SUPPLEMENTAL_NULL.csv,cognition_composite_score,NA,0.08493796681221845,4,0,FALSE,0.047697368421052634,0.07072368421052631,0
TXNRD2,0.06808934249588043,0.01058798396490336,0,outputs/supplemental_figures/audits/COGNITION_LOOKUP_SELECTED_FOR_SUPPLEMENTAL_NULL.csv,cognition_composite_score,NA,0.06808934249588043,4,0,FALSE,0.46875,0.5411184210526315,0
UNG,0.03209131621341163,-0.00124324058721843,1.5,outputs/supplemental_figures/audits/COGNITION_LOOKUP_SELECTED_FOR_SUPPLEMENTAL_NULL.csv,cognition_composite_score,NA,0.03209131621341163,2,0,FALSE,0.31743421052631576,0.21546052631578946,0.5986842105263158
UQCC1,0.04019583578007354,0.00587662081457637,0.5,outputs/supplemental_figures/audits/COGNITION_LOOKUP_SELECTED_FOR_SUPPLEMENTAL_NULL.csv,cognition_composite_score,NA,0.04019583578007354,3,0,FALSE,0.34868421052631576,0.3848684210526316,0.23190789473684212
UQCC2,0.00611937347235675,8.064602425552382e-4,0.5,outputs/supplemental_figures/audits/COGNITION_LOOKUP_SELECTED_FOR_SUPPLEMENTAL_NULL.csv,cognition_composite_score,NA,0.00611937347235675,1,0,FALSE,0.21217105263157895,0.24671052631578946,0.23190789473684212
UQCR10,0.21346135841591887,0.03421053962494051,2.5,outputs/supplemental_figures/audits/COGNITION_LOOKUP_SELECTED_FOR_SUPPLEMENTAL_NULL.csv,cognition_composite_score,NA,0.21346135841591887,5,0,FALSE,0.9671052631578947,0.9786184210526315,0.6842105263157895
UQCR11,0.21211819928329556,0.02960370858126691,0,outputs/supplemental_figures/audits/COGNITION_LOOKUP_SELECTED_FOR_SUPPLEMENTAL_NULL.csv,cognition_composite_score,NA,0.21211819928329556,5,0,FALSE,0.9605263157894737,0.9375,0
UQCRB,0.20962424191296453,0.03076886462591567,9.5,outputs/supplemental_figures/audits/COGNITION_LOOKUP_SELECTED_FOR_SUPPLEMENTAL_NULL.csv,cognition_composite_score,NA,0.20962424191296453,5,0,FALSE,0.9572368421052632,0.9490131578947368,0.875
UQCRH,0.18465450690757151,0.02884068635080706,1.5,outputs/supplemental_figures/audits/COGNITION_LOOKUP_SELECTED_FOR_SUPPLEMENTAL_NULL.csv,cognition_composite_score,NA,0.18465450690757151,5,0,FALSE,0.9194078947368421,0.930921052631579,0.5986842105263158
UQCRQ,0.21226422632704003,0.03455685429443329,12.5,outputs/supplemental_figures/audits/COGNITION_LOOKUP_SELECTED_FOR_SUPPLEMENTAL_NULL.csv,cognition_composite_score,NA,0.21226422632704003,5,0,FALSE,0.9638157894736842,0.9819078947368421,0.9342105263157895
USP30,-0.02844118344674109,-0.00848228647213473,0.5,outputs/supplemental_figures/audits/COGNITION_LOOKUP_SELECTED_FOR_SUPPLEMENTAL_NULL.csv,cognition_composite_score,NA,0.02844118344674109,2,0,FALSE,0.13651315789473684,0.12335526315789473,0.23190789473684212
VDAC1,0.17349062404709265,0.02640819384543181,0.5,outputs/supplemental_figures/audits/COGNITION_LOOKUP_SELECTED_FOR_SUPPLEMENTAL_NULL.csv,cognition_composite_score,NA,0.17349062404709265,5,0,FALSE,0.8898026315789473,0.8963815789473685,0.23190789473684212
VDAC2,0.1284629952972575,0.02092121080712137,0.5,outputs/supplemental_figures/audits/COGNITION_LOOKUP_SELECTED_FOR_SUPPLEMENTAL_NULL.csv,cognition_composite_score,NA,0.1284629952972575,5,0,FALSE,0.7697368421052632,0.8125,0.23190789473684212
VDAC3,0.10720705057068196,0.01757740675230306,0,outputs/supplemental_figures/audits/COGNITION_LOOKUP_SELECTED_FOR_SUPPLEMENTAL_NULL.csv,cognition_composite_score,NA,0.10720705057068196,5,0,FALSE,0.6710526315789473,0.7401315789473685,0
VPS13D,0.03085603720293446,0.00378216560529964,0.5,outputs/supplemental_figures/audits/COGNITION_LOOKUP_SELECTED_FOR_SUPPLEMENTAL_NULL.csv,cognition_composite_score,NA,0.03085603720293446,2,0,FALSE,0.3125,0.3256578947368421,0.23190789473684212
VWA8,0.05498397234233449,0.00539704701115972,0,outputs/supplemental_figures/audits/COGNITION_LOOKUP_SELECTED_FOR_SUPPLEMENTAL_NULL.csv,cognition_composite_score,NA,0.05498397234233449,3,0,FALSE,0.41118421052631576,0.37006578947368424,0
WARS2,0.05172820999466607,0.00314089227933389,3.5,outputs/supplemental_figures/audits/COGNITION_LOOKUP_SELECTED_FOR_SUPPLEMENTAL_NULL.csv,cognition_composite_score,NA,0.05172820999466607,3,0,FALSE,0.3963815789473684,0.30098684210526316,0.7532894736842105
YME1L1,0.10483197411124837,0.01385949476291103,0.5,outputs/supplemental_figures/audits/COGNITION_LOOKUP_SELECTED_FOR_SUPPLEMENTAL_NULL.csv,cognition_composite_score,NA,0.10483197411124837,5,0,FALSE,0.6595394736842105,0.6430921052631579,0.23190789473684212
YRDC,0.02118157286068382,0.00546704954625392,0,outputs/supplemental_figures/audits/COGNITION_LOOKUP_SELECTED_FOR_SUPPLEMENTAL_NULL.csv,cognition_composite_score,NA,0.02118157286068382,2,0,FALSE,0.2746710526315789,0.37335526315789475,0
