gene,cognition_composite_score,cognition_metric_source,cognition_component_source,n_cognition_components
AADAT,0.5,outputs/supplemental_figures/audits/COGNITION_LOOKUP_SELECTED_FOR_SUPPLEMENTAL_NULL.csv,cognition_composite_score,NA
AARS2,0.5,outputs/supplemental_figures/audits/COGNITION_LOOKUP_SELECTED_FOR_SUPPLEMENTAL_NULL.csv,cognition_composite_score,NA
AASS,0.5,outputs/supplemental_figures/audits/COGNITION_LOOKUP_SELECTED_FOR_SUPPLEMENTAL_NULL.csv,cognition_composite_score,NA
ABAT,0.5,outputs/supplemental_figures/audits/COGNITION_LOOKUP_SELECTED_FOR_SUPPLEMENTAL_NULL.csv,cognition_composite_score,NA
ABCB10,1,outputs/supplemental_figures/audits/COGNITION_LOOKUP_SELECTED_FOR_SUPPLEMENTAL_NULL.csv,cognition_composite_score,NA
ABCB6,0.5,outputs/supplemental_figures/audits/COGNITION_LOOKUP_SELECTED_FOR_SUPPLEMENTAL_NULL.csv,cognition_composite_score,NA
ABCB7,0,outputs/supplemental_figures/audits/COGNITION_LOOKUP_SELECTED_FOR_SUPPLEMENTAL_NULL.csv,cognition_composite_score,NA
ABCB8,0,outputs/supplemental_figures/audits/COGNITION_LOOKUP_SELECTED_FOR_SUPPLEMENTAL_NULL.csv,cognition_composite_score,NA
ABCD2,0.5,outputs/supplemental_figures/audits/COGNITION_LOOKUP_SELECTED_FOR_SUPPLEMENTAL_NULL.csv,cognition_composite_score,NA
ABCD3,0.5,outputs/supplemental_figures/audits/COGNITION_LOOKUP_SELECTED_FOR_SUPPLEMENTAL_NULL.csv,cognition_composite_score,NA
ABHD10,1.5,outputs/supplemental_figures/audits/COGNITION_LOOKUP_SELECTED_FOR_SUPPLEMENTAL_NULL.csv,cognition_composite_score,NA
ABHD11,9.5,outputs/supplemental_figures/audits/COGNITION_LOOKUP_SELECTED_FOR_SUPPLEMENTAL_NULL.csv,cognition_composite_score,NA
ACAA1,0,outputs/supplemental_figures/audits/COGNITION_LOOKUP_SELECTED_FOR_SUPPLEMENTAL_NULL.csv,cognition_composite_score,NA
ACAA2,0.5,outputs/supplemental_figures/audits/COGNITION_LOOKUP_SELECTED_FOR_SUPPLEMENTAL_NULL.csv,cognition_composite_score,NA
ACACA,0.5,outputs/supplemental_figures/audits/COGNITION_LOOKUP_SELECTED_FOR_SUPPLEMENTAL_NULL.csv,cognition_composite_score,NA
ACAD10,1.5,outputs/supplemental_figures/audits/COGNITION_LOOKUP_SELECTED_FOR_SUPPLEMENTAL_NULL.csv,cognition_composite_score,NA
ACAD11,0.5,outputs/supplemental_figures/audits/COGNITION_LOOKUP_SELECTED_FOR_SUPPLEMENTAL_NULL.csv,cognition_composite_score,NA
ACAD8,0.5,outputs/supplemental_figures/audits/COGNITION_LOOKUP_SELECTED_FOR_SUPPLEMENTAL_NULL.csv,cognition_composite_score,NA
ACAD9,1.5,outputs/supplemental_figures/audits/COGNITION_LOOKUP_SELECTED_FOR_SUPPLEMENTAL_NULL.csv,cognition_composite_score,NA
ACADM,2.5,outputs/supplemental_figures/audits/COGNITION_LOOKUP_SELECTED_FOR_SUPPLEMENTAL_NULL.csv,cognition_composite_score,NA
ACADS,0.5,outputs/supplemental_figures/audits/COGNITION_LOOKUP_SELECTED_FOR_SUPPLEMENTAL_NULL.csv,cognition_composite_score,NA
ACADSB,8.5,outputs/supplemental_figures/audits/COGNITION_LOOKUP_SELECTED_FOR_SUPPLEMENTAL_NULL.csv,cognition_composite_score,NA
ACADVL,8.5,outputs/supplemental_figures/audits/COGNITION_LOOKUP_SELECTED_FOR_SUPPLEMENTAL_NULL.csv,cognition_composite_score,NA
ACAT1,0,outputs/supplemental_figures/audits/COGNITION_LOOKUP_SELECTED_FOR_SUPPLEMENTAL_NULL.csv,cognition_composite_score,NA
ACLY,0.5,outputs/supplemental_figures/audits/COGNITION_LOOKUP_SELECTED_FOR_SUPPLEMENTAL_NULL.csv,cognition_composite_score,NA
ACO2,3.5,outputs/supplemental_figures/audits/COGNITION_LOOKUP_SELECTED_FOR_SUPPLEMENTAL_NULL.csv,cognition_composite_score,NA
ACOT11,0.5,outputs/supplemental_figures/audits/COGNITION_LOOKUP_SELECTED_FOR_SUPPLEMENTAL_NULL.csv,cognition_composite_score,NA
ACOT13,0.5,outputs/supplemental_figures/audits/COGNITION_LOOKUP_SELECTED_FOR_SUPPLEMENTAL_NULL.csv,cognition_composite_score,NA
ACOT7,0.5,outputs/supplemental_figures/audits/COGNITION_LOOKUP_SELECTED_FOR_SUPPLEMENTAL_NULL.csv,cognition_composite_score,NA
ACOT9,0.5,outputs/supplemental_figures/audits/COGNITION_LOOKUP_SELECTED_FOR_SUPPLEMENTAL_NULL.csv,cognition_composite_score,NA
ACP6,0,outputs/supplemental_figures/audits/COGNITION_LOOKUP_SELECTED_FOR_SUPPLEMENTAL_NULL.csv,cognition_composite_score,NA
ACSF2,3.5,outputs/supplemental_figures/audits/COGNITION_LOOKUP_SELECTED_FOR_SUPPLEMENTAL_NULL.csv,cognition_composite_score,NA
ACSF3,2.5,outputs/supplemental_figures/audits/COGNITION_LOOKUP_SELECTED_FOR_SUPPLEMENTAL_NULL.csv,cognition_composite_score,NA
ACSL1,0,outputs/supplemental_figures/audits/COGNITION_LOOKUP_SELECTED_FOR_SUPPLEMENTAL_NULL.csv,cognition_composite_score,NA
ACSL6,0.5,outputs/supplemental_figures/audits/COGNITION_LOOKUP_SELECTED_FOR_SUPPLEMENTAL_NULL.csv,cognition_composite_score,NA
ACSS1,0.5,outputs/supplemental_figures/audits/COGNITION_LOOKUP_SELECTED_FOR_SUPPLEMENTAL_NULL.csv,cognition_composite_score,NA
ACSS3,0,outputs/supplemental_figures/audits/COGNITION_LOOKUP_SELECTED_FOR_SUPPLEMENTAL_NULL.csv,cognition_composite_score,NA
ADCK1,1.5,outputs/supplemental_figures/audits/COGNITION_LOOKUP_SELECTED_FOR_SUPPLEMENTAL_NULL.csv,cognition_composite_score,NA
ADCK3,0,outputs/supplemental_figures/audits/COGNITION_LOOKUP_SELECTED_FOR_SUPPLEMENTAL_NULL.csv,cognition_composite_score,NA
ADCK4,0,outputs/supplemental_figures/audits/COGNITION_LOOKUP_SELECTED_FOR_SUPPLEMENTAL_NULL.csv,cognition_composite_score,NA
ADCK5,0,outputs/supplemental_figures/audits/COGNITION_LOOKUP_SELECTED_FOR_SUPPLEMENTAL_NULL.csv,cognition_composite_score,NA
ADHFE1,0,outputs/supplemental_figures/audits/COGNITION_LOOKUP_SELECTED_FOR_SUPPLEMENTAL_NULL.csv,cognition_composite_score,NA
AFG3L2,12.5,outputs/supplemental_figures/audits/COGNITION_LOOKUP_SELECTED_FOR_SUPPLEMENTAL_NULL.csv,cognition_composite_score,NA
AGK,5.5,outputs/supplemental_figures/audits/COGNITION_LOOKUP_SELECTED_FOR_SUPPLEMENTAL_NULL.csv,cognition_composite_score,NA
AGPAT4,0,outputs/supplemental_figures/audits/COGNITION_LOOKUP_SELECTED_FOR_SUPPLEMENTAL_NULL.csv,cognition_composite_score,NA
AGPAT5,0.5,outputs/supplemental_figures/audits/COGNITION_LOOKUP_SELECTED_FOR_SUPPLEMENTAL_NULL.csv,cognition_composite_score,NA
AHCYL1,12.5,outputs/supplemental_figures/audits/COGNITION_LOOKUP_SELECTED_FOR_SUPPLEMENTAL_NULL.csv,cognition_composite_score,NA
AIFM1,9.5,outputs/supplemental_figures/audits/COGNITION_LOOKUP_SELECTED_FOR_SUPPLEMENTAL_NULL.csv,cognition_composite_score,NA
AIFM2,0.5,outputs/supplemental_figures/audits/COGNITION_LOOKUP_SELECTED_FOR_SUPPLEMENTAL_NULL.csv,cognition_composite_score,NA
AIFM3,0,outputs/supplemental_figures/audits/COGNITION_LOOKUP_SELECTED_FOR_SUPPLEMENTAL_NULL.csv,cognition_composite_score,NA
AK2,0.5,outputs/supplemental_figures/audits/COGNITION_LOOKUP_SELECTED_FOR_SUPPLEMENTAL_NULL.csv,cognition_composite_score,NA
AK3,0.5,outputs/supplemental_figures/audits/COGNITION_LOOKUP_SELECTED_FOR_SUPPLEMENTAL_NULL.csv,cognition_composite_score,NA
AK4,0.5,outputs/supplemental_figures/audits/COGNITION_LOOKUP_SELECTED_FOR_SUPPLEMENTAL_NULL.csv,cognition_composite_score,NA
AKAP1,0.5,outputs/supplemental_figures/audits/COGNITION_LOOKUP_SELECTED_FOR_SUPPLEMENTAL_NULL.csv,cognition_composite_score,NA
AKAP10,0.5,outputs/supplemental_figures/audits/COGNITION_LOOKUP_SELECTED_FOR_SUPPLEMENTAL_NULL.csv,cognition_composite_score,NA
AKR7A2,0,outputs/supplemental_figures/audits/COGNITION_LOOKUP_SELECTED_FOR_SUPPLEMENTAL_NULL.csv,cognition_composite_score,NA
ALDH18A1,0.5,outputs/supplemental_figures/audits/COGNITION_LOOKUP_SELECTED_FOR_SUPPLEMENTAL_NULL.csv,cognition_composite_score,NA
ALDH1B1,0.5,outputs/supplemental_figures/audits/COGNITION_LOOKUP_SELECTED_FOR_SUPPLEMENTAL_NULL.csv,cognition_composite_score,NA
ALDH1L1,0.5,outputs/supplemental_figures/audits/COGNITION_LOOKUP_SELECTED_FOR_SUPPLEMENTAL_NULL.csv,cognition_composite_score,NA
ALDH1L2,0,outputs/supplemental_figures/audits/COGNITION_LOOKUP_SELECTED_FOR_SUPPLEMENTAL_NULL.csv,cognition_composite_score,NA
ALDH2,0.5,outputs/supplemental_figures/audits/COGNITION_LOOKUP_SELECTED_FOR_SUPPLEMENTAL_NULL.csv,cognition_composite_score,NA
ALDH3A2,0,outputs/supplemental_figures/audits/COGNITION_LOOKUP_SELECTED_FOR_SUPPLEMENTAL_NULL.csv,cognition_composite_score,NA
ALDH4A1,9.5,outputs/supplemental_figures/audits/COGNITION_LOOKUP_SELECTED_FOR_SUPPLEMENTAL_NULL.csv,cognition_composite_score,NA
ALDH5A1,1.5,outputs/supplemental_figures/audits/COGNITION_LOOKUP_SELECTED_FOR_SUPPLEMENTAL_NULL.csv,cognition_composite_score,NA
ALDH6A1,0.5,outputs/supplemental_figures/audits/COGNITION_LOOKUP_SELECTED_FOR_SUPPLEMENTAL_NULL.csv,cognition_composite_score,NA
ALDH7A1,0,outputs/supplemental_figures/audits/COGNITION_LOOKUP_SELECTED_FOR_SUPPLEMENTAL_NULL.csv,cognition_composite_score,NA
ALDH9A1,0,outputs/supplemental_figures/audits/COGNITION_LOOKUP_SELECTED_FOR_SUPPLEMENTAL_NULL.csv,cognition_composite_score,NA
ALKBH7,0.5,outputs/supplemental_figures/audits/COGNITION_LOOKUP_SELECTED_FOR_SUPPLEMENTAL_NULL.csv,cognition_composite_score,NA
ALYREF,0,outputs/supplemental_figures/audits/COGNITION_LOOKUP_SELECTED_FOR_SUPPLEMENTAL_NULL.csv,cognition_composite_score,NA
AMACR,0.5,outputs/supplemental_figures/audits/COGNITION_LOOKUP_SELECTED_FOR_SUPPLEMENTAL_NULL.csv,cognition_composite_score,NA
AMT,0,outputs/supplemental_figures/audits/COGNITION_LOOKUP_SELECTED_FOR_SUPPLEMENTAL_NULL.csv,cognition_composite_score,NA
ANGEL2,0,outputs/supplemental_figures/audits/COGNITION_LOOKUP_SELECTED_FOR_SUPPLEMENTAL_NULL.csv,cognition_composite_score,NA
APEX1,0,outputs/supplemental_figures/audits/COGNITION_LOOKUP_SELECTED_FOR_SUPPLEMENTAL_NULL.csv,cognition_composite_score,NA
APOO,6.5,outputs/supplemental_figures/audits/COGNITION_LOOKUP_SELECTED_FOR_SUPPLEMENTAL_NULL.csv,cognition_composite_score,NA
APOOL,6.5,outputs/supplemental_figures/audits/COGNITION_LOOKUP_SELECTED_FOR_SUPPLEMENTAL_NULL.csv,cognition_composite_score,NA
ARF5,0.5,outputs/supplemental_figures/audits/COGNITION_LOOKUP_SELECTED_FOR_SUPPLEMENTAL_NULL.csv,cognition_composite_score,NA
ARG2,0,outputs/supplemental_figures/audits/COGNITION_LOOKUP_SELECTED_FOR_SUPPLEMENTAL_NULL.csv,cognition_composite_score,NA
ARL2,0.5,outputs/supplemental_figures/audits/COGNITION_LOOKUP_SELECTED_FOR_SUPPLEMENTAL_NULL.csv,cognition_composite_score,NA
ARMC10,2.5,outputs/supplemental_figures/audits/COGNITION_LOOKUP_SELECTED_FOR_SUPPLEMENTAL_NULL.csv,cognition_composite_score,NA
ARMCX1,1.5,outputs/supplemental_figures/audits/COGNITION_LOOKUP_SELECTED_FOR_SUPPLEMENTAL_NULL.csv,cognition_composite_score,NA
ARMCX2,0.5,outputs/supplemental_figures/audits/COGNITION_LOOKUP_SELECTED_FOR_SUPPLEMENTAL_NULL.csv,cognition_composite_score,NA
ARMCX3,8.5,outputs/supplemental_figures/audits/COGNITION_LOOKUP_SELECTED_FOR_SUPPLEMENTAL_NULL.csv,cognition_composite_score,NA
ATAD1,12.5,outputs/supplemental_figures/audits/COGNITION_LOOKUP_SELECTED_FOR_SUPPLEMENTAL_NULL.csv,cognition_composite_score,NA
ATAD3A,12.5,outputs/supplemental_figures/audits/COGNITION_LOOKUP_SELECTED_FOR_SUPPLEMENTAL_NULL.csv,cognition_composite_score,NA
ATP5D,12.5,outputs/supplemental_figures/audits/COGNITION_LOOKUP_SELECTED_FOR_SUPPLEMENTAL_NULL.csv,cognition_composite_score,NA
ATP5F1,0.5,outputs/supplemental_figures/audits/COGNITION_LOOKUP_SELECTED_FOR_SUPPLEMENTAL_NULL.csv,cognition_composite_score,NA
ATP5F1A,3.5,outputs/supplemental_figures/audits/COGNITION_LOOKUP_SELECTED_FOR_SUPPLEMENTAL_NULL.csv,cognition_composite_score,NA
ATP5F1B,0.5,outputs/supplemental_figures/audits/COGNITION_LOOKUP_SELECTED_FOR_SUPPLEMENTAL_NULL.csv,cognition_composite_score,NA
ATP5F1C,0.5,outputs/supplemental_figures/audits/COGNITION_LOOKUP_SELECTED_FOR_SUPPLEMENTAL_NULL.csv,cognition_composite_score,NA
ATP5H,9.5,outputs/supplemental_figures/audits/COGNITION_LOOKUP_SELECTED_FOR_SUPPLEMENTAL_NULL.csv,cognition_composite_score,NA
ATP5J2-PTCD1,0,outputs/supplemental_figures/audits/COGNITION_LOOKUP_SELECTED_FOR_SUPPLEMENTAL_NULL.csv,cognition_composite_score,NA
ATP5L,6.5,outputs/supplemental_figures/audits/COGNITION_LOOKUP_SELECTED_FOR_SUPPLEMENTAL_NULL.csv,cognition_composite_score,NA
ATP5O,9.5,outputs/supplemental_figures/audits/COGNITION_LOOKUP_SELECTED_FOR_SUPPLEMENTAL_NULL.csv,cognition_composite_score,NA
ATPAF1,3.5,outputs/supplemental_figures/audits/COGNITION_LOOKUP_SELECTED_FOR_SUPPLEMENTAL_NULL.csv,cognition_composite_score,NA
ATPAF2,0.5,outputs/supplemental_figures/audits/COGNITION_LOOKUP_SELECTED_FOR_SUPPLEMENTAL_NULL.csv,cognition_composite_score,NA
AUH,6.5,outputs/supplemental_figures/audits/COGNITION_LOOKUP_SELECTED_FOR_SUPPLEMENTAL_NULL.csv,cognition_composite_score,NA
AURKAIP1,0.5,outputs/supplemental_figures/audits/COGNITION_LOOKUP_SELECTED_FOR_SUPPLEMENTAL_NULL.csv,cognition_composite_score,NA
BAD,0,outputs/supplemental_figures/audits/COGNITION_LOOKUP_SELECTED_FOR_SUPPLEMENTAL_NULL.csv,cognition_composite_score,NA
BAX,0,outputs/supplemental_figures/audits/COGNITION_LOOKUP_SELECTED_FOR_SUPPLEMENTAL_NULL.csv,cognition_composite_score,NA
BCAT2,0.5,outputs/supplemental_figures/audits/COGNITION_LOOKUP_SELECTED_FOR_SUPPLEMENTAL_NULL.csv,cognition_composite_score,NA
BCKDHB,12.5,outputs/supplemental_figures/audits/COGNITION_LOOKUP_SELECTED_FOR_SUPPLEMENTAL_NULL.csv,cognition_composite_score,NA
BCKDK,0.5,outputs/supplemental_figures/audits/COGNITION_LOOKUP_SELECTED_FOR_SUPPLEMENTAL_NULL.csv,cognition_composite_score,NA
BCL2L1,0,outputs/supplemental_figures/audits/COGNITION_LOOKUP_SELECTED_FOR_SUPPLEMENTAL_NULL.csv,cognition_composite_score,NA
BCL2L13,1.5,outputs/supplemental_figures/audits/COGNITION_LOOKUP_SELECTED_FOR_SUPPLEMENTAL_NULL.csv,cognition_composite_score,NA
BCL2L2,9.5,outputs/supplemental_figures/audits/COGNITION_LOOKUP_SELECTED_FOR_SUPPLEMENTAL_NULL.csv,cognition_composite_score,NA
BCS1L,3.5,outputs/supplemental_figures/audits/COGNITION_LOOKUP_SELECTED_FOR_SUPPLEMENTAL_NULL.csv,cognition_composite_score,NA
BDH1,12.5,outputs/supplemental_figures/audits/COGNITION_LOOKUP_SELECTED_FOR_SUPPLEMENTAL_NULL.csv,cognition_composite_score,NA
BID,0,outputs/supplemental_figures/audits/COGNITION_LOOKUP_SELECTED_FOR_SUPPLEMENTAL_NULL.csv,cognition_composite_score,NA
BLOC1S1,0,outputs/supplemental_figures/audits/COGNITION_LOOKUP_SELECTED_FOR_SUPPLEMENTAL_NULL.csv,cognition_composite_score,NA
BNIP3,3.5,outputs/supplemental_figures/audits/COGNITION_LOOKUP_SELECTED_FOR_SUPPLEMENTAL_NULL.csv,cognition_composite_score,NA
BNIP3L,6.5,outputs/supplemental_figures/audits/COGNITION_LOOKUP_SELECTED_FOR_SUPPLEMENTAL_NULL.csv,cognition_composite_score,NA
BOLA1,5.5,outputs/supplemental_figures/audits/COGNITION_LOOKUP_SELECTED_FOR_SUPPLEMENTAL_NULL.csv,cognition_composite_score,NA
BOLA3,9.5,outputs/supplemental_figures/audits/COGNITION_LOOKUP_SELECTED_FOR_SUPPLEMENTAL_NULL.csv,cognition_composite_score,NA
BPHL,0.5,outputs/supplemental_figures/audits/COGNITION_LOOKUP_SELECTED_FOR_SUPPLEMENTAL_NULL.csv,cognition_composite_score,NA
C15ORF61,2.5,outputs/supplemental_figures/audits/COGNITION_LOOKUP_SELECTED_FOR_SUPPLEMENTAL_NULL.csv,cognition_composite_score,NA
C16ORF91,0,outputs/supplemental_figures/audits/COGNITION_LOOKUP_SELECTED_FOR_SUPPLEMENTAL_NULL.csv,cognition_composite_score,NA
C1QBP,0.5,outputs/supplemental_figures/audits/COGNITION_LOOKUP_SELECTED_FOR_SUPPLEMENTAL_NULL.csv,cognition_composite_score,NA
C2ORF69,0.5,outputs/supplemental_figures/audits/COGNITION_LOOKUP_SELECTED_FOR_SUPPLEMENTAL_NULL.csv,cognition_composite_score,NA
C3ORF33,1.5,outputs/supplemental_figures/audits/COGNITION_LOOKUP_SELECTED_FOR_SUPPLEMENTAL_NULL.csv,cognition_composite_score,NA
C6ORF136,6.5,outputs/supplemental_figures/audits/COGNITION_LOOKUP_SELECTED_FOR_SUPPLEMENTAL_NULL.csv,cognition_composite_score,NA
C8ORF82,0.5,outputs/supplemental_figures/audits/COGNITION_LOOKUP_SELECTED_FOR_SUPPLEMENTAL_NULL.csv,cognition_composite_score,NA
CA5B,0,outputs/supplemental_figures/audits/COGNITION_LOOKUP_SELECTED_FOR_SUPPLEMENTAL_NULL.csv,cognition_composite_score,NA
CARS2,0.5,outputs/supplemental_figures/audits/COGNITION_LOOKUP_SELECTED_FOR_SUPPLEMENTAL_NULL.csv,cognition_composite_score,NA
CASP3,0.5,outputs/supplemental_figures/audits/COGNITION_LOOKUP_SELECTED_FOR_SUPPLEMENTAL_NULL.csv,cognition_composite_score,NA
CASP9,0.5,outputs/supplemental_figures/audits/COGNITION_LOOKUP_SELECTED_FOR_SUPPLEMENTAL_NULL.csv,cognition_composite_score,NA
CAT,0,outputs/supplemental_figures/audits/COGNITION_LOOKUP_SELECTED_FOR_SUPPLEMENTAL_NULL.csv,cognition_composite_score,NA
CBR3,0,outputs/supplemental_figures/audits/COGNITION_LOOKUP_SELECTED_FOR_SUPPLEMENTAL_NULL.csv,cognition_composite_score,NA
CBR4,0.5,outputs/supplemental_figures/audits/COGNITION_LOOKUP_SELECTED_FOR_SUPPLEMENTAL_NULL.csv,cognition_composite_score,NA
CCDC127,1.5,outputs/supplemental_figures/audits/COGNITION_LOOKUP_SELECTED_FOR_SUPPLEMENTAL_NULL.csv,cognition_composite_score,NA
CCDC51,0,outputs/supplemental_figures/audits/COGNITION_LOOKUP_SELECTED_FOR_SUPPLEMENTAL_NULL.csv,cognition_composite_score,NA
CCDC58,0.5,outputs/supplemental_figures/audits/COGNITION_LOOKUP_SELECTED_FOR_SUPPLEMENTAL_NULL.csv,cognition_composite_score,NA
CCDC90B,0,outputs/supplemental_figures/audits/COGNITION_LOOKUP_SELECTED_FOR_SUPPLEMENTAL_NULL.csv,cognition_composite_score,NA
CCT3,0,outputs/supplemental_figures/audits/COGNITION_LOOKUP_SELECTED_FOR_SUPPLEMENTAL_NULL.csv,cognition_composite_score,NA
CCT6A,0,outputs/supplemental_figures/audits/COGNITION_LOOKUP_SELECTED_FOR_SUPPLEMENTAL_NULL.csv,cognition_composite_score,NA
CECR5,0.5,outputs/supplemental_figures/audits/COGNITION_LOOKUP_SELECTED_FOR_SUPPLEMENTAL_NULL.csv,cognition_composite_score,NA
CHCHD1,0.5,outputs/supplemental_figures/audits/COGNITION_LOOKUP_SELECTED_FOR_SUPPLEMENTAL_NULL.csv,cognition_composite_score,NA
CHCHD10,0,outputs/supplemental_figures/audits/COGNITION_LOOKUP_SELECTED_FOR_SUPPLEMENTAL_NULL.csv,cognition_composite_score,NA
CHCHD2,0.5,outputs/supplemental_figures/audits/COGNITION_LOOKUP_SELECTED_FOR_SUPPLEMENTAL_NULL.csv,cognition_composite_score,NA
CHCHD3,5.5,outputs/supplemental_figures/audits/COGNITION_LOOKUP_SELECTED_FOR_SUPPLEMENTAL_NULL.csv,cognition_composite_score,NA
CHCHD4,5.5,outputs/supplemental_figures/audits/COGNITION_LOOKUP_SELECTED_FOR_SUPPLEMENTAL_NULL.csv,cognition_composite_score,NA
CHCHD5,0,outputs/supplemental_figures/audits/COGNITION_LOOKUP_SELECTED_FOR_SUPPLEMENTAL_NULL.csv,cognition_composite_score,NA
CHCHD6,0.5,outputs/supplemental_figures/audits/COGNITION_LOOKUP_SELECTED_FOR_SUPPLEMENTAL_NULL.csv,cognition_composite_score,NA
CHCHD7,0,outputs/supplemental_figures/audits/COGNITION_LOOKUP_SELECTED_FOR_SUPPLEMENTAL_NULL.csv,cognition_composite_score,NA
CHDH,0.5,outputs/supplemental_figures/audits/COGNITION_LOOKUP_SELECTED_FOR_SUPPLEMENTAL_NULL.csv,cognition_composite_score,NA
CISD1,0.5,outputs/supplemental_figures/audits/COGNITION_LOOKUP_SELECTED_FOR_SUPPLEMENTAL_NULL.csv,cognition_composite_score,NA
CISD3,1.5,outputs/supplemental_figures/audits/COGNITION_LOOKUP_SELECTED_FOR_SUPPLEMENTAL_NULL.csv,cognition_composite_score,NA
CKMT1A,0,outputs/supplemental_figures/audits/COGNITION_LOOKUP_SELECTED_FOR_SUPPLEMENTAL_NULL.csv,cognition_composite_score,NA
CKMT2,0,outputs/supplemental_figures/audits/COGNITION_LOOKUP_SELECTED_FOR_SUPPLEMENTAL_NULL.csv,cognition_composite_score,NA
CLPB,6.5,outputs/supplemental_figures/audits/COGNITION_LOOKUP_SELECTED_FOR_SUPPLEMENTAL_NULL.csv,cognition_composite_score,NA
CLPP,0,outputs/supplemental_figures/audits/COGNITION_LOOKUP_SELECTED_FOR_SUPPLEMENTAL_NULL.csv,cognition_composite_score,NA
CLPX,0.5,outputs/supplemental_figures/audits/COGNITION_LOOKUP_SELECTED_FOR_SUPPLEMENTAL_NULL.csv,cognition_composite_score,NA
CLYBL,2.5,outputs/supplemental_figures/audits/COGNITION_LOOKUP_SELECTED_FOR_SUPPLEMENTAL_NULL.csv,cognition_composite_score,NA
CMC1,1.5,outputs/supplemental_figures/audits/COGNITION_LOOKUP_SELECTED_FOR_SUPPLEMENTAL_NULL.csv,cognition_composite_score,NA
CMC2,2.5,outputs/supplemental_figures/audits/COGNITION_LOOKUP_SELECTED_FOR_SUPPLEMENTAL_NULL.csv,cognition_composite_score,NA
CMC4,0,outputs/supplemental_figures/audits/COGNITION_LOOKUP_SELECTED_FOR_SUPPLEMENTAL_NULL.csv,cognition_composite_score,NA
CMPK2,0,outputs/supplemental_figures/audits/COGNITION_LOOKUP_SELECTED_FOR_SUPPLEMENTAL_NULL.csv,cognition_composite_score,NA
CNP,0,outputs/supplemental_figures/audits/COGNITION_LOOKUP_SELECTED_FOR_SUPPLEMENTAL_NULL.csv,cognition_composite_score,NA
COA1,12.5,outputs/supplemental_figures/audits/COGNITION_LOOKUP_SELECTED_FOR_SUPPLEMENTAL_NULL.csv,cognition_composite_score,NA
COA3,0.5,outputs/supplemental_figures/audits/COGNITION_LOOKUP_SELECTED_FOR_SUPPLEMENTAL_NULL.csv,cognition_composite_score,NA
COA4,0,outputs/supplemental_figures/audits/COGNITION_LOOKUP_SELECTED_FOR_SUPPLEMENTAL_NULL.csv,cognition_composite_score,NA
COA5,0.5,outputs/supplemental_figures/audits/COGNITION_LOOKUP_SELECTED_FOR_SUPPLEMENTAL_NULL.csv,cognition_composite_score,NA
COA6,2.5,outputs/supplemental_figures/audits/COGNITION_LOOKUP_SELECTED_FOR_SUPPLEMENTAL_NULL.csv,cognition_composite_score,NA
COA7,1.5,outputs/supplemental_figures/audits/COGNITION_LOOKUP_SELECTED_FOR_SUPPLEMENTAL_NULL.csv,cognition_composite_score,NA
COASY,0.5,outputs/supplemental_figures/audits/COGNITION_LOOKUP_SELECTED_FOR_SUPPLEMENTAL_NULL.csv,cognition_composite_score,NA
COMT,0,outputs/supplemental_figures/audits/COGNITION_LOOKUP_SELECTED_FOR_SUPPLEMENTAL_NULL.csv,cognition_composite_score,NA
COMTD1,0,outputs/supplemental_figures/audits/COGNITION_LOOKUP_SELECTED_FOR_SUPPLEMENTAL_NULL.csv,cognition_composite_score,NA
COQ10A,2.5,outputs/supplemental_figures/audits/COGNITION_LOOKUP_SELECTED_FOR_SUPPLEMENTAL_NULL.csv,cognition_composite_score,NA
COQ10B,0.5,outputs/supplemental_figures/audits/COGNITION_LOOKUP_SELECTED_FOR_SUPPLEMENTAL_NULL.csv,cognition_composite_score,NA
COQ3,6.5,outputs/supplemental_figures/audits/COGNITION_LOOKUP_SELECTED_FOR_SUPPLEMENTAL_NULL.csv,cognition_composite_score,NA
COQ5,0.5,outputs/supplemental_figures/audits/COGNITION_LOOKUP_SELECTED_FOR_SUPPLEMENTAL_NULL.csv,cognition_composite_score,NA
COQ6,0.5,outputs/supplemental_figures/audits/COGNITION_LOOKUP_SELECTED_FOR_SUPPLEMENTAL_NULL.csv,cognition_composite_score,NA
COQ7,0.5,outputs/supplemental_figures/audits/COGNITION_LOOKUP_SELECTED_FOR_SUPPLEMENTAL_NULL.csv,cognition_composite_score,NA
COQ9,9.5,outputs/supplemental_figures/audits/COGNITION_LOOKUP_SELECTED_FOR_SUPPLEMENTAL_NULL.csv,cognition_composite_score,NA
COX11,8.5,outputs/supplemental_figures/audits/COGNITION_LOOKUP_SELECTED_FOR_SUPPLEMENTAL_NULL.csv,cognition_composite_score,NA
COX14,0.5,outputs/supplemental_figures/audits/COGNITION_LOOKUP_SELECTED_FOR_SUPPLEMENTAL_NULL.csv,cognition_composite_score,NA
COX15,0,outputs/supplemental_figures/audits/COGNITION_LOOKUP_SELECTED_FOR_SUPPLEMENTAL_NULL.csv,cognition_composite_score,NA
COX17,0,outputs/supplemental_figures/audits/COGNITION_LOOKUP_SELECTED_FOR_SUPPLEMENTAL_NULL.csv,cognition_composite_score,NA
COX18,5.5,outputs/supplemental_figures/audits/COGNITION_LOOKUP_SELECTED_FOR_SUPPLEMENTAL_NULL.csv,cognition_composite_score,NA
COX19,5.5,outputs/supplemental_figures/audits/COGNITION_LOOKUP_SELECTED_FOR_SUPPLEMENTAL_NULL.csv,cognition_composite_score,NA
COX20,0,outputs/supplemental_figures/audits/COGNITION_LOOKUP_SELECTED_FOR_SUPPLEMENTAL_NULL.csv,cognition_composite_score,NA
COX4I1,9.5,outputs/supplemental_figures/audits/COGNITION_LOOKUP_SELECTED_FOR_SUPPLEMENTAL_NULL.csv,cognition_composite_score,NA
COX5A,2.5,outputs/supplemental_figures/audits/COGNITION_LOOKUP_SELECTED_FOR_SUPPLEMENTAL_NULL.csv,cognition_composite_score,NA
COX5B,12.5,outputs/supplemental_figures/audits/COGNITION_LOOKUP_SELECTED_FOR_SUPPLEMENTAL_NULL.csv,cognition_composite_score,NA
COX6A1,0,outputs/supplemental_figures/audits/COGNITION_LOOKUP_SELECTED_FOR_SUPPLEMENTAL_NULL.csv,cognition_composite_score,NA
COX6B1,6.5,outputs/supplemental_figures/audits/COGNITION_LOOKUP_SELECTED_FOR_SUPPLEMENTAL_NULL.csv,cognition_composite_score,NA
COX6C,1.5,outputs/supplemental_figures/audits/COGNITION_LOOKUP_SELECTED_FOR_SUPPLEMENTAL_NULL.csv,cognition_composite_score,NA
COX7A1,0.5,outputs/supplemental_figures/audits/COGNITION_LOOKUP_SELECTED_FOR_SUPPLEMENTAL_NULL.csv,cognition_composite_score,NA
COX7A2,0.5,outputs/supplemental_figures/audits/COGNITION_LOOKUP_SELECTED_FOR_SUPPLEMENTAL_NULL.csv,cognition_composite_score,NA
COX7A2L,12.5,outputs/supplemental_figures/audits/COGNITION_LOOKUP_SELECTED_FOR_SUPPLEMENTAL_NULL.csv,cognition_composite_score,NA
COX7B,0.5,outputs/supplemental_figures/audits/COGNITION_LOOKUP_SELECTED_FOR_SUPPLEMENTAL_NULL.csv,cognition_composite_score,NA
COX7C,6.5,outputs/supplemental_figures/audits/COGNITION_LOOKUP_SELECTED_FOR_SUPPLEMENTAL_NULL.csv,cognition_composite_score,NA
CPOX,1.5,outputs/supplemental_figures/audits/COGNITION_LOOKUP_SELECTED_FOR_SUPPLEMENTAL_NULL.csv,cognition_composite_score,NA
CPS1,0,outputs/supplemental_figures/audits/COGNITION_LOOKUP_SELECTED_FOR_SUPPLEMENTAL_NULL.csv,cognition_composite_score,NA
CPT1A,6.5,outputs/supplemental_figures/audits/COGNITION_LOOKUP_SELECTED_FOR_SUPPLEMENTAL_NULL.csv,cognition_composite_score,NA
CPT1C,0,outputs/supplemental_figures/audits/COGNITION_LOOKUP_SELECTED_FOR_SUPPLEMENTAL_NULL.csv,cognition_composite_score,NA
CPT2,3.5,outputs/supplemental_figures/audits/COGNITION_LOOKUP_SELECTED_FOR_SUPPLEMENTAL_NULL.csv,cognition_composite_score,NA
CRAT,9.5,outputs/supplemental_figures/audits/COGNITION_LOOKUP_SELECTED_FOR_SUPPLEMENTAL_NULL.csv,cognition_composite_score,NA
CROT,12.5,outputs/supplemental_figures/audits/COGNITION_LOOKUP_SELECTED_FOR_SUPPLEMENTAL_NULL.csv,cognition_composite_score,NA
CRYZ,0,outputs/supplemental_figures/audits/COGNITION_LOOKUP_SELECTED_FOR_SUPPLEMENTAL_NULL.csv,cognition_composite_score,NA
CS,12.5,outputs/supplemental_figures/audits/COGNITION_LOOKUP_SELECTED_FOR_SUPPLEMENTAL_NULL.csv,cognition_composite_score,NA
CYB5B,0,outputs/supplemental_figures/audits/COGNITION_LOOKUP_SELECTED_FOR_SUPPLEMENTAL_NULL.csv,cognition_composite_score,NA
CYB5R3,0.5,outputs/supplemental_figures/audits/COGNITION_LOOKUP_SELECTED_FOR_SUPPLEMENTAL_NULL.csv,cognition_composite_score,NA
CYC1,9.5,outputs/supplemental_figures/audits/COGNITION_LOOKUP_SELECTED_FOR_SUPPLEMENTAL_NULL.csv,cognition_composite_score,NA
CYCS,2.5,outputs/supplemental_figures/audits/COGNITION_LOOKUP_SELECTED_FOR_SUPPLEMENTAL_NULL.csv,cognition_composite_score,NA
CYP27A1,0,outputs/supplemental_figures/audits/COGNITION_LOOKUP_SELECTED_FOR_SUPPLEMENTAL_NULL.csv,cognition_composite_score,NA
D2HGDH,0.5,outputs/supplemental_figures/audits/COGNITION_LOOKUP_SELECTED_FOR_SUPPLEMENTAL_NULL.csv,cognition_composite_score,NA
DAP3,9.5,outputs/supplemental_figures/audits/COGNITION_LOOKUP_SELECTED_FOR_SUPPLEMENTAL_NULL.csv,cognition_composite_score,NA
DARS2,0.5,outputs/supplemental_figures/audits/COGNITION_LOOKUP_SELECTED_FOR_SUPPLEMENTAL_NULL.csv,cognition_composite_score,NA
DBI,0,outputs/supplemental_figures/audits/COGNITION_LOOKUP_SELECTED_FOR_SUPPLEMENTAL_NULL.csv,cognition_composite_score,NA
DBT,6.5,outputs/supplemental_figures/audits/COGNITION_LOOKUP_SELECTED_FOR_SUPPLEMENTAL_NULL.csv,cognition_composite_score,NA
DCAKD,0.5,outputs/supplemental_figures/audits/COGNITION_LOOKUP_SELECTED_FOR_SUPPLEMENTAL_NULL.csv,cognition_composite_score,NA
DCXR,0.5,outputs/supplemental_figures/audits/COGNITION_LOOKUP_SELECTED_FOR_SUPPLEMENTAL_NULL.csv,cognition_composite_score,NA
DDX28,0.5,outputs/supplemental_figures/audits/COGNITION_LOOKUP_SELECTED_FOR_SUPPLEMENTAL_NULL.csv,cognition_composite_score,NA
DECR1,5.5,outputs/supplemental_figures/audits/COGNITION_LOOKUP_SELECTED_FOR_SUPPLEMENTAL_NULL.csv,cognition_composite_score,NA
DGUOK,0.5,outputs/supplemental_figures/audits/COGNITION_LOOKUP_SELECTED_FOR_SUPPLEMENTAL_NULL.csv,cognition_composite_score,NA
DHODH,0,outputs/supplemental_figures/audits/COGNITION_LOOKUP_SELECTED_FOR_SUPPLEMENTAL_NULL.csv,cognition_composite_score,NA
DHRS1,0.5,outputs/supplemental_figures/audits/COGNITION_LOOKUP_SELECTED_FOR_SUPPLEMENTAL_NULL.csv,cognition_composite_score,NA
DHRS4,2.5,outputs/supplemental_figures/audits/COGNITION_LOOKUP_SELECTED_FOR_SUPPLEMENTAL_NULL.csv,cognition_composite_score,NA
DHRS7B,8.5,outputs/supplemental_figures/audits/COGNITION_LOOKUP_SELECTED_FOR_SUPPLEMENTAL_NULL.csv,cognition_composite_score,NA
DHTKD1,0.5,outputs/supplemental_figures/audits/COGNITION_LOOKUP_SELECTED_FOR_SUPPLEMENTAL_NULL.csv,cognition_composite_score,NA
DHX30,0.5,outputs/supplemental_figures/audits/COGNITION_LOOKUP_SELECTED_FOR_SUPPLEMENTAL_NULL.csv,cognition_composite_score,NA
DIABLO,2.5,outputs/supplemental_figures/audits/COGNITION_LOOKUP_SELECTED_FOR_SUPPLEMENTAL_NULL.csv,cognition_composite_score,NA
DLAT,12.5,outputs/supplemental_figures/audits/COGNITION_LOOKUP_SELECTED_FOR_SUPPLEMENTAL_NULL.csv,cognition_composite_score,NA
DLD,12.5,outputs/supplemental_figures/audits/COGNITION_LOOKUP_SELECTED_FOR_SUPPLEMENTAL_NULL.csv,cognition_composite_score,NA
DLST,9.5,outputs/supplemental_figures/audits/COGNITION_LOOKUP_SELECTED_FOR_SUPPLEMENTAL_NULL.csv,cognition_composite_score,NA
DNAJA3,1.5,outputs/supplemental_figures/audits/COGNITION_LOOKUP_SELECTED_FOR_SUPPLEMENTAL_NULL.csv,cognition_composite_score,NA
DNAJC11,1.5,outputs/supplemental_figures/audits/COGNITION_LOOKUP_SELECTED_FOR_SUPPLEMENTAL_NULL.csv,cognition_composite_score,NA
DNAJC19,4.5,outputs/supplemental_figures/audits/COGNITION_LOOKUP_SELECTED_FOR_SUPPLEMENTAL_NULL.csv,cognition_composite_score,NA
DNAJC28,0.5,outputs/supplemental_figures/audits/COGNITION_LOOKUP_SELECTED_FOR_SUPPLEMENTAL_NULL.csv,cognition_composite_score,NA
DNAJC30,0.5,outputs/supplemental_figures/audits/COGNITION_LOOKUP_SELECTED_FOR_SUPPLEMENTAL_NULL.csv,cognition_composite_score,NA
DNLZ,0.5,outputs/supplemental_figures/audits/COGNITION_LOOKUP_SELECTED_FOR_SUPPLEMENTAL_NULL.csv,cognition_composite_score,NA
DNM1L,0.5,outputs/supplemental_figures/audits/COGNITION_LOOKUP_SELECTED_FOR_SUPPLEMENTAL_NULL.csv,cognition_composite_score,NA
DTYMK,0,outputs/supplemental_figures/audits/COGNITION_LOOKUP_SELECTED_FOR_SUPPLEMENTAL_NULL.csv,cognition_composite_score,NA
DUS2,0.5,outputs/supplemental_figures/audits/COGNITION_LOOKUP_SELECTED_FOR_SUPPLEMENTAL_NULL.csv,cognition_composite_score,NA
DUT,0,outputs/supplemental_figures/audits/COGNITION_LOOKUP_SELECTED_FOR_SUPPLEMENTAL_NULL.csv,cognition_composite_score,NA
EARS2,0.5,outputs/supplemental_figures/audits/COGNITION_LOOKUP_SELECTED_FOR_SUPPLEMENTAL_NULL.csv,cognition_composite_score,NA
ECH1,0.5,outputs/supplemental_figures/audits/COGNITION_LOOKUP_SELECTED_FOR_SUPPLEMENTAL_NULL.csv,cognition_composite_score,NA
ECHDC1,0.5,outputs/supplemental_figures/audits/COGNITION_LOOKUP_SELECTED_FOR_SUPPLEMENTAL_NULL.csv,cognition_composite_score,NA
ECHDC2,0.5,outputs/supplemental_figures/audits/COGNITION_LOOKUP_SELECTED_FOR_SUPPLEMENTAL_NULL.csv,cognition_composite_score,NA
ECHS1,9.5,outputs/supplemental_figures/audits/COGNITION_LOOKUP_SELECTED_FOR_SUPPLEMENTAL_NULL.csv,cognition_composite_score,NA
ECI1,0,outputs/supplemental_figures/audits/COGNITION_LOOKUP_SELECTED_FOR_SUPPLEMENTAL_NULL.csv,cognition_composite_score,NA
ECI2,1.5,outputs/supplemental_figures/audits/COGNITION_LOOKUP_SELECTED_FOR_SUPPLEMENTAL_NULL.csv,cognition_composite_score,NA
ECSIT,0.5,outputs/supplemental_figures/audits/COGNITION_LOOKUP_SELECTED_FOR_SUPPLEMENTAL_NULL.csv,cognition_composite_score,NA
EEF1A1,0,outputs/supplemental_figures/audits/COGNITION_LOOKUP_SELECTED_FOR_SUPPLEMENTAL_NULL.csv,cognition_composite_score,NA
EEF1B2,6.5,outputs/supplemental_figures/audits/COGNITION_LOOKUP_SELECTED_FOR_SUPPLEMENTAL_NULL.csv,cognition_composite_score,NA
EFHD1,0,outputs/supplemental_figures/audits/COGNITION_LOOKUP_SELECTED_FOR_SUPPLEMENTAL_NULL.csv,cognition_composite_score,NA
EHHADH,0.5,outputs/supplemental_figures/audits/COGNITION_LOOKUP_SELECTED_FOR_SUPPLEMENTAL_NULL.csv,cognition_composite_score,NA
ELAC2,0,outputs/supplemental_figures/audits/COGNITION_LOOKUP_SELECTED_FOR_SUPPLEMENTAL_NULL.csv,cognition_composite_score,NA
ENDOG,5.5,outputs/supplemental_figures/audits/COGNITION_LOOKUP_SELECTED_FOR_SUPPLEMENTAL_NULL.csv,cognition_composite_score,NA
ENO1,0,outputs/supplemental_figures/audits/COGNITION_LOOKUP_SELECTED_FOR_SUPPLEMENTAL_NULL.csv,cognition_composite_score,NA
EPHX2,0,outputs/supplemental_figures/audits/COGNITION_LOOKUP_SELECTED_FOR_SUPPLEMENTAL_NULL.csv,cognition_composite_score,NA
ERAL1,0.5,outputs/supplemental_figures/audits/COGNITION_LOOKUP_SELECTED_FOR_SUPPLEMENTAL_NULL.csv,cognition_composite_score,NA
ETFA,9.5,outputs/supplemental_figures/audits/COGNITION_LOOKUP_SELECTED_FOR_SUPPLEMENTAL_NULL.csv,cognition_composite_score,NA
ETFB,1.5,outputs/supplemental_figures/audits/COGNITION_LOOKUP_SELECTED_FOR_SUPPLEMENTAL_NULL.csv,cognition_composite_score,NA
ETFDH,12.5,outputs/supplemental_figures/audits/COGNITION_LOOKUP_SELECTED_FOR_SUPPLEMENTAL_NULL.csv,cognition_composite_score,NA
ETHE1,1.5,outputs/supplemental_figures/audits/COGNITION_LOOKUP_SELECTED_FOR_SUPPLEMENTAL_NULL.csv,cognition_composite_score,NA
EXD2,0,outputs/supplemental_figures/audits/COGNITION_LOOKUP_SELECTED_FOR_SUPPLEMENTAL_NULL.csv,cognition_composite_score,NA
EXOG,1.5,outputs/supplemental_figures/audits/COGNITION_LOOKUP_SELECTED_FOR_SUPPLEMENTAL_NULL.csv,cognition_composite_score,NA
FABP1,0,outputs/supplemental_figures/audits/COGNITION_LOOKUP_SELECTED_FOR_SUPPLEMENTAL_NULL.csv,cognition_composite_score,NA
FAHD1,1.5,outputs/supplemental_figures/audits/COGNITION_LOOKUP_SELECTED_FOR_SUPPLEMENTAL_NULL.csv,cognition_composite_score,NA
FAHD2A,1.5,outputs/supplemental_figures/audits/COGNITION_LOOKUP_SELECTED_FOR_SUPPLEMENTAL_NULL.csv,cognition_composite_score,NA
FAM136A,2.5,outputs/supplemental_figures/audits/COGNITION_LOOKUP_SELECTED_FOR_SUPPLEMENTAL_NULL.csv,cognition_composite_score,NA
FAM162A,3.5,outputs/supplemental_figures/audits/COGNITION_LOOKUP_SELECTED_FOR_SUPPLEMENTAL_NULL.csv,cognition_composite_score,NA
FAM185A,0,outputs/supplemental_figures/audits/COGNITION_LOOKUP_SELECTED_FOR_SUPPLEMENTAL_NULL.csv,cognition_composite_score,NA
FAM210A,0.5,outputs/supplemental_figures/audits/COGNITION_LOOKUP_SELECTED_FOR_SUPPLEMENTAL_NULL.csv,cognition_composite_score,NA
FAM210B,0.5,outputs/supplemental_figures/audits/COGNITION_LOOKUP_SELECTED_FOR_SUPPLEMENTAL_NULL.csv,cognition_composite_score,NA
FARS2,0.5,outputs/supplemental_figures/audits/COGNITION_LOOKUP_SELECTED_FOR_SUPPLEMENTAL_NULL.csv,cognition_composite_score,NA
FASN,0,outputs/supplemental_figures/audits/COGNITION_LOOKUP_SELECTED_FOR_SUPPLEMENTAL_NULL.csv,cognition_composite_score,NA
FASTKD1,1.5,outputs/supplemental_figures/audits/COGNITION_LOOKUP_SELECTED_FOR_SUPPLEMENTAL_NULL.csv,cognition_composite_score,NA
FASTKD2,0.5,outputs/supplemental_figures/audits/COGNITION_LOOKUP_SELECTED_FOR_SUPPLEMENTAL_NULL.csv,cognition_composite_score,NA
FASTKD5,2.5,outputs/supplemental_figures/audits/COGNITION_LOOKUP_SELECTED_FOR_SUPPLEMENTAL_NULL.csv,cognition_composite_score,NA
FBXL4,0,outputs/supplemental_figures/audits/COGNITION_LOOKUP_SELECTED_FOR_SUPPLEMENTAL_NULL.csv,cognition_composite_score,NA
FDPS,0,outputs/supplemental_figures/audits/COGNITION_LOOKUP_SELECTED_FOR_SUPPLEMENTAL_NULL.csv,cognition_composite_score,NA
FDX1,0.5,outputs/supplemental_figures/audits/COGNITION_LOOKUP_SELECTED_FOR_SUPPLEMENTAL_NULL.csv,cognition_composite_score,NA
FDXR,0,outputs/supplemental_figures/audits/COGNITION_LOOKUP_SELECTED_FOR_SUPPLEMENTAL_NULL.csv,cognition_composite_score,NA
FECH,0,outputs/supplemental_figures/audits/COGNITION_LOOKUP_SELECTED_FOR_SUPPLEMENTAL_NULL.csv,cognition_composite_score,NA
FH,3.5,outputs/supplemental_figures/audits/COGNITION_LOOKUP_SELECTED_FOR_SUPPLEMENTAL_NULL.csv,cognition_composite_score,NA
FHIT,0.5,outputs/supplemental_figures/audits/COGNITION_LOOKUP_SELECTED_FOR_SUPPLEMENTAL_NULL.csv,cognition_composite_score,NA
FIS1,0.5,outputs/supplemental_figures/audits/COGNITION_LOOKUP_SELECTED_FOR_SUPPLEMENTAL_NULL.csv,cognition_composite_score,NA
FKBP10,0.5,outputs/supplemental_figures/audits/COGNITION_LOOKUP_SELECTED_FOR_SUPPLEMENTAL_NULL.csv,cognition_composite_score,NA
FKBP8,1.5,outputs/supplemental_figures/audits/COGNITION_LOOKUP_SELECTED_FOR_SUPPLEMENTAL_NULL.csv,cognition_composite_score,NA
FLAD1,2.5,outputs/supplemental_figures/audits/COGNITION_LOOKUP_SELECTED_FOR_SUPPLEMENTAL_NULL.csv,cognition_composite_score,NA
FOXRED1,2.5,outputs/supplemental_figures/audits/COGNITION_LOOKUP_SELECTED_FOR_SUPPLEMENTAL_NULL.csv,cognition_composite_score,NA
FTH1,0.5,outputs/supplemental_figures/audits/COGNITION_LOOKUP_SELECTED_FOR_SUPPLEMENTAL_NULL.csv,cognition_composite_score,NA
FUNDC1,0.5,outputs/supplemental_figures/audits/COGNITION_LOOKUP_SELECTED_FOR_SUPPLEMENTAL_NULL.csv,cognition_composite_score,NA
FUNDC2,1.5,outputs/supplemental_figures/audits/COGNITION_LOOKUP_SELECTED_FOR_SUPPLEMENTAL_NULL.csv,cognition_composite_score,NA
FXN,0,outputs/supplemental_figures/audits/COGNITION_LOOKUP_SELECTED_FOR_SUPPLEMENTAL_NULL.csv,cognition_composite_score,NA
GADD45GIP1,2.5,outputs/supplemental_figures/audits/COGNITION_LOOKUP_SELECTED_FOR_SUPPLEMENTAL_NULL.csv,cognition_composite_score,NA
GAPDH,0,outputs/supplemental_figures/audits/COGNITION_LOOKUP_SELECTED_FOR_SUPPLEMENTAL_NULL.csv,cognition_composite_score,NA
GATB,0.5,outputs/supplemental_figures/audits/COGNITION_LOOKUP_SELECTED_FOR_SUPPLEMENTAL_NULL.csv,cognition_composite_score,NA
GATC,0.5,outputs/supplemental_figures/audits/COGNITION_LOOKUP_SELECTED_FOR_SUPPLEMENTAL_NULL.csv,cognition_composite_score,NA
GATM,0.5,outputs/supplemental_figures/audits/COGNITION_LOOKUP_SELECTED_FOR_SUPPLEMENTAL_NULL.csv,cognition_composite_score,NA
GCAT,0,outputs/supplemental_figures/audits/COGNITION_LOOKUP_SELECTED_FOR_SUPPLEMENTAL_NULL.csv,cognition_composite_score,NA
GCDH,0,outputs/supplemental_figures/audits/COGNITION_LOOKUP_SELECTED_FOR_SUPPLEMENTAL_NULL.csv,cognition_composite_score,NA
GCSH,5.5,outputs/supplemental_figures/audits/COGNITION_LOOKUP_SELECTED_FOR_SUPPLEMENTAL_NULL.csv,cognition_composite_score,NA
GDAP1,1.5,outputs/supplemental_figures/audits/COGNITION_LOOKUP_SELECTED_FOR_SUPPLEMENTAL_NULL.csv,cognition_composite_score,NA
GFER,5.5,outputs/supplemental_figures/audits/COGNITION_LOOKUP_SELECTED_FOR_SUPPLEMENTAL_NULL.csv,cognition_composite_score,NA
GFM1,9.5,outputs/supplemental_figures/audits/COGNITION_LOOKUP_SELECTED_FOR_SUPPLEMENTAL_NULL.csv,cognition_composite_score,NA
GFM2,0.5,outputs/supplemental_figures/audits/COGNITION_LOOKUP_SELECTED_FOR_SUPPLEMENTAL_NULL.csv,cognition_composite_score,NA
GHITM,8.5,outputs/supplemental_figures/audits/COGNITION_LOOKUP_SELECTED_FOR_SUPPLEMENTAL_NULL.csv,cognition_composite_score,NA
GLDC,0.5,outputs/supplemental_figures/audits/COGNITION_LOOKUP_SELECTED_FOR_SUPPLEMENTAL_NULL.csv,cognition_composite_score,NA
GLOD4,0,outputs/supplemental_figures/audits/COGNITION_LOOKUP_SELECTED_FOR_SUPPLEMENTAL_NULL.csv,cognition_composite_score,NA
GLRX2,1.5,outputs/supplemental_figures/audits/COGNITION_LOOKUP_SELECTED_FOR_SUPPLEMENTAL_NULL.csv,cognition_composite_score,NA
GLRX5,0.5,outputs/supplemental_figures/audits/COGNITION_LOOKUP_SELECTED_FOR_SUPPLEMENTAL_NULL.csv,cognition_composite_score,NA
GLS,4.5,outputs/supplemental_figures/audits/COGNITION_LOOKUP_SELECTED_FOR_SUPPLEMENTAL_NULL.csv,cognition_composite_score,NA
GLS2,0.5,outputs/supplemental_figures/audits/COGNITION_LOOKUP_SELECTED_FOR_SUPPLEMENTAL_NULL.csv,cognition_composite_score,NA
GLUD1,0.5,outputs/supplemental_figures/audits/COGNITION_LOOKUP_SELECTED_FOR_SUPPLEMENTAL_NULL.csv,cognition_composite_score,NA
GLUD2,0.5,outputs/supplemental_figures/audits/COGNITION_LOOKUP_SELECTED_FOR_SUPPLEMENTAL_NULL.csv,cognition_composite_score,NA
GNG12,0,outputs/supplemental_figures/audits/COGNITION_LOOKUP_SELECTED_FOR_SUPPLEMENTAL_NULL.csv,cognition_composite_score,NA
GOLPH3,0.5,outputs/supplemental_figures/audits/COGNITION_LOOKUP_SELECTED_FOR_SUPPLEMENTAL_NULL.csv,cognition_composite_score,NA
GOT2,0,outputs/supplemental_figures/audits/COGNITION_LOOKUP_SELECTED_FOR_SUPPLEMENTAL_NULL.csv,cognition_composite_score,NA
GPD2,0,outputs/supplemental_figures/audits/COGNITION_LOOKUP_SELECTED_FOR_SUPPLEMENTAL_NULL.csv,cognition_composite_score,NA
GPT2,1.5,outputs/supplemental_figures/audits/COGNITION_LOOKUP_SELECTED_FOR_SUPPLEMENTAL_NULL.csv,cognition_composite_score,NA
GPX1,0.5,outputs/supplemental_figures/audits/COGNITION_LOOKUP_SELECTED_FOR_SUPPLEMENTAL_NULL.csv,cognition_composite_score,NA
GPX4,1.5,outputs/supplemental_figures/audits/COGNITION_LOOKUP_SELECTED_FOR_SUPPLEMENTAL_NULL.csv,cognition_composite_score,NA
GRHPR,0,outputs/supplemental_figures/audits/COGNITION_LOOKUP_SELECTED_FOR_SUPPLEMENTAL_NULL.csv,cognition_composite_score,NA
GRPEL1,0.5,outputs/supplemental_figures/audits/COGNITION_LOOKUP_SELECTED_FOR_SUPPLEMENTAL_NULL.csv,cognition_composite_score,NA
GRSF1,1.5,outputs/supplemental_figures/audits/COGNITION_LOOKUP_SELECTED_FOR_SUPPLEMENTAL_NULL.csv,cognition_composite_score,NA
GSR,0,outputs/supplemental_figures/audits/COGNITION_LOOKUP_SELECTED_FOR_SUPPLEMENTAL_NULL.csv,cognition_composite_score,NA
GSTK1,12.5,outputs/supplemental_figures/audits/COGNITION_LOOKUP_SELECTED_FOR_SUPPLEMENTAL_NULL.csv,cognition_composite_score,NA
GSTZ1,0.5,outputs/supplemental_figures/audits/COGNITION_LOOKUP_SELECTED_FOR_SUPPLEMENTAL_NULL.csv,cognition_composite_score,NA
GTPBP10,0,outputs/supplemental_figures/audits/COGNITION_LOOKUP_SELECTED_FOR_SUPPLEMENTAL_NULL.csv,cognition_composite_score,NA
GTPBP3,0.5,outputs/supplemental_figures/audits/COGNITION_LOOKUP_SELECTED_FOR_SUPPLEMENTAL_NULL.csv,cognition_composite_score,NA
GTPBP6,0,outputs/supplemental_figures/audits/COGNITION_LOOKUP_SELECTED_FOR_SUPPLEMENTAL_NULL.csv,cognition_composite_score,NA
GUF1,0.5,outputs/supplemental_figures/audits/COGNITION_LOOKUP_SELECTED_FOR_SUPPLEMENTAL_NULL.csv,cognition_composite_score,NA
GUK1,0.5,outputs/supplemental_figures/audits/COGNITION_LOOKUP_SELECTED_FOR_SUPPLEMENTAL_NULL.csv,cognition_composite_score,NA
HADH,0.5,outputs/supplemental_figures/audits/COGNITION_LOOKUP_SELECTED_FOR_SUPPLEMENTAL_NULL.csv,cognition_composite_score,NA
HADHA,1.5,outputs/supplemental_figures/audits/COGNITION_LOOKUP_SELECTED_FOR_SUPPLEMENTAL_NULL.csv,cognition_composite_score,NA
HADHB,6.5,outputs/supplemental_figures/audits/COGNITION_LOOKUP_SELECTED_FOR_SUPPLEMENTAL_NULL.csv,cognition_composite_score,NA
HAGH,0.5,outputs/supplemental_figures/audits/COGNITION_LOOKUP_SELECTED_FOR_SUPPLEMENTAL_NULL.csv,cognition_composite_score,NA
HARS,0.5,outputs/supplemental_figures/audits/COGNITION_LOOKUP_SELECTED_FOR_SUPPLEMENTAL_NULL.csv,cognition_composite_score,NA
HARS2,0.5,outputs/supplemental_figures/audits/COGNITION_LOOKUP_SELECTED_FOR_SUPPLEMENTAL_NULL.csv,cognition_composite_score,NA
HCCS,3.5,outputs/supplemental_figures/audits/COGNITION_LOOKUP_SELECTED_FOR_SUPPLEMENTAL_NULL.csv,cognition_composite_score,NA
HDHD3,0,outputs/supplemental_figures/audits/COGNITION_LOOKUP_SELECTED_FOR_SUPPLEMENTAL_NULL.csv,cognition_composite_score,NA
HEBP1,0,outputs/supplemental_figures/audits/COGNITION_LOOKUP_SELECTED_FOR_SUPPLEMENTAL_NULL.csv,cognition_composite_score,NA
HIBADH,0.5,outputs/supplemental_figures/audits/COGNITION_LOOKUP_SELECTED_FOR_SUPPLEMENTAL_NULL.csv,cognition_composite_score,NA
HIBCH,2.5,outputs/supplemental_figures/audits/COGNITION_LOOKUP_SELECTED_FOR_SUPPLEMENTAL_NULL.csv,cognition_composite_score,NA
HINT1,0,outputs/supplemental_figures/audits/COGNITION_LOOKUP_SELECTED_FOR_SUPPLEMENTAL_NULL.csv,cognition_composite_score,NA
HINT2,0.5,outputs/supplemental_figures/audits/COGNITION_LOOKUP_SELECTED_FOR_SUPPLEMENTAL_NULL.csv,cognition_composite_score,NA
HINT3,0,outputs/supplemental_figures/audits/COGNITION_LOOKUP_SELECTED_FOR_SUPPLEMENTAL_NULL.csv,cognition_composite_score,NA
HMGCL,12.5,outputs/supplemental_figures/audits/COGNITION_LOOKUP_SELECTED_FOR_SUPPLEMENTAL_NULL.csv,cognition_composite_score,NA
HOGA1,0,outputs/supplemental_figures/audits/COGNITION_LOOKUP_SELECTED_FOR_SUPPLEMENTAL_NULL.csv,cognition_composite_score,NA
HSCB,0.5,outputs/supplemental_figures/audits/COGNITION_LOOKUP_SELECTED_FOR_SUPPLEMENTAL_NULL.csv,cognition_composite_score,NA
HSD17B10,1.5,outputs/supplemental_figures/audits/COGNITION_LOOKUP_SELECTED_FOR_SUPPLEMENTAL_NULL.csv,cognition_composite_score,NA
HSD17B4,0,outputs/supplemental_figures/audits/COGNITION_LOOKUP_SELECTED_FOR_SUPPLEMENTAL_NULL.csv,cognition_composite_score,NA
HSD17B8,0.5,outputs/supplemental_figures/audits/COGNITION_LOOKUP_SELECTED_FOR_SUPPLEMENTAL_NULL.csv,cognition_composite_score,NA
HSDL1,0,outputs/supplemental_figures/audits/COGNITION_LOOKUP_SELECTED_FOR_SUPPLEMENTAL_NULL.csv,cognition_composite_score,NA
HSDL2,0.5,outputs/supplemental_figures/audits/COGNITION_LOOKUP_SELECTED_FOR_SUPPLEMENTAL_NULL.csv,cognition_composite_score,NA
HSP90AA1,0,outputs/supplemental_figures/audits/COGNITION_LOOKUP_SELECTED_FOR_SUPPLEMENTAL_NULL.csv,cognition_composite_score,NA
HSP90AB1,0.5,outputs/supplemental_figures/audits/COGNITION_LOOKUP_SELECTED_FOR_SUPPLEMENTAL_NULL.csv,cognition_composite_score,NA
HSPA5,0.5,outputs/supplemental_figures/audits/COGNITION_LOOKUP_SELECTED_FOR_SUPPLEMENTAL_NULL.csv,cognition_composite_score,NA
HSPA9,3.5,outputs/supplemental_figures/audits/COGNITION_LOOKUP_SELECTED_FOR_SUPPLEMENTAL_NULL.csv,cognition_composite_score,NA
HSPD1,2.5,outputs/supplemental_figures/audits/COGNITION_LOOKUP_SELECTED_FOR_SUPPLEMENTAL_NULL.csv,cognition_composite_score,NA
HSPE1,1.5,outputs/supplemental_figures/audits/COGNITION_LOOKUP_SELECTED_FOR_SUPPLEMENTAL_NULL.csv,cognition_composite_score,NA
HTATIP2,0.5,outputs/supplemental_figures/audits/COGNITION_LOOKUP_SELECTED_FOR_SUPPLEMENTAL_NULL.csv,cognition_composite_score,NA
HTRA2,0,outputs/supplemental_figures/audits/COGNITION_LOOKUP_SELECTED_FOR_SUPPLEMENTAL_NULL.csv,cognition_composite_score,NA
IARS2,12.5,outputs/supplemental_figures/audits/COGNITION_LOOKUP_SELECTED_FOR_SUPPLEMENTAL_NULL.csv,cognition_composite_score,NA
IBA57,0,outputs/supplemental_figures/audits/COGNITION_LOOKUP_SELECTED_FOR_SUPPLEMENTAL_NULL.csv,cognition_composite_score,NA
ICT1,12.5,outputs/supplemental_figures/audits/COGNITION_LOOKUP_SELECTED_FOR_SUPPLEMENTAL_NULL.csv,cognition_composite_score,NA
IDE,0,outputs/supplemental_figures/audits/COGNITION_LOOKUP_SELECTED_FOR_SUPPLEMENTAL_NULL.csv,cognition_composite_score,NA
IDH2,9.5,outputs/supplemental_figures/audits/COGNITION_LOOKUP_SELECTED_FOR_SUPPLEMENTAL_NULL.csv,cognition_composite_score,NA
IDH3A,9.5,outputs/supplemental_figures/audits/COGNITION_LOOKUP_SELECTED_FOR_SUPPLEMENTAL_NULL.csv,cognition_composite_score,NA
IDH3B,3.5,outputs/supplemental_figures/audits/COGNITION_LOOKUP_SELECTED_FOR_SUPPLEMENTAL_NULL.csv,cognition_composite_score,NA
IDH3G,1.5,outputs/supplemental_figures/audits/COGNITION_LOOKUP_SELECTED_FOR_SUPPLEMENTAL_NULL.csv,cognition_composite_score,NA
IDI1,0.5,outputs/supplemental_figures/audits/COGNITION_LOOKUP_SELECTED_FOR_SUPPLEMENTAL_NULL.csv,cognition_composite_score,NA
IGHG2,0,outputs/supplemental_figures/audits/COGNITION_LOOKUP_SELECTED_FOR_SUPPLEMENTAL_NULL.csv,cognition_composite_score,NA
IMMT,9.5,outputs/supplemental_figures/audits/COGNITION_LOOKUP_SELECTED_FOR_SUPPLEMENTAL_NULL.csv,cognition_composite_score,NA
ISCA1,0.5,outputs/supplemental_figures/audits/COGNITION_LOOKUP_SELECTED_FOR_SUPPLEMENTAL_NULL.csv,cognition_composite_score,NA
ISCA2,9.5,outputs/supplemental_figures/audits/COGNITION_LOOKUP_SELECTED_FOR_SUPPLEMENTAL_NULL.csv,cognition_composite_score,NA
ISCU,12.5,outputs/supplemental_figures/audits/COGNITION_LOOKUP_SELECTED_FOR_SUPPLEMENTAL_NULL.csv,cognition_composite_score,NA
ISOC2,0,outputs/supplemental_figures/audits/COGNITION_LOOKUP_SELECTED_FOR_SUPPLEMENTAL_NULL.csv,cognition_composite_score,NA
IVD,1.5,outputs/supplemental_figures/audits/COGNITION_LOOKUP_SELECTED_FOR_SUPPLEMENTAL_NULL.csv,cognition_composite_score,NA
KIAA0391,0.5,outputs/supplemental_figures/audits/COGNITION_LOOKUP_SELECTED_FOR_SUPPLEMENTAL_NULL.csv,cognition_composite_score,NA
KPNB1,0,outputs/supplemental_figures/audits/COGNITION_LOOKUP_SELECTED_FOR_SUPPLEMENTAL_NULL.csv,cognition_composite_score,NA
L2HGDH,12.5,outputs/supplemental_figures/audits/COGNITION_LOOKUP_SELECTED_FOR_SUPPLEMENTAL_NULL.csv,cognition_composite_score,NA
LACTB,0.5,outputs/supplemental_figures/audits/COGNITION_LOOKUP_SELECTED_FOR_SUPPLEMENTAL_NULL.csv,cognition_composite_score,NA
LACTB2,0,outputs/supplemental_figures/audits/COGNITION_LOOKUP_SELECTED_FOR_SUPPLEMENTAL_NULL.csv,cognition_composite_score,NA
LAP3,0.5,outputs/supplemental_figures/audits/COGNITION_LOOKUP_SELECTED_FOR_SUPPLEMENTAL_NULL.csv,cognition_composite_score,NA
LARS2,6.5,outputs/supplemental_figures/audits/COGNITION_LOOKUP_SELECTED_FOR_SUPPLEMENTAL_NULL.csv,cognition_composite_score,NA
LDHB,0.5,outputs/supplemental_figures/audits/COGNITION_LOOKUP_SELECTED_FOR_SUPPLEMENTAL_NULL.csv,cognition_composite_score,NA
LDHD,8.5,outputs/supplemental_figures/audits/COGNITION_LOOKUP_SELECTED_FOR_SUPPLEMENTAL_NULL.csv,cognition_composite_score,NA
LETM1,0.5,outputs/supplemental_figures/audits/COGNITION_LOOKUP_SELECTED_FOR_SUPPLEMENTAL_NULL.csv,cognition_composite_score,NA
LETMD1,1.5,outputs/supplemental_figures/audits/COGNITION_LOOKUP_SELECTED_FOR_SUPPLEMENTAL_NULL.csv,cognition_composite_score,NA
LIAS,6.5,outputs/supplemental_figures/audits/COGNITION_LOOKUP_SELECTED_FOR_SUPPLEMENTAL_NULL.csv,cognition_composite_score,NA
LIG3,0,outputs/supplemental_figures/audits/COGNITION_LOOKUP_SELECTED_FOR_SUPPLEMENTAL_NULL.csv,cognition_composite_score,NA
LIPT2,5.5,outputs/supplemental_figures/audits/COGNITION_LOOKUP_SELECTED_FOR_SUPPLEMENTAL_NULL.csv,cognition_composite_score,NA
LONP1,0.5,outputs/supplemental_figures/audits/COGNITION_LOOKUP_SELECTED_FOR_SUPPLEMENTAL_NULL.csv,cognition_composite_score,NA
LRPPRC,12.5,outputs/supplemental_figures/audits/COGNITION_LOOKUP_SELECTED_FOR_SUPPLEMENTAL_NULL.csv,cognition_composite_score,NA
LYPLA1,6.5,outputs/supplemental_figures/audits/COGNITION_LOOKUP_SELECTED_FOR_SUPPLEMENTAL_NULL.csv,cognition_composite_score,NA
LYPLAL1,0.5,outputs/supplemental_figures/audits/COGNITION_LOOKUP_SELECTED_FOR_SUPPLEMENTAL_NULL.csv,cognition_composite_score,NA
LYRM1,9.5,outputs/supplemental_figures/audits/COGNITION_LOOKUP_SELECTED_FOR_SUPPLEMENTAL_NULL.csv,cognition_composite_score,NA
LYRM2,0.5,outputs/supplemental_figures/audits/COGNITION_LOOKUP_SELECTED_FOR_SUPPLEMENTAL_NULL.csv,cognition_composite_score,NA
LYRM4,2.5,outputs/supplemental_figures/audits/COGNITION_LOOKUP_SELECTED_FOR_SUPPLEMENTAL_NULL.csv,cognition_composite_score,NA
LYRM7,2.5,outputs/supplemental_figures/audits/COGNITION_LOOKUP_SELECTED_FOR_SUPPLEMENTAL_NULL.csv,cognition_composite_score,NA
LYRM9,1.5,outputs/supplemental_figures/audits/COGNITION_LOOKUP_SELECTED_FOR_SUPPLEMENTAL_NULL.csv,cognition_composite_score,NA
MACROD1,0,outputs/supplemental_figures/audits/COGNITION_LOOKUP_SELECTED_FOR_SUPPLEMENTAL_NULL.csv,cognition_composite_score,NA
MALSU1,0.5,outputs/supplemental_figures/audits/COGNITION_LOOKUP_SELECTED_FOR_SUPPLEMENTAL_NULL.csv,cognition_composite_score,NA
MAOA,0.5,outputs/supplemental_figures/audits/COGNITION_LOOKUP_SELECTED_FOR_SUPPLEMENTAL_NULL.csv,cognition_composite_score,NA
MAOB,0,outputs/supplemental_figures/audits/COGNITION_LOOKUP_SELECTED_FOR_SUPPLEMENTAL_NULL.csv,cognition_composite_score,NA
MARS2,0,outputs/supplemental_figures/audits/COGNITION_LOOKUP_SELECTED_FOR_SUPPLEMENTAL_NULL.csv,cognition_composite_score,NA
MAVS,0,outputs/supplemental_figures/audits/COGNITION_LOOKUP_SELECTED_FOR_SUPPLEMENTAL_NULL.csv,cognition_composite_score,NA
MCAT,9.5,outputs/supplemental_figures/audits/COGNITION_LOOKUP_SELECTED_FOR_SUPPLEMENTAL_NULL.csv,cognition_composite_score,NA
MCCC1,0.5,outputs/supplemental_figures/audits/COGNITION_LOOKUP_SELECTED_FOR_SUPPLEMENTAL_NULL.csv,cognition_composite_score,NA
MCCC2,0.5,outputs/supplemental_figures/audits/COGNITION_LOOKUP_SELECTED_FOR_SUPPLEMENTAL_NULL.csv,cognition_composite_score,NA
MCEE,0,outputs/supplemental_figures/audits/COGNITION_LOOKUP_SELECTED_FOR_SUPPLEMENTAL_NULL.csv,cognition_composite_score,NA
MCU,0.5,outputs/supplemental_figures/audits/COGNITION_LOOKUP_SELECTED_FOR_SUPPLEMENTAL_NULL.csv,cognition_composite_score,NA
MCUR1,0.5,outputs/supplemental_figures/audits/COGNITION_LOOKUP_SELECTED_FOR_SUPPLEMENTAL_NULL.csv,cognition_composite_score,NA
MDH2,0.5,outputs/supplemental_figures/audits/COGNITION_LOOKUP_SELECTED_FOR_SUPPLEMENTAL_NULL.csv,cognition_composite_score,NA
ME2,2.5,outputs/supplemental_figures/audits/COGNITION_LOOKUP_SELECTED_FOR_SUPPLEMENTAL_NULL.csv,cognition_composite_score,NA
ME3,3.5,outputs/supplemental_figures/audits/COGNITION_LOOKUP_SELECTED_FOR_SUPPLEMENTAL_NULL.csv,cognition_composite_score,NA
MECR,12.5,outputs/supplemental_figures/audits/COGNITION_LOOKUP_SELECTED_FOR_SUPPLEMENTAL_NULL.csv,cognition_composite_score,NA
METAP1D,5.5,outputs/supplemental_figures/audits/COGNITION_LOOKUP_SELECTED_FOR_SUPPLEMENTAL_NULL.csv,cognition_composite_score,NA
METTL17,0,outputs/supplemental_figures/audits/COGNITION_LOOKUP_SELECTED_FOR_SUPPLEMENTAL_NULL.csv,cognition_composite_score,NA
METTL5,0,outputs/supplemental_figures/audits/COGNITION_LOOKUP_SELECTED_FOR_SUPPLEMENTAL_NULL.csv,cognition_composite_score,NA
MFF,9.5,outputs/supplemental_figures/audits/COGNITION_LOOKUP_SELECTED_FOR_SUPPLEMENTAL_NULL.csv,cognition_composite_score,NA
MFN1,0.5,outputs/supplemental_figures/audits/COGNITION_LOOKUP_SELECTED_FOR_SUPPLEMENTAL_NULL.csv,cognition_composite_score,NA
MFN2,12.5,outputs/supplemental_figures/audits/COGNITION_LOOKUP_SELECTED_FOR_SUPPLEMENTAL_NULL.csv,cognition_composite_score,NA
MGARP,0,outputs/supplemental_figures/audits/COGNITION_LOOKUP_SELECTED_FOR_SUPPLEMENTAL_NULL.csv,cognition_composite_score,NA
MGST1,0,outputs/supplemental_figures/audits/COGNITION_LOOKUP_SELECTED_FOR_SUPPLEMENTAL_NULL.csv,cognition_composite_score,NA
MGST3,2.5,outputs/supplemental_figures/audits/COGNITION_LOOKUP_SELECTED_FOR_SUPPLEMENTAL_NULL.csv,cognition_composite_score,NA
MICU1,1.5,outputs/supplemental_figures/audits/COGNITION_LOOKUP_SELECTED_FOR_SUPPLEMENTAL_NULL.csv,cognition_composite_score,NA
MICU2,0.5,outputs/supplemental_figures/audits/COGNITION_LOOKUP_SELECTED_FOR_SUPPLEMENTAL_NULL.csv,cognition_composite_score,NA
MICU3,0.5,outputs/supplemental_figures/audits/COGNITION_LOOKUP_SELECTED_FOR_SUPPLEMENTAL_NULL.csv,cognition_composite_score,NA
MIEF1,0.5,outputs/supplemental_figures/audits/COGNITION_LOOKUP_SELECTED_FOR_SUPPLEMENTAL_NULL.csv,cognition_composite_score,NA
MIPEP,2.5,outputs/supplemental_figures/audits/COGNITION_LOOKUP_SELECTED_FOR_SUPPLEMENTAL_NULL.csv,cognition_composite_score,NA
MLYCD,6.5,outputs/supplemental_figures/audits/COGNITION_LOOKUP_SELECTED_FOR_SUPPLEMENTAL_NULL.csv,cognition_composite_score,NA
MMAA,0,outputs/supplemental_figures/audits/COGNITION_LOOKUP_SELECTED_FOR_SUPPLEMENTAL_NULL.csv,cognition_composite_score,NA
MMAB,0,outputs/supplemental_figures/audits/COGNITION_LOOKUP_SELECTED_FOR_SUPPLEMENTAL_NULL.csv,cognition_composite_score,NA
MOCS1,1.5,outputs/supplemental_figures/audits/COGNITION_LOOKUP_SELECTED_FOR_SUPPLEMENTAL_NULL.csv,cognition_composite_score,NA
MOGS,0.5,outputs/supplemental_figures/audits/COGNITION_LOOKUP_SELECTED_FOR_SUPPLEMENTAL_NULL.csv,cognition_composite_score,NA
MPC1,2.5,outputs/supplemental_figures/audits/COGNITION_LOOKUP_SELECTED_FOR_SUPPLEMENTAL_NULL.csv,cognition_composite_score,NA
MPC2,12.5,outputs/supplemental_figures/audits/COGNITION_LOOKUP_SELECTED_FOR_SUPPLEMENTAL_NULL.csv,cognition_composite_score,NA
MPST,0,outputs/supplemental_figures/audits/COGNITION_LOOKUP_SELECTED_FOR_SUPPLEMENTAL_NULL.csv,cognition_composite_score,NA
MPV17,2.5,outputs/supplemental_figures/audits/COGNITION_LOOKUP_SELECTED_FOR_SUPPLEMENTAL_NULL.csv,cognition_composite_score,NA
MRM1,0.5,outputs/supplemental_figures/audits/COGNITION_LOOKUP_SELECTED_FOR_SUPPLEMENTAL_NULL.csv,cognition_composite_score,NA
MRPL1,12.5,outputs/supplemental_figures/audits/COGNITION_LOOKUP_SELECTED_FOR_SUPPLEMENTAL_NULL.csv,cognition_composite_score,NA
MRPL10,0.5,outputs/supplemental_figures/audits/COGNITION_LOOKUP_SELECTED_FOR_SUPPLEMENTAL_NULL.csv,cognition_composite_score,NA
MRPL11,9.5,outputs/supplemental_figures/audits/COGNITION_LOOKUP_SELECTED_FOR_SUPPLEMENTAL_NULL.csv,cognition_composite_score,NA
MRPL12,9.5,outputs/supplemental_figures/audits/COGNITION_LOOKUP_SELECTED_FOR_SUPPLEMENTAL_NULL.csv,cognition_composite_score,NA
MRPL13,2.5,outputs/supplemental_figures/audits/COGNITION_LOOKUP_SELECTED_FOR_SUPPLEMENTAL_NULL.csv,cognition_composite_score,NA
MRPL14,9.5,outputs/supplemental_figures/audits/COGNITION_LOOKUP_SELECTED_FOR_SUPPLEMENTAL_NULL.csv,cognition_composite_score,NA
MRPL15,9.5,outputs/supplemental_figures/audits/COGNITION_LOOKUP_SELECTED_FOR_SUPPLEMENTAL_NULL.csv,cognition_composite_score,NA
MRPL16,2.5,outputs/supplemental_figures/audits/COGNITION_LOOKUP_SELECTED_FOR_SUPPLEMENTAL_NULL.csv,cognition_composite_score,NA
MRPL17,2.5,outputs/supplemental_figures/audits/COGNITION_LOOKUP_SELECTED_FOR_SUPPLEMENTAL_NULL.csv,cognition_composite_score,NA
MRPL18,0.5,outputs/supplemental_figures/audits/COGNITION_LOOKUP_SELECTED_FOR_SUPPLEMENTAL_NULL.csv,cognition_composite_score,NA
MRPL19,9.5,outputs/supplemental_figures/audits/COGNITION_LOOKUP_SELECTED_FOR_SUPPLEMENTAL_NULL.csv,cognition_composite_score,NA
MRPL2,9.5,outputs/supplemental_figures/audits/COGNITION_LOOKUP_SELECTED_FOR_SUPPLEMENTAL_NULL.csv,cognition_composite_score,NA
MRPL20,9.5,outputs/supplemental_figures/audits/COGNITION_LOOKUP_SELECTED_FOR_SUPPLEMENTAL_NULL.csv,cognition_composite_score,NA
MRPL21,9.5,outputs/supplemental_figures/audits/COGNITION_LOOKUP_SELECTED_FOR_SUPPLEMENTAL_NULL.csv,cognition_composite_score,NA
MRPL22,6.5,outputs/supplemental_figures/audits/COGNITION_LOOKUP_SELECTED_FOR_SUPPLEMENTAL_NULL.csv,cognition_composite_score,NA
MRPL23,0.5,outputs/supplemental_figures/audits/COGNITION_LOOKUP_SELECTED_FOR_SUPPLEMENTAL_NULL.csv,cognition_composite_score,NA
MRPL24,12.5,outputs/supplemental_figures/audits/COGNITION_LOOKUP_SELECTED_FOR_SUPPLEMENTAL_NULL.csv,cognition_composite_score,NA
MRPL27,2.5,outputs/supplemental_figures/audits/COGNITION_LOOKUP_SELECTED_FOR_SUPPLEMENTAL_NULL.csv,cognition_composite_score,NA
MRPL28,12.5,outputs/supplemental_figures/audits/COGNITION_LOOKUP_SELECTED_FOR_SUPPLEMENTAL_NULL.csv,cognition_composite_score,NA
MRPL3,2.5,outputs/supplemental_figures/audits/COGNITION_LOOKUP_SELECTED_FOR_SUPPLEMENTAL_NULL.csv,cognition_composite_score,NA
MRPL30,2.5,outputs/supplemental_figures/audits/COGNITION_LOOKUP_SELECTED_FOR_SUPPLEMENTAL_NULL.csv,cognition_composite_score,NA
MRPL32,9.5,outputs/supplemental_figures/audits/COGNITION_LOOKUP_SELECTED_FOR_SUPPLEMENTAL_NULL.csv,cognition_composite_score,NA
MRPL33,8.5,outputs/supplemental_figures/audits/COGNITION_LOOKUP_SELECTED_FOR_SUPPLEMENTAL_NULL.csv,cognition_composite_score,NA
MRPL34,0.5,outputs/supplemental_figures/audits/COGNITION_LOOKUP_SELECTED_FOR_SUPPLEMENTAL_NULL.csv,cognition_composite_score,NA
MRPL37,9.5,outputs/supplemental_figures/audits/COGNITION_LOOKUP_SELECTED_FOR_SUPPLEMENTAL_NULL.csv,cognition_composite_score,NA
MRPL38,0,outputs/supplemental_figures/audits/COGNITION_LOOKUP_SELECTED_FOR_SUPPLEMENTAL_NULL.csv,cognition_composite_score,NA
MRPL39,12.5,outputs/supplemental_figures/audits/COGNITION_LOOKUP_SELECTED_FOR_SUPPLEMENTAL_NULL.csv,cognition_composite_score,NA
MRPL4,2,outputs/supplemental_figures/audits/COGNITION_LOOKUP_SELECTED_FOR_SUPPLEMENTAL_NULL.csv,cognition_composite_score,NA
MRPL40,1.5,outputs/supplemental_figures/audits/COGNITION_LOOKUP_SELECTED_FOR_SUPPLEMENTAL_NULL.csv,cognition_composite_score,NA
MRPL41,9.5,outputs/supplemental_figures/audits/COGNITION_LOOKUP_SELECTED_FOR_SUPPLEMENTAL_NULL.csv,cognition_composite_score,NA
MRPL42,0.5,outputs/supplemental_figures/audits/COGNITION_LOOKUP_SELECTED_FOR_SUPPLEMENTAL_NULL.csv,cognition_composite_score,NA
MRPL43,8.5,outputs/supplemental_figures/audits/COGNITION_LOOKUP_SELECTED_FOR_SUPPLEMENTAL_NULL.csv,cognition_composite_score,NA
MRPL44,12.5,outputs/supplemental_figures/audits/COGNITION_LOOKUP_SELECTED_FOR_SUPPLEMENTAL_NULL.csv,cognition_composite_score,NA
MRPL45,9.5,outputs/supplemental_figures/audits/COGNITION_LOOKUP_SELECTED_FOR_SUPPLEMENTAL_NULL.csv,cognition_composite_score,NA
MRPL46,12.5,outputs/supplemental_figures/audits/COGNITION_LOOKUP_SELECTED_FOR_SUPPLEMENTAL_NULL.csv,cognition_composite_score,NA
MRPL47,12.5,outputs/supplemental_figures/audits/COGNITION_LOOKUP_SELECTED_FOR_SUPPLEMENTAL_NULL.csv,cognition_composite_score,NA
MRPL48,9.5,outputs/supplemental_figures/audits/COGNITION_LOOKUP_SELECTED_FOR_SUPPLEMENTAL_NULL.csv,cognition_composite_score,NA
MRPL49,12.5,outputs/supplemental_figures/audits/COGNITION_LOOKUP_SELECTED_FOR_SUPPLEMENTAL_NULL.csv,cognition_composite_score,NA
MRPL50,2.5,outputs/supplemental_figures/audits/COGNITION_LOOKUP_SELECTED_FOR_SUPPLEMENTAL_NULL.csv,cognition_composite_score,NA
MRPL52,6.5,outputs/supplemental_figures/audits/COGNITION_LOOKUP_SELECTED_FOR_SUPPLEMENTAL_NULL.csv,cognition_composite_score,NA
MRPL53,9.5,outputs/supplemental_figures/audits/COGNITION_LOOKUP_SELECTED_FOR_SUPPLEMENTAL_NULL.csv,cognition_composite_score,NA
MRPL54,9.5,outputs/supplemental_figures/audits/COGNITION_LOOKUP_SELECTED_FOR_SUPPLEMENTAL_NULL.csv,cognition_composite_score,NA
MRPL55,1.5,outputs/supplemental_figures/audits/COGNITION_LOOKUP_SELECTED_FOR_SUPPLEMENTAL_NULL.csv,cognition_composite_score,NA
MRPL57,12.5,outputs/supplemental_figures/audits/COGNITION_LOOKUP_SELECTED_FOR_SUPPLEMENTAL_NULL.csv,cognition_composite_score,NA
MRPL9,9.5,outputs/supplemental_figures/audits/COGNITION_LOOKUP_SELECTED_FOR_SUPPLEMENTAL_NULL.csv,cognition_composite_score,NA
MRPS10,6.5,outputs/supplemental_figures/audits/COGNITION_LOOKUP_SELECTED_FOR_SUPPLEMENTAL_NULL.csv,cognition_composite_score,NA
MRPS11,3.5,outputs/supplemental_figures/audits/COGNITION_LOOKUP_SELECTED_FOR_SUPPLEMENTAL_NULL.csv,cognition_composite_score,NA
MRPS12,0.5,outputs/supplemental_figures/audits/COGNITION_LOOKUP_SELECTED_FOR_SUPPLEMENTAL_NULL.csv,cognition_composite_score,NA
MRPS14,0.5,outputs/supplemental_figures/audits/COGNITION_LOOKUP_SELECTED_FOR_SUPPLEMENTAL_NULL.csv,cognition_composite_score,NA
MRPS15,2.5,outputs/supplemental_figures/audits/COGNITION_LOOKUP_SELECTED_FOR_SUPPLEMENTAL_NULL.csv,cognition_composite_score,NA
MRPS16,5.5,outputs/supplemental_figures/audits/COGNITION_LOOKUP_SELECTED_FOR_SUPPLEMENTAL_NULL.csv,cognition_composite_score,NA
MRPS17,0.5,outputs/supplemental_figures/audits/COGNITION_LOOKUP_SELECTED_FOR_SUPPLEMENTAL_NULL.csv,cognition_composite_score,NA
MRPS18A,9.5,outputs/supplemental_figures/audits/COGNITION_LOOKUP_SELECTED_FOR_SUPPLEMENTAL_NULL.csv,cognition_composite_score,NA
MRPS18B,3.5,outputs/supplemental_figures/audits/COGNITION_LOOKUP_SELECTED_FOR_SUPPLEMENTAL_NULL.csv,cognition_composite_score,NA
MRPS2,1.5,outputs/supplemental_figures/audits/COGNITION_LOOKUP_SELECTED_FOR_SUPPLEMENTAL_NULL.csv,cognition_composite_score,NA
MRPS21,2.5,outputs/supplemental_figures/audits/COGNITION_LOOKUP_SELECTED_FOR_SUPPLEMENTAL_NULL.csv,cognition_composite_score,NA
MRPS22,9.5,outputs/supplemental_figures/audits/COGNITION_LOOKUP_SELECTED_FOR_SUPPLEMENTAL_NULL.csv,cognition_composite_score,NA
MRPS23,12.5,outputs/supplemental_figures/audits/COGNITION_LOOKUP_SELECTED_FOR_SUPPLEMENTAL_NULL.csv,cognition_composite_score,NA
MRPS24,2.5,outputs/supplemental_figures/audits/COGNITION_LOOKUP_SELECTED_FOR_SUPPLEMENTAL_NULL.csv,cognition_composite_score,NA
MRPS25,3.5,outputs/supplemental_figures/audits/COGNITION_LOOKUP_SELECTED_FOR_SUPPLEMENTAL_NULL.csv,cognition_composite_score,NA
MRPS26,3.5,outputs/supplemental_figures/audits/COGNITION_LOOKUP_SELECTED_FOR_SUPPLEMENTAL_NULL.csv,cognition_composite_score,NA
MRPS27,6.5,outputs/supplemental_figures/audits/COGNITION_LOOKUP_SELECTED_FOR_SUPPLEMENTAL_NULL.csv,cognition_composite_score,NA
MRPS28,9.5,outputs/supplemental_figures/audits/COGNITION_LOOKUP_SELECTED_FOR_SUPPLEMENTAL_NULL.csv,cognition_composite_score,NA
MRPS30,8.5,outputs/supplemental_figures/audits/COGNITION_LOOKUP_SELECTED_FOR_SUPPLEMENTAL_NULL.csv,cognition_composite_score,NA
MRPS31,2.5,outputs/supplemental_figures/audits/COGNITION_LOOKUP_SELECTED_FOR_SUPPLEMENTAL_NULL.csv,cognition_composite_score,NA
MRPS33,3.5,outputs/supplemental_figures/audits/COGNITION_LOOKUP_SELECTED_FOR_SUPPLEMENTAL_NULL.csv,cognition_composite_score,NA
MRPS34,5.5,outputs/supplemental_figures/audits/COGNITION_LOOKUP_SELECTED_FOR_SUPPLEMENTAL_NULL.csv,cognition_composite_score,NA
MRPS35,12.5,outputs/supplemental_figures/audits/COGNITION_LOOKUP_SELECTED_FOR_SUPPLEMENTAL_NULL.csv,cognition_composite_score,NA
MRPS36,12.5,outputs/supplemental_figures/audits/COGNITION_LOOKUP_SELECTED_FOR_SUPPLEMENTAL_NULL.csv,cognition_composite_score,NA
MRPS5,3.5,outputs/supplemental_figures/audits/COGNITION_LOOKUP_SELECTED_FOR_SUPPLEMENTAL_NULL.csv,cognition_composite_score,NA
MRPS6,2.5,outputs/supplemental_figures/audits/COGNITION_LOOKUP_SELECTED_FOR_SUPPLEMENTAL_NULL.csv,cognition_composite_score,NA
MRPS7,12.5,outputs/supplemental_figures/audits/COGNITION_LOOKUP_SELECTED_FOR_SUPPLEMENTAL_NULL.csv,cognition_composite_score,NA
MRPS9,9.5,outputs/supplemental_figures/audits/COGNITION_LOOKUP_SELECTED_FOR_SUPPLEMENTAL_NULL.csv,cognition_composite_score,NA
MRRF,0.5,outputs/supplemental_figures/audits/COGNITION_LOOKUP_SELECTED_FOR_SUPPLEMENTAL_NULL.csv,cognition_composite_score,NA
MRS2,0.5,outputs/supplemental_figures/audits/COGNITION_LOOKUP_SELECTED_FOR_SUPPLEMENTAL_NULL.csv,cognition_composite_score,NA
MSRA,0,outputs/supplemental_figures/audits/COGNITION_LOOKUP_SELECTED_FOR_SUPPLEMENTAL_NULL.csv,cognition_composite_score,NA
MSRB2,0.5,outputs/supplemental_figures/audits/COGNITION_LOOKUP_SELECTED_FOR_SUPPLEMENTAL_NULL.csv,cognition_composite_score,NA
MSRB3,0,outputs/supplemental_figures/audits/COGNITION_LOOKUP_SELECTED_FOR_SUPPLEMENTAL_NULL.csv,cognition_composite_score,NA
MT-ATP6,0.5,outputs/supplemental_figures/audits/COGNITION_LOOKUP_SELECTED_FOR_SUPPLEMENTAL_NULL.csv,cognition_composite_score,NA
MT-ATP8,1.5,outputs/supplemental_figures/audits/COGNITION_LOOKUP_SELECTED_FOR_SUPPLEMENTAL_NULL.csv,cognition_composite_score,NA
MT-CO1,0,outputs/supplemental_figures/audits/COGNITION_LOOKUP_SELECTED_FOR_SUPPLEMENTAL_NULL.csv,cognition_composite_score,NA
MT-CO2,8.5,outputs/supplemental_figures/audits/COGNITION_LOOKUP_SELECTED_FOR_SUPPLEMENTAL_NULL.csv,cognition_composite_score,NA
MT-CO3,9.5,outputs/supplemental_figures/audits/COGNITION_LOOKUP_SELECTED_FOR_SUPPLEMENTAL_NULL.csv,cognition_composite_score,NA
MT-CYB,0.5,outputs/supplemental_figures/audits/COGNITION_LOOKUP_SELECTED_FOR_SUPPLEMENTAL_NULL.csv,cognition_composite_score,NA
MT-ND1,0,outputs/supplemental_figures/audits/COGNITION_LOOKUP_SELECTED_FOR_SUPPLEMENTAL_NULL.csv,cognition_composite_score,NA
MT-ND2,0,outputs/supplemental_figures/audits/COGNITION_LOOKUP_SELECTED_FOR_SUPPLEMENTAL_NULL.csv,cognition_composite_score,NA
MT-ND3,2.5,outputs/supplemental_figures/audits/COGNITION_LOOKUP_SELECTED_FOR_SUPPLEMENTAL_NULL.csv,cognition_composite_score,NA
MT-ND4,2.5,outputs/supplemental_figures/audits/COGNITION_LOOKUP_SELECTED_FOR_SUPPLEMENTAL_NULL.csv,cognition_composite_score,NA
MT-ND5,0.5,outputs/supplemental_figures/audits/COGNITION_LOOKUP_SELECTED_FOR_SUPPLEMENTAL_NULL.csv,cognition_composite_score,NA
MT-ND6,3.5,outputs/supplemental_figures/audits/COGNITION_LOOKUP_SELECTED_FOR_SUPPLEMENTAL_NULL.csv,cognition_composite_score,NA
MTCH1,2.5,outputs/supplemental_figures/audits/COGNITION_LOOKUP_SELECTED_FOR_SUPPLEMENTAL_NULL.csv,cognition_composite_score,NA
MTCH2,1.5,outputs/supplemental_figures/audits/COGNITION_LOOKUP_SELECTED_FOR_SUPPLEMENTAL_NULL.csv,cognition_composite_score,NA
MTERF4,2.5,outputs/supplemental_figures/audits/COGNITION_LOOKUP_SELECTED_FOR_SUPPLEMENTAL_NULL.csv,cognition_composite_score,NA
MTFMT,0.5,outputs/supplemental_figures/audits/COGNITION_LOOKUP_SELECTED_FOR_SUPPLEMENTAL_NULL.csv,cognition_composite_score,NA
MTFP1,12.5,outputs/supplemental_figures/audits/COGNITION_LOOKUP_SELECTED_FOR_SUPPLEMENTAL_NULL.csv,cognition_composite_score,NA
MTFR1L,0.5,outputs/supplemental_figures/audits/COGNITION_LOOKUP_SELECTED_FOR_SUPPLEMENTAL_NULL.csv,cognition_composite_score,NA
MTG1,0.5,outputs/supplemental_figures/audits/COGNITION_LOOKUP_SELECTED_FOR_SUPPLEMENTAL_NULL.csv,cognition_composite_score,NA
MTG2,0.5,outputs/supplemental_figures/audits/COGNITION_LOOKUP_SELECTED_FOR_SUPPLEMENTAL_NULL.csv,cognition_composite_score,NA
MTHFD1L,0.5,outputs/supplemental_figures/audits/COGNITION_LOOKUP_SELECTED_FOR_SUPPLEMENTAL_NULL.csv,cognition_composite_score,NA
MTHFD2L,0,outputs/supplemental_figures/audits/COGNITION_LOOKUP_SELECTED_FOR_SUPPLEMENTAL_NULL.csv,cognition_composite_score,NA
MTHFS,0.5,outputs/supplemental_figures/audits/COGNITION_LOOKUP_SELECTED_FOR_SUPPLEMENTAL_NULL.csv,cognition_composite_score,NA
MTIF2,2.5,outputs/supplemental_figures/audits/COGNITION_LOOKUP_SELECTED_FOR_SUPPLEMENTAL_NULL.csv,cognition_composite_score,NA
MTIF3,0.5,outputs/supplemental_figures/audits/COGNITION_LOOKUP_SELECTED_FOR_SUPPLEMENTAL_NULL.csv,cognition_composite_score,NA
MTO1,0.5,outputs/supplemental_figures/audits/COGNITION_LOOKUP_SELECTED_FOR_SUPPLEMENTAL_NULL.csv,cognition_composite_score,NA
MTPAP,0.5,outputs/supplemental_figures/audits/COGNITION_LOOKUP_SELECTED_FOR_SUPPLEMENTAL_NULL.csv,cognition_composite_score,NA
MTRF1,0.5,outputs/supplemental_figures/audits/COGNITION_LOOKUP_SELECTED_FOR_SUPPLEMENTAL_NULL.csv,cognition_composite_score,NA
MTRF1L,0.5,outputs/supplemental_figures/audits/COGNITION_LOOKUP_SELECTED_FOR_SUPPLEMENTAL_NULL.csv,cognition_composite_score,NA
MTX1,1.5,outputs/supplemental_figures/audits/COGNITION_LOOKUP_SELECTED_FOR_SUPPLEMENTAL_NULL.csv,cognition_composite_score,NA
MTX2,12.5,outputs/supplemental_figures/audits/COGNITION_LOOKUP_SELECTED_FOR_SUPPLEMENTAL_NULL.csv,cognition_composite_score,NA
MTX3,9.5,outputs/supplemental_figures/audits/COGNITION_LOOKUP_SELECTED_FOR_SUPPLEMENTAL_NULL.csv,cognition_composite_score,NA
MUL1,1.5,outputs/supplemental_figures/audits/COGNITION_LOOKUP_SELECTED_FOR_SUPPLEMENTAL_NULL.csv,cognition_composite_score,NA
NADK2,0,outputs/supplemental_figures/audits/COGNITION_LOOKUP_SELECTED_FOR_SUPPLEMENTAL_NULL.csv,cognition_composite_score,NA
NARS2,0,outputs/supplemental_figures/audits/COGNITION_LOOKUP_SELECTED_FOR_SUPPLEMENTAL_NULL.csv,cognition_composite_score,NA
NAT8L,12.5,outputs/supplemental_figures/audits/COGNITION_LOOKUP_SELECTED_FOR_SUPPLEMENTAL_NULL.csv,cognition_composite_score,NA
NBR1,0,outputs/supplemental_figures/audits/COGNITION_LOOKUP_SELECTED_FOR_SUPPLEMENTAL_NULL.csv,cognition_composite_score,NA
NDUFA10,9.5,outputs/supplemental_figures/audits/COGNITION_LOOKUP_SELECTED_FOR_SUPPLEMENTAL_NULL.csv,cognition_composite_score,NA
NDUFA11,2.5,outputs/supplemental_figures/audits/COGNITION_LOOKUP_SELECTED_FOR_SUPPLEMENTAL_NULL.csv,cognition_composite_score,NA
NDUFA12,9.5,outputs/supplemental_figures/audits/COGNITION_LOOKUP_SELECTED_FOR_SUPPLEMENTAL_NULL.csv,cognition_composite_score,NA
NDUFA13,12.5,outputs/supplemental_figures/audits/COGNITION_LOOKUP_SELECTED_FOR_SUPPLEMENTAL_NULL.csv,cognition_composite_score,NA
NDUFA2,12.5,outputs/supplemental_figures/audits/COGNITION_LOOKUP_SELECTED_FOR_SUPPLEMENTAL_NULL.csv,cognition_composite_score,NA
NDUFA3,2.5,outputs/supplemental_figures/audits/COGNITION_LOOKUP_SELECTED_FOR_SUPPLEMENTAL_NULL.csv,cognition_composite_score,NA
NDUFA4,9.5,outputs/supplemental_figures/audits/COGNITION_LOOKUP_SELECTED_FOR_SUPPLEMENTAL_NULL.csv,cognition_composite_score,NA
NDUFA5,2.5,outputs/supplemental_figures/audits/COGNITION_LOOKUP_SELECTED_FOR_SUPPLEMENTAL_NULL.csv,cognition_composite_score,NA
NDUFA6,9.5,outputs/supplemental_figures/audits/COGNITION_LOOKUP_SELECTED_FOR_SUPPLEMENTAL_NULL.csv,cognition_composite_score,NA
NDUFA7,12.5,outputs/supplemental_figures/audits/COGNITION_LOOKUP_SELECTED_FOR_SUPPLEMENTAL_NULL.csv,cognition_composite_score,NA
NDUFA8,12.5,outputs/supplemental_figures/audits/COGNITION_LOOKUP_SELECTED_FOR_SUPPLEMENTAL_NULL.csv,cognition_composite_score,NA
NDUFA9,1.5,outputs/supplemental_figures/audits/COGNITION_LOOKUP_SELECTED_FOR_SUPPLEMENTAL_NULL.csv,cognition_composite_score,NA
NDUFAB1,3.5,outputs/supplemental_figures/audits/COGNITION_LOOKUP_SELECTED_FOR_SUPPLEMENTAL_NULL.csv,cognition_composite_score,NA
NDUFAF1,0.5,outputs/supplemental_figures/audits/COGNITION_LOOKUP_SELECTED_FOR_SUPPLEMENTAL_NULL.csv,cognition_composite_score,NA
NDUFAF2,0.5,outputs/supplemental_figures/audits/COGNITION_LOOKUP_SELECTED_FOR_SUPPLEMENTAL_NULL.csv,cognition_composite_score,NA
NDUFAF3,0.5,outputs/supplemental_figures/audits/COGNITION_LOOKUP_SELECTED_FOR_SUPPLEMENTAL_NULL.csv,cognition_composite_score,NA
NDUFAF4,0.5,outputs/supplemental_figures/audits/COGNITION_LOOKUP_SELECTED_FOR_SUPPLEMENTAL_NULL.csv,cognition_composite_score,NA
NDUFAF5,5.5,outputs/supplemental_figures/audits/COGNITION_LOOKUP_SELECTED_FOR_SUPPLEMENTAL_NULL.csv,cognition_composite_score,NA
NDUFAF6,0.5,outputs/supplemental_figures/audits/COGNITION_LOOKUP_SELECTED_FOR_SUPPLEMENTAL_NULL.csv,cognition_composite_score,NA
NDUFAF7,12.5,outputs/supplemental_figures/audits/COGNITION_LOOKUP_SELECTED_FOR_SUPPLEMENTAL_NULL.csv,cognition_composite_score,NA
NDUFB1,12.5,outputs/supplemental_figures/audits/COGNITION_LOOKUP_SELECTED_FOR_SUPPLEMENTAL_NULL.csv,cognition_composite_score,NA
NDUFB10,8.5,outputs/supplemental_figures/audits/COGNITION_LOOKUP_SELECTED_FOR_SUPPLEMENTAL_NULL.csv,cognition_composite_score,NA
NDUFB11,12.5,outputs/supplemental_figures/audits/COGNITION_LOOKUP_SELECTED_FOR_SUPPLEMENTAL_NULL.csv,cognition_composite_score,NA
NDUFB2,0.5,outputs/supplemental_figures/audits/COGNITION_LOOKUP_SELECTED_FOR_SUPPLEMENTAL_NULL.csv,cognition_composite_score,NA
NDUFB3,1.5,outputs/supplemental_figures/audits/COGNITION_LOOKUP_SELECTED_FOR_SUPPLEMENTAL_NULL.csv,cognition_composite_score,NA
NDUFB4,8.5,outputs/supplemental_figures/audits/COGNITION_LOOKUP_SELECTED_FOR_SUPPLEMENTAL_NULL.csv,cognition_composite_score,NA
NDUFB5,12.5,outputs/supplemental_figures/audits/COGNITION_LOOKUP_SELECTED_FOR_SUPPLEMENTAL_NULL.csv,cognition_composite_score,NA
NDUFB6,12.5,outputs/supplemental_figures/audits/COGNITION_LOOKUP_SELECTED_FOR_SUPPLEMENTAL_NULL.csv,cognition_composite_score,NA
NDUFB7,12.5,outputs/supplemental_figures/audits/COGNITION_LOOKUP_SELECTED_FOR_SUPPLEMENTAL_NULL.csv,cognition_composite_score,NA
NDUFB8,9.5,outputs/supplemental_figures/audits/COGNITION_LOOKUP_SELECTED_FOR_SUPPLEMENTAL_NULL.csv,cognition_composite_score,NA
NDUFB9,12.5,outputs/supplemental_figures/audits/COGNITION_LOOKUP_SELECTED_FOR_SUPPLEMENTAL_NULL.csv,cognition_composite_score,NA
NDUFC1,9.5,outputs/supplemental_figures/audits/COGNITION_LOOKUP_SELECTED_FOR_SUPPLEMENTAL_NULL.csv,cognition_composite_score,NA
NDUFC2,12.5,outputs/supplemental_figures/audits/COGNITION_LOOKUP_SELECTED_FOR_SUPPLEMENTAL_NULL.csv,cognition_composite_score,NA
NDUFS1,12.5,outputs/supplemental_figures/audits/COGNITION_LOOKUP_SELECTED_FOR_SUPPLEMENTAL_NULL.csv,cognition_composite_score,NA
NDUFS2,12.5,outputs/supplemental_figures/audits/COGNITION_LOOKUP_SELECTED_FOR_SUPPLEMENTAL_NULL.csv,cognition_composite_score,NA
NDUFS3,3.5,outputs/supplemental_figures/audits/COGNITION_LOOKUP_SELECTED_FOR_SUPPLEMENTAL_NULL.csv,cognition_composite_score,NA
NDUFS4,12.5,outputs/supplemental_figures/audits/COGNITION_LOOKUP_SELECTED_FOR_SUPPLEMENTAL_NULL.csv,cognition_composite_score,NA
NDUFS5,12.5,outputs/supplemental_figures/audits/COGNITION_LOOKUP_SELECTED_FOR_SUPPLEMENTAL_NULL.csv,cognition_composite_score,NA
NDUFS6,12.5,outputs/supplemental_figures/audits/COGNITION_LOOKUP_SELECTED_FOR_SUPPLEMENTAL_NULL.csv,cognition_composite_score,NA
NDUFS7,12.5,outputs/supplemental_figures/audits/COGNITION_LOOKUP_SELECTED_FOR_SUPPLEMENTAL_NULL.csv,cognition_composite_score,NA
NDUFS8,9.5,outputs/supplemental_figures/audits/COGNITION_LOOKUP_SELECTED_FOR_SUPPLEMENTAL_NULL.csv,cognition_composite_score,NA
NDUFV1,12.5,outputs/supplemental_figures/audits/COGNITION_LOOKUP_SELECTED_FOR_SUPPLEMENTAL_NULL.csv,cognition_composite_score,NA
NDUFV2,12.5,outputs/supplemental_figures/audits/COGNITION_LOOKUP_SELECTED_FOR_SUPPLEMENTAL_NULL.csv,cognition_composite_score,NA
NDUFV3,2.5,outputs/supplemental_figures/audits/COGNITION_LOOKUP_SELECTED_FOR_SUPPLEMENTAL_NULL.csv,cognition_composite_score,NA
NFS1,12.5,outputs/supplemental_figures/audits/COGNITION_LOOKUP_SELECTED_FOR_SUPPLEMENTAL_NULL.csv,cognition_composite_score,NA
NFU1,0.5,outputs/supplemental_figures/audits/COGNITION_LOOKUP_SELECTED_FOR_SUPPLEMENTAL_NULL.csv,cognition_composite_score,NA
NGRN,0,outputs/supplemental_figures/audits/COGNITION_LOOKUP_SELECTED_FOR_SUPPLEMENTAL_NULL.csv,cognition_composite_score,NA
NIF3L1,0,outputs/supplemental_figures/audits/COGNITION_LOOKUP_SELECTED_FOR_SUPPLEMENTAL_NULL.csv,cognition_composite_score,NA
NIPSNAP1,6.5,outputs/supplemental_figures/audits/COGNITION_LOOKUP_SELECTED_FOR_SUPPLEMENTAL_NULL.csv,cognition_composite_score,NA
NIPSNAP3A,0.5,outputs/supplemental_figures/audits/COGNITION_LOOKUP_SELECTED_FOR_SUPPLEMENTAL_NULL.csv,cognition_composite_score,NA
NIPSNAP3B,0.5,outputs/supplemental_figures/audits/COGNITION_LOOKUP_SELECTED_FOR_SUPPLEMENTAL_NULL.csv,cognition_composite_score,NA
NIT1,0.5,outputs/supplemental_figures/audits/COGNITION_LOOKUP_SELECTED_FOR_SUPPLEMENTAL_NULL.csv,cognition_composite_score,NA
NIT2,0.5,outputs/supplemental_figures/audits/COGNITION_LOOKUP_SELECTED_FOR_SUPPLEMENTAL_NULL.csv,cognition_composite_score,NA
NLN,6.5,outputs/supplemental_figures/audits/COGNITION_LOOKUP_SELECTED_FOR_SUPPLEMENTAL_NULL.csv,cognition_composite_score,NA
NLRX1,0.5,outputs/supplemental_figures/audits/COGNITION_LOOKUP_SELECTED_FOR_SUPPLEMENTAL_NULL.csv,cognition_composite_score,NA
NME3,0.5,outputs/supplemental_figures/audits/COGNITION_LOOKUP_SELECTED_FOR_SUPPLEMENTAL_NULL.csv,cognition_composite_score,NA
NMNAT3,0.5,outputs/supplemental_figures/audits/COGNITION_LOOKUP_SELECTED_FOR_SUPPLEMENTAL_NULL.csv,cognition_composite_score,NA
NNT,9.5,outputs/supplemental_figures/audits/COGNITION_LOOKUP_SELECTED_FOR_SUPPLEMENTAL_NULL.csv,cognition_composite_score,NA
NOA1,8.5,outputs/supplemental_figures/audits/COGNITION_LOOKUP_SELECTED_FOR_SUPPLEMENTAL_NULL.csv,cognition_composite_score,NA
NSUN2,0,outputs/supplemental_figures/audits/COGNITION_LOOKUP_SELECTED_FOR_SUPPLEMENTAL_NULL.csv,cognition_composite_score,NA
NSUN4,5.5,outputs/supplemental_figures/audits/COGNITION_LOOKUP_SELECTED_FOR_SUPPLEMENTAL_NULL.csv,cognition_composite_score,NA
NT5DC2,0.5,outputs/supplemental_figures/audits/COGNITION_LOOKUP_SELECTED_FOR_SUPPLEMENTAL_NULL.csv,cognition_composite_score,NA
NT5DC3,9.5,outputs/supplemental_figures/audits/COGNITION_LOOKUP_SELECTED_FOR_SUPPLEMENTAL_NULL.csv,cognition_composite_score,NA
NTHL1,0.5,outputs/supplemental_figures/audits/COGNITION_LOOKUP_SELECTED_FOR_SUPPLEMENTAL_NULL.csv,cognition_composite_score,NA
NUBPL,0.5,outputs/supplemental_figures/audits/COGNITION_LOOKUP_SELECTED_FOR_SUPPLEMENTAL_NULL.csv,cognition_composite_score,NA
NUDT19,9.5,outputs/supplemental_figures/audits/COGNITION_LOOKUP_SELECTED_FOR_SUPPLEMENTAL_NULL.csv,cognition_composite_score,NA
NUDT2,0,outputs/supplemental_figures/audits/COGNITION_LOOKUP_SELECTED_FOR_SUPPLEMENTAL_NULL.csv,cognition_composite_score,NA
NUDT5,0,outputs/supplemental_figures/audits/COGNITION_LOOKUP_SELECTED_FOR_SUPPLEMENTAL_NULL.csv,cognition_composite_score,NA
NUDT6,0,outputs/supplemental_figures/audits/COGNITION_LOOKUP_SELECTED_FOR_SUPPLEMENTAL_NULL.csv,cognition_composite_score,NA
NUDT8,0,outputs/supplemental_figures/audits/COGNITION_LOOKUP_SELECTED_FOR_SUPPLEMENTAL_NULL.csv,cognition_composite_score,NA
NUDT9,0.5,outputs/supplemental_figures/audits/COGNITION_LOOKUP_SELECTED_FOR_SUPPLEMENTAL_NULL.csv,cognition_composite_score,NA
OAT,0.5,outputs/supplemental_figures/audits/COGNITION_LOOKUP_SELECTED_FOR_SUPPLEMENTAL_NULL.csv,cognition_composite_score,NA
OCIAD1,2.5,outputs/supplemental_figures/audits/COGNITION_LOOKUP_SELECTED_FOR_SUPPLEMENTAL_NULL.csv,cognition_composite_score,NA
OCIAD2,0.5,outputs/supplemental_figures/audits/COGNITION_LOOKUP_SELECTED_FOR_SUPPLEMENTAL_NULL.csv,cognition_composite_score,NA
OGDH,1.5,outputs/supplemental_figures/audits/COGNITION_LOOKUP_SELECTED_FOR_SUPPLEMENTAL_NULL.csv,cognition_composite_score,NA
OGDHL,12.5,outputs/supplemental_figures/audits/COGNITION_LOOKUP_SELECTED_FOR_SUPPLEMENTAL_NULL.csv,cognition_composite_score,NA
OMA1,0,outputs/supplemental_figures/audits/COGNITION_LOOKUP_SELECTED_FOR_SUPPLEMENTAL_NULL.csv,cognition_composite_score,NA
OPA1,1.5,outputs/supplemental_figures/audits/COGNITION_LOOKUP_SELECTED_FOR_SUPPLEMENTAL_NULL.csv,cognition_composite_score,NA
OPA3,5.5,outputs/supplemental_figures/audits/COGNITION_LOOKUP_SELECTED_FOR_SUPPLEMENTAL_NULL.csv,cognition_composite_score,NA
OSBPL1A,0.5,outputs/supplemental_figures/audits/COGNITION_LOOKUP_SELECTED_FOR_SUPPLEMENTAL_NULL.csv,cognition_composite_score,NA
OSGEPL1,3.5,outputs/supplemental_figures/audits/COGNITION_LOOKUP_SELECTED_FOR_SUPPLEMENTAL_NULL.csv,cognition_composite_score,NA
OXA1L,9.5,outputs/supplemental_figures/audits/COGNITION_LOOKUP_SELECTED_FOR_SUPPLEMENTAL_NULL.csv,cognition_composite_score,NA
OXCT1,0.5,outputs/supplemental_figures/audits/COGNITION_LOOKUP_SELECTED_FOR_SUPPLEMENTAL_NULL.csv,cognition_composite_score,NA
OXLD1,0.5,outputs/supplemental_figures/audits/COGNITION_LOOKUP_SELECTED_FOR_SUPPLEMENTAL_NULL.csv,cognition_composite_score,NA
OXNAD1,0.5,outputs/supplemental_figures/audits/COGNITION_LOOKUP_SELECTED_FOR_SUPPLEMENTAL_NULL.csv,cognition_composite_score,NA
OXR1,0.5,outputs/supplemental_figures/audits/COGNITION_LOOKUP_SELECTED_FOR_SUPPLEMENTAL_NULL.csv,cognition_composite_score,NA
OXSM,9.5,outputs/supplemental_figures/audits/COGNITION_LOOKUP_SELECTED_FOR_SUPPLEMENTAL_NULL.csv,cognition_composite_score,NA
P4HB,0.5,outputs/supplemental_figures/audits/COGNITION_LOOKUP_SELECTED_FOR_SUPPLEMENTAL_NULL.csv,cognition_composite_score,NA
PAICS,0,outputs/supplemental_figures/audits/COGNITION_LOOKUP_SELECTED_FOR_SUPPLEMENTAL_NULL.csv,cognition_composite_score,NA
PANK2,0,outputs/supplemental_figures/audits/COGNITION_LOOKUP_SELECTED_FOR_SUPPLEMENTAL_NULL.csv,cognition_composite_score,NA
PARK7,0,outputs/supplemental_figures/audits/COGNITION_LOOKUP_SELECTED_FOR_SUPPLEMENTAL_NULL.csv,cognition_composite_score,NA
PARL,0.5,outputs/supplemental_figures/audits/COGNITION_LOOKUP_SELECTED_FOR_SUPPLEMENTAL_NULL.csv,cognition_composite_score,NA
PARS2,12.5,outputs/supplemental_figures/audits/COGNITION_LOOKUP_SELECTED_FOR_SUPPLEMENTAL_NULL.csv,cognition_composite_score,NA
PC,0.5,outputs/supplemental_figures/audits/COGNITION_LOOKUP_SELECTED_FOR_SUPPLEMENTAL_NULL.csv,cognition_composite_score,NA
PCBD2,0,outputs/supplemental_figures/audits/COGNITION_LOOKUP_SELECTED_FOR_SUPPLEMENTAL_NULL.csv,cognition_composite_score,NA
PCCA,5.5,outputs/supplemental_figures/audits/COGNITION_LOOKUP_SELECTED_FOR_SUPPLEMENTAL_NULL.csv,cognition_composite_score,NA
PCCB,8.5,outputs/supplemental_figures/audits/COGNITION_LOOKUP_SELECTED_FOR_SUPPLEMENTAL_NULL.csv,cognition_composite_score,NA
PCK2,0.5,outputs/supplemental_figures/audits/COGNITION_LOOKUP_SELECTED_FOR_SUPPLEMENTAL_NULL.csv,cognition_composite_score,NA
PCMT1,0.5,outputs/supplemental_figures/audits/COGNITION_LOOKUP_SELECTED_FOR_SUPPLEMENTAL_NULL.csv,cognition_composite_score,NA
PDE12,0,outputs/supplemental_figures/audits/COGNITION_LOOKUP_SELECTED_FOR_SUPPLEMENTAL_NULL.csv,cognition_composite_score,NA
PDE2A,0.5,outputs/supplemental_figures/audits/COGNITION_LOOKUP_SELECTED_FOR_SUPPLEMENTAL_NULL.csv,cognition_composite_score,NA
PDF,0,outputs/supplemental_figures/audits/COGNITION_LOOKUP_SELECTED_FOR_SUPPLEMENTAL_NULL.csv,cognition_composite_score,NA
PDHA1,12.5,outputs/supplemental_figures/audits/COGNITION_LOOKUP_SELECTED_FOR_SUPPLEMENTAL_NULL.csv,cognition_composite_score,NA
PDHB,12.5,outputs/supplemental_figures/audits/COGNITION_LOOKUP_SELECTED_FOR_SUPPLEMENTAL_NULL.csv,cognition_composite_score,NA
PDHX,12.5,outputs/supplemental_figures/audits/COGNITION_LOOKUP_SELECTED_FOR_SUPPLEMENTAL_NULL.csv,cognition_composite_score,NA
PDIA6,0.5,outputs/supplemental_figures/audits/COGNITION_LOOKUP_SELECTED_FOR_SUPPLEMENTAL_NULL.csv,cognition_composite_score,NA
PDK1,0.5,outputs/supplemental_figures/audits/COGNITION_LOOKUP_SELECTED_FOR_SUPPLEMENTAL_NULL.csv,cognition_composite_score,NA
PDK2,0.5,outputs/supplemental_figures/audits/COGNITION_LOOKUP_SELECTED_FOR_SUPPLEMENTAL_NULL.csv,cognition_composite_score,NA
PDK3,6.5,outputs/supplemental_figures/audits/COGNITION_LOOKUP_SELECTED_FOR_SUPPLEMENTAL_NULL.csv,cognition_composite_score,NA
PDP1,9.5,outputs/supplemental_figures/audits/COGNITION_LOOKUP_SELECTED_FOR_SUPPLEMENTAL_NULL.csv,cognition_composite_score,NA
PDPR,0.5,outputs/supplemental_figures/audits/COGNITION_LOOKUP_SELECTED_FOR_SUPPLEMENTAL_NULL.csv,cognition_composite_score,NA
PET100,0.5,outputs/supplemental_figures/audits/COGNITION_LOOKUP_SELECTED_FOR_SUPPLEMENTAL_NULL.csv,cognition_composite_score,NA
PEX11B,0,outputs/supplemental_figures/audits/COGNITION_LOOKUP_SELECTED_FOR_SUPPLEMENTAL_NULL.csv,cognition_composite_score,NA
PGAM5,1.5,outputs/supplemental_figures/audits/COGNITION_LOOKUP_SELECTED_FOR_SUPPLEMENTAL_NULL.csv,cognition_composite_score,NA
PGS1,0.5,outputs/supplemental_figures/audits/COGNITION_LOOKUP_SELECTED_FOR_SUPPLEMENTAL_NULL.csv,cognition_composite_score,NA
PHB,9.5,outputs/supplemental_figures/audits/COGNITION_LOOKUP_SELECTED_FOR_SUPPLEMENTAL_NULL.csv,cognition_composite_score,NA
PHB2,6.5,outputs/supplemental_figures/audits/COGNITION_LOOKUP_SELECTED_FOR_SUPPLEMENTAL_NULL.csv,cognition_composite_score,NA
PHYH,0.5,outputs/supplemental_figures/audits/COGNITION_LOOKUP_SELECTED_FOR_SUPPLEMENTAL_NULL.csv,cognition_composite_score,NA
PICK1,6.5,outputs/supplemental_figures/audits/COGNITION_LOOKUP_SELECTED_FOR_SUPPLEMENTAL_NULL.csv,cognition_composite_score,NA
PIGBOS1,1.5,outputs/supplemental_figures/audits/COGNITION_LOOKUP_SELECTED_FOR_SUPPLEMENTAL_NULL.csv,cognition_composite_score,NA
PIN4,0,outputs/supplemental_figures/audits/COGNITION_LOOKUP_SELECTED_FOR_SUPPLEMENTAL_NULL.csv,cognition_composite_score,NA
PISD,0.5,outputs/supplemental_figures/audits/COGNITION_LOOKUP_SELECTED_FOR_SUPPLEMENTAL_NULL.csv,cognition_composite_score,NA
PITRM1,0.5,outputs/supplemental_figures/audits/COGNITION_LOOKUP_SELECTED_FOR_SUPPLEMENTAL_NULL.csv,cognition_composite_score,NA
PLGRKT,0,outputs/supplemental_figures/audits/COGNITION_LOOKUP_SELECTED_FOR_SUPPLEMENTAL_NULL.csv,cognition_composite_score,NA
PMPCA,2.5,outputs/supplemental_figures/audits/COGNITION_LOOKUP_SELECTED_FOR_SUPPLEMENTAL_NULL.csv,cognition_composite_score,NA
PMPCB,9.5,outputs/supplemental_figures/audits/COGNITION_LOOKUP_SELECTED_FOR_SUPPLEMENTAL_NULL.csv,cognition_composite_score,NA
PNKD,0.5,outputs/supplemental_figures/audits/COGNITION_LOOKUP_SELECTED_FOR_SUPPLEMENTAL_NULL.csv,cognition_composite_score,NA
PNPLA8,0.5,outputs/supplemental_figures/audits/COGNITION_LOOKUP_SELECTED_FOR_SUPPLEMENTAL_NULL.csv,cognition_composite_score,NA
PNPO,0.5,outputs/supplemental_figures/audits/COGNITION_LOOKUP_SELECTED_FOR_SUPPLEMENTAL_NULL.csv,cognition_composite_score,NA
PNPT1,0.5,outputs/supplemental_figures/audits/COGNITION_LOOKUP_SELECTED_FOR_SUPPLEMENTAL_NULL.csv,cognition_composite_score,NA
POLB,0,outputs/supplemental_figures/audits/COGNITION_LOOKUP_SELECTED_FOR_SUPPLEMENTAL_NULL.csv,cognition_composite_score,NA
POLDIP2,12.5,outputs/supplemental_figures/audits/COGNITION_LOOKUP_SELECTED_FOR_SUPPLEMENTAL_NULL.csv,cognition_composite_score,NA
POLG,0.5,outputs/supplemental_figures/audits/COGNITION_LOOKUP_SELECTED_FOR_SUPPLEMENTAL_NULL.csv,cognition_composite_score,NA
POLG2,0.5,outputs/supplemental_figures/audits/COGNITION_LOOKUP_SELECTED_FOR_SUPPLEMENTAL_NULL.csv,cognition_composite_score,NA
POLRMT,1.5,outputs/supplemental_figures/audits/COGNITION_LOOKUP_SELECTED_FOR_SUPPLEMENTAL_NULL.csv,cognition_composite_score,NA
PPA2,6.5,outputs/supplemental_figures/audits/COGNITION_LOOKUP_SELECTED_FOR_SUPPLEMENTAL_NULL.csv,cognition_composite_score,NA
PPIA,0,outputs/supplemental_figures/audits/COGNITION_LOOKUP_SELECTED_FOR_SUPPLEMENTAL_NULL.csv,cognition_composite_score,NA
PPIF,0.5,outputs/supplemental_figures/audits/COGNITION_LOOKUP_SELECTED_FOR_SUPPLEMENTAL_NULL.csv,cognition_composite_score,NA
PPM1K,2.5,outputs/supplemental_figures/audits/COGNITION_LOOKUP_SELECTED_FOR_SUPPLEMENTAL_NULL.csv,cognition_composite_score,NA
PPOX,9.5,outputs/supplemental_figures/audits/COGNITION_LOOKUP_SELECTED_FOR_SUPPLEMENTAL_NULL.csv,cognition_composite_score,NA
PPTC7,1.5,outputs/supplemental_figures/audits/COGNITION_LOOKUP_SELECTED_FOR_SUPPLEMENTAL_NULL.csv,cognition_composite_score,NA
PRDX2,0,outputs/supplemental_figures/audits/COGNITION_LOOKUP_SELECTED_FOR_SUPPLEMENTAL_NULL.csv,cognition_composite_score,NA
PRDX3,0.5,outputs/supplemental_figures/audits/COGNITION_LOOKUP_SELECTED_FOR_SUPPLEMENTAL_NULL.csv,cognition_composite_score,NA
PRDX4,0,outputs/supplemental_figures/audits/COGNITION_LOOKUP_SELECTED_FOR_SUPPLEMENTAL_NULL.csv,cognition_composite_score,NA
PRDX5,0.5,outputs/supplemental_figures/audits/COGNITION_LOOKUP_SELECTED_FOR_SUPPLEMENTAL_NULL.csv,cognition_composite_score,NA
PRDX6,0,outputs/supplemental_figures/audits/COGNITION_LOOKUP_SELECTED_FOR_SUPPLEMENTAL_NULL.csv,cognition_composite_score,NA
PREPL,0,outputs/supplemental_figures/audits/COGNITION_LOOKUP_SELECTED_FOR_SUPPLEMENTAL_NULL.csv,cognition_composite_score,NA
PRKACA,0.5,outputs/supplemental_figures/audits/COGNITION_LOOKUP_SELECTED_FOR_SUPPLEMENTAL_NULL.csv,cognition_composite_score,NA
PRODH,5.5,outputs/supplemental_figures/audits/COGNITION_LOOKUP_SELECTED_FOR_SUPPLEMENTAL_NULL.csv,cognition_composite_score,NA
PTCD3,9.5,outputs/supplemental_figures/audits/COGNITION_LOOKUP_SELECTED_FOR_SUPPLEMENTAL_NULL.csv,cognition_composite_score,NA
PTGES2,0.5,outputs/supplemental_figures/audits/COGNITION_LOOKUP_SELECTED_FOR_SUPPLEMENTAL_NULL.csv,cognition_composite_score,NA
PTPMT1,5.5,outputs/supplemental_figures/audits/COGNITION_LOOKUP_SELECTED_FOR_SUPPLEMENTAL_NULL.csv,cognition_composite_score,NA
PTRH1,0.5,outputs/supplemental_figures/audits/COGNITION_LOOKUP_SELECTED_FOR_SUPPLEMENTAL_NULL.csv,cognition_composite_score,NA
PTRH2,0.5,outputs/supplemental_figures/audits/COGNITION_LOOKUP_SELECTED_FOR_SUPPLEMENTAL_NULL.csv,cognition_composite_score,NA
PUS1,9.5,outputs/supplemental_figures/audits/COGNITION_LOOKUP_SELECTED_FOR_SUPPLEMENTAL_NULL.csv,cognition_composite_score,NA
PUSL1,0,outputs/supplemental_figures/audits/COGNITION_LOOKUP_SELECTED_FOR_SUPPLEMENTAL_NULL.csv,cognition_composite_score,NA
PYCR2,12.5,outputs/supplemental_figures/audits/COGNITION_LOOKUP_SELECTED_FOR_SUPPLEMENTAL_NULL.csv,cognition_composite_score,NA
PYURF,0.5,outputs/supplemental_figures/audits/COGNITION_LOOKUP_SELECTED_FOR_SUPPLEMENTAL_NULL.csv,cognition_composite_score,NA
QDPR,0,outputs/supplemental_figures/audits/COGNITION_LOOKUP_SELECTED_FOR_SUPPLEMENTAL_NULL.csv,cognition_composite_score,NA
QRSL1,0.5,outputs/supplemental_figures/audits/COGNITION_LOOKUP_SELECTED_FOR_SUPPLEMENTAL_NULL.csv,cognition_composite_score,NA
QTRT1,0,outputs/supplemental_figures/audits/COGNITION_LOOKUP_SELECTED_FOR_SUPPLEMENTAL_NULL.csv,cognition_composite_score,NA
RAB24,0.5,outputs/supplemental_figures/audits/COGNITION_LOOKUP_SELECTED_FOR_SUPPLEMENTAL_NULL.csv,cognition_composite_score,NA
RARS2,0.5,outputs/supplemental_figures/audits/COGNITION_LOOKUP_SELECTED_FOR_SUPPLEMENTAL_NULL.csv,cognition_composite_score,NA
RDH13,0.5,outputs/supplemental_figures/audits/COGNITION_LOOKUP_SELECTED_FOR_SUPPLEMENTAL_NULL.csv,cognition_composite_score,NA
RDH14,0.5,outputs/supplemental_figures/audits/COGNITION_LOOKUP_SELECTED_FOR_SUPPLEMENTAL_NULL.csv,cognition_composite_score,NA
REXO2,0,outputs/supplemental_figures/audits/COGNITION_LOOKUP_SELECTED_FOR_SUPPLEMENTAL_NULL.csv,cognition_composite_score,NA
RFK,1.5,outputs/supplemental_figures/audits/COGNITION_LOOKUP_SELECTED_FOR_SUPPLEMENTAL_NULL.csv,cognition_composite_score,NA
RHOT1,0.5,outputs/supplemental_figures/audits/COGNITION_LOOKUP_SELECTED_FOR_SUPPLEMENTAL_NULL.csv,cognition_composite_score,NA
RHOT2,0,outputs/supplemental_figures/audits/COGNITION_LOOKUP_SELECTED_FOR_SUPPLEMENTAL_NULL.csv,cognition_composite_score,NA
RMDN1,0.5,outputs/supplemental_figures/audits/COGNITION_LOOKUP_SELECTED_FOR_SUPPLEMENTAL_NULL.csv,cognition_composite_score,NA
RMDN3,0.5,outputs/supplemental_figures/audits/COGNITION_LOOKUP_SELECTED_FOR_SUPPLEMENTAL_NULL.csv,cognition_composite_score,NA
RMND1,0.5,outputs/supplemental_figures/audits/COGNITION_LOOKUP_SELECTED_FOR_SUPPLEMENTAL_NULL.csv,cognition_composite_score,NA
RNMTL1,0.5,outputs/supplemental_figures/audits/COGNITION_LOOKUP_SELECTED_FOR_SUPPLEMENTAL_NULL.csv,cognition_composite_score,NA
ROMO1,0.5,outputs/supplemental_figures/audits/COGNITION_LOOKUP_SELECTED_FOR_SUPPLEMENTAL_NULL.csv,cognition_composite_score,NA
RPIA,5.5,outputs/supplemental_figures/audits/COGNITION_LOOKUP_SELECTED_FOR_SUPPLEMENTAL_NULL.csv,cognition_composite_score,NA
RPL11,12.5,outputs/supplemental_figures/audits/COGNITION_LOOKUP_SELECTED_FOR_SUPPLEMENTAL_NULL.csv,cognition_composite_score,NA
RPL23,0.5,outputs/supplemental_figures/audits/COGNITION_LOOKUP_SELECTED_FOR_SUPPLEMENTAL_NULL.csv,cognition_composite_score,NA
RPL23A,4.5,outputs/supplemental_figures/audits/COGNITION_LOOKUP_SELECTED_FOR_SUPPLEMENTAL_NULL.csv,cognition_composite_score,NA
RPL31,1.5,outputs/supplemental_figures/audits/COGNITION_LOOKUP_SELECTED_FOR_SUPPLEMENTAL_NULL.csv,cognition_composite_score,NA
RPL9,1.5,outputs/supplemental_figures/audits/COGNITION_LOOKUP_SELECTED_FOR_SUPPLEMENTAL_NULL.csv,cognition_composite_score,NA
RPS10,1.5,outputs/supplemental_figures/audits/COGNITION_LOOKUP_SELECTED_FOR_SUPPLEMENTAL_NULL.csv,cognition_composite_score,NA
RPS11,1.5,outputs/supplemental_figures/audits/COGNITION_LOOKUP_SELECTED_FOR_SUPPLEMENTAL_NULL.csv,cognition_composite_score,NA
RPS15A,2.5,outputs/supplemental_figures/audits/COGNITION_LOOKUP_SELECTED_FOR_SUPPLEMENTAL_NULL.csv,cognition_composite_score,NA
RPS16,9.5,outputs/supplemental_figures/audits/COGNITION_LOOKUP_SELECTED_FOR_SUPPLEMENTAL_NULL.csv,cognition_composite_score,NA
RPS18,0,outputs/supplemental_figures/audits/COGNITION_LOOKUP_SELECTED_FOR_SUPPLEMENTAL_NULL.csv,cognition_composite_score,NA
RPS3,9.5,outputs/supplemental_figures/audits/COGNITION_LOOKUP_SELECTED_FOR_SUPPLEMENTAL_NULL.csv,cognition_composite_score,NA
RPS4X,0.5,outputs/supplemental_figures/audits/COGNITION_LOOKUP_SELECTED_FOR_SUPPLEMENTAL_NULL.csv,cognition_composite_score,NA
RPS6,1.5,outputs/supplemental_figures/audits/COGNITION_LOOKUP_SELECTED_FOR_SUPPLEMENTAL_NULL.csv,cognition_composite_score,NA
RPS8,1.5,outputs/supplemental_figures/audits/COGNITION_LOOKUP_SELECTED_FOR_SUPPLEMENTAL_NULL.csv,cognition_composite_score,NA
RPS9,5.5,outputs/supplemental_figures/audits/COGNITION_LOOKUP_SELECTED_FOR_SUPPLEMENTAL_NULL.csv,cognition_composite_score,NA
RPUSD4,0.5,outputs/supplemental_figures/audits/COGNITION_LOOKUP_SELECTED_FOR_SUPPLEMENTAL_NULL.csv,cognition_composite_score,NA
RTN4IP1,1.5,outputs/supplemental_figures/audits/COGNITION_LOOKUP_SELECTED_FOR_SUPPLEMENTAL_NULL.csv,cognition_composite_score,NA
SAMM50,1.5,outputs/supplemental_figures/audits/COGNITION_LOOKUP_SELECTED_FOR_SUPPLEMENTAL_NULL.csv,cognition_composite_score,NA
SARDH,0.5,outputs/supplemental_figures/audits/COGNITION_LOOKUP_SELECTED_FOR_SUPPLEMENTAL_NULL.csv,cognition_composite_score,NA
SARS2,6.5,outputs/supplemental_figures/audits/COGNITION_LOOKUP_SELECTED_FOR_SUPPLEMENTAL_NULL.csv,cognition_composite_score,NA
SCO1,1.5,outputs/supplemental_figures/audits/COGNITION_LOOKUP_SELECTED_FOR_SUPPLEMENTAL_NULL.csv,cognition_composite_score,NA
SCO2,0.5,outputs/supplemental_figures/audits/COGNITION_LOOKUP_SELECTED_FOR_SUPPLEMENTAL_NULL.csv,cognition_composite_score,NA
SCP2,0.5,outputs/supplemental_figures/audits/COGNITION_LOOKUP_SELECTED_FOR_SUPPLEMENTAL_NULL.csv,cognition_composite_score,NA
SDHA,2.5,outputs/supplemental_figures/audits/COGNITION_LOOKUP_SELECTED_FOR_SUPPLEMENTAL_NULL.csv,cognition_composite_score,NA
SDHAF2,2.5,outputs/supplemental_figures/audits/COGNITION_LOOKUP_SELECTED_FOR_SUPPLEMENTAL_NULL.csv,cognition_composite_score,NA
SDHB,5.5,outputs/supplemental_figures/audits/COGNITION_LOOKUP_SELECTED_FOR_SUPPLEMENTAL_NULL.csv,cognition_composite_score,NA
SDHC,0.5,outputs/supplemental_figures/audits/COGNITION_LOOKUP_SELECTED_FOR_SUPPLEMENTAL_NULL.csv,cognition_composite_score,NA
SDHD,5.5,outputs/supplemental_figures/audits/COGNITION_LOOKUP_SELECTED_FOR_SUPPLEMENTAL_NULL.csv,cognition_composite_score,NA
SDR39U1,1.5,outputs/supplemental_figures/audits/COGNITION_LOOKUP_SELECTED_FOR_SUPPLEMENTAL_NULL.csv,cognition_composite_score,NA
SDSL,0.5,outputs/supplemental_figures/audits/COGNITION_LOOKUP_SELECTED_FOR_SUPPLEMENTAL_NULL.csv,cognition_composite_score,NA
SERAC1,0.5,outputs/supplemental_figures/audits/COGNITION_LOOKUP_SELECTED_FOR_SUPPLEMENTAL_NULL.csv,cognition_composite_score,NA
SERPINH1,0.5,outputs/supplemental_figures/audits/COGNITION_LOOKUP_SELECTED_FOR_SUPPLEMENTAL_NULL.csv,cognition_composite_score,NA
SFXN1,12.5,outputs/supplemental_figures/audits/COGNITION_LOOKUP_SELECTED_FOR_SUPPLEMENTAL_NULL.csv,cognition_composite_score,NA
SFXN3,0,outputs/supplemental_figures/audits/COGNITION_LOOKUP_SELECTED_FOR_SUPPLEMENTAL_NULL.csv,cognition_composite_score,NA
SFXN4,0.5,outputs/supplemental_figures/audits/COGNITION_LOOKUP_SELECTED_FOR_SUPPLEMENTAL_NULL.csv,cognition_composite_score,NA
SFXN5,0.5,outputs/supplemental_figures/audits/COGNITION_LOOKUP_SELECTED_FOR_SUPPLEMENTAL_NULL.csv,cognition_composite_score,NA
SHMT2,2.5,outputs/supplemental_figures/audits/COGNITION_LOOKUP_SELECTED_FOR_SUPPLEMENTAL_NULL.csv,cognition_composite_score,NA
SIRT3,1.5,outputs/supplemental_figures/audits/COGNITION_LOOKUP_SELECTED_FOR_SUPPLEMENTAL_NULL.csv,cognition_composite_score,NA
SIRT5,1.5,outputs/supplemental_figures/audits/COGNITION_LOOKUP_SELECTED_FOR_SUPPLEMENTAL_NULL.csv,cognition_composite_score,NA
SLC25A1,0.5,outputs/supplemental_figures/audits/COGNITION_LOOKUP_SELECTED_FOR_SUPPLEMENTAL_NULL.csv,cognition_composite_score,NA
SLC25A10,6.5,outputs/supplemental_figures/audits/COGNITION_LOOKUP_SELECTED_FOR_SUPPLEMENTAL_NULL.csv,cognition_composite_score,NA
SLC25A11,12.5,outputs/supplemental_figures/audits/COGNITION_LOOKUP_SELECTED_FOR_SUPPLEMENTAL_NULL.csv,cognition_composite_score,NA
SLC25A12,0.5,outputs/supplemental_figures/audits/COGNITION_LOOKUP_SELECTED_FOR_SUPPLEMENTAL_NULL.csv,cognition_composite_score,NA
SLC25A13,2.5,outputs/supplemental_figures/audits/COGNITION_LOOKUP_SELECTED_FOR_SUPPLEMENTAL_NULL.csv,cognition_composite_score,NA
SLC25A14,0.5,outputs/supplemental_figures/audits/COGNITION_LOOKUP_SELECTED_FOR_SUPPLEMENTAL_NULL.csv,cognition_composite_score,NA
SLC25A15,0.5,outputs/supplemental_figures/audits/COGNITION_LOOKUP_SELECTED_FOR_SUPPLEMENTAL_NULL.csv,cognition_composite_score,NA
SLC25A16,1.5,outputs/supplemental_figures/audits/COGNITION_LOOKUP_SELECTED_FOR_SUPPLEMENTAL_NULL.csv,cognition_composite_score,NA
SLC25A18,0.5,outputs/supplemental_figures/audits/COGNITION_LOOKUP_SELECTED_FOR_SUPPLEMENTAL_NULL.csv,cognition_composite_score,NA
SLC25A19,1.5,outputs/supplemental_figures/audits/COGNITION_LOOKUP_SELECTED_FOR_SUPPLEMENTAL_NULL.csv,cognition_composite_score,NA
SLC25A20,0.5,outputs/supplemental_figures/audits/COGNITION_LOOKUP_SELECTED_FOR_SUPPLEMENTAL_NULL.csv,cognition_composite_score,NA
SLC25A22,0.5,outputs/supplemental_figures/audits/COGNITION_LOOKUP_SELECTED_FOR_SUPPLEMENTAL_NULL.csv,cognition_composite_score,NA
SLC25A23,9.5,outputs/supplemental_figures/audits/COGNITION_LOOKUP_SELECTED_FOR_SUPPLEMENTAL_NULL.csv,cognition_composite_score,NA
SLC25A24,12.5,outputs/supplemental_figures/audits/COGNITION_LOOKUP_SELECTED_FOR_SUPPLEMENTAL_NULL.csv,cognition_composite_score,NA
SLC25A25,2.5,outputs/supplemental_figures/audits/COGNITION_LOOKUP_SELECTED_FOR_SUPPLEMENTAL_NULL.csv,cognition_composite_score,NA
SLC25A26,0,outputs/supplemental_figures/audits/COGNITION_LOOKUP_SELECTED_FOR_SUPPLEMENTAL_NULL.csv,cognition_composite_score,NA
SLC25A27,6.5,outputs/supplemental_figures/audits/COGNITION_LOOKUP_SELECTED_FOR_SUPPLEMENTAL_NULL.csv,cognition_composite_score,NA
SLC25A28,0.5,outputs/supplemental_figures/audits/COGNITION_LOOKUP_SELECTED_FOR_SUPPLEMENTAL_NULL.csv,cognition_composite_score,NA
SLC25A29,0,outputs/supplemental_figures/audits/COGNITION_LOOKUP_SELECTED_FOR_SUPPLEMENTAL_NULL.csv,cognition_composite_score,NA
SLC25A3,1.5,outputs/supplemental_figures/audits/COGNITION_LOOKUP_SELECTED_FOR_SUPPLEMENTAL_NULL.csv,cognition_composite_score,NA
SLC25A32,0.5,outputs/supplemental_figures/audits/COGNITION_LOOKUP_SELECTED_FOR_SUPPLEMENTAL_NULL.csv,cognition_composite_score,NA
SLC25A33,1.5,outputs/supplemental_figures/audits/COGNITION_LOOKUP_SELECTED_FOR_SUPPLEMENTAL_NULL.csv,cognition_composite_score,NA
SLC25A36,9.5,outputs/supplemental_figures/audits/COGNITION_LOOKUP_SELECTED_FOR_SUPPLEMENTAL_NULL.csv,cognition_composite_score,NA
SLC25A4,9.5,outputs/supplemental_figures/audits/COGNITION_LOOKUP_SELECTED_FOR_SUPPLEMENTAL_NULL.csv,cognition_composite_score,NA
SLC25A40,0.5,outputs/supplemental_figures/audits/COGNITION_LOOKUP_SELECTED_FOR_SUPPLEMENTAL_NULL.csv,cognition_composite_score,NA
SLC25A42,0.5,outputs/supplemental_figures/audits/COGNITION_LOOKUP_SELECTED_FOR_SUPPLEMENTAL_NULL.csv,cognition_composite_score,NA
SLC25A44,1.5,outputs/supplemental_figures/audits/COGNITION_LOOKUP_SELECTED_FOR_SUPPLEMENTAL_NULL.csv,cognition_composite_score,NA
SLC25A46,12.5,outputs/supplemental_figures/audits/COGNITION_LOOKUP_SELECTED_FOR_SUPPLEMENTAL_NULL.csv,cognition_composite_score,NA
SLC25A5,12.5,outputs/supplemental_figures/audits/COGNITION_LOOKUP_SELECTED_FOR_SUPPLEMENTAL_NULL.csv,cognition_composite_score,NA
SLC25A51,0.5,outputs/supplemental_figures/audits/COGNITION_LOOKUP_SELECTED_FOR_SUPPLEMENTAL_NULL.csv,cognition_composite_score,NA
SLC25A6,2.5,outputs/supplemental_figures/audits/COGNITION_LOOKUP_SELECTED_FOR_SUPPLEMENTAL_NULL.csv,cognition_composite_score,NA
SLC30A9,0.5,outputs/supplemental_figures/audits/COGNITION_LOOKUP_SELECTED_FOR_SUPPLEMENTAL_NULL.csv,cognition_composite_score,NA
SLIRP,12.5,outputs/supplemental_figures/audits/COGNITION_LOOKUP_SELECTED_FOR_SUPPLEMENTAL_NULL.csv,cognition_composite_score,NA
SMDT1,0.5,outputs/supplemental_figures/audits/COGNITION_LOOKUP_SELECTED_FOR_SUPPLEMENTAL_NULL.csv,cognition_composite_score,NA
SMIM20,0.5,outputs/supplemental_figures/audits/COGNITION_LOOKUP_SELECTED_FOR_SUPPLEMENTAL_NULL.csv,cognition_composite_score,NA
SNAP29,0,outputs/supplemental_figures/audits/COGNITION_LOOKUP_SELECTED_FOR_SUPPLEMENTAL_NULL.csv,cognition_composite_score,NA
SND1,0.5,outputs/supplemental_figures/audits/COGNITION_LOOKUP_SELECTED_FOR_SUPPLEMENTAL_NULL.csv,cognition_composite_score,NA
SOD1,0,outputs/supplemental_figures/audits/COGNITION_LOOKUP_SELECTED_FOR_SUPPLEMENTAL_NULL.csv,cognition_composite_score,NA
SOD2,0.5,outputs/supplemental_figures/audits/COGNITION_LOOKUP_SELECTED_FOR_SUPPLEMENTAL_NULL.csv,cognition_composite_score,NA
SPATA20,0.5,outputs/supplemental_figures/audits/COGNITION_LOOKUP_SELECTED_FOR_SUPPLEMENTAL_NULL.csv,cognition_composite_score,NA
SPG7,12.5,outputs/supplemental_figures/audits/COGNITION_LOOKUP_SELECTED_FOR_SUPPLEMENTAL_NULL.csv,cognition_composite_score,NA
SPHK2,0,outputs/supplemental_figures/audits/COGNITION_LOOKUP_SELECTED_FOR_SUPPLEMENTAL_NULL.csv,cognition_composite_score,NA
SPHKAP,0,outputs/supplemental_figures/audits/COGNITION_LOOKUP_SELECTED_FOR_SUPPLEMENTAL_NULL.csv,cognition_composite_score,NA
SPIRE1,0,outputs/supplemental_figures/audits/COGNITION_LOOKUP_SELECTED_FOR_SUPPLEMENTAL_NULL.csv,cognition_composite_score,NA
SPR,0,outputs/supplemental_figures/audits/COGNITION_LOOKUP_SELECTED_FOR_SUPPLEMENTAL_NULL.csv,cognition_composite_score,NA
SPRYD4,0,outputs/supplemental_figures/audits/COGNITION_LOOKUP_SELECTED_FOR_SUPPLEMENTAL_NULL.csv,cognition_composite_score,NA
SPTLC2,0.5,outputs/supplemental_figures/audits/COGNITION_LOOKUP_SELECTED_FOR_SUPPLEMENTAL_NULL.csv,cognition_composite_score,NA
SSBP1,2.5,outputs/supplemental_figures/audits/COGNITION_LOOKUP_SELECTED_FOR_SUPPLEMENTAL_NULL.csv,cognition_composite_score,NA
ST13,0.5,outputs/supplemental_figures/audits/COGNITION_LOOKUP_SELECTED_FOR_SUPPLEMENTAL_NULL.csv,cognition_composite_score,NA
STARD7,0,outputs/supplemental_figures/audits/COGNITION_LOOKUP_SELECTED_FOR_SUPPLEMENTAL_NULL.csv,cognition_composite_score,NA
STOM,0.5,outputs/supplemental_figures/audits/COGNITION_LOOKUP_SELECTED_FOR_SUPPLEMENTAL_NULL.csv,cognition_composite_score,NA
STOML2,0,outputs/supplemental_figures/audits/COGNITION_LOOKUP_SELECTED_FOR_SUPPLEMENTAL_NULL.csv,cognition_composite_score,NA
STX17,0.5,outputs/supplemental_figures/audits/COGNITION_LOOKUP_SELECTED_FOR_SUPPLEMENTAL_NULL.csv,cognition_composite_score,NA
SUCLA2,6.5,outputs/supplemental_figures/audits/COGNITION_LOOKUP_SELECTED_FOR_SUPPLEMENTAL_NULL.csv,cognition_composite_score,NA
SUCLG1,6.5,outputs/supplemental_figures/audits/COGNITION_LOOKUP_SELECTED_FOR_SUPPLEMENTAL_NULL.csv,cognition_composite_score,NA
SUCLG2,0.5,outputs/supplemental_figures/audits/COGNITION_LOOKUP_SELECTED_FOR_SUPPLEMENTAL_NULL.csv,cognition_composite_score,NA
SUOX,8.5,outputs/supplemental_figures/audits/COGNITION_LOOKUP_SELECTED_FOR_SUPPLEMENTAL_NULL.csv,cognition_composite_score,NA
SUPV3L1,0.5,outputs/supplemental_figures/audits/COGNITION_LOOKUP_SELECTED_FOR_SUPPLEMENTAL_NULL.csv,cognition_composite_score,NA
SURF1,0.5,outputs/supplemental_figures/audits/COGNITION_LOOKUP_SELECTED_FOR_SUPPLEMENTAL_NULL.csv,cognition_composite_score,NA
SYNE1,0.5,outputs/supplemental_figures/audits/COGNITION_LOOKUP_SELECTED_FOR_SUPPLEMENTAL_NULL.csv,cognition_composite_score,NA
TACO1,6.5,outputs/supplemental_figures/audits/COGNITION_LOOKUP_SELECTED_FOR_SUPPLEMENTAL_NULL.csv,cognition_composite_score,NA
TAMM41,0.5,outputs/supplemental_figures/audits/COGNITION_LOOKUP_SELECTED_FOR_SUPPLEMENTAL_NULL.csv,cognition_composite_score,NA
TARS2,0.5,outputs/supplemental_figures/audits/COGNITION_LOOKUP_SELECTED_FOR_SUPPLEMENTAL_NULL.csv,cognition_composite_score,NA
TBRG4,0.5,outputs/supplemental_figures/audits/COGNITION_LOOKUP_SELECTED_FOR_SUPPLEMENTAL_NULL.csv,cognition_composite_score,NA
TDRKH,0.5,outputs/supplemental_figures/audits/COGNITION_LOOKUP_SELECTED_FOR_SUPPLEMENTAL_NULL.csv,cognition_composite_score,NA
TEFM,0.5,outputs/supplemental_figures/audits/COGNITION_LOOKUP_SELECTED_FOR_SUPPLEMENTAL_NULL.csv,cognition_composite_score,NA
TFAM,0.5,outputs/supplemental_figures/audits/COGNITION_LOOKUP_SELECTED_FOR_SUPPLEMENTAL_NULL.csv,cognition_composite_score,NA
TFB1M,0.5,outputs/supplemental_figures/audits/COGNITION_LOOKUP_SELECTED_FOR_SUPPLEMENTAL_NULL.csv,cognition_composite_score,NA
TFB2M,0,outputs/supplemental_figures/audits/COGNITION_LOOKUP_SELECTED_FOR_SUPPLEMENTAL_NULL.csv,cognition_composite_score,NA
THEM4,0.5,outputs/supplemental_figures/audits/COGNITION_LOOKUP_SELECTED_FOR_SUPPLEMENTAL_NULL.csv,cognition_composite_score,NA
THG1L,0,outputs/supplemental_figures/audits/COGNITION_LOOKUP_SELECTED_FOR_SUPPLEMENTAL_NULL.csv,cognition_composite_score,NA
THNSL1,2.5,outputs/supplemental_figures/audits/COGNITION_LOOKUP_SELECTED_FOR_SUPPLEMENTAL_NULL.csv,cognition_composite_score,NA
TIMM10,3.5,outputs/supplemental_figures/audits/COGNITION_LOOKUP_SELECTED_FOR_SUPPLEMENTAL_NULL.csv,cognition_composite_score,NA
TIMM10B,4.5,outputs/supplemental_figures/audits/COGNITION_LOOKUP_SELECTED_FOR_SUPPLEMENTAL_NULL.csv,cognition_composite_score,NA
TIMM13,6.5,outputs/supplemental_figures/audits/COGNITION_LOOKUP_SELECTED_FOR_SUPPLEMENTAL_NULL.csv,cognition_composite_score,NA
TIMM17A,0.5,outputs/supplemental_figures/audits/COGNITION_LOOKUP_SELECTED_FOR_SUPPLEMENTAL_NULL.csv,cognition_composite_score,NA
TIMM17B,0.5,outputs/supplemental_figures/audits/COGNITION_LOOKUP_SELECTED_FOR_SUPPLEMENTAL_NULL.csv,cognition_composite_score,NA
TIMM21,4.5,outputs/supplemental_figures/audits/COGNITION_LOOKUP_SELECTED_FOR_SUPPLEMENTAL_NULL.csv,cognition_composite_score,NA
TIMM22,1.5,outputs/supplemental_figures/audits/COGNITION_LOOKUP_SELECTED_FOR_SUPPLEMENTAL_NULL.csv,cognition_composite_score,NA
TIMM23,2.5,outputs/supplemental_figures/audits/COGNITION_LOOKUP_SELECTED_FOR_SUPPLEMENTAL_NULL.csv,cognition_composite_score,NA
TIMM44,6.5,outputs/supplemental_figures/audits/COGNITION_LOOKUP_SELECTED_FOR_SUPPLEMENTAL_NULL.csv,cognition_composite_score,NA
TIMM50,5.5,outputs/supplemental_figures/audits/COGNITION_LOOKUP_SELECTED_FOR_SUPPLEMENTAL_NULL.csv,cognition_composite_score,NA
TIMM8A,6.5,outputs/supplemental_figures/audits/COGNITION_LOOKUP_SELECTED_FOR_SUPPLEMENTAL_NULL.csv,cognition_composite_score,NA
TIMM8B,1.5,outputs/supplemental_figures/audits/COGNITION_LOOKUP_SELECTED_FOR_SUPPLEMENTAL_NULL.csv,cognition_composite_score,NA
TIMM9,1.5,outputs/supplemental_figures/audits/COGNITION_LOOKUP_SELECTED_FOR_SUPPLEMENTAL_NULL.csv,cognition_composite_score,NA
TIMMDC1,0.5,outputs/supplemental_figures/audits/COGNITION_LOOKUP_SELECTED_FOR_SUPPLEMENTAL_NULL.csv,cognition_composite_score,NA
TK2,0,outputs/supplemental_figures/audits/COGNITION_LOOKUP_SELECTED_FOR_SUPPLEMENTAL_NULL.csv,cognition_composite_score,NA
TMEM11,1.5,outputs/supplemental_figures/audits/COGNITION_LOOKUP_SELECTED_FOR_SUPPLEMENTAL_NULL.csv,cognition_composite_score,NA
TMEM126A,5.5,outputs/supplemental_figures/audits/COGNITION_LOOKUP_SELECTED_FOR_SUPPLEMENTAL_NULL.csv,cognition_composite_score,NA
TMEM126B,3.5,outputs/supplemental_figures/audits/COGNITION_LOOKUP_SELECTED_FOR_SUPPLEMENTAL_NULL.csv,cognition_composite_score,NA
TMEM143,0.5,outputs/supplemental_figures/audits/COGNITION_LOOKUP_SELECTED_FOR_SUPPLEMENTAL_NULL.csv,cognition_composite_score,NA
TMEM14C,0,outputs/supplemental_figures/audits/COGNITION_LOOKUP_SELECTED_FOR_SUPPLEMENTAL_NULL.csv,cognition_composite_score,NA
TMEM177,8.5,outputs/supplemental_figures/audits/COGNITION_LOOKUP_SELECTED_FOR_SUPPLEMENTAL_NULL.csv,cognition_composite_score,NA
TMEM186,0,outputs/supplemental_figures/audits/COGNITION_LOOKUP_SELECTED_FOR_SUPPLEMENTAL_NULL.csv,cognition_composite_score,NA
TMEM205,0,outputs/supplemental_figures/audits/COGNITION_LOOKUP_SELECTED_FOR_SUPPLEMENTAL_NULL.csv,cognition_composite_score,NA
TMEM65,12.5,outputs/supplemental_figures/audits/COGNITION_LOOKUP_SELECTED_FOR_SUPPLEMENTAL_NULL.csv,cognition_composite_score,NA
TMEM70,0,outputs/supplemental_figures/audits/COGNITION_LOOKUP_SELECTED_FOR_SUPPLEMENTAL_NULL.csv,cognition_composite_score,NA
TMLHE,0.5,outputs/supplemental_figures/audits/COGNITION_LOOKUP_SELECTED_FOR_SUPPLEMENTAL_NULL.csv,cognition_composite_score,NA
TOMM20,2.5,outputs/supplemental_figures/audits/COGNITION_LOOKUP_SELECTED_FOR_SUPPLEMENTAL_NULL.csv,cognition_composite_score,NA
TOMM22,0.5,outputs/supplemental_figures/audits/COGNITION_LOOKUP_SELECTED_FOR_SUPPLEMENTAL_NULL.csv,cognition_composite_score,NA
TOMM34,0.5,outputs/supplemental_figures/audits/COGNITION_LOOKUP_SELECTED_FOR_SUPPLEMENTAL_NULL.csv,cognition_composite_score,NA
TOMM40,1.5,outputs/supplemental_figures/audits/COGNITION_LOOKUP_SELECTED_FOR_SUPPLEMENTAL_NULL.csv,cognition_composite_score,NA
TOMM40L,0.5,outputs/supplemental_figures/audits/COGNITION_LOOKUP_SELECTED_FOR_SUPPLEMENTAL_NULL.csv,cognition_composite_score,NA
TOMM5,2.5,outputs/supplemental_figures/audits/COGNITION_LOOKUP_SELECTED_FOR_SUPPLEMENTAL_NULL.csv,cognition_composite_score,NA
TOMM6,0.5,outputs/supplemental_figures/audits/COGNITION_LOOKUP_SELECTED_FOR_SUPPLEMENTAL_NULL.csv,cognition_composite_score,NA
TRAP1,0.5,outputs/supplemental_figures/audits/COGNITION_LOOKUP_SELECTED_FOR_SUPPLEMENTAL_NULL.csv,cognition_composite_score,NA
TRIAP1,0,outputs/supplemental_figures/audits/COGNITION_LOOKUP_SELECTED_FOR_SUPPLEMENTAL_NULL.csv,cognition_composite_score,NA
TRMT1,0.5,outputs/supplemental_figures/audits/COGNITION_LOOKUP_SELECTED_FOR_SUPPLEMENTAL_NULL.csv,cognition_composite_score,NA
TRMT10C,9.5,outputs/supplemental_figures/audits/COGNITION_LOOKUP_SELECTED_FOR_SUPPLEMENTAL_NULL.csv,cognition_composite_score,NA
TRMT5,2.5,outputs/supplemental_figures/audits/COGNITION_LOOKUP_SELECTED_FOR_SUPPLEMENTAL_NULL.csv,cognition_composite_score,NA
TRMT61B,0.5,outputs/supplemental_figures/audits/COGNITION_LOOKUP_SELECTED_FOR_SUPPLEMENTAL_NULL.csv,cognition_composite_score,NA
TRMU,0.5,outputs/supplemental_figures/audits/COGNITION_LOOKUP_SELECTED_FOR_SUPPLEMENTAL_NULL.csv,cognition_composite_score,NA
TRNT1,0,outputs/supplemental_figures/audits/COGNITION_LOOKUP_SELECTED_FOR_SUPPLEMENTAL_NULL.csv,cognition_composite_score,NA
TRUB1,2.5,outputs/supplemental_figures/audits/COGNITION_LOOKUP_SELECTED_FOR_SUPPLEMENTAL_NULL.csv,cognition_composite_score,NA
TRUB2,0.5,outputs/supplemental_figures/audits/COGNITION_LOOKUP_SELECTED_FOR_SUPPLEMENTAL_NULL.csv,cognition_composite_score,NA
TSFM,2.5,outputs/supplemental_figures/audits/COGNITION_LOOKUP_SELECTED_FOR_SUPPLEMENTAL_NULL.csv,cognition_composite_score,NA
TSPO,0,outputs/supplemental_figures/audits/COGNITION_LOOKUP_SELECTED_FOR_SUPPLEMENTAL_NULL.csv,cognition_composite_score,NA
TST,0,outputs/supplemental_figures/audits/COGNITION_LOOKUP_SELECTED_FOR_SUPPLEMENTAL_NULL.csv,cognition_composite_score,NA
TSTD1,0.5,outputs/supplemental_figures/audits/COGNITION_LOOKUP_SELECTED_FOR_SUPPLEMENTAL_NULL.csv,cognition_composite_score,NA
TTC19,5.5,outputs/supplemental_figures/audits/COGNITION_LOOKUP_SELECTED_FOR_SUPPLEMENTAL_NULL.csv,cognition_composite_score,NA
TUBB,0,outputs/supplemental_figures/audits/COGNITION_LOOKUP_SELECTED_FOR_SUPPLEMENTAL_NULL.csv,cognition_composite_score,NA
TUBB4B,0,outputs/supplemental_figures/audits/COGNITION_LOOKUP_SELECTED_FOR_SUPPLEMENTAL_NULL.csv,cognition_composite_score,NA
TUFM,9.5,outputs/supplemental_figures/audits/COGNITION_LOOKUP_SELECTED_FOR_SUPPLEMENTAL_NULL.csv,cognition_composite_score,NA
TXN2,0.5,outputs/supplemental_figures/audits/COGNITION_LOOKUP_SELECTED_FOR_SUPPLEMENTAL_NULL.csv,cognition_composite_score,NA
TXNRD1,0,outputs/supplemental_figures/audits/COGNITION_LOOKUP_SELECTED_FOR_SUPPLEMENTAL_NULL.csv,cognition_composite_score,NA
TXNRD2,0,outputs/supplemental_figures/audits/COGNITION_LOOKUP_SELECTED_FOR_SUPPLEMENTAL_NULL.csv,cognition_composite_score,NA
UNG,1.5,outputs/supplemental_figures/audits/COGNITION_LOOKUP_SELECTED_FOR_SUPPLEMENTAL_NULL.csv,cognition_composite_score,NA
UQCC1,0.5,outputs/supplemental_figures/audits/COGNITION_LOOKUP_SELECTED_FOR_SUPPLEMENTAL_NULL.csv,cognition_composite_score,NA
UQCC2,0.5,outputs/supplemental_figures/audits/COGNITION_LOOKUP_SELECTED_FOR_SUPPLEMENTAL_NULL.csv,cognition_composite_score,NA
UQCR10,2.5,outputs/supplemental_figures/audits/COGNITION_LOOKUP_SELECTED_FOR_SUPPLEMENTAL_NULL.csv,cognition_composite_score,NA
UQCR11,0,outputs/supplemental_figures/audits/COGNITION_LOOKUP_SELECTED_FOR_SUPPLEMENTAL_NULL.csv,cognition_composite_score,NA
UQCRB,9.5,outputs/supplemental_figures/audits/COGNITION_LOOKUP_SELECTED_FOR_SUPPLEMENTAL_NULL.csv,cognition_composite_score,NA
UQCRC1,12.5,outputs/supplemental_figures/audits/COGNITION_LOOKUP_SELECTED_FOR_SUPPLEMENTAL_NULL.csv,cognition_composite_score,NA
UQCRC2,12.5,outputs/supplemental_figures/audits/COGNITION_LOOKUP_SELECTED_FOR_SUPPLEMENTAL_NULL.csv,cognition_composite_score,NA
UQCRFS1,12.5,outputs/supplemental_figures/audits/COGNITION_LOOKUP_SELECTED_FOR_SUPPLEMENTAL_NULL.csv,cognition_composite_score,NA
UQCRH,1.5,outputs/supplemental_figures/audits/COGNITION_LOOKUP_SELECTED_FOR_SUPPLEMENTAL_NULL.csv,cognition_composite_score,NA
UQCRQ,12.5,outputs/supplemental_figures/audits/COGNITION_LOOKUP_SELECTED_FOR_SUPPLEMENTAL_NULL.csv,cognition_composite_score,NA
USP30,0.5,outputs/supplemental_figures/audits/COGNITION_LOOKUP_SELECTED_FOR_SUPPLEMENTAL_NULL.csv,cognition_composite_score,NA
VARS2,0.5,outputs/supplemental_figures/audits/COGNITION_LOOKUP_SELECTED_FOR_SUPPLEMENTAL_NULL.csv,cognition_composite_score,NA
VDAC1,0.5,outputs/supplemental_figures/audits/COGNITION_LOOKUP_SELECTED_FOR_SUPPLEMENTAL_NULL.csv,cognition_composite_score,NA
VDAC2,0.5,outputs/supplemental_figures/audits/COGNITION_LOOKUP_SELECTED_FOR_SUPPLEMENTAL_NULL.csv,cognition_composite_score,NA
VDAC3,0,outputs/supplemental_figures/audits/COGNITION_LOOKUP_SELECTED_FOR_SUPPLEMENTAL_NULL.csv,cognition_composite_score,NA
VPS13D,0.5,outputs/supplemental_figures/audits/COGNITION_LOOKUP_SELECTED_FOR_SUPPLEMENTAL_NULL.csv,cognition_composite_score,NA
VWA8,0,outputs/supplemental_figures/audits/COGNITION_LOOKUP_SELECTED_FOR_SUPPLEMENTAL_NULL.csv,cognition_composite_score,NA
WARS2,3.5,outputs/supplemental_figures/audits/COGNITION_LOOKUP_SELECTED_FOR_SUPPLEMENTAL_NULL.csv,cognition_composite_score,NA
XPNPEP3,8.5,outputs/supplemental_figures/audits/COGNITION_LOOKUP_SELECTED_FOR_SUPPLEMENTAL_NULL.csv,cognition_composite_score,NA
YARS2,9.5,outputs/supplemental_figures/audits/COGNITION_LOOKUP_SELECTED_FOR_SUPPLEMENTAL_NULL.csv,cognition_composite_score,NA
YME1L1,0.5,outputs/supplemental_figures/audits/COGNITION_LOOKUP_SELECTED_FOR_SUPPLEMENTAL_NULL.csv,cognition_composite_score,NA
YRDC,0,outputs/supplemental_figures/audits/COGNITION_LOOKUP_SELECTED_FOR_SUPPLEMENTAL_NULL.csv,cognition_composite_score,NA
YWHAE,0,outputs/supplemental_figures/audits/COGNITION_LOOKUP_SELECTED_FOR_SUPPLEMENTAL_NULL.csv,cognition_composite_score,NA
ZADH2,0.5,outputs/supplemental_figures/audits/COGNITION_LOOKUP_SELECTED_FOR_SUPPLEMENTAL_NULL.csv,cognition_composite_score,NA
