source_table,gene,braak_metric_source,braak_metric_model,inverse_braak_magnitude,inverse_braak_beta_adjusted,braak_beta_adjusted,braak_p_adjusted,n_adjusted,protein_collapse_magnitude,cognition_composite_score,cognition_metric_source,cognition_component_source,n_cognition_components,matching_abundance,abundance_bin,agora_nominated_target,is_hsp60_10_client,collapse_rank,inverse_braak_rank,cognition_rank
hsp_null_tbl,AARS2,covariate_adjusted_no_CERAD,protein_z ~ braak_z + age_z + sex + pmi_z,0.03342059769244286,0.03342059769244286,-0.03342059769244286,0.7713698961902831,117,0.05851602284238769,0.5,/Users/ashlynsloane/Buck Institute 25-26/ROSMAP Analysis March 26/hsp60_rosmap_publication_ready_repo/outputs/supplemental_figures/audits/COGNITION_LOOKUP_SELECTED_FOR_SUPPLEMENTAL_NULL.csv,cognition_composite_score,NA,0.05851602284238769,3,0,TRUE,0.3745704467353952,0.3333333333333333,0.14432989690721648
hsp_null_tbl,ABHD10,covariate_adjusted_no_CERAD,protein_z ~ braak_z + age_z + sex + pmi_z,0.1071189267457489,0.1071189267457489,-0.1071189267457489,0.3860692151834253,117,0.10412245833701578,1.5,/Users/ashlynsloane/Buck Institute 25-26/ROSMAP Analysis March 26/hsp60_rosmap_publication_ready_repo/outputs/supplemental_figures/audits/COGNITION_LOOKUP_SELECTED_FOR_SUPPLEMENTAL_NULL.csv,cognition_composite_score,NA,0.10412245833701578,5,0,TRUE,0.5670103092783505,0.5979381443298969,0.44673539518900346
hsp_null_tbl,ABHD11,covariate_adjusted_no_CERAD,protein_z ~ braak_z + age_z + sex + pmi_z,-0.0025771538097815907,-0.0025771538097815907,0.0025771538097815907,0.9816307695047692,117,0.11528379308674644,9.5,/Users/ashlynsloane/Buck Institute 25-26/ROSMAP Analysis March 26/hsp60_rosmap_publication_ready_repo/outputs/supplemental_figures/audits/COGNITION_LOOKUP_SELECTED_FOR_SUPPLEMENTAL_NULL.csv,cognition_composite_score,NA,0.11528379308674644,5,0,TRUE,0.6288659793814433,0.7628865979381443,0.7525773195876289
hsp_null_tbl,ACAA2,covariate_adjusted_no_CERAD,protein_z ~ braak_z + age_z + sex + pmi_z,0.2878263468204781,0.2878263468204781,-0.2878263468204781,0.007025305275553541,117,2.3353562605216624e-4,0.5,/Users/ashlynsloane/Buck Institute 25-26/ROSMAP Analysis March 26/hsp60_rosmap_publication_ready_repo/outputs/supplemental_figures/audits/COGNITION_LOOKUP_SELECTED_FOR_SUPPLEMENTAL_NULL.csv,cognition_composite_score,NA,2.3353562605216624e-4,1,0,TRUE,0.15463917525773196,0.13402061855670103,0.14432989690721648
hsp_null_tbl,ACAD9,covariate_adjusted_no_CERAD,protein_z ~ braak_z + age_z + sex + pmi_z,0.06131130800737623,0.06131130800737623,-0.06131130800737623,0.566411966719802,117,0.11995537057963726,1.5,/Users/ashlynsloane/Buck Institute 25-26/ROSMAP Analysis March 26/hsp60_rosmap_publication_ready_repo/outputs/supplemental_figures/audits/COGNITION_LOOKUP_SELECTED_FOR_SUPPLEMENTAL_NULL.csv,cognition_composite_score,NA,0.11995537057963726,5,0,TRUE,0.6632302405498282,0.6185567010309279,0.44673539518900346
hsp_null_tbl,ACADVL,covariate_adjusted_no_CERAD,protein_z ~ braak_z + age_z + sex + pmi_z,-0.054495071083714035,-0.054495071083714035,0.054495071083714035,0.6496631470615165,117,0.04388821489181965,8.5,/Users/ashlynsloane/Buck Institute 25-26/ROSMAP Analysis March 26/hsp60_rosmap_publication_ready_repo/outputs/supplemental_figures/audits/COGNITION_LOOKUP_SELECTED_FOR_SUPPLEMENTAL_NULL.csv,cognition_composite_score,NA,0.04388821489181965,3,0,TRUE,0.30584192439862545,0.41924398625429554,0.7319587628865979
hsp_null_tbl,ACAT1,covariate_adjusted_no_CERAD,protein_z ~ braak_z + age_z + sex + pmi_z,0.04794184910449133,0.04794184910449133,-0.04794184910449133,0.7056761252202575,117,0.00459778586067567,0,/Users/ashlynsloane/Buck Institute 25-26/ROSMAP Analysis March 26/hsp60_rosmap_publication_ready_repo/outputs/supplemental_figures/audits/COGNITION_LOOKUP_SELECTED_FOR_SUPPLEMENTAL_NULL.csv,cognition_composite_score,NA,0.00459778586067567,1,0,TRUE,0.1718213058419244,0.17869415807560138,0
hsp_null_tbl,ACO2,covariate_adjusted_no_CERAD,protein_z ~ braak_z + age_z + sex + pmi_z,0.1299126582058916,0.1299126582058916,-0.1299126582058916,0.26342934025998843,117,0.1783707260781702,3.5,/Users/ashlynsloane/Buck Institute 25-26/ROSMAP Analysis March 26/hsp60_rosmap_publication_ready_repo/outputs/supplemental_figures/audits/COGNITION_LOOKUP_SELECTED_FOR_SUPPLEMENTAL_NULL.csv,cognition_composite_score,NA,0.1783707260781702,5,0,TRUE,0.8831615120274914,0.8831615120274914,0.6219931271477663
hsp_null_tbl,ACOT13,covariate_adjusted_no_CERAD,protein_z ~ braak_z + age_z + sex + pmi_z,5.811270911173947e-4,5.811270911173947e-4,-5.811270911173947e-4,0.9958542117858098,117,0.13652043463592092,0.5,/Users/ashlynsloane/Buck Institute 25-26/ROSMAP Analysis March 26/hsp60_rosmap_publication_ready_repo/outputs/supplemental_figures/audits/COGNITION_LOOKUP_SELECTED_FOR_SUPPLEMENTAL_NULL.csv,cognition_composite_score,NA,0.13652043463592092,5,0,TRUE,0.738831615120275,0.8350515463917526,0.14432989690721648
hsp_null_tbl,ACSF3,covariate_adjusted_no_CERAD,protein_z ~ braak_z + age_z + sex + pmi_z,-0.028441225576821,-0.028441225576821,0.028441225576821,0.7979612984386484,117,0.09319662211268334,2.5,/Users/ashlynsloane/Buck Institute 25-26/ROSMAP Analysis March 26/hsp60_rosmap_publication_ready_repo/outputs/supplemental_figures/audits/COGNITION_LOOKUP_SELECTED_FOR_SUPPLEMENTAL_NULL.csv,cognition_composite_score,NA,0.09319662211268334,4,0,TRUE,0.5189003436426117,0.5051546391752577,0.5395189003436426
hsp_null_tbl,AFG3L2,covariate_adjusted_no_CERAD,protein_z ~ braak_z + age_z + sex + pmi_z,-0.020822636030031615,-0.020822636030031615,0.020822636030031615,0.8599349932524423,117,0.12858114218264358,12.5,/Users/ashlynsloane/Buck Institute 25-26/ROSMAP Analysis March 26/hsp60_rosmap_publication_ready_repo/outputs/supplemental_figures/audits/COGNITION_LOOKUP_SELECTED_FOR_SUPPLEMENTAL_NULL.csv,cognition_composite_score,NA,0.12858114218264358,5,0,TRUE,0.7044673539518901,0.718213058419244,0.8694158075601375
hsp_null_tbl,AIFM1,covariate_adjusted_no_CERAD,protein_z ~ braak_z + age_z + sex + pmi_z,-0.0227010650424237,-0.0227010650424237,0.0227010650424237,0.8334268965417136,117,0.11107249639895,9.5,/Users/ashlynsloane/Buck Institute 25-26/ROSMAP Analysis March 26/hsp60_rosmap_publication_ready_repo/outputs/supplemental_figures/audits/COGNITION_LOOKUP_SELECTED_FOR_SUPPLEMENTAL_NULL.csv,cognition_composite_score,NA,0.11107249639895,5,0,TRUE,0.5910652920962199,0.6769759450171822,0.7525773195876289
hsp_null_tbl,AK2,covariate_adjusted_no_CERAD,protein_z ~ braak_z + age_z + sex + pmi_z,0.07348920670521795,0.07348920670521795,-0.07348920670521795,0.5300366317081454,117,-0.0220526211293345,0.5,/Users/ashlynsloane/Buck Institute 25-26/ROSMAP Analysis March 26/hsp60_rosmap_publication_ready_repo/outputs/supplemental_figures/audits/COGNITION_LOOKUP_SELECTED_FOR_SUPPLEMENTAL_NULL.csv,cognition_composite_score,NA,0.0220526211293345,2,0,TRUE,0.10309278350515463,0.07216494845360824,0.14432989690721648
hsp_null_tbl,AK3,covariate_adjusted_no_CERAD,protein_z ~ braak_z + age_z + sex + pmi_z,0.023582923148832927,0.023582923148832927,-0.023582923148832927,0.8139525362754032,117,-0.0643293334940378,0.5,/Users/ashlynsloane/Buck Institute 25-26/ROSMAP Analysis March 26/hsp60_rosmap_publication_ready_repo/outputs/supplemental_figures/audits/COGNITION_LOOKUP_SELECTED_FOR_SUPPLEMENTAL_NULL.csv,cognition_composite_score,NA,0.0643293334940378,4,0,TRUE,0.041237113402061855,0.03436426116838488,0.14432989690721648
hsp_null_tbl,AK4,covariate_adjusted_no_CERAD,protein_z ~ braak_z + age_z + sex + pmi_z,-0.2291375051343326,-0.2291375051343326,0.2291375051343326,0.045932001227075005,117,-0.01182518844354438,0.5,/Users/ashlynsloane/Buck Institute 25-26/ROSMAP Analysis March 26/hsp60_rosmap_publication_ready_repo/outputs/supplemental_figures/audits/COGNITION_LOOKUP_SELECTED_FOR_SUPPLEMENTAL_NULL.csv,cognition_composite_score,NA,0.01182518844354438,1,0,TRUE,0.12371134020618557,0.18900343642611683,0.14432989690721648
hsp_null_tbl,AKR7A2,covariate_adjusted_no_CERAD,protein_z ~ braak_z + age_z + sex + pmi_z,-0.13273390148247297,-0.13273390148247297,0.13273390148247297,0.2593431977349023,117,-0.11862585214220164,0,/Users/ashlynsloane/Buck Institute 25-26/ROSMAP Analysis March 26/hsp60_rosmap_publication_ready_repo/outputs/supplemental_figures/audits/COGNITION_LOOKUP_SELECTED_FOR_SUPPLEMENTAL_NULL.csv,cognition_composite_score,NA,0.11862585214220164,5,0,TRUE,0.01718213058419244,0.01718213058419244,0
hsp_null_tbl,ALDH18A1,covariate_adjusted_no_CERAD,protein_z ~ braak_z + age_z + sex + pmi_z,-0.11322304984095496,-0.11322304984095496,0.11322304984095496,0.2601710885358104,117,0.00903534583400907,0.5,/Users/ashlynsloane/Buck Institute 25-26/ROSMAP Analysis March 26/hsp60_rosmap_publication_ready_repo/outputs/supplemental_figures/audits/COGNITION_LOOKUP_SELECTED_FOR_SUPPLEMENTAL_NULL.csv,cognition_composite_score,NA,0.00903534583400907,1,0,TRUE,0.18556701030927836,0.12027491408934708,0.14432989690721648
hsp_null_tbl,ALDH1B1,covariate_adjusted_no_CERAD,protein_z ~ braak_z + age_z + sex + pmi_z,0.013636550068584061,0.013636550068584061,-0.013636550068584061,0.8986014084346265,117,0.10166169346803132,0.5,/Users/ashlynsloane/Buck Institute 25-26/ROSMAP Analysis March 26/hsp60_rosmap_publication_ready_repo/outputs/supplemental_figures/audits/COGNITION_LOOKUP_SELECTED_FOR_SUPPLEMENTAL_NULL.csv,cognition_composite_score,NA,0.10166169346803132,5,0,TRUE,0.5532646048109966,0.5360824742268041,0.14432989690721648
hsp_null_tbl,ALDH2,covariate_adjusted_no_CERAD,protein_z ~ braak_z + age_z + sex + pmi_z,0.24798190786777244,0.24798190786777244,-0.24798190786777244,0.0301399502331983,117,0.0361968627861355,0.5,/Users/ashlynsloane/Buck Institute 25-26/ROSMAP Analysis March 26/hsp60_rosmap_publication_ready_repo/outputs/supplemental_figures/audits/COGNITION_LOOKUP_SELECTED_FOR_SUPPLEMENTAL_NULL.csv,cognition_composite_score,NA,0.0361968627861355,3,0,TRUE,0.27147766323024053,0.3951890034364261,0.14432989690721648
hsp_null_tbl,ALDH5A1,covariate_adjusted_no_CERAD,protein_z ~ braak_z + age_z + sex + pmi_z,-0.08339393719145387,-0.08339393719145387,0.08339393719145387,0.42548674876300085,117,0.09062609657304814,1.5,/Users/ashlynsloane/Buck Institute 25-26/ROSMAP Analysis March 26/hsp60_rosmap_publication_ready_repo/outputs/supplemental_figures/audits/COGNITION_LOOKUP_SELECTED_FOR_SUPPLEMENTAL_NULL.csv,cognition_composite_score,NA,0.09062609657304814,4,0,TRUE,0.5017182130584192,0.5807560137457045,0.44673539518900346
hsp_null_tbl,ALDH7A1,covariate_adjusted_no_CERAD,protein_z ~ braak_z + age_z + sex + pmi_z,0.09865954182256333,0.09865954182256333,-0.09865954182256333,0.3924406329654354,117,-0.05166724368830178,0,/Users/ashlynsloane/Buck Institute 25-26/ROSMAP Analysis March 26/hsp60_rosmap_publication_ready_repo/outputs/supplemental_figures/audits/COGNITION_LOOKUP_SELECTED_FOR_SUPPLEMENTAL_NULL.csv,cognition_composite_score,NA,0.05166724368830178,3,0,TRUE,0.058419243986254296,0.18213058419243985,0
hsp_null_tbl,ALDH9A1,covariate_adjusted_no_CERAD,protein_z ~ braak_z + age_z + sex + pmi_z,0.046472391275750154,0.046472391275750154,-0.046472391275750154,0.6202575184347032,117,-0.19268921105960535,0,/Users/ashlynsloane/Buck Institute 25-26/ROSMAP Analysis March 26/hsp60_rosmap_publication_ready_repo/outputs/supplemental_figures/audits/COGNITION_LOOKUP_SELECTED_FOR_SUPPLEMENTAL_NULL.csv,cognition_composite_score,NA,0.19268921105960535,5,0,TRUE,0.006872852233676976,0.006872852233676976,0
hsp_null_tbl,ALYREF,covariate_adjusted_no_CERAD,protein_z ~ braak_z + age_z + sex + pmi_z,0.11214582244747456,0.11214582244747456,-0.11214582244747456,0.23125814577184753,117,0.00174582019050252,0,/Users/ashlynsloane/Buck Institute 25-26/ROSMAP Analysis March 26/hsp60_rosmap_publication_ready_repo/outputs/supplemental_figures/audits/COGNITION_LOOKUP_SELECTED_FOR_SUPPLEMENTAL_NULL.csv,cognition_composite_score,NA,0.00174582019050252,1,0,TRUE,0.16494845360824742,0.15120274914089346,0
hsp_null_tbl,ARL2,covariate_adjusted_no_CERAD,protein_z ~ braak_z + age_z + sex + pmi_z,0.15217615906730889,0.15217615906730889,-0.15217615906730889,0.13051060108392099,117,-0.03473028785720124,0.5,/Users/ashlynsloane/Buck Institute 25-26/ROSMAP Analysis March 26/hsp60_rosmap_publication_ready_repo/outputs/supplemental_figures/audits/COGNITION_LOOKUP_SELECTED_FOR_SUPPLEMENTAL_NULL.csv,cognition_composite_score,NA,0.03473028785720124,2,0,TRUE,0.0859106529209622,0.1134020618556701,0.14432989690721648
hsp_null_tbl,ATAD3A,covariate_adjusted_no_CERAD,protein_z ~ braak_z + age_z + sex + pmi_z,-0.02786023904753541,-0.02786023904753541,0.02786023904753541,0.7907240549501349,117,0.08961867979454002,12.5,/Users/ashlynsloane/Buck Institute 25-26/ROSMAP Analysis March 26/hsp60_rosmap_publication_ready_repo/outputs/supplemental_figures/audits/COGNITION_LOOKUP_SELECTED_FOR_SUPPLEMENTAL_NULL.csv,cognition_composite_score,NA,0.08961867979454002,4,0,TRUE,0.49828178694158076,0.4742268041237113,0.8694158075601375
hsp_null_tbl,BCAT2,covariate_adjusted_no_CERAD,protein_z ~ braak_z + age_z + sex + pmi_z,0.24837365580542892,0.24837365580542892,-0.24837365580542892,0.011718249416153183,117,0.03889657109743214,0.5,/Users/ashlynsloane/Buck Institute 25-26/ROSMAP Analysis March 26/hsp60_rosmap_publication_ready_repo/outputs/supplemental_figures/audits/COGNITION_LOOKUP_SELECTED_FOR_SUPPLEMENTAL_NULL.csv,cognition_composite_score,NA,0.03889657109743214,3,0,TRUE,0.28865979381443296,0.07903780068728522,0.14432989690721648
hsp_null_tbl,BCKDHB,covariate_adjusted_no_CERAD,protein_z ~ braak_z + age_z + sex + pmi_z,0.23712768083109395,0.23712768083109395,-0.23712768083109395,0.03829178761192118,117,0.03730175528776751,12.5,/Users/ashlynsloane/Buck Institute 25-26/ROSMAP Analysis March 26/hsp60_rosmap_publication_ready_repo/outputs/supplemental_figures/audits/COGNITION_LOOKUP_SELECTED_FOR_SUPPLEMENTAL_NULL.csv,cognition_composite_score,NA,0.03730175528776751,3,0,TRUE,0.281786941580756,0.3402061855670103,0.8694158075601375
hsp_null_tbl,BCKDK,covariate_adjusted_no_CERAD,protein_z ~ braak_z + age_z + sex + pmi_z,0.17277928441359858,0.17277928441359858,-0.17277928441359858,0.13402165679509095,117,0.10258704148345787,0.5,/Users/ashlynsloane/Buck Institute 25-26/ROSMAP Analysis March 26/hsp60_rosmap_publication_ready_repo/outputs/supplemental_figures/audits/COGNITION_LOOKUP_SELECTED_FOR_SUPPLEMENTAL_NULL.csv,cognition_composite_score,NA,0.10258704148345787,5,0,TRUE,0.5567010309278351,0.5463917525773195,0.14432989690721648
hsp_null_tbl,BCS1L,covariate_adjusted_no_CERAD,protein_z ~ braak_z + age_z + sex + pmi_z,0.20739607569230087,0.20739607569230087,-0.20739607569230087,0.040911717863033756,117,0.05149818860129921,3.5,/Users/ashlynsloane/Buck Institute 25-26/ROSMAP Analysis March 26/hsp60_rosmap_publication_ready_repo/outputs/supplemental_figures/audits/COGNITION_LOOKUP_SELECTED_FOR_SUPPLEMENTAL_NULL.csv,cognition_composite_score,NA,0.05149818860129921,3,0,TRUE,0.3436426116838488,0.33676975945017185,0.6219931271477663
hsp_null_tbl,C1QBP,covariate_adjusted_no_CERAD,protein_z ~ braak_z + age_z + sex + pmi_z,0.03851738073260115,0.03851738073260115,-0.03851738073260115,0.7360788964917566,117,0.08065933089199484,0.5,/Users/ashlynsloane/Buck Institute 25-26/ROSMAP Analysis March 26/hsp60_rosmap_publication_ready_repo/outputs/supplemental_figures/audits/COGNITION_LOOKUP_SELECTED_FOR_SUPPLEMENTAL_NULL.csv,cognition_composite_score,NA,0.08065933089199484,4,0,TRUE,0.45017182130584193,0.570446735395189,0.14432989690721648
hsp_null_tbl,CARS2,covariate_adjusted_no_CERAD,protein_z ~ braak_z + age_z + sex + pmi_z,-0.009369748823252923,-0.009369748823252923,0.009369748823252923,0.931063769849472,117,0.05283232976445155,0.5,/Users/ashlynsloane/Buck Institute 25-26/ROSMAP Analysis March 26/hsp60_rosmap_publication_ready_repo/outputs/supplemental_figures/audits/COGNITION_LOOKUP_SELECTED_FOR_SUPPLEMENTAL_NULL.csv,cognition_composite_score,NA,0.05283232976445155,3,0,TRUE,0.3470790378006873,0.17525773195876287,0.14432989690721648
hsp_null_tbl,CBR4,covariate_adjusted_no_CERAD,protein_z ~ braak_z + age_z + sex + pmi_z,0.03240308616318518,0.03240308616318518,-0.03240308616318518,0.7663415107435957,117,-0.04662838183233309,0.5,/Users/ashlynsloane/Buck Institute 25-26/ROSMAP Analysis March 26/hsp60_rosmap_publication_ready_repo/outputs/supplemental_figures/audits/COGNITION_LOOKUP_SELECTED_FOR_SUPPLEMENTAL_NULL.csv,cognition_composite_score,NA,0.04662838183233309,3,0,TRUE,0.06872852233676977,0.037800687285223365,0.14432989690721648
hsp_null_tbl,CCDC90B,covariate_adjusted_no_CERAD,protein_z ~ braak_z + age_z + sex + pmi_z,-0.09444939109344927,-0.09444939109344927,0.09444939109344927,0.3860390932165295,117,-0.01999245463667029,0,/Users/ashlynsloane/Buck Institute 25-26/ROSMAP Analysis March 26/hsp60_rosmap_publication_ready_repo/outputs/supplemental_figures/audits/COGNITION_LOOKUP_SELECTED_FOR_SUPPLEMENTAL_NULL.csv,cognition_composite_score,NA,0.01999245463667029,2,0,TRUE,0.10996563573883161,0.14776632302405499,0
hsp_null_tbl,CCT3,covariate_adjusted_no_CERAD,protein_z ~ braak_z + age_z + sex + pmi_z,0.06758839692575638,0.06758839692575638,-0.06758839692575638,0.5467974506482596,117,0.00588562318702158,0,/Users/ashlynsloane/Buck Institute 25-26/ROSMAP Analysis March 26/hsp60_rosmap_publication_ready_repo/outputs/supplemental_figures/audits/COGNITION_LOOKUP_SELECTED_FOR_SUPPLEMENTAL_NULL.csv,cognition_composite_score,NA,0.00588562318702158,1,0,TRUE,0.17869415807560138,0.2508591065292096,0
hsp_null_tbl,CCT6A,covariate_adjusted_no_CERAD,protein_z ~ braak_z + age_z + sex + pmi_z,-0.0376652785147464,-0.0376652785147464,0.0376652785147464,0.7389768950747837,117,0.01376792869756141,0,/Users/ashlynsloane/Buck Institute 25-26/ROSMAP Analysis March 26/hsp60_rosmap_publication_ready_repo/outputs/supplemental_figures/audits/COGNITION_LOOKUP_SELECTED_FOR_SUPPLEMENTAL_NULL.csv,cognition_composite_score,NA,0.01376792869756141,1,0,TRUE,0.1958762886597938,0.2646048109965636,0
hsp_null_tbl,CHCHD1,covariate_adjusted_no_CERAD,protein_z ~ braak_z + age_z + sex + pmi_z,-0.13974491367354352,-0.13974491367354352,0.13974491367354352,0.27127620831861093,113,0.1572125451114117,0.5,/Users/ashlynsloane/Buck Institute 25-26/ROSMAP Analysis March 26/hsp60_rosmap_publication_ready_repo/outputs/supplemental_figures/audits/COGNITION_LOOKUP_SELECTED_FOR_SUPPLEMENTAL_NULL.csv,cognition_composite_score,NA,0.1572125451114117,5,0,TRUE,0.8213058419243986,0.8247422680412371,0.14432989690721648
hsp_null_tbl,CLPP,covariate_adjusted_no_CERAD,protein_z ~ braak_z + age_z + sex + pmi_z,0.10917334141692842,0.10917334141692842,-0.10917334141692842,0.3083004540747199,117,-0.00742909094408654,0,/Users/ashlynsloane/Buck Institute 25-26/ROSMAP Analysis March 26/hsp60_rosmap_publication_ready_repo/outputs/supplemental_figures/audits/COGNITION_LOOKUP_SELECTED_FOR_SUPPLEMENTAL_NULL.csv,cognition_composite_score,NA,0.00742909094408654,1,0,TRUE,0.13402061855670103,0.1718213058419244,0
hsp_null_tbl,CLPX,covariate_adjusted_no_CERAD,protein_z ~ braak_z + age_z + sex + pmi_z,0.11042258165126007,0.11042258165126007,-0.11042258165126007,0.3154008959863881,117,-0.06357114838896753,0.5,/Users/ashlynsloane/Buck Institute 25-26/ROSMAP Analysis March 26/hsp60_rosmap_publication_ready_repo/outputs/supplemental_figures/audits/COGNITION_LOOKUP_SELECTED_FOR_SUPPLEMENTAL_NULL.csv,cognition_composite_score,NA,0.06357114838896753,4,0,TRUE,0.044673539518900345,0.07560137457044673,0.14432989690721648
hsp_null_tbl,CNP,covariate_adjusted_no_CERAD,protein_z ~ braak_z + age_z + sex + pmi_z,-0.04456156412258611,-0.04456156412258611,0.04456156412258611,0.7031916865218626,117,-0.03749307314335558,0,/Users/ashlynsloane/Buck Institute 25-26/ROSMAP Analysis March 26/hsp60_rosmap_publication_ready_repo/outputs/supplemental_figures/audits/COGNITION_LOOKUP_SELECTED_FOR_SUPPLEMENTAL_NULL.csv,cognition_composite_score,NA,0.03749307314335558,3,0,TRUE,0.08247422680412371,0.18556701030927836,0
hsp_null_tbl,COX4I1,covariate_adjusted_no_CERAD,protein_z ~ braak_z + age_z + sex + pmi_z,0.08780849666606179,0.08780849666606179,-0.08780849666606179,0.4494120138262042,117,0.1844593336515992,9.5,/Users/ashlynsloane/Buck Institute 25-26/ROSMAP Analysis March 26/hsp60_rosmap_publication_ready_repo/outputs/supplemental_figures/audits/COGNITION_LOOKUP_SELECTED_FOR_SUPPLEMENTAL_NULL.csv,cognition_composite_score,NA,0.1844593336515992,5,0,TRUE,0.8934707903780069,0.865979381443299,0.7525773195876289
hsp_null_tbl,COX7A2L,covariate_adjusted_no_CERAD,protein_z ~ braak_z + age_z + sex + pmi_z,0.03520006738982342,0.03520006738982342,-0.03520006738982342,0.771022723622492,117,0.23233696675307935,12.5,/Users/ashlynsloane/Buck Institute 25-26/ROSMAP Analysis March 26/hsp60_rosmap_publication_ready_repo/outputs/supplemental_figures/audits/COGNITION_LOOKUP_SELECTED_FOR_SUPPLEMENTAL_NULL.csv,cognition_composite_score,NA,0.23233696675307935,5,0,TRUE,0.9862542955326461,0.9759450171821306,0.8694158075601375
hsp_null_tbl,CPOX,covariate_adjusted_no_CERAD,protein_z ~ braak_z + age_z + sex + pmi_z,-0.0150709484836678,-0.0150709484836678,0.0150709484836678,0.8932651700009515,117,0.02038176510084296,1.5,/Users/ashlynsloane/Buck Institute 25-26/ROSMAP Analysis March 26/hsp60_rosmap_publication_ready_repo/outputs/supplemental_figures/audits/COGNITION_LOOKUP_SELECTED_FOR_SUPPLEMENTAL_NULL.csv,cognition_composite_score,NA,0.02038176510084296,2,0,TRUE,0.2268041237113402,0.16494845360824742,0.44673539518900346
hsp_null_tbl,CPT2,covariate_adjusted_no_CERAD,protein_z ~ braak_z + age_z + sex + pmi_z,-0.11599302297190721,-0.11599302297190721,0.11599302297190721,0.26427733211739035,117,0.02028176031105094,3.5,/Users/ashlynsloane/Buck Institute 25-26/ROSMAP Analysis March 26/hsp60_rosmap_publication_ready_repo/outputs/supplemental_figures/audits/COGNITION_LOOKUP_SELECTED_FOR_SUPPLEMENTAL_NULL.csv,cognition_composite_score,NA,0.02028176031105094,2,0,TRUE,0.22336769759450173,0.12371134020618557,0.6219931271477663
hsp_null_tbl,CRYZ,covariate_adjusted_no_CERAD,protein_z ~ braak_z + age_z + sex + pmi_z,-0.10137426103751952,-0.10137426103751952,0.10137426103751952,0.2988260881874438,117,3.6878971920616506e-4,0,/Users/ashlynsloane/Buck Institute 25-26/ROSMAP Analysis March 26/hsp60_rosmap_publication_ready_repo/outputs/supplemental_figures/audits/COGNITION_LOOKUP_SELECTED_FOR_SUPPLEMENTAL_NULL.csv,cognition_composite_score,NA,3.6878971920616506e-4,1,0,TRUE,0.15807560137457044,0.2268041237113402,0
hsp_null_tbl,CS,covariate_adjusted_no_CERAD,protein_z ~ braak_z + age_z + sex + pmi_z,-0.15570003187543474,-0.15570003187543474,0.15570003187543474,0.24243771443698053,117,0.1593267701013359,12.5,/Users/ashlynsloane/Buck Institute 25-26/ROSMAP Analysis March 26/hsp60_rosmap_publication_ready_repo/outputs/supplemental_figures/audits/COGNITION_LOOKUP_SELECTED_FOR_SUPPLEMENTAL_NULL.csv,cognition_composite_score,NA,0.1593267701013359,5,0,TRUE,0.8350515463917526,0.8625429553264605,0.8694158075601375
hsp_null_tbl,CYC1,covariate_adjusted_no_CERAD,protein_z ~ braak_z + age_z + sex + pmi_z,0.19697745258640514,0.19697745258640514,-0.19697745258640514,0.055927518411636776,117,0.1855344265120817,9.5,/Users/ashlynsloane/Buck Institute 25-26/ROSMAP Analysis March 26/hsp60_rosmap_publication_ready_repo/outputs/supplemental_figures/audits/COGNITION_LOOKUP_SELECTED_FOR_SUPPLEMENTAL_NULL.csv,cognition_composite_score,NA,0.1855344265120817,5,0,TRUE,0.8969072164948454,0.9140893470790378,0.7525773195876289
hsp_null_tbl,DAP3,covariate_adjusted_no_CERAD,protein_z ~ braak_z + age_z + sex + pmi_z,0.1585886699092075,0.1585886699092075,-0.1585886699092075,0.17377949492880393,117,0.15912792114643312,9.5,/Users/ashlynsloane/Buck Institute 25-26/ROSMAP Analysis March 26/hsp60_rosmap_publication_ready_repo/outputs/supplemental_figures/audits/COGNITION_LOOKUP_SELECTED_FOR_SUPPLEMENTAL_NULL.csv,cognition_composite_score,NA,0.15912792114643312,5,0,TRUE,0.8316151202749141,0.8281786941580757,0.7525773195876289
hsp_null_tbl,DARS2,covariate_adjusted_no_CERAD,protein_z ~ braak_z + age_z + sex + pmi_z,-0.2970407895632069,-0.2970407895632069,0.2970407895632069,0.0031609405066013625,117,0.04672778816180865,0.5,/Users/ashlynsloane/Buck Institute 25-26/ROSMAP Analysis March 26/hsp60_rosmap_publication_ready_repo/outputs/supplemental_figures/audits/COGNITION_LOOKUP_SELECTED_FOR_SUPPLEMENTAL_NULL.csv,cognition_composite_score,NA,0.04672778816180865,3,0,TRUE,0.3230240549828179,0.23711340206185566,0.14432989690721648
hsp_null_tbl,DCXR,covariate_adjusted_no_CERAD,protein_z ~ braak_z + age_z + sex + pmi_z,-0.00956298477613773,-0.00956298477613773,0.00956298477613773,0.9189792559266489,117,0.0056267604973336,0.5,/Users/ashlynsloane/Buck Institute 25-26/ROSMAP Analysis March 26/hsp60_rosmap_publication_ready_repo/outputs/supplemental_figures/audits/COGNITION_LOOKUP_SELECTED_FOR_SUPPLEMENTAL_NULL.csv,cognition_composite_score,NA,0.0056267604973336,1,0,TRUE,0.17525773195876287,0.20962199312714777,0.14432989690721648
hsp_null_tbl,DHX30,covariate_adjusted_no_CERAD,protein_z ~ braak_z + age_z + sex + pmi_z,-0.0945568548024577,-0.0945568548024577,0.0945568548024577,0.41595140949900766,117,0.03625159050588697,0.5,/Users/ashlynsloane/Buck Institute 25-26/ROSMAP Analysis March 26/hsp60_rosmap_publication_ready_repo/outputs/supplemental_figures/audits/COGNITION_LOOKUP_SELECTED_FOR_SUPPLEMENTAL_NULL.csv,cognition_composite_score,NA,0.03625159050588697,3,0,TRUE,0.27491408934707906,0.3127147766323024,0.14432989690721648
hsp_null_tbl,DLAT,covariate_adjusted_no_CERAD,protein_z ~ braak_z + age_z + sex + pmi_z,0.09107389597685815,0.09107389597685815,-0.09107389597685815,0.3741467191483886,117,0.17809709433574142,12.5,/Users/ashlynsloane/Buck Institute 25-26/ROSMAP Analysis March 26/hsp60_rosmap_publication_ready_repo/outputs/supplemental_figures/audits/COGNITION_LOOKUP_SELECTED_FOR_SUPPLEMENTAL_NULL.csv,cognition_composite_score,NA,0.17809709433574142,5,0,TRUE,0.8797250859106529,0.9003436426116839,0.8694158075601375
hsp_null_tbl,DLD,covariate_adjusted_no_CERAD,protein_z ~ braak_z + age_z + sex + pmi_z,-0.063334986275163,-0.063334986275163,0.063334986275163,0.5665010395660355,117,0.17756785253983992,12.5,/Users/ashlynsloane/Buck Institute 25-26/ROSMAP Analysis March 26/hsp60_rosmap_publication_ready_repo/outputs/supplemental_figures/audits/COGNITION_LOOKUP_SELECTED_FOR_SUPPLEMENTAL_NULL.csv,cognition_composite_score,NA,0.17756785253983992,5,0,TRUE,0.8762886597938144,0.8900343642611683,0.8694158075601375
hsp_null_tbl,DLST,covariate_adjusted_no_CERAD,protein_z ~ braak_z + age_z + sex + pmi_z,0.0583146510483402,0.0583146510483402,-0.0583146510483402,0.5687623164354192,117,0.13710649688969315,9.5,/Users/ashlynsloane/Buck Institute 25-26/ROSMAP Analysis March 26/hsp60_rosmap_publication_ready_repo/outputs/supplemental_figures/audits/COGNITION_LOOKUP_SELECTED_FOR_SUPPLEMENTAL_NULL.csv,cognition_composite_score,NA,0.13710649688969315,5,0,TRUE,0.7457044673539519,0.7731958762886598,0.7525773195876289
hsp_null_tbl,DNAJA3,covariate_adjusted_no_CERAD,protein_z ~ braak_z + age_z + sex + pmi_z,0.017424334222314722,0.017424334222314722,-0.017424334222314722,0.8729418700284287,117,0.06034940808450397,1.5,/Users/ashlynsloane/Buck Institute 25-26/ROSMAP Analysis March 26/hsp60_rosmap_publication_ready_repo/outputs/supplemental_figures/audits/COGNITION_LOOKUP_SELECTED_FOR_SUPPLEMENTAL_NULL.csv,cognition_composite_score,NA,0.06034940808450397,3,0,TRUE,0.38144329896907214,0.43986254295532645,0.44673539518900346
hsp_null_tbl,EARS2,covariate_adjusted_no_CERAD,protein_z ~ braak_z + age_z + sex + pmi_z,-0.1533050666311411,-0.1533050666311411,0.1533050666311411,0.12080915567341356,117,0.09450781123650762,0.5,/Users/ashlynsloane/Buck Institute 25-26/ROSMAP Analysis March 26/hsp60_rosmap_publication_ready_repo/outputs/supplemental_figures/audits/COGNITION_LOOKUP_SELECTED_FOR_SUPPLEMENTAL_NULL.csv,cognition_composite_score,NA,0.09450781123650762,4,0,TRUE,0.5292096219931272,0.5189003436426117,0.14432989690721648
hsp_null_tbl,ECH1,covariate_adjusted_no_CERAD,protein_z ~ braak_z + age_z + sex + pmi_z,0.1840392946326781,0.1840392946326781,-0.1840392946326781,0.10181121846849224,117,0.01686804276459447,0.5,/Users/ashlynsloane/Buck Institute 25-26/ROSMAP Analysis March 26/hsp60_rosmap_publication_ready_repo/outputs/supplemental_figures/audits/COGNITION_LOOKUP_SELECTED_FOR_SUPPLEMENTAL_NULL.csv,cognition_composite_score,NA,0.01686804276459447,1,0,TRUE,0.21305841924398625,0.21305841924398625,0.14432989690721648
hsp_null_tbl,ECHDC1,covariate_adjusted_no_CERAD,protein_z ~ braak_z + age_z + sex + pmi_z,-0.1274954468461028,-0.1274954468461028,0.1274954468461028,0.2752257605081065,117,-0.02680675820876629,0.5,/Users/ashlynsloane/Buck Institute 25-26/ROSMAP Analysis March 26/hsp60_rosmap_publication_ready_repo/outputs/supplemental_figures/audits/COGNITION_LOOKUP_SELECTED_FOR_SUPPLEMENTAL_NULL.csv,cognition_composite_score,NA,0.02680675820876629,2,0,TRUE,0.09621993127147767,0.09965635738831616,0.14432989690721648
hsp_null_tbl,ECHS1,covariate_adjusted_no_CERAD,protein_z ~ braak_z + age_z + sex + pmi_z,0.21375337146374113,0.21375337146374113,-0.21375337146374113,0.06727459812089835,117,0.12253580391564388,9.5,/Users/ashlynsloane/Buck Institute 25-26/ROSMAP Analysis March 26/hsp60_rosmap_publication_ready_repo/outputs/supplemental_figures/audits/COGNITION_LOOKUP_SELECTED_FOR_SUPPLEMENTAL_NULL.csv,cognition_composite_score,NA,0.12253580391564388,5,0,TRUE,0.6804123711340206,0.738831615120275,0.7525773195876289
hsp_null_tbl,ECI1,covariate_adjusted_no_CERAD,protein_z ~ braak_z + age_z + sex + pmi_z,0.20946903892846,0.20946903892846,-0.20946903892846,0.03679782376708031,117,-0.02437973920151529,0,/Users/ashlynsloane/Buck Institute 25-26/ROSMAP Analysis March 26/hsp60_rosmap_publication_ready_repo/outputs/supplemental_figures/audits/COGNITION_LOOKUP_SELECTED_FOR_SUPPLEMENTAL_NULL.csv,cognition_composite_score,NA,0.02437973920151529,2,0,TRUE,0.09965635738831616,0.08934707903780069,0
hsp_null_tbl,ECI2,covariate_adjusted_no_CERAD,protein_z ~ braak_z + age_z + sex + pmi_z,0.09522408226201322,0.09522408226201322,-0.09522408226201322,0.39340934043823206,117,0.03396742702459828,1.5,/Users/ashlynsloane/Buck Institute 25-26/ROSMAP Analysis March 26/hsp60_rosmap_publication_ready_repo/outputs/supplemental_figures/audits/COGNITION_LOOKUP_SELECTED_FOR_SUPPLEMENTAL_NULL.csv,cognition_composite_score,NA,0.03396742702459828,2,0,TRUE,0.2646048109965636,0.2920962199312715,0.44673539518900346
hsp_null_tbl,EEF1A1,covariate_adjusted_no_CERAD,protein_z ~ braak_z + age_z + sex + pmi_z,0.05723478704077026,0.05723478704077026,-0.05723478704077026,0.5726874509550278,117,-0.12186068372446236,0,/Users/ashlynsloane/Buck Institute 25-26/ROSMAP Analysis March 26/hsp60_rosmap_publication_ready_repo/outputs/supplemental_figures/audits/COGNITION_LOOKUP_SELECTED_FOR_SUPPLEMENTAL_NULL.csv,cognition_composite_score,NA,0.12186068372446236,5,0,TRUE,0.013745704467353952,0.020618556701030927,0
hsp_null_tbl,EEF1B2,covariate_adjusted_no_CERAD,protein_z ~ braak_z + age_z + sex + pmi_z,-0.0019731113736394658,-0.0019731113736394658,0.0019731113736394658,0.9862854136503874,117,0.06678429143423897,6.5,/Users/ashlynsloane/Buck Institute 25-26/ROSMAP Analysis March 26/hsp60_rosmap_publication_ready_repo/outputs/supplemental_figures/audits/COGNITION_LOOKUP_SELECTED_FOR_SUPPLEMENTAL_NULL.csv,cognition_composite_score,NA,0.06678429143423897,4,0,TRUE,0.40893470790378006,0.49828178694158076,0.6838487972508591
hsp_null_tbl,ENO1,covariate_adjusted_no_CERAD,protein_z ~ braak_z + age_z + sex + pmi_z,0.03500291008680215,0.03500291008680215,-0.03500291008680215,0.7450366196263151,117,-0.1148463276229314,0,/Users/ashlynsloane/Buck Institute 25-26/ROSMAP Analysis March 26/hsp60_rosmap_publication_ready_repo/outputs/supplemental_figures/audits/COGNITION_LOOKUP_SELECTED_FOR_SUPPLEMENTAL_NULL.csv,cognition_composite_score,NA,0.1148463276229314,5,0,TRUE,0.024054982817869417,0.024054982817869417,0
hsp_null_tbl,ERAL1,covariate_adjusted_no_CERAD,protein_z ~ braak_z + age_z + sex + pmi_z,-0.005895745653988565,-0.005895745653988565,0.005895745653988565,0.9585353599383396,112,0.11326007481142426,0.5,/Users/ashlynsloane/Buck Institute 25-26/ROSMAP Analysis March 26/hsp60_rosmap_publication_ready_repo/outputs/supplemental_figures/audits/COGNITION_LOOKUP_SELECTED_FOR_SUPPLEMENTAL_NULL.csv,cognition_composite_score,NA,0.11326007481142426,5,0,TRUE,0.6082474226804123,0.5945017182130584,0.14432989690721648
hsp_null_tbl,ETFA,covariate_adjusted_no_CERAD,protein_z ~ braak_z + age_z + sex + pmi_z,0.04882807766529039,0.04882807766529039,-0.04882807766529039,0.6602635880013341,117,0.06423032501011766,9.5,/Users/ashlynsloane/Buck Institute 25-26/ROSMAP Analysis March 26/hsp60_rosmap_publication_ready_repo/outputs/supplemental_figures/audits/COGNITION_LOOKUP_SELECTED_FOR_SUPPLEMENTAL_NULL.csv,cognition_composite_score,NA,0.06423032501011766,4,0,TRUE,0.4020618556701031,0.4879725085910653,0.7525773195876289
hsp_null_tbl,ETFB,covariate_adjusted_no_CERAD,protein_z ~ braak_z + age_z + sex + pmi_z,-0.029849101088593014,-0.029849101088593014,0.029849101088593014,0.7782849778182057,117,0.06962556800332473,1.5,/Users/ashlynsloane/Buck Institute 25-26/ROSMAP Analysis March 26/hsp60_rosmap_publication_ready_repo/outputs/supplemental_figures/audits/COGNITION_LOOKUP_SELECTED_FOR_SUPPLEMENTAL_NULL.csv,cognition_composite_score,NA,0.06962556800332473,4,0,TRUE,0.4261168384879725,0.46048109965635736,0.44673539518900346
hsp_null_tbl,FAHD1,covariate_adjusted_no_CERAD,protein_z ~ braak_z + age_z + sex + pmi_z,0.03592519021863305,0.03592519021863305,-0.03592519021863305,0.7566441048965004,117,0.13889504515999834,1.5,/Users/ashlynsloane/Buck Institute 25-26/ROSMAP Analysis March 26/hsp60_rosmap_publication_ready_repo/outputs/supplemental_figures/audits/COGNITION_LOOKUP_SELECTED_FOR_SUPPLEMENTAL_NULL.csv,cognition_composite_score,NA,0.13889504515999834,5,0,TRUE,0.7560137457044673,0.845360824742268,0.44673539518900346
hsp_null_tbl,FASTKD5,covariate_adjusted_no_CERAD,protein_z ~ braak_z + age_z + sex + pmi_z,-0.018227795363861845,-0.018227795363861845,0.018227795363861845,0.8759620479128325,117,0.10981969064526444,2.5,/Users/ashlynsloane/Buck Institute 25-26/ROSMAP Analysis March 26/hsp60_rosmap_publication_ready_repo/outputs/supplemental_figures/audits/COGNITION_LOOKUP_SELECTED_FOR_SUPPLEMENTAL_NULL.csv,cognition_composite_score,NA,0.10981969064526444,5,0,TRUE,0.584192439862543,0.6391752577319587,0.5395189003436426
hsp_null_tbl,FDXR,covariate_adjusted_no_CERAD,protein_z ~ braak_z + age_z + sex + pmi_z,-0.2164949018748861,-0.2164949018748861,0.2164949018748861,0.03917197189310022,117,-0.0859424022542788,0,/Users/ashlynsloane/Buck Institute 25-26/ROSMAP Analysis March 26/hsp60_rosmap_publication_ready_repo/outputs/supplemental_figures/audits/COGNITION_LOOKUP_SELECTED_FOR_SUPPLEMENTAL_NULL.csv,cognition_composite_score,NA,0.0859424022542788,4,0,TRUE,0.027491408934707903,0.048109965635738834,0
hsp_null_tbl,FECH,covariate_adjusted_no_CERAD,protein_z ~ braak_z + age_z + sex + pmi_z,-0.0225335473472236,-0.0225335473472236,0.0225335473472236,0.8334693715754704,117,0.10318604720659616,0,/Users/ashlynsloane/Buck Institute 25-26/ROSMAP Analysis March 26/hsp60_rosmap_publication_ready_repo/outputs/supplemental_figures/audits/COGNITION_LOOKUP_SELECTED_FOR_SUPPLEMENTAL_NULL.csv,cognition_composite_score,NA,0.10318604720659616,5,0,TRUE,0.5601374570446735,0.6116838487972509,0
hsp_null_tbl,FH,covariate_adjusted_no_CERAD,protein_z ~ braak_z + age_z + sex + pmi_z,0.0781795654162558,0.0781795654162558,-0.0781795654162558,0.4899343229964239,117,0.08326024154280058,3.5,/Users/ashlynsloane/Buck Institute 25-26/ROSMAP Analysis March 26/hsp60_rosmap_publication_ready_repo/outputs/supplemental_figures/audits/COGNITION_LOOKUP_SELECTED_FOR_SUPPLEMENTAL_NULL.csv,cognition_composite_score,NA,0.08326024154280058,4,0,TRUE,0.4639175257731959,0.5567010309278351,0.6219931271477663
hsp_null_tbl,FLAD1,covariate_adjusted_no_CERAD,protein_z ~ braak_z + age_z + sex + pmi_z,0.019536238655463146,0.019536238655463146,-0.019536238655463146,0.8655145373080925,116,0.05688094144819319,2.5,/Users/ashlynsloane/Buck Institute 25-26/ROSMAP Analysis March 26/hsp60_rosmap_publication_ready_repo/outputs/supplemental_figures/audits/COGNITION_LOOKUP_SELECTED_FOR_SUPPLEMENTAL_NULL.csv,cognition_composite_score,NA,0.05688094144819319,3,0,TRUE,0.3642611683848797,0.38831615120274915,0.5395189003436426
hsp_null_tbl,FOXRED1,covariate_adjusted_no_CERAD,protein_z ~ braak_z + age_z + sex + pmi_z,-0.0377793304239907,-0.0377793304239907,0.0377793304239907,0.752152039825168,117,0.22785921724039612,2.5,/Users/ashlynsloane/Buck Institute 25-26/ROSMAP Analysis March 26/hsp60_rosmap_publication_ready_repo/outputs/supplemental_figures/audits/COGNITION_LOOKUP_SELECTED_FOR_SUPPLEMENTAL_NULL.csv,cognition_composite_score,NA,0.22785921724039612,5,0,TRUE,0.9725085910652921,0.9518900343642611,0.5395189003436426
hsp_null_tbl,GADD45GIP1,covariate_adjusted_no_CERAD,protein_z ~ braak_z + age_z + sex + pmi_z,0.07743413871647614,0.07743413871647614,-0.07743413871647614,0.5242336980002636,117,0.08692268132261516,2.5,/Users/ashlynsloane/Buck Institute 25-26/ROSMAP Analysis March 26/hsp60_rosmap_publication_ready_repo/outputs/supplemental_figures/audits/COGNITION_LOOKUP_SELECTED_FOR_SUPPLEMENTAL_NULL.csv,cognition_composite_score,NA,0.08692268132261516,4,0,TRUE,0.4845360824742268,0.45017182130584193,0.5395189003436426
hsp_null_tbl,GAPDH,covariate_adjusted_no_CERAD,protein_z ~ braak_z + age_z + sex + pmi_z,0.08141144879126334,0.08141144879126334,-0.08141144879126334,0.4241570472461814,117,-0.07909990081897796,0,/Users/ashlynsloane/Buck Institute 25-26/ROSMAP Analysis March 26/hsp60_rosmap_publication_ready_repo/outputs/supplemental_figures/audits/COGNITION_LOOKUP_SELECTED_FOR_SUPPLEMENTAL_NULL.csv,cognition_composite_score,NA,0.07909990081897796,4,0,TRUE,0.030927835051546393,0.058419243986254296,0
hsp_null_tbl,GCAT,covariate_adjusted_no_CERAD,protein_z ~ braak_z + age_z + sex + pmi_z,0.031998099560224355,0.031998099560224355,-0.031998099560224355,0.7498929104589807,117,0.05770510801896065,0,/Users/ashlynsloane/Buck Institute 25-26/ROSMAP Analysis March 26/hsp60_rosmap_publication_ready_repo/outputs/supplemental_figures/audits/COGNITION_LOOKUP_SELECTED_FOR_SUPPLEMENTAL_NULL.csv,cognition_composite_score,NA,0.05770510801896065,3,0,TRUE,0.36769759450171824,0.2611683848797251,0
hsp_null_tbl,GFM1,covariate_adjusted_no_CERAD,protein_z ~ braak_z + age_z + sex + pmi_z,-0.012214244326217743,-0.012214244326217743,0.012214244326217743,0.9164714117406553,117,0.11011251124414968,9.5,/Users/ashlynsloane/Buck Institute 25-26/ROSMAP Analysis March 26/hsp60_rosmap_publication_ready_repo/outputs/supplemental_figures/audits/COGNITION_LOOKUP_SELECTED_FOR_SUPPLEMENTAL_NULL.csv,cognition_composite_score,NA,0.11011251124414968,5,0,TRUE,0.5876288659793815,0.584192439862543,0.7525773195876289
hsp_null_tbl,GFM2,covariate_adjusted_no_CERAD,protein_z ~ braak_z + age_z + sex + pmi_z,0.10812569110150543,0.10812569110150543,-0.10812569110150543,0.3048690237735638,117,0.13714325494804988,0.5,/Users/ashlynsloane/Buck Institute 25-26/ROSMAP Analysis March 26/hsp60_rosmap_publication_ready_repo/outputs/supplemental_figures/audits/COGNITION_LOOKUP_SELECTED_FOR_SUPPLEMENTAL_NULL.csv,cognition_composite_score,NA,0.13714325494804988,5,0,TRUE,0.7491408934707904,0.8316151202749141,0.14432989690721648
hsp_null_tbl,GLDC,covariate_adjusted_no_CERAD,protein_z ~ braak_z + age_z + sex + pmi_z,-0.014620533603624815,-0.014620533603624815,0.014620533603624815,0.8834901613872852,117,0.05794371510249214,0.5,/Users/ashlynsloane/Buck Institute 25-26/ROSMAP Analysis March 26/hsp60_rosmap_publication_ready_repo/outputs/supplemental_figures/audits/COGNITION_LOOKUP_SELECTED_FOR_SUPPLEMENTAL_NULL.csv,cognition_composite_score,NA,0.05794371510249214,3,0,TRUE,0.3711340206185567,0.3161512027491409,0.14432989690721648
hsp_null_tbl,GLRX5,covariate_adjusted_no_CERAD,protein_z ~ braak_z + age_z + sex + pmi_z,-0.04961742177091953,-0.04961742177091953,0.04961742177091953,0.6617840756338143,117,0.13874003496503445,0.5,/Users/ashlynsloane/Buck Institute 25-26/ROSMAP Analysis March 26/hsp60_rosmap_publication_ready_repo/outputs/supplemental_figures/audits/COGNITION_LOOKUP_SELECTED_FOR_SUPPLEMENTAL_NULL.csv,cognition_composite_score,NA,0.13874003496503445,5,0,TRUE,0.7525773195876289,0.6735395189003437,0.14432989690721648
hsp_null_tbl,GLS,covariate_adjusted_no_CERAD,protein_z ~ braak_z + age_z + sex + pmi_z,0.044124668382624195,0.044124668382624195,-0.044124668382624195,0.6795303237369239,117,0.14242319224265196,4.5,/Users/ashlynsloane/Buck Institute 25-26/ROSMAP Analysis March 26/hsp60_rosmap_publication_ready_repo/outputs/supplemental_figures/audits/COGNITION_LOOKUP_SELECTED_FOR_SUPPLEMENTAL_NULL.csv,cognition_composite_score,NA,0.14242319224265196,5,0,TRUE,0.7697594501718213,0.7525773195876289,0.6563573883161512
hsp_null_tbl,GLUD1,covariate_adjusted_no_CERAD,protein_z ~ braak_z + age_z + sex + pmi_z,-0.009996582043467593,-0.009996582043467593,0.009996582043467593,0.9272079963474844,117,-0.03759140323811299,0.5,/Users/ashlynsloane/Buck Institute 25-26/ROSMAP Analysis March 26/hsp60_rosmap_publication_ready_repo/outputs/supplemental_figures/audits/COGNITION_LOOKUP_SELECTED_FOR_SUPPLEMENTAL_NULL.csv,cognition_composite_score,NA,0.03759140323811299,3,0,TRUE,0.07903780068728522,0.06872852233676977,0.14432989690721648
hsp_null_tbl,GNG12,covariate_adjusted_no_CERAD,protein_z ~ braak_z + age_z + sex + pmi_z,-0.23789317236943247,-0.23789317236943247,0.23789317236943247,0.01937112071922716,117,-0.3189240770082609,0,/Users/ashlynsloane/Buck Institute 25-26/ROSMAP Analysis March 26/hsp60_rosmap_publication_ready_repo/outputs/supplemental_figures/audits/COGNITION_LOOKUP_SELECTED_FOR_SUPPLEMENTAL_NULL.csv,cognition_composite_score,NA,0.3189240770082609,5,0,TRUE,0,0,0
hsp_null_tbl,GOT2,covariate_adjusted_no_CERAD,protein_z ~ braak_z + age_z + sex + pmi_z,0.0962350567507299,0.0962350567507299,-0.0962350567507299,0.3880349356051602,117,0.06382475893483781,0,/Users/ashlynsloane/Buck Institute 25-26/ROSMAP Analysis March 26/hsp60_rosmap_publication_ready_repo/outputs/supplemental_figures/audits/COGNITION_LOOKUP_SELECTED_FOR_SUPPLEMENTAL_NULL.csv,cognition_composite_score,NA,0.06382475893483781,4,0,TRUE,0.39862542955326463,0.5876288659793815,0
hsp_null_tbl,GPT2,covariate_adjusted_no_CERAD,protein_z ~ braak_z + age_z + sex + pmi_z,0.04752123505445939,0.04752123505445939,-0.04752123505445939,0.6347512747614452,117,0.01397723158387908,1.5,/Users/ashlynsloane/Buck Institute 25-26/ROSMAP Analysis March 26/hsp60_rosmap_publication_ready_repo/outputs/supplemental_figures/audits/COGNITION_LOOKUP_SELECTED_FOR_SUPPLEMENTAL_NULL.csv,cognition_composite_score,NA,0.01397723158387908,1,0,TRUE,0.19931271477663232,0.27491408934707906,0.44673539518900346
hsp_null_tbl,GRPEL1,covariate_adjusted_no_CERAD,protein_z ~ braak_z + age_z + sex + pmi_z,0.0021973572519873976,0.0021973572519873976,-0.0021973572519873976,0.9833496869556013,117,0.0668204082407202,0.5,/Users/ashlynsloane/Buck Institute 25-26/ROSMAP Analysis March 26/hsp60_rosmap_publication_ready_repo/outputs/supplemental_figures/audits/COGNITION_LOOKUP_SELECTED_FOR_SUPPLEMENTAL_NULL.csv,cognition_composite_score,NA,0.0668204082407202,4,0,TRUE,0.41237113402061853,0.4639175257731959,0.14432989690721648
hsp_null_tbl,GRSF1,covariate_adjusted_no_CERAD,protein_z ~ braak_z + age_z + sex + pmi_z,0.18026708048179235,0.18026708048179235,-0.18026708048179235,0.11469159596883474,117,0.05868365987329362,1.5,/Users/ashlynsloane/Buck Institute 25-26/ROSMAP Analysis March 26/hsp60_rosmap_publication_ready_repo/outputs/supplemental_figures/audits/COGNITION_LOOKUP_SELECTED_FOR_SUPPLEMENTAL_NULL.csv,cognition_composite_score,NA,0.05868365987329362,3,0,TRUE,0.37800687285223367,0.3539518900343643,0.44673539518900346
hsp_null_tbl,GSR,covariate_adjusted_no_CERAD,protein_z ~ braak_z + age_z + sex + pmi_z,0.12025186051997924,0.12025186051997924,-0.12025186051997924,0.276146864261282,117,-0.01744086016151981,0,/Users/ashlynsloane/Buck Institute 25-26/ROSMAP Analysis March 26/hsp60_rosmap_publication_ready_repo/outputs/supplemental_figures/audits/COGNITION_LOOKUP_SELECTED_FOR_SUPPLEMENTAL_NULL.csv,cognition_composite_score,NA,0.01744086016151981,2,0,TRUE,0.11683848797250859,0.10652920962199312,0
hsp_null_tbl,GSTK1,covariate_adjusted_no_CERAD,protein_z ~ braak_z + age_z + sex + pmi_z,0.2324610880898167,0.2324610880898167,-0.2324610880898167,0.04591892193964351,117,0.09523523063465009,12.5,/Users/ashlynsloane/Buck Institute 25-26/ROSMAP Analysis March 26/hsp60_rosmap_publication_ready_repo/outputs/supplemental_figures/audits/COGNITION_LOOKUP_SELECTED_FOR_SUPPLEMENTAL_NULL.csv,cognition_composite_score,NA,0.09523523063465009,4,0,TRUE,0.5360824742268041,0.6632302405498282,0.8694158075601375
hsp_null_tbl,GUF1,covariate_adjusted_no_CERAD,protein_z ~ braak_z + age_z + sex + pmi_z,-0.1844407094442468,-0.1844407094442468,0.1844407094442468,0.10776189957958497,117,0.1158483875190465,0.5,/Users/ashlynsloane/Buck Institute 25-26/ROSMAP Analysis March 26/hsp60_rosmap_publication_ready_repo/outputs/supplemental_figures/audits/COGNITION_LOOKUP_SELECTED_FOR_SUPPLEMENTAL_NULL.csv,cognition_composite_score,NA,0.1158483875190465,5,0,TRUE,0.6323024054982818,0.7044673539518901,0.14432989690721648
hsp_null_tbl,HADH,covariate_adjusted_no_CERAD,protein_z ~ braak_z + age_z + sex + pmi_z,0.2345411706504405,0.2345411706504405,-0.2345411706504405,0.05096919306711512,117,0.01886763774815771,0.5,/Users/ashlynsloane/Buck Institute 25-26/ROSMAP Analysis March 26/hsp60_rosmap_publication_ready_repo/outputs/supplemental_figures/audits/COGNITION_LOOKUP_SELECTED_FOR_SUPPLEMENTAL_NULL.csv,cognition_composite_score,NA,0.01886763774815771,2,0,TRUE,0.21649484536082475,0.21993127147766323,0.14432989690721648
hsp_null_tbl,HADHA,covariate_adjusted_no_CERAD,protein_z ~ braak_z + age_z + sex + pmi_z,0.10401524885004079,0.10401524885004079,-0.10401524885004079,0.3160738436483516,117,-0.05908365157086338,1.5,/Users/ashlynsloane/Buck Institute 25-26/ROSMAP Analysis March 26/hsp60_rosmap_publication_ready_repo/outputs/supplemental_figures/audits/COGNITION_LOOKUP_SELECTED_FOR_SUPPLEMENTAL_NULL.csv,cognition_composite_score,NA,0.05908365157086338,3,0,TRUE,0.05154639175257732,0.05154639175257732,0.44673539518900346
hsp_null_tbl,HADHB,covariate_adjusted_no_CERAD,protein_z ~ braak_z + age_z + sex + pmi_z,0.12375719321479489,0.12375719321479489,-0.12375719321479489,0.24524194444354067,117,-0.05290892352220345,6.5,/Users/ashlynsloane/Buck Institute 25-26/ROSMAP Analysis March 26/hsp60_rosmap_publication_ready_repo/outputs/supplemental_figures/audits/COGNITION_LOOKUP_SELECTED_FOR_SUPPLEMENTAL_NULL.csv,cognition_composite_score,NA,0.05290892352220345,3,0,TRUE,0.054982817869415807,0.061855670103092786,0.6838487972508591
hsp_null_tbl,HAGH,covariate_adjusted_no_CERAD,protein_z ~ braak_z + age_z + sex + pmi_z,0.07566622762835667,0.07566622762835667,-0.07566622762835667,0.4905374703320251,117,0.04989552233445373,0.5,/Users/ashlynsloane/Buck Institute 25-26/ROSMAP Analysis March 26/hsp60_rosmap_publication_ready_repo/outputs/supplemental_figures/audits/COGNITION_LOOKUP_SELECTED_FOR_SUPPLEMENTAL_NULL.csv,cognition_composite_score,NA,0.04989552233445373,3,0,TRUE,0.33676975945017185,0.42955326460481097,0.14432989690721648
hsp_null_tbl,HARS,covariate_adjusted_no_CERAD,protein_z ~ braak_z + age_z + sex + pmi_z,0.07845548982248934,0.07845548982248934,-0.07845548982248934,0.5117983447553842,117,0.04263643898640434,0.5,/Users/ashlynsloane/Buck Institute 25-26/ROSMAP Analysis March 26/hsp60_rosmap_publication_ready_repo/outputs/supplemental_figures/audits/COGNITION_LOOKUP_SELECTED_FOR_SUPPLEMENTAL_NULL.csv,cognition_composite_score,NA,0.04263643898640434,3,0,TRUE,0.3024054982817869,0.36082474226804123,0.14432989690721648
hsp_null_tbl,HARS2,covariate_adjusted_no_CERAD,protein_z ~ braak_z + age_z + sex + pmi_z,0.03831869114356293,0.03831869114356293,-0.03831869114356293,0.7303561525744038,117,-0.0074031981965499,0.5,/Users/ashlynsloane/Buck Institute 25-26/ROSMAP Analysis March 26/hsp60_rosmap_publication_ready_repo/outputs/supplemental_figures/audits/COGNITION_LOOKUP_SELECTED_FOR_SUPPLEMENTAL_NULL.csv,cognition_composite_score,NA,0.0074031981965499,1,0,TRUE,0.13745704467353953,0.10309278350515463,0.14432989690721648
hsp_null_tbl,HIBCH,covariate_adjusted_no_CERAD,protein_z ~ braak_z + age_z + sex + pmi_z,-0.14300479363769772,-0.14300479363769772,0.14300479363769772,0.20475225423752433,117,0.00680152534748818,2.5,/Users/ashlynsloane/Buck Institute 25-26/ROSMAP Analysis March 26/hsp60_rosmap_publication_ready_repo/outputs/supplemental_figures/audits/COGNITION_LOOKUP_SELECTED_FOR_SUPPLEMENTAL_NULL.csv,cognition_composite_score,NA,0.00680152534748818,1,0,TRUE,0.18213058419243985,0.11683848797250859,0.5395189003436426
hsp_null_tbl,HINT2,covariate_adjusted_no_CERAD,protein_z ~ braak_z + age_z + sex + pmi_z,-0.2253493112710647,-0.2253493112710647,0.2253493112710647,0.045329218956209616,117,0.0967927608087842,0.5,/Users/ashlynsloane/Buck Institute 25-26/ROSMAP Analysis March 26/hsp60_rosmap_publication_ready_repo/outputs/supplemental_figures/audits/COGNITION_LOOKUP_SELECTED_FOR_SUPPLEMENTAL_NULL.csv,cognition_composite_score,NA,0.0967927608087842,4,0,TRUE,0.5429553264604811,0.5120274914089347,0.14432989690721648
hsp_null_tbl,HSD17B10,covariate_adjusted_no_CERAD,protein_z ~ braak_z + age_z + sex + pmi_z,-0.10298795945985448,-0.10298795945985448,0.10298795945985448,0.27314517707006575,117,-1.9465352535650565e-4,1.5,/Users/ashlynsloane/Buck Institute 25-26/ROSMAP Analysis March 26/hsp60_rosmap_publication_ready_repo/outputs/supplemental_figures/audits/COGNITION_LOOKUP_SELECTED_FOR_SUPPLEMENTAL_NULL.csv,cognition_composite_score,NA,1.9465352535650565e-4,1,0,TRUE,0.15120274914089346,0.1958762886597938,0.44673539518900346
hsp_null_tbl,HSD17B8,covariate_adjusted_no_CERAD,protein_z ~ braak_z + age_z + sex + pmi_z,-0.006371750605507267,-0.006371750605507267,0.006371750605507267,0.9501893872055398,117,-0.04544567910691965,0.5,/Users/ashlynsloane/Buck Institute 25-26/ROSMAP Analysis March 26/hsp60_rosmap_publication_ready_repo/outputs/supplemental_figures/audits/COGNITION_LOOKUP_SELECTED_FOR_SUPPLEMENTAL_NULL.csv,cognition_composite_score,NA,0.04544567910691965,3,0,TRUE,0.07216494845360824,0.044673539518900345,0.14432989690721648
hsp_null_tbl,HSP90AA1,covariate_adjusted_no_CERAD,protein_z ~ braak_z + age_z + sex + pmi_z,0.008839997569561714,0.008839997569561714,-0.008839997569561714,0.9378595101820368,117,-0.01202536606378713,0,/Users/ashlynsloane/Buck Institute 25-26/ROSMAP Analysis March 26/hsp60_rosmap_publication_ready_repo/outputs/supplemental_figures/audits/COGNITION_LOOKUP_SELECTED_FOR_SUPPLEMENTAL_NULL.csv,cognition_composite_score,NA,0.01202536606378713,1,0,TRUE,0.12027491408934708,0.14432989690721648,0
hsp_null_tbl,HSP90AB1,covariate_adjusted_no_CERAD,protein_z ~ braak_z + age_z + sex + pmi_z,0.03834628184488338,0.03834628184488338,-0.03834628184488338,0.7332853810313992,117,-0.02154454402251352,0.5,/Users/ashlynsloane/Buck Institute 25-26/ROSMAP Analysis March 26/hsp60_rosmap_publication_ready_repo/outputs/supplemental_figures/audits/COGNITION_LOOKUP_SELECTED_FOR_SUPPLEMENTAL_NULL.csv,cognition_composite_score,NA,0.02154454402251352,2,0,TRUE,0.10652920962199312,0.10996563573883161,0.14432989690721648
hsp_null_tbl,HSPA5,covariate_adjusted_no_CERAD,protein_z ~ braak_z + age_z + sex + pmi_z,0.07126531610364427,0.07126531610364427,-0.07126531610364427,0.5202091161006671,117,-0.00205875876777258,0.5,/Users/ashlynsloane/Buck Institute 25-26/ROSMAP Analysis March 26/hsp60_rosmap_publication_ready_repo/outputs/supplemental_figures/audits/COGNITION_LOOKUP_SELECTED_FOR_SUPPLEMENTAL_NULL.csv,cognition_composite_score,NA,0.00205875876777258,1,0,TRUE,0.140893470790378,0.15807560137457044,0.14432989690721648
hsp_null_tbl,HSPA9,covariate_adjusted_no_CERAD,protein_z ~ braak_z + age_z + sex + pmi_z,0.040501259828736584,0.040501259828736584,-0.040501259828736584,0.7225080315107422,117,0.07084024129412318,3.5,/Users/ashlynsloane/Buck Institute 25-26/ROSMAP Analysis March 26/hsp60_rosmap_publication_ready_repo/outputs/supplemental_figures/audits/COGNITION_LOOKUP_SELECTED_FOR_SUPPLEMENTAL_NULL.csv,cognition_composite_score,NA,0.07084024129412318,4,0,TRUE,0.42955326460481097,0.4570446735395189,0.6219931271477663
hsp_null_tbl,IARS2,covariate_adjusted_no_CERAD,protein_z ~ braak_z + age_z + sex + pmi_z,0.1334321338606414,0.1334321338606414,-0.1334321338606414,0.2468213008636243,117,0.08451296579695207,12.5,/Users/ashlynsloane/Buck Institute 25-26/ROSMAP Analysis March 26/hsp60_rosmap_publication_ready_repo/outputs/supplemental_figures/audits/COGNITION_LOOKUP_SELECTED_FOR_SUPPLEMENTAL_NULL.csv,cognition_composite_score,NA,0.08451296579695207,4,0,TRUE,0.4742268041237113,0.5223367697594502,0.8694158075601375
hsp_null_tbl,IBA57,covariate_adjusted_no_CERAD,protein_z ~ braak_z + age_z + sex + pmi_z,0.008330839835827612,0.008330839835827612,-0.008330839835827612,0.9293067044910253,117,0.07434274059604716,0,/Users/ashlynsloane/Buck Institute 25-26/ROSMAP Analysis March 26/hsp60_rosmap_publication_ready_repo/outputs/supplemental_figures/audits/COGNITION_LOOKUP_SELECTED_FOR_SUPPLEMENTAL_NULL.csv,cognition_composite_score,NA,0.07434274059604716,4,0,TRUE,0.4329896907216495,0.40893470790378006,0
hsp_null_tbl,IDH2,covariate_adjusted_no_CERAD,protein_z ~ braak_z + age_z + sex + pmi_z,0.2964213892634288,0.2964213892634288,-0.2964213892634288,0.008019282070190745,117,0.14100757022336208,9.5,/Users/ashlynsloane/Buck Institute 25-26/ROSMAP Analysis March 26/hsp60_rosmap_publication_ready_repo/outputs/supplemental_figures/audits/COGNITION_LOOKUP_SELECTED_FOR_SUPPLEMENTAL_NULL.csv,cognition_composite_score,NA,0.14100757022336208,5,0,TRUE,0.7628865979381443,0.7663230240549829,0.7525773195876289
hsp_null_tbl,IDH3A,covariate_adjusted_no_CERAD,protein_z ~ braak_z + age_z + sex + pmi_z,0.07803606964606608,0.07803606964606608,-0.07803606964606608,0.4543743010434109,117,0.18165532262175185,9.5,/Users/ashlynsloane/Buck Institute 25-26/ROSMAP Analysis March 26/hsp60_rosmap_publication_ready_repo/outputs/supplemental_figures/audits/COGNITION_LOOKUP_SELECTED_FOR_SUPPLEMENTAL_NULL.csv,cognition_composite_score,NA,0.18165532262175185,5,0,TRUE,0.8900343642611683,0.8797250859106529,0.7525773195876289
hsp_null_tbl,IDH3G,covariate_adjusted_no_CERAD,protein_z ~ braak_z + age_z + sex + pmi_z,0.07573489501554163,0.07573489501554163,-0.07573489501554163,0.5021423762563892,117,0.17025574137831478,1.5,/Users/ashlynsloane/Buck Institute 25-26/ROSMAP Analysis March 26/hsp60_rosmap_publication_ready_repo/outputs/supplemental_figures/audits/COGNITION_LOOKUP_SELECTED_FOR_SUPPLEMENTAL_NULL.csv,cognition_composite_score,NA,0.17025574137831478,5,0,TRUE,0.8625429553264605,0.8487972508591065,0.44673539518900346
hsp_null_tbl,IGHG2,covariate_adjusted_no_CERAD,protein_z ~ braak_z + age_z + sex + pmi_z,-0.07141675895039885,-0.07141675895039885,0.07141675895039885,0.496890739438842,117,-0.25604108421384036,0,/Users/ashlynsloane/Buck Institute 25-26/ROSMAP Analysis March 26/hsp60_rosmap_publication_ready_repo/outputs/supplemental_figures/audits/COGNITION_LOOKUP_SELECTED_FOR_SUPPLEMENTAL_NULL.csv,cognition_composite_score,NA,0.25604108421384036,5,0,TRUE,0.003436426116838488,0.003436426116838488,0
hsp_null_tbl,IMMT,covariate_adjusted_no_CERAD,protein_z ~ braak_z + age_z + sex + pmi_z,0.040732579610327044,0.040732579610327044,-0.040732579610327044,0.7046750876914296,117,0.14145047683019843,9.5,/Users/ashlynsloane/Buck Institute 25-26/ROSMAP Analysis March 26/hsp60_rosmap_publication_ready_repo/outputs/supplemental_figures/audits/COGNITION_LOOKUP_SELECTED_FOR_SUPPLEMENTAL_NULL.csv,cognition_composite_score,NA,0.14145047683019843,5,0,TRUE,0.7663230240549829,0.7903780068728522,0.7525773195876289
hsp_null_tbl,KIAA0391,covariate_adjusted_no_CERAD,protein_z ~ braak_z + age_z + sex + pmi_z,-9.543061548499309e-4,-9.543061548499309e-4,9.543061548499309e-4,0.9932315262570764,105,0.1256137607078792,0.5,/Users/ashlynsloane/Buck Institute 25-26/ROSMAP Analysis March 26/hsp60_rosmap_publication_ready_repo/outputs/supplemental_figures/audits/COGNITION_LOOKUP_SELECTED_FOR_SUPPLEMENTAL_NULL.csv,cognition_composite_score,NA,0.1256137607078792,5,0,TRUE,0.697594501718213,0.6323024054982818,0.14432989690721648
hsp_null_tbl,KPNB1,covariate_adjusted_no_CERAD,protein_z ~ braak_z + age_z + sex + pmi_z,0.16671412477013764,0.16671412477013764,-0.16671412477013764,0.11219362621004111,117,-0.05119198710763432,0,/Users/ashlynsloane/Buck Institute 25-26/ROSMAP Analysis March 26/hsp60_rosmap_publication_ready_repo/outputs/supplemental_figures/audits/COGNITION_LOOKUP_SELECTED_FOR_SUPPLEMENTAL_NULL.csv,cognition_composite_score,NA,0.05119198710763432,3,0,TRUE,0.061855670103092786,0.09621993127147767,0
hsp_null_tbl,LAP3,covariate_adjusted_no_CERAD,protein_z ~ braak_z + age_z + sex + pmi_z,0.03791239461679806,0.03791239461679806,-0.03791239461679806,0.726114141187183,117,-0.1406285508862888,0.5,/Users/ashlynsloane/Buck Institute 25-26/ROSMAP Analysis March 26/hsp60_rosmap_publication_ready_repo/outputs/supplemental_figures/audits/COGNITION_LOOKUP_SELECTED_FOR_SUPPLEMENTAL_NULL.csv,cognition_composite_score,NA,0.1406285508862888,5,0,TRUE,0.010309278350515464,0.010309278350515464,0.14432989690721648
hsp_null_tbl,LETM1,covariate_adjusted_no_CERAD,protein_z ~ braak_z + age_z + sex + pmi_z,-0.037108100001219405,-0.037108100001219405,0.037108100001219405,0.7440600287111079,117,0.11617590949145964,0.5,/Users/ashlynsloane/Buck Institute 25-26/ROSMAP Analysis March 26/hsp60_rosmap_publication_ready_repo/outputs/supplemental_figures/audits/COGNITION_LOOKUP_SELECTED_FOR_SUPPLEMENTAL_NULL.csv,cognition_composite_score,NA,0.11617590949145964,5,0,TRUE,0.6391752577319587,0.7250859106529209,0.14432989690721648
hsp_null_tbl,LONP1,covariate_adjusted_no_CERAD,protein_z ~ braak_z + age_z + sex + pmi_z,0.12702095620511222,0.12702095620511222,-0.12702095620511222,0.2627515557065213,117,0.06156131639106396,0.5,/Users/ashlynsloane/Buck Institute 25-26/ROSMAP Analysis March 26/hsp60_rosmap_publication_ready_repo/outputs/supplemental_figures/audits/COGNITION_LOOKUP_SELECTED_FOR_SUPPLEMENTAL_NULL.csv,cognition_composite_score,NA,0.06156131639106396,4,0,TRUE,0.38831615120274915,0.3470790378006873,0.14432989690721648
hsp_null_tbl,LRPPRC,covariate_adjusted_no_CERAD,protein_z ~ braak_z + age_z + sex + pmi_z,0.17519665261074674,0.17519665261074674,-0.17519665261074674,0.10720836869761277,117,0.21251296730943664,12.5,/Users/ashlynsloane/Buck Institute 25-26/ROSMAP Analysis March 26/hsp60_rosmap_publication_ready_repo/outputs/supplemental_figures/audits/COGNITION_LOOKUP_SELECTED_FOR_SUPPLEMENTAL_NULL.csv,cognition_composite_score,NA,0.21251296730943664,5,0,TRUE,0.9450171821305842,0.9209621993127147,0.8694158075601375
hsp_null_tbl,LYRM7,covariate_adjusted_no_CERAD,protein_z ~ braak_z + age_z + sex + pmi_z,-0.05620238297464559,-0.05620238297464559,0.05620238297464559,0.57721270429523,117,0.122091337830024,2.5,/Users/ashlynsloane/Buck Institute 25-26/ROSMAP Analysis March 26/hsp60_rosmap_publication_ready_repo/outputs/supplemental_figures/audits/COGNITION_LOOKUP_SELECTED_FOR_SUPPLEMENTAL_NULL.csv,cognition_composite_score,NA,0.122091337830024,5,0,TRUE,0.6735395189003437,0.7319587628865979,0.5395189003436426
hsp_null_tbl,MARS2,covariate_adjusted_no_CERAD,protein_z ~ braak_z + age_z + sex + pmi_z,-0.13200271074048978,-0.13200271074048978,0.13200271074048978,0.26779824752879405,115,0.0969017912214162,0,/Users/ashlynsloane/Buck Institute 25-26/ROSMAP Analysis March 26/hsp60_rosmap_publication_ready_repo/outputs/supplemental_figures/audits/COGNITION_LOOKUP_SELECTED_FOR_SUPPLEMENTAL_NULL.csv,cognition_composite_score,NA,0.0969017912214162,4,0,TRUE,0.5463917525773195,0.6460481099656358,0
hsp_null_tbl,MCCC2,covariate_adjusted_no_CERAD,protein_z ~ braak_z + age_z + sex + pmi_z,0.053398904636851166,0.053398904636851166,-0.053398904636851166,0.6046821395077489,117,0.0166644170928727,0.5,/Users/ashlynsloane/Buck Institute 25-26/ROSMAP Analysis March 26/hsp60_rosmap_publication_ready_repo/outputs/supplemental_figures/audits/COGNITION_LOOKUP_SELECTED_FOR_SUPPLEMENTAL_NULL.csv,cognition_composite_score,NA,0.0166644170928727,1,0,TRUE,0.20962199312714777,0.22336769759450173,0.14432989690721648
hsp_null_tbl,MDH2,covariate_adjusted_no_CERAD,protein_z ~ braak_z + age_z + sex + pmi_z,0.22363869824446372,0.22363869824446372,-0.22363869824446372,0.05618481134507314,117,0.16959840398227857,0.5,/Users/ashlynsloane/Buck Institute 25-26/ROSMAP Analysis March 26/hsp60_rosmap_publication_ready_repo/outputs/supplemental_figures/audits/COGNITION_LOOKUP_SELECTED_FOR_SUPPLEMENTAL_NULL.csv,cognition_composite_score,NA,0.16959840398227857,5,0,TRUE,0.8556701030927835,0.8934707903780069,0.14432989690721648
hsp_null_tbl,ME2,covariate_adjusted_no_CERAD,protein_z ~ braak_z + age_z + sex + pmi_z,0.02005066230569072,0.02005066230569072,-0.02005066230569072,0.8577069991128592,117,0.04574717192485296,2.5,/Users/ashlynsloane/Buck Institute 25-26/ROSMAP Analysis March 26/hsp60_rosmap_publication_ready_repo/outputs/supplemental_figures/audits/COGNITION_LOOKUP_SELECTED_FOR_SUPPLEMENTAL_NULL.csv,cognition_composite_score,NA,0.04574717192485296,3,0,TRUE,0.3161512027491409,0.27835051546391754,0.5395189003436426
hsp_null_tbl,METTL17,covariate_adjusted_no_CERAD,protein_z ~ braak_z + age_z + sex + pmi_z,-0.05367536612780983,-0.05367536612780983,0.05367536612780983,0.6362238411911487,112,0.1040558476027565,0,/Users/ashlynsloane/Buck Institute 25-26/ROSMAP Analysis March 26/hsp60_rosmap_publication_ready_repo/outputs/supplemental_figures/audits/COGNITION_LOOKUP_SELECTED_FOR_SUPPLEMENTAL_NULL.csv,cognition_composite_score,NA,0.1040558476027565,5,0,TRUE,0.563573883161512,0.6288659793814433,0
hsp_null_tbl,MIPEP,covariate_adjusted_no_CERAD,protein_z ~ braak_z + age_z + sex + pmi_z,-0.1751612263323771,-0.1751612263323771,0.1751612263323771,0.13058155042072075,117,0.04569743484710105,2.5,/Users/ashlynsloane/Buck Institute 25-26/ROSMAP Analysis March 26/hsp60_rosmap_publication_ready_repo/outputs/supplemental_figures/audits/COGNITION_LOOKUP_SELECTED_FOR_SUPPLEMENTAL_NULL.csv,cognition_composite_score,NA,0.04569743484710105,3,0,TRUE,0.3127147766323024,0.2852233676975945,0.5395189003436426
hsp_null_tbl,MMAB,covariate_adjusted_no_CERAD,protein_z ~ braak_z + age_z + sex + pmi_z,0.11301300324731617,0.11301300324731617,-0.11301300324731617,0.2696593829903019,117,0.01983427937343712,0,/Users/ashlynsloane/Buck Institute 25-26/ROSMAP Analysis March 26/hsp60_rosmap_publication_ready_repo/outputs/supplemental_figures/audits/COGNITION_LOOKUP_SELECTED_FOR_SUPPLEMENTAL_NULL.csv,cognition_composite_score,NA,0.01983427937343712,2,0,TRUE,0.21993127147766323,0.19931271477663232,0
hsp_null_tbl,MOGS,covariate_adjusted_no_CERAD,protein_z ~ braak_z + age_z + sex + pmi_z,-0.24705317404000665,-0.24705317404000665,0.24705317404000665,0.022681162134191465,117,0.01468441711389943,0.5,/Users/ashlynsloane/Buck Institute 25-26/ROSMAP Analysis March 26/hsp60_rosmap_publication_ready_repo/outputs/supplemental_figures/audits/COGNITION_LOOKUP_SELECTED_FOR_SUPPLEMENTAL_NULL.csv,cognition_composite_score,NA,0.01468441711389943,1,0,TRUE,0.2027491408934708,0.25773195876288657,0.14432989690721648
hsp_null_tbl,MRPL10,covariate_adjusted_no_CERAD,protein_z ~ braak_z + age_z + sex + pmi_z,0.2506734544851047,0.2506734544851047,-0.2506734544851047,0.013453942445874794,117,0.15241908274391358,0.5,/Users/ashlynsloane/Buck Institute 25-26/ROSMAP Analysis March 26/hsp60_rosmap_publication_ready_repo/outputs/supplemental_figures/audits/COGNITION_LOOKUP_SELECTED_FOR_SUPPLEMENTAL_NULL.csv,cognition_composite_score,NA,0.15241908274391358,5,0,TRUE,0.8075601374570447,0.8384879725085911,0.14432989690721648
hsp_null_tbl,MRPL13,covariate_adjusted_no_CERAD,protein_z ~ braak_z + age_z + sex + pmi_z,-0.17211460469926756,-0.17211460469926756,0.17211460469926756,0.12471058218548167,117,0.11288064954802872,2.5,/Users/ashlynsloane/Buck Institute 25-26/ROSMAP Analysis March 26/hsp60_rosmap_publication_ready_repo/outputs/supplemental_figures/audits/COGNITION_LOOKUP_SELECTED_FOR_SUPPLEMENTAL_NULL.csv,cognition_composite_score,NA,0.11288064954802872,5,0,TRUE,0.6013745704467354,0.6426116838487973,0.5395189003436426
hsp_null_tbl,MRPL14,covariate_adjusted_no_CERAD,protein_z ~ braak_z + age_z + sex + pmi_z,-0.0806474626744751,-0.0806474626744751,0.0806474626744751,0.4996079975531371,117,0.162787874871331,9.5,/Users/ashlynsloane/Buck Institute 25-26/ROSMAP Analysis March 26/hsp60_rosmap_publication_ready_repo/outputs/supplemental_figures/audits/COGNITION_LOOKUP_SELECTED_FOR_SUPPLEMENTAL_NULL.csv,cognition_composite_score,NA,0.162787874871331,5,0,TRUE,0.8419243986254296,0.8109965635738832,0.7525773195876289
hsp_null_tbl,MRPL15,covariate_adjusted_no_CERAD,protein_z ~ braak_z + age_z + sex + pmi_z,0.04959217351428043,0.04959217351428043,-0.04959217351428043,0.6603921420366174,117,0.14270871348914677,9.5,/Users/ashlynsloane/Buck Institute 25-26/ROSMAP Analysis March 26/hsp60_rosmap_publication_ready_repo/outputs/supplemental_figures/audits/COGNITION_LOOKUP_SELECTED_FOR_SUPPLEMENTAL_NULL.csv,cognition_composite_score,NA,0.14270871348914677,5,0,TRUE,0.7731958762886598,0.6804123711340206,0.7525773195876289
hsp_null_tbl,MRPL16,covariate_adjusted_no_CERAD,protein_z ~ braak_z + age_z + sex + pmi_z,1.0223704794836384e-4,1.0223704794836384e-4,-1.0223704794836384e-4,0.9992711652233861,117,0.12311564603289751,2.5,/Users/ashlynsloane/Buck Institute 25-26/ROSMAP Analysis March 26/hsp60_rosmap_publication_ready_repo/outputs/supplemental_figures/audits/COGNITION_LOOKUP_SELECTED_FOR_SUPPLEMENTAL_NULL.csv,cognition_composite_score,NA,0.12311564603289751,5,0,TRUE,0.6907216494845361,0.5670103092783505,0.5395189003436426
hsp_null_tbl,MRPL19,covariate_adjusted_no_CERAD,protein_z ~ braak_z + age_z + sex + pmi_z,-0.0139410041224693,-0.0139410041224693,0.0139410041224693,0.9032543351100051,117,0.13394329002992608,9.5,/Users/ashlynsloane/Buck Institute 25-26/ROSMAP Analysis March 26/hsp60_rosmap_publication_ready_repo/outputs/supplemental_figures/audits/COGNITION_LOOKUP_SELECTED_FOR_SUPPLEMENTAL_NULL.csv,cognition_composite_score,NA,0.13394329002992608,5,0,TRUE,0.7319587628865979,0.5773195876288659,0.7525773195876289
hsp_null_tbl,MRPL22,covariate_adjusted_no_CERAD,protein_z ~ braak_z + age_z + sex + pmi_z,0.061218447686089736,0.061218447686089736,-0.061218447686089736,0.5685191315336409,117,0.10453248077418131,6.5,/Users/ashlynsloane/Buck Institute 25-26/ROSMAP Analysis March 26/hsp60_rosmap_publication_ready_repo/outputs/supplemental_figures/audits/COGNITION_LOOKUP_SELECTED_FOR_SUPPLEMENTAL_NULL.csv,cognition_composite_score,NA,0.10453248077418131,5,0,TRUE,0.570446735395189,0.38144329896907214,0.6838487972508591
hsp_null_tbl,MRPL23,covariate_adjusted_no_CERAD,protein_z ~ braak_z + age_z + sex + pmi_z,-0.07666864420102777,-0.07666864420102777,0.07666864420102777,0.47228171695227816,106,0.11446218141306104,0.5,/Users/ashlynsloane/Buck Institute 25-26/ROSMAP Analysis March 26/hsp60_rosmap_publication_ready_repo/outputs/supplemental_figures/audits/COGNITION_LOOKUP_SELECTED_FOR_SUPPLEMENTAL_NULL.csv,cognition_composite_score,NA,0.11446218141306104,5,0,TRUE,0.6219931271477663,0.6597938144329897,0.14432989690721648
hsp_null_tbl,MRPL3,covariate_adjusted_no_CERAD,protein_z ~ braak_z + age_z + sex + pmi_z,8.211997845143288e-4,8.211997845143288e-4,-8.211997845143288e-4,0.9940892492149219,117,0.15436081178503075,2.5,/Users/ashlynsloane/Buck Institute 25-26/ROSMAP Analysis March 26/hsp60_rosmap_publication_ready_repo/outputs/supplemental_figures/audits/COGNITION_LOOKUP_SELECTED_FOR_SUPPLEMENTAL_NULL.csv,cognition_composite_score,NA,0.15436081178503075,5,0,TRUE,0.8144329896907216,0.6907216494845361,0.5395189003436426
hsp_null_tbl,MRPL37,covariate_adjusted_no_CERAD,protein_z ~ braak_z + age_z + sex + pmi_z,0.004811998033511022,0.004811998033511022,-0.004811998033511022,0.9658770889268973,117,0.11956505740746094,9.5,/Users/ashlynsloane/Buck Institute 25-26/ROSMAP Analysis March 26/hsp60_rosmap_publication_ready_repo/outputs/supplemental_figures/audits/COGNITION_LOOKUP_SELECTED_FOR_SUPPLEMENTAL_NULL.csv,cognition_composite_score,NA,0.11956505740746094,5,0,TRUE,0.6597938144329897,0.5532646048109966,0.7525773195876289
hsp_null_tbl,MRPL38,covariate_adjusted_no_CERAD,protein_z ~ braak_z + age_z + sex + pmi_z,0.07512739503112627,0.07512739503112627,-0.07512739503112627,0.4863688250646424,117,0.12979229040715334,0,/Users/ashlynsloane/Buck Institute 25-26/ROSMAP Analysis March 26/hsp60_rosmap_publication_ready_repo/outputs/supplemental_figures/audits/COGNITION_LOOKUP_SELECTED_FOR_SUPPLEMENTAL_NULL.csv,cognition_composite_score,NA,0.12979229040715334,5,0,TRUE,0.7079037800687286,0.6048109965635738,0
hsp_null_tbl,MRPL39,covariate_adjusted_no_CERAD,protein_z ~ braak_z + age_z + sex + pmi_z,0.08374342376803229,0.08374342376803229,-0.08374342376803229,0.46496539882935606,117,0.12396691742437546,12.5,/Users/ashlynsloane/Buck Institute 25-26/ROSMAP Analysis March 26/hsp60_rosmap_publication_ready_repo/outputs/supplemental_figures/audits/COGNITION_LOOKUP_SELECTED_FOR_SUPPLEMENTAL_NULL.csv,cognition_composite_score,NA,0.12396691742437546,5,0,TRUE,0.6941580756013745,0.6151202749140894,0.8694158075601375
hsp_null_tbl,MRPL4,covariate_adjusted_no_CERAD,protein_z ~ braak_z + age_z + sex + pmi_z,-0.09108490214957875,-0.09108490214957875,0.09108490214957875,0.4140060408380428,117,0.13255989853062922,2,/Users/ashlynsloane/Buck Institute 25-26/ROSMAP Analysis March 26/hsp60_rosmap_publication_ready_repo/outputs/supplemental_figures/audits/COGNITION_LOOKUP_SELECTED_FOR_SUPPLEMENTAL_NULL.csv,cognition_composite_score,NA,0.13255989853062922,5,0,TRUE,0.718213058419244,0.6013745704467354,0.5360824742268041
hsp_null_tbl,MRPL44,covariate_adjusted_no_CERAD,protein_z ~ braak_z + age_z + sex + pmi_z,0.05133096452304551,0.05133096452304551,-0.05133096452304551,0.6626921871901243,117,0.1140255359100337,12.5,/Users/ashlynsloane/Buck Institute 25-26/ROSMAP Analysis March 26/hsp60_rosmap_publication_ready_repo/outputs/supplemental_figures/audits/COGNITION_LOOKUP_SELECTED_FOR_SUPPLEMENTAL_NULL.csv,cognition_composite_score,NA,0.1140255359100337,5,0,TRUE,0.6151202749140894,0.5738831615120275,0.8694158075601375
hsp_null_tbl,MRPL45,covariate_adjusted_no_CERAD,protein_z ~ braak_z + age_z + sex + pmi_z,0.033898162828100174,0.033898162828100174,-0.033898162828100174,0.76787454679945,117,0.1167319121848845,9.5,/Users/ashlynsloane/Buck Institute 25-26/ROSMAP Analysis March 26/hsp60_rosmap_publication_ready_repo/outputs/supplemental_figures/audits/COGNITION_LOOKUP_SELECTED_FOR_SUPPLEMENTAL_NULL.csv,cognition_composite_score,NA,0.1167319121848845,5,0,TRUE,0.6460481099656358,0.5257731958762887,0.7525773195876289
hsp_null_tbl,MRPL47,covariate_adjusted_no_CERAD,protein_z ~ braak_z + age_z + sex + pmi_z,0.06156475817797237,0.06156475817797237,-0.06156475817797237,0.584357296803369,117,0.12306013090109606,12.5,/Users/ashlynsloane/Buck Institute 25-26/ROSMAP Analysis March 26/hsp60_rosmap_publication_ready_repo/outputs/supplemental_figures/audits/COGNITION_LOOKUP_SELECTED_FOR_SUPPLEMENTAL_NULL.csv,cognition_composite_score,NA,0.12306013090109606,5,0,TRUE,0.6872852233676976,0.37800687285223367,0.8694158075601375
hsp_null_tbl,MRPL48,covariate_adjusted_no_CERAD,protein_z ~ braak_z + age_z + sex + pmi_z,0.046388395580108537,0.046388395580108537,-0.046388395580108537,0.6502113174743964,117,0.1369396557386784,9.5,/Users/ashlynsloane/Buck Institute 25-26/ROSMAP Analysis March 26/hsp60_rosmap_publication_ready_repo/outputs/supplemental_figures/audits/COGNITION_LOOKUP_SELECTED_FOR_SUPPLEMENTAL_NULL.csv,cognition_composite_score,NA,0.1369396557386784,5,0,TRUE,0.7422680412371134,0.6219931271477663,0.7525773195876289
hsp_null_tbl,MRPL49,covariate_adjusted_no_CERAD,protein_z ~ braak_z + age_z + sex + pmi_z,-0.036326573807198566,-0.036326573807198566,0.036326573807198566,0.7536665220537044,117,0.1184197079524643,12.5,/Users/ashlynsloane/Buck Institute 25-26/ROSMAP Analysis March 26/hsp60_rosmap_publication_ready_repo/outputs/supplemental_figures/audits/COGNITION_LOOKUP_SELECTED_FOR_SUPPLEMENTAL_NULL.csv,cognition_composite_score,NA,0.1184197079524643,5,0,TRUE,0.6529209621993127,0.5601374570446735,0.8694158075601375
hsp_null_tbl,MRPL53,covariate_adjusted_no_CERAD,protein_z ~ braak_z + age_z + sex + pmi_z,-0.009900728927261532,-0.009900728927261532,0.009900728927261532,0.931425149084927,117,0.10907116693298632,9.5,/Users/ashlynsloane/Buck Institute 25-26/ROSMAP Analysis March 26/hsp60_rosmap_publication_ready_repo/outputs/supplemental_figures/audits/COGNITION_LOOKUP_SELECTED_FOR_SUPPLEMENTAL_NULL.csv,cognition_composite_score,NA,0.10907116693298632,5,0,TRUE,0.5807560137457045,0.5498281786941581,0.7525773195876289
hsp_null_tbl,MRPL9,covariate_adjusted_no_CERAD,protein_z ~ braak_z + age_z + sex + pmi_z,-0.05727682081214872,-0.05727682081214872,0.05727682081214872,0.6126210985983727,117,0.14782903143520906,9.5,/Users/ashlynsloane/Buck Institute 25-26/ROSMAP Analysis March 26/hsp60_rosmap_publication_ready_repo/outputs/supplemental_figures/audits/COGNITION_LOOKUP_SELECTED_FOR_SUPPLEMENTAL_NULL.csv,cognition_composite_score,NA,0.14782903143520906,5,0,TRUE,0.7903780068728522,0.6666666666666666,0.7525773195876289
hsp_null_tbl,MRPS12,covariate_adjusted_no_CERAD,protein_z ~ braak_z + age_z + sex + pmi_z,0.06858095627453374,0.06858095627453374,-0.06858095627453374,0.5636193633514596,117,0.15022993850153324,0.5,/Users/ashlynsloane/Buck Institute 25-26/ROSMAP Analysis March 26/hsp60_rosmap_publication_ready_repo/outputs/supplemental_figures/audits/COGNITION_LOOKUP_SELECTED_FOR_SUPPLEMENTAL_NULL.csv,cognition_composite_score,NA,0.15022993850153324,5,0,TRUE,0.7972508591065293,0.7010309278350515,0.14432989690721648
hsp_null_tbl,MRPS15,covariate_adjusted_no_CERAD,protein_z ~ braak_z + age_z + sex + pmi_z,0.15241598960921196,0.15241598960921196,-0.15241598960921196,0.18695567189868748,117,0.14715844536939485,2.5,/Users/ashlynsloane/Buck Institute 25-26/ROSMAP Analysis March 26/hsp60_rosmap_publication_ready_repo/outputs/supplemental_figures/audits/COGNITION_LOOKUP_SELECTED_FOR_SUPPLEMENTAL_NULL.csv,cognition_composite_score,NA,0.14715844536939485,5,0,TRUE,0.7835051546391752,0.6872852233676976,0.5395189003436426
hsp_null_tbl,MRPS16,covariate_adjusted_no_CERAD,protein_z ~ braak_z + age_z + sex + pmi_z,0.1974384958914042,0.1974384958914042,-0.1974384958914042,0.08978651035435677,117,0.19421162434927697,5.5,/Users/ashlynsloane/Buck Institute 25-26/ROSMAP Analysis March 26/hsp60_rosmap_publication_ready_repo/outputs/supplemental_figures/audits/COGNITION_LOOKUP_SELECTED_FOR_SUPPLEMENTAL_NULL.csv,cognition_composite_score,NA,0.19421162434927697,5,0,TRUE,0.9072164948453608,0.872852233676976,0.6632302405498282
hsp_null_tbl,MRPS2,covariate_adjusted_no_CERAD,protein_z ~ braak_z + age_z + sex + pmi_z,0.2049363371152771,0.2049363371152771,-0.2049363371152771,0.06783389920630978,117,0.0764927609791699,1.5,/Users/ashlynsloane/Buck Institute 25-26/ROSMAP Analysis March 26/hsp60_rosmap_publication_ready_repo/outputs/supplemental_figures/audits/COGNITION_LOOKUP_SELECTED_FOR_SUPPLEMENTAL_NULL.csv,cognition_composite_score,NA,0.0764927609791699,4,0,TRUE,0.436426116838488,0.44329896907216493,0.44673539518900346
hsp_null_tbl,MRPS22,covariate_adjusted_no_CERAD,protein_z ~ braak_z + age_z + sex + pmi_z,0.12568785662386486,0.12568785662386486,-0.12568785662386486,0.28543194706612046,117,0.1711014173656209,9.5,/Users/ashlynsloane/Buck Institute 25-26/ROSMAP Analysis March 26/hsp60_rosmap_publication_ready_repo/outputs/supplemental_figures/audits/COGNITION_LOOKUP_SELECTED_FOR_SUPPLEMENTAL_NULL.csv,cognition_composite_score,NA,0.1711014173656209,5,0,TRUE,0.8694158075601375,0.7972508591065293,0.7525773195876289
hsp_null_tbl,MRPS23,covariate_adjusted_no_CERAD,protein_z ~ braak_z + age_z + sex + pmi_z,0.03895114988514621,0.03895114988514621,-0.03895114988514621,0.7365199890358235,117,0.17139706502552218,12.5,/Users/ashlynsloane/Buck Institute 25-26/ROSMAP Analysis March 26/hsp60_rosmap_publication_ready_repo/outputs/supplemental_figures/audits/COGNITION_LOOKUP_SELECTED_FOR_SUPPLEMENTAL_NULL.csv,cognition_composite_score,NA,0.17139706502552218,5,0,TRUE,0.872852233676976,0.8178694158075601,0.8694158075601375
hsp_null_tbl,MRPS25,covariate_adjusted_no_CERAD,protein_z ~ braak_z + age_z + sex + pmi_z,0.13642795138811942,0.13642795138811942,-0.13642795138811942,0.22023845801783773,117,0.13372552997401674,3.5,/Users/ashlynsloane/Buck Institute 25-26/ROSMAP Analysis March 26/hsp60_rosmap_publication_ready_repo/outputs/supplemental_figures/audits/COGNITION_LOOKUP_SELECTED_FOR_SUPPLEMENTAL_NULL.csv,cognition_composite_score,NA,0.13372552997401674,5,0,TRUE,0.7285223367697594,0.6941580756013745,0.6219931271477663
hsp_null_tbl,MRPS26,covariate_adjusted_no_CERAD,protein_z ~ braak_z + age_z + sex + pmi_z,0.0012932035276321504,0.0012932035276321504,-0.0012932035276321504,0.9912859457633453,117,0.08908224086011932,3.5,/Users/ashlynsloane/Buck Institute 25-26/ROSMAP Analysis March 26/hsp60_rosmap_publication_ready_repo/outputs/supplemental_figures/audits/COGNITION_LOOKUP_SELECTED_FOR_SUPPLEMENTAL_NULL.csv,cognition_composite_score,NA,0.08908224086011932,4,0,TRUE,0.49140893470790376,0.4536082474226804,0.6219931271477663
hsp_null_tbl,MRPS27,covariate_adjusted_no_CERAD,protein_z ~ braak_z + age_z + sex + pmi_z,-0.031002272122508518,-0.031002272122508518,0.031002272122508518,0.7863577737178167,117,0.1575527836190342,6.5,/Users/ashlynsloane/Buck Institute 25-26/ROSMAP Analysis March 26/hsp60_rosmap_publication_ready_repo/outputs/supplemental_figures/audits/COGNITION_LOOKUP_SELECTED_FOR_SUPPLEMENTAL_NULL.csv,cognition_composite_score,NA,0.1575527836190342,5,0,TRUE,0.8247422680412371,0.7800687285223368,0.6838487972508591
hsp_null_tbl,MRPS30,covariate_adjusted_no_CERAD,protein_z ~ braak_z + age_z + sex + pmi_z,0.019530355371430254,0.019530355371430254,-0.019530355371430254,0.85799556289505,110,0.11704173349493052,8.5,/Users/ashlynsloane/Buck Institute 25-26/ROSMAP Analysis March 26/hsp60_rosmap_publication_ready_repo/outputs/supplemental_figures/audits/COGNITION_LOOKUP_SELECTED_FOR_SUPPLEMENTAL_NULL.csv,cognition_composite_score,NA,0.11704173349493052,5,0,TRUE,0.6494845360824743,0.5429553264604811,0.7319587628865979
hsp_null_tbl,MRPS31,covariate_adjusted_no_CERAD,protein_z ~ braak_z + age_z + sex + pmi_z,0.026629650224443597,0.026629650224443597,-0.026629650224443597,0.8217048039461369,117,0.1440247665319908,2.5,/Users/ashlynsloane/Buck Institute 25-26/ROSMAP Analysis March 26/hsp60_rosmap_publication_ready_repo/outputs/supplemental_figures/audits/COGNITION_LOOKUP_SELECTED_FOR_SUPPLEMENTAL_NULL.csv,cognition_composite_score,NA,0.1440247665319908,5,0,TRUE,0.7800687285223368,0.711340206185567,0.5395189003436426
hsp_null_tbl,MRPS33,covariate_adjusted_no_CERAD,protein_z ~ braak_z + age_z + sex + pmi_z,0.23309988952387975,0.23309988952387975,-0.23309988952387975,0.05668551620538242,113,0.11275411202474622,3.5,/Users/ashlynsloane/Buck Institute 25-26/ROSMAP Analysis March 26/hsp60_rosmap_publication_ready_repo/outputs/supplemental_figures/audits/COGNITION_LOOKUP_SELECTED_FOR_SUPPLEMENTAL_NULL.csv,cognition_composite_score,NA,0.11275411202474622,5,0,TRUE,0.5979381443298969,0.4845360824742268,0.6219931271477663
hsp_null_tbl,MRPS34,covariate_adjusted_no_CERAD,protein_z ~ braak_z + age_z + sex + pmi_z,0.010055176098137017,0.010055176098137017,-0.010055176098137017,0.9346824623671819,117,0.1402282074054229,5.5,/Users/ashlynsloane/Buck Institute 25-26/ROSMAP Analysis March 26/hsp60_rosmap_publication_ready_repo/outputs/supplemental_figures/audits/COGNITION_LOOKUP_SELECTED_FOR_SUPPLEMENTAL_NULL.csv,cognition_composite_score,NA,0.1402282074054229,5,0,TRUE,0.7594501718213058,0.5085910652920962,0.6632302405498282
hsp_null_tbl,MRPS35,covariate_adjusted_no_CERAD,protein_z ~ braak_z + age_z + sex + pmi_z,0.10058173834144007,0.10058173834144007,-0.10058173834144007,0.37492529135723496,117,0.15826280218157204,12.5,/Users/ashlynsloane/Buck Institute 25-26/ROSMAP Analysis March 26/hsp60_rosmap_publication_ready_repo/outputs/supplemental_figures/audits/COGNITION_LOOKUP_SELECTED_FOR_SUPPLEMENTAL_NULL.csv,cognition_composite_score,NA,0.15826280218157204,5,0,TRUE,0.8281786941580757,0.7285223367697594,0.8694158075601375
hsp_null_tbl,MRPS36,covariate_adjusted_no_CERAD,protein_z ~ braak_z + age_z + sex + pmi_z,-0.03218717022141861,-0.03218717022141861,0.03218717022141861,0.7651278378826364,117,0.15040081570756922,12.5,/Users/ashlynsloane/Buck Institute 25-26/ROSMAP Analysis March 26/hsp60_rosmap_publication_ready_repo/outputs/supplemental_figures/audits/COGNITION_LOOKUP_SELECTED_FOR_SUPPLEMENTAL_NULL.csv,cognition_composite_score,NA,0.15040081570756922,5,0,TRUE,0.8006872852233677,0.8041237113402062,0.8694158075601375
hsp_null_tbl,MRPS5,covariate_adjusted_no_CERAD,protein_z ~ braak_z + age_z + sex + pmi_z,0.04176602293745915,0.04176602293745915,-0.04176602293745915,0.7235147992336655,117,0.09394033662405106,3.5,/Users/ashlynsloane/Buck Institute 25-26/ROSMAP Analysis March 26/hsp60_rosmap_publication_ready_repo/outputs/supplemental_figures/audits/COGNITION_LOOKUP_SELECTED_FOR_SUPPLEMENTAL_NULL.csv,cognition_composite_score,NA,0.09394033662405106,4,0,TRUE,0.5223367697594502,0.4329896907216495,0.6219931271477663
hsp_null_tbl,MRPS6,covariate_adjusted_no_CERAD,protein_z ~ braak_z + age_z + sex + pmi_z,0.01711234694051535,0.01711234694051535,-0.01711234694051535,0.8896010296514449,117,0.06902872667018721,2.5,/Users/ashlynsloane/Buck Institute 25-26/ROSMAP Analysis March 26/hsp60_rosmap_publication_ready_repo/outputs/supplemental_figures/audits/COGNITION_LOOKUP_SELECTED_FOR_SUPPLEMENTAL_NULL.csv,cognition_composite_score,NA,0.06902872667018721,4,0,TRUE,0.422680412371134,0.35051546391752575,0.5395189003436426
hsp_null_tbl,MRPS9,covariate_adjusted_no_CERAD,protein_z ~ braak_z + age_z + sex + pmi_z,0.12482632063465679,0.12482632063465679,-0.12482632063465679,0.2857143069343128,117,0.17052612552796492,9.5,/Users/ashlynsloane/Buck Institute 25-26/ROSMAP Analysis March 26/hsp60_rosmap_publication_ready_repo/outputs/supplemental_figures/audits/COGNITION_LOOKUP_SELECTED_FOR_SUPPLEMENTAL_NULL.csv,cognition_composite_score,NA,0.17052612552796492,5,0,TRUE,0.865979381443299,0.7938144329896907,0.7525773195876289
hsp_null_tbl,MT-ATP6,covariate_adjusted_no_CERAD,protein_z ~ braak_z + age_z + sex + pmi_z,-0.08556404469790281,-0.08556404469790281,0.08556404469790281,0.37982145989846894,113,0.1512597974374697,0.5,/Users/ashlynsloane/Buck Institute 25-26/ROSMAP Analysis March 26/hsp60_rosmap_publication_ready_repo/outputs/supplemental_figures/audits/COGNITION_LOOKUP_SELECTED_FOR_SUPPLEMENTAL_NULL.csv,cognition_composite_score,NA,0.1512597974374697,5,0,TRUE,0.8041237113402062,0.8075601374570447,0.14432989690721648
hsp_null_tbl,MT-CO2,covariate_adjusted_no_CERAD,protein_z ~ braak_z + age_z + sex + pmi_z,-0.10427630601682117,-0.10427630601682117,0.10427630601682117,0.37348339271119413,117,0.2051270238777358,8.5,/Users/ashlynsloane/Buck Institute 25-26/ROSMAP Analysis March 26/hsp60_rosmap_publication_ready_repo/outputs/supplemental_figures/audits/COGNITION_LOOKUP_SELECTED_FOR_SUPPLEMENTAL_NULL.csv,cognition_composite_score,NA,0.2051270238777358,5,0,TRUE,0.9243986254295533,0.9072164948453608,0.7319587628865979
hsp_null_tbl,MTG1,covariate_adjusted_no_CERAD,protein_z ~ braak_z + age_z + sex + pmi_z,-0.12352313662657961,-0.12352313662657961,0.12352313662657961,0.3161943751078764,93,0.08473608090777832,0.5,/Users/ashlynsloane/Buck Institute 25-26/ROSMAP Analysis March 26/hsp60_rosmap_publication_ready_repo/outputs/supplemental_figures/audits/COGNITION_LOOKUP_SELECTED_FOR_SUPPLEMENTAL_NULL.csv,cognition_composite_score,NA,0.08473608090777832,4,0,TRUE,0.47766323024054985,0.46735395189003437,0.14432989690721648
hsp_null_tbl,MTHFD1L,covariate_adjusted_no_CERAD,protein_z ~ braak_z + age_z + sex + pmi_z,-0.11453205873831111,-0.11453205873831111,0.11453205873831111,0.23250911252503517,117,0.06321988795213143,0.5,/Users/ashlynsloane/Buck Institute 25-26/ROSMAP Analysis March 26/hsp60_rosmap_publication_ready_repo/outputs/supplemental_figures/audits/COGNITION_LOOKUP_SELECTED_FOR_SUPPLEMENTAL_NULL.csv,cognition_composite_score,NA,0.06321988795213143,4,0,TRUE,0.3951890034364261,0.41237113402061853,0.14432989690721648
hsp_null_tbl,MTO1,covariate_adjusted_no_CERAD,protein_z ~ braak_z + age_z + sex + pmi_z,-0.08803749144038837,-0.08803749144038837,0.08803749144038837,0.474452054687291,102,0.0811070557030744,0.5,/Users/ashlynsloane/Buck Institute 25-26/ROSMAP Analysis March 26/hsp60_rosmap_publication_ready_repo/outputs/supplemental_figures/audits/COGNITION_LOOKUP_SELECTED_FOR_SUPPLEMENTAL_NULL.csv,cognition_composite_score,NA,0.0811070557030744,4,0,TRUE,0.4536082474226804,0.422680412371134,0.14432989690721648
hsp_null_tbl,MTPAP,covariate_adjusted_no_CERAD,protein_z ~ braak_z + age_z + sex + pmi_z,0.03449601475737181,0.03449601475737181,-0.03449601475737181,0.7643064782953207,117,0.08375099779656715,0.5,/Users/ashlynsloane/Buck Institute 25-26/ROSMAP Analysis March 26/hsp60_rosmap_publication_ready_repo/outputs/supplemental_figures/audits/COGNITION_LOOKUP_SELECTED_FOR_SUPPLEMENTAL_NULL.csv,cognition_composite_score,NA,0.08375099779656715,4,0,TRUE,0.47079037800687284,0.36769759450171824,0.14432989690721648
hsp_null_tbl,NADK2,covariate_adjusted_no_CERAD,protein_z ~ braak_z + age_z + sex + pmi_z,-0.14612340670956445,-0.14612340670956445,0.14612340670956445,0.21794414439486512,117,-0.07112968578079147,0,/Users/ashlynsloane/Buck Institute 25-26/ROSMAP Analysis March 26/hsp60_rosmap_publication_ready_repo/outputs/supplemental_figures/audits/COGNITION_LOOKUP_SELECTED_FOR_SUPPLEMENTAL_NULL.csv,cognition_composite_score,NA,0.07112968578079147,4,0,TRUE,0.037800687285223365,0.030927835051546393,0
hsp_null_tbl,NARS2,covariate_adjusted_no_CERAD,protein_z ~ braak_z + age_z + sex + pmi_z,-0.028569636204200246,-0.028569636204200246,0.028569636204200246,0.7888438341631112,117,-0.01786144477503982,0,/Users/ashlynsloane/Buck Institute 25-26/ROSMAP Analysis March 26/hsp60_rosmap_publication_ready_repo/outputs/supplemental_figures/audits/COGNITION_LOOKUP_SELECTED_FOR_SUPPLEMENTAL_NULL.csv,cognition_composite_score,NA,0.01786144477503982,2,0,TRUE,0.1134020618556701,0.13058419243986255,0
hsp_null_tbl,NDUFA10,covariate_adjusted_no_CERAD,protein_z ~ braak_z + age_z + sex + pmi_z,0.11971555812985224,0.11971555812985224,-0.11971555812985224,0.30903937898325434,117,0.20650065711687032,9.5,/Users/ashlynsloane/Buck Institute 25-26/ROSMAP Analysis March 26/hsp60_rosmap_publication_ready_repo/outputs/supplemental_figures/audits/COGNITION_LOOKUP_SELECTED_FOR_SUPPLEMENTAL_NULL.csv,cognition_composite_score,NA,0.20650065711687032,5,0,TRUE,0.9312714776632303,0.9312714776632303,0.7525773195876289
hsp_null_tbl,NDUFA13,covariate_adjusted_no_CERAD,protein_z ~ braak_z + age_z + sex + pmi_z,0.06721119696985925,0.06721119696985925,-0.06721119696985925,0.5755881506832068,117,0.21504097517672724,12.5,/Users/ashlynsloane/Buck Institute 25-26/ROSMAP Analysis March 26/hsp60_rosmap_publication_ready_repo/outputs/supplemental_figures/audits/COGNITION_LOOKUP_SELECTED_FOR_SUPPLEMENTAL_NULL.csv,cognition_composite_score,NA,0.21504097517672724,5,0,TRUE,0.9553264604810997,0.9381443298969072,0.8694158075601375
hsp_null_tbl,NDUFA2,covariate_adjusted_no_CERAD,protein_z ~ braak_z + age_z + sex + pmi_z,-0.10033933365800743,-0.10033933365800743,0.10033933365800743,0.36210013724880385,117,0.2517310188572606,12.5,/Users/ashlynsloane/Buck Institute 25-26/ROSMAP Analysis March 26/hsp60_rosmap_publication_ready_repo/outputs/supplemental_figures/audits/COGNITION_LOOKUP_SELECTED_FOR_SUPPLEMENTAL_NULL.csv,cognition_composite_score,NA,0.2517310188572606,5,0,TRUE,1,1,0.8694158075601375
hsp_null_tbl,NDUFA4,covariate_adjusted_no_CERAD,protein_z ~ braak_z + age_z + sex + pmi_z,-0.1090863122075088,-0.1090863122075088,0.1090863122075088,0.34713365799231066,117,0.22794611371873383,9.5,/Users/ashlynsloane/Buck Institute 25-26/ROSMAP Analysis March 26/hsp60_rosmap_publication_ready_repo/outputs/supplemental_figures/audits/COGNITION_LOOKUP_SELECTED_FOR_SUPPLEMENTAL_NULL.csv,cognition_composite_score,NA,0.22794611371873383,5,0,TRUE,0.9759450171821306,0.9587628865979382,0.7525773195876289
hsp_null_tbl,NDUFA6,covariate_adjusted_no_CERAD,protein_z ~ braak_z + age_z + sex + pmi_z,-0.07814249542910254,-0.07814249542910254,0.07814249542910254,0.46925020555127184,117,0.2388156316127979,9.5,/Users/ashlynsloane/Buck Institute 25-26/ROSMAP Analysis March 26/hsp60_rosmap_publication_ready_repo/outputs/supplemental_figures/audits/COGNITION_LOOKUP_SELECTED_FOR_SUPPLEMENTAL_NULL.csv,cognition_composite_score,NA,0.2388156316127979,5,0,TRUE,0.993127147766323,0.9965635738831615,0.7525773195876289
hsp_null_tbl,NDUFA8,covariate_adjusted_no_CERAD,protein_z ~ braak_z + age_z + sex + pmi_z,-0.04710339294710935,-0.04710339294710935,0.04710339294710935,0.6703965133825618,117,0.2156163302429066,12.5,/Users/ashlynsloane/Buck Institute 25-26/ROSMAP Analysis March 26/hsp60_rosmap_publication_ready_repo/outputs/supplemental_figures/audits/COGNITION_LOOKUP_SELECTED_FOR_SUPPLEMENTAL_NULL.csv,cognition_composite_score,NA,0.2156163302429066,5,0,TRUE,0.9587628865979382,0.9450171821305842,0.8694158075601375
hsp_null_tbl,NDUFA9,covariate_adjusted_no_CERAD,protein_z ~ braak_z + age_z + sex + pmi_z,0.01406537827193727,0.01406537827193727,-0.01406537827193727,0.8904677562361989,117,0.22344765560443736,1.5,/Users/ashlynsloane/Buck Institute 25-26/ROSMAP Analysis March 26/hsp60_rosmap_publication_ready_repo/outputs/supplemental_figures/audits/COGNITION_LOOKUP_SELECTED_FOR_SUPPLEMENTAL_NULL.csv,cognition_composite_score,NA,0.22344765560443736,5,0,TRUE,0.9690721649484536,0.9896907216494846,0.44673539518900346
hsp_null_tbl,NDUFAF3,covariate_adjusted_no_CERAD,protein_z ~ braak_z + age_z + sex + pmi_z,0.032338393990039495,0.032338393990039495,-0.032338393990039495,0.7900617653885083,117,0.15264693402315574,0.5,/Users/ashlynsloane/Buck Institute 25-26/ROSMAP Analysis March 26/hsp60_rosmap_publication_ready_repo/outputs/supplemental_figures/audits/COGNITION_LOOKUP_SELECTED_FOR_SUPPLEMENTAL_NULL.csv,cognition_composite_score,NA,0.15264693402315574,5,0,TRUE,0.8109965635738832,0.8556701030927835,0.14432989690721648
hsp_null_tbl,NDUFAF7,covariate_adjusted_no_CERAD,protein_z ~ braak_z + age_z + sex + pmi_z,0.0362292767544314,0.0362292767544314,-0.0362292767544314,0.7434047774608046,117,0.16097136971229203,12.5,/Users/ashlynsloane/Buck Institute 25-26/ROSMAP Analysis March 26/hsp60_rosmap_publication_ready_repo/outputs/supplemental_figures/audits/COGNITION_LOOKUP_SELECTED_FOR_SUPPLEMENTAL_NULL.csv,cognition_composite_score,NA,0.16097136971229203,5,0,TRUE,0.8384879725085911,0.7766323024054983,0.8694158075601375
hsp_null_tbl,NDUFB1,covariate_adjusted_no_CERAD,protein_z ~ braak_z + age_z + sex + pmi_z,-0.03187291366384161,-0.03187291366384161,0.03187291366384161,0.7485949797332682,117,0.2012443881976464,12.5,/Users/ashlynsloane/Buck Institute 25-26/ROSMAP Analysis March 26/hsp60_rosmap_publication_ready_repo/outputs/supplemental_figures/audits/COGNITION_LOOKUP_SELECTED_FOR_SUPPLEMENTAL_NULL.csv,cognition_composite_score,NA,0.2012443881976464,5,0,TRUE,0.9175257731958762,0.993127147766323,0.8694158075601375
hsp_null_tbl,NDUFB10,covariate_adjusted_no_CERAD,protein_z ~ braak_z + age_z + sex + pmi_z,-0.030696338777274713,-0.030696338777274713,0.030696338777274713,0.7868766569303235,117,0.1989885622361397,8.5,/Users/ashlynsloane/Buck Institute 25-26/ROSMAP Analysis March 26/hsp60_rosmap_publication_ready_repo/outputs/supplemental_figures/audits/COGNITION_LOOKUP_SELECTED_FOR_SUPPLEMENTAL_NULL.csv,cognition_composite_score,NA,0.1989885622361397,5,0,TRUE,0.9140893470790378,0.9175257731958762,0.7319587628865979
hsp_null_tbl,NDUFS1,covariate_adjusted_no_CERAD,protein_z ~ braak_z + age_z + sex + pmi_z,0.044203768863079605,0.044203768863079605,-0.044203768863079605,0.7004801594178451,117,0.23142766981525367,12.5,/Users/ashlynsloane/Buck Institute 25-26/ROSMAP Analysis March 26/hsp60_rosmap_publication_ready_repo/outputs/supplemental_figures/audits/COGNITION_LOOKUP_SELECTED_FOR_SUPPLEMENTAL_NULL.csv,cognition_composite_score,NA,0.23142766981525367,5,0,TRUE,0.979381443298969,0.9862542955326461,0.8694158075601375
hsp_null_tbl,NDUFS2,covariate_adjusted_no_CERAD,protein_z ~ braak_z + age_z + sex + pmi_z,0.09395731701550482,0.09395731701550482,-0.09395731701550482,0.38249909981287233,117,0.20424510345527053,12.5,/Users/ashlynsloane/Buck Institute 25-26/ROSMAP Analysis March 26/hsp60_rosmap_publication_ready_repo/outputs/supplemental_figures/audits/COGNITION_LOOKUP_SELECTED_FOR_SUPPLEMENTAL_NULL.csv,cognition_composite_score,NA,0.20424510345527053,5,0,TRUE,0.9209621993127147,0.9347079037800687,0.8694158075601375
hsp_null_tbl,NDUFS3,covariate_adjusted_no_CERAD,protein_z ~ braak_z + age_z + sex + pmi_z,-0.04018323329962248,-0.04018323329962248,0.04018323329962248,0.7096546418532449,117,0.20968856546369635,3.5,/Users/ashlynsloane/Buck Institute 25-26/ROSMAP Analysis March 26/hsp60_rosmap_publication_ready_repo/outputs/supplemental_figures/audits/COGNITION_LOOKUP_SELECTED_FOR_SUPPLEMENTAL_NULL.csv,cognition_composite_score,NA,0.20968856546369635,5,0,TRUE,0.9415807560137457,0.9415807560137457,0.6219931271477663
hsp_null_tbl,NDUFS4,covariate_adjusted_no_CERAD,protein_z ~ braak_z + age_z + sex + pmi_z,-0.01995830567635575,-0.01995830567635575,0.01995830567635575,0.8664621375240202,117,0.22105258499756655,12.5,/Users/ashlynsloane/Buck Institute 25-26/ROSMAP Analysis March 26/hsp60_rosmap_publication_ready_repo/outputs/supplemental_figures/audits/COGNITION_LOOKUP_SELECTED_FOR_SUPPLEMENTAL_NULL.csv,cognition_composite_score,NA,0.22105258499756655,5,0,TRUE,0.9621993127147767,0.9656357388316151,0.8694158075601375
hsp_null_tbl,NDUFV1,covariate_adjusted_no_CERAD,protein_z ~ braak_z + age_z + sex + pmi_z,-0.07700176168847536,-0.07700176168847536,0.07700176168847536,0.5001633786567748,117,0.23180307375845569,12.5,/Users/ashlynsloane/Buck Institute 25-26/ROSMAP Analysis March 26/hsp60_rosmap_publication_ready_repo/outputs/supplemental_figures/audits/COGNITION_LOOKUP_SELECTED_FOR_SUPPLEMENTAL_NULL.csv,cognition_composite_score,NA,0.23180307375845569,5,0,TRUE,0.9828178694158075,0.9621993127147767,0.8694158075601375
hsp_null_tbl,NDUFV2,covariate_adjusted_no_CERAD,protein_z ~ braak_z + age_z + sex + pmi_z,-0.11782148824087274,-0.11782148824087274,0.11782148824087274,0.2791265582782259,117,0.22300500665382128,12.5,/Users/ashlynsloane/Buck Institute 25-26/ROSMAP Analysis March 26/hsp60_rosmap_publication_ready_repo/outputs/supplemental_figures/audits/COGNITION_LOOKUP_SELECTED_FOR_SUPPLEMENTAL_NULL.csv,cognition_composite_score,NA,0.22300500665382128,5,0,TRUE,0.9656357388316151,0.9553264604810997,0.8694158075601375
hsp_null_tbl,NFS1,covariate_adjusted_no_CERAD,protein_z ~ braak_z + age_z + sex + pmi_z,0.17667580298146598,0.17667580298146598,-0.17667580298146598,0.10495570372227533,117,0.16734551592420896,12.5,/Users/ashlynsloane/Buck Institute 25-26/ROSMAP Analysis March 26/hsp60_rosmap_publication_ready_repo/outputs/supplemental_figures/audits/COGNITION_LOOKUP_SELECTED_FOR_SUPPLEMENTAL_NULL.csv,cognition_composite_score,NA,0.16734551592420896,5,0,TRUE,0.852233676975945,0.8419243986254296,0.8694158075601375
hsp_null_tbl,NFU1,covariate_adjusted_no_CERAD,protein_z ~ braak_z + age_z + sex + pmi_z,-0.08912071255138614,-0.08912071255138614,0.08912071255138614,0.4055016281929612,117,0.13518271837294363,0.5,/Users/ashlynsloane/Buck Institute 25-26/ROSMAP Analysis March 26/hsp60_rosmap_publication_ready_repo/outputs/supplemental_figures/audits/COGNITION_LOOKUP_SELECTED_FOR_SUPPLEMENTAL_NULL.csv,cognition_composite_score,NA,0.13518271837294363,5,0,TRUE,0.7353951890034365,0.7147766323024055,0.14432989690721648
hsp_null_tbl,NIPSNAP1,covariate_adjusted_no_CERAD,protein_z ~ braak_z + age_z + sex + pmi_z,0.22839025589965076,0.22839025589965076,-0.22839025589965076,0.020406493863719614,117,0.11475669713530404,6.5,/Users/ashlynsloane/Buck Institute 25-26/ROSMAP Analysis March 26/hsp60_rosmap_publication_ready_repo/outputs/supplemental_figures/audits/COGNITION_LOOKUP_SELECTED_FOR_SUPPLEMENTAL_NULL.csv,cognition_composite_score,NA,0.11475669713530404,5,0,TRUE,0.6254295532646048,0.7491408934707904,0.6838487972508591
hsp_null_tbl,NIPSNAP3A,covariate_adjusted_no_CERAD,protein_z ~ braak_z + age_z + sex + pmi_z,-0.05739308461509248,-0.05739308461509248,0.05739308461509248,0.5894877650392041,117,-0.00996751702378659,0.5,/Users/ashlynsloane/Buck Institute 25-26/ROSMAP Analysis March 26/hsp60_rosmap_publication_ready_repo/outputs/supplemental_figures/audits/COGNITION_LOOKUP_SELECTED_FOR_SUPPLEMENTAL_NULL.csv,cognition_composite_score,NA,0.00996751702378659,1,0,TRUE,0.13058419243986255,0.13745704467353953,0.14432989690721648
hsp_null_tbl,NSUN2,covariate_adjusted_no_CERAD,protein_z ~ braak_z + age_z + sex + pmi_z,0.16689981235115728,0.16689981235115728,-0.16689981235115728,0.08812170775529718,117,-0.00186018372042329,0,/Users/ashlynsloane/Buck Institute 25-26/ROSMAP Analysis March 26/hsp60_rosmap_publication_ready_repo/outputs/supplemental_figures/audits/COGNITION_LOOKUP_SELECTED_FOR_SUPPLEMENTAL_NULL.csv,cognition_composite_score,NA,0.00186018372042329,1,0,TRUE,0.14432989690721648,0.15463917525773196,0
hsp_null_tbl,NSUN4,covariate_adjusted_no_CERAD,protein_z ~ braak_z + age_z + sex + pmi_z,-0.005172253087452213,-0.005172253087452213,0.005172253087452213,0.9669638692998123,104,0.09289147544953792,5.5,/Users/ashlynsloane/Buck Institute 25-26/ROSMAP Analysis March 26/hsp60_rosmap_publication_ready_repo/outputs/supplemental_figures/audits/COGNITION_LOOKUP_SELECTED_FOR_SUPPLEMENTAL_NULL.csv,cognition_composite_score,NA,0.09289147544953792,4,0,TRUE,0.5154639175257731,0.39862542955326463,0.6632302405498282
hsp_null_tbl,NT5DC2,covariate_adjusted_no_CERAD,protein_z ~ braak_z + age_z + sex + pmi_z,-0.032082507151814085,-0.032082507151814085,0.032082507151814085,0.7794038782346117,92,-0.04228182689101842,0.5,/Users/ashlynsloane/Buck Institute 25-26/ROSMAP Analysis March 26/hsp60_rosmap_publication_ready_repo/outputs/supplemental_figures/audits/COGNITION_LOOKUP_SELECTED_FOR_SUPPLEMENTAL_NULL.csv,cognition_composite_score,NA,0.04228182689101842,3,0,TRUE,0.07560137457044673,0.041237113402061855,0.14432989690721648
hsp_null_tbl,NUDT19,covariate_adjusted_no_CERAD,protein_z ~ braak_z + age_z + sex + pmi_z,-0.03667486801761418,-0.03667486801761418,0.03667486801761418,0.7447297976972682,117,0.06582565332604663,9.5,/Users/ashlynsloane/Buck Institute 25-26/ROSMAP Analysis March 26/hsp60_rosmap_publication_ready_repo/outputs/supplemental_figures/audits/COGNITION_LOOKUP_SELECTED_FOR_SUPPLEMENTAL_NULL.csv,cognition_composite_score,NA,0.06582565332604663,4,0,TRUE,0.4054982817869416,0.30584192439862545,0.7525773195876289
hsp_null_tbl,OAT,covariate_adjusted_no_CERAD,protein_z ~ braak_z + age_z + sex + pmi_z,-0.029998929497769958,-0.029998929497769958,0.029998929497769958,0.7795460797296084,117,0.094226809878424,0.5,/Users/ashlynsloane/Buck Institute 25-26/ROSMAP Analysis March 26/hsp60_rosmap_publication_ready_repo/outputs/supplemental_figures/audits/COGNITION_LOOKUP_SELECTED_FOR_SUPPLEMENTAL_NULL.csv,cognition_composite_score,NA,0.094226809878424,4,0,TRUE,0.5257731958762887,0.47079037800687284,0.14432989690721648
hsp_null_tbl,OGDH,covariate_adjusted_no_CERAD,protein_z ~ braak_z + age_z + sex + pmi_z,0.06988923619582775,0.06988923619582775,-0.06988923619582775,0.524565667212753,117,0.13274921635395795,1.5,/Users/ashlynsloane/Buck Institute 25-26/ROSMAP Analysis March 26/hsp60_rosmap_publication_ready_repo/outputs/supplemental_figures/audits/COGNITION_LOOKUP_SELECTED_FOR_SUPPLEMENTAL_NULL.csv,cognition_composite_score,NA,0.13274921635395795,5,0,TRUE,0.7216494845360825,0.7697594501718213,0.44673539518900346
hsp_null_tbl,P4HB,covariate_adjusted_no_CERAD,protein_z ~ braak_z + age_z + sex + pmi_z,0.20279490642390396,0.20279490642390396,-0.20279490642390396,0.0515673523204593,117,0.03692178530234025,0.5,/Users/ashlynsloane/Buck Institute 25-26/ROSMAP Analysis March 26/hsp60_rosmap_publication_ready_repo/outputs/supplemental_figures/audits/COGNITION_LOOKUP_SELECTED_FOR_SUPPLEMENTAL_NULL.csv,cognition_composite_score,NA,0.03692178530234025,3,0,TRUE,0.27835051546391754,0.29896907216494845,0.14432989690721648
hsp_null_tbl,PC,covariate_adjusted_no_CERAD,protein_z ~ braak_z + age_z + sex + pmi_z,0.06546997014931599,0.06546997014931599,-0.06546997014931599,0.5555583709152554,117,0.01247000155780342,0.5,/Users/ashlynsloane/Buck Institute 25-26/ROSMAP Analysis March 26/hsp60_rosmap_publication_ready_repo/outputs/supplemental_figures/audits/COGNITION_LOOKUP_SELECTED_FOR_SUPPLEMENTAL_NULL.csv,cognition_composite_score,NA,0.01247000155780342,1,0,TRUE,0.19243986254295534,0.23367697594501718,0.14432989690721648
hsp_null_tbl,PCCB,covariate_adjusted_no_CERAD,protein_z ~ braak_z + age_z + sex + pmi_z,-0.019919697848134976,-0.019919697848134976,0.019919697848134976,0.8419655585626691,117,0.08371431676811832,8.5,/Users/ashlynsloane/Buck Institute 25-26/ROSMAP Analysis March 26/hsp60_rosmap_publication_ready_repo/outputs/supplemental_figures/audits/COGNITION_LOOKUP_SELECTED_FOR_SUPPLEMENTAL_NULL.csv,cognition_composite_score,NA,0.08371431676811832,4,0,TRUE,0.46735395189003437,0.3917525773195876,0.7319587628865979
hsp_null_tbl,PCK2,covariate_adjusted_no_CERAD,protein_z ~ braak_z + age_z + sex + pmi_z,-0.32754645126042153,-0.32754645126042153,0.32754645126042153,0.0026784280281744017,117,0.02656081426321084,0.5,/Users/ashlynsloane/Buck Institute 25-26/ROSMAP Analysis March 26/hsp60_rosmap_publication_ready_repo/outputs/supplemental_figures/audits/COGNITION_LOOKUP_SELECTED_FOR_SUPPLEMENTAL_NULL.csv,cognition_composite_score,NA,0.02656081426321084,2,0,TRUE,0.23711340206185566,0.20618556701030927,0.14432989690721648
hsp_null_tbl,PCMT1,covariate_adjusted_no_CERAD,protein_z ~ braak_z + age_z + sex + pmi_z,-0.0018629594027872907,-0.0018629594027872907,0.0018629594027872907,0.9849746175193991,117,0.00223681506848057,0.5,/Users/ashlynsloane/Buck Institute 25-26/ROSMAP Analysis March 26/hsp60_rosmap_publication_ready_repo/outputs/supplemental_figures/audits/COGNITION_LOOKUP_SELECTED_FOR_SUPPLEMENTAL_NULL.csv,cognition_composite_score,NA,0.00223681506848057,1,0,TRUE,0.16838487972508592,0.2542955326460481,0.14432989690721648
hsp_null_tbl,PDHA1,covariate_adjusted_no_CERAD,protein_z ~ braak_z + age_z + sex + pmi_z,0.17762179370668496,0.17762179370668496,-0.17762179370668496,0.08089081776134749,117,0.21321875026674925,12.5,/Users/ashlynsloane/Buck Institute 25-26/ROSMAP Analysis March 26/hsp60_rosmap_publication_ready_repo/outputs/supplemental_figures/audits/COGNITION_LOOKUP_SELECTED_FOR_SUPPLEMENTAL_NULL.csv,cognition_composite_score,NA,0.21321875026674925,5,0,TRUE,0.9518900343642611,0.979381443298969,0.8694158075601375
hsp_null_tbl,PDHB,covariate_adjusted_no_CERAD,protein_z ~ braak_z + age_z + sex + pmi_z,0.2059453834067679,0.2059453834067679,-0.2059453834067679,0.07188609335156987,117,0.21256162180684995,12.5,/Users/ashlynsloane/Buck Institute 25-26/ROSMAP Analysis March 26/hsp60_rosmap_publication_ready_repo/outputs/supplemental_figures/audits/COGNITION_LOOKUP_SELECTED_FOR_SUPPLEMENTAL_NULL.csv,cognition_composite_score,NA,0.21256162180684995,5,0,TRUE,0.9484536082474226,0.9725085910652921,0.8694158075601375
hsp_null_tbl,PDHX,covariate_adjusted_no_CERAD,protein_z ~ braak_z + age_z + sex + pmi_z,0.025538228465346747,0.025538228465346747,-0.025538228465346747,0.8105207093051895,117,0.20942690224818408,12.5,/Users/ashlynsloane/Buck Institute 25-26/ROSMAP Analysis March 26/hsp60_rosmap_publication_ready_repo/outputs/supplemental_figures/audits/COGNITION_LOOKUP_SELECTED_FOR_SUPPLEMENTAL_NULL.csv,cognition_composite_score,NA,0.20942690224818408,5,0,TRUE,0.9347079037800687,0.9484536082474226,0.8694158075601375
hsp_null_tbl,PDIA6,covariate_adjusted_no_CERAD,protein_z ~ braak_z + age_z + sex + pmi_z,0.027562701275568223,0.027562701275568223,-0.027562701275568223,0.8062512445434076,117,-0.001726838847479,0.5,/Users/ashlynsloane/Buck Institute 25-26/ROSMAP Analysis March 26/hsp60_rosmap_publication_ready_repo/outputs/supplemental_figures/audits/COGNITION_LOOKUP_SELECTED_FOR_SUPPLEMENTAL_NULL.csv,cognition_composite_score,NA,0.001726838847479,1,0,TRUE,0.14776632302405499,0.140893470790378,0.14432989690721648
hsp_null_tbl,PDK1,covariate_adjusted_no_CERAD,protein_z ~ braak_z + age_z + sex + pmi_z,0.08288003300935913,0.08288003300935913,-0.08288003300935913,0.4781380809912219,117,0.07858026748339274,0.5,/Users/ashlynsloane/Buck Institute 25-26/ROSMAP Analysis March 26/hsp60_rosmap_publication_ready_repo/outputs/supplemental_figures/audits/COGNITION_LOOKUP_SELECTED_FOR_SUPPLEMENTAL_NULL.csv,cognition_composite_score,NA,0.07858026748339274,4,0,TRUE,0.43986254295532645,0.5017182130584192,0.14432989690721648
hsp_null_tbl,PDK2,covariate_adjusted_no_CERAD,protein_z ~ braak_z + age_z + sex + pmi_z,0.19939456918666199,0.19939456918666199,-0.19939456918666199,0.08970269409483067,117,0.12119049916310087,0.5,/Users/ashlynsloane/Buck Institute 25-26/ROSMAP Analysis March 26/hsp60_rosmap_publication_ready_repo/outputs/supplemental_figures/audits/COGNITION_LOOKUP_SELECTED_FOR_SUPPLEMENTAL_NULL.csv,cognition_composite_score,NA,0.12119049916310087,5,0,TRUE,0.6701030927835051,0.8006872852233677,0.14432989690721648
hsp_null_tbl,PDK3,covariate_adjusted_no_CERAD,protein_z ~ braak_z + age_z + sex + pmi_z,0.06089146175640054,0.06089146175640054,-0.06089146175640054,0.4777849545868498,117,0.233063025390365,6.5,/Users/ashlynsloane/Buck Institute 25-26/ROSMAP Analysis March 26/hsp60_rosmap_publication_ready_repo/outputs/supplemental_figures/audits/COGNITION_LOOKUP_SELECTED_FOR_SUPPLEMENTAL_NULL.csv,cognition_composite_score,NA,0.233063025390365,5,0,TRUE,0.9896907216494846,0.9690721649484536,0.6838487972508591
hsp_null_tbl,PGAM5,covariate_adjusted_no_CERAD,protein_z ~ braak_z + age_z + sex + pmi_z,0.012173413644217656,0.012173413644217656,-0.012173413644217656,0.9070939159921536,117,0.09454909775719242,1.5,/Users/ashlynsloane/Buck Institute 25-26/ROSMAP Analysis March 26/hsp60_rosmap_publication_ready_repo/outputs/supplemental_figures/audits/COGNITION_LOOKUP_SELECTED_FOR_SUPPLEMENTAL_NULL.csv,cognition_composite_score,NA,0.09454909775719242,4,0,TRUE,0.5326460481099656,0.6357388316151202,0.44673539518900346
hsp_null_tbl,PHB,covariate_adjusted_no_CERAD,protein_z ~ braak_z + age_z + sex + pmi_z,-0.16335761954702083,-0.16335761954702083,0.16335761954702083,0.14084567468537618,117,0.108621124677845,9.5,/Users/ashlynsloane/Buck Institute 25-26/ROSMAP Analysis March 26/hsp60_rosmap_publication_ready_repo/outputs/supplemental_figures/audits/COGNITION_LOOKUP_SELECTED_FOR_SUPPLEMENTAL_NULL.csv,cognition_composite_score,NA,0.108621124677845,5,0,TRUE,0.5773195876288659,0.7079037800687286,0.7525773195876289
hsp_null_tbl,PHB2,covariate_adjusted_no_CERAD,protein_z ~ braak_z + age_z + sex + pmi_z,-0.10824003126451763,-0.10824003126451763,0.10824003126451763,0.3648217469424486,117,0.0955453432636742,6.5,/Users/ashlynsloane/Buck Institute 25-26/ROSMAP Analysis March 26/hsp60_rosmap_publication_ready_repo/outputs/supplemental_figures/audits/COGNITION_LOOKUP_SELECTED_FOR_SUPPLEMENTAL_NULL.csv,cognition_composite_score,NA,0.0955453432636742,4,0,TRUE,0.5395189003436426,0.6701030927835051,0.6838487972508591
hsp_null_tbl,PIN4,covariate_adjusted_no_CERAD,protein_z ~ braak_z + age_z + sex + pmi_z,-0.05361639597752954,-0.05361639597752954,0.05361639597752954,0.6020677355558344,117,-0.02971111555831359,0,/Users/ashlynsloane/Buck Institute 25-26/ROSMAP Analysis March 26/hsp60_rosmap_publication_ready_repo/outputs/supplemental_figures/audits/COGNITION_LOOKUP_SELECTED_FOR_SUPPLEMENTAL_NULL.csv,cognition_composite_score,NA,0.02971111555831359,2,0,TRUE,0.08934707903780069,0.0859106529209622,0
hsp_null_tbl,PITRM1,covariate_adjusted_no_CERAD,protein_z ~ braak_z + age_z + sex + pmi_z,-0.0805490088748377,-0.0805490088748377,0.0805490088748377,0.4373091820817172,117,0.12214609766558757,0.5,/Users/ashlynsloane/Buck Institute 25-26/ROSMAP Analysis March 26/hsp60_rosmap_publication_ready_repo/outputs/supplemental_figures/audits/COGNITION_LOOKUP_SELECTED_FOR_SUPPLEMENTAL_NULL.csv,cognition_composite_score,NA,0.12214609766558757,5,0,TRUE,0.6769759450171822,0.852233676975945,0.14432989690721648
hsp_null_tbl,PMPCA,covariate_adjusted_no_CERAD,protein_z ~ braak_z + age_z + sex + pmi_z,-0.05759869526655224,-0.05759869526655224,0.05759869526655224,0.6208715806134759,117,0.08202878286547598,2.5,/Users/ashlynsloane/Buck Institute 25-26/ROSMAP Analysis March 26/hsp60_rosmap_publication_ready_repo/outputs/supplemental_figures/audits/COGNITION_LOOKUP_SELECTED_FOR_SUPPLEMENTAL_NULL.csv,cognition_composite_score,NA,0.08202878286547598,4,0,TRUE,0.46048109965635736,0.3711340206185567,0.5395189003436426
hsp_null_tbl,PMPCB,covariate_adjusted_no_CERAD,protein_z ~ braak_z + age_z + sex + pmi_z,-0.013457850355552374,-0.013457850355552374,0.013457850355552374,0.905705233462271,117,0.1130438899446931,9.5,/Users/ashlynsloane/Buck Institute 25-26/ROSMAP Analysis March 26/hsp60_rosmap_publication_ready_repo/outputs/supplemental_figures/audits/COGNITION_LOOKUP_SELECTED_FOR_SUPPLEMENTAL_NULL.csv,cognition_composite_score,NA,0.1130438899446931,5,0,TRUE,0.6048109965635738,0.6082474226804123,0.7525773195876289
hsp_null_tbl,PNPT1,covariate_adjusted_no_CERAD,protein_z ~ braak_z + age_z + sex + pmi_z,0.05903408616344738,0.05903408616344738,-0.05903408616344738,0.5653294458380976,117,0.06045299915190922,0.5,/Users/ashlynsloane/Buck Institute 25-26/ROSMAP Analysis March 26/hsp60_rosmap_publication_ready_repo/outputs/supplemental_figures/audits/COGNITION_LOOKUP_SELECTED_FOR_SUPPLEMENTAL_NULL.csv,cognition_composite_score,NA,0.06045299915190922,3,0,TRUE,0.3848797250859107,0.3436426116838488,0.14432989690721648
hsp_null_tbl,POLDIP2,covariate_adjusted_no_CERAD,protein_z ~ braak_z + age_z + sex + pmi_z,0.021183894603872544,0.021183894603872544,-0.021183894603872544,0.8535976606283423,117,0.07954736662237831,12.5,/Users/ashlynsloane/Buck Institute 25-26/ROSMAP Analysis March 26/hsp60_rosmap_publication_ready_repo/outputs/supplemental_figures/audits/COGNITION_LOOKUP_SELECTED_FOR_SUPPLEMENTAL_NULL.csv,cognition_composite_score,NA,0.07954736662237831,4,0,TRUE,0.44329896907216493,0.48109965635738833,0.8694158075601375
hsp_null_tbl,POLG,covariate_adjusted_no_CERAD,protein_z ~ braak_z + age_z + sex + pmi_z,-0.026212646355890334,-0.026212646355890334,0.026212646355890334,0.81856026166011,90,0.08950086413503894,0.5,/Users/ashlynsloane/Buck Institute 25-26/ROSMAP Analysis March 26/hsp60_rosmap_publication_ready_repo/outputs/supplemental_figures/audits/COGNITION_LOOKUP_SELECTED_FOR_SUPPLEMENTAL_NULL.csv,cognition_composite_score,NA,0.08950086413503894,4,0,TRUE,0.4948453608247423,0.4261168384879725,0.14432989690721648
hsp_null_tbl,POLRMT,covariate_adjusted_no_CERAD,protein_z ~ braak_z + age_z + sex + pmi_z,0.06800452078666483,0.06800452078666483,-0.06800452078666483,0.5537590596268218,116,0.1113756230638816,1.5,/Users/ashlynsloane/Buck Institute 25-26/ROSMAP Analysis March 26/hsp60_rosmap_publication_ready_repo/outputs/supplemental_figures/audits/COGNITION_LOOKUP_SELECTED_FOR_SUPPLEMENTAL_NULL.csv,cognition_composite_score,NA,0.1113756230638816,5,0,TRUE,0.5945017182130584,0.6529209621993127,0.44673539518900346
hsp_null_tbl,PPA2,covariate_adjusted_no_CERAD,protein_z ~ braak_z + age_z + sex + pmi_z,0.048724251170800426,0.048724251170800426,-0.048724251170800426,0.6540549147691662,117,0.05425393136474315,6.5,/Users/ashlynsloane/Buck Institute 25-26/ROSMAP Analysis March 26/hsp60_rosmap_publication_ready_repo/outputs/supplemental_figures/audits/COGNITION_LOOKUP_SELECTED_FOR_SUPPLEMENTAL_NULL.csv,cognition_composite_score,NA,0.05425393136474315,3,0,TRUE,0.3539518900343643,0.32989690721649484,0.6838487972508591
hsp_null_tbl,PPIA,covariate_adjusted_no_CERAD,protein_z ~ braak_z + age_z + sex + pmi_z,0.0592107628712161,0.0592107628712161,-0.0592107628712161,0.5615581472190294,117,-0.07334871973762355,0,/Users/ashlynsloane/Buck Institute 25-26/ROSMAP Analysis March 26/hsp60_rosmap_publication_ready_repo/outputs/supplemental_figures/audits/COGNITION_LOOKUP_SELECTED_FOR_SUPPLEMENTAL_NULL.csv,cognition_composite_score,NA,0.07334871973762355,4,0,TRUE,0.03436426116838488,0.054982817869415807,0
hsp_null_tbl,PPIF,covariate_adjusted_no_CERAD,protein_z ~ braak_z + age_z + sex + pmi_z,0.12646224006441076,0.12646224006441076,-0.12646224006441076,0.29639389658290977,117,0.02938239839124638,0.5,/Users/ashlynsloane/Buck Institute 25-26/ROSMAP Analysis March 26/hsp60_rosmap_publication_ready_repo/outputs/supplemental_figures/audits/COGNITION_LOOKUP_SELECTED_FOR_SUPPLEMENTAL_NULL.csv,cognition_composite_score,NA,0.02938239839124638,2,0,TRUE,0.24742268041237114,0.31958762886597936,0.14432989690721648
hsp_null_tbl,PPOX,covariate_adjusted_no_CERAD,protein_z ~ braak_z + age_z + sex + pmi_z,-0.22636574222602074,-0.22636574222602074,0.22636574222602074,0.04732161620538605,117,0.05676963660519179,9.5,/Users/ashlynsloane/Buck Institute 25-26/ROSMAP Analysis March 26/hsp60_rosmap_publication_ready_repo/outputs/supplemental_figures/audits/COGNITION_LOOKUP_SELECTED_FOR_SUPPLEMENTAL_NULL.csv,cognition_composite_score,NA,0.05676963660519179,3,0,TRUE,0.36082474226804123,0.3745704467353952,0.7525773195876289
hsp_null_tbl,PRDX3,covariate_adjusted_no_CERAD,protein_z ~ braak_z + age_z + sex + pmi_z,0.08559953137758125,0.08559953137758125,-0.08559953137758125,0.4821184563768537,117,0.1205873168557914,0.5,/Users/ashlynsloane/Buck Institute 25-26/ROSMAP Analysis March 26/hsp60_rosmap_publication_ready_repo/outputs/supplemental_figures/audits/COGNITION_LOOKUP_SELECTED_FOR_SUPPLEMENTAL_NULL.csv,cognition_composite_score,NA,0.1205873168557914,5,0,TRUE,0.6666666666666666,0.7216494845360825,0.14432989690721648
hsp_null_tbl,PRDX4,covariate_adjusted_no_CERAD,protein_z ~ braak_z + age_z + sex + pmi_z,0.08535886915446846,0.08535886915446846,-0.08535886915446846,0.5386384403025698,117,-0.02914711391411826,0,/Users/ashlynsloane/Buck Institute 25-26/ROSMAP Analysis March 26/hsp60_rosmap_publication_ready_repo/outputs/supplemental_figures/audits/COGNITION_LOOKUP_SELECTED_FOR_SUPPLEMENTAL_NULL.csv,cognition_composite_score,NA,0.02914711391411826,2,0,TRUE,0.09278350515463918,0.08247422680412371,0
hsp_null_tbl,PTCD3,covariate_adjusted_no_CERAD,protein_z ~ braak_z + age_z + sex + pmi_z,0.1357007833927873,0.1357007833927873,-0.1357007833927873,0.2483658354205059,117,0.11597426707887232,9.5,/Users/ashlynsloane/Buck Institute 25-26/ROSMAP Analysis March 26/hsp60_rosmap_publication_ready_repo/outputs/supplemental_figures/audits/COGNITION_LOOKUP_SELECTED_FOR_SUPPLEMENTAL_NULL.csv,cognition_composite_score,NA,0.11597426707887232,5,0,TRUE,0.6357388316151202,0.5910652920962199,0.7525773195876289
hsp_null_tbl,PTPMT1,covariate_adjusted_no_CERAD,protein_z ~ braak_z + age_z + sex + pmi_z,0.03172404107536907,0.03172404107536907,-0.03172404107536907,0.7907618094499247,117,0.08668239452752462,5.5,/Users/ashlynsloane/Buck Institute 25-26/ROSMAP Analysis March 26/hsp60_rosmap_publication_ready_repo/outputs/supplemental_figures/audits/COGNITION_LOOKUP_SELECTED_FOR_SUPPLEMENTAL_NULL.csv,cognition_composite_score,NA,0.08668239452752462,4,0,TRUE,0.48109965635738833,0.563573883161512,0.6632302405498282
hsp_null_tbl,PYCR2,covariate_adjusted_no_CERAD,protein_z ~ braak_z + age_z + sex + pmi_z,0.20536185790300124,0.20536185790300124,-0.20536185790300124,0.05963637026163642,117,0.09923825264635204,12.5,/Users/ashlynsloane/Buck Institute 25-26/ROSMAP Analysis March 26/hsp60_rosmap_publication_ready_repo/outputs/supplemental_figures/audits/COGNITION_LOOKUP_SELECTED_FOR_SUPPLEMENTAL_NULL.csv,cognition_composite_score,NA,0.09923825264635204,4,0,TRUE,0.5498281786941581,0.6838487972508591,0.8694158075601375
hsp_null_tbl,QRSL1,covariate_adjusted_no_CERAD,protein_z ~ braak_z + age_z + sex + pmi_z,0.06534508597736485,0.06534508597736485,-0.06534508597736485,0.5525157465592816,117,0.0307964606489614,0.5,/Users/ashlynsloane/Buck Institute 25-26/ROSMAP Analysis March 26/hsp60_rosmap_publication_ready_repo/outputs/supplemental_figures/audits/COGNITION_LOOKUP_SELECTED_FOR_SUPPLEMENTAL_NULL.csv,cognition_composite_score,NA,0.0307964606489614,2,0,TRUE,0.25773195876288657,0.281786941580756,0.14432989690721648
hsp_null_tbl,RPL11,covariate_adjusted_no_CERAD,protein_z ~ braak_z + age_z + sex + pmi_z,0.21447735100865362,0.21447735100865362,-0.21447735100865362,0.05295449210435328,117,0.01630510523351739,12.5,/Users/ashlynsloane/Buck Institute 25-26/ROSMAP Analysis March 26/hsp60_rosmap_publication_ready_repo/outputs/supplemental_figures/audits/COGNITION_LOOKUP_SELECTED_FOR_SUPPLEMENTAL_NULL.csv,cognition_composite_score,NA,0.01630510523351739,1,0,TRUE,0.20618556701030927,0.2027491408934708,0.8694158075601375
hsp_null_tbl,RPL23,covariate_adjusted_no_CERAD,protein_z ~ braak_z + age_z + sex + pmi_z,0.1336437045034922,0.1336437045034922,-0.1336437045034922,0.25219974603697703,117,0.03056623779886146,0.5,/Users/ashlynsloane/Buck Institute 25-26/ROSMAP Analysis March 26/hsp60_rosmap_publication_ready_repo/outputs/supplemental_figures/audits/COGNITION_LOOKUP_SELECTED_FOR_SUPPLEMENTAL_NULL.csv,cognition_composite_score,NA,0.03056623779886146,2,0,TRUE,0.2508591065292096,0.3024054982817869,0.14432989690721648
hsp_null_tbl,RPL23A,covariate_adjusted_no_CERAD,protein_z ~ braak_z + age_z + sex + pmi_z,0.06323210686347489,0.06323210686347489,-0.06323210686347489,0.5744390655565973,117,0.04073634840392901,4.5,/Users/ashlynsloane/Buck Institute 25-26/ROSMAP Analysis March 26/hsp60_rosmap_publication_ready_repo/outputs/supplemental_figures/audits/COGNITION_LOOKUP_SELECTED_FOR_SUPPLEMENTAL_NULL.csv,cognition_composite_score,NA,0.04073634840392901,3,0,TRUE,0.29553264604810997,0.41580756013745707,0.6563573883161512
hsp_null_tbl,RPL31,covariate_adjusted_no_CERAD,protein_z ~ braak_z + age_z + sex + pmi_z,0.03777302672734114,0.03777302672734114,-0.03777302672734114,0.7450032094964683,117,0.02680581404338463,1.5,/Users/ashlynsloane/Buck Institute 25-26/ROSMAP Analysis March 26/hsp60_rosmap_publication_ready_repo/outputs/supplemental_figures/audits/COGNITION_LOOKUP_SELECTED_FOR_SUPPLEMENTAL_NULL.csv,cognition_composite_score,NA,0.02680581404338463,2,0,TRUE,0.24054982817869416,0.28865979381443296,0.44673539518900346
hsp_null_tbl,RPL9,covariate_adjusted_no_CERAD,protein_z ~ braak_z + age_z + sex + pmi_z,0.2793186662579909,0.2793186662579909,-0.2793186662579909,0.009937223199772544,117,0.03795339322372512,1.5,/Users/ashlynsloane/Buck Institute 25-26/ROSMAP Analysis March 26/hsp60_rosmap_publication_ready_repo/outputs/supplemental_figures/audits/COGNITION_LOOKUP_SELECTED_FOR_SUPPLEMENTAL_NULL.csv,cognition_composite_score,NA,0.03795339322372512,3,0,TRUE,0.2852233676975945,0.32646048109965636,0.44673539518900346
hsp_null_tbl,RPS10,covariate_adjusted_no_CERAD,protein_z ~ braak_z + age_z + sex + pmi_z,0.08402731691677255,0.08402731691677255,-0.08402731691677255,0.38402617283997653,117,0.06320662561765829,1.5,/Users/ashlynsloane/Buck Institute 25-26/ROSMAP Analysis March 26/hsp60_rosmap_publication_ready_repo/outputs/supplemental_figures/audits/COGNITION_LOOKUP_SELECTED_FOR_SUPPLEMENTAL_NULL.csv,cognition_composite_score,NA,0.06320662561765829,4,0,TRUE,0.3917525773195876,0.3848797250859107,0.44673539518900346
hsp_null_tbl,RPS11,covariate_adjusted_no_CERAD,protein_z ~ braak_z + age_z + sex + pmi_z,-0.022752268155056623,-0.022752268155056623,0.022752268155056623,0.8489634607899047,117,0.00925661477896924,1.5,/Users/ashlynsloane/Buck Institute 25-26/ROSMAP Analysis March 26/hsp60_rosmap_publication_ready_repo/outputs/supplemental_figures/audits/COGNITION_LOOKUP_SELECTED_FOR_SUPPLEMENTAL_NULL.csv,cognition_composite_score,NA,0.00925661477896924,1,0,TRUE,0.18900343642611683,0.16838487972508592,0.44673539518900346
hsp_null_tbl,RPS15A,covariate_adjusted_no_CERAD,protein_z ~ braak_z + age_z + sex + pmi_z,-0.06151003101446382,-0.06151003101446382,0.06151003101446382,0.5990001766373363,115,0.02536708322950916,2.5,/Users/ashlynsloane/Buck Institute 25-26/ROSMAP Analysis March 26/hsp60_rosmap_publication_ready_repo/outputs/supplemental_figures/audits/COGNITION_LOOKUP_SELECTED_FOR_SUPPLEMENTAL_NULL.csv,cognition_composite_score,NA,0.02536708322950916,2,0,TRUE,0.23024054982817868,0.27147766323024053,0.5395189003436426
hsp_null_tbl,RPS16,covariate_adjusted_no_CERAD,protein_z ~ braak_z + age_z + sex + pmi_z,0.1499801993984608,0.1499801993984608,-0.1499801993984608,0.14350122617140332,117,0.03061541436138924,9.5,/Users/ashlynsloane/Buck Institute 25-26/ROSMAP Analysis March 26/hsp60_rosmap_publication_ready_repo/outputs/supplemental_figures/audits/COGNITION_LOOKUP_SELECTED_FOR_SUPPLEMENTAL_NULL.csv,cognition_composite_score,NA,0.03061541436138924,2,0,TRUE,0.2542955326460481,0.26804123711340205,0.7525773195876289
hsp_null_tbl,RPS18,covariate_adjusted_no_CERAD,protein_z ~ braak_z + age_z + sex + pmi_z,0.038573161305885686,0.038573161305885686,-0.038573161305885686,0.7434304623852226,117,0.06788644058089519,0,/Users/ashlynsloane/Buck Institute 25-26/ROSMAP Analysis March 26/hsp60_rosmap_publication_ready_repo/outputs/supplemental_figures/audits/COGNITION_LOOKUP_SELECTED_FOR_SUPPLEMENTAL_NULL.csv,cognition_composite_score,NA,0.06788644058089519,4,0,TRUE,0.41580756013745707,0.09278350515463918,0
hsp_null_tbl,RPS3,covariate_adjusted_no_CERAD,protein_z ~ braak_z + age_z + sex + pmi_z,0.30209574977924314,0.30209574977924314,-0.30209574977924314,0.005093965987346034,117,0.02923417018853144,9.5,/Users/ashlynsloane/Buck Institute 25-26/ROSMAP Analysis March 26/hsp60_rosmap_publication_ready_repo/outputs/supplemental_figures/audits/COGNITION_LOOKUP_SELECTED_FOR_SUPPLEMENTAL_NULL.csv,cognition_composite_score,NA,0.02923417018853144,2,0,TRUE,0.24398625429553264,0.24742268041237114,0.7525773195876289
hsp_null_tbl,RPS4X,covariate_adjusted_no_CERAD,protein_z ~ braak_z + age_z + sex + pmi_z,0.2989949082207977,0.2989949082207977,-0.2989949082207977,0.003418052062954091,117,0.03285268607700451,0.5,/Users/ashlynsloane/Buck Institute 25-26/ROSMAP Analysis March 26/hsp60_rosmap_publication_ready_repo/outputs/supplemental_figures/audits/COGNITION_LOOKUP_SELECTED_FOR_SUPPLEMENTAL_NULL.csv,cognition_composite_score,NA,0.03285268607700451,2,0,TRUE,0.2611683848797251,0.19243986254295534,0.14432989690721648
hsp_null_tbl,RPS6,covariate_adjusted_no_CERAD,protein_z ~ braak_z + age_z + sex + pmi_z,0.1227998769361859,0.1227998769361859,-0.1227998769361859,0.22106386929393673,117,0.05415771542609492,1.5,/Users/ashlynsloane/Buck Institute 25-26/ROSMAP Analysis March 26/hsp60_rosmap_publication_ready_repo/outputs/supplemental_figures/audits/COGNITION_LOOKUP_SELECTED_FOR_SUPPLEMENTAL_NULL.csv,cognition_composite_score,NA,0.05415771542609492,3,0,TRUE,0.35051546391752575,0.4020618556701031,0.44673539518900346
hsp_null_tbl,RPS8,covariate_adjusted_no_CERAD,protein_z ~ braak_z + age_z + sex + pmi_z,0.33547655050310743,0.33547655050310743,-0.33547655050310743,0.004701741600439485,117,0.04483550945307097,1.5,/Users/ashlynsloane/Buck Institute 25-26/ROSMAP Analysis March 26/hsp60_rosmap_publication_ready_repo/outputs/supplemental_figures/audits/COGNITION_LOOKUP_SELECTED_FOR_SUPPLEMENTAL_NULL.csv,cognition_composite_score,NA,0.04483550945307097,3,0,TRUE,0.30927835051546393,0.35738831615120276,0.44673539518900346
hsp_null_tbl,RPS9,covariate_adjusted_no_CERAD,protein_z ~ braak_z + age_z + sex + pmi_z,-0.027805726790235567,-0.027805726790235567,0.027805726790235567,0.8202185837438645,117,0.05083894513572758,5.5,/Users/ashlynsloane/Buck Institute 25-26/ROSMAP Analysis March 26/hsp60_rosmap_publication_ready_repo/outputs/supplemental_figures/audits/COGNITION_LOOKUP_SELECTED_FOR_SUPPLEMENTAL_NULL.csv,cognition_composite_score,NA,0.05083894513572758,3,0,TRUE,0.3402061855670103,0.12714776632302405,0.6632302405498282
hsp_null_tbl,SAMM50,covariate_adjusted_no_CERAD,protein_z ~ braak_z + age_z + sex + pmi_z,0.09712129784213407,0.09712129784213407,-0.09712129784213407,0.3544415874222856,117,0.13167536935341623,1.5,/Users/ashlynsloane/Buck Institute 25-26/ROSMAP Analysis March 26/hsp60_rosmap_publication_ready_repo/outputs/supplemental_figures/audits/COGNITION_LOOKUP_SELECTED_FOR_SUPPLEMENTAL_NULL.csv,cognition_composite_score,NA,0.13167536935341623,5,0,TRUE,0.711340206185567,0.7353951890034365,0.44673539518900346
hsp_null_tbl,SARS2,covariate_adjusted_no_CERAD,protein_z ~ braak_z + age_z + sex + pmi_z,0.016938811395144436,0.016938811395144436,-0.016938811395144436,0.8831520331544185,117,0.11949046544399912,6.5,/Users/ashlynsloane/Buck Institute 25-26/ROSMAP Analysis March 26/hsp60_rosmap_publication_ready_repo/outputs/supplemental_figures/audits/COGNITION_LOOKUP_SELECTED_FOR_SUPPLEMENTAL_NULL.csv,cognition_composite_score,NA,0.11949046544399912,5,0,TRUE,0.6563573883161512,0.6494845360824743,0.6838487972508591
hsp_null_tbl,SDHA,covariate_adjusted_no_CERAD,protein_z ~ braak_z + age_z + sex + pmi_z,0.15801763097841798,0.15801763097841798,-0.15801763097841798,0.1419306974513836,117,0.15484570225809757,2.5,/Users/ashlynsloane/Buck Institute 25-26/ROSMAP Analysis March 26/hsp60_rosmap_publication_ready_repo/outputs/supplemental_figures/audits/COGNITION_LOOKUP_SELECTED_FOR_SUPPLEMENTAL_NULL.csv,cognition_composite_score,NA,0.15484570225809757,5,0,TRUE,0.8178694158075601,0.8694158075601375,0.5395189003436426
hsp_null_tbl,SDHB,covariate_adjusted_no_CERAD,protein_z ~ braak_z + age_z + sex + pmi_z,0.3074776697795552,0.3074776697795552,-0.3074776697795552,0.005500351125564378,117,0.16973564030320137,5.5,/Users/ashlynsloane/Buck Institute 25-26/ROSMAP Analysis March 26/hsp60_rosmap_publication_ready_repo/outputs/supplemental_figures/audits/COGNITION_LOOKUP_SELECTED_FOR_SUPPLEMENTAL_NULL.csv,cognition_composite_score,NA,0.16973564030320137,5,0,TRUE,0.8591065292096219,0.8865979381443299,0.6632302405498282
hsp_null_tbl,SERPINH1,covariate_adjusted_no_CERAD,protein_z ~ braak_z + age_z + sex + pmi_z,0.1829778943803523,0.1829778943803523,-0.1829778943803523,0.10637287852753882,117,-0.06030143632352238,0.5,/Users/ashlynsloane/Buck Institute 25-26/ROSMAP Analysis March 26/hsp60_rosmap_publication_ready_repo/outputs/supplemental_figures/audits/COGNITION_LOOKUP_SELECTED_FOR_SUPPLEMENTAL_NULL.csv,cognition_composite_score,NA,0.06030143632352238,3,0,TRUE,0.048109965635738834,0.027491408934707903,0.14432989690721648
hsp_null_tbl,SHMT2,covariate_adjusted_no_CERAD,protein_z ~ braak_z + age_z + sex + pmi_z,-0.0017958107892494168,-0.0017958107892494168,0.0017958107892494168,0.9856874946304673,117,0.1324248329376107,2.5,/Users/ashlynsloane/Buck Institute 25-26/ROSMAP Analysis March 26/hsp60_rosmap_publication_ready_repo/outputs/supplemental_figures/audits/COGNITION_LOOKUP_SELECTED_FOR_SUPPLEMENTAL_NULL.csv,cognition_composite_score,NA,0.1324248329376107,5,0,TRUE,0.7147766323024055,0.5395189003436426,0.5395189003436426
hsp_null_tbl,SLC25A13,covariate_adjusted_no_CERAD,protein_z ~ braak_z + age_z + sex + pmi_z,0.015169578316312386,0.015169578316312386,-0.015169578316312386,0.8798941656966757,117,0.03969507302301903,2.5,/Users/ashlynsloane/Buck Institute 25-26/ROSMAP Analysis March 26/hsp60_rosmap_publication_ready_repo/outputs/supplemental_figures/audits/COGNITION_LOOKUP_SELECTED_FOR_SUPPLEMENTAL_NULL.csv,cognition_composite_score,NA,0.03969507302301903,3,0,TRUE,0.2920962199312715,0.21649484536082475,0.5395189003436426
hsp_null_tbl,SLC25A5,covariate_adjusted_no_CERAD,protein_z ~ braak_z + age_z + sex + pmi_z,-0.008035751405561087,-0.008035751405561087,0.008035751405561087,0.9403490966036832,117,0.1967727375754034,12.5,/Users/ashlynsloane/Buck Institute 25-26/ROSMAP Analysis March 26/hsp60_rosmap_publication_ready_repo/outputs/supplemental_figures/audits/COGNITION_LOOKUP_SELECTED_FOR_SUPPLEMENTAL_NULL.csv,cognition_composite_score,NA,0.1967727375754034,5,0,TRUE,0.9106529209621993,0.9243986254295533,0.8694158075601375
hsp_null_tbl,SLC25A6,covariate_adjusted_no_CERAD,protein_z ~ braak_z + age_z + sex + pmi_z,0.09573979229954212,0.09573979229954212,-0.09573979229954212,0.3496309802233297,117,0.1869261808242113,2.5,/Users/ashlynsloane/Buck Institute 25-26/ROSMAP Analysis March 26/hsp60_rosmap_publication_ready_repo/outputs/supplemental_figures/audits/COGNITION_LOOKUP_SELECTED_FOR_SUPPLEMENTAL_NULL.csv,cognition_composite_score,NA,0.1869261808242113,5,0,TRUE,0.9003436426116839,0.9037800687285223,0.5395189003436426
hsp_null_tbl,SLIRP,covariate_adjusted_no_CERAD,protein_z ~ braak_z + age_z + sex + pmi_z,0.06480374702382231,0.06480374702382231,-0.06480374702382231,0.5311313237579984,117,0.24819843697959787,12.5,/Users/ashlynsloane/Buck Institute 25-26/ROSMAP Analysis March 26/hsp60_rosmap_publication_ready_repo/outputs/supplemental_figures/audits/COGNITION_LOOKUP_SELECTED_FOR_SUPPLEMENTAL_NULL.csv,cognition_composite_score,NA,0.24819843697959787,5,0,TRUE,0.9965635738831615,0.9828178694158075,0.8694158075601375
hsp_null_tbl,SOD2,covariate_adjusted_no_CERAD,protein_z ~ braak_z + age_z + sex + pmi_z,-0.10630331814962653,-0.10630331814962653,0.10630331814962653,0.2976269941210167,117,-0.01140747370961157,0.5,/Users/ashlynsloane/Buck Institute 25-26/ROSMAP Analysis March 26/hsp60_rosmap_publication_ready_repo/outputs/supplemental_figures/audits/COGNITION_LOOKUP_SELECTED_FOR_SUPPLEMENTAL_NULL.csv,cognition_composite_score,NA,0.01140747370961157,1,0,TRUE,0.12714776632302405,0.16151202749140894,0.14432989690721648
hsp_null_tbl,SPRYD4,covariate_adjusted_no_CERAD,protein_z ~ braak_z + age_z + sex + pmi_z,-0.15648978374901676,-0.15648978374901676,0.15648978374901676,0.12038705107180947,117,0.04760475971500579,0,/Users/ashlynsloane/Buck Institute 25-26/ROSMAP Analysis March 26/hsp60_rosmap_publication_ready_repo/outputs/supplemental_figures/audits/COGNITION_LOOKUP_SELECTED_FOR_SUPPLEMENTAL_NULL.csv,cognition_composite_score,NA,0.04760475971500579,3,0,TRUE,0.32646048109965636,0.436426116838488,0
hsp_null_tbl,SSBP1,covariate_adjusted_no_CERAD,protein_z ~ braak_z + age_z + sex + pmi_z,-0.06518726052748058,-0.06518726052748058,0.06518726052748058,0.5737839014125827,117,0.11347569718049567,2.5,/Users/ashlynsloane/Buck Institute 25-26/ROSMAP Analysis March 26/hsp60_rosmap_publication_ready_repo/outputs/supplemental_figures/audits/COGNITION_LOOKUP_SELECTED_FOR_SUPPLEMENTAL_NULL.csv,cognition_composite_score,NA,0.11347569718049567,5,0,TRUE,0.6116838487972509,0.6254295532646048,0.5395189003436426
hsp_null_tbl,ST13,covariate_adjusted_no_CERAD,protein_z ~ braak_z + age_z + sex + pmi_z,0.15372807816305584,0.15372807816305584,-0.15372807816305584,0.1870151246102175,117,0.05455176291733778,0.5,/Users/ashlynsloane/Buck Institute 25-26/ROSMAP Analysis March 26/hsp60_rosmap_publication_ready_repo/outputs/supplemental_figures/audits/COGNITION_LOOKUP_SELECTED_FOR_SUPPLEMENTAL_NULL.csv,cognition_composite_score,NA,0.05455176291733778,3,0,TRUE,0.35738831615120276,0.44673539518900346,0.14432989690721648
hsp_null_tbl,STOML2,covariate_adjusted_no_CERAD,protein_z ~ braak_z + age_z + sex + pmi_z,-0.08759749755662169,-0.08759749755662169,0.08759749755662169,0.41770089905442964,117,0.09137557031302998,0,/Users/ashlynsloane/Buck Institute 25-26/ROSMAP Analysis March 26/hsp60_rosmap_publication_ready_repo/outputs/supplemental_figures/audits/COGNITION_LOOKUP_SELECTED_FOR_SUPPLEMENTAL_NULL.csv,cognition_composite_score,NA,0.09137557031302998,4,0,TRUE,0.5051546391752577,0.5326460481099656,0
hsp_null_tbl,SUCLA2,covariate_adjusted_no_CERAD,protein_z ~ braak_z + age_z + sex + pmi_z,-0.00212094575794598,-0.00212094575794598,0.00212094575794598,0.9855891661604002,117,0.167314513627087,6.5,/Users/ashlynsloane/Buck Institute 25-26/ROSMAP Analysis March 26/hsp60_rosmap_publication_ready_repo/outputs/supplemental_figures/audits/COGNITION_LOOKUP_SELECTED_FOR_SUPPLEMENTAL_NULL.csv,cognition_composite_score,NA,0.167314513627087,5,0,TRUE,0.8487972508591065,0.8762886597938144,0.6838487972508591
hsp_null_tbl,SUCLG1,covariate_adjusted_no_CERAD,protein_z ~ braak_z + age_z + sex + pmi_z,0.09429768488515068,0.09429768488515068,-0.09429768488515068,0.41691047202807485,117,0.1268794241440236,6.5,/Users/ashlynsloane/Buck Institute 25-26/ROSMAP Analysis March 26/hsp60_rosmap_publication_ready_repo/outputs/supplemental_figures/audits/COGNITION_LOOKUP_SELECTED_FOR_SUPPLEMENTAL_NULL.csv,cognition_composite_score,NA,0.1268794241440236,5,0,TRUE,0.7010309278350515,0.7422680412371134,0.6838487972508591
hsp_null_tbl,SUCLG2,covariate_adjusted_no_CERAD,protein_z ~ braak_z + age_z + sex + pmi_z,-0.003423284194752916,-0.003423284194752916,0.003423284194752916,0.9733803118406286,117,-0.11626118857499614,0.5,/Users/ashlynsloane/Buck Institute 25-26/ROSMAP Analysis March 26/hsp60_rosmap_publication_ready_repo/outputs/supplemental_figures/audits/COGNITION_LOOKUP_SELECTED_FOR_SUPPLEMENTAL_NULL.csv,cognition_composite_score,NA,0.11626118857499614,5,0,TRUE,0.020618556701030927,0.013745704467353952,0.14432989690721648
hsp_null_tbl,SUPV3L1,covariate_adjusted_no_CERAD,protein_z ~ braak_z + age_z + sex + pmi_z,0.1566824723747226,0.1566824723747226,-0.1566824723747226,0.11169916386900393,117,0.03528557394061425,0.5,/Users/ashlynsloane/Buck Institute 25-26/ROSMAP Analysis March 26/hsp60_rosmap_publication_ready_repo/outputs/supplemental_figures/audits/COGNITION_LOOKUP_SELECTED_FOR_SUPPLEMENTAL_NULL.csv,cognition_composite_score,NA,0.03528557394061425,2,0,TRUE,0.26804123711340205,0.29553264604810997,0.14432989690721648
hsp_null_tbl,SYNE1,covariate_adjusted_no_CERAD,protein_z ~ braak_z + age_z + sex + pmi_z,0.1287432017541,0.1287432017541,-0.1287432017541,0.27957360682559806,117,0.04101708562758051,0.5,/Users/ashlynsloane/Buck Institute 25-26/ROSMAP Analysis March 26/hsp60_rosmap_publication_ready_repo/outputs/supplemental_figures/audits/COGNITION_LOOKUP_SELECTED_FOR_SUPPLEMENTAL_NULL.csv,cognition_composite_score,NA,0.04101708562758051,3,0,TRUE,0.29896907216494845,0.3230240549828179,0.14432989690721648
hsp_null_tbl,TACO1,covariate_adjusted_no_CERAD,protein_z ~ braak_z + age_z + sex + pmi_z,-0.01866491302636767,-0.01866491302636767,0.01866491302636767,0.8581771081511336,117,0.11430503857718072,6.5,/Users/ashlynsloane/Buck Institute 25-26/ROSMAP Analysis March 26/hsp60_rosmap_publication_ready_repo/outputs/supplemental_figures/audits/COGNITION_LOOKUP_SELECTED_FOR_SUPPLEMENTAL_NULL.csv,cognition_composite_score,NA,0.11430503857718072,5,0,TRUE,0.6185567010309279,0.697594501718213,0.6838487972508591
hsp_null_tbl,TAMM41,covariate_adjusted_no_CERAD,protein_z ~ braak_z + age_z + sex + pmi_z,0.05796888018528635,0.05796888018528635,-0.05796888018528635,0.5974701554905928,117,0.14861648944692812,0.5,/Users/ashlynsloane/Buck Institute 25-26/ROSMAP Analysis March 26/hsp60_rosmap_publication_ready_repo/outputs/supplemental_figures/audits/COGNITION_LOOKUP_SELECTED_FOR_SUPPLEMENTAL_NULL.csv,cognition_composite_score,NA,0.14861648944692812,5,0,TRUE,0.7938144329896907,0.7869415807560137,0.14432989690721648
hsp_null_tbl,TARS2,covariate_adjusted_no_CERAD,protein_z ~ braak_z + age_z + sex + pmi_z,0.042297388633283986,0.042297388633283986,-0.042297388633283986,0.7104679643070702,117,0.08054760995668021,0.5,/Users/ashlynsloane/Buck Institute 25-26/ROSMAP Analysis March 26/hsp60_rosmap_publication_ready_repo/outputs/supplemental_figures/audits/COGNITION_LOOKUP_SELECTED_FOR_SUPPLEMENTAL_NULL.csv,cognition_composite_score,NA,0.08054760995668021,4,0,TRUE,0.44673539518900346,0.5292096219931272,0.14432989690721648
hsp_null_tbl,TBRG4,covariate_adjusted_no_CERAD,protein_z ~ braak_z + age_z + sex + pmi_z,-0.00770530378187893,-0.00770530378187893,0.00770530378187893,0.9483961011503041,117,0.17970267913562643,0.5,/Users/ashlynsloane/Buck Institute 25-26/ROSMAP Analysis March 26/hsp60_rosmap_publication_ready_repo/outputs/supplemental_figures/audits/COGNITION_LOOKUP_SELECTED_FOR_SUPPLEMENTAL_NULL.csv,cognition_composite_score,NA,0.17970267913562643,5,0,TRUE,0.8865979381443299,0.8591065292096219,0.14432989690721648
hsp_null_tbl,TFAM,covariate_adjusted_no_CERAD,protein_z ~ braak_z + age_z + sex + pmi_z,0.0809912390798927,0.0809912390798927,-0.0809912390798927,0.4542924618206995,117,0.081325713148219,0.5,/Users/ashlynsloane/Buck Institute 25-26/ROSMAP Analysis March 26/hsp60_rosmap_publication_ready_repo/outputs/supplemental_figures/audits/COGNITION_LOOKUP_SELECTED_FOR_SUPPLEMENTAL_NULL.csv,cognition_composite_score,NA,0.081325713148219,4,0,TRUE,0.4570446735395189,0.47766323024054985,0.14432989690721648
hsp_null_tbl,TIMM13,covariate_adjusted_no_CERAD,protein_z ~ braak_z + age_z + sex + pmi_z,0.2768561508630879,0.2768561508630879,-0.2768561508630879,0.017583466511321127,117,0.1475397466598268,6.5,/Users/ashlynsloane/Buck Institute 25-26/ROSMAP Analysis March 26/hsp60_rosmap_publication_ready_repo/outputs/supplemental_figures/audits/COGNITION_LOOKUP_SELECTED_FOR_SUPPLEMENTAL_NULL.csv,cognition_composite_score,NA,0.1475397466598268,5,0,TRUE,0.7869415807560137,0.7835051546391752,0.6838487972508591
hsp_null_tbl,TIMM44,covariate_adjusted_no_CERAD,protein_z ~ braak_z + age_z + sex + pmi_z,0.05611856534113156,0.05611856534113156,-0.05611856534113156,0.5874214931916928,117,0.12275975032310976,6.5,/Users/ashlynsloane/Buck Institute 25-26/ROSMAP Analysis March 26/hsp60_rosmap_publication_ready_repo/outputs/supplemental_figures/audits/COGNITION_LOOKUP_SELECTED_FOR_SUPPLEMENTAL_NULL.csv,cognition_composite_score,NA,0.12275975032310976,5,0,TRUE,0.6838487972508591,0.7560137457044673,0.6838487972508591
hsp_null_tbl,TIMM8B,covariate_adjusted_no_CERAD,protein_z ~ braak_z + age_z + sex + pmi_z,0.2134494386099407,0.2134494386099407,-0.2134494386099407,0.032015012647087344,117,0.16585930913470684,1.5,/Users/ashlynsloane/Buck Institute 25-26/ROSMAP Analysis March 26/hsp60_rosmap_publication_ready_repo/outputs/supplemental_figures/audits/COGNITION_LOOKUP_SELECTED_FOR_SUPPLEMENTAL_NULL.csv,cognition_composite_score,NA,0.16585930913470684,5,0,TRUE,0.845360824742268,0.8144329896907216,0.44673539518900346
hsp_null_tbl,TRAP1,covariate_adjusted_no_CERAD,protein_z ~ braak_z + age_z + sex + pmi_z,0.051136528013510395,0.051136528013510395,-0.051136528013510395,0.6401947432600081,117,0.08794599491461236,0.5,/Users/ashlynsloane/Buck Institute 25-26/ROSMAP Analysis March 26/hsp60_rosmap_publication_ready_repo/outputs/supplemental_figures/audits/COGNITION_LOOKUP_SELECTED_FOR_SUPPLEMENTAL_NULL.csv,cognition_composite_score,NA,0.08794599491461236,4,0,TRUE,0.4879725085910653,0.49140893470790376,0.14432989690721648
hsp_null_tbl,TRMU,covariate_adjusted_no_CERAD,protein_z ~ braak_z + age_z + sex + pmi_z,0.13405445433778118,0.13405445433778118,-0.13405445433778118,0.21645795328953857,110,0.04911239207706294,0.5,/Users/ashlynsloane/Buck Institute 25-26/ROSMAP Analysis March 26/hsp60_rosmap_publication_ready_repo/outputs/supplemental_figures/audits/COGNITION_LOOKUP_SELECTED_FOR_SUPPLEMENTAL_NULL.csv,cognition_composite_score,NA,0.04911239207706294,3,0,TRUE,0.32989690721649484,0.30927835051546393,0.14432989690721648
hsp_null_tbl,TRUB1,covariate_adjusted_no_CERAD,protein_z ~ braak_z + age_z + sex + pmi_z,0.1358321305274447,0.1358321305274447,-0.1358321305274447,0.2244212466967457,117,0.10458017822921369,2.5,/Users/ashlynsloane/Buck Institute 25-26/ROSMAP Analysis March 26/hsp60_rosmap_publication_ready_repo/outputs/supplemental_figures/audits/COGNITION_LOOKUP_SELECTED_FOR_SUPPLEMENTAL_NULL.csv,cognition_composite_score,NA,0.10458017822921369,5,0,TRUE,0.5738831615120275,0.6563573883161512,0.5395189003436426
hsp_null_tbl,TRUB2,covariate_adjusted_no_CERAD,protein_z ~ braak_z + age_z + sex + pmi_z,-0.11216603356491718,-0.11216603356491718,0.11216603356491718,0.3537551455402562,96,0.09268235986050828,0.5,/Users/ashlynsloane/Buck Institute 25-26/ROSMAP Analysis March 26/hsp60_rosmap_publication_ready_repo/outputs/supplemental_figures/audits/COGNITION_LOOKUP_SELECTED_FOR_SUPPLEMENTAL_NULL.csv,cognition_composite_score,NA,0.09268235986050828,4,0,TRUE,0.5120274914089347,0.24054982817869416,0.14432989690721648
hsp_null_tbl,TSFM,covariate_adjusted_no_CERAD,protein_z ~ braak_z + age_z + sex + pmi_z,-0.06728743727902663,-0.06728743727902663,0.06728743727902663,0.5252357710796438,117,0.14358483953817272,2.5,/Users/ashlynsloane/Buck Institute 25-26/ROSMAP Analysis March 26/hsp60_rosmap_publication_ready_repo/outputs/supplemental_figures/audits/COGNITION_LOOKUP_SELECTED_FOR_SUPPLEMENTAL_NULL.csv,cognition_composite_score,NA,0.14358483953817272,5,0,TRUE,0.7766323024054983,0.8213058419243986,0.5395189003436426
hsp_null_tbl,TST,covariate_adjusted_no_CERAD,protein_z ~ braak_z + age_z + sex + pmi_z,-0.029161540611309014,-0.029161540611309014,0.029161540611309014,0.8063557569968941,117,-0.0466744471441667,0,/Users/ashlynsloane/Buck Institute 25-26/ROSMAP Analysis March 26/hsp60_rosmap_publication_ready_repo/outputs/supplemental_figures/audits/COGNITION_LOOKUP_SELECTED_FOR_SUPPLEMENTAL_NULL.csv,cognition_composite_score,NA,0.0466744471441667,3,0,TRUE,0.06529209621993128,0.06529209621993128,0
hsp_null_tbl,TUBB,covariate_adjusted_no_CERAD,protein_z ~ braak_z + age_z + sex + pmi_z,0.050321523781737466,0.050321523781737466,-0.050321523781737466,0.6485561332937453,117,0.04970966247897684,0,/Users/ashlynsloane/Buck Institute 25-26/ROSMAP Analysis March 26/hsp60_rosmap_publication_ready_repo/outputs/supplemental_figures/audits/COGNITION_LOOKUP_SELECTED_FOR_SUPPLEMENTAL_NULL.csv,cognition_composite_score,NA,0.04970966247897684,3,0,TRUE,0.3333333333333333,0.4948453608247423,0
hsp_null_tbl,TUBB4B,covariate_adjusted_no_CERAD,protein_z ~ braak_z + age_z + sex + pmi_z,0.17411129119736696,0.17411129119736696,-0.17411129119736696,0.11125367442377335,117,0.02625360617259874,0,/Users/ashlynsloane/Buck Institute 25-26/ROSMAP Analysis March 26/hsp60_rosmap_publication_ready_repo/outputs/supplemental_figures/audits/COGNITION_LOOKUP_SELECTED_FOR_SUPPLEMENTAL_NULL.csv,cognition_composite_score,NA,0.02625360617259874,2,0,TRUE,0.23367697594501718,0.3642611683848797,0
hsp_null_tbl,TUFM,covariate_adjusted_no_CERAD,protein_z ~ braak_z + age_z + sex + pmi_z,0.09151778443003727,0.09151778443003727,-0.09151778443003727,0.38772489475027727,117,0.13297049683951845,9.5,/Users/ashlynsloane/Buck Institute 25-26/ROSMAP Analysis March 26/hsp60_rosmap_publication_ready_repo/outputs/supplemental_figures/audits/COGNITION_LOOKUP_SELECTED_FOR_SUPPLEMENTAL_NULL.csv,cognition_composite_score,NA,0.13297049683951845,5,0,TRUE,0.7250859106529209,0.7594501718213058,0.7525773195876289
hsp_null_tbl,UQCRC1,covariate_adjusted_no_CERAD,protein_z ~ braak_z + age_z + sex + pmi_z,0.193964493063253,0.193964493063253,-0.193964493063253,0.0950511731484026,117,0.1922618384679548,12.5,/Users/ashlynsloane/Buck Institute 25-26/ROSMAP Analysis March 26/hsp60_rosmap_publication_ready_repo/outputs/supplemental_figures/audits/COGNITION_LOOKUP_SELECTED_FOR_SUPPLEMENTAL_NULL.csv,cognition_composite_score,NA,0.1922618384679548,5,0,TRUE,0.9037800687285223,0.8969072164948454,0.8694158075601375
hsp_null_tbl,UQCRC2,covariate_adjusted_no_CERAD,protein_z ~ braak_z + age_z + sex + pmi_z,0.06627435845916442,0.06627435845916442,-0.06627435845916442,0.5573204875471187,117,0.20947127083087577,12.5,/Users/ashlynsloane/Buck Institute 25-26/ROSMAP Analysis March 26/hsp60_rosmap_publication_ready_repo/outputs/supplemental_figures/audits/COGNITION_LOOKUP_SELECTED_FOR_SUPPLEMENTAL_NULL.csv,cognition_composite_score,NA,0.20947127083087577,5,0,TRUE,0.9381443298969072,0.9278350515463918,0.8694158075601375
hsp_null_tbl,UQCRFS1,covariate_adjusted_no_CERAD,protein_z ~ braak_z + age_z + sex + pmi_z,0.0848865870225063,0.0848865870225063,-0.0848865870225063,0.45683945000002,117,0.20598313457384687,12.5,/Users/ashlynsloane/Buck Institute 25-26/ROSMAP Analysis March 26/hsp60_rosmap_publication_ready_repo/outputs/supplemental_figures/audits/COGNITION_LOOKUP_SELECTED_FOR_SUPPLEMENTAL_NULL.csv,cognition_composite_score,NA,0.20598313457384687,5,0,TRUE,0.9278350515463918,0.9106529209621993,0.8694158075601375
hsp_null_tbl,VARS2,covariate_adjusted_no_CERAD,protein_z ~ braak_z + age_z + sex + pmi_z,-0.011405348497570623,-0.011405348497570623,0.011405348497570623,0.9219339015023092,116,0.06852534368507864,0.5,/Users/ashlynsloane/Buck Institute 25-26/ROSMAP Analysis March 26/hsp60_rosmap_publication_ready_repo/outputs/supplemental_figures/audits/COGNITION_LOOKUP_SELECTED_FOR_SUPPLEMENTAL_NULL.csv,cognition_composite_score,NA,0.06852534368507864,4,0,TRUE,0.41924398625429554,0.4054982817869416,0.14432989690721648
hsp_null_tbl,XPNPEP3,covariate_adjusted_no_CERAD,protein_z ~ braak_z + age_z + sex + pmi_z,0.15292500017327776,0.15292500017327776,-0.15292500017327776,0.1518030624461796,117,0.04660255181964943,8.5,/Users/ashlynsloane/Buck Institute 25-26/ROSMAP Analysis March 26/hsp60_rosmap_publication_ready_repo/outputs/supplemental_figures/audits/COGNITION_LOOKUP_SELECTED_FOR_SUPPLEMENTAL_NULL.csv,cognition_composite_score,NA,0.04660255181964943,3,0,TRUE,0.31958762886597936,0.24398625429553264,0.7319587628865979
hsp_null_tbl,YARS2,covariate_adjusted_no_CERAD,protein_z ~ braak_z + age_z + sex + pmi_z,-0.07134021641437195,-0.07134021641437195,0.07134021641437195,0.5509766568969605,117,0.09172923878847689,9.5,/Users/ashlynsloane/Buck Institute 25-26/ROSMAP Analysis March 26/hsp60_rosmap_publication_ready_repo/outputs/supplemental_figures/audits/COGNITION_LOOKUP_SELECTED_FOR_SUPPLEMENTAL_NULL.csv,cognition_composite_score,NA,0.09172923878847689,4,0,TRUE,0.5085910652920962,0.5154639175257731,0.7525773195876289
hsp_null_tbl,YWHAE,covariate_adjusted_no_CERAD,protein_z ~ braak_z + age_z + sex + pmi_z,0.1579980067598246,0.1579980067598246,-0.1579980067598246,0.13086304791926182,117,0.00150720094496939,0,/Users/ashlynsloane/Buck Institute 25-26/ROSMAP Analysis March 26/hsp60_rosmap_publication_ready_repo/outputs/supplemental_figures/audits/COGNITION_LOOKUP_SELECTED_FOR_SUPPLEMENTAL_NULL.csv,cognition_composite_score,NA,0.00150720094496939,1,0,TRUE,0.16151202749140894,0.23024054982817868,0
hsp_null_tbl,ZADH2,covariate_adjusted_no_CERAD,protein_z ~ braak_z + age_z + sex + pmi_z,0.21545769564093922,0.21545769564093922,-0.21545769564093922,0.08516991200619056,117,0.11649539622165148,0.5,/Users/ashlynsloane/Buck Institute 25-26/ROSMAP Analysis March 26/hsp60_rosmap_publication_ready_repo/outputs/supplemental_figures/audits/COGNITION_LOOKUP_SELECTED_FOR_SUPPLEMENTAL_NULL.csv,cognition_composite_score,NA,0.11649539622165148,5,0,TRUE,0.6426116838487973,0.7457044673539519,0.14432989690721648
background_null_pool,AADAT,covariate_adjusted_no_CERAD,protein_z ~ braak_z + age_z + sex + pmi_z,0.2319663078647361,0.2319663078647361,-0.2319663078647361,0.023106494092136894,111,0.10073131729041616,0.5,/Users/ashlynsloane/Buck Institute 25-26/ROSMAP Analysis March 26/hsp60_rosmap_publication_ready_repo/outputs/supplemental_figures/audits/COGNITION_LOOKUP_SELECTED_FOR_SUPPLEMENTAL_NULL.csv,cognition_composite_score,NA,0.10073131729041616,5,0,FALSE,0.6480263157894737,0.6085526315789473,0.23190789473684212
background_null_pool,AASS,covariate_adjusted_no_CERAD,protein_z ~ braak_z + age_z + sex + pmi_z,0.04286272045354809,0.04286272045354809,-0.04286272045354809,0.6922317848913314,117,-0.10054205142070008,0.5,/Users/ashlynsloane/Buck Institute 25-26/ROSMAP Analysis March 26/hsp60_rosmap_publication_ready_repo/outputs/supplemental_figures/audits/COGNITION_LOOKUP_SELECTED_FOR_SUPPLEMENTAL_NULL.csv,cognition_composite_score,NA,0.10054205142070008,5,0,FALSE,0.03618421052631579,0.018092105263157895,0.23190789473684212
background_null_pool,ABAT,covariate_adjusted_no_CERAD,protein_z ~ braak_z + age_z + sex + pmi_z,0.22807788978279606,0.22807788978279606,-0.22807788978279606,0.038984347916902175,117,0.03897662283400154,0.5,/Users/ashlynsloane/Buck Institute 25-26/ROSMAP Analysis March 26/hsp60_rosmap_publication_ready_repo/outputs/supplemental_figures/audits/COGNITION_LOOKUP_SELECTED_FOR_SUPPLEMENTAL_NULL.csv,cognition_composite_score,NA,0.03897662283400154,3,0,FALSE,0.34539473684210525,0.27631578947368424,0.23190789473684212
background_null_pool,ABCB10,covariate_adjusted_no_CERAD,protein_z ~ braak_z + age_z + sex + pmi_z,-0.05586792113524054,-0.05586792113524054,0.05586792113524054,0.6288063668174713,117,0.06723396292437882,1,/Users/ashlynsloane/Buck Institute 25-26/ROSMAP Analysis March 26/hsp60_rosmap_publication_ready_repo/outputs/supplemental_figures/audits/COGNITION_LOOKUP_SELECTED_FOR_SUPPLEMENTAL_NULL.csv,cognition_composite_score,NA,0.06723396292437882,4,0,FALSE,0.46381578947368424,0.49506578947368424,0.5970394736842105
background_null_pool,ABCB6,covariate_adjusted_no_CERAD,protein_z ~ braak_z + age_z + sex + pmi_z,-0.1555339266708737,-0.1555339266708737,0.1555339266708737,0.18425359835067887,117,-0.02460388684236241,0.5,/Users/ashlynsloane/Buck Institute 25-26/ROSMAP Analysis March 26/hsp60_rosmap_publication_ready_repo/outputs/supplemental_figures/audits/COGNITION_LOOKUP_SELECTED_FOR_SUPPLEMENTAL_NULL.csv,cognition_composite_score,NA,0.02460388684236241,2,0,FALSE,0.14473684210526316,0.14802631578947367,0.23190789473684212
background_null_pool,ABCB7,covariate_adjusted_no_CERAD,protein_z ~ braak_z + age_z + sex + pmi_z,-0.04222646327442232,-0.04222646327442232,0.04222646327442232,0.7249107666144528,117,0.08032647345331857,0,/Users/ashlynsloane/Buck Institute 25-26/ROSMAP Analysis March 26/hsp60_rosmap_publication_ready_repo/outputs/supplemental_figures/audits/COGNITION_LOOKUP_SELECTED_FOR_SUPPLEMENTAL_NULL.csv,cognition_composite_score,NA,0.08032647345331857,4,0,FALSE,0.5411184210526315,0.4440789473684211,0
background_null_pool,ABCB8,covariate_adjusted_no_CERAD,protein_z ~ braak_z + age_z + sex + pmi_z,0.008078047050189028,0.008078047050189028,-0.008078047050189028,0.9399665445936396,117,0.0729167759090213,0,/Users/ashlynsloane/Buck Institute 25-26/ROSMAP Analysis March 26/hsp60_rosmap_publication_ready_repo/outputs/supplemental_figures/audits/COGNITION_LOOKUP_SELECTED_FOR_SUPPLEMENTAL_NULL.csv,cognition_composite_score,NA,0.0729167759090213,4,0,FALSE,0.4934210526315789,0.5986842105263158,0
background_null_pool,ABCD2,covariate_adjusted_no_CERAD,protein_z ~ braak_z + age_z + sex + pmi_z,-0.08211159258587154,-0.08211159258587154,0.08211159258587154,0.4334804035043196,117,0.05176379782420599,0.5,/Users/ashlynsloane/Buck Institute 25-26/ROSMAP Analysis March 26/hsp60_rosmap_publication_ready_repo/outputs/supplemental_figures/audits/COGNITION_LOOKUP_SELECTED_FOR_SUPPLEMENTAL_NULL.csv,cognition_composite_score,NA,0.05176379782420599,3,0,FALSE,0.3980263157894737,0.39473684210526316,0.23190789473684212
background_null_pool,ABCD3,covariate_adjusted_no_CERAD,protein_z ~ braak_z + age_z + sex + pmi_z,0.18251138320405746,0.18251138320405746,-0.18251138320405746,0.09518088193816232,117,-0.00982718677489624,0.5,/Users/ashlynsloane/Buck Institute 25-26/ROSMAP Analysis March 26/hsp60_rosmap_publication_ready_repo/outputs/supplemental_figures/audits/COGNITION_LOOKUP_SELECTED_FOR_SUPPLEMENTAL_NULL.csv,cognition_composite_score,NA,0.00982718677489624,1,0,FALSE,0.16940789473684212,0.20394736842105263,0.23190789473684212
background_null_pool,ACAA1,covariate_adjusted_no_CERAD,protein_z ~ braak_z + age_z + sex + pmi_z,-0.0193992880263325,-0.0193992880263325,0.0193992880263325,0.8656775964636702,117,-0.04428214060710497,0,/Users/ashlynsloane/Buck Institute 25-26/ROSMAP Analysis March 26/hsp60_rosmap_publication_ready_repo/outputs/supplemental_figures/audits/COGNITION_LOOKUP_SELECTED_FOR_SUPPLEMENTAL_NULL.csv,cognition_composite_score,NA,0.04428214060710497,3,0,FALSE,0.10032894736842106,0.16611842105263158,0
background_null_pool,ACACA,covariate_adjusted_no_CERAD,protein_z ~ braak_z + age_z + sex + pmi_z,-0.08165288376067911,-0.08165288376067911,0.08165288376067911,0.3482205225744788,117,0.06352409213906172,0.5,/Users/ashlynsloane/Buck Institute 25-26/ROSMAP Analysis March 26/hsp60_rosmap_publication_ready_repo/outputs/supplemental_figures/audits/COGNITION_LOOKUP_SELECTED_FOR_SUPPLEMENTAL_NULL.csv,cognition_composite_score,NA,0.06352409213906172,4,0,FALSE,0.4457236842105263,0.5608552631578947,0.23190789473684212
background_null_pool,ACAD10,covariate_adjusted_no_CERAD,protein_z ~ braak_z + age_z + sex + pmi_z,0.19079883683308982,0.19079883683308982,-0.19079883683308982,0.1992322562082527,77,0.03546508168687716,1.5,/Users/ashlynsloane/Buck Institute 25-26/ROSMAP Analysis March 26/hsp60_rosmap_publication_ready_repo/outputs/supplemental_figures/audits/COGNITION_LOOKUP_SELECTED_FOR_SUPPLEMENTAL_NULL.csv,cognition_composite_score,NA,0.03546508168687716,2,0,FALSE,0.33223684210526316,0.3569078947368421,0.5986842105263158
background_null_pool,ACAD11,covariate_adjusted_no_CERAD,protein_z ~ braak_z + age_z + sex + pmi_z,0.2639040882084286,0.2639040882084286,-0.2639040882084286,0.00910366466729117,116,0.01567317351245774,0.5,/Users/ashlynsloane/Buck Institute 25-26/ROSMAP Analysis March 26/hsp60_rosmap_publication_ready_repo/outputs/supplemental_figures/audits/COGNITION_LOOKUP_SELECTED_FOR_SUPPLEMENTAL_NULL.csv,cognition_composite_score,NA,0.01567317351245774,1,0,FALSE,0.2565789473684211,0.13157894736842105,0.23190789473684212
background_null_pool,ACAD8,covariate_adjusted_no_CERAD,protein_z ~ braak_z + age_z + sex + pmi_z,-0.12593639368522166,-0.12593639368522166,0.12593639368522166,0.29627450888873497,117,-0.00560032285676115,0.5,/Users/ashlynsloane/Buck Institute 25-26/ROSMAP Analysis March 26/hsp60_rosmap_publication_ready_repo/outputs/supplemental_figures/audits/COGNITION_LOOKUP_SELECTED_FOR_SUPPLEMENTAL_NULL.csv,cognition_composite_score,NA,0.00560032285676115,1,0,FALSE,0.18092105263157895,0.15789473684210525,0.23190789473684212
background_null_pool,ACADM,covariate_adjusted_no_CERAD,protein_z ~ braak_z + age_z + sex + pmi_z,0.014531849474665088,0.014531849474665088,-0.014531849474665088,0.8942288854273805,117,-0.01379195951608452,2.5,/Users/ashlynsloane/Buck Institute 25-26/ROSMAP Analysis March 26/hsp60_rosmap_publication_ready_repo/outputs/supplemental_figures/audits/COGNITION_LOOKUP_SELECTED_FOR_SUPPLEMENTAL_NULL.csv,cognition_composite_score,NA,0.01379195951608452,1,0,FALSE,0.16611842105263158,0.20559210526315788,0.6842105263157895
background_null_pool,ACADS,covariate_adjusted_no_CERAD,protein_z ~ braak_z + age_z + sex + pmi_z,0.19658480951971752,0.19658480951971752,-0.19658480951971752,0.056973512923609367,117,0.00726432338409126,0.5,/Users/ashlynsloane/Buck Institute 25-26/ROSMAP Analysis March 26/hsp60_rosmap_publication_ready_repo/outputs/supplemental_figures/audits/COGNITION_LOOKUP_SELECTED_FOR_SUPPLEMENTAL_NULL.csv,cognition_composite_score,NA,0.00726432338409126,1,0,FALSE,0.21875,0.24835526315789475,0.23190789473684212
background_null_pool,ACADSB,covariate_adjusted_no_CERAD,protein_z ~ braak_z + age_z + sex + pmi_z,0.07526507008379985,0.07526507008379985,-0.07526507008379985,0.5094829456548304,117,0.12862715099776215,8.5,/Users/ashlynsloane/Buck Institute 25-26/ROSMAP Analysis March 26/hsp60_rosmap_publication_ready_repo/outputs/supplemental_figures/audits/COGNITION_LOOKUP_SELECTED_FOR_SUPPLEMENTAL_NULL.csv,cognition_composite_score,NA,0.12862715099776215,5,0,FALSE,0.7713815789473685,0.7532894736842105,0.8552631578947368
background_null_pool,ACLY,covariate_adjusted_no_CERAD,protein_z ~ braak_z + age_z + sex + pmi_z,0.14190389698647635,0.14190389698647635,-0.14190389698647635,0.26350932397233656,117,0.01402926905847402,0.5,/Users/ashlynsloane/Buck Institute 25-26/ROSMAP Analysis March 26/hsp60_rosmap_publication_ready_repo/outputs/supplemental_figures/audits/COGNITION_LOOKUP_SELECTED_FOR_SUPPLEMENTAL_NULL.csv,cognition_composite_score,NA,0.01402926905847402,1,0,FALSE,0.24177631578947367,0.2532894736842105,0.23190789473684212
background_null_pool,ACOT11,covariate_adjusted_no_CERAD,protein_z ~ braak_z + age_z + sex + pmi_z,-0.0067221602822685545,-0.0067221602822685545,0.0067221602822685545,0.9502296933521093,117,0.07787224546869381,0.5,/Users/ashlynsloane/Buck Institute 25-26/ROSMAP Analysis March 26/hsp60_rosmap_publication_ready_repo/outputs/supplemental_figures/audits/COGNITION_LOOKUP_SELECTED_FOR_SUPPLEMENTAL_NULL.csv,cognition_composite_score,NA,0.07787224546869381,4,0,FALSE,0.5213815789473685,0.3503289473684211,0.23190789473684212
background_null_pool,ACOT7,covariate_adjusted_no_CERAD,protein_z ~ braak_z + age_z + sex + pmi_z,0.3036624940693482,0.3036624940693482,-0.3036624940693482,0.0048959445168794006,117,0.0955927535971756,0.5,/Users/ashlynsloane/Buck Institute 25-26/ROSMAP Analysis March 26/hsp60_rosmap_publication_ready_repo/outputs/supplemental_figures/audits/COGNITION_LOOKUP_SELECTED_FOR_SUPPLEMENTAL_NULL.csv,cognition_composite_score,NA,0.0955927535971756,4,0,FALSE,0.6167763157894737,0.7516447368421053,0.23190789473684212
background_null_pool,ACOT9,covariate_adjusted_no_CERAD,protein_z ~ braak_z + age_z + sex + pmi_z,-0.020239938594629477,-0.020239938594629477,0.020239938594629477,0.8470450975885258,117,-0.02016634802300872,0.5,/Users/ashlynsloane/Buck Institute 25-26/ROSMAP Analysis March 26/hsp60_rosmap_publication_ready_repo/outputs/supplemental_figures/audits/COGNITION_LOOKUP_SELECTED_FOR_SUPPLEMENTAL_NULL.csv,cognition_composite_score,NA,0.02016634802300872,2,0,FALSE,0.1513157894736842,0.1875,0.23190789473684212
background_null_pool,ACP6,covariate_adjusted_no_CERAD,protein_z ~ braak_z + age_z + sex + pmi_z,-0.06602323165369318,-0.06602323165369318,0.06602323165369318,0.6151499055132552,91,-0.0336511325369546,0,/Users/ashlynsloane/Buck Institute 25-26/ROSMAP Analysis March 26/hsp60_rosmap_publication_ready_repo/outputs/supplemental_figures/audits/COGNITION_LOOKUP_SELECTED_FOR_SUPPLEMENTAL_NULL.csv,cognition_composite_score,NA,0.0336511325369546,2,0,FALSE,0.11513157894736842,0.125,0
background_null_pool,ACSF2,covariate_adjusted_no_CERAD,protein_z ~ braak_z + age_z + sex + pmi_z,-0.11834430070723817,-0.11834430070723817,0.11834430070723817,0.29439611181412423,117,-0.03667817491550859,3.5,/Users/ashlynsloane/Buck Institute 25-26/ROSMAP Analysis March 26/hsp60_rosmap_publication_ready_repo/outputs/supplemental_figures/audits/COGNITION_LOOKUP_SELECTED_FOR_SUPPLEMENTAL_NULL.csv,cognition_composite_score,NA,0.03667817491550859,3,0,FALSE,0.1118421052631579,0.0756578947368421,0.7532894736842105
background_null_pool,ACSL1,covariate_adjusted_no_CERAD,protein_z ~ braak_z + age_z + sex + pmi_z,-0.05407880092351656,-0.05407880092351656,0.05407880092351656,0.6118193533146672,117,-0.05435178122579123,0,/Users/ashlynsloane/Buck Institute 25-26/ROSMAP Analysis March 26/hsp60_rosmap_publication_ready_repo/outputs/supplemental_figures/audits/COGNITION_LOOKUP_SELECTED_FOR_SUPPLEMENTAL_NULL.csv,cognition_composite_score,NA,0.05435178122579123,3,0,FALSE,0.08881578947368421,0.09046052631578948,0
background_null_pool,ACSL6,covariate_adjusted_no_CERAD,protein_z ~ braak_z + age_z + sex + pmi_z,0.14673043218975262,0.14673043218975262,-0.14673043218975262,0.19521113793490197,117,0.08028575765467158,0.5,/Users/ashlynsloane/Buck Institute 25-26/ROSMAP Analysis March 26/hsp60_rosmap_publication_ready_repo/outputs/supplemental_figures/audits/COGNITION_LOOKUP_SELECTED_FOR_SUPPLEMENTAL_NULL.csv,cognition_composite_score,NA,0.08028575765467158,4,0,FALSE,0.5394736842105263,0.5970394736842105,0.23190789473684212
background_null_pool,ACSS1,covariate_adjusted_no_CERAD,protein_z ~ braak_z + age_z + sex + pmi_z,0.09125980814430912,0.09125980814430912,-0.09125980814430912,0.4163840063231353,117,0.01445338448986563,0.5,/Users/ashlynsloane/Buck Institute 25-26/ROSMAP Analysis March 26/hsp60_rosmap_publication_ready_repo/outputs/supplemental_figures/audits/COGNITION_LOOKUP_SELECTED_FOR_SUPPLEMENTAL_NULL.csv,cognition_composite_score,NA,0.01445338448986563,1,0,FALSE,0.2450657894736842,0.2730263157894737,0.23190789473684212
background_null_pool,ACSS3,covariate_adjusted_no_CERAD,protein_z ~ braak_z + age_z + sex + pmi_z,-0.2725100969709822,-0.2725100969709822,0.2725100969709822,0.008909340243136108,117,-0.12751931807729203,0,/Users/ashlynsloane/Buck Institute 25-26/ROSMAP Analysis March 26/hsp60_rosmap_publication_ready_repo/outputs/supplemental_figures/audits/COGNITION_LOOKUP_SELECTED_FOR_SUPPLEMENTAL_NULL.csv,cognition_composite_score,NA,0.12751931807729203,5,0,FALSE,0.018092105263157895,0.02138157894736842,0
background_null_pool,ADCK1,covariate_adjusted_no_CERAD,protein_z ~ braak_z + age_z + sex + pmi_z,0.10153182825107986,0.10153182825107986,-0.10153182825107986,0.3623981737084587,117,0.11101523980880486,1.5,/Users/ashlynsloane/Buck Institute 25-26/ROSMAP Analysis March 26/hsp60_rosmap_publication_ready_repo/outputs/supplemental_figures/audits/COGNITION_LOOKUP_SELECTED_FOR_SUPPLEMENTAL_NULL.csv,cognition_composite_score,NA,0.11101523980880486,5,0,FALSE,0.680921052631579,0.7203947368421053,0.5986842105263158
background_null_pool,ADCK5,covariate_adjusted_no_CERAD,protein_z ~ braak_z + age_z + sex + pmi_z,5.002525691657561e-5,5.002525691657561e-5,-5.002525691657561e-5,0.999606483457389,117,0.07116150452671148,0,/Users/ashlynsloane/Buck Institute 25-26/ROSMAP Analysis March 26/hsp60_rosmap_publication_ready_repo/outputs/supplemental_figures/audits/COGNITION_LOOKUP_SELECTED_FOR_SUPPLEMENTAL_NULL.csv,cognition_composite_score,NA,0.07116150452671148,4,0,FALSE,0.48519736842105265,0.5822368421052632,0
background_null_pool,ADHFE1,covariate_adjusted_no_CERAD,protein_z ~ braak_z + age_z + sex + pmi_z,0.1616758376156864,0.1616758376156864,-0.1616758376156864,0.11242864360284757,117,-0.11605328923469732,0,/Users/ashlynsloane/Buck Institute 25-26/ROSMAP Analysis March 26/hsp60_rosmap_publication_ready_repo/outputs/supplemental_figures/audits/COGNITION_LOOKUP_SELECTED_FOR_SUPPLEMENTAL_NULL.csv,cognition_composite_score,NA,0.11605328923469732,5,0,FALSE,0.02138157894736842,0.024671052631578948,0
background_null_pool,AGK,covariate_adjusted_no_CERAD,protein_z ~ braak_z + age_z + sex + pmi_z,0.0625832576816738,0.0625832576816738,-0.0625832576816738,0.5732724800391668,117,0.12350734197679628,5.5,/Users/ashlynsloane/Buck Institute 25-26/ROSMAP Analysis March 26/hsp60_rosmap_publication_ready_repo/outputs/supplemental_figures/audits/COGNITION_LOOKUP_SELECTED_FOR_SUPPLEMENTAL_NULL.csv,cognition_composite_score,NA,0.12350734197679628,5,0,FALSE,0.7384868421052632,0.7055921052631579,0.7845394736842105
background_null_pool,AGPAT4,covariate_adjusted_no_CERAD,protein_z ~ braak_z + age_z + sex + pmi_z,0.07485789069897834,0.07485789069897834,-0.07485789069897834,0.5080753867441004,117,-0.0053156700513778,0,/Users/ashlynsloane/Buck Institute 25-26/ROSMAP Analysis March 26/hsp60_rosmap_publication_ready_repo/outputs/supplemental_figures/audits/COGNITION_LOOKUP_SELECTED_FOR_SUPPLEMENTAL_NULL.csv,cognition_composite_score,NA,0.0053156700513778,1,0,FALSE,0.18421052631578946,0.26973684210526316,0
background_null_pool,AGPAT5,covariate_adjusted_no_CERAD,protein_z ~ braak_z + age_z + sex + pmi_z,0.01940045397007232,0.01940045397007232,-0.01940045397007232,0.8514657121828565,117,0.03303725754771554,0.5,/Users/ashlynsloane/Buck Institute 25-26/ROSMAP Analysis March 26/hsp60_rosmap_publication_ready_repo/outputs/supplemental_figures/audits/COGNITION_LOOKUP_SELECTED_FOR_SUPPLEMENTAL_NULL.csv,cognition_composite_score,NA,0.03303725754771554,2,0,FALSE,0.32401315789473684,0.3026315789473684,0.23190789473684212
background_null_pool,AHCYL1,covariate_adjusted_no_CERAD,protein_z ~ braak_z + age_z + sex + pmi_z,0.2490024421170439,0.2490024421170439,-0.2490024421170439,0.020509548856363465,117,0.05289035014301567,12.5,/Users/ashlynsloane/Buck Institute 25-26/ROSMAP Analysis March 26/hsp60_rosmap_publication_ready_repo/outputs/supplemental_figures/audits/COGNITION_LOOKUP_SELECTED_FOR_SUPPLEMENTAL_NULL.csv,cognition_composite_score,NA,0.05289035014301567,3,0,FALSE,0.4029605263157895,0.4720394736842105,0.9342105263157895
background_null_pool,AIFM2,covariate_adjusted_no_CERAD,protein_z ~ braak_z + age_z + sex + pmi_z,0.04463044087142896,0.04463044087142896,-0.04463044087142896,0.7332952613351353,91,-0.00641586951535039,0.5,/Users/ashlynsloane/Buck Institute 25-26/ROSMAP Analysis March 26/hsp60_rosmap_publication_ready_repo/outputs/supplemental_figures/audits/COGNITION_LOOKUP_SELECTED_FOR_SUPPLEMENTAL_NULL.csv,cognition_composite_score,NA,0.00641586951535039,1,0,FALSE,0.17927631578947367,0.17598684210526316,0.23190789473684212
background_null_pool,AIFM3,covariate_adjusted_no_CERAD,protein_z ~ braak_z + age_z + sex + pmi_z,-0.08023221715779072,-0.08023221715779072,0.08023221715779072,0.3620514384396345,117,-0.02702686579845724,0,/Users/ashlynsloane/Buck Institute 25-26/ROSMAP Analysis March 26/hsp60_rosmap_publication_ready_repo/outputs/supplemental_figures/audits/COGNITION_LOOKUP_SELECTED_FOR_SUPPLEMENTAL_NULL.csv,cognition_composite_score,NA,0.02702686579845724,2,0,FALSE,0.14144736842105263,0.13322368421052633,0
background_null_pool,AKAP1,covariate_adjusted_no_CERAD,protein_z ~ braak_z + age_z + sex + pmi_z,0.0036113824281240603,0.0036113824281240603,-0.0036113824281240603,0.9732822711646281,117,0.04354094277392272,0.5,/Users/ashlynsloane/Buck Institute 25-26/ROSMAP Analysis March 26/hsp60_rosmap_publication_ready_repo/outputs/supplemental_figures/audits/COGNITION_LOOKUP_SELECTED_FOR_SUPPLEMENTAL_NULL.csv,cognition_composite_score,NA,0.04354094277392272,3,0,FALSE,0.36019736842105265,0.31414473684210525,0.23190789473684212
background_null_pool,AKAP10,covariate_adjusted_no_CERAD,protein_z ~ braak_z + age_z + sex + pmi_z,0.04539050429691648,0.04539050429691648,-0.04539050429691648,0.6602490833212518,117,1.7434365720793297e-4,0.5,/Users/ashlynsloane/Buck Institute 25-26/ROSMAP Analysis March 26/hsp60_rosmap_publication_ready_repo/outputs/supplemental_figures/audits/COGNITION_LOOKUP_SELECTED_FOR_SUPPLEMENTAL_NULL.csv,cognition_composite_score,NA,1.7434365720793297e-4,1,0,FALSE,0.19736842105263158,0.25164473684210525,0.23190789473684212
background_null_pool,ALDH1L1,covariate_adjusted_no_CERAD,protein_z ~ braak_z + age_z + sex + pmi_z,-0.16922608054849017,-0.16922608054849017,0.16922608054849017,0.12006899789040443,117,-0.17553555313179756,0.5,/Users/ashlynsloane/Buck Institute 25-26/ROSMAP Analysis March 26/hsp60_rosmap_publication_ready_repo/outputs/supplemental_figures/audits/COGNITION_LOOKUP_SELECTED_FOR_SUPPLEMENTAL_NULL.csv,cognition_composite_score,NA,0.17553555313179756,5,0,FALSE,0.011513157894736841,0.013157894736842105,0.23190789473684212
background_null_pool,ALDH1L2,covariate_adjusted_no_CERAD,protein_z ~ braak_z + age_z + sex + pmi_z,-6.932843492294198e-4,-6.932843492294198e-4,6.932843492294198e-4,0.9961382435402302,68,-0.07678386878429735,0,/Users/ashlynsloane/Buck Institute 25-26/ROSMAP Analysis March 26/hsp60_rosmap_publication_ready_repo/outputs/supplemental_figures/audits/COGNITION_LOOKUP_SELECTED_FOR_SUPPLEMENTAL_NULL.csv,cognition_composite_score,NA,0.07678386878429735,4,0,FALSE,0.05756578947368421,0.023026315789473683,0
background_null_pool,ALDH3A2,covariate_adjusted_no_CERAD,protein_z ~ braak_z + age_z + sex + pmi_z,-0.13634931584823765,-0.13634931584823765,0.13634931584823765,0.22731995147734463,117,-0.10643779978829684,0,/Users/ashlynsloane/Buck Institute 25-26/ROSMAP Analysis March 26/hsp60_rosmap_publication_ready_repo/outputs/supplemental_figures/audits/COGNITION_LOOKUP_SELECTED_FOR_SUPPLEMENTAL_NULL.csv,cognition_composite_score,NA,0.10643779978829684,5,0,FALSE,0.03125,0.029605263157894735,0
background_null_pool,ALDH4A1,covariate_adjusted_no_CERAD,protein_z ~ braak_z + age_z + sex + pmi_z,0.030798061587920825,0.030798061587920825,-0.030798061587920825,0.7800262561201431,117,-0.01445249754805171,9.5,/Users/ashlynsloane/Buck Institute 25-26/ROSMAP Analysis March 26/hsp60_rosmap_publication_ready_repo/outputs/supplemental_figures/audits/COGNITION_LOOKUP_SELECTED_FOR_SUPPLEMENTAL_NULL.csv,cognition_composite_score,NA,0.01445249754805171,1,0,FALSE,0.16282894736842105,0.18421052631578946,0.875
background_null_pool,ALDH6A1,covariate_adjusted_no_CERAD,protein_z ~ braak_z + age_z + sex + pmi_z,0.15962367096837843,0.15962367096837843,-0.15962367096837843,0.14186201719000344,117,-0.00402925930346253,0.5,/Users/ashlynsloane/Buck Institute 25-26/ROSMAP Analysis March 26/hsp60_rosmap_publication_ready_repo/outputs/supplemental_figures/audits/COGNITION_LOOKUP_SELECTED_FOR_SUPPLEMENTAL_NULL.csv,cognition_composite_score,NA,0.00402925930346253,1,0,FALSE,0.1875,0.26480263157894735,0.23190789473684212
background_null_pool,ALKBH7,covariate_adjusted_no_CERAD,protein_z ~ braak_z + age_z + sex + pmi_z,-0.004185611745161109,-0.004185611745161109,0.004185611745161109,0.9777367545012406,75,0.09779270773461315,0.5,/Users/ashlynsloane/Buck Institute 25-26/ROSMAP Analysis March 26/hsp60_rosmap_publication_ready_repo/outputs/supplemental_figures/audits/COGNITION_LOOKUP_SELECTED_FOR_SUPPLEMENTAL_NULL.csv,cognition_composite_score,NA,0.09779270773461315,4,0,FALSE,0.6365131578947368,0.6611842105263158,0.23190789473684212
background_null_pool,AMACR,covariate_adjusted_no_CERAD,protein_z ~ braak_z + age_z + sex + pmi_z,0.1411690981823729,0.1411690981823729,-0.1411690981823729,0.21297351622003455,113,0.06360545183802972,0.5,/Users/ashlynsloane/Buck Institute 25-26/ROSMAP Analysis March 26/hsp60_rosmap_publication_ready_repo/outputs/supplemental_figures/audits/COGNITION_LOOKUP_SELECTED_FOR_SUPPLEMENTAL_NULL.csv,cognition_composite_score,NA,0.06360545183802972,4,0,FALSE,0.4473684210526316,0.5394736842105263,0.23190789473684212
background_null_pool,AMT,covariate_adjusted_no_CERAD,protein_z ~ braak_z + age_z + sex + pmi_z,0.04034138406870331,0.04034138406870331,-0.04034138406870331,0.6621154764961286,117,-0.05293109485863951,0,/Users/ashlynsloane/Buck Institute 25-26/ROSMAP Analysis March 26/hsp60_rosmap_publication_ready_repo/outputs/supplemental_figures/audits/COGNITION_LOOKUP_SELECTED_FOR_SUPPLEMENTAL_NULL.csv,cognition_composite_score,NA,0.05293109485863951,3,0,FALSE,0.09210526315789473,0.09210526315789473,0
background_null_pool,ANGEL2,covariate_adjusted_no_CERAD,protein_z ~ braak_z + age_z + sex + pmi_z,-0.14362884705814494,-0.14362884705814494,0.14362884705814494,0.14553856590781655,117,0.00437655722500627,0,/Users/ashlynsloane/Buck Institute 25-26/ROSMAP Analysis March 26/hsp60_rosmap_publication_ready_repo/outputs/supplemental_figures/audits/COGNITION_LOOKUP_SELECTED_FOR_SUPPLEMENTAL_NULL.csv,cognition_composite_score,NA,0.00437655722500627,1,0,FALSE,0.21052631578947367,0.19901315789473684,0
background_null_pool,APEX1,covariate_adjusted_no_CERAD,protein_z ~ braak_z + age_z + sex + pmi_z,0.09210794690863636,0.09210794690863636,-0.09210794690863636,0.24086607032177432,117,-0.10072132002221952,0,/Users/ashlynsloane/Buck Institute 25-26/ROSMAP Analysis March 26/hsp60_rosmap_publication_ready_repo/outputs/supplemental_figures/audits/COGNITION_LOOKUP_SELECTED_FOR_SUPPLEMENTAL_NULL.csv,cognition_composite_score,NA,0.10072132002221952,5,0,FALSE,0.03453947368421053,0.05098684210526316,0
background_null_pool,APOO,covariate_adjusted_no_CERAD,protein_z ~ braak_z + age_z + sex + pmi_z,-0.18674253272381086,-0.18674253272381086,0.18674253272381086,0.10391611332811884,117,0.1683172471230219,6.5,/Users/ashlynsloane/Buck Institute 25-26/ROSMAP Analysis March 26/hsp60_rosmap_publication_ready_repo/outputs/supplemental_figures/audits/COGNITION_LOOKUP_SELECTED_FOR_SUPPLEMENTAL_NULL.csv,cognition_composite_score,NA,0.1683172471230219,5,0,FALSE,0.875,0.8569078947368421,0.819078947368421
background_null_pool,APOOL,covariate_adjusted_no_CERAD,protein_z ~ braak_z + age_z + sex + pmi_z,0.057169207430838614,0.057169207430838614,-0.057169207430838614,0.6066844788692258,117,0.1259863432826622,6.5,/Users/ashlynsloane/Buck Institute 25-26/ROSMAP Analysis March 26/hsp60_rosmap_publication_ready_repo/outputs/supplemental_figures/audits/COGNITION_LOOKUP_SELECTED_FOR_SUPPLEMENTAL_NULL.csv,cognition_composite_score,NA,0.1259863432826622,5,0,FALSE,0.7532894736842105,0.7828947368421053,0.819078947368421
background_null_pool,ARF5,covariate_adjusted_no_CERAD,protein_z ~ braak_z + age_z + sex + pmi_z,0.18142277898602105,0.18142277898602105,-0.18142277898602105,0.09176203039133028,117,0.06782732440468625,0.5,/Users/ashlynsloane/Buck Institute 25-26/ROSMAP Analysis March 26/hsp60_rosmap_publication_ready_repo/outputs/supplemental_figures/audits/COGNITION_LOOKUP_SELECTED_FOR_SUPPLEMENTAL_NULL.csv,cognition_composite_score,NA,0.06782732440468625,4,0,FALSE,0.46710526315789475,0.6792763157894737,0.23190789473684212
background_null_pool,ARG2,covariate_adjusted_no_CERAD,protein_z ~ braak_z + age_z + sex + pmi_z,-0.22306512674335507,-0.22306512674335507,0.22306512674335507,0.028889244618030472,117,-0.06044024019283085,0,/Users/ashlynsloane/Buck Institute 25-26/ROSMAP Analysis March 26/hsp60_rosmap_publication_ready_repo/outputs/supplemental_figures/audits/COGNITION_LOOKUP_SELECTED_FOR_SUPPLEMENTAL_NULL.csv,cognition_composite_score,NA,0.06044024019283085,3,0,FALSE,0.0805921052631579,0.08223684210526316,0
background_null_pool,ARMC10,covariate_adjusted_no_CERAD,protein_z ~ braak_z + age_z + sex + pmi_z,0.0683395976473635,0.0683395976473635,-0.0683395976473635,0.5433240427851271,117,-0.0149216307020561,2.5,/Users/ashlynsloane/Buck Institute 25-26/ROSMAP Analysis March 26/hsp60_rosmap_publication_ready_repo/outputs/supplemental_figures/audits/COGNITION_LOOKUP_SELECTED_FOR_SUPPLEMENTAL_NULL.csv,cognition_composite_score,NA,0.0149216307020561,1,0,FALSE,0.1611842105263158,0.2598684210526316,0.6842105263157895
background_null_pool,ARMCX1,covariate_adjusted_no_CERAD,protein_z ~ braak_z + age_z + sex + pmi_z,0.068597731039961,0.068597731039961,-0.068597731039961,0.5747069121457801,115,-0.00872226916813769,1.5,/Users/ashlynsloane/Buck Institute 25-26/ROSMAP Analysis March 26/hsp60_rosmap_publication_ready_repo/outputs/supplemental_figures/audits/COGNITION_LOOKUP_SELECTED_FOR_SUPPLEMENTAL_NULL.csv,cognition_composite_score,NA,0.00872226916813769,1,0,FALSE,0.17434210526315788,0.16447368421052633,0.5986842105263158
background_null_pool,ARMCX2,covariate_adjusted_no_CERAD,protein_z ~ braak_z + age_z + sex + pmi_z,0.10259113499601283,0.10259113499601283,-0.10259113499601283,0.38643304561431857,117,0.08881095914207184,0.5,/Users/ashlynsloane/Buck Institute 25-26/ROSMAP Analysis March 26/hsp60_rosmap_publication_ready_repo/outputs/supplemental_figures/audits/COGNITION_LOOKUP_SELECTED_FOR_SUPPLEMENTAL_NULL.csv,cognition_composite_score,NA,0.08881095914207184,4,0,FALSE,0.5838815789473685,0.44243421052631576,0.23190789473684212
background_null_pool,ARMCX3,covariate_adjusted_no_CERAD,protein_z ~ braak_z + age_z + sex + pmi_z,0.04699900715926507,0.04699900715926507,-0.04699900715926507,0.6983170480003571,117,0.06700840718370961,8.5,/Users/ashlynsloane/Buck Institute 25-26/ROSMAP Analysis March 26/hsp60_rosmap_publication_ready_repo/outputs/supplemental_figures/audits/COGNITION_LOOKUP_SELECTED_FOR_SUPPLEMENTAL_NULL.csv,cognition_composite_score,NA,0.06700840718370961,4,0,FALSE,0.4621710526315789,0.524671052631579,0.8552631578947368
background_null_pool,ATAD1,covariate_adjusted_no_CERAD,protein_z ~ braak_z + age_z + sex + pmi_z,0.16400646837097457,0.16400646837097457,-0.16400646837097457,0.11236707205139755,117,0.14084001931913429,12.5,/Users/ashlynsloane/Buck Institute 25-26/ROSMAP Analysis March 26/hsp60_rosmap_publication_ready_repo/outputs/supplemental_figures/audits/COGNITION_LOOKUP_SELECTED_FOR_SUPPLEMENTAL_NULL.csv,cognition_composite_score,NA,0.14084001931913429,5,0,FALSE,0.805921052631579,0.8092105263157895,0.9342105263157895
background_null_pool,ATP5F1A,covariate_adjusted_no_CERAD,protein_z ~ braak_z + age_z + sex + pmi_z,0.11129283417988066,0.11129283417988066,-0.11129283417988066,0.33107536643380886,117,0.15921156545552118,3.5,/Users/ashlynsloane/Buck Institute 25-26/ROSMAP Analysis March 26/hsp60_rosmap_publication_ready_repo/outputs/supplemental_figures/audits/COGNITION_LOOKUP_SELECTED_FOR_SUPPLEMENTAL_NULL.csv,cognition_composite_score,NA,0.15921156545552118,5,0,FALSE,0.8552631578947368,0.8865131578947368,0.7532894736842105
background_null_pool,ATP5F1B,covariate_adjusted_no_CERAD,protein_z ~ braak_z + age_z + sex + pmi_z,0.13084551843471642,0.13084551843471642,-0.13084551843471642,0.25783837699976137,117,0.15528245005584126,0.5,/Users/ashlynsloane/Buck Institute 25-26/ROSMAP Analysis March 26/hsp60_rosmap_publication_ready_repo/outputs/supplemental_figures/audits/COGNITION_LOOKUP_SELECTED_FOR_SUPPLEMENTAL_NULL.csv,cognition_composite_score,NA,0.15528245005584126,5,0,FALSE,0.8453947368421053,0.8832236842105263,0.23190789473684212
background_null_pool,ATP5F1C,covariate_adjusted_no_CERAD,protein_z ~ braak_z + age_z + sex + pmi_z,0.06496041928504481,0.06496041928504481,-0.06496041928504481,0.5228132304522397,117,0.14525697132334753,0.5,/Users/ashlynsloane/Buck Institute 25-26/ROSMAP Analysis March 26/hsp60_rosmap_publication_ready_repo/outputs/supplemental_figures/audits/COGNITION_LOOKUP_SELECTED_FOR_SUPPLEMENTAL_NULL.csv,cognition_composite_score,NA,0.14525697132334753,5,0,FALSE,0.8223684210526315,0.84375,0.23190789473684212
background_null_pool,ATPAF1,covariate_adjusted_no_CERAD,protein_z ~ braak_z + age_z + sex + pmi_z,0.039126467698019834,0.039126467698019834,-0.039126467698019834,0.7287990792597792,117,0.12516840720901765,3.5,/Users/ashlynsloane/Buck Institute 25-26/ROSMAP Analysis March 26/hsp60_rosmap_publication_ready_repo/outputs/supplemental_figures/audits/COGNITION_LOOKUP_SELECTED_FOR_SUPPLEMENTAL_NULL.csv,cognition_composite_score,NA,0.12516840720901765,5,0,FALSE,0.7467105263157895,0.7648026315789473,0.7532894736842105
background_null_pool,ATPAF2,covariate_adjusted_no_CERAD,protein_z ~ braak_z + age_z + sex + pmi_z,-0.09945567546551168,-0.09945567546551168,0.09945567546551168,0.3442187937041581,117,0.01500454585061382,0.5,/Users/ashlynsloane/Buck Institute 25-26/ROSMAP Analysis March 26/hsp60_rosmap_publication_ready_repo/outputs/supplemental_figures/audits/COGNITION_LOOKUP_SELECTED_FOR_SUPPLEMENTAL_NULL.csv,cognition_composite_score,NA,0.01500454585061382,1,0,FALSE,0.24835526315789475,0.24177631578947367,0.23190789473684212
background_null_pool,AUH,covariate_adjusted_no_CERAD,protein_z ~ braak_z + age_z + sex + pmi_z,0.039783205492993315,0.039783205492993315,-0.039783205492993315,0.7272272793127277,117,0.16212518191422767,6.5,/Users/ashlynsloane/Buck Institute 25-26/ROSMAP Analysis March 26/hsp60_rosmap_publication_ready_repo/outputs/supplemental_figures/audits/COGNITION_LOOKUP_SELECTED_FOR_SUPPLEMENTAL_NULL.csv,cognition_composite_score,NA,0.16212518191422767,5,0,FALSE,0.8634868421052632,0.8980263157894737,0.819078947368421
background_null_pool,AURKAIP1,covariate_adjusted_no_CERAD,protein_z ~ braak_z + age_z + sex + pmi_z,0.007934495289044987,0.007934495289044987,-0.007934495289044987,0.9461054601875667,84,0.122149476456792,0.5,/Users/ashlynsloane/Buck Institute 25-26/ROSMAP Analysis March 26/hsp60_rosmap_publication_ready_repo/outputs/supplemental_figures/audits/COGNITION_LOOKUP_SELECTED_FOR_SUPPLEMENTAL_NULL.csv,cognition_composite_score,NA,0.122149476456792,5,0,FALSE,0.7351973684210527,0.5756578947368421,0.23190789473684212
background_null_pool,BAD,covariate_adjusted_no_CERAD,protein_z ~ braak_z + age_z + sex + pmi_z,0.21623472548567466,0.21623472548567466,-0.21623472548567466,0.08242251007708924,115,0.03592954300302063,0,/Users/ashlynsloane/Buck Institute 25-26/ROSMAP Analysis March 26/hsp60_rosmap_publication_ready_repo/outputs/supplemental_figures/audits/COGNITION_LOOKUP_SELECTED_FOR_SUPPLEMENTAL_NULL.csv,cognition_composite_score,NA,0.03592954300302063,3,0,FALSE,0.3371710526315789,0.26644736842105265,0
background_null_pool,BAX,covariate_adjusted_no_CERAD,protein_z ~ braak_z + age_z + sex + pmi_z,0.052761495540627305,0.052761495540627305,-0.052761495540627305,0.6355799422645063,117,0.0018717753628106,0,/Users/ashlynsloane/Buck Institute 25-26/ROSMAP Analysis March 26/hsp60_rosmap_publication_ready_repo/outputs/supplemental_figures/audits/COGNITION_LOOKUP_SELECTED_FOR_SUPPLEMENTAL_NULL.csv,cognition_composite_score,NA,0.0018717753628106,1,0,FALSE,0.20230263157894737,0.21217105263157895,0
background_null_pool,BCL2L1,covariate_adjusted_no_CERAD,protein_z ~ braak_z + age_z + sex + pmi_z,0.08561477179217766,0.08561477179217766,-0.08561477179217766,0.47694754172523135,109,0.00325980367584324,0,/Users/ashlynsloane/Buck Institute 25-26/ROSMAP Analysis March 26/hsp60_rosmap_publication_ready_repo/outputs/supplemental_figures/audits/COGNITION_LOOKUP_SELECTED_FOR_SUPPLEMENTAL_NULL.csv,cognition_composite_score,NA,0.00325980367584324,1,0,FALSE,0.20723684210526316,0.28125,0
background_null_pool,BCL2L13,covariate_adjusted_no_CERAD,protein_z ~ braak_z + age_z + sex + pmi_z,-0.010349243601361153,-0.010349243601361153,0.010349243601361153,0.9220792109956802,117,0.08190291406012325,1.5,/Users/ashlynsloane/Buck Institute 25-26/ROSMAP Analysis March 26/hsp60_rosmap_publication_ready_repo/outputs/supplemental_figures/audits/COGNITION_LOOKUP_SELECTED_FOR_SUPPLEMENTAL_NULL.csv,cognition_composite_score,NA,0.08190291406012325,4,0,FALSE,0.5542763157894737,0.7319078947368421,0.5986842105263158
background_null_pool,BCL2L2,covariate_adjusted_no_CERAD,protein_z ~ braak_z + age_z + sex + pmi_z,0.10003164598285019,0.10003164598285019,-0.10003164598285019,0.3213081575421595,117,0.11199273319157284,9.5,/Users/ashlynsloane/Buck Institute 25-26/ROSMAP Analysis March 26/hsp60_rosmap_publication_ready_repo/outputs/supplemental_figures/audits/COGNITION_LOOKUP_SELECTED_FOR_SUPPLEMENTAL_NULL.csv,cognition_composite_score,NA,0.11199273319157284,5,0,FALSE,0.6875,0.7697368421052632,0.875
background_null_pool,BDH1,covariate_adjusted_no_CERAD,protein_z ~ braak_z + age_z + sex + pmi_z,0.034475259088748274,0.034475259088748274,-0.034475259088748274,0.6935150354997797,117,0.18000795710718723,12.5,/Users/ashlynsloane/Buck Institute 25-26/ROSMAP Analysis March 26/hsp60_rosmap_publication_ready_repo/outputs/supplemental_figures/audits/COGNITION_LOOKUP_SELECTED_FOR_SUPPLEMENTAL_NULL.csv,cognition_composite_score,NA,0.18000795710718723,5,0,FALSE,0.912828947368421,0.9046052631578947,0.9342105263157895
background_null_pool,BID,covariate_adjusted_no_CERAD,protein_z ~ braak_z + age_z + sex + pmi_z,0.15364722279651435,0.15364722279651435,-0.15364722279651435,0.1819343947593097,116,0.05724176046519187,0,/Users/ashlynsloane/Buck Institute 25-26/ROSMAP Analysis March 26/hsp60_rosmap_publication_ready_repo/outputs/supplemental_figures/audits/COGNITION_LOOKUP_SELECTED_FOR_SUPPLEMENTAL_NULL.csv,cognition_composite_score,NA,0.05724176046519187,3,0,FALSE,0.42105263157894735,0.35526315789473684,0
background_null_pool,BLOC1S1,covariate_adjusted_no_CERAD,protein_z ~ braak_z + age_z + sex + pmi_z,-0.03824021371169758,-0.03824021371169758,0.03824021371169758,0.7351940122421079,117,-0.05785243186585707,0,/Users/ashlynsloane/Buck Institute 25-26/ROSMAP Analysis March 26/hsp60_rosmap_publication_ready_repo/outputs/supplemental_figures/audits/COGNITION_LOOKUP_SELECTED_FOR_SUPPLEMENTAL_NULL.csv,cognition_composite_score,NA,0.05785243186585707,3,0,FALSE,0.08552631578947369,0.10361842105263158,0
background_null_pool,BNIP3,covariate_adjusted_no_CERAD,protein_z ~ braak_z + age_z + sex + pmi_z,0.1091840708184436,0.1091840708184436,-0.1091840708184436,0.3128847158586133,117,0.14974992179038743,3.5,/Users/ashlynsloane/Buck Institute 25-26/ROSMAP Analysis March 26/hsp60_rosmap_publication_ready_repo/outputs/supplemental_figures/audits/COGNITION_LOOKUP_SELECTED_FOR_SUPPLEMENTAL_NULL.csv,cognition_composite_score,NA,0.14974992179038743,5,0,FALSE,0.8355263157894737,0.8585526315789473,0.7532894736842105
background_null_pool,BNIP3L,covariate_adjusted_no_CERAD,protein_z ~ braak_z + age_z + sex + pmi_z,0.14703382575990281,0.14703382575990281,-0.14703382575990281,0.17712165718416797,99,0.09538004251741196,6.5,/Users/ashlynsloane/Buck Institute 25-26/ROSMAP Analysis March 26/hsp60_rosmap_publication_ready_repo/outputs/supplemental_figures/audits/COGNITION_LOOKUP_SELECTED_FOR_SUPPLEMENTAL_NULL.csv,cognition_composite_score,NA,0.09538004251741196,4,0,FALSE,0.6151315789473685,0.7220394736842105,0.819078947368421
background_null_pool,BOLA1,covariate_adjusted_no_CERAD,protein_z ~ braak_z + age_z + sex + pmi_z,0.007534196560227222,0.007534196560227222,-0.007534196560227222,0.9479771317485828,117,0.07452824991535908,5.5,/Users/ashlynsloane/Buck Institute 25-26/ROSMAP Analysis March 26/hsp60_rosmap_publication_ready_repo/outputs/supplemental_figures/audits/COGNITION_LOOKUP_SELECTED_FOR_SUPPLEMENTAL_NULL.csv,cognition_composite_score,NA,0.07452824991535908,4,0,FALSE,0.5032894736842105,0.5098684210526315,0.7845394736842105
background_null_pool,BOLA3,covariate_adjusted_no_CERAD,protein_z ~ braak_z + age_z + sex + pmi_z,-0.1837378003305468,-0.1837378003305468,0.1837378003305468,0.11308321273690644,117,0.180488655334106,9.5,/Users/ashlynsloane/Buck Institute 25-26/ROSMAP Analysis March 26/hsp60_rosmap_publication_ready_repo/outputs/supplemental_figures/audits/COGNITION_LOOKUP_SELECTED_FOR_SUPPLEMENTAL_NULL.csv,cognition_composite_score,NA,0.180488655334106,5,0,FALSE,0.9161184210526315,0.850328947368421,0.875
background_null_pool,BPHL,covariate_adjusted_no_CERAD,protein_z ~ braak_z + age_z + sex + pmi_z,0.06707414571506601,0.06707414571506601,-0.06707414571506601,0.5140066992552165,117,0.07596397610407658,0.5,/Users/ashlynsloane/Buck Institute 25-26/ROSMAP Analysis March 26/hsp60_rosmap_publication_ready_repo/outputs/supplemental_figures/audits/COGNITION_LOOKUP_SELECTED_FOR_SUPPLEMENTAL_NULL.csv,cognition_composite_score,NA,0.07596397610407658,4,0,FALSE,0.5098684210526315,0.12664473684210525,0.23190789473684212
background_null_pool,C15ORF61,covariate_adjusted_no_CERAD,protein_z ~ braak_z + age_z + sex + pmi_z,0.18172454538454938,0.18172454538454938,-0.18172454538454938,0.2526383486850327,70,0.05908021389479928,2.5,/Users/ashlynsloane/Buck Institute 25-26/ROSMAP Analysis March 26/hsp60_rosmap_publication_ready_repo/outputs/supplemental_figures/audits/COGNITION_LOOKUP_SELECTED_FOR_SUPPLEMENTAL_NULL.csv,cognition_composite_score,NA,0.05908021389479928,3,0,FALSE,0.4309210526315789,0.5213815789473685,0.6842105263157895
background_null_pool,C2ORF69,covariate_adjusted_no_CERAD,protein_z ~ braak_z + age_z + sex + pmi_z,0.09766871410962812,0.09766871410962812,-0.09766871410962812,0.3302909373691194,117,0.02679153176385534,0.5,/Users/ashlynsloane/Buck Institute 25-26/ROSMAP Analysis March 26/hsp60_rosmap_publication_ready_repo/outputs/supplemental_figures/audits/COGNITION_LOOKUP_SELECTED_FOR_SUPPLEMENTAL_NULL.csv,cognition_composite_score,NA,0.02679153176385534,2,0,FALSE,0.29605263157894735,0.375,0.23190789473684212
background_null_pool,C3ORF33,covariate_adjusted_no_CERAD,protein_z ~ braak_z + age_z + sex + pmi_z,-0.040055159571011065,-0.040055159571011065,0.040055159571011065,0.7006803359781058,117,0.0801522620892095,1.5,/Users/ashlynsloane/Buck Institute 25-26/ROSMAP Analysis March 26/hsp60_rosmap_publication_ready_repo/outputs/supplemental_figures/audits/COGNITION_LOOKUP_SELECTED_FOR_SUPPLEMENTAL_NULL.csv,cognition_composite_score,NA,0.0801522620892095,4,0,FALSE,0.5361842105263158,0.5082236842105263,0.5986842105263158
background_null_pool,C6ORF136,covariate_adjusted_no_CERAD,protein_z ~ braak_z + age_z + sex + pmi_z,0.023197477177038656,0.023197477177038656,-0.023197477177038656,0.791643360213633,117,0.134605642713669,6.5,/Users/ashlynsloane/Buck Institute 25-26/ROSMAP Analysis March 26/hsp60_rosmap_publication_ready_repo/outputs/supplemental_figures/audits/COGNITION_LOOKUP_SELECTED_FOR_SUPPLEMENTAL_NULL.csv,cognition_composite_score,NA,0.134605642713669,5,0,FALSE,0.7911184210526315,0.8305921052631579,0.819078947368421
background_null_pool,C8ORF82,covariate_adjusted_no_CERAD,protein_z ~ braak_z + age_z + sex + pmi_z,-0.07669180699288301,-0.07669180699288301,0.07669180699288301,0.4656570044264574,117,0.0093915652551714909,0.5,/Users/ashlynsloane/Buck Institute 25-26/ROSMAP Analysis March 26/hsp60_rosmap_publication_ready_repo/outputs/supplemental_figures/audits/COGNITION_LOOKUP_SELECTED_FOR_SUPPLEMENTAL_NULL.csv,cognition_composite_score,NA,0.0093915652551714909,1,0,FALSE,0.23026315789473684,0.23026315789473684,0.23190789473684212
background_null_pool,CA5B,covariate_adjusted_no_CERAD,protein_z ~ braak_z + age_z + sex + pmi_z,0.03863966411250176,0.03863966411250176,-0.03863966411250176,0.7441996336745875,107,0.01930470719114083,0,/Users/ashlynsloane/Buck Institute 25-26/ROSMAP Analysis March 26/hsp60_rosmap_publication_ready_repo/outputs/supplemental_figures/audits/COGNITION_LOOKUP_SELECTED_FOR_SUPPLEMENTAL_NULL.csv,cognition_composite_score,NA,0.01930470719114083,2,0,FALSE,0.2680921052631579,0.4161184210526316,0
background_null_pool,CASP3,covariate_adjusted_no_CERAD,protein_z ~ braak_z + age_z + sex + pmi_z,0.11367134215763616,0.11367134215763616,-0.11367134215763616,0.2273347786460198,113,-0.05839335475886436,0.5,/Users/ashlynsloane/Buck Institute 25-26/ROSMAP Analysis March 26/hsp60_rosmap_publication_ready_repo/outputs/supplemental_figures/audits/COGNITION_LOOKUP_SELECTED_FOR_SUPPLEMENTAL_NULL.csv,cognition_composite_score,NA,0.05839335475886436,3,0,FALSE,0.08388157894736842,0.08717105263157894,0.23190789473684212
background_null_pool,CASP9,covariate_adjusted_no_CERAD,protein_z ~ braak_z + age_z + sex + pmi_z,0.21321989205080025,0.21321989205080025,-0.21321989205080025,0.13450961560246794,76,-0.00549519777478612,0.5,/Users/ashlynsloane/Buck Institute 25-26/ROSMAP Analysis March 26/hsp60_rosmap_publication_ready_repo/outputs/supplemental_figures/audits/COGNITION_LOOKUP_SELECTED_FOR_SUPPLEMENTAL_NULL.csv,cognition_composite_score,NA,0.00549519777478612,1,0,FALSE,0.1825657894736842,0.13815789473684212,0.23190789473684212
background_null_pool,CAT,covariate_adjusted_no_CERAD,protein_z ~ braak_z + age_z + sex + pmi_z,0.0893365608241289,0.0893365608241289,-0.0893365608241289,0.4340135218566932,117,-0.11585283859911238,0,/Users/ashlynsloane/Buck Institute 25-26/ROSMAP Analysis March 26/hsp60_rosmap_publication_ready_repo/outputs/supplemental_figures/audits/COGNITION_LOOKUP_SELECTED_FOR_SUPPLEMENTAL_NULL.csv,cognition_composite_score,NA,0.11585283859911238,5,0,FALSE,0.023026315789473683,0.01644736842105263,0
background_null_pool,CBR3,covariate_adjusted_no_CERAD,protein_z ~ braak_z + age_z + sex + pmi_z,0.05445008309642317,0.05445008309642317,-0.05445008309642317,0.5731124262535525,117,-0.07940430961817248,0,/Users/ashlynsloane/Buck Institute 25-26/ROSMAP Analysis March 26/hsp60_rosmap_publication_ready_repo/outputs/supplemental_figures/audits/COGNITION_LOOKUP_SELECTED_FOR_SUPPLEMENTAL_NULL.csv,cognition_composite_score,NA,0.07940430961817248,4,0,FALSE,0.054276315789473686,0.06743421052631579,0
background_null_pool,CCDC127,covariate_adjusted_no_CERAD,protein_z ~ braak_z + age_z + sex + pmi_z,0.14212171941937346,0.14212171941937346,-0.14212171941937346,0.22201315481472328,117,0.08145054077071502,1.5,/Users/ashlynsloane/Buck Institute 25-26/ROSMAP Analysis March 26/hsp60_rosmap_publication_ready_repo/outputs/supplemental_figures/audits/COGNITION_LOOKUP_SELECTED_FOR_SUPPLEMENTAL_NULL.csv,cognition_composite_score,NA,0.08145054077071502,4,0,FALSE,0.5509868421052632,0.5032894736842105,0.5986842105263158
background_null_pool,CCDC51,covariate_adjusted_no_CERAD,protein_z ~ braak_z + age_z + sex + pmi_z,-0.09863388858632802,-0.09863388858632802,0.09863388858632802,0.2897125418947118,117,0.06025173027485291,0,/Users/ashlynsloane/Buck Institute 25-26/ROSMAP Analysis March 26/hsp60_rosmap_publication_ready_repo/outputs/supplemental_figures/audits/COGNITION_LOOKUP_SELECTED_FOR_SUPPLEMENTAL_NULL.csv,cognition_composite_score,NA,0.06025173027485291,3,0,FALSE,0.43585526315789475,0.44901315789473684,0
background_null_pool,CCDC58,covariate_adjusted_no_CERAD,protein_z ~ braak_z + age_z + sex + pmi_z,0.08272164452065409,0.08272164452065409,-0.08272164452065409,0.4536943690753097,117,0.09165470160216208,0.5,/Users/ashlynsloane/Buck Institute 25-26/ROSMAP Analysis March 26/hsp60_rosmap_publication_ready_repo/outputs/supplemental_figures/audits/COGNITION_LOOKUP_SELECTED_FOR_SUPPLEMENTAL_NULL.csv,cognition_composite_score,NA,0.09165470160216208,4,0,FALSE,0.5986842105263158,0.6348684210526315,0.23190789473684212
background_null_pool,CHCHD10,covariate_adjusted_no_CERAD,protein_z ~ braak_z + age_z + sex + pmi_z,0.1608433319936895,0.1608433319936895,-0.1608433319936895,0.20115172323167768,90,0.26131798916944027,0,/Users/ashlynsloane/Buck Institute 25-26/ROSMAP Analysis March 26/hsp60_rosmap_publication_ready_repo/outputs/supplemental_figures/audits/COGNITION_LOOKUP_SELECTED_FOR_SUPPLEMENTAL_NULL.csv,cognition_composite_score,NA,0.26131798916944027,5,0,FALSE,0.9967105263157895,0.9967105263157895,0
background_null_pool,CHCHD2,covariate_adjusted_no_CERAD,protein_z ~ braak_z + age_z + sex + pmi_z,-0.008373362909138721,-0.008373362909138721,0.008373362909138721,0.9387342494041604,117,0.201382165713789,0.5,/Users/ashlynsloane/Buck Institute 25-26/ROSMAP Analysis March 26/hsp60_rosmap_publication_ready_repo/outputs/supplemental_figures/audits/COGNITION_LOOKUP_SELECTED_FOR_SUPPLEMENTAL_NULL.csv,cognition_composite_score,NA,0.201382165713789,5,0,FALSE,0.9424342105263158,0.9473684210526315,0.23190789473684212
background_null_pool,CHCHD3,covariate_adjusted_no_CERAD,protein_z ~ braak_z + age_z + sex + pmi_z,-0.03477331763571713,-0.03477331763571713,0.03477331763571713,0.7528784506525932,117,0.12958005352289265,5.5,/Users/ashlynsloane/Buck Institute 25-26/ROSMAP Analysis March 26/hsp60_rosmap_publication_ready_repo/outputs/supplemental_figures/audits/COGNITION_LOOKUP_SELECTED_FOR_SUPPLEMENTAL_NULL.csv,cognition_composite_score,NA,0.12958005352289265,5,0,FALSE,0.7730263157894737,0.7960526315789473,0.7845394736842105
background_null_pool,CHCHD4,covariate_adjusted_no_CERAD,protein_z ~ braak_z + age_z + sex + pmi_z,0.061272688388949115,0.061272688388949115,-0.061272688388949115,0.5895995466542474,117,0.11768967693122624,5.5,/Users/ashlynsloane/Buck Institute 25-26/ROSMAP Analysis March 26/hsp60_rosmap_publication_ready_repo/outputs/supplemental_figures/audits/COGNITION_LOOKUP_SELECTED_FOR_SUPPLEMENTAL_NULL.csv,cognition_composite_score,NA,0.11768967693122624,5,0,FALSE,0.7138157894736842,0.7615131578947368,0.7845394736842105
background_null_pool,CHCHD5,covariate_adjusted_no_CERAD,protein_z ~ braak_z + age_z + sex + pmi_z,-0.008708031460875723,-0.008708031460875723,0.008708031460875723,0.9455885393220835,98,0.03847317623620076,0,/Users/ashlynsloane/Buck Institute 25-26/ROSMAP Analysis March 26/hsp60_rosmap_publication_ready_repo/outputs/supplemental_figures/audits/COGNITION_LOOKUP_SELECTED_FOR_SUPPLEMENTAL_NULL.csv,cognition_composite_score,NA,0.03847317623620076,3,0,FALSE,0.34375,0.24013157894736842,0
background_null_pool,CHCHD6,covariate_adjusted_no_CERAD,protein_z ~ braak_z + age_z + sex + pmi_z,0.19234192205607747,0.19234192205607747,-0.19234192205607747,0.08594630007797276,117,0.17519979117705323,0.5,/Users/ashlynsloane/Buck Institute 25-26/ROSMAP Analysis March 26/hsp60_rosmap_publication_ready_repo/outputs/supplemental_figures/audits/COGNITION_LOOKUP_SELECTED_FOR_SUPPLEMENTAL_NULL.csv,cognition_composite_score,NA,0.17519979117705323,5,0,FALSE,0.899671052631579,0.9029605263157895,0.23190789473684212
background_null_pool,CHCHD7,covariate_adjusted_no_CERAD,protein_z ~ braak_z + age_z + sex + pmi_z,0.10622874221907803,0.10622874221907803,-0.10622874221907803,0.3322440883748534,117,0.07108890930707551,0,/Users/ashlynsloane/Buck Institute 25-26/ROSMAP Analysis March 26/hsp60_rosmap_publication_ready_repo/outputs/supplemental_figures/audits/COGNITION_LOOKUP_SELECTED_FOR_SUPPLEMENTAL_NULL.csv,cognition_composite_score,NA,0.07108890930707551,4,0,FALSE,0.4819078947368421,0.4605263157894737,0
background_null_pool,CHDH,covariate_adjusted_no_CERAD,protein_z ~ braak_z + age_z + sex + pmi_z,-0.21666190731568105,-0.21666190731568105,0.21666190731568105,0.049333094212517505,117,-0.13631542439284153,0.5,/Users/ashlynsloane/Buck Institute 25-26/ROSMAP Analysis March 26/hsp60_rosmap_publication_ready_repo/outputs/supplemental_figures/audits/COGNITION_LOOKUP_SELECTED_FOR_SUPPLEMENTAL_NULL.csv,cognition_composite_score,NA,0.13631542439284153,5,0,FALSE,0.014802631578947368,0.014802631578947368,0.23190789473684212
background_null_pool,CISD1,covariate_adjusted_no_CERAD,protein_z ~ braak_z + age_z + sex + pmi_z,0.13045497203256975,0.13045497203256975,-0.13045497203256975,0.21924087515387822,117,0.16185915899360576,0.5,/Users/ashlynsloane/Buck Institute 25-26/ROSMAP Analysis March 26/hsp60_rosmap_publication_ready_repo/outputs/supplemental_figures/audits/COGNITION_LOOKUP_SELECTED_FOR_SUPPLEMENTAL_NULL.csv,cognition_composite_score,NA,0.16185915899360576,5,0,FALSE,0.8618421052631579,0.9144736842105263,0.23190789473684212
background_null_pool,CISD3,covariate_adjusted_no_CERAD,protein_z ~ braak_z + age_z + sex + pmi_z,-0.1347800504398409,-0.1347800504398409,0.1347800504398409,0.20874617093019385,117,-0.11401289280053904,1.5,/Users/ashlynsloane/Buck Institute 25-26/ROSMAP Analysis March 26/hsp60_rosmap_publication_ready_repo/outputs/supplemental_figures/audits/COGNITION_LOOKUP_SELECTED_FOR_SUPPLEMENTAL_NULL.csv,cognition_composite_score,NA,0.11401289280053904,5,0,FALSE,0.02631578947368421,0.009868421052631578,0.5986842105263158
background_null_pool,CKMT1A,covariate_adjusted_no_CERAD,protein_z ~ braak_z + age_z + sex + pmi_z,-0.16410593984685468,-0.16410593984685468,0.16410593984685468,0.07685853847254222,117,0.09610670206561406,0,/Users/ashlynsloane/Buck Institute 25-26/ROSMAP Analysis March 26/hsp60_rosmap_publication_ready_repo/outputs/supplemental_figures/audits/COGNITION_LOOKUP_SELECTED_FOR_SUPPLEMENTAL_NULL.csv,cognition_composite_score,NA,0.09610670206561406,4,0,FALSE,0.6233552631578947,0.712171052631579,0
background_null_pool,CKMT2,covariate_adjusted_no_CERAD,protein_z ~ braak_z + age_z + sex + pmi_z,0.11153161250294368,0.11153161250294368,-0.11153161250294368,0.27051009411222576,112,0.06149155420347908,0,/Users/ashlynsloane/Buck Institute 25-26/ROSMAP Analysis March 26/hsp60_rosmap_publication_ready_repo/outputs/supplemental_figures/audits/COGNITION_LOOKUP_SELECTED_FOR_SUPPLEMENTAL_NULL.csv,cognition_composite_score,NA,0.06149155420347908,4,0,FALSE,0.44243421052631576,0.3930921052631579,0
background_null_pool,CLPB,covariate_adjusted_no_CERAD,protein_z ~ braak_z + age_z + sex + pmi_z,-0.18221291867371675,-0.18221291867371675,0.18221291867371675,0.0494669201898182,117,0.06544417125383517,6.5,/Users/ashlynsloane/Buck Institute 25-26/ROSMAP Analysis March 26/hsp60_rosmap_publication_ready_repo/outputs/supplemental_figures/audits/COGNITION_LOOKUP_SELECTED_FOR_SUPPLEMENTAL_NULL.csv,cognition_composite_score,NA,0.06544417125383517,4,0,FALSE,0.4555921052631579,0.34868421052631576,0.819078947368421
background_null_pool,CLYBL,covariate_adjusted_no_CERAD,protein_z ~ braak_z + age_z + sex + pmi_z,0.00799325566116122,0.00799325566116122,-0.00799325566116122,0.9362810515190925,117,0.0451157166356659,2.5,/Users/ashlynsloane/Buck Institute 25-26/ROSMAP Analysis March 26/hsp60_rosmap_publication_ready_repo/outputs/supplemental_figures/audits/COGNITION_LOOKUP_SELECTED_FOR_SUPPLEMENTAL_NULL.csv,cognition_composite_score,NA,0.0451157166356659,3,0,FALSE,0.37006578947368424,0.09868421052631579,0.6842105263157895
background_null_pool,CMC1,covariate_adjusted_no_CERAD,protein_z ~ braak_z + age_z + sex + pmi_z,0.04394527720495974,0.04394527720495974,-0.04394527720495974,0.672906030355024,117,0.06471508471635329,1.5,/Users/ashlynsloane/Buck Institute 25-26/ROSMAP Analysis March 26/hsp60_rosmap_publication_ready_repo/outputs/supplemental_figures/audits/COGNITION_LOOKUP_SELECTED_FOR_SUPPLEMENTAL_NULL.csv,cognition_composite_score,NA,0.06471508471635329,4,0,FALSE,0.45394736842105265,0.5,0.5986842105263158
background_null_pool,CMC2,covariate_adjusted_no_CERAD,protein_z ~ braak_z + age_z + sex + pmi_z,-0.06639364498180035,-0.06639364498180035,0.06639364498180035,0.531734506833156,117,0.22249910560228603,2.5,/Users/ashlynsloane/Buck Institute 25-26/ROSMAP Analysis March 26/hsp60_rosmap_publication_ready_repo/outputs/supplemental_figures/audits/COGNITION_LOOKUP_SELECTED_FOR_SUPPLEMENTAL_NULL.csv,cognition_composite_score,NA,0.22249910560228603,5,0,FALSE,0.9802631578947368,0.9407894736842105,0.6842105263157895
background_null_pool,CMC4,covariate_adjusted_no_CERAD,protein_z ~ braak_z + age_z + sex + pmi_z,-0.1675833098618587,-0.1675833098618587,0.1675833098618587,0.11119159730626034,117,0.02738422281344487,0,/Users/ashlynsloane/Buck Institute 25-26/ROSMAP Analysis March 26/hsp60_rosmap_publication_ready_repo/outputs/supplemental_figures/audits/COGNITION_LOOKUP_SELECTED_FOR_SUPPLEMENTAL_NULL.csv,cognition_composite_score,NA,0.02738422281344487,2,0,FALSE,0.30098684210526316,0.2878289473684211,0
background_null_pool,CMPK2,covariate_adjusted_no_CERAD,protein_z ~ braak_z + age_z + sex + pmi_z,-0.024342360952361964,-0.024342360952361964,0.024342360952361964,0.8213324789111469,117,-0.00106067264755212,0,/Users/ashlynsloane/Buck Institute 25-26/ROSMAP Analysis March 26/hsp60_rosmap_publication_ready_repo/outputs/supplemental_figures/audits/COGNITION_LOOKUP_SELECTED_FOR_SUPPLEMENTAL_NULL.csv,cognition_composite_score,NA,0.00106067264755212,1,0,FALSE,0.19407894736842105,0.19078947368421054,0
background_null_pool,COA1,covariate_adjusted_no_CERAD,protein_z ~ braak_z + age_z + sex + pmi_z,0.06912040412263526,0.06912040412263526,-0.06912040412263526,0.4960159113175694,117,0.16863029983915886,12.5,/Users/ashlynsloane/Buck Institute 25-26/ROSMAP Analysis March 26/hsp60_rosmap_publication_ready_repo/outputs/supplemental_figures/audits/COGNITION_LOOKUP_SELECTED_FOR_SUPPLEMENTAL_NULL.csv,cognition_composite_score,NA,0.16863029983915886,5,0,FALSE,0.8766447368421053,0.8782894736842105,0.9342105263157895
background_null_pool,COA3,covariate_adjusted_no_CERAD,protein_z ~ braak_z + age_z + sex + pmi_z,-0.06596204661502864,-0.06596204661502864,0.06596204661502864,0.534212727261797,117,0.07155900123217208,0.5,/Users/ashlynsloane/Buck Institute 25-26/ROSMAP Analysis March 26/hsp60_rosmap_publication_ready_repo/outputs/supplemental_figures/audits/COGNITION_LOOKUP_SELECTED_FOR_SUPPLEMENTAL_NULL.csv,cognition_composite_score,NA,0.07155900123217208,4,0,FALSE,0.48848684210526316,0.4786184210526316,0.23190789473684212
background_null_pool,COA4,covariate_adjusted_no_CERAD,protein_z ~ braak_z + age_z + sex + pmi_z,0.04085133822227484,0.04085133822227484,-0.04085133822227484,0.6755245245508603,116,0.11581207971257214,0,/Users/ashlynsloane/Buck Institute 25-26/ROSMAP Analysis March 26/hsp60_rosmap_publication_ready_repo/outputs/supplemental_figures/audits/COGNITION_LOOKUP_SELECTED_FOR_SUPPLEMENTAL_NULL.csv,cognition_composite_score,NA,0.11581207971257214,5,0,FALSE,0.7072368421052632,0.7006578947368421,0
background_null_pool,COA5,covariate_adjusted_no_CERAD,protein_z ~ braak_z + age_z + sex + pmi_z,-0.02736084222084759,-0.02736084222084759,0.02736084222084759,0.8032297177104898,117,0.02732232454639846,0.5,/Users/ashlynsloane/Buck Institute 25-26/ROSMAP Analysis March 26/hsp60_rosmap_publication_ready_repo/outputs/supplemental_figures/audits/COGNITION_LOOKUP_SELECTED_FOR_SUPPLEMENTAL_NULL.csv,cognition_composite_score,NA,0.02732232454639846,2,0,FALSE,0.2993421052631579,0.3618421052631579,0.23190789473684212
background_null_pool,COA6,covariate_adjusted_no_CERAD,protein_z ~ braak_z + age_z + sex + pmi_z,-0.009228128149380399,-0.009228128149380399,0.009228128149380399,0.9293401896177511,117,0.22616145268874063,2.5,/Users/ashlynsloane/Buck Institute 25-26/ROSMAP Analysis March 26/hsp60_rosmap_publication_ready_repo/outputs/supplemental_figures/audits/COGNITION_LOOKUP_SELECTED_FOR_SUPPLEMENTAL_NULL.csv,cognition_composite_score,NA,0.22616145268874063,5,0,FALSE,0.9835526315789473,0.9671052631578947,0.6842105263157895
background_null_pool,COA7,covariate_adjusted_no_CERAD,protein_z ~ braak_z + age_z + sex + pmi_z,0.1812618329437203,0.1812618329437203,-0.1812618329437203,0.08618906360113776,117,0.18776848460327192,1.5,/Users/ashlynsloane/Buck Institute 25-26/ROSMAP Analysis March 26/hsp60_rosmap_publication_ready_repo/outputs/supplemental_figures/audits/COGNITION_LOOKUP_SELECTED_FOR_SUPPLEMENTAL_NULL.csv,cognition_composite_score,NA,0.18776848460327192,5,0,FALSE,0.9259868421052632,0.9555921052631579,0.5986842105263158
background_null_pool,COASY,covariate_adjusted_no_CERAD,protein_z ~ braak_z + age_z + sex + pmi_z,-0.1985899685834964,-0.1985899685834964,0.1985899685834964,0.06754758268406813,117,-0.05171073180823399,0.5,/Users/ashlynsloane/Buck Institute 25-26/ROSMAP Analysis March 26/hsp60_rosmap_publication_ready_repo/outputs/supplemental_figures/audits/COGNITION_LOOKUP_SELECTED_FOR_SUPPLEMENTAL_NULL.csv,cognition_composite_score,NA,0.05171073180823399,3,0,FALSE,0.09539473684210527,0.14638157894736842,0.23190789473684212
background_null_pool,COMT,covariate_adjusted_no_CERAD,protein_z ~ braak_z + age_z + sex + pmi_z,0.03194467133694235,0.03194467133694235,-0.03194467133694235,0.7464753429016322,117,-0.11813649044057928,0,/Users/ashlynsloane/Buck Institute 25-26/ROSMAP Analysis March 26/hsp60_rosmap_publication_ready_repo/outputs/supplemental_figures/audits/COGNITION_LOOKUP_SELECTED_FOR_SUPPLEMENTAL_NULL.csv,cognition_composite_score,NA,0.11813649044057928,5,0,FALSE,0.019736842105263157,0.046052631578947366,0
background_null_pool,COMTD1,covariate_adjusted_no_CERAD,protein_z ~ braak_z + age_z + sex + pmi_z,-0.06957417987564106,-0.06957417987564106,0.06957417987564106,0.5382133086170054,117,-0.0638834767908172,0,/Users/ashlynsloane/Buck Institute 25-26/ROSMAP Analysis March 26/hsp60_rosmap_publication_ready_repo/outputs/supplemental_figures/audits/COGNITION_LOOKUP_SELECTED_FOR_SUPPLEMENTAL_NULL.csv,cognition_composite_score,NA,0.0638834767908172,4,0,FALSE,0.07072368421052631,0.18914473684210525,0
background_null_pool,COQ10A,covariate_adjusted_no_CERAD,protein_z ~ braak_z + age_z + sex + pmi_z,0.0398488526695936,0.0398488526695936,-0.0398488526695936,0.7302119634975675,114,0.03551124530284329,2.5,/Users/ashlynsloane/Buck Institute 25-26/ROSMAP Analysis March 26/hsp60_rosmap_publication_ready_repo/outputs/supplemental_figures/audits/COGNITION_LOOKUP_SELECTED_FOR_SUPPLEMENTAL_NULL.csv,cognition_composite_score,NA,0.03551124530284329,2,0,FALSE,0.3338815789473684,0.32730263157894735,0.6842105263157895
background_null_pool,COQ10B,covariate_adjusted_no_CERAD,protein_z ~ braak_z + age_z + sex + pmi_z,0.249854064181577,0.249854064181577,-0.249854064181577,0.012959175307934195,117,0.07277308837281694,0.5,/Users/ashlynsloane/Buck Institute 25-26/ROSMAP Analysis March 26/hsp60_rosmap_publication_ready_repo/outputs/supplemental_figures/audits/COGNITION_LOOKUP_SELECTED_FOR_SUPPLEMENTAL_NULL.csv,cognition_composite_score,NA,0.07277308837281694,4,0,FALSE,0.4917763157894737,0.662828947368421,0.23190789473684212
background_null_pool,COQ3,covariate_adjusted_no_CERAD,protein_z ~ braak_z + age_z + sex + pmi_z,0.1060209675940459,0.1060209675940459,-0.1060209675940459,0.33920728995612637,117,0.08994638197041623,6.5,/Users/ashlynsloane/Buck Institute 25-26/ROSMAP Analysis March 26/hsp60_rosmap_publication_ready_repo/outputs/supplemental_figures/audits/COGNITION_LOOKUP_SELECTED_FOR_SUPPLEMENTAL_NULL.csv,cognition_composite_score,NA,0.08994638197041623,4,0,FALSE,0.5921052631578947,0.6990131578947368,0.819078947368421
background_null_pool,COQ5,covariate_adjusted_no_CERAD,protein_z ~ braak_z + age_z + sex + pmi_z,-0.04544409742078987,-0.04544409742078987,0.04544409742078987,0.6871884221998561,117,0.04444508066899048,0.5,/Users/ashlynsloane/Buck Institute 25-26/ROSMAP Analysis March 26/hsp60_rosmap_publication_ready_repo/outputs/supplemental_figures/audits/COGNITION_LOOKUP_SELECTED_FOR_SUPPLEMENTAL_NULL.csv,cognition_composite_score,NA,0.04444508066899048,3,0,FALSE,0.3651315789473684,0.46875,0.23190789473684212
background_null_pool,COQ6,covariate_adjusted_no_CERAD,protein_z ~ braak_z + age_z + sex + pmi_z,0.08197856095556702,0.08197856095556702,-0.08197856095556702,0.44013992517328293,117,0.08442814351521755,0.5,/Users/ashlynsloane/Buck Institute 25-26/ROSMAP Analysis March 26/hsp60_rosmap_publication_ready_repo/outputs/supplemental_figures/audits/COGNITION_LOOKUP_SELECTED_FOR_SUPPLEMENTAL_NULL.csv,cognition_composite_score,NA,0.08442814351521755,4,0,FALSE,0.569078947368421,0.618421052631579,0.23190789473684212
background_null_pool,COQ7,covariate_adjusted_no_CERAD,protein_z ~ braak_z + age_z + sex + pmi_z,-0.06383973605726766,-0.06383973605726766,0.06383973605726766,0.5641897833666342,117,0.0894890664200558,0.5,/Users/ashlynsloane/Buck Institute 25-26/ROSMAP Analysis March 26/hsp60_rosmap_publication_ready_repo/outputs/supplemental_figures/audits/COGNITION_LOOKUP_SELECTED_FOR_SUPPLEMENTAL_NULL.csv,cognition_composite_score,NA,0.0894890664200558,4,0,FALSE,0.5888157894736842,0.6694078947368421,0.23190789473684212
background_null_pool,COQ9,covariate_adjusted_no_CERAD,protein_z ~ braak_z + age_z + sex + pmi_z,0.07419393032875486,0.07419393032875486,-0.07419393032875486,0.4906222170573741,117,0.12619098086633646,9.5,/Users/ashlynsloane/Buck Institute 25-26/ROSMAP Analysis March 26/hsp60_rosmap_publication_ready_repo/outputs/supplemental_figures/audits/COGNITION_LOOKUP_SELECTED_FOR_SUPPLEMENTAL_NULL.csv,cognition_composite_score,NA,0.12619098086633646,5,0,FALSE,0.7549342105263158,0.8338815789473685,0.875
background_null_pool,COX11,covariate_adjusted_no_CERAD,protein_z ~ braak_z + age_z + sex + pmi_z,-0.1722301647285715,-0.1722301647285715,0.1722301647285715,0.16092702335595505,114,0.10606979890219675,8.5,/Users/ashlynsloane/Buck Institute 25-26/ROSMAP Analysis March 26/hsp60_rosmap_publication_ready_repo/outputs/supplemental_figures/audits/COGNITION_LOOKUP_SELECTED_FOR_SUPPLEMENTAL_NULL.csv,cognition_composite_score,NA,0.10606979890219675,5,0,FALSE,0.6661184210526315,0.5789473684210527,0.8552631578947368
background_null_pool,COX14,covariate_adjusted_no_CERAD,protein_z ~ braak_z + age_z + sex + pmi_z,-0.07796129579944336,-0.07796129579944336,0.07796129579944336,0.5003394192086575,105,0.07518458564598293,0.5,/Users/ashlynsloane/Buck Institute 25-26/ROSMAP Analysis March 26/hsp60_rosmap_publication_ready_repo/outputs/supplemental_figures/audits/COGNITION_LOOKUP_SELECTED_FOR_SUPPLEMENTAL_NULL.csv,cognition_composite_score,NA,0.07518458564598293,4,0,FALSE,0.5082236842105263,0.48519736842105265,0.23190789473684212
background_null_pool,COX15,covariate_adjusted_no_CERAD,protein_z ~ braak_z + age_z + sex + pmi_z,0.08843420924851603,0.08843420924851603,-0.08843420924851603,0.38775387387929194,117,0.01508418286282748,0,/Users/ashlynsloane/Buck Institute 25-26/ROSMAP Analysis March 26/hsp60_rosmap_publication_ready_repo/outputs/supplemental_figures/audits/COGNITION_LOOKUP_SELECTED_FOR_SUPPLEMENTAL_NULL.csv,cognition_composite_score,NA,0.01508418286282748,1,0,FALSE,0.25,0.2746710526315789,0
background_null_pool,COX17,covariate_adjusted_no_CERAD,protein_z ~ braak_z + age_z + sex + pmi_z,-0.2714189746047528,-0.2714189746047528,0.2714189746047528,0.013798806357171206,117,0.13103062613382702,0,/Users/ashlynsloane/Buck Institute 25-26/ROSMAP Analysis March 26/hsp60_rosmap_publication_ready_repo/outputs/supplemental_figures/audits/COGNITION_LOOKUP_SELECTED_FOR_SUPPLEMENTAL_NULL.csv,cognition_composite_score,NA,0.13103062613382702,5,0,FALSE,0.7796052631578947,0.7072368421052632,0
background_null_pool,COX18,covariate_adjusted_no_CERAD,protein_z ~ braak_z + age_z + sex + pmi_z,0.029723014272694945,0.029723014272694945,-0.029723014272694945,0.8069071082403977,108,0.05433057398248975,5.5,/Users/ashlynsloane/Buck Institute 25-26/ROSMAP Analysis March 26/hsp60_rosmap_publication_ready_repo/outputs/supplemental_figures/audits/COGNITION_LOOKUP_SELECTED_FOR_SUPPLEMENTAL_NULL.csv,cognition_composite_score,NA,0.05433057398248975,3,0,FALSE,0.40789473684210525,0.27960526315789475,0.7845394736842105
background_null_pool,COX19,covariate_adjusted_no_CERAD,protein_z ~ braak_z + age_z + sex + pmi_z,-0.0396779868430122,-0.0396779868430122,0.0396779868430122,0.7062733892395314,117,0.18528043732732197,5.5,/Users/ashlynsloane/Buck Institute 25-26/ROSMAP Analysis March 26/hsp60_rosmap_publication_ready_repo/outputs/supplemental_figures/audits/COGNITION_LOOKUP_SELECTED_FOR_SUPPLEMENTAL_NULL.csv,cognition_composite_score,NA,0.18528043732732197,5,0,FALSE,0.9210526315789473,0.9325657894736842,0.7845394736842105
background_null_pool,COX20,covariate_adjusted_no_CERAD,protein_z ~ braak_z + age_z + sex + pmi_z,0.1906732425710884,0.1906732425710884,-0.1906732425710884,0.1268288932498336,117,0.0889377935856242,0,/Users/ashlynsloane/Buck Institute 25-26/ROSMAP Analysis March 26/hsp60_rosmap_publication_ready_repo/outputs/supplemental_figures/audits/COGNITION_LOOKUP_SELECTED_FOR_SUPPLEMENTAL_NULL.csv,cognition_composite_score,NA,0.0889377935856242,4,0,FALSE,0.5855263157894737,0.47039473684210525,0
background_null_pool,COX5A,covariate_adjusted_no_CERAD,protein_z ~ braak_z + age_z + sex + pmi_z,0.1304030056987741,0.1304030056987741,-0.1304030056987741,0.2691893208374505,117,0.19424400857484464,2.5,/Users/ashlynsloane/Buck Institute 25-26/ROSMAP Analysis March 26/hsp60_rosmap_publication_ready_repo/outputs/supplemental_figures/audits/COGNITION_LOOKUP_SELECTED_FOR_SUPPLEMENTAL_NULL.csv,cognition_composite_score,NA,0.19424400857484464,5,0,FALSE,0.9325657894736842,0.9276315789473685,0.6842105263157895
background_null_pool,COX5B,covariate_adjusted_no_CERAD,protein_z ~ braak_z + age_z + sex + pmi_z,0.032069175662803776,0.032069175662803776,-0.032069175662803776,0.7845797689270098,117,0.176742114770213,12.5,/Users/ashlynsloane/Buck Institute 25-26/ROSMAP Analysis March 26/hsp60_rosmap_publication_ready_repo/outputs/supplemental_figures/audits/COGNITION_LOOKUP_SELECTED_FOR_SUPPLEMENTAL_NULL.csv,cognition_composite_score,NA,0.176742114770213,5,0,FALSE,0.9029605263157895,0.8881578947368421,0.9342105263157895
background_null_pool,COX6A1,covariate_adjusted_no_CERAD,protein_z ~ braak_z + age_z + sex + pmi_z,-0.14036667509716727,-0.14036667509716727,0.14036667509716727,0.2285301491315865,117,0.1681326270324674,0,/Users/ashlynsloane/Buck Institute 25-26/ROSMAP Analysis March 26/hsp60_rosmap_publication_ready_repo/outputs/supplemental_figures/audits/COGNITION_LOOKUP_SELECTED_FOR_SUPPLEMENTAL_NULL.csv,cognition_composite_score,NA,0.1681326270324674,5,0,FALSE,0.8733552631578947,0.787828947368421,0
background_null_pool,COX6B1,covariate_adjusted_no_CERAD,protein_z ~ braak_z + age_z + sex + pmi_z,-0.18124893715956236,-0.18124893715956236,0.18124893715956236,0.14577213485910973,117,0.20591424035946573,6.5,/Users/ashlynsloane/Buck Institute 25-26/ROSMAP Analysis March 26/hsp60_rosmap_publication_ready_repo/outputs/supplemental_figures/audits/COGNITION_LOOKUP_SELECTED_FOR_SUPPLEMENTAL_NULL.csv,cognition_composite_score,NA,0.20591424035946573,5,0,FALSE,0.9539473684210527,0.9358552631578947,0.819078947368421
background_null_pool,COX6C,covariate_adjusted_no_CERAD,protein_z ~ braak_z + age_z + sex + pmi_z,-0.12850174109806678,-0.12850174109806678,0.12850174109806678,0.1875860147569549,117,0.20435717108426457,1.5,/Users/ashlynsloane/Buck Institute 25-26/ROSMAP Analysis March 26/hsp60_rosmap_publication_ready_repo/outputs/supplemental_figures/audits/COGNITION_LOOKUP_SELECTED_FOR_SUPPLEMENTAL_NULL.csv,cognition_composite_score,NA,0.20435717108426457,5,0,FALSE,0.9473684210526315,0.944078947368421,0.5986842105263158
background_null_pool,COX7A1,covariate_adjusted_no_CERAD,protein_z ~ braak_z + age_z + sex + pmi_z,0.003122351639422186,0.003122351639422186,-0.003122351639422186,0.975694931091741,117,0.17444575850132113,0.5,/Users/ashlynsloane/Buck Institute 25-26/ROSMAP Analysis March 26/hsp60_rosmap_publication_ready_repo/outputs/supplemental_figures/audits/COGNITION_LOOKUP_SELECTED_FOR_SUPPLEMENTAL_NULL.csv,cognition_composite_score,NA,0.17444575850132113,5,0,FALSE,0.8947368421052632,0.7927631578947368,0.23190789473684212
background_null_pool,COX7A2,covariate_adjusted_no_CERAD,protein_z ~ braak_z + age_z + sex + pmi_z,-0.029255550566967138,-0.029255550566967138,0.029255550566967138,0.8039053809242909,117,0.20343862142784244,0.5,/Users/ashlynsloane/Buck Institute 25-26/ROSMAP Analysis March 26/hsp60_rosmap_publication_ready_repo/outputs/supplemental_figures/audits/COGNITION_LOOKUP_SELECTED_FOR_SUPPLEMENTAL_NULL.csv,cognition_composite_score,NA,0.20343862142784244,5,0,FALSE,0.9457236842105263,0.9161184210526315,0.23190789473684212
background_null_pool,COX7B,covariate_adjusted_no_CERAD,protein_z ~ braak_z + age_z + sex + pmi_z,-0.1289497401447382,-0.1289497401447382,0.1289497401447382,0.2534320141235437,116,0.20463251112393613,0.5,/Users/ashlynsloane/Buck Institute 25-26/ROSMAP Analysis March 26/hsp60_rosmap_publication_ready_repo/outputs/supplemental_figures/audits/COGNITION_LOOKUP_SELECTED_FOR_SUPPLEMENTAL_NULL.csv,cognition_composite_score,NA,0.20463251112393613,5,0,FALSE,0.9490131578947368,0.8618421052631579,0.23190789473684212
background_null_pool,COX7C,covariate_adjusted_no_CERAD,protein_z ~ braak_z + age_z + sex + pmi_z,-0.08479930220702739,-0.08479930220702739,0.08479930220702739,0.4806847206446725,117,0.18581773012250943,6.5,/Users/ashlynsloane/Buck Institute 25-26/ROSMAP Analysis March 26/hsp60_rosmap_publication_ready_repo/outputs/supplemental_figures/audits/COGNITION_LOOKUP_SELECTED_FOR_SUPPLEMENTAL_NULL.csv,cognition_composite_score,NA,0.18581773012250943,5,0,FALSE,0.9226973684210527,0.912828947368421,0.819078947368421
background_null_pool,CPS1,covariate_adjusted_no_CERAD,protein_z ~ braak_z + age_z + sex + pmi_z,-0.14742597511457223,-0.14742597511457223,0.14742597511457223,0.21065043748122028,117,0.0124072416015039,0,/Users/ashlynsloane/Buck Institute 25-26/ROSMAP Analysis March 26/hsp60_rosmap_publication_ready_repo/outputs/supplemental_figures/audits/COGNITION_LOOKUP_SELECTED_FOR_SUPPLEMENTAL_NULL.csv,cognition_composite_score,NA,0.0124072416015039,1,0,FALSE,0.23684210526315788,0.07730263157894737,0
background_null_pool,CPT1A,covariate_adjusted_no_CERAD,protein_z ~ braak_z + age_z + sex + pmi_z,0.0969739035430587,0.0969739035430587,-0.0969739035430587,0.34543377118768426,117,0.05209424825373798,6.5,/Users/ashlynsloane/Buck Institute 25-26/ROSMAP Analysis March 26/hsp60_rosmap_publication_ready_repo/outputs/supplemental_figures/audits/COGNITION_LOOKUP_SELECTED_FOR_SUPPLEMENTAL_NULL.csv,cognition_composite_score,NA,0.05209424825373798,3,0,FALSE,0.3996710526315789,0.40460526315789475,0.819078947368421
background_null_pool,CPT1C,covariate_adjusted_no_CERAD,protein_z ~ braak_z + age_z + sex + pmi_z,-0.17789097850972185,-0.17789097850972185,0.17789097850972185,0.11612000994777359,117,0.05059204924254708,0,/Users/ashlynsloane/Buck Institute 25-26/ROSMAP Analysis March 26/hsp60_rosmap_publication_ready_repo/outputs/supplemental_figures/audits/COGNITION_LOOKUP_SELECTED_FOR_SUPPLEMENTAL_NULL.csv,cognition_composite_score,NA,0.05059204924254708,3,0,FALSE,0.3930921052631579,0.37664473684210525,0
background_null_pool,CRAT,covariate_adjusted_no_CERAD,protein_z ~ braak_z + age_z + sex + pmi_z,0.032218693794633574,0.032218693794633574,-0.032218693794633574,0.7770142241904459,117,0.07772234195203527,9.5,/Users/ashlynsloane/Buck Institute 25-26/ROSMAP Analysis March 26/hsp60_rosmap_publication_ready_repo/outputs/supplemental_figures/audits/COGNITION_LOOKUP_SELECTED_FOR_SUPPLEMENTAL_NULL.csv,cognition_composite_score,NA,0.07772234195203527,4,0,FALSE,0.5180921052631579,0.5625,0.875
background_null_pool,CROT,covariate_adjusted_no_CERAD,protein_z ~ braak_z + age_z + sex + pmi_z,0.002043004025726599,0.002043004025726599,-0.002043004025726599,0.9856795834594363,110,0.05634839464505958,12.5,/Users/ashlynsloane/Buck Institute 25-26/ROSMAP Analysis March 26/hsp60_rosmap_publication_ready_repo/outputs/supplemental_figures/audits/COGNITION_LOOKUP_SELECTED_FOR_SUPPLEMENTAL_NULL.csv,cognition_composite_score,NA,0.05634839464505958,3,0,FALSE,0.41776315789473684,0.4819078947368421,0.9342105263157895
background_null_pool,CYB5B,covariate_adjusted_no_CERAD,protein_z ~ braak_z + age_z + sex + pmi_z,-0.2670299159002931,-0.2670299159002931,0.2670299159002931,0.017259199340509946,117,0.00829992106822368,0,/Users/ashlynsloane/Buck Institute 25-26/ROSMAP Analysis March 26/hsp60_rosmap_publication_ready_repo/outputs/supplemental_figures/audits/COGNITION_LOOKUP_SELECTED_FOR_SUPPLEMENTAL_NULL.csv,cognition_composite_score,NA,0.00829992106822368,1,0,FALSE,0.2236842105263158,0.21052631578947367,0
background_null_pool,CYB5R3,covariate_adjusted_no_CERAD,protein_z ~ braak_z + age_z + sex + pmi_z,-0.1955874004871193,-0.1955874004871193,0.1955874004871193,0.07310029633482809,117,-0.03455436788092658,0.5,/Users/ashlynsloane/Buck Institute 25-26/ROSMAP Analysis March 26/hsp60_rosmap_publication_ready_repo/outputs/supplemental_figures/audits/COGNITION_LOOKUP_SELECTED_FOR_SUPPLEMENTAL_NULL.csv,cognition_composite_score,NA,0.03455436788092658,2,0,FALSE,0.11348684210526316,0.14473684210526316,0.23190789473684212
background_null_pool,CYCS,covariate_adjusted_no_CERAD,protein_z ~ braak_z + age_z + sex + pmi_z,-0.09397560232853948,-0.09397560232853948,0.09397560232853948,0.416416790496131,117,0.09486001177685235,2.5,/Users/ashlynsloane/Buck Institute 25-26/ROSMAP Analysis March 26/hsp60_rosmap_publication_ready_repo/outputs/supplemental_figures/audits/COGNITION_LOOKUP_SELECTED_FOR_SUPPLEMENTAL_NULL.csv,cognition_composite_score,NA,0.09486001177685235,4,0,FALSE,0.6134868421052632,0.6266447368421053,0.6842105263157895
background_null_pool,CYP27A1,covariate_adjusted_no_CERAD,protein_z ~ braak_z + age_z + sex + pmi_z,0.004222732203801768,0.004222732203801768,-0.004222732203801768,0.9670905952465909,117,-0.01570515799748851,0,/Users/ashlynsloane/Buck Institute 25-26/ROSMAP Analysis March 26/hsp60_rosmap_publication_ready_repo/outputs/supplemental_figures/audits/COGNITION_LOOKUP_SELECTED_FOR_SUPPLEMENTAL_NULL.csv,cognition_composite_score,NA,0.01570515799748851,1,0,FALSE,0.15953947368421054,0.16940789473684212,0
background_null_pool,D2HGDH,covariate_adjusted_no_CERAD,protein_z ~ braak_z + age_z + sex + pmi_z,0.009688612071290379,0.009688612071290379,-0.009688612071290379,0.9298548843742922,117,0.10767297607282708,0.5,/Users/ashlynsloane/Buck Institute 25-26/ROSMAP Analysis March 26/hsp60_rosmap_publication_ready_repo/outputs/supplemental_figures/audits/COGNITION_LOOKUP_SELECTED_FOR_SUPPLEMENTAL_NULL.csv,cognition_composite_score,NA,0.10767297607282708,5,0,FALSE,0.6743421052631579,0.5888157894736842,0.23190789473684212
background_null_pool,DBI,covariate_adjusted_no_CERAD,protein_z ~ braak_z + age_z + sex + pmi_z,-0.15556542384941646,-0.15556542384941646,0.15556542384941646,0.054749500563946556,117,-0.3205628336070044,0,/Users/ashlynsloane/Buck Institute 25-26/ROSMAP Analysis March 26/hsp60_rosmap_publication_ready_repo/outputs/supplemental_figures/audits/COGNITION_LOOKUP_SELECTED_FOR_SUPPLEMENTAL_NULL.csv,cognition_composite_score,NA,0.3205628336070044,5,0,FALSE,0,0,0
background_null_pool,DBT,covariate_adjusted_no_CERAD,protein_z ~ braak_z + age_z + sex + pmi_z,0.11916028247137962,0.11916028247137962,-0.11916028247137962,0.2234168233032369,117,0.14807937526644166,6.5,/Users/ashlynsloane/Buck Institute 25-26/ROSMAP Analysis March 26/hsp60_rosmap_publication_ready_repo/outputs/supplemental_figures/audits/COGNITION_LOOKUP_SELECTED_FOR_SUPPLEMENTAL_NULL.csv,cognition_composite_score,NA,0.14807937526644166,5,0,FALSE,0.8273026315789473,0.8240131578947368,0.819078947368421
background_null_pool,DCAKD,covariate_adjusted_no_CERAD,protein_z ~ braak_z + age_z + sex + pmi_z,0.19696481370558067,0.19696481370558067,-0.19696481370558067,0.07772440801151755,117,0.00843842696136822,0.5,/Users/ashlynsloane/Buck Institute 25-26/ROSMAP Analysis March 26/hsp60_rosmap_publication_ready_repo/outputs/supplemental_figures/audits/COGNITION_LOOKUP_SELECTED_FOR_SUPPLEMENTAL_NULL.csv,cognition_composite_score,NA,0.00843842696136822,1,0,FALSE,0.22532894736842105,0.3207236842105263,0.23190789473684212
background_null_pool,DDX28,covariate_adjusted_no_CERAD,protein_z ~ braak_z + age_z + sex + pmi_z,-0.08562426987462265,-0.08562426987462265,0.08562426987462265,0.4638471583274525,115,0.07002279293151072,0.5,/Users/ashlynsloane/Buck Institute 25-26/ROSMAP Analysis March 26/hsp60_rosmap_publication_ready_repo/outputs/supplemental_figures/audits/COGNITION_LOOKUP_SELECTED_FOR_SUPPLEMENTAL_NULL.csv,cognition_composite_score,NA,0.07002279293151072,4,0,FALSE,0.4786184210526316,0.3223684210526316,0.23190789473684212
background_null_pool,DECR1,covariate_adjusted_no_CERAD,protein_z ~ braak_z + age_z + sex + pmi_z,0.08762082279657053,0.08762082279657053,-0.08762082279657053,0.3841400049440453,117,0.04841987521312983,5.5,/Users/ashlynsloane/Buck Institute 25-26/ROSMAP Analysis March 26/hsp60_rosmap_publication_ready_repo/outputs/supplemental_figures/audits/COGNITION_LOOKUP_SELECTED_FOR_SUPPLEMENTAL_NULL.csv,cognition_composite_score,NA,0.04841987521312983,3,0,FALSE,0.3848684210526316,0.37993421052631576,0.7845394736842105
background_null_pool,DGUOK,covariate_adjusted_no_CERAD,protein_z ~ braak_z + age_z + sex + pmi_z,-0.08688863596743936,-0.08688863596743936,0.08688863596743936,0.4063544205967641,117,0.08698789162735804,0.5,/Users/ashlynsloane/Buck Institute 25-26/ROSMAP Analysis March 26/hsp60_rosmap_publication_ready_repo/outputs/supplemental_figures/audits/COGNITION_LOOKUP_SELECTED_FOR_SUPPLEMENTAL_NULL.csv,cognition_composite_score,NA,0.08698789162735804,4,0,FALSE,0.5773026315789473,0.5542763157894737,0.23190789473684212
background_null_pool,DHODH,covariate_adjusted_no_CERAD,protein_z ~ braak_z + age_z + sex + pmi_z,0.061798150598227256,0.061798150598227256,-0.061798150598227256,0.5673776005206064,117,0.03796792191401377,0,/Users/ashlynsloane/Buck Institute 25-26/ROSMAP Analysis March 26/hsp60_rosmap_publication_ready_repo/outputs/supplemental_figures/audits/COGNITION_LOOKUP_SELECTED_FOR_SUPPLEMENTAL_NULL.csv,cognition_composite_score,NA,0.03796792191401377,3,0,FALSE,0.33881578947368424,0.38651315789473684,0
background_null_pool,DHRS1,covariate_adjusted_no_CERAD,protein_z ~ braak_z + age_z + sex + pmi_z,0.09382899961870841,0.09382899961870841,-0.09382899961870841,0.3163701581590485,117,0.02017173381301629,0.5,/Users/ashlynsloane/Buck Institute 25-26/ROSMAP Analysis March 26/hsp60_rosmap_publication_ready_repo/outputs/supplemental_figures/audits/COGNITION_LOOKUP_SELECTED_FOR_SUPPLEMENTAL_NULL.csv,cognition_composite_score,NA,0.02017173381301629,2,0,FALSE,0.26973684210526316,0.15460526315789475,0.23190789473684212
background_null_pool,DHRS4,covariate_adjusted_no_CERAD,protein_z ~ braak_z + age_z + sex + pmi_z,-0.13497915210076972,-0.13497915210076972,0.13497915210076972,0.12864789771471352,117,-0.00179737246168008,2.5,/Users/ashlynsloane/Buck Institute 25-26/ROSMAP Analysis March 26/hsp60_rosmap_publication_ready_repo/outputs/supplemental_figures/audits/COGNITION_LOOKUP_SELECTED_FOR_SUPPLEMENTAL_NULL.csv,cognition_composite_score,NA,0.00179737246168008,1,0,FALSE,0.19078947368421054,0.23684210526315788,0.6842105263157895
background_null_pool,DHRS7B,covariate_adjusted_no_CERAD,protein_z ~ braak_z + age_z + sex + pmi_z,0.3455813384863855,0.3455813384863855,-0.3455813384863855,3.5811271842992005e-4,117,0.1061923862259306,8.5,/Users/ashlynsloane/Buck Institute 25-26/ROSMAP Analysis March 26/hsp60_rosmap_publication_ready_repo/outputs/supplemental_figures/audits/COGNITION_LOOKUP_SELECTED_FOR_SUPPLEMENTAL_NULL.csv,cognition_composite_score,NA,0.1061923862259306,5,0,FALSE,0.6677631578947368,0.7154605263157895,0.8552631578947368
background_null_pool,DHTKD1,covariate_adjusted_no_CERAD,protein_z ~ braak_z + age_z + sex + pmi_z,0.17555939009543894,0.17555939009543894,-0.17555939009543894,0.0989460702218665,117,-0.02045857082998757,0.5,/Users/ashlynsloane/Buck Institute 25-26/ROSMAP Analysis March 26/hsp60_rosmap_publication_ready_repo/outputs/supplemental_figures/audits/COGNITION_LOOKUP_SELECTED_FOR_SUPPLEMENTAL_NULL.csv,cognition_composite_score,NA,0.02045857082998757,2,0,FALSE,0.14967105263157895,0.08552631578947369,0.23190789473684212
background_null_pool,DIABLO,covariate_adjusted_no_CERAD,protein_z ~ braak_z + age_z + sex + pmi_z,0.11265791856852425,0.11265791856852425,-0.11265791856852425,0.29387790893244053,117,0.12117137974075635,2.5,/Users/ashlynsloane/Buck Institute 25-26/ROSMAP Analysis March 26/hsp60_rosmap_publication_ready_repo/outputs/supplemental_figures/audits/COGNITION_LOOKUP_SELECTED_FOR_SUPPLEMENTAL_NULL.csv,cognition_composite_score,NA,0.12117137974075635,5,0,FALSE,0.7319078947368421,0.7713815789473685,0.6842105263157895
background_null_pool,DNAJC11,covariate_adjusted_no_CERAD,protein_z ~ braak_z + age_z + sex + pmi_z,0.09238453185082143,0.09238453185082143,-0.09238453185082143,0.39032663210012997,117,0.1006566477685774,1.5,/Users/ashlynsloane/Buck Institute 25-26/ROSMAP Analysis March 26/hsp60_rosmap_publication_ready_repo/outputs/supplemental_figures/audits/COGNITION_LOOKUP_SELECTED_FOR_SUPPLEMENTAL_NULL.csv,cognition_composite_score,NA,0.1006566477685774,5,0,FALSE,0.6463815789473685,0.6595394736842105,0.5986842105263158
background_null_pool,DNAJC19,covariate_adjusted_no_CERAD,protein_z ~ braak_z + age_z + sex + pmi_z,0.1179150006900313,0.1179150006900313,-0.1179150006900313,0.2408867701433727,117,0.11632387199735776,4.5,/Users/ashlynsloane/Buck Institute 25-26/ROSMAP Analysis March 26/hsp60_rosmap_publication_ready_repo/outputs/supplemental_figures/audits/COGNITION_LOOKUP_SELECTED_FOR_SUPPLEMENTAL_NULL.csv,cognition_composite_score,NA,0.11632387199735776,5,0,FALSE,0.7105263157894737,0.78125,0.7796052631578947
background_null_pool,DNAJC28,covariate_adjusted_no_CERAD,protein_z ~ braak_z + age_z + sex + pmi_z,0.19181246077096167,0.19181246077096167,-0.19181246077096167,0.09152747217726406,87,0.07599258291885656,0.5,/Users/ashlynsloane/Buck Institute 25-26/ROSMAP Analysis March 26/hsp60_rosmap_publication_ready_repo/outputs/supplemental_figures/audits/COGNITION_LOOKUP_SELECTED_FOR_SUPPLEMENTAL_NULL.csv,cognition_composite_score,NA,0.07599258291885656,4,0,FALSE,0.5115131578947368,0.3717105263157895,0.23190789473684212
background_null_pool,DNAJC30,covariate_adjusted_no_CERAD,protein_z ~ braak_z + age_z + sex + pmi_z,0.023160187503570368,0.023160187503570368,-0.023160187503570368,0.8305024348762867,117,0.0962873991469714,0.5,/Users/ashlynsloane/Buck Institute 25-26/ROSMAP Analysis March 26/hsp60_rosmap_publication_ready_repo/outputs/supplemental_figures/audits/COGNITION_LOOKUP_SELECTED_FOR_SUPPLEMENTAL_NULL.csv,cognition_composite_score,NA,0.0962873991469714,4,0,FALSE,0.625,0.6644736842105263,0.23190789473684212
background_null_pool,DNLZ,covariate_adjusted_no_CERAD,protein_z ~ braak_z + age_z + sex + pmi_z,0.0052141876537990664,0.0052141876537990664,-0.0052141876537990664,0.962995875441319,111,0.01664642918416182,0.5,/Users/ashlynsloane/Buck Institute 25-26/ROSMAP Analysis March 26/hsp60_rosmap_publication_ready_repo/outputs/supplemental_figures/audits/COGNITION_LOOKUP_SELECTED_FOR_SUPPLEMENTAL_NULL.csv,cognition_composite_score,NA,0.01664642918416182,1,0,FALSE,0.2598684210526316,0.3092105263157895,0.23190789473684212
background_null_pool,DNM1L,covariate_adjusted_no_CERAD,protein_z ~ braak_z + age_z + sex + pmi_z,0.1693476680910253,0.1693476680910253,-0.1693476680910253,0.09378386056360649,117,0.1350155569022768,0.5,/Users/ashlynsloane/Buck Institute 25-26/ROSMAP Analysis March 26/hsp60_rosmap_publication_ready_repo/outputs/supplemental_figures/audits/COGNITION_LOOKUP_SELECTED_FOR_SUPPLEMENTAL_NULL.csv,cognition_composite_score,NA,0.1350155569022768,5,0,FALSE,0.7960526315789473,0.868421052631579,0.23190789473684212
background_null_pool,DTYMK,covariate_adjusted_no_CERAD,protein_z ~ braak_z + age_z + sex + pmi_z,-0.139831901638404,-0.139831901638404,0.139831901638404,0.15348639276841372,117,-0.02964679021557165,0,/Users/ashlynsloane/Buck Institute 25-26/ROSMAP Analysis March 26/hsp60_rosmap_publication_ready_repo/outputs/supplemental_figures/audits/COGNITION_LOOKUP_SELECTED_FOR_SUPPLEMENTAL_NULL.csv,cognition_composite_score,NA,0.02964679021557165,2,0,FALSE,0.12664473684210525,0.15953947368421054,0
background_null_pool,DUS2,covariate_adjusted_no_CERAD,protein_z ~ braak_z + age_z + sex + pmi_z,0.20284498102252127,0.20284498102252127,-0.20284498102252127,0.0762433446577222,107,0.06768733353583438,0.5,/Users/ashlynsloane/Buck Institute 25-26/ROSMAP Analysis March 26/hsp60_rosmap_publication_ready_repo/outputs/supplemental_figures/audits/COGNITION_LOOKUP_SELECTED_FOR_SUPPLEMENTAL_NULL.csv,cognition_composite_score,NA,0.06768733353583438,4,0,FALSE,0.4654605263157895,0.5279605263157895,0.23190789473684212
background_null_pool,DUT,covariate_adjusted_no_CERAD,protein_z ~ braak_z + age_z + sex + pmi_z,-0.019991356352842667,-0.019991356352842667,0.019991356352842667,0.8611525770353268,117,0.01107096813339974,0,/Users/ashlynsloane/Buck Institute 25-26/ROSMAP Analysis March 26/hsp60_rosmap_publication_ready_repo/outputs/supplemental_figures/audits/COGNITION_LOOKUP_SELECTED_FOR_SUPPLEMENTAL_NULL.csv,cognition_composite_score,NA,0.01107096813339974,1,0,FALSE,0.23355263157894737,0.3470394736842105,0
background_null_pool,ECHDC2,covariate_adjusted_no_CERAD,protein_z ~ braak_z + age_z + sex + pmi_z,-0.07341188273921961,-0.07341188273921961,0.07341188273921961,0.44110077048486396,110,-0.06745598609442861,0.5,/Users/ashlynsloane/Buck Institute 25-26/ROSMAP Analysis March 26/hsp60_rosmap_publication_ready_repo/outputs/supplemental_figures/audits/COGNITION_LOOKUP_SELECTED_FOR_SUPPLEMENTAL_NULL.csv,cognition_composite_score,NA,0.06745598609442861,4,0,FALSE,0.06578947368421052,0.05921052631578947,0.23190789473684212
background_null_pool,ECSIT,covariate_adjusted_no_CERAD,protein_z ~ braak_z + age_z + sex + pmi_z,-0.0916367620647612,-0.0916367620647612,0.0916367620647612,0.3812301798733655,117,0.09363684278853464,0.5,/Users/ashlynsloane/Buck Institute 25-26/ROSMAP Analysis March 26/hsp60_rosmap_publication_ready_repo/outputs/supplemental_figures/audits/COGNITION_LOOKUP_SELECTED_FOR_SUPPLEMENTAL_NULL.csv,cognition_composite_score,NA,0.09363684278853464,4,0,FALSE,0.6085526315789473,0.5476973684210527,0.23190789473684212
background_null_pool,EFHD1,covariate_adjusted_no_CERAD,protein_z ~ braak_z + age_z + sex + pmi_z,-0.013009947495445016,-0.013009947495445016,0.013009947495445016,0.9115984073767172,117,-0.1837883776078891,0,/Users/ashlynsloane/Buck Institute 25-26/ROSMAP Analysis March 26/hsp60_rosmap_publication_ready_repo/outputs/supplemental_figures/audits/COGNITION_LOOKUP_SELECTED_FOR_SUPPLEMENTAL_NULL.csv,cognition_composite_score,NA,0.1837883776078891,5,0,FALSE,0.009868421052631578,0.011513157894736841,0
background_null_pool,EHHADH,covariate_adjusted_no_CERAD,protein_z ~ braak_z + age_z + sex + pmi_z,0.3571566241338681,0.3571566241338681,-0.3571566241338681,9.342659330189489e-4,114,0.00181770762778242,0.5,/Users/ashlynsloane/Buck Institute 25-26/ROSMAP Analysis March 26/hsp60_rosmap_publication_ready_repo/outputs/supplemental_figures/audits/COGNITION_LOOKUP_SELECTED_FOR_SUPPLEMENTAL_NULL.csv,cognition_composite_score,NA,0.00181770762778242,1,0,FALSE,0.20065789473684212,0.12828947368421054,0.23190789473684212
background_null_pool,ELAC2,covariate_adjusted_no_CERAD,protein_z ~ braak_z + age_z + sex + pmi_z,0.10859360599733026,0.10859360599733026,-0.10859360599733026,0.23908322498087795,112,0.05271952107537137,0,/Users/ashlynsloane/Buck Institute 25-26/ROSMAP Analysis March 26/hsp60_rosmap_publication_ready_repo/outputs/supplemental_figures/audits/COGNITION_LOOKUP_SELECTED_FOR_SUPPLEMENTAL_NULL.csv,cognition_composite_score,NA,0.05271952107537137,3,0,FALSE,0.40131578947368424,0.3371710526315789,0
background_null_pool,ENDOG,covariate_adjusted_no_CERAD,protein_z ~ braak_z + age_z + sex + pmi_z,-0.04404167127630169,-0.04404167127630169,0.04404167127630169,0.7061492942253105,117,0.12636690562156688,5.5,/Users/ashlynsloane/Buck Institute 25-26/ROSMAP Analysis March 26/hsp60_rosmap_publication_ready_repo/outputs/supplemental_figures/audits/COGNITION_LOOKUP_SELECTED_FOR_SUPPLEMENTAL_NULL.csv,cognition_composite_score,NA,0.12636690562156688,5,0,FALSE,0.756578947368421,0.5444078947368421,0.7845394736842105
background_null_pool,EPHX2,covariate_adjusted_no_CERAD,protein_z ~ braak_z + age_z + sex + pmi_z,-0.012499888434634255,-0.012499888434634255,0.012499888434634255,0.8963720784263455,117,0.00860458557007232,0,/Users/ashlynsloane/Buck Institute 25-26/ROSMAP Analysis March 26/hsp60_rosmap_publication_ready_repo/outputs/supplemental_figures/audits/COGNITION_LOOKUP_SELECTED_FOR_SUPPLEMENTAL_NULL.csv,cognition_composite_score,NA,0.00860458557007232,1,0,FALSE,0.22697368421052633,0.3125,0
background_null_pool,ETFDH,covariate_adjusted_no_CERAD,protein_z ~ braak_z + age_z + sex + pmi_z,-0.04405266517491903,-0.04405266517491903,0.04405266517491903,0.6848045814894703,117,0.09195885087199498,12.5,/Users/ashlynsloane/Buck Institute 25-26/ROSMAP Analysis March 26/hsp60_rosmap_publication_ready_repo/outputs/supplemental_figures/audits/COGNITION_LOOKUP_SELECTED_FOR_SUPPLEMENTAL_NULL.csv,cognition_composite_score,NA,0.09195885087199498,4,0,FALSE,0.600328947368421,0.5773026315789473,0.9342105263157895
background_null_pool,ETHE1,covariate_adjusted_no_CERAD,protein_z ~ braak_z + age_z + sex + pmi_z,0.026232638833424908,0.026232638833424908,-0.026232638833424908,0.8169300660928509,117,0.03918676299489321,1.5,/Users/ashlynsloane/Buck Institute 25-26/ROSMAP Analysis March 26/hsp60_rosmap_publication_ready_repo/outputs/supplemental_figures/audits/COGNITION_LOOKUP_SELECTED_FOR_SUPPLEMENTAL_NULL.csv,cognition_composite_score,NA,0.03918676299489321,3,0,FALSE,0.3470394736842105,0.35855263157894735,0.5986842105263158
background_null_pool,EXD2,covariate_adjusted_no_CERAD,protein_z ~ braak_z + age_z + sex + pmi_z,-0.12180634167424065,-0.12180634167424065,0.12180634167424065,0.2575170726186757,117,-0.0384121640207104,0,/Users/ashlynsloane/Buck Institute 25-26/ROSMAP Analysis March 26/hsp60_rosmap_publication_ready_repo/outputs/supplemental_figures/audits/COGNITION_LOOKUP_SELECTED_FOR_SUPPLEMENTAL_NULL.csv,cognition_composite_score,NA,0.0384121640207104,3,0,FALSE,0.10855263157894737,0.13980263157894737,0
background_null_pool,EXOG,covariate_adjusted_no_CERAD,protein_z ~ braak_z + age_z + sex + pmi_z,0.005966556099409769,0.005966556099409769,-0.005966556099409769,0.9605612976638057,117,0.07323949404941536,1.5,/Users/ashlynsloane/Buck Institute 25-26/ROSMAP Analysis March 26/hsp60_rosmap_publication_ready_repo/outputs/supplemental_figures/audits/COGNITION_LOOKUP_SELECTED_FOR_SUPPLEMENTAL_NULL.csv,cognition_composite_score,NA,0.07323949404941536,4,0,FALSE,0.49506578947368424,0.3963815789473684,0.5986842105263158
background_null_pool,FABP1,covariate_adjusted_no_CERAD,protein_z ~ braak_z + age_z + sex + pmi_z,-0.06123311641610344,-0.06123311641610344,0.06123311641610344,0.5884316831770046,93,0.3726250642989915,0,/Users/ashlynsloane/Buck Institute 25-26/ROSMAP Analysis March 26/hsp60_rosmap_publication_ready_repo/outputs/supplemental_figures/audits/COGNITION_LOOKUP_SELECTED_FOR_SUPPLEMENTAL_NULL.csv,cognition_composite_score,NA,0.3726250642989915,5,0,FALSE,1,0.9950657894736842,0
background_null_pool,FAHD2A,covariate_adjusted_no_CERAD,protein_z ~ braak_z + age_z + sex + pmi_z,-0.02817952620517772,-0.02817952620517772,0.02817952620517772,0.7963798945340582,117,0.04043363028754376,1.5,/Users/ashlynsloane/Buck Institute 25-26/ROSMAP Analysis March 26/hsp60_rosmap_publication_ready_repo/outputs/supplemental_figures/audits/COGNITION_LOOKUP_SELECTED_FOR_SUPPLEMENTAL_NULL.csv,cognition_composite_score,NA,0.04043363028754376,3,0,FALSE,0.3503289473684211,0.3815789473684211,0.5986842105263158
background_null_pool,FAM136A,covariate_adjusted_no_CERAD,protein_z ~ braak_z + age_z + sex + pmi_z,-0.05083622263534856,-0.05083622263534856,0.05083622263534856,0.6657983409443149,117,0.07712289650598919,2.5,/Users/ashlynsloane/Buck Institute 25-26/ROSMAP Analysis March 26/hsp60_rosmap_publication_ready_repo/outputs/supplemental_figures/audits/COGNITION_LOOKUP_SELECTED_FOR_SUPPLEMENTAL_NULL.csv,cognition_composite_score,NA,0.07712289650598919,4,0,FALSE,0.5148026315789473,0.45230263157894735,0.6842105263157895
background_null_pool,FAM162A,covariate_adjusted_no_CERAD,protein_z ~ braak_z + age_z + sex + pmi_z,0.031578145007812454,0.031578145007812454,-0.031578145007812454,0.7570525244758953,117,0.16760314153009573,3.5,/Users/ashlynsloane/Buck Institute 25-26/ROSMAP Analysis March 26/hsp60_rosmap_publication_ready_repo/outputs/supplemental_figures/audits/COGNITION_LOOKUP_SELECTED_FOR_SUPPLEMENTAL_NULL.csv,cognition_composite_score,NA,0.16760314153009573,5,0,FALSE,0.8717105263157895,0.8733552631578947,0.7532894736842105
background_null_pool,FAM185A,covariate_adjusted_no_CERAD,protein_z ~ braak_z + age_z + sex + pmi_z,-0.07808350708491556,-0.07808350708491556,0.07808350708491556,0.4844058215527691,117,0.05348865380110715,0,/Users/ashlynsloane/Buck Institute 25-26/ROSMAP Analysis March 26/hsp60_rosmap_publication_ready_repo/outputs/supplemental_figures/audits/COGNITION_LOOKUP_SELECTED_FOR_SUPPLEMENTAL_NULL.csv,cognition_composite_score,NA,0.05348865380110715,3,0,FALSE,0.40625,0.4407894736842105,0
background_null_pool,FAM210A,covariate_adjusted_no_CERAD,protein_z ~ braak_z + age_z + sex + pmi_z,-0.010602586306578626,-0.010602586306578626,0.010602586306578626,0.9244254418044514,117,0.14889920103335097,0.5,/Users/ashlynsloane/Buck Institute 25-26/ROSMAP Analysis March 26/hsp60_rosmap_publication_ready_repo/outputs/supplemental_figures/audits/COGNITION_LOOKUP_SELECTED_FOR_SUPPLEMENTAL_NULL.csv,cognition_composite_score,NA,0.14889920103335097,5,0,FALSE,0.8338815789473685,0.8421052631578947,0.23190789473684212
background_null_pool,FAM210B,covariate_adjusted_no_CERAD,protein_z ~ braak_z + age_z + sex + pmi_z,-0.1575999278239797,-0.1575999278239797,0.1575999278239797,0.16009813364424533,117,0.14326578879350277,0.5,/Users/ashlynsloane/Buck Institute 25-26/ROSMAP Analysis March 26/hsp60_rosmap_publication_ready_repo/outputs/supplemental_figures/audits/COGNITION_LOOKUP_SELECTED_FOR_SUPPLEMENTAL_NULL.csv,cognition_composite_score,NA,0.14326578879350277,5,0,FALSE,0.8157894736842105,0.8273026315789473,0.23190789473684212
background_null_pool,FARS2,covariate_adjusted_no_CERAD,protein_z ~ braak_z + age_z + sex + pmi_z,-0.285137776890147,-0.285137776890147,0.285137776890147,0.0027279287958789557,117,0.01621118513453028,0.5,/Users/ashlynsloane/Buck Institute 25-26/ROSMAP Analysis March 26/hsp60_rosmap_publication_ready_repo/outputs/supplemental_figures/audits/COGNITION_LOOKUP_SELECTED_FOR_SUPPLEMENTAL_NULL.csv,cognition_composite_score,NA,0.01621118513453028,1,0,FALSE,0.2582236842105263,0.22039473684210525,0.23190789473684212
background_null_pool,FASN,covariate_adjusted_no_CERAD,protein_z ~ braak_z + age_z + sex + pmi_z,-0.11751444199946512,-0.11751444199946512,0.11751444199946512,0.18320663165794787,117,-0.08111303969706096,0,/Users/ashlynsloane/Buck Institute 25-26/ROSMAP Analysis March 26/hsp60_rosmap_publication_ready_repo/outputs/supplemental_figures/audits/COGNITION_LOOKUP_SELECTED_FOR_SUPPLEMENTAL_NULL.csv,cognition_composite_score,NA,0.08111303969706096,4,0,FALSE,0.05098684210526316,0.06907894736842106,0
background_null_pool,FASTKD1,covariate_adjusted_no_CERAD,protein_z ~ braak_z + age_z + sex + pmi_z,0.17695361569285548,0.17695361569285548,-0.17695361569285548,0.19340308519887253,80,0.11172001072059924,1.5,/Users/ashlynsloane/Buck Institute 25-26/ROSMAP Analysis March 26/hsp60_rosmap_publication_ready_repo/outputs/supplemental_figures/audits/COGNITION_LOOKUP_SELECTED_FOR_SUPPLEMENTAL_NULL.csv,cognition_composite_score,NA,0.11172001072059924,5,0,FALSE,0.6858552631578947,0.537828947368421,0.5986842105263158
background_null_pool,FASTKD2,covariate_adjusted_no_CERAD,protein_z ~ braak_z + age_z + sex + pmi_z,0.0713739936020827,0.0713739936020827,-0.0713739936020827,0.5072620713631908,110,0.08840886135464628,0.5,/Users/ashlynsloane/Buck Institute 25-26/ROSMAP Analysis March 26/hsp60_rosmap_publication_ready_repo/outputs/supplemental_figures/audits/COGNITION_LOOKUP_SELECTED_FOR_SUPPLEMENTAL_NULL.csv,cognition_composite_score,NA,0.08840886135464628,4,0,FALSE,0.5822368421052632,0.600328947368421,0.23190789473684212
background_null_pool,FBXL4,covariate_adjusted_no_CERAD,protein_z ~ braak_z + age_z + sex + pmi_z,-0.2397862554046589,-0.2397862554046589,0.2397862554046589,0.06180376655444587,87,0.00281969418539497,0,/Users/ashlynsloane/Buck Institute 25-26/ROSMAP Analysis March 26/hsp60_rosmap_publication_ready_repo/outputs/supplemental_figures/audits/COGNITION_LOOKUP_SELECTED_FOR_SUPPLEMENTAL_NULL.csv,cognition_composite_score,NA,0.00281969418539497,1,0,FALSE,0.20559210526315788,0.17927631578947367,0
background_null_pool,FDPS,covariate_adjusted_no_CERAD,protein_z ~ braak_z + age_z + sex + pmi_z,-0.2190742978038377,-0.2190742978038377,0.2190742978038377,0.04733113909450276,117,-0.07570860019015757,0,/Users/ashlynsloane/Buck Institute 25-26/ROSMAP Analysis March 26/hsp60_rosmap_publication_ready_repo/outputs/supplemental_figures/audits/COGNITION_LOOKUP_SELECTED_FOR_SUPPLEMENTAL_NULL.csv,cognition_composite_score,NA,0.07570860019015757,4,0,FALSE,0.05921052631578947,0.10032894736842106,0
background_null_pool,FDX1,covariate_adjusted_no_CERAD,protein_z ~ braak_z + age_z + sex + pmi_z,-0.2600802845083441,-0.2600802845083441,0.2600802845083441,0.023511126703499835,117,0.03114929730724609,0.5,/Users/ashlynsloane/Buck Institute 25-26/ROSMAP Analysis March 26/hsp60_rosmap_publication_ready_repo/outputs/supplemental_figures/audits/COGNITION_LOOKUP_SELECTED_FOR_SUPPLEMENTAL_NULL.csv,cognition_composite_score,NA,0.03114929730724609,2,0,FALSE,0.31414473684210525,0.2845394736842105,0.23190789473684212
background_null_pool,FHIT,covariate_adjusted_no_CERAD,protein_z ~ braak_z + age_z + sex + pmi_z,-0.047307250001650945,-0.047307250001650945,0.047307250001650945,0.6745421731017996,117,0.02913087068003968,0.5,/Users/ashlynsloane/Buck Institute 25-26/ROSMAP Analysis March 26/hsp60_rosmap_publication_ready_repo/outputs/supplemental_figures/audits/COGNITION_LOOKUP_SELECTED_FOR_SUPPLEMENTAL_NULL.csv,cognition_composite_score,NA,0.02913087068003968,2,0,FALSE,0.3092105263157895,0.28618421052631576,0.23190789473684212
background_null_pool,FIS1,covariate_adjusted_no_CERAD,protein_z ~ braak_z + age_z + sex + pmi_z,0.21412513484350987,0.21412513484350987,-0.21412513484350987,0.0855078104955233,117,0.09207011028055022,0.5,/Users/ashlynsloane/Buck Institute 25-26/ROSMAP Analysis March 26/hsp60_rosmap_publication_ready_repo/outputs/supplemental_figures/audits/COGNITION_LOOKUP_SELECTED_FOR_SUPPLEMENTAL_NULL.csv,cognition_composite_score,NA,0.09207011028055022,4,0,FALSE,0.6019736842105263,0.7582236842105263,0.23190789473684212
background_null_pool,FKBP10,covariate_adjusted_no_CERAD,protein_z ~ braak_z + age_z + sex + pmi_z,0.23102481353360488,0.23102481353360488,-0.23102481353360488,0.07722744926033503,95,0.03803422204031323,0.5,/Users/ashlynsloane/Buck Institute 25-26/ROSMAP Analysis March 26/hsp60_rosmap_publication_ready_repo/outputs/supplemental_figures/audits/COGNITION_LOOKUP_SELECTED_FOR_SUPPLEMENTAL_NULL.csv,cognition_composite_score,NA,0.03803422204031323,3,0,FALSE,0.3404605263157895,0.3157894736842105,0.23190789473684212
background_null_pool,FKBP8,covariate_adjusted_no_CERAD,protein_z ~ braak_z + age_z + sex + pmi_z,0.009232327070350009,0.009232327070350009,-0.009232327070350009,0.9396153778991242,117,0.07120221083607302,1.5,/Users/ashlynsloane/Buck Institute 25-26/ROSMAP Analysis March 26/hsp60_rosmap_publication_ready_repo/outputs/supplemental_figures/audits/COGNITION_LOOKUP_SELECTED_FOR_SUPPLEMENTAL_NULL.csv,cognition_composite_score,NA,0.07120221083607302,4,0,FALSE,0.4868421052631579,0.6167763157894737,0.5986842105263158
background_null_pool,FTH1,covariate_adjusted_no_CERAD,protein_z ~ braak_z + age_z + sex + pmi_z,0.007634338189748767,0.007634338189748767,-0.007634338189748767,0.9448992740667831,117,-0.07311942521631695,0.5,/Users/ashlynsloane/Buck Institute 25-26/ROSMAP Analysis March 26/hsp60_rosmap_publication_ready_repo/outputs/supplemental_figures/audits/COGNITION_LOOKUP_SELECTED_FOR_SUPPLEMENTAL_NULL.csv,cognition_composite_score,NA,0.07311942521631695,4,0,FALSE,0.0625,0.09375,0.23190789473684212
background_null_pool,FUNDC1,covariate_adjusted_no_CERAD,protein_z ~ braak_z + age_z + sex + pmi_z,0.23423339958650397,0.23423339958650397,-0.23423339958650397,0.07731901594209513,106,0.1506431241467476,0.5,/Users/ashlynsloane/Buck Institute 25-26/ROSMAP Analysis March 26/hsp60_rosmap_publication_ready_repo/outputs/supplemental_figures/audits/COGNITION_LOOKUP_SELECTED_FOR_SUPPLEMENTAL_NULL.csv,cognition_composite_score,NA,0.1506431241467476,5,0,FALSE,0.8388157894736842,0.8700657894736842,0.23190789473684212
background_null_pool,FUNDC2,covariate_adjusted_no_CERAD,protein_z ~ braak_z + age_z + sex + pmi_z,-0.2884011942656975,-0.2884011942656975,0.2884011942656975,0.01782645026580566,117,0.13268599055880476,1.5,/Users/ashlynsloane/Buck Institute 25-26/ROSMAP Analysis March 26/hsp60_rosmap_publication_ready_repo/outputs/supplemental_figures/audits/COGNITION_LOOKUP_SELECTED_FOR_SUPPLEMENTAL_NULL.csv,cognition_composite_score,NA,0.13268599055880476,5,0,FALSE,0.7861842105263158,0.7993421052631579,0.5986842105263158
background_null_pool,FXN,covariate_adjusted_no_CERAD,protein_z ~ braak_z + age_z + sex + pmi_z,-0.20532108784659525,-0.20532108784659525,0.20532108784659525,0.06168154939072094,117,0.08437694147797845,0,/Users/ashlynsloane/Buck Institute 25-26/ROSMAP Analysis March 26/hsp60_rosmap_publication_ready_repo/outputs/supplemental_figures/audits/COGNITION_LOOKUP_SELECTED_FOR_SUPPLEMENTAL_NULL.csv,cognition_composite_score,NA,0.08437694147797845,4,0,FALSE,0.5674342105263158,0.5723684210526315,0
background_null_pool,GATB,covariate_adjusted_no_CERAD,protein_z ~ braak_z + age_z + sex + pmi_z,0.01231867961023436,0.01231867961023436,-0.01231867961023436,0.9121137803500624,117,0.07396461078140495,0.5,/Users/ashlynsloane/Buck Institute 25-26/ROSMAP Analysis March 26/hsp60_rosmap_publication_ready_repo/outputs/supplemental_figures/audits/COGNITION_LOOKUP_SELECTED_FOR_SUPPLEMENTAL_NULL.csv,cognition_composite_score,NA,0.07396461078140495,4,0,FALSE,0.5016447368421053,0.47368421052631576,0.23190789473684212
background_null_pool,GATC,covariate_adjusted_no_CERAD,protein_z ~ braak_z + age_z + sex + pmi_z,0.14740133312772954,0.14740133312772954,-0.14740133312772954,0.1904130788043475,117,0.03402135724459461,0.5,/Users/ashlynsloane/Buck Institute 25-26/ROSMAP Analysis March 26/hsp60_rosmap_publication_ready_repo/outputs/supplemental_figures/audits/COGNITION_LOOKUP_SELECTED_FOR_SUPPLEMENTAL_NULL.csv,cognition_composite_score,NA,0.03402135724459461,2,0,FALSE,0.3256578947368421,0.40131578947368424,0.23190789473684212
background_null_pool,GATM,covariate_adjusted_no_CERAD,protein_z ~ braak_z + age_z + sex + pmi_z,0.07855135833430353,0.07855135833430353,-0.07855135833430353,0.4677847528701069,117,-0.10766046868004384,0.5,/Users/ashlynsloane/Buck Institute 25-26/ROSMAP Analysis March 26/hsp60_rosmap_publication_ready_repo/outputs/supplemental_figures/audits/COGNITION_LOOKUP_SELECTED_FOR_SUPPLEMENTAL_NULL.csv,cognition_composite_score,NA,0.10766046868004384,5,0,FALSE,0.029605263157894735,0.047697368421052634,0.23190789473684212
background_null_pool,GCDH,covariate_adjusted_no_CERAD,protein_z ~ braak_z + age_z + sex + pmi_z,0.0014132509010782418,0.0014132509010782418,-0.0014132509010782418,0.989291593032233,117,0.05045804219345097,0,/Users/ashlynsloane/Buck Institute 25-26/ROSMAP Analysis March 26/hsp60_rosmap_publication_ready_repo/outputs/supplemental_figures/audits/COGNITION_LOOKUP_SELECTED_FOR_SUPPLEMENTAL_NULL.csv,cognition_composite_score,NA,0.05045804219345097,3,0,FALSE,0.39144736842105265,0.46710526315789475,0
background_null_pool,GCSH,covariate_adjusted_no_CERAD,protein_z ~ braak_z + age_z + sex + pmi_z,0.2530144601048955,0.2530144601048955,-0.2530144601048955,0.018999128269943828,117,0.08088894065797007,5.5,/Users/ashlynsloane/Buck Institute 25-26/ROSMAP Analysis March 26/hsp60_rosmap_publication_ready_repo/outputs/supplemental_figures/audits/COGNITION_LOOKUP_SELECTED_FOR_SUPPLEMENTAL_NULL.csv,cognition_composite_score,NA,0.08088894065797007,4,0,FALSE,0.5493421052631579,0.5953947368421053,0.7845394736842105
background_null_pool,GDAP1,covariate_adjusted_no_CERAD,protein_z ~ braak_z + age_z + sex + pmi_z,0.017536284187895473,0.017536284187895473,-0.017536284187895473,0.8561445175932322,117,0.12680165783745254,1.5,/Users/ashlynsloane/Buck Institute 25-26/ROSMAP Analysis March 26/hsp60_rosmap_publication_ready_repo/outputs/supplemental_figures/audits/COGNITION_LOOKUP_SELECTED_FOR_SUPPLEMENTAL_NULL.csv,cognition_composite_score,NA,0.12680165783745254,5,0,FALSE,0.7615131578947368,0.8108552631578947,0.5986842105263158
background_null_pool,GFER,covariate_adjusted_no_CERAD,protein_z ~ braak_z + age_z + sex + pmi_z,0.07577485968156283,0.07577485968156283,-0.07577485968156283,0.47542601680106933,117,0.10012654517070618,5.5,/Users/ashlynsloane/Buck Institute 25-26/ROSMAP Analysis March 26/hsp60_rosmap_publication_ready_repo/outputs/supplemental_figures/audits/COGNITION_LOOKUP_SELECTED_FOR_SUPPLEMENTAL_NULL.csv,cognition_composite_score,NA,0.10012654517070618,4,0,FALSE,0.6447368421052632,0.7664473684210527,0.7845394736842105
background_null_pool,GHITM,covariate_adjusted_no_CERAD,protein_z ~ braak_z + age_z + sex + pmi_z,0.26599397309794887,0.26599397309794887,-0.26599397309794887,0.019101159847651906,117,0.10971420179058472,8.5,/Users/ashlynsloane/Buck Institute 25-26/ROSMAP Analysis March 26/hsp60_rosmap_publication_ready_repo/outputs/supplemental_figures/audits/COGNITION_LOOKUP_SELECTED_FOR_SUPPLEMENTAL_NULL.csv,cognition_composite_score,NA,0.10971420179058472,5,0,FALSE,0.6776315789473685,0.6907894736842105,0.8552631578947368
background_null_pool,GLOD4,covariate_adjusted_no_CERAD,protein_z ~ braak_z + age_z + sex + pmi_z,0.1669700119788492,0.1669700119788492,-0.1669700119788492,0.1346454787532172,117,-0.09814806837350068,0,/Users/ashlynsloane/Buck Institute 25-26/ROSMAP Analysis March 26/hsp60_rosmap_publication_ready_repo/outputs/supplemental_figures/audits/COGNITION_LOOKUP_SELECTED_FOR_SUPPLEMENTAL_NULL.csv,cognition_composite_score,NA,0.09814806837350068,4,0,FALSE,0.039473684210526314,0.0625,0
background_null_pool,GLRX2,covariate_adjusted_no_CERAD,protein_z ~ braak_z + age_z + sex + pmi_z,0.21039079449762044,0.21039079449762044,-0.21039079449762044,0.08866152374856778,104,0.10074137136714656,1.5,/Users/ashlynsloane/Buck Institute 25-26/ROSMAP Analysis March 26/hsp60_rosmap_publication_ready_repo/outputs/supplemental_figures/audits/COGNITION_LOOKUP_SELECTED_FOR_SUPPLEMENTAL_NULL.csv,cognition_composite_score,NA,0.10074137136714656,5,0,FALSE,0.649671052631579,0.6891447368421053,0.5986842105263158
background_null_pool,GLS2,covariate_adjusted_no_CERAD,protein_z ~ braak_z + age_z + sex + pmi_z,-0.08192940303950653,-0.08192940303950653,0.08192940303950653,0.47908667493198487,117,0.17691139018087357,0.5,/Users/ashlynsloane/Buck Institute 25-26/ROSMAP Analysis March 26/hsp60_rosmap_publication_ready_repo/outputs/supplemental_figures/audits/COGNITION_LOOKUP_SELECTED_FOR_SUPPLEMENTAL_NULL.csv,cognition_composite_score,NA,0.17691139018087357,5,0,FALSE,0.9078947368421053,0.8947368421052632,0.23190789473684212
background_null_pool,GLUD2,covariate_adjusted_no_CERAD,protein_z ~ braak_z + age_z + sex + pmi_z,0.10283840200185489,0.10283840200185489,-0.10283840200185489,0.32724182475343444,117,0.05984751145581409,0.5,/Users/ashlynsloane/Buck Institute 25-26/ROSMAP Analysis March 26/hsp60_rosmap_publication_ready_repo/outputs/supplemental_figures/audits/COGNITION_LOOKUP_SELECTED_FOR_SUPPLEMENTAL_NULL.csv,cognition_composite_score,NA,0.05984751145581409,3,0,FALSE,0.4342105263157895,0.5197368421052632,0.23190789473684212
background_null_pool,GOLPH3,covariate_adjusted_no_CERAD,protein_z ~ braak_z + age_z + sex + pmi_z,-0.140357742777053,-0.140357742777053,0.140357742777053,0.19362577552748025,117,-0.03238191403964893,0.5,/Users/ashlynsloane/Buck Institute 25-26/ROSMAP Analysis March 26/hsp60_rosmap_publication_ready_repo/outputs/supplemental_figures/audits/COGNITION_LOOKUP_SELECTED_FOR_SUPPLEMENTAL_NULL.csv,cognition_composite_score,NA,0.03238191403964893,2,0,FALSE,0.11677631578947369,0.09703947368421052,0.23190789473684212
background_null_pool,GPD2,covariate_adjusted_no_CERAD,protein_z ~ braak_z + age_z + sex + pmi_z,-0.012546553447084222,-0.012546553447084222,0.012546553447084222,0.9135554901823506,117,0.0419088994142259,0,/Users/ashlynsloane/Buck Institute 25-26/ROSMAP Analysis March 26/hsp60_rosmap_publication_ready_repo/outputs/supplemental_figures/audits/COGNITION_LOOKUP_SELECTED_FOR_SUPPLEMENTAL_NULL.csv,cognition_composite_score,NA,0.0419088994142259,3,0,FALSE,0.35526315789473684,0.3667763157894737,0
background_null_pool,GPX1,covariate_adjusted_no_CERAD,protein_z ~ braak_z + age_z + sex + pmi_z,-0.11201275415593995,-0.11201275415593995,0.11201275415593995,0.2810926203631274,117,-0.03729296149173504,0.5,/Users/ashlynsloane/Buck Institute 25-26/ROSMAP Analysis March 26/hsp60_rosmap_publication_ready_repo/outputs/supplemental_figures/audits/COGNITION_LOOKUP_SELECTED_FOR_SUPPLEMENTAL_NULL.csv,cognition_composite_score,NA,0.03729296149173504,3,0,FALSE,0.11019736842105263,0.11513157894736842,0.23190789473684212
background_null_pool,GPX4,covariate_adjusted_no_CERAD,protein_z ~ braak_z + age_z + sex + pmi_z,0.12745727975947238,0.12745727975947238,-0.12745727975947238,0.21872491162540666,117,0.03283991298326463,1.5,/Users/ashlynsloane/Buck Institute 25-26/ROSMAP Analysis March 26/hsp60_rosmap_publication_ready_repo/outputs/supplemental_figures/audits/COGNITION_LOOKUP_SELECTED_FOR_SUPPLEMENTAL_NULL.csv,cognition_composite_score,NA,0.03283991298326463,2,0,FALSE,0.3223684210526316,0.4243421052631579,0.5986842105263158
background_null_pool,GRHPR,covariate_adjusted_no_CERAD,protein_z ~ braak_z + age_z + sex + pmi_z,-0.12546745156593378,-0.12546745156593378,0.12546745156593378,0.1958206503747179,117,-0.09404511947324652,0,/Users/ashlynsloane/Buck Institute 25-26/ROSMAP Analysis March 26/hsp60_rosmap_publication_ready_repo/outputs/supplemental_figures/audits/COGNITION_LOOKUP_SELECTED_FOR_SUPPLEMENTAL_NULL.csv,cognition_composite_score,NA,0.09404511947324652,4,0,FALSE,0.04276315789473684,0.049342105263157895,0
background_null_pool,GSTZ1,covariate_adjusted_no_CERAD,protein_z ~ braak_z + age_z + sex + pmi_z,0.11306163209977545,0.11306163209977545,-0.11306163209977545,0.268404465491873,117,0.00742094050815014,0.5,/Users/ashlynsloane/Buck Institute 25-26/ROSMAP Analysis March 26/hsp60_rosmap_publication_ready_repo/outputs/supplemental_figures/audits/COGNITION_LOOKUP_SELECTED_FOR_SUPPLEMENTAL_NULL.csv,cognition_composite_score,NA,0.00742094050815014,1,0,FALSE,0.22039473684210525,0.3881578947368421,0.23190789473684212
background_null_pool,GTPBP10,covariate_adjusted_no_CERAD,protein_z ~ braak_z + age_z + sex + pmi_z,0.0881280657318314,0.0881280657318314,-0.0881280657318314,0.414515882324885,117,0.1644920478910812,0,/Users/ashlynsloane/Buck Institute 25-26/ROSMAP Analysis March 26/hsp60_rosmap_publication_ready_repo/outputs/supplemental_figures/audits/COGNITION_LOOKUP_SELECTED_FOR_SUPPLEMENTAL_NULL.csv,cognition_composite_score,NA,0.1644920478910812,5,0,FALSE,0.868421052631579,0.8651315789473685,0
background_null_pool,GTPBP3,covariate_adjusted_no_CERAD,protein_z ~ braak_z + age_z + sex + pmi_z,0.018363200501626854,0.018363200501626854,-0.018363200501626854,0.8644948394988834,112,0.07380837762510366,0.5,/Users/ashlynsloane/Buck Institute 25-26/ROSMAP Analysis March 26/hsp60_rosmap_publication_ready_repo/outputs/supplemental_figures/audits/COGNITION_LOOKUP_SELECTED_FOR_SUPPLEMENTAL_NULL.csv,cognition_composite_score,NA,0.07380837762510366,4,0,FALSE,0.49835526315789475,0.4144736842105263,0.23190789473684212
background_null_pool,GTPBP6,covariate_adjusted_no_CERAD,protein_z ~ braak_z + age_z + sex + pmi_z,-0.03584993179704721,-0.03584993179704721,0.03584993179704721,0.7659802914798888,107,0.01457840890636582,0,/Users/ashlynsloane/Buck Institute 25-26/ROSMAP Analysis March 26/hsp60_rosmap_publication_ready_repo/outputs/supplemental_figures/audits/COGNITION_LOOKUP_SELECTED_FOR_SUPPLEMENTAL_NULL.csv,cognition_composite_score,NA,0.01457840890636582,1,0,FALSE,0.24671052631578946,0.1611842105263158,0
background_null_pool,GUK1,covariate_adjusted_no_CERAD,protein_z ~ braak_z + age_z + sex + pmi_z,0.07402080909185568,0.07402080909185568,-0.07402080909185568,0.48868893351068654,117,0.0177006740916354,0.5,/Users/ashlynsloane/Buck Institute 25-26/ROSMAP Analysis March 26/hsp60_rosmap_publication_ready_repo/outputs/supplemental_figures/audits/COGNITION_LOOKUP_SELECTED_FOR_SUPPLEMENTAL_NULL.csv,cognition_composite_score,NA,0.0177006740916354,2,0,FALSE,0.26151315789473684,0.29769736842105265,0.23190789473684212
background_null_pool,HCCS,covariate_adjusted_no_CERAD,protein_z ~ braak_z + age_z + sex + pmi_z,-0.06579724666923123,-0.06579724666923123,0.06579724666923123,0.5689616623282717,117,0.08077354635521779,3.5,/Users/ashlynsloane/Buck Institute 25-26/ROSMAP Analysis March 26/hsp60_rosmap_publication_ready_repo/outputs/supplemental_figures/audits/COGNITION_LOOKUP_SELECTED_FOR_SUPPLEMENTAL_NULL.csv,cognition_composite_score,NA,0.08077354635521779,4,0,FALSE,0.5476973684210527,0.5263157894736842,0.7532894736842105
background_null_pool,HDHD3,covariate_adjusted_no_CERAD,protein_z ~ braak_z + age_z + sex + pmi_z,-0.16076048556048278,-0.16076048556048278,0.16076048556048278,0.18389590040810327,117,0.02287790934467802,0,/Users/ashlynsloane/Buck Institute 25-26/ROSMAP Analysis March 26/hsp60_rosmap_publication_ready_repo/outputs/supplemental_figures/audits/COGNITION_LOOKUP_SELECTED_FOR_SUPPLEMENTAL_NULL.csv,cognition_composite_score,NA,0.02287790934467802,2,0,FALSE,0.28125,0.40625,0
background_null_pool,HEBP1,covariate_adjusted_no_CERAD,protein_z ~ braak_z + age_z + sex + pmi_z,0.26025227967513975,0.26025227967513975,-0.26025227967513975,0.013843991694546207,117,-0.07921464932026916,0,/Users/ashlynsloane/Buck Institute 25-26/ROSMAP Analysis March 26/hsp60_rosmap_publication_ready_repo/outputs/supplemental_figures/audits/COGNITION_LOOKUP_SELECTED_FOR_SUPPLEMENTAL_NULL.csv,cognition_composite_score,NA,0.07921464932026916,4,0,FALSE,0.05592105263157895,0.0805921052631579,0
background_null_pool,HIBADH,covariate_adjusted_no_CERAD,protein_z ~ braak_z + age_z + sex + pmi_z,0.276968184251836,0.276968184251836,-0.276968184251836,0.011468682351824059,117,0.01514958162299778,0.5,/Users/ashlynsloane/Buck Institute 25-26/ROSMAP Analysis March 26/hsp60_rosmap_publication_ready_repo/outputs/supplemental_figures/audits/COGNITION_LOOKUP_SELECTED_FOR_SUPPLEMENTAL_NULL.csv,cognition_composite_score,NA,0.01514958162299778,1,0,FALSE,0.2532894736842105,0.20888157894736842,0.23190789473684212
background_null_pool,HINT1,covariate_adjusted_no_CERAD,protein_z ~ braak_z + age_z + sex + pmi_z,0.06181942210279647,0.06181942210279647,-0.06181942210279647,0.5518581040284243,117,0.00617356641511496,0,/Users/ashlynsloane/Buck Institute 25-26/ROSMAP Analysis March 26/hsp60_rosmap_publication_ready_repo/outputs/supplemental_figures/audits/COGNITION_LOOKUP_SELECTED_FOR_SUPPLEMENTAL_NULL.csv,cognition_composite_score,NA,0.00617356641511496,1,0,FALSE,0.2138157894736842,0.25493421052631576,0
background_null_pool,HINT3,covariate_adjusted_no_CERAD,protein_z ~ braak_z + age_z + sex + pmi_z,0.14768532273874244,0.14768532273874244,-0.14768532273874244,0.17371950886270565,117,-0.06107960233608294,0,/Users/ashlynsloane/Buck Institute 25-26/ROSMAP Analysis March 26/hsp60_rosmap_publication_ready_repo/outputs/supplemental_figures/audits/COGNITION_LOOKUP_SELECTED_FOR_SUPPLEMENTAL_NULL.csv,cognition_composite_score,NA,0.06107960233608294,4,0,FALSE,0.07894736842105263,0.14144736842105263,0
background_null_pool,HMGCL,covariate_adjusted_no_CERAD,protein_z ~ braak_z + age_z + sex + pmi_z,0.036218914428250086,0.036218914428250086,-0.036218914428250086,0.7478048551601583,117,0.00905364324204912,12.5,/Users/ashlynsloane/Buck Institute 25-26/ROSMAP Analysis March 26/hsp60_rosmap_publication_ready_repo/outputs/supplemental_figures/audits/COGNITION_LOOKUP_SELECTED_FOR_SUPPLEMENTAL_NULL.csv,cognition_composite_score,NA,0.00905364324204912,1,0,FALSE,0.22861842105263158,0.25,0.9342105263157895
background_null_pool,HOGA1,covariate_adjusted_no_CERAD,protein_z ~ braak_z + age_z + sex + pmi_z,-0.23047984887622822,-0.23047984887622822,0.23047984887622822,0.01644712100185186,117,-0.062577650856941,0,/Users/ashlynsloane/Buck Institute 25-26/ROSMAP Analysis March 26/hsp60_rosmap_publication_ready_repo/outputs/supplemental_figures/audits/COGNITION_LOOKUP_SELECTED_FOR_SUPPLEMENTAL_NULL.csv,cognition_composite_score,NA,0.062577650856941,4,0,FALSE,0.07401315789473684,0.09539473684210527,0
background_null_pool,HSCB,covariate_adjusted_no_CERAD,protein_z ~ braak_z + age_z + sex + pmi_z,0.18349072443087533,0.18349072443087533,-0.18349072443087533,0.09905457628945674,117,0.04369743352324241,0.5,/Users/ashlynsloane/Buck Institute 25-26/ROSMAP Analysis March 26/hsp60_rosmap_publication_ready_repo/outputs/supplemental_figures/audits/COGNITION_LOOKUP_SELECTED_FOR_SUPPLEMENTAL_NULL.csv,cognition_composite_score,NA,0.04369743352324241,3,0,FALSE,0.36348684210526316,0.3338815789473684,0.23190789473684212
background_null_pool,HSD17B4,covariate_adjusted_no_CERAD,protein_z ~ braak_z + age_z + sex + pmi_z,-0.30338040952162254,-0.30338040952162254,0.30338040952162254,0.01208890395490651,117,-0.05544483537716483,0,/Users/ashlynsloane/Buck Institute 25-26/ROSMAP Analysis March 26/hsp60_rosmap_publication_ready_repo/outputs/supplemental_figures/audits/COGNITION_LOOKUP_SELECTED_FOR_SUPPLEMENTAL_NULL.csv,cognition_composite_score,NA,0.05544483537716483,3,0,FALSE,0.08717105263157894,0.10197368421052631,0
background_null_pool,HSDL1,covariate_adjusted_no_CERAD,protein_z ~ braak_z + age_z + sex + pmi_z,-0.17731237083423954,-0.17731237083423954,0.17731237083423954,0.11771099017039886,117,0.04244069973953346,0,/Users/ashlynsloane/Buck Institute 25-26/ROSMAP Analysis March 26/hsp60_rosmap_publication_ready_repo/outputs/supplemental_figures/audits/COGNITION_LOOKUP_SELECTED_FOR_SUPPLEMENTAL_NULL.csv,cognition_composite_score,NA,0.04244069973953346,3,0,FALSE,0.35855263157894735,0.34210526315789475,0
background_null_pool,HSDL2,covariate_adjusted_no_CERAD,protein_z ~ braak_z + age_z + sex + pmi_z,0.08582693796465204,0.08582693796465204,-0.08582693796465204,0.42036701129955956,117,-0.04279097720819441,0.5,/Users/ashlynsloane/Buck Institute 25-26/ROSMAP Analysis March 26/hsp60_rosmap_publication_ready_repo/outputs/supplemental_figures/audits/COGNITION_LOOKUP_SELECTED_FOR_SUPPLEMENTAL_NULL.csv,cognition_composite_score,NA,0.04279097720819441,3,0,FALSE,0.10197368421052631,0.1069078947368421,0.23190789473684212
background_null_pool,HSPD1,covariate_adjusted_no_CERAD,protein_z ~ braak_z + age_z + sex + pmi_z,0.1379352889761837,0.1379352889761837,-0.1379352889761837,0.2218400498502336,117,0.11477945501713956,2.5,/Users/ashlynsloane/Buck Institute 25-26/ROSMAP Analysis March 26/hsp60_rosmap_publication_ready_repo/outputs/supplemental_figures/audits/COGNITION_LOOKUP_SELECTED_FOR_SUPPLEMENTAL_NULL.csv,cognition_composite_score,NA,0.11477945501713956,5,0,FALSE,0.7006578947368421,0.7368421052631579,0.6842105263157895
background_null_pool,HSPE1,covariate_adjusted_no_CERAD,protein_z ~ braak_z + age_z + sex + pmi_z,-0.29780414982863906,-0.29780414982863906,0.29780414982863906,0.009478546037444885,117,0.07387581242441107,1.5,/Users/ashlynsloane/Buck Institute 25-26/ROSMAP Analysis March 26/hsp60_rosmap_publication_ready_repo/outputs/supplemental_figures/audits/COGNITION_LOOKUP_SELECTED_FOR_SUPPLEMENTAL_NULL.csv,cognition_composite_score,NA,0.07387581242441107,4,0,FALSE,0.5,0.569078947368421,0.5986842105263158
background_null_pool,HTATIP2,covariate_adjusted_no_CERAD,protein_z ~ braak_z + age_z + sex + pmi_z,0.10737954318184925,0.10737954318184925,-0.10737954318184925,0.3535728920561989,117,0.03520233436826693,0.5,/Users/ashlynsloane/Buck Institute 25-26/ROSMAP Analysis March 26/hsp60_rosmap_publication_ready_repo/outputs/supplemental_figures/audits/COGNITION_LOOKUP_SELECTED_FOR_SUPPLEMENTAL_NULL.csv,cognition_composite_score,NA,0.03520233436826693,2,0,FALSE,0.3305921052631579,0.5164473684210527,0.23190789473684212
background_null_pool,HTRA2,covariate_adjusted_no_CERAD,protein_z ~ braak_z + age_z + sex + pmi_z,-0.28531206205425336,-0.28531206205425336,0.28531206205425336,0.014995883417879524,117,0.02510640231469883,0,/Users/ashlynsloane/Buck Institute 25-26/ROSMAP Analysis March 26/hsp60_rosmap_publication_ready_repo/outputs/supplemental_figures/audits/COGNITION_LOOKUP_SELECTED_FOR_SUPPLEMENTAL_NULL.csv,cognition_composite_score,NA,0.02510640231469883,2,0,FALSE,0.2911184210526316,0.32894736842105265,0
background_null_pool,IDE,covariate_adjusted_no_CERAD,protein_z ~ braak_z + age_z + sex + pmi_z,0.04051570669405668,0.04051570669405668,-0.04051570669405668,0.7300522770752675,117,0.03266838278131397,0,/Users/ashlynsloane/Buck Institute 25-26/ROSMAP Analysis March 26/hsp60_rosmap_publication_ready_repo/outputs/supplemental_figures/audits/COGNITION_LOOKUP_SELECTED_FOR_SUPPLEMENTAL_NULL.csv,cognition_composite_score,NA,0.03266838278131397,2,0,FALSE,0.3207236842105263,0.30756578947368424,0
background_null_pool,IDH3B,covariate_adjusted_no_CERAD,protein_z ~ braak_z + age_z + sex + pmi_z,0.18975137013126747,0.18975137013126747,-0.18975137013126747,0.08128917913161347,117,0.17069203607913155,3.5,/Users/ashlynsloane/Buck Institute 25-26/ROSMAP Analysis March 26/hsp60_rosmap_publication_ready_repo/outputs/supplemental_figures/audits/COGNITION_LOOKUP_SELECTED_FOR_SUPPLEMENTAL_NULL.csv,cognition_composite_score,NA,0.17069203607913155,5,0,FALSE,0.881578947368421,0.8930921052631579,0.7532894736842105
background_null_pool,IDI1,covariate_adjusted_no_CERAD,protein_z ~ braak_z + age_z + sex + pmi_z,0.16758528048359173,0.16758528048359173,-0.16758528048359173,0.12854889347170742,117,0.05853855603072589,0.5,/Users/ashlynsloane/Buck Institute 25-26/ROSMAP Analysis March 26/hsp60_rosmap_publication_ready_repo/outputs/supplemental_figures/audits/COGNITION_LOOKUP_SELECTED_FOR_SUPPLEMENTAL_NULL.csv,cognition_composite_score,NA,0.05853855603072589,3,0,FALSE,0.4276315789473684,0.5361842105263158,0.23190789473684212
background_null_pool,ISCA1,covariate_adjusted_no_CERAD,protein_z ~ braak_z + age_z + sex + pmi_z,-0.026724588986067294,-0.026724588986067294,0.026724588986067294,0.8067023447972074,117,0.06640604247331665,0.5,/Users/ashlynsloane/Buck Institute 25-26/ROSMAP Analysis March 26/hsp60_rosmap_publication_ready_repo/outputs/supplemental_figures/audits/COGNITION_LOOKUP_SELECTED_FOR_SUPPLEMENTAL_NULL.csv,cognition_composite_score,NA,0.06640604247331665,4,0,FALSE,0.4588815789473684,0.4588815789473684,0.23190789473684212
background_null_pool,ISCA2,covariate_adjusted_no_CERAD,protein_z ~ braak_z + age_z + sex + pmi_z,-0.1039126696234494,-0.1039126696234494,0.1039126696234494,0.30598002321157397,117,0.09713999617355576,9.5,/Users/ashlynsloane/Buck Institute 25-26/ROSMAP Analysis March 26/hsp60_rosmap_publication_ready_repo/outputs/supplemental_figures/audits/COGNITION_LOOKUP_SELECTED_FOR_SUPPLEMENTAL_NULL.csv,cognition_composite_score,NA,0.09713999617355576,4,0,FALSE,0.631578947368421,0.587171052631579,0.875
background_null_pool,ISCU,covariate_adjusted_no_CERAD,protein_z ~ braak_z + age_z + sex + pmi_z,0.08137459412780264,0.08137459412780264,-0.08137459412780264,0.4164531905572266,117,0.18687448423635408,12.5,/Users/ashlynsloane/Buck Institute 25-26/ROSMAP Analysis March 26/hsp60_rosmap_publication_ready_repo/outputs/supplemental_figures/audits/COGNITION_LOOKUP_SELECTED_FOR_SUPPLEMENTAL_NULL.csv,cognition_composite_score,NA,0.18687448423635408,5,0,FALSE,0.9243421052631579,0.9194078947368421,0.9342105263157895
background_null_pool,ISOC2,covariate_adjusted_no_CERAD,protein_z ~ braak_z + age_z + sex + pmi_z,0.15267721098870035,0.15267721098870035,-0.15267721098870035,0.1779575865468171,117,0.02284042138172219,0,/Users/ashlynsloane/Buck Institute 25-26/ROSMAP Analysis March 26/hsp60_rosmap_publication_ready_repo/outputs/supplemental_figures/audits/COGNITION_LOOKUP_SELECTED_FOR_SUPPLEMENTAL_NULL.csv,cognition_composite_score,NA,0.02284042138172219,2,0,FALSE,0.2779605263157895,0.33223684210526316,0
background_null_pool,IVD,covariate_adjusted_no_CERAD,protein_z ~ braak_z + age_z + sex + pmi_z,0.24274689767163343,0.24274689767163343,-0.24274689767163343,0.018539114917699922,117,0.02294993845450482,1.5,/Users/ashlynsloane/Buck Institute 25-26/ROSMAP Analysis March 26/hsp60_rosmap_publication_ready_repo/outputs/supplemental_figures/audits/COGNITION_LOOKUP_SELECTED_FOR_SUPPLEMENTAL_NULL.csv,cognition_composite_score,NA,0.02294993845450482,2,0,FALSE,0.28289473684210525,0.23848684210526316,0.5986842105263158
background_null_pool,L2HGDH,covariate_adjusted_no_CERAD,protein_z ~ braak_z + age_z + sex + pmi_z,0.20590968088154488,0.20590968088154488,-0.20590968088154488,0.06393165580536793,117,0.0967142843229306,12.5,/Users/ashlynsloane/Buck Institute 25-26/ROSMAP Analysis March 26/hsp60_rosmap_publication_ready_repo/outputs/supplemental_figures/audits/COGNITION_LOOKUP_SELECTED_FOR_SUPPLEMENTAL_NULL.csv,cognition_composite_score,NA,0.0967142843229306,4,0,FALSE,0.6299342105263158,0.7138157894736842,0.9342105263157895
background_null_pool,LACTB,covariate_adjusted_no_CERAD,protein_z ~ braak_z + age_z + sex + pmi_z,0.05322911130124141,0.05322911130124141,-0.05322911130124141,0.5948630252564047,117,0.04078390153393532,0.5,/Users/ashlynsloane/Buck Institute 25-26/ROSMAP Analysis March 26/hsp60_rosmap_publication_ready_repo/outputs/supplemental_figures/audits/COGNITION_LOOKUP_SELECTED_FOR_SUPPLEMENTAL_NULL.csv,cognition_composite_score,NA,0.04078390153393532,3,0,FALSE,0.3519736842105263,0.20230263157894737,0.23190789473684212
background_null_pool,LACTB2,covariate_adjusted_no_CERAD,protein_z ~ braak_z + age_z + sex + pmi_z,0.05535880076534839,0.05535880076534839,-0.05535880076534839,0.6153448379237725,117,-0.05200070281312276,0,/Users/ashlynsloane/Buck Institute 25-26/ROSMAP Analysis March 26/hsp60_rosmap_publication_ready_repo/outputs/supplemental_figures/audits/COGNITION_LOOKUP_SELECTED_FOR_SUPPLEMENTAL_NULL.csv,cognition_composite_score,NA,0.05200070281312276,3,0,FALSE,0.09375,0.11677631578947369,0
background_null_pool,LARS2,covariate_adjusted_no_CERAD,protein_z ~ braak_z + age_z + sex + pmi_z,-0.08091007047143668,-0.08091007047143668,0.08091007047143668,0.4400337600499048,117,0.08017783360363179,6.5,/Users/ashlynsloane/Buck Institute 25-26/ROSMAP Analysis March 26/hsp60_rosmap_publication_ready_repo/outputs/supplemental_figures/audits/COGNITION_LOOKUP_SELECTED_FOR_SUPPLEMENTAL_NULL.csv,cognition_composite_score,NA,0.08017783360363179,4,0,FALSE,0.537828947368421,0.6480263157894737,0.819078947368421
background_null_pool,LDHB,covariate_adjusted_no_CERAD,protein_z ~ braak_z + age_z + sex + pmi_z,0.16382544084149325,0.16382544084149325,-0.16382544084149325,0.14953635461716785,117,-0.06125999639277421,0.5,/Users/ashlynsloane/Buck Institute 25-26/ROSMAP Analysis March 26/hsp60_rosmap_publication_ready_repo/outputs/supplemental_figures/audits/COGNITION_LOOKUP_SELECTED_FOR_SUPPLEMENTAL_NULL.csv,cognition_composite_score,NA,0.06125999639277421,4,0,FALSE,0.07730263157894737,0.11348684210526316,0.23190789473684212
background_null_pool,LDHD,covariate_adjusted_no_CERAD,protein_z ~ braak_z + age_z + sex + pmi_z,0.12631409291443293,0.12631409291443293,-0.12631409291443293,0.26651110712165316,117,0.03452367673264116,8.5,/Users/ashlynsloane/Buck Institute 25-26/ROSMAP Analysis March 26/hsp60_rosmap_publication_ready_repo/outputs/supplemental_figures/audits/COGNITION_LOOKUP_SELECTED_FOR_SUPPLEMENTAL_NULL.csv,cognition_composite_score,NA,0.03452367673264116,2,0,FALSE,0.32730263157894735,0.29605263157894735,0.8552631578947368
background_null_pool,LETMD1,covariate_adjusted_no_CERAD,protein_z ~ braak_z + age_z + sex + pmi_z,0.2610867753606222,0.2610867753606222,-0.2610867753606222,0.007236226663562508,117,0.06218633934128129,1.5,/Users/ashlynsloane/Buck Institute 25-26/ROSMAP Analysis March 26/hsp60_rosmap_publication_ready_repo/outputs/supplemental_figures/audits/COGNITION_LOOKUP_SELECTED_FOR_SUPPLEMENTAL_NULL.csv,cognition_composite_score,NA,0.06218633934128129,4,0,FALSE,0.4440789473684211,0.5707236842105263,0.5986842105263158
background_null_pool,LIAS,covariate_adjusted_no_CERAD,protein_z ~ braak_z + age_z + sex + pmi_z,0.056848023469291215,0.056848023469291215,-0.056848023469291215,0.5996767038653938,113,0.09635728886170984,6.5,/Users/ashlynsloane/Buck Institute 25-26/ROSMAP Analysis March 26/hsp60_rosmap_publication_ready_repo/outputs/supplemental_figures/audits/COGNITION_LOOKUP_SELECTED_FOR_SUPPLEMENTAL_NULL.csv,cognition_composite_score,NA,0.09635728886170984,4,0,FALSE,0.6266447368421053,0.5855263157894737,0.819078947368421
background_null_pool,LIG3,covariate_adjusted_no_CERAD,protein_z ~ braak_z + age_z + sex + pmi_z,0.060309898697641556,0.060309898697641556,-0.060309898697641556,0.46437532174826024,117,-0.01689991407000488,0,/Users/ashlynsloane/Buck Institute 25-26/ROSMAP Analysis March 26/hsp60_rosmap_publication_ready_repo/outputs/supplemental_figures/audits/COGNITION_LOOKUP_SELECTED_FOR_SUPPLEMENTAL_NULL.csv,cognition_composite_score,NA,0.01689991407000488,1,0,FALSE,0.15789473684210525,0.14967105263157895,0
background_null_pool,LIPT2,covariate_adjusted_no_CERAD,protein_z ~ braak_z + age_z + sex + pmi_z,0.15218467731529894,0.15218467731529894,-0.15218467731529894,0.14847068659972937,100,0.07112239994575484,5.5,/Users/ashlynsloane/Buck Institute 25-26/ROSMAP Analysis March 26/hsp60_rosmap_publication_ready_repo/outputs/supplemental_figures/audits/COGNITION_LOOKUP_SELECTED_FOR_SUPPLEMENTAL_NULL.csv,cognition_composite_score,NA,0.07112239994575484,4,0,FALSE,0.48355263157894735,0.5148026315789473,0.7845394736842105
background_null_pool,LYPLA1,covariate_adjusted_no_CERAD,protein_z ~ braak_z + age_z + sex + pmi_z,0.0240322966276813,0.0240322966276813,-0.0240322966276813,0.812492265026389,117,0.05510148874583298,6.5,/Users/ashlynsloane/Buck Institute 25-26/ROSMAP Analysis March 26/hsp60_rosmap_publication_ready_repo/outputs/supplemental_figures/audits/COGNITION_LOOKUP_SELECTED_FOR_SUPPLEMENTAL_NULL.csv,cognition_composite_score,NA,0.05510148874583298,3,0,FALSE,0.4128289473684211,0.4276315789473684,0.819078947368421
background_null_pool,LYPLAL1,covariate_adjusted_no_CERAD,protein_z ~ braak_z + age_z + sex + pmi_z,-0.030836743186139177,-0.030836743186139177,0.030836743186139177,0.7775382370186599,117,-0.08617617583485965,0.5,/Users/ashlynsloane/Buck Institute 25-26/ROSMAP Analysis March 26/hsp60_rosmap_publication_ready_repo/outputs/supplemental_figures/audits/COGNITION_LOOKUP_SELECTED_FOR_SUPPLEMENTAL_NULL.csv,cognition_composite_score,NA,0.08617617583485965,4,0,FALSE,0.046052631578947366,0.03289473684210526,0.23190789473684212
background_null_pool,LYRM1,covariate_adjusted_no_CERAD,protein_z ~ braak_z + age_z + sex + pmi_z,-0.056690977834419454,-0.056690977834419454,0.056690977834419454,0.5774307327843222,117,0.16289631800168997,9.5,/Users/ashlynsloane/Buck Institute 25-26/ROSMAP Analysis March 26/hsp60_rosmap_publication_ready_repo/outputs/supplemental_figures/audits/COGNITION_LOOKUP_SELECTED_FOR_SUPPLEMENTAL_NULL.csv,cognition_composite_score,NA,0.16289631800168997,5,0,FALSE,0.8651315789473685,0.743421052631579,0.875
background_null_pool,LYRM2,covariate_adjusted_no_CERAD,protein_z ~ braak_z + age_z + sex + pmi_z,-0.013919164152281322,-0.013919164152281322,0.013919164152281322,0.9081512113078705,112,0.05784910361196676,0.5,/Users/ashlynsloane/Buck Institute 25-26/ROSMAP Analysis March 26/hsp60_rosmap_publication_ready_repo/outputs/supplemental_figures/audits/COGNITION_LOOKUP_SELECTED_FOR_SUPPLEMENTAL_NULL.csv,cognition_composite_score,NA,0.05784910361196676,3,0,FALSE,0.4243421052631579,0.2894736842105263,0.23190789473684212
background_null_pool,LYRM4,covariate_adjusted_no_CERAD,protein_z ~ braak_z + age_z + sex + pmi_z,0.12620778240094147,0.12620778240094147,-0.12620778240094147,0.23488438044004417,117,0.1734144180788727,2.5,/Users/ashlynsloane/Buck Institute 25-26/ROSMAP Analysis March 26/hsp60_rosmap_publication_ready_repo/outputs/supplemental_figures/audits/COGNITION_LOOKUP_SELECTED_FOR_SUPPLEMENTAL_NULL.csv,cognition_composite_score,NA,0.1734144180788727,5,0,FALSE,0.8881578947368421,0.7351973684210527,0.6842105263157895
background_null_pool,LYRM9,covariate_adjusted_no_CERAD,protein_z ~ braak_z + age_z + sex + pmi_z,-0.02104084330664734,-0.02104084330664734,0.02104084330664734,0.8402277897716779,117,0.1562678950415045,1.5,/Users/ashlynsloane/Buck Institute 25-26/ROSMAP Analysis March 26/hsp60_rosmap_publication_ready_repo/outputs/supplemental_figures/audits/COGNITION_LOOKUP_SELECTED_FOR_SUPPLEMENTAL_NULL.csv,cognition_composite_score,NA,0.1562678950415045,5,0,FALSE,0.8486842105263158,0.6743421052631579,0.5986842105263158
background_null_pool,MACROD1,covariate_adjusted_no_CERAD,protein_z ~ braak_z + age_z + sex + pmi_z,-0.15070414477570068,-0.15070414477570068,0.15070414477570068,0.17295977259569412,117,-0.26651466045494404,0,/Users/ashlynsloane/Buck Institute 25-26/ROSMAP Analysis March 26/hsp60_rosmap_publication_ready_repo/outputs/supplemental_figures/audits/COGNITION_LOOKUP_SELECTED_FOR_SUPPLEMENTAL_NULL.csv,cognition_composite_score,NA,0.26651466045494404,5,0,FALSE,0.003289473684210526,0.004934210526315789,0
background_null_pool,MALSU1,covariate_adjusted_no_CERAD,protein_z ~ braak_z + age_z + sex + pmi_z,-0.029253317884224896,-0.029253317884224896,0.029253317884224896,0.7939340906258197,73,0.05511669960461946,0.5,/Users/ashlynsloane/Buck Institute 25-26/ROSMAP Analysis March 26/hsp60_rosmap_publication_ready_repo/outputs/supplemental_figures/audits/COGNITION_LOOKUP_SELECTED_FOR_SUPPLEMENTAL_NULL.csv,cognition_composite_score,NA,0.05511669960461946,3,0,FALSE,0.4144736842105263,0.2944078947368421,0.23190789473684212
background_null_pool,MAOA,covariate_adjusted_no_CERAD,protein_z ~ braak_z + age_z + sex + pmi_z,-0.03931981227505665,-0.03931981227505665,0.03931981227505665,0.717207054451469,117,-0.03124792645488446,0.5,/Users/ashlynsloane/Buck Institute 25-26/ROSMAP Analysis March 26/hsp60_rosmap_publication_ready_repo/outputs/supplemental_figures/audits/COGNITION_LOOKUP_SELECTED_FOR_SUPPLEMENTAL_NULL.csv,cognition_composite_score,NA,0.03124792645488446,2,0,FALSE,0.12171052631578948,0.12006578947368421,0.23190789473684212
background_null_pool,MAOB,covariate_adjusted_no_CERAD,protein_z ~ braak_z + age_z + sex + pmi_z,-0.05922847650003046,-0.05922847650003046,0.05922847650003046,0.585259171100653,117,-0.2499463086715992,0,/Users/ashlynsloane/Buck Institute 25-26/ROSMAP Analysis March 26/hsp60_rosmap_publication_ready_repo/outputs/supplemental_figures/audits/COGNITION_LOOKUP_SELECTED_FOR_SUPPLEMENTAL_NULL.csv,cognition_composite_score,NA,0.2499463086715992,5,0,FALSE,0.004934210526315789,0.003289473684210526,0
background_null_pool,MAVS,covariate_adjusted_no_CERAD,protein_z ~ braak_z + age_z + sex + pmi_z,-0.03666256054410669,-0.03666256054410669,0.03666256054410669,0.7338189989365277,117,-0.04238063916190451,0,/Users/ashlynsloane/Buck Institute 25-26/ROSMAP Analysis March 26/hsp60_rosmap_publication_ready_repo/outputs/supplemental_figures/audits/COGNITION_LOOKUP_SELECTED_FOR_SUPPLEMENTAL_NULL.csv,cognition_composite_score,NA,0.04238063916190451,3,0,FALSE,0.10361842105263158,0.11019736842105263,0
background_null_pool,MCAT,covariate_adjusted_no_CERAD,protein_z ~ braak_z + age_z + sex + pmi_z,-0.11859802887199371,-0.11859802887199371,0.11859802887199371,0.3077700218149623,117,0.09266509445514028,9.5,/Users/ashlynsloane/Buck Institute 25-26/ROSMAP Analysis March 26/hsp60_rosmap_publication_ready_repo/outputs/supplemental_figures/audits/COGNITION_LOOKUP_SELECTED_FOR_SUPPLEMENTAL_NULL.csv,cognition_composite_score,NA,0.09266509445514028,4,0,FALSE,0.6069078947368421,0.4934210526315789,0.875
background_null_pool,MCCC1,covariate_adjusted_no_CERAD,protein_z ~ braak_z + age_z + sex + pmi_z,0.040553003743329756,0.040553003743329756,-0.040553003743329756,0.7260478180983501,117,-0.00944963340097293,0.5,/Users/ashlynsloane/Buck Institute 25-26/ROSMAP Analysis March 26/hsp60_rosmap_publication_ready_repo/outputs/supplemental_figures/audits/COGNITION_LOOKUP_SELECTED_FOR_SUPPLEMENTAL_NULL.csv,cognition_composite_score,NA,0.00944963340097293,1,0,FALSE,0.17269736842105263,0.14309210526315788,0.23190789473684212
background_null_pool,MCEE,covariate_adjusted_no_CERAD,protein_z ~ braak_z + age_z + sex + pmi_z,-0.21244520754295929,-0.21244520754295929,0.21244520754295929,0.04595704290595766,117,0.07770862982606883,0,/Users/ashlynsloane/Buck Institute 25-26/ROSMAP Analysis March 26/hsp60_rosmap_publication_ready_repo/outputs/supplemental_figures/audits/COGNITION_LOOKUP_SELECTED_FOR_SUPPLEMENTAL_NULL.csv,cognition_composite_score,NA,0.07770862982606883,4,0,FALSE,0.5164473684210527,0.6529605263157895,0
background_null_pool,MCU,covariate_adjusted_no_CERAD,protein_z ~ braak_z + age_z + sex + pmi_z,0.1093188183928827,0.1093188183928827,-0.1093188183928827,0.2625937731191562,117,0.14291435788023485,0.5,/Users/ashlynsloane/Buck Institute 25-26/ROSMAP Analysis March 26/hsp60_rosmap_publication_ready_repo/outputs/supplemental_figures/audits/COGNITION_LOOKUP_SELECTED_FOR_SUPPLEMENTAL_NULL.csv,cognition_composite_score,NA,0.14291435788023485,5,0,FALSE,0.8141447368421053,0.8289473684210527,0.23190789473684212
background_null_pool,MCUR1,covariate_adjusted_no_CERAD,protein_z ~ braak_z + age_z + sex + pmi_z,-0.18588992918685018,-0.18588992918685018,0.18588992918685018,0.10165437056163325,117,-0.00792129700363091,0.5,/Users/ashlynsloane/Buck Institute 25-26/ROSMAP Analysis March 26/hsp60_rosmap_publication_ready_repo/outputs/supplemental_figures/audits/COGNITION_LOOKUP_SELECTED_FOR_SUPPLEMENTAL_NULL.csv,cognition_composite_score,NA,0.00792129700363091,1,0,FALSE,0.17598684210526316,0.2138157894736842,0.23190789473684212
background_null_pool,ME3,covariate_adjusted_no_CERAD,protein_z ~ braak_z + age_z + sex + pmi_z,0.05071871180459797,0.05071871180459797,-0.05071871180459797,0.5633817875366569,117,0.11752534046798148,3.5,/Users/ashlynsloane/Buck Institute 25-26/ROSMAP Analysis March 26/hsp60_rosmap_publication_ready_repo/outputs/supplemental_figures/audits/COGNITION_LOOKUP_SELECTED_FOR_SUPPLEMENTAL_NULL.csv,cognition_composite_score,NA,0.11752534046798148,5,0,FALSE,0.712171052631579,0.7450657894736842,0.7532894736842105
background_null_pool,MECR,covariate_adjusted_no_CERAD,protein_z ~ braak_z + age_z + sex + pmi_z,0.03808883725231786,0.03808883725231786,-0.03808883725231786,0.7189648754213401,117,0.1256278330110403,12.5,/Users/ashlynsloane/Buck Institute 25-26/ROSMAP Analysis March 26/hsp60_rosmap_publication_ready_repo/outputs/supplemental_figures/audits/COGNITION_LOOKUP_SELECTED_FOR_SUPPLEMENTAL_NULL.csv,cognition_composite_score,NA,0.1256278330110403,5,0,FALSE,0.7483552631578947,0.8042763157894737,0.9342105263157895
background_null_pool,METAP1D,covariate_adjusted_no_CERAD,protein_z ~ braak_z + age_z + sex + pmi_z,-0.09630964395195116,-0.09630964395195116,0.09630964395195116,0.47076641982509726,73,-0.00136902478636476,5.5,/Users/ashlynsloane/Buck Institute 25-26/ROSMAP Analysis March 26/hsp60_rosmap_publication_ready_repo/outputs/supplemental_figures/audits/COGNITION_LOOKUP_SELECTED_FOR_SUPPLEMENTAL_NULL.csv,cognition_composite_score,NA,0.00136902478636476,1,0,FALSE,0.1924342105263158,0.20723684210526316,0.7845394736842105
background_null_pool,METTL5,covariate_adjusted_no_CERAD,protein_z ~ braak_z + age_z + sex + pmi_z,-0.14333539447147825,-0.14333539447147825,0.14333539447147825,0.3371055859042996,70,-0.0809000144320337,0,/Users/ashlynsloane/Buck Institute 25-26/ROSMAP Analysis March 26/hsp60_rosmap_publication_ready_repo/outputs/supplemental_figures/audits/COGNITION_LOOKUP_SELECTED_FOR_SUPPLEMENTAL_NULL.csv,cognition_composite_score,NA,0.0809000144320337,4,0,FALSE,0.05263157894736842,0.04276315789473684,0
background_null_pool,MFF,covariate_adjusted_no_CERAD,protein_z ~ braak_z + age_z + sex + pmi_z,0.021769577000420086,0.021769577000420086,-0.021769577000420086,0.8534277200016694,117,0.12513141665618224,9.5,/Users/ashlynsloane/Buck Institute 25-26/ROSMAP Analysis March 26/hsp60_rosmap_publication_ready_repo/outputs/supplemental_figures/audits/COGNITION_LOOKUP_SELECTED_FOR_SUPPLEMENTAL_NULL.csv,cognition_composite_score,NA,0.12513141665618224,5,0,FALSE,0.7450657894736842,0.7845394736842105,0.875
background_null_pool,MFN1,covariate_adjusted_no_CERAD,protein_z ~ braak_z + age_z + sex + pmi_z,-0.0015235736006933066,-0.0015235736006933066,0.0015235736006933066,0.9877376038166011,117,-0.012909309806209,0.5,/Users/ashlynsloane/Buck Institute 25-26/ROSMAP Analysis March 26/hsp60_rosmap_publication_ready_repo/outputs/supplemental_figures/audits/COGNITION_LOOKUP_SELECTED_FOR_SUPPLEMENTAL_NULL.csv,cognition_composite_score,NA,0.012909309806209,1,0,FALSE,0.16776315789473684,0.1924342105263158,0.23190789473684212
background_null_pool,MFN2,covariate_adjusted_no_CERAD,protein_z ~ braak_z + age_z + sex + pmi_z,0.09808789726006643,0.09808789726006643,-0.09808789726006643,0.3577218294048903,117,0.11310169794766882,12.5,/Users/ashlynsloane/Buck Institute 25-26/ROSMAP Analysis March 26/hsp60_rosmap_publication_ready_repo/outputs/supplemental_figures/audits/COGNITION_LOOKUP_SELECTED_FOR_SUPPLEMENTAL_NULL.csv,cognition_composite_score,NA,0.11310169794766882,5,0,FALSE,0.6907894736842105,0.7631578947368421,0.9342105263157895
background_null_pool,MGARP,covariate_adjusted_no_CERAD,protein_z ~ braak_z + age_z + sex + pmi_z,0.023702551576355965,0.023702551576355965,-0.023702551576355965,0.7575692004215653,100,-0.02884659258089014,0,/Users/ashlynsloane/Buck Institute 25-26/ROSMAP Analysis March 26/hsp60_rosmap_publication_ready_repo/outputs/supplemental_figures/audits/COGNITION_LOOKUP_SELECTED_FOR_SUPPLEMENTAL_NULL.csv,cognition_composite_score,NA,0.02884659258089014,2,0,FALSE,0.13322368421052633,0.13651315789473684,0
background_null_pool,MGST1,covariate_adjusted_no_CERAD,protein_z ~ braak_z + age_z + sex + pmi_z,-0.057768158291137746,-0.057768158291137746,0.057768158291137746,0.5869087888490556,117,-0.2351269887068184,0,/Users/ashlynsloane/Buck Institute 25-26/ROSMAP Analysis March 26/hsp60_rosmap_publication_ready_repo/outputs/supplemental_figures/audits/COGNITION_LOOKUP_SELECTED_FOR_SUPPLEMENTAL_NULL.csv,cognition_composite_score,NA,0.2351269887068184,5,0,FALSE,0.006578947368421052,0.008223684210526315,0
background_null_pool,MGST3,covariate_adjusted_no_CERAD,protein_z ~ braak_z + age_z + sex + pmi_z,0.18577731858969093,0.18577731858969093,-0.18577731858969093,0.08501774486504175,117,0.14847026598668642,2.5,/Users/ashlynsloane/Buck Institute 25-26/ROSMAP Analysis March 26/hsp60_rosmap_publication_ready_repo/outputs/supplemental_figures/audits/COGNITION_LOOKUP_SELECTED_FOR_SUPPLEMENTAL_NULL.csv,cognition_composite_score,NA,0.14847026598668642,5,0,FALSE,0.8289473684210527,0.8914473684210527,0.6842105263157895
background_null_pool,MICU1,covariate_adjusted_no_CERAD,protein_z ~ braak_z + age_z + sex + pmi_z,-0.04044538105364108,-0.04044538105364108,0.04044538105364108,0.6910846519929059,117,0.09364605192392614,1.5,/Users/ashlynsloane/Buck Institute 25-26/ROSMAP Analysis March 26/hsp60_rosmap_publication_ready_repo/outputs/supplemental_figures/audits/COGNITION_LOOKUP_SELECTED_FOR_SUPPLEMENTAL_NULL.csv,cognition_composite_score,NA,0.09364605192392614,4,0,FALSE,0.6101973684210527,0.6332236842105263,0.5986842105263158
background_null_pool,MICU2,covariate_adjusted_no_CERAD,protein_z ~ braak_z + age_z + sex + pmi_z,-0.21773943001886517,-0.21773943001886517,0.21773943001886517,0.15600299234856357,64,-0.02879566502658883,0.5,/Users/ashlynsloane/Buck Institute 25-26/ROSMAP Analysis March 26/hsp60_rosmap_publication_ready_repo/outputs/supplemental_figures/audits/COGNITION_LOOKUP_SELECTED_FOR_SUPPLEMENTAL_NULL.csv,cognition_composite_score,NA,0.02879566502658883,2,0,FALSE,0.13486842105263158,0.08881578947368421,0.23190789473684212
background_null_pool,MICU3,covariate_adjusted_no_CERAD,protein_z ~ braak_z + age_z + sex + pmi_z,-0.0825905384849871,-0.0825905384849871,0.0825905384849871,0.42245639159476434,117,0.12726415378747297,0.5,/Users/ashlynsloane/Buck Institute 25-26/ROSMAP Analysis March 26/hsp60_rosmap_publication_ready_repo/outputs/supplemental_figures/audits/COGNITION_LOOKUP_SELECTED_FOR_SUPPLEMENTAL_NULL.csv,cognition_composite_score,NA,0.12726415378747297,5,0,FALSE,0.7648026315789473,0.75,0.23190789473684212
background_null_pool,MIEF1,covariate_adjusted_no_CERAD,protein_z ~ braak_z + age_z + sex + pmi_z,0.0046872149115403045,0.0046872149115403045,-0.0046872149115403045,0.9686888203000887,117,0.04953445589592412,0.5,/Users/ashlynsloane/Buck Institute 25-26/ROSMAP Analysis March 26/hsp60_rosmap_publication_ready_repo/outputs/supplemental_figures/audits/COGNITION_LOOKUP_SELECTED_FOR_SUPPLEMENTAL_NULL.csv,cognition_composite_score,NA,0.04953445589592412,3,0,FALSE,0.3881578947368421,0.4375,0.23190789473684212
background_null_pool,MLYCD,covariate_adjusted_no_CERAD,protein_z ~ braak_z + age_z + sex + pmi_z,-0.03358532137345577,-0.03358532137345577,0.03358532137345577,0.7411664648550991,117,0.09590031398281576,6.5,/Users/ashlynsloane/Buck Institute 25-26/ROSMAP Analysis March 26/hsp60_rosmap_publication_ready_repo/outputs/supplemental_figures/audits/COGNITION_LOOKUP_SELECTED_FOR_SUPPLEMENTAL_NULL.csv,cognition_composite_score,NA,0.09590031398281576,4,0,FALSE,0.6200657894736842,0.625,0.819078947368421
background_null_pool,MMAA,covariate_adjusted_no_CERAD,protein_z ~ braak_z + age_z + sex + pmi_z,0.1209139591214916,0.1209139591214916,-0.1209139591214916,0.22208831109582755,117,0.06554708884755812,0,/Users/ashlynsloane/Buck Institute 25-26/ROSMAP Analysis March 26/hsp60_rosmap_publication_ready_repo/outputs/supplemental_figures/audits/COGNITION_LOOKUP_SELECTED_FOR_SUPPLEMENTAL_NULL.csv,cognition_composite_score,NA,0.06554708884755812,4,0,FALSE,0.45723684210526316,0.4967105263157895,0
background_null_pool,MOCS1,covariate_adjusted_no_CERAD,protein_z ~ braak_z + age_z + sex + pmi_z,-0.19978136222575452,-0.19978136222575452,0.19978136222575452,0.07533393069608442,117,0.06851872259169467,1.5,/Users/ashlynsloane/Buck Institute 25-26/ROSMAP Analysis March 26/hsp60_rosmap_publication_ready_repo/outputs/supplemental_figures/audits/COGNITION_LOOKUP_SELECTED_FOR_SUPPLEMENTAL_NULL.csv,cognition_composite_score,NA,0.06851872259169467,4,0,FALSE,0.47039473684210525,0.42269736842105265,0.5986842105263158
background_null_pool,MPC1,covariate_adjusted_no_CERAD,protein_z ~ braak_z + age_z + sex + pmi_z,-0.11841105937987204,-0.11841105937987204,0.11841105937987204,0.309293225193459,112,0.08222717639641902,2.5,/Users/ashlynsloane/Buck Institute 25-26/ROSMAP Analysis March 26/hsp60_rosmap_publication_ready_repo/outputs/supplemental_figures/audits/COGNITION_LOOKUP_SELECTED_FOR_SUPPLEMENTAL_NULL.csv,cognition_composite_score,NA,0.08222717639641902,4,0,FALSE,0.5575657894736842,0.3305921052631579,0.6842105263157895
background_null_pool,MPC2,covariate_adjusted_no_CERAD,protein_z ~ braak_z + age_z + sex + pmi_z,0.1694396931686456,0.1694396931686456,-0.1694396931686456,0.12108182020095831,117,0.1383288999743958,12.5,/Users/ashlynsloane/Buck Institute 25-26/ROSMAP Analysis March 26/hsp60_rosmap_publication_ready_repo/outputs/supplemental_figures/audits/COGNITION_LOOKUP_SELECTED_FOR_SUPPLEMENTAL_NULL.csv,cognition_composite_score,NA,0.1383288999743958,5,0,FALSE,0.8009868421052632,0.8009868421052632,0.9342105263157895
background_null_pool,MPST,covariate_adjusted_no_CERAD,protein_z ~ braak_z + age_z + sex + pmi_z,-0.15425261031510956,-0.15425261031510956,0.15425261031510956,0.1691485847030519,117,-0.1322353244944829,0,/Users/ashlynsloane/Buck Institute 25-26/ROSMAP Analysis March 26/hsp60_rosmap_publication_ready_repo/outputs/supplemental_figures/audits/COGNITION_LOOKUP_SELECTED_FOR_SUPPLEMENTAL_NULL.csv,cognition_composite_score,NA,0.1322353244944829,5,0,FALSE,0.01644736842105263,0.019736842105263157,0
background_null_pool,MPV17,covariate_adjusted_no_CERAD,protein_z ~ braak_z + age_z + sex + pmi_z,-0.1058078320893822,-0.1058078320893822,0.1058078320893822,0.3269868934285628,117,0.1160201600638687,2.5,/Users/ashlynsloane/Buck Institute 25-26/ROSMAP Analysis March 26/hsp60_rosmap_publication_ready_repo/outputs/supplemental_figures/audits/COGNITION_LOOKUP_SELECTED_FOR_SUPPLEMENTAL_NULL.csv,cognition_composite_score,NA,0.1160201600638687,5,0,FALSE,0.7088815789473685,0.5674342105263158,0.6842105263157895
background_null_pool,MRM1,covariate_adjusted_no_CERAD,protein_z ~ braak_z + age_z + sex + pmi_z,0.21020493838019735,0.21020493838019735,-0.21020493838019735,0.09240830070687203,89,0.07701261174049225,0.5,/Users/ashlynsloane/Buck Institute 25-26/ROSMAP Analysis March 26/hsp60_rosmap_publication_ready_repo/outputs/supplemental_figures/audits/COGNITION_LOOKUP_SELECTED_FOR_SUPPLEMENTAL_NULL.csv,cognition_composite_score,NA,0.07701261174049225,4,0,FALSE,0.5131578947368421,0.4309210526315789,0.23190789473684212
background_null_pool,MRPL1,covariate_adjusted_no_CERAD,protein_z ~ braak_z + age_z + sex + pmi_z,0.044989246173510994,0.044989246173510994,-0.044989246173510994,0.6902119630394623,117,0.14870015120277297,12.5,/Users/ashlynsloane/Buck Institute 25-26/ROSMAP Analysis March 26/hsp60_rosmap_publication_ready_repo/outputs/supplemental_figures/audits/COGNITION_LOOKUP_SELECTED_FOR_SUPPLEMENTAL_NULL.csv,cognition_composite_score,NA,0.14870015120277297,5,0,FALSE,0.8322368421052632,0.7549342105263158,0.9342105263157895
background_null_pool,MRPL11,covariate_adjusted_no_CERAD,protein_z ~ braak_z + age_z + sex + pmi_z,0.03956721413038379,0.03956721413038379,-0.03956721413038379,0.7221071438160724,117,0.14274428642077722,9.5,/Users/ashlynsloane/Buck Institute 25-26/ROSMAP Analysis March 26/hsp60_rosmap_publication_ready_repo/outputs/supplemental_figures/audits/COGNITION_LOOKUP_SELECTED_FOR_SUPPLEMENTAL_NULL.csv,cognition_composite_score,NA,0.14274428642077722,5,0,FALSE,0.8125,0.7105263157894737,0.875
background_null_pool,MRPL12,covariate_adjusted_no_CERAD,protein_z ~ braak_z + age_z + sex + pmi_z,0.0057314880766585335,0.0057314880766585335,-0.0057314880766585335,0.9616156881171478,117,0.1568347079107278,9.5,/Users/ashlynsloane/Buck Institute 25-26/ROSMAP Analysis March 26/hsp60_rosmap_publication_ready_repo/outputs/supplemental_figures/audits/COGNITION_LOOKUP_SELECTED_FOR_SUPPLEMENTAL_NULL.csv,cognition_composite_score,NA,0.1568347079107278,5,0,FALSE,0.850328947368421,0.8157894736842105,0.875
background_null_pool,MRPL17,covariate_adjusted_no_CERAD,protein_z ~ braak_z + age_z + sex + pmi_z,-0.03150602216527653,-0.03150602216527653,0.03150602216527653,0.7893961296198828,117,0.134688757844553,2.5,/Users/ashlynsloane/Buck Institute 25-26/ROSMAP Analysis March 26/hsp60_rosmap_publication_ready_repo/outputs/supplemental_figures/audits/COGNITION_LOOKUP_SELECTED_FOR_SUPPLEMENTAL_NULL.csv,cognition_composite_score,NA,0.134688757844553,5,0,FALSE,0.7927631578947368,0.6875,0.6842105263157895
background_null_pool,MRPL18,covariate_adjusted_no_CERAD,protein_z ~ braak_z + age_z + sex + pmi_z,0.03905832663344943,0.03905832663344943,-0.03905832663344943,0.7160335844039211,117,0.090958928129515,0.5,/Users/ashlynsloane/Buck Institute 25-26/ROSMAP Analysis March 26/hsp60_rosmap_publication_ready_repo/outputs/supplemental_figures/audits/COGNITION_LOOKUP_SELECTED_FOR_SUPPLEMENTAL_NULL.csv,cognition_composite_score,NA,0.090958928129515,4,0,FALSE,0.5953947368421053,0.4128289473684211,0.23190789473684212
background_null_pool,MRPL2,covariate_adjusted_no_CERAD,protein_z ~ braak_z + age_z + sex + pmi_z,0.06318310607474976,0.06318310607474976,-0.06318310607474976,0.5894110133638419,117,0.17544235421784973,9.5,/Users/ashlynsloane/Buck Institute 25-26/ROSMAP Analysis March 26/hsp60_rosmap_publication_ready_repo/outputs/supplemental_figures/audits/COGNITION_LOOKUP_SELECTED_FOR_SUPPLEMENTAL_NULL.csv,cognition_composite_score,NA,0.17544235421784973,5,0,FALSE,0.9013157894736842,0.6677631578947368,0.875
background_null_pool,MRPL20,covariate_adjusted_no_CERAD,protein_z ~ braak_z + age_z + sex + pmi_z,0.026123935841184057,0.026123935841184057,-0.026123935841184057,0.8250567410900682,113,0.14341568914775502,9.5,/Users/ashlynsloane/Buck Institute 25-26/ROSMAP Analysis March 26/hsp60_rosmap_publication_ready_repo/outputs/supplemental_figures/audits/COGNITION_LOOKUP_SELECTED_FOR_SUPPLEMENTAL_NULL.csv,cognition_composite_score,NA,0.14341568914775502,5,0,FALSE,0.8174342105263158,0.5838815789473685,0.875
background_null_pool,MRPL21,covariate_adjusted_no_CERAD,protein_z ~ braak_z + age_z + sex + pmi_z,-0.017919066556791742,-0.017919066556791742,0.017919066556791742,0.8509548345371833,117,0.11977198943268404,9.5,/Users/ashlynsloane/Buck Institute 25-26/ROSMAP Analysis March 26/hsp60_rosmap_publication_ready_repo/outputs/supplemental_figures/audits/COGNITION_LOOKUP_SELECTED_FOR_SUPPLEMENTAL_NULL.csv,cognition_composite_score,NA,0.11977198943268404,5,0,FALSE,0.725328947368421,0.6578947368421053,0.875
background_null_pool,MRPL24,covariate_adjusted_no_CERAD,protein_z ~ braak_z + age_z + sex + pmi_z,0.022947939427428742,0.022947939427428742,-0.022947939427428742,0.839611972507164,117,0.14209127215803252,12.5,/Users/ashlynsloane/Buck Institute 25-26/ROSMAP Analysis March 26/hsp60_rosmap_publication_ready_repo/outputs/supplemental_figures/audits/COGNITION_LOOKUP_SELECTED_FOR_SUPPLEMENTAL_NULL.csv,cognition_composite_score,NA,0.14209127215803252,5,0,FALSE,0.8108552631578947,0.71875,0.9342105263157895
background_null_pool,MRPL27,covariate_adjusted_no_CERAD,protein_z ~ braak_z + age_z + sex + pmi_z,0.05163732675975317,0.05163732675975317,-0.05163732675975317,0.635134778763106,117,0.11947975621935168,2.5,/Users/ashlynsloane/Buck Institute 25-26/ROSMAP Analysis March 26/hsp60_rosmap_publication_ready_repo/outputs/supplemental_figures/audits/COGNITION_LOOKUP_SELECTED_FOR_SUPPLEMENTAL_NULL.csv,cognition_composite_score,NA,0.11947975621935168,5,0,FALSE,0.7203947368421053,0.5592105263157895,0.6842105263157895
background_null_pool,MRPL28,covariate_adjusted_no_CERAD,protein_z ~ braak_z + age_z + sex + pmi_z,0.030712342203646263,0.030712342203646263,-0.030712342203646263,0.7727035122966215,117,0.1258469804595491,12.5,/Users/ashlynsloane/Buck Institute 25-26/ROSMAP Analysis March 26/hsp60_rosmap_publication_ready_repo/outputs/supplemental_figures/audits/COGNITION_LOOKUP_SELECTED_FOR_SUPPLEMENTAL_NULL.csv,cognition_composite_score,NA,0.1258469804595491,5,0,FALSE,0.7516447368421053,0.6661184210526315,0.9342105263157895
background_null_pool,MRPL30,covariate_adjusted_no_CERAD,protein_z ~ braak_z + age_z + sex + pmi_z,0.07887168617844113,0.07887168617844113,-0.07887168617844113,0.4469853053033611,115,0.10731052471513484,2.5,/Users/ashlynsloane/Buck Institute 25-26/ROSMAP Analysis March 26/hsp60_rosmap_publication_ready_repo/outputs/supplemental_figures/audits/COGNITION_LOOKUP_SELECTED_FOR_SUPPLEMENTAL_NULL.csv,cognition_composite_score,NA,0.10731052471513484,5,0,FALSE,0.6726973684210527,0.6118421052631579,0.6842105263157895
background_null_pool,MRPL32,covariate_adjusted_no_CERAD,protein_z ~ braak_z + age_z + sex + pmi_z,-0.05405002062858824,-0.05405002062858824,0.05405002062858824,0.655430214196598,112,0.08801371351470416,9.5,/Users/ashlynsloane/Buck Institute 25-26/ROSMAP Analysis March 26/hsp60_rosmap_publication_ready_repo/outputs/supplemental_figures/audits/COGNITION_LOOKUP_SELECTED_FOR_SUPPLEMENTAL_NULL.csv,cognition_composite_score,NA,0.08801371351470416,4,0,FALSE,0.5805921052631579,0.39144736842105265,0.875
background_null_pool,MRPL33,covariate_adjusted_no_CERAD,protein_z ~ braak_z + age_z + sex + pmi_z,0.051237696040561546,0.051237696040561546,-0.051237696040561546,0.6525573112144428,113,0.1618563471906293,8.5,/Users/ashlynsloane/Buck Institute 25-26/ROSMAP Analysis March 26/hsp60_rosmap_publication_ready_repo/outputs/supplemental_figures/audits/COGNITION_LOOKUP_SELECTED_FOR_SUPPLEMENTAL_NULL.csv,cognition_composite_score,NA,0.1618563471906293,5,0,FALSE,0.8601973684210527,0.8470394736842105,0.8552631578947368
background_null_pool,MRPL34,covariate_adjusted_no_CERAD,protein_z ~ braak_z + age_z + sex + pmi_z,-0.09883515637518409,-0.09883515637518409,0.09883515637518409,0.474193389888094,97,0.1386713503452113,0.5,/Users/ashlynsloane/Buck Institute 25-26/ROSMAP Analysis March 26/hsp60_rosmap_publication_ready_repo/outputs/supplemental_figures/audits/COGNITION_LOOKUP_SELECTED_FOR_SUPPLEMENTAL_NULL.csv,cognition_composite_score,NA,0.1386713503452113,5,0,FALSE,0.8026315789473685,0.6381578947368421,0.23190789473684212
background_null_pool,MRPL40,covariate_adjusted_no_CERAD,protein_z ~ braak_z + age_z + sex + pmi_z,0.04826441274444791,0.04826441274444791,-0.04826441274444791,0.6685158547643726,117,0.12008373444624272,1.5,/Users/ashlynsloane/Buck Institute 25-26/ROSMAP Analysis March 26/hsp60_rosmap_publication_ready_repo/outputs/supplemental_figures/audits/COGNITION_LOOKUP_SELECTED_FOR_SUPPLEMENTAL_NULL.csv,cognition_composite_score,NA,0.12008373444624272,5,0,FALSE,0.7269736842105263,0.65625,0.5986842105263158
background_null_pool,MRPL41,covariate_adjusted_no_CERAD,protein_z ~ braak_z + age_z + sex + pmi_z,-0.04357028144807673,-0.04357028144807673,0.04357028144807673,0.707060652767394,117,0.12306829113506518,9.5,/Users/ashlynsloane/Buck Institute 25-26/ROSMAP Analysis March 26/hsp60_rosmap_publication_ready_repo/outputs/supplemental_figures/audits/COGNITION_LOOKUP_SELECTED_FOR_SUPPLEMENTAL_NULL.csv,cognition_composite_score,NA,0.12306829113506518,5,0,FALSE,0.7368421052631579,0.6463815789473685,0.875
background_null_pool,MRPL42,covariate_adjusted_no_CERAD,protein_z ~ braak_z + age_z + sex + pmi_z,0.2130654041388286,0.2130654041388286,-0.2130654041388286,0.06074727575274333,105,0.1028682930631512,0.5,/Users/ashlynsloane/Buck Institute 25-26/ROSMAP Analysis March 26/hsp60_rosmap_publication_ready_repo/outputs/supplemental_figures/audits/COGNITION_LOOKUP_SELECTED_FOR_SUPPLEMENTAL_NULL.csv,cognition_composite_score,NA,0.1028682930631512,5,0,FALSE,0.6546052631578947,0.4473684210526316,0.23190789473684212
background_null_pool,MRPL43,covariate_adjusted_no_CERAD,protein_z ~ braak_z + age_z + sex + pmi_z,-0.06841324716684075,-0.06841324716684075,0.06841324716684075,0.5308951392021404,117,0.11473003648767208,8.5,/Users/ashlynsloane/Buck Institute 25-26/ROSMAP Analysis March 26/hsp60_rosmap_publication_ready_repo/outputs/supplemental_figures/audits/COGNITION_LOOKUP_SELECTED_FOR_SUPPLEMENTAL_NULL.csv,cognition_composite_score,NA,0.11473003648767208,5,0,FALSE,0.6990131578947368,0.6019736842105263,0.8552631578947368
background_null_pool,MRPL46,covariate_adjusted_no_CERAD,protein_z ~ braak_z + age_z + sex + pmi_z,0.05483849673647045,0.05483849673647045,-0.05483849673647045,0.6306790312273169,117,0.13894284717402872,12.5,/Users/ashlynsloane/Buck Institute 25-26/ROSMAP Analysis March 26/hsp60_rosmap_publication_ready_repo/outputs/supplemental_figures/audits/COGNITION_LOOKUP_SELECTED_FOR_SUPPLEMENTAL_NULL.csv,cognition_composite_score,NA,0.13894284717402872,5,0,FALSE,0.8042763157894737,0.6546052631578947,0.9342105263157895
background_null_pool,MRPL50,covariate_adjusted_no_CERAD,protein_z ~ braak_z + age_z + sex + pmi_z,-0.13089199670610088,-0.13089199670610088,0.13089199670610088,0.2595759373370183,117,0.1366556722690916,2.5,/Users/ashlynsloane/Buck Institute 25-26/ROSMAP Analysis March 26/hsp60_rosmap_publication_ready_repo/outputs/supplemental_figures/audits/COGNITION_LOOKUP_SELECTED_FOR_SUPPLEMENTAL_NULL.csv,cognition_composite_score,NA,0.1366556722690916,5,0,FALSE,0.7976973684210527,0.6858552631578947,0.6842105263157895
background_null_pool,MRPL52,covariate_adjusted_no_CERAD,protein_z ~ braak_z + age_z + sex + pmi_z,-0.04147989144863726,-0.04147989144863726,0.04147989144863726,0.740709341024997,91,0.09962652235917732,6.5,/Users/ashlynsloane/Buck Institute 25-26/ROSMAP Analysis March 26/hsp60_rosmap_publication_ready_repo/outputs/supplemental_figures/audits/COGNITION_LOOKUP_SELECTED_FOR_SUPPLEMENTAL_NULL.csv,cognition_composite_score,NA,0.09962652235917732,4,0,FALSE,0.6430921052631579,0.5493421052631579,0.819078947368421
background_null_pool,MRPL54,covariate_adjusted_no_CERAD,protein_z ~ braak_z + age_z + sex + pmi_z,0.06063100983948136,0.06063100983948136,-0.06063100983948136,0.59234663666595,117,0.11103117921338056,9.5,/Users/ashlynsloane/Buck Institute 25-26/ROSMAP Analysis March 26/hsp60_rosmap_publication_ready_repo/outputs/supplemental_figures/audits/COGNITION_LOOKUP_SELECTED_FOR_SUPPLEMENTAL_NULL.csv,cognition_composite_score,NA,0.11103117921338056,5,0,FALSE,0.6825657894736842,0.6842105263157895,0.875
background_null_pool,MRPL55,covariate_adjusted_no_CERAD,protein_z ~ braak_z + age_z + sex + pmi_z,-0.08097422880205066,-0.08097422880205066,0.08097422880205066,0.3816498586321624,112,0.1939308255704522,1.5,/Users/ashlynsloane/Buck Institute 25-26/ROSMAP Analysis March 26/hsp60_rosmap_publication_ready_repo/outputs/supplemental_figures/audits/COGNITION_LOOKUP_SELECTED_FOR_SUPPLEMENTAL_NULL.csv,cognition_composite_score,NA,0.1939308255704522,5,0,FALSE,0.930921052631579,0.8453947368421053,0.5986842105263158
background_null_pool,MRPL57,covariate_adjusted_no_CERAD,protein_z ~ braak_z + age_z + sex + pmi_z,0.09243372873662038,0.09243372873662038,-0.09243372873662038,0.4364879870213274,116,0.10645205767450952,12.5,/Users/ashlynsloane/Buck Institute 25-26/ROSMAP Analysis March 26/hsp60_rosmap_publication_ready_repo/outputs/supplemental_figures/audits/COGNITION_LOOKUP_SELECTED_FOR_SUPPLEMENTAL_NULL.csv,cognition_composite_score,NA,0.10645205767450952,5,0,FALSE,0.6694078947368421,0.49835526315789475,0.9342105263157895
background_null_pool,MRPS10,covariate_adjusted_no_CERAD,protein_z ~ braak_z + age_z + sex + pmi_z,0.16841234272030792,0.16841234272030792,-0.16841234272030792,0.14567553205885414,117,0.1559604600993453,6.5,/Users/ashlynsloane/Buck Institute 25-26/ROSMAP Analysis March 26/hsp60_rosmap_publication_ready_repo/outputs/supplemental_figures/audits/COGNITION_LOOKUP_SELECTED_FOR_SUPPLEMENTAL_NULL.csv,cognition_composite_score,NA,0.1559604600993453,5,0,FALSE,0.8470394736842105,0.8207236842105263,0.819078947368421
background_null_pool,MRPS11,covariate_adjusted_no_CERAD,protein_z ~ braak_z + age_z + sex + pmi_z,0.04100298429883739,0.04100298429883739,-0.04100298429883739,0.7233364181218158,117,0.12693688286305496,3.5,/Users/ashlynsloane/Buck Institute 25-26/ROSMAP Analysis March 26/hsp60_rosmap_publication_ready_repo/outputs/supplemental_figures/audits/COGNITION_LOOKUP_SELECTED_FOR_SUPPLEMENTAL_NULL.csv,cognition_composite_score,NA,0.12693688286305496,5,0,FALSE,0.7631578947368421,0.7911184210526315,0.7532894736842105
background_null_pool,MRPS14,covariate_adjusted_no_CERAD,protein_z ~ braak_z + age_z + sex + pmi_z,0.022051916806470447,0.022051916806470447,-0.022051916806470447,0.8767935107107809,68,0.08070154433429497,0.5,/Users/ashlynsloane/Buck Institute 25-26/ROSMAP Analysis March 26/hsp60_rosmap_publication_ready_repo/outputs/supplemental_figures/audits/COGNITION_LOOKUP_SELECTED_FOR_SUPPLEMENTAL_NULL.csv,cognition_composite_score,NA,0.08070154433429497,4,0,FALSE,0.5460526315789473,0.2993421052631579,0.23190789473684212
background_null_pool,MRPS17,covariate_adjusted_no_CERAD,protein_z ~ braak_z + age_z + sex + pmi_z,0.1529372187513475,0.1529372187513475,-0.1529372187513475,0.20154241700780387,117,0.12679934604249807,0.5,/Users/ashlynsloane/Buck Institute 25-26/ROSMAP Analysis March 26/hsp60_rosmap_publication_ready_repo/outputs/supplemental_figures/audits/COGNITION_LOOKUP_SELECTED_FOR_SUPPLEMENTAL_NULL.csv,cognition_composite_score,NA,0.12679934604249807,5,0,FALSE,0.7598684210526315,0.6710526315789473,0.23190789473684212
background_null_pool,MRPS18A,covariate_adjusted_no_CERAD,protein_z ~ braak_z + age_z + sex + pmi_z,-0.06934840723976624,-0.06934840723976624,0.06934840723976624,0.5404836744852426,117,0.1150615079710829,9.5,/Users/ashlynsloane/Buck Institute 25-26/ROSMAP Analysis March 26/hsp60_rosmap_publication_ready_repo/outputs/supplemental_figures/audits/COGNITION_LOOKUP_SELECTED_FOR_SUPPLEMENTAL_NULL.csv,cognition_composite_score,NA,0.1150615079710829,5,0,FALSE,0.7023026315789473,0.6134868421052632,0.875
background_null_pool,MRPS18B,covariate_adjusted_no_CERAD,protein_z ~ braak_z + age_z + sex + pmi_z,0.15934905023884505,0.15934905023884505,-0.15934905023884505,0.1697521371494556,117,0.15781918337625647,3.5,/Users/ashlynsloane/Buck Institute 25-26/ROSMAP Analysis March 26/hsp60_rosmap_publication_ready_repo/outputs/supplemental_figures/audits/COGNITION_LOOKUP_SELECTED_FOR_SUPPLEMENTAL_NULL.csv,cognition_composite_score,NA,0.15781918337625647,5,0,FALSE,0.8519736842105263,0.7779605263157895,0.7532894736842105
background_null_pool,MRPS21,covariate_adjusted_no_CERAD,protein_z ~ braak_z + age_z + sex + pmi_z,0.18735521167697902,0.18735521167697902,-0.18735521167697902,0.1303804722204972,89,0.1258039324813242,2.5,/Users/ashlynsloane/Buck Institute 25-26/ROSMAP Analysis March 26/hsp60_rosmap_publication_ready_repo/outputs/supplemental_figures/audits/COGNITION_LOOKUP_SELECTED_FOR_SUPPLEMENTAL_NULL.csv,cognition_composite_score,NA,0.1258039324813242,5,0,FALSE,0.75,0.7171052631578947,0.6842105263157895
background_null_pool,MRPS24,covariate_adjusted_no_CERAD,protein_z ~ braak_z + age_z + sex + pmi_z,0.05688418661980071,0.05688418661980071,-0.05688418661980071,0.6278374461902518,106,0.1349443591610123,2.5,/Users/ashlynsloane/Buck Institute 25-26/ROSMAP Analysis March 26/hsp60_rosmap_publication_ready_repo/outputs/supplemental_figures/audits/COGNITION_LOOKUP_SELECTED_FOR_SUPPLEMENTAL_NULL.csv,cognition_composite_score,NA,0.1349443591610123,5,0,FALSE,0.7944078947368421,0.7269736842105263,0.6842105263157895
background_null_pool,MRPS28,covariate_adjusted_no_CERAD,protein_z ~ braak_z + age_z + sex + pmi_z,0.16831659545069064,0.16831659545069064,-0.16831659545069064,0.14765493518204584,117,0.11164753618075064,9.5,/Users/ashlynsloane/Buck Institute 25-26/ROSMAP Analysis March 26/hsp60_rosmap_publication_ready_repo/outputs/supplemental_figures/audits/COGNITION_LOOKUP_SELECTED_FOR_SUPPLEMENTAL_NULL.csv,cognition_composite_score,NA,0.11164753618075064,5,0,FALSE,0.6842105263157895,0.59375,0.875
background_null_pool,MRPS7,covariate_adjusted_no_CERAD,protein_z ~ braak_z + age_z + sex + pmi_z,0.23623932384430957,0.23623932384430957,-0.23623932384430957,0.044637540380152434,117,0.1580122497404204,12.5,/Users/ashlynsloane/Buck Institute 25-26/ROSMAP Analysis March 26/hsp60_rosmap_publication_ready_repo/outputs/supplemental_figures/audits/COGNITION_LOOKUP_SELECTED_FOR_SUPPLEMENTAL_NULL.csv,cognition_composite_score,NA,0.1580122497404204,5,0,FALSE,0.8536184210526315,0.837171052631579,0.9342105263157895
background_null_pool,MRRF,covariate_adjusted_no_CERAD,protein_z ~ braak_z + age_z + sex + pmi_z,-0.16981374093736368,-0.16981374093736368,0.16981374093736368,0.11456913178576143,117,0.01094812336949103,0.5,/Users/ashlynsloane/Buck Institute 25-26/ROSMAP Analysis March 26/hsp60_rosmap_publication_ready_repo/outputs/supplemental_figures/audits/COGNITION_LOOKUP_SELECTED_FOR_SUPPLEMENTAL_NULL.csv,cognition_composite_score,NA,0.01094812336949103,1,0,FALSE,0.23190789473684212,0.1825657894736842,0.23190789473684212
background_null_pool,MRS2,covariate_adjusted_no_CERAD,protein_z ~ braak_z + age_z + sex + pmi_z,0.031045202538649522,0.031045202538649522,-0.031045202538649522,0.7727277849412997,113,0.04972528466203523,0.5,/Users/ashlynsloane/Buck Institute 25-26/ROSMAP Analysis March 26/hsp60_rosmap_publication_ready_repo/outputs/supplemental_figures/audits/COGNITION_LOOKUP_SELECTED_FOR_SUPPLEMENTAL_NULL.csv,cognition_composite_score,NA,0.04972528466203523,3,0,FALSE,0.38980263157894735,0.4457236842105263,0.23190789473684212
background_null_pool,MSRA,covariate_adjusted_no_CERAD,protein_z ~ braak_z + age_z + sex + pmi_z,-0.26807651299195934,-0.26807651299195934,0.26807651299195934,0.013517872127437826,117,-0.0262068044172776,0,/Users/ashlynsloane/Buck Institute 25-26/ROSMAP Analysis March 26/hsp60_rosmap_publication_ready_repo/outputs/supplemental_figures/audits/COGNITION_LOOKUP_SELECTED_FOR_SUPPLEMENTAL_NULL.csv,cognition_composite_score,NA,0.0262068044172776,2,0,FALSE,0.14309210526315788,0.18092105263157895,0
background_null_pool,MSRB2,covariate_adjusted_no_CERAD,protein_z ~ braak_z + age_z + sex + pmi_z,0.001380428000374405,0.001380428000374405,-0.001380428000374405,0.9905749034607303,117,-0.00963829648956503,0.5,/Users/ashlynsloane/Buck Institute 25-26/ROSMAP Analysis March 26/hsp60_rosmap_publication_ready_repo/outputs/supplemental_figures/audits/COGNITION_LOOKUP_SELECTED_FOR_SUPPLEMENTAL_NULL.csv,cognition_composite_score,NA,0.00963829648956503,1,0,FALSE,0.17105263157894737,0.18585526315789475,0.23190789473684212
background_null_pool,MSRB3,covariate_adjusted_no_CERAD,protein_z ~ braak_z + age_z + sex + pmi_z,-0.1318649593361875,-0.1318649593361875,0.1318649593361875,0.27813049203614176,93,-0.03030986907148665,0,/Users/ashlynsloane/Buck Institute 25-26/ROSMAP Analysis March 26/hsp60_rosmap_publication_ready_repo/outputs/supplemental_figures/audits/COGNITION_LOOKUP_SELECTED_FOR_SUPPLEMENTAL_NULL.csv,cognition_composite_score,NA,0.03030986907148665,2,0,FALSE,0.12335526315789473,0.05592105263157895,0
background_null_pool,MT-ATP8,covariate_adjusted_no_CERAD,protein_z ~ braak_z + age_z + sex + pmi_z,-0.0173867674628476,-0.0173867674628476,0.0173867674628476,0.8734326155605254,117,0.07857248333652035,1.5,/Users/ashlynsloane/Buck Institute 25-26/ROSMAP Analysis March 26/hsp60_rosmap_publication_ready_repo/outputs/supplemental_figures/audits/COGNITION_LOOKUP_SELECTED_FOR_SUPPLEMENTAL_NULL.csv,cognition_composite_score,NA,0.07857248333652035,4,0,FALSE,0.5296052631578947,0.5131578947368421,0.5986842105263158
background_null_pool,MT-CO1,covariate_adjusted_no_CERAD,protein_z ~ braak_z + age_z + sex + pmi_z,0.025803257601611087,0.025803257601611087,-0.025803257601611087,0.8210361130991837,113,0.00381182483270776,0,/Users/ashlynsloane/Buck Institute 25-26/ROSMAP Analysis March 26/hsp60_rosmap_publication_ready_repo/outputs/supplemental_figures/audits/COGNITION_LOOKUP_SELECTED_FOR_SUPPLEMENTAL_NULL.csv,cognition_composite_score,NA,0.00381182483270776,1,0,FALSE,0.20888157894736842,0.5641447368421053,0
background_null_pool,MT-CO3,covariate_adjusted_no_CERAD,protein_z ~ braak_z + age_z + sex + pmi_z,-0.047669969451532776,-0.047669969451532776,0.047669969451532776,0.652460689955644,112,0.12760514678235851,9.5,/Users/ashlynsloane/Buck Institute 25-26/ROSMAP Analysis March 26/hsp60_rosmap_publication_ready_repo/outputs/supplemental_figures/audits/COGNITION_LOOKUP_SELECTED_FOR_SUPPLEMENTAL_NULL.csv,cognition_composite_score,NA,0.12760514678235851,5,0,FALSE,0.7664473684210527,0.8075657894736842,0.875
background_null_pool,MT-CYB,covariate_adjusted_no_CERAD,protein_z ~ braak_z + age_z + sex + pmi_z,-0.24984175062779357,-0.24984175062779357,0.24984175062779357,0.04209055233487676,98,0.24100172895828187,0.5,/Users/ashlynsloane/Buck Institute 25-26/ROSMAP Analysis March 26/hsp60_rosmap_publication_ready_repo/outputs/supplemental_figures/audits/COGNITION_LOOKUP_SELECTED_FOR_SUPPLEMENTAL_NULL.csv,cognition_composite_score,NA,0.24100172895828187,5,0,FALSE,0.993421052631579,0.962171052631579,0.23190789473684212
background_null_pool,MT-ND1,covariate_adjusted_no_CERAD,protein_z ~ braak_z + age_z + sex + pmi_z,0.08512306048065063,0.08512306048065063,-0.08512306048065063,0.4685639780555525,113,0.2079785433211563,0,/Users/ashlynsloane/Buck Institute 25-26/ROSMAP Analysis March 26/hsp60_rosmap_publication_ready_repo/outputs/supplemental_figures/audits/COGNITION_LOOKUP_SELECTED_FOR_SUPPLEMENTAL_NULL.csv,cognition_composite_score,NA,0.2079785433211563,5,0,FALSE,0.9555921052631579,0.9654605263157895,0
background_null_pool,MT-ND2,covariate_adjusted_no_CERAD,protein_z ~ braak_z + age_z + sex + pmi_z,-0.0036212327424659757,-0.0036212327424659757,0.0036212327424659757,0.9747429407166619,113,0.27364007682314356,0,/Users/ashlynsloane/Buck Institute 25-26/ROSMAP Analysis March 26/hsp60_rosmap_publication_ready_repo/outputs/supplemental_figures/audits/COGNITION_LOOKUP_SELECTED_FOR_SUPPLEMENTAL_NULL.csv,cognition_composite_score,NA,0.27364007682314356,5,0,FALSE,0.9983552631578947,1,0
background_null_pool,MT-ND3,covariate_adjusted_no_CERAD,protein_z ~ braak_z + age_z + sex + pmi_z,0.2722934050964641,0.2722934050964641,-0.2722934050964641,0.012353681975360097,117,0.11775563765654912,2.5,/Users/ashlynsloane/Buck Institute 25-26/ROSMAP Analysis March 26/hsp60_rosmap_publication_ready_repo/outputs/supplemental_figures/audits/COGNITION_LOOKUP_SELECTED_FOR_SUPPLEMENTAL_NULL.csv,cognition_composite_score,NA,0.11775563765654912,5,0,FALSE,0.7154605263157895,0.8174342105263158,0.6842105263157895
background_null_pool,MT-ND4,covariate_adjusted_no_CERAD,protein_z ~ braak_z + age_z + sex + pmi_z,-0.022258085892800164,-0.022258085892800164,0.022258085892800164,0.8231461609521955,115,0.17432206100046366,2.5,/Users/ashlynsloane/Buck Institute 25-26/ROSMAP Analysis March 26/hsp60_rosmap_publication_ready_repo/outputs/supplemental_figures/audits/COGNITION_LOOKUP_SELECTED_FOR_SUPPLEMENTAL_NULL.csv,cognition_composite_score,NA,0.17432206100046366,5,0,FALSE,0.8930921052631579,0.9078947368421053,0.6842105263157895
background_null_pool,MT-ND5,covariate_adjusted_no_CERAD,protein_z ~ braak_z + age_z + sex + pmi_z,0.06599780958662649,0.06599780958662649,-0.06599780958662649,0.579557377432267,117,0.17674796180694485,0.5,/Users/ashlynsloane/Buck Institute 25-26/ROSMAP Analysis March 26/hsp60_rosmap_publication_ready_repo/outputs/supplemental_figures/audits/COGNITION_LOOKUP_SELECTED_FOR_SUPPLEMENTAL_NULL.csv,cognition_composite_score,NA,0.17674796180694485,5,0,FALSE,0.9046052631578947,0.9111842105263158,0.23190789473684212
background_null_pool,MT-ND6,covariate_adjusted_no_CERAD,protein_z ~ braak_z + age_z + sex + pmi_z,-0.04760776089817266,-0.04760776089817266,0.04760776089817266,0.6201734072774735,117,0.11356489710390248,3.5,/Users/ashlynsloane/Buck Institute 25-26/ROSMAP Analysis March 26/hsp60_rosmap_publication_ready_repo/outputs/supplemental_figures/audits/COGNITION_LOOKUP_SELECTED_FOR_SUPPLEMENTAL_NULL.csv,cognition_composite_score,NA,0.11356489710390248,5,0,FALSE,0.694078947368421,0.7467105263157895,0.7532894736842105
background_null_pool,MTCH1,covariate_adjusted_no_CERAD,protein_z ~ braak_z + age_z + sex + pmi_z,0.030041696485701107,0.030041696485701107,-0.030041696485701107,0.7687769403775366,117,0.05964809369201313,2.5,/Users/ashlynsloane/Buck Institute 25-26/ROSMAP Analysis March 26/hsp60_rosmap_publication_ready_repo/outputs/supplemental_figures/audits/COGNITION_LOOKUP_SELECTED_FOR_SUPPLEMENTAL_NULL.csv,cognition_composite_score,NA,0.05964809369201313,3,0,FALSE,0.43256578947368424,0.4753289473684211,0.6842105263157895
background_null_pool,MTCH2,covariate_adjusted_no_CERAD,protein_z ~ braak_z + age_z + sex + pmi_z,0.03155068468547293,0.03155068468547293,-0.03155068468547293,0.7783423477359781,117,0.0867415813942397,1.5,/Users/ashlynsloane/Buck Institute 25-26/ROSMAP Analysis March 26/hsp60_rosmap_publication_ready_repo/outputs/supplemental_figures/audits/COGNITION_LOOKUP_SELECTED_FOR_SUPPLEMENTAL_NULL.csv,cognition_composite_score,NA,0.0867415813942397,4,0,FALSE,0.5756578947368421,0.6282894736842105,0.5986842105263158
background_null_pool,MTERF4,covariate_adjusted_no_CERAD,protein_z ~ braak_z + age_z + sex + pmi_z,-0.14002023562962226,-0.14002023562962226,0.14002023562962226,0.16180727286181826,106,-0.02166855559648472,2.5,/Users/ashlynsloane/Buck Institute 25-26/ROSMAP Analysis March 26/hsp60_rosmap_publication_ready_repo/outputs/supplemental_figures/audits/COGNITION_LOOKUP_SELECTED_FOR_SUPPLEMENTAL_NULL.csv,cognition_composite_score,NA,0.02166855559648472,2,0,FALSE,0.14802631578947367,0.03453947368421053,0.6842105263157895
background_null_pool,MTFMT,covariate_adjusted_no_CERAD,protein_z ~ braak_z + age_z + sex + pmi_z,0.17201068644801892,0.17201068644801892,-0.17201068644801892,0.10826496718895827,109,0.09655557157938847,0.5,/Users/ashlynsloane/Buck Institute 25-26/ROSMAP Analysis March 26/hsp60_rosmap_publication_ready_repo/outputs/supplemental_figures/audits/COGNITION_LOOKUP_SELECTED_FOR_SUPPLEMENTAL_NULL.csv,cognition_composite_score,NA,0.09655557157938847,4,0,FALSE,0.6282894736842105,0.5904605263157895,0.23190789473684212
background_null_pool,MTFP1,covariate_adjusted_no_CERAD,protein_z ~ braak_z + age_z + sex + pmi_z,0.04283768544352388,0.04283768544352388,-0.04283768544352388,0.7050678031905575,117,0.2273944292741495,12.5,/Users/ashlynsloane/Buck Institute 25-26/ROSMAP Analysis March 26/hsp60_rosmap_publication_ready_repo/outputs/supplemental_figures/audits/COGNITION_LOOKUP_SELECTED_FOR_SUPPLEMENTAL_NULL.csv,cognition_composite_score,NA,0.2273944292741495,5,0,FALSE,0.9868421052631579,0.8766447368421053,0.9342105263157895
background_null_pool,MTFR1L,covariate_adjusted_no_CERAD,protein_z ~ braak_z + age_z + sex + pmi_z,-0.1250634750888647,-0.1250634750888647,0.1250634750888647,0.2761853727264158,117,0.07866070841515209,0.5,/Users/ashlynsloane/Buck Institute 25-26/ROSMAP Analysis March 26/hsp60_rosmap_publication_ready_repo/outputs/supplemental_figures/audits/COGNITION_LOOKUP_SELECTED_FOR_SUPPLEMENTAL_NULL.csv,cognition_composite_score,NA,0.07866070841515209,4,0,FALSE,0.53125,0.6036184210526315,0.23190789473684212
background_null_pool,MTG2,covariate_adjusted_no_CERAD,protein_z ~ braak_z + age_z + sex + pmi_z,0.016380338562807788,0.016380338562807788,-0.016380338562807788,0.898323266474683,81,-0.02932323180208969,0.5,/Users/ashlynsloane/Buck Institute 25-26/ROSMAP Analysis March 26/hsp60_rosmap_publication_ready_repo/outputs/supplemental_figures/audits/COGNITION_LOOKUP_SELECTED_FOR_SUPPLEMENTAL_NULL.csv,cognition_composite_score,NA,0.02932323180208969,2,0,FALSE,0.1299342105263158,0.05263157894736842,0.23190789473684212
background_null_pool,MTHFD2L,covariate_adjusted_no_CERAD,protein_z ~ braak_z + age_z + sex + pmi_z,-0.17642213690073968,-0.17642213690073968,0.17642213690073968,0.09023140207939988,117,0.01836253241852702,0,/Users/ashlynsloane/Buck Institute 25-26/ROSMAP Analysis March 26/hsp60_rosmap_publication_ready_repo/outputs/supplemental_figures/audits/COGNITION_LOOKUP_SELECTED_FOR_SUPPLEMENTAL_NULL.csv,cognition_composite_score,NA,0.01836253241852702,2,0,FALSE,0.26644736842105265,0.2582236842105263,0
background_null_pool,MTHFS,covariate_adjusted_no_CERAD,protein_z ~ braak_z + age_z + sex + pmi_z,0.0784817636774275,0.0784817636774275,-0.0784817636774275,0.5751791407682877,73,0.00757275434885255,0.5,/Users/ashlynsloane/Buck Institute 25-26/ROSMAP Analysis March 26/hsp60_rosmap_publication_ready_repo/outputs/supplemental_figures/audits/COGNITION_LOOKUP_SELECTED_FOR_SUPPLEMENTAL_NULL.csv,cognition_composite_score,NA,0.00757275434885255,1,0,FALSE,0.22203947368421054,0.19572368421052633,0.23190789473684212
background_null_pool,MTIF2,covariate_adjusted_no_CERAD,protein_z ~ braak_z + age_z + sex + pmi_z,-0.1237221023342954,-0.1237221023342954,0.1237221023342954,0.2921473592511614,117,0.08618022754463935,2.5,/Users/ashlynsloane/Buck Institute 25-26/ROSMAP Analysis March 26/hsp60_rosmap_publication_ready_repo/outputs/supplemental_figures/audits/COGNITION_LOOKUP_SELECTED_FOR_SUPPLEMENTAL_NULL.csv,cognition_composite_score,NA,0.08618022754463935,4,0,FALSE,0.5723684210526315,0.4868421052631579,0.6842105263157895
background_null_pool,MTIF3,covariate_adjusted_no_CERAD,protein_z ~ braak_z + age_z + sex + pmi_z,-0.0920145383109357,-0.0920145383109357,0.0920145383109357,0.4267618031543843,117,-0.01937413389971016,0.5,/Users/ashlynsloane/Buck Institute 25-26/ROSMAP Analysis March 26/hsp60_rosmap_publication_ready_repo/outputs/supplemental_figures/audits/COGNITION_LOOKUP_SELECTED_FOR_SUPPLEMENTAL_NULL.csv,cognition_composite_score,NA,0.01937413389971016,2,0,FALSE,0.15296052631578946,0.08388157894736842,0.23190789473684212
background_null_pool,MTRF1,covariate_adjusted_no_CERAD,protein_z ~ braak_z + age_z + sex + pmi_z,0.0024883621890270957,0.0024883621890270957,-0.0024883621890270957,0.9839305266593215,74,0.05670474332214738,0.5,/Users/ashlynsloane/Buck Institute 25-26/ROSMAP Analysis March 26/hsp60_rosmap_publication_ready_repo/outputs/supplemental_figures/audits/COGNITION_LOOKUP_SELECTED_FOR_SUPPLEMENTAL_NULL.csv,cognition_composite_score,NA,0.05670474332214738,3,0,FALSE,0.4194078947368421,0.43256578947368424,0.23190789473684212
background_null_pool,MTRF1L,covariate_adjusted_no_CERAD,protein_z ~ braak_z + age_z + sex + pmi_z,0.008714323685467077,0.008714323685467077,-0.008714323685467077,0.9446778236599691,105,0.14453317007172534,0.5,/Users/ashlynsloane/Buck Institute 25-26/ROSMAP Analysis March 26/hsp60_rosmap_publication_ready_repo/outputs/supplemental_figures/audits/COGNITION_LOOKUP_SELECTED_FOR_SUPPLEMENTAL_NULL.csv,cognition_composite_score,NA,0.14453317007172534,5,0,FALSE,0.8207236842105263,0.6233552631578947,0.23190789473684212
background_null_pool,MTX1,covariate_adjusted_no_CERAD,protein_z ~ braak_z + age_z + sex + pmi_z,-0.016532183626396118,-0.016532183626396118,0.016532183626396118,0.8632728119461217,117,0.10602628407736452,1.5,/Users/ashlynsloane/Buck Institute 25-26/ROSMAP Analysis March 26/hsp60_rosmap_publication_ready_repo/outputs/supplemental_figures/audits/COGNITION_LOOKUP_SELECTED_FOR_SUPPLEMENTAL_NULL.csv,cognition_composite_score,NA,0.10602628407736452,5,0,FALSE,0.6644736842105263,0.680921052631579,0.5986842105263158
background_null_pool,MTX2,covariate_adjusted_no_CERAD,protein_z ~ braak_z + age_z + sex + pmi_z,0.2147278553504409,0.2147278553504409,-0.2147278553504409,0.04434254499015686,117,0.1243415046632933,12.5,/Users/ashlynsloane/Buck Institute 25-26/ROSMAP Analysis March 26/hsp60_rosmap_publication_ready_repo/outputs/supplemental_figures/audits/COGNITION_LOOKUP_SELECTED_FOR_SUPPLEMENTAL_NULL.csv,cognition_composite_score,NA,0.1243415046632933,5,0,FALSE,0.7417763157894737,0.7680921052631579,0.9342105263157895
background_null_pool,MTX3,covariate_adjusted_no_CERAD,protein_z ~ braak_z + age_z + sex + pmi_z,-0.0961239143685145,-0.0961239143685145,0.0961239143685145,0.3856521807440987,117,0.15112943722734312,9.5,/Users/ashlynsloane/Buck Institute 25-26/ROSMAP Analysis March 26/hsp60_rosmap_publication_ready_repo/outputs/supplemental_figures/audits/COGNITION_LOOKUP_SELECTED_FOR_SUPPLEMENTAL_NULL.csv,cognition_composite_score,NA,0.15112943722734312,5,0,FALSE,0.8404605263157895,0.8717105263157895,0.875
background_null_pool,MUL1,covariate_adjusted_no_CERAD,protein_z ~ braak_z + age_z + sex + pmi_z,-0.24354044689018733,-0.24354044689018733,0.24354044689018733,0.02734272939070945,117,0.01412642292180765,1.5,/Users/ashlynsloane/Buck Institute 25-26/ROSMAP Analysis March 26/hsp60_rosmap_publication_ready_repo/outputs/supplemental_figures/audits/COGNITION_LOOKUP_SELECTED_FOR_SUPPLEMENTAL_NULL.csv,cognition_composite_score,NA,0.01412642292180765,1,0,FALSE,0.24342105263157895,0.3190789473684211,0.5986842105263158
background_null_pool,NAT8L,covariate_adjusted_no_CERAD,protein_z ~ braak_z + age_z + sex + pmi_z,0.14832290601693376,0.14832290601693376,-0.14832290601693376,0.14179766386602058,117,0.23563848986036676,12.5,/Users/ashlynsloane/Buck Institute 25-26/ROSMAP Analysis March 26/hsp60_rosmap_publication_ready_repo/outputs/supplemental_figures/audits/COGNITION_LOOKUP_SELECTED_FOR_SUPPLEMENTAL_NULL.csv,cognition_composite_score,NA,0.23563848986036676,5,0,FALSE,0.9901315789473685,0.9884868421052632,0.9342105263157895
background_null_pool,NBR1,covariate_adjusted_no_CERAD,protein_z ~ braak_z + age_z + sex + pmi_z,0.0028100867743398017,0.0028100867743398017,-0.0028100867743398017,0.9799495684153714,96,-0.10362859265544502,0,/Users/ashlynsloane/Buck Institute 25-26/ROSMAP Analysis March 26/hsp60_rosmap_publication_ready_repo/outputs/supplemental_figures/audits/COGNITION_LOOKUP_SELECTED_FOR_SUPPLEMENTAL_NULL.csv,cognition_composite_score,NA,0.10362859265544502,5,0,FALSE,0.03289473684210526,0.027960526315789474,0
background_null_pool,NDUFA11,covariate_adjusted_no_CERAD,protein_z ~ braak_z + age_z + sex + pmi_z,-0.09406864409619738,-0.09406864409619738,0.09406864409619738,0.39983899664679456,117,0.21179847058411116,2.5,/Users/ashlynsloane/Buck Institute 25-26/ROSMAP Analysis March 26/hsp60_rosmap_publication_ready_repo/outputs/supplemental_figures/audits/COGNITION_LOOKUP_SELECTED_FOR_SUPPLEMENTAL_NULL.csv,cognition_composite_score,NA,0.21179847058411116,5,0,FALSE,0.9588815789473685,0.9588815789473685,0.6842105263157895
background_null_pool,NDUFA12,covariate_adjusted_no_CERAD,protein_z ~ braak_z + age_z + sex + pmi_z,0.04345237134254642,0.04345237134254642,-0.04345237134254642,0.6972688594894776,117,0.21727635245326113,9.5,/Users/ashlynsloane/Buck Institute 25-26/ROSMAP Analysis March 26/hsp60_rosmap_publication_ready_repo/outputs/supplemental_figures/audits/COGNITION_LOOKUP_SELECTED_FOR_SUPPLEMENTAL_NULL.csv,cognition_composite_score,NA,0.21727635245326113,5,0,FALSE,0.9736842105263158,0.993421052631579,0.875
background_null_pool,NDUFA3,covariate_adjusted_no_CERAD,protein_z ~ braak_z + age_z + sex + pmi_z,0.2084867772336884,0.2084867772336884,-0.2084867772336884,0.08831494896712831,117,0.21623639644775008,2.5,/Users/ashlynsloane/Buck Institute 25-26/ROSMAP Analysis March 26/hsp60_rosmap_publication_ready_repo/outputs/supplemental_figures/audits/COGNITION_LOOKUP_SELECTED_FOR_SUPPLEMENTAL_NULL.csv,cognition_composite_score,NA,0.21623639644775008,5,0,FALSE,0.9703947368421053,0.9769736842105263,0.6842105263157895
background_null_pool,NDUFA5,covariate_adjusted_no_CERAD,protein_z ~ braak_z + age_z + sex + pmi_z,-0.08330118852178248,-0.08330118852178248,0.08330118852178248,0.4501080291812223,117,0.21337117394603528,2.5,/Users/ashlynsloane/Buck Institute 25-26/ROSMAP Analysis March 26/hsp60_rosmap_publication_ready_repo/outputs/supplemental_figures/audits/COGNITION_LOOKUP_SELECTED_FOR_SUPPLEMENTAL_NULL.csv,cognition_composite_score,NA,0.21337117394603528,5,0,FALSE,0.9654605263157895,0.975328947368421,0.6842105263157895
background_null_pool,NDUFA7,covariate_adjusted_no_CERAD,protein_z ~ braak_z + age_z + sex + pmi_z,0.03002839603432943,0.03002839603432943,-0.03002839603432943,0.7798334602867119,117,0.22790063123558216,12.5,/Users/ashlynsloane/Buck Institute 25-26/ROSMAP Analysis March 26/hsp60_rosmap_publication_ready_repo/outputs/supplemental_figures/audits/COGNITION_LOOKUP_SELECTED_FOR_SUPPLEMENTAL_NULL.csv,cognition_composite_score,NA,0.22790063123558216,5,0,FALSE,0.9884868421052632,0.9868421052631579,0.9342105263157895
background_null_pool,NDUFAB1,covariate_adjusted_no_CERAD,protein_z ~ braak_z + age_z + sex + pmi_z,0.22609783896199545,0.22609783896199545,-0.22609783896199545,0.041736988742700924,113,0.16078979100907917,3.5,/Users/ashlynsloane/Buck Institute 25-26/ROSMAP Analysis March 26/hsp60_rosmap_publication_ready_repo/outputs/supplemental_figures/audits/COGNITION_LOOKUP_SELECTED_FOR_SUPPLEMENTAL_NULL.csv,cognition_composite_score,NA,0.16078979100907917,5,0,FALSE,0.8569078947368421,0.9095394736842105,0.7532894736842105
background_null_pool,NDUFAF1,covariate_adjusted_no_CERAD,protein_z ~ braak_z + age_z + sex + pmi_z,-0.015228010342470724,-0.015228010342470724,0.015228010342470724,0.8853010518380633,117,0.12145435451077422,0.5,/Users/ashlynsloane/Buck Institute 25-26/ROSMAP Analysis March 26/hsp60_rosmap_publication_ready_repo/outputs/supplemental_figures/audits/COGNITION_LOOKUP_SELECTED_FOR_SUPPLEMENTAL_NULL.csv,cognition_composite_score,NA,0.12145435451077422,5,0,FALSE,0.7335526315789473,0.6299342105263158,0.23190789473684212
background_null_pool,NDUFAF2,covariate_adjusted_no_CERAD,protein_z ~ braak_z + age_z + sex + pmi_z,-0.04648149246618346,-0.04648149246618346,0.04648149246618346,0.6879444529158563,117,0.06928017022616545,0.5,/Users/ashlynsloane/Buck Institute 25-26/ROSMAP Analysis March 26/hsp60_rosmap_publication_ready_repo/outputs/supplemental_figures/audits/COGNITION_LOOKUP_SELECTED_FOR_SUPPLEMENTAL_NULL.csv,cognition_composite_score,NA,0.06928017022616545,4,0,FALSE,0.4769736842105263,0.5049342105263158,0.23190789473684212
background_null_pool,NDUFAF4,covariate_adjusted_no_CERAD,protein_z ~ braak_z + age_z + sex + pmi_z,0.03632955700746115,0.03632955700746115,-0.03632955700746115,0.7669892076838367,117,0.16312178767589086,0.5,/Users/ashlynsloane/Buck Institute 25-26/ROSMAP Analysis March 26/hsp60_rosmap_publication_ready_repo/outputs/supplemental_figures/audits/COGNITION_LOOKUP_SELECTED_FOR_SUPPLEMENTAL_NULL.csv,cognition_composite_score,NA,0.16312178767589086,5,0,FALSE,0.8667763157894737,0.881578947368421,0.23190789473684212
background_null_pool,NDUFAF5,covariate_adjusted_no_CERAD,protein_z ~ braak_z + age_z + sex + pmi_z,-0.09647408494629886,-0.09647408494629886,0.09647408494629886,0.35892585608853667,117,0.14401869107800508,5.5,/Users/ashlynsloane/Buck Institute 25-26/ROSMAP Analysis March 26/hsp60_rosmap_publication_ready_repo/outputs/supplemental_figures/audits/COGNITION_LOOKUP_SELECTED_FOR_SUPPLEMENTAL_NULL.csv,cognition_composite_score,NA,0.14401869107800508,5,0,FALSE,0.819078947368421,0.8552631578947368,0.7845394736842105
background_null_pool,NDUFAF6,covariate_adjusted_no_CERAD,protein_z ~ braak_z + age_z + sex + pmi_z,-0.1595822279367408,-0.1595822279367408,0.1595822279367408,0.17476830772033158,117,0.05842299473596431,0.5,/Users/ashlynsloane/Buck Institute 25-26/ROSMAP Analysis March 26/hsp60_rosmap_publication_ready_repo/outputs/supplemental_figures/audits/COGNITION_LOOKUP_SELECTED_FOR_SUPPLEMENTAL_NULL.csv,cognition_composite_score,NA,0.05842299473596431,3,0,FALSE,0.42598684210526316,0.3782894736842105,0.23190789473684212
background_null_pool,NDUFB11,covariate_adjusted_no_CERAD,protein_z ~ braak_z + age_z + sex + pmi_z,0.01517373682972333,0.01517373682972333,-0.01517373682972333,0.8965366567973976,117,0.20550458887118184,12.5,/Users/ashlynsloane/Buck Institute 25-26/ROSMAP Analysis March 26/hsp60_rosmap_publication_ready_repo/outputs/supplemental_figures/audits/COGNITION_LOOKUP_SELECTED_FOR_SUPPLEMENTAL_NULL.csv,cognition_composite_score,NA,0.20550458887118184,5,0,FALSE,0.9506578947368421,0.9506578947368421,0.9342105263157895
background_null_pool,NDUFB2,covariate_adjusted_no_CERAD,protein_z ~ braak_z + age_z + sex + pmi_z,0.001307320466886568,0.001307320466886568,-0.001307320466886568,0.9904446255326601,117,0.21698722149964936,0.5,/Users/ashlynsloane/Buck Institute 25-26/ROSMAP Analysis March 26/hsp60_rosmap_publication_ready_repo/outputs/supplemental_figures/audits/COGNITION_LOOKUP_SELECTED_FOR_SUPPLEMENTAL_NULL.csv,cognition_composite_score,NA,0.21698722149964936,5,0,FALSE,0.9720394736842105,0.9638157894736842,0.23190789473684212
background_null_pool,NDUFB3,covariate_adjusted_no_CERAD,protein_z ~ braak_z + age_z + sex + pmi_z,0.0797140617778646,0.0797140617778646,-0.0797140617778646,0.5057695870873347,117,0.22146273501205016,1.5,/Users/ashlynsloane/Buck Institute 25-26/ROSMAP Analysis March 26/hsp60_rosmap_publication_ready_repo/outputs/supplemental_figures/audits/COGNITION_LOOKUP_SELECTED_FOR_SUPPLEMENTAL_NULL.csv,cognition_composite_score,NA,0.22146273501205016,5,0,FALSE,0.9786184210526315,0.9851973684210527,0.5986842105263158
background_null_pool,NDUFB4,covariate_adjusted_no_CERAD,protein_z ~ braak_z + age_z + sex + pmi_z,-0.06703625531453403,-0.06703625531453403,0.06703625531453403,0.5371929716944295,117,0.20586424449928936,8.5,/Users/ashlynsloane/Buck Institute 25-26/ROSMAP Analysis March 26/hsp60_rosmap_publication_ready_repo/outputs/supplemental_figures/audits/COGNITION_LOOKUP_SELECTED_FOR_SUPPLEMENTAL_NULL.csv,cognition_composite_score,NA,0.20586424449928936,5,0,FALSE,0.9523026315789473,0.96875,0.8552631578947368
background_null_pool,NDUFB5,covariate_adjusted_no_CERAD,protein_z ~ braak_z + age_z + sex + pmi_z,-0.091311388710447,-0.091311388710447,0.091311388710447,0.4351224946383897,117,0.2139406023002537,12.5,/Users/ashlynsloane/Buck Institute 25-26/ROSMAP Analysis March 26/hsp60_rosmap_publication_ready_repo/outputs/supplemental_figures/audits/COGNITION_LOOKUP_SELECTED_FOR_SUPPLEMENTAL_NULL.csv,cognition_composite_score,NA,0.2139406023002537,5,0,FALSE,0.96875,0.9736842105263158,0.9342105263157895
background_null_pool,NDUFB6,covariate_adjusted_no_CERAD,protein_z ~ braak_z + age_z + sex + pmi_z,-0.10790778120997457,-0.10790778120997457,0.10790778120997457,0.32114034871656477,117,0.19550796212356275,12.5,/Users/ashlynsloane/Buck Institute 25-26/ROSMAP Analysis March 26/hsp60_rosmap_publication_ready_repo/outputs/supplemental_figures/audits/COGNITION_LOOKUP_SELECTED_FOR_SUPPLEMENTAL_NULL.csv,cognition_composite_score,NA,0.19550796212356275,5,0,FALSE,0.9342105263157895,0.9539473684210527,0.9342105263157895
background_null_pool,NDUFB7,covariate_adjusted_no_CERAD,protein_z ~ braak_z + age_z + sex + pmi_z,0.20350915354493726,0.20350915354493726,-0.20350915354493726,0.03910898752226475,117,0.20205844967399125,12.5,/Users/ashlynsloane/Buck Institute 25-26/ROSMAP Analysis March 26/hsp60_rosmap_publication_ready_repo/outputs/supplemental_figures/audits/COGNITION_LOOKUP_SELECTED_FOR_SUPPLEMENTAL_NULL.csv,cognition_composite_score,NA,0.20205844967399125,5,0,FALSE,0.944078947368421,0.9703947368421053,0.9342105263157895
background_null_pool,NDUFB8,covariate_adjusted_no_CERAD,protein_z ~ braak_z + age_z + sex + pmi_z,0.04083381518441363,0.04083381518441363,-0.04083381518441363,0.6691234343939194,117,0.19745985367566385,9.5,/Users/ashlynsloane/Buck Institute 25-26/ROSMAP Analysis March 26/hsp60_rosmap_publication_ready_repo/outputs/supplemental_figures/audits/COGNITION_LOOKUP_SELECTED_FOR_SUPPLEMENTAL_NULL.csv,cognition_composite_score,NA,0.19745985367566385,5,0,FALSE,0.9358552631578947,0.9391447368421053,0.875
background_null_pool,NDUFB9,covariate_adjusted_no_CERAD,protein_z ~ braak_z + age_z + sex + pmi_z,0.16456093048983678,0.16456093048983678,-0.16456093048983678,0.1493838778671797,117,0.1878949625717233,12.5,/Users/ashlynsloane/Buck Institute 25-26/ROSMAP Analysis March 26/hsp60_rosmap_publication_ready_repo/outputs/supplemental_figures/audits/COGNITION_LOOKUP_SELECTED_FOR_SUPPLEMENTAL_NULL.csv,cognition_composite_score,NA,0.1878949625717233,5,0,FALSE,0.9276315789473685,0.9523026315789473,0.9342105263157895
background_null_pool,NDUFC1,covariate_adjusted_no_CERAD,protein_z ~ braak_z + age_z + sex + pmi_z,-0.08143284704424061,-0.08143284704424061,0.08143284704424061,0.48539853420944656,117,0.21905677461918224,9.5,/Users/ashlynsloane/Buck Institute 25-26/ROSMAP Analysis March 26/hsp60_rosmap_publication_ready_repo/outputs/supplemental_figures/audits/COGNITION_LOOKUP_SELECTED_FOR_SUPPLEMENTAL_NULL.csv,cognition_composite_score,NA,0.21905677461918224,5,0,FALSE,0.975328947368421,0.9802631578947368,0.875
background_null_pool,NDUFC2,covariate_adjusted_no_CERAD,protein_z ~ braak_z + age_z + sex + pmi_z,0.007666904058971186,0.007666904058971186,-0.007666904058971186,0.9479099723819868,117,0.21212993756146684,12.5,/Users/ashlynsloane/Buck Institute 25-26/ROSMAP Analysis March 26/hsp60_rosmap_publication_ready_repo/outputs/supplemental_figures/audits/COGNITION_LOOKUP_SELECTED_FOR_SUPPLEMENTAL_NULL.csv,cognition_composite_score,NA,0.21212993756146684,5,0,FALSE,0.962171052631579,0.9720394736842105,0.9342105263157895
background_null_pool,NDUFS5,covariate_adjusted_no_CERAD,protein_z ~ braak_z + age_z + sex + pmi_z,-0.09958979582588717,-0.09958979582588717,0.09958979582588717,0.3698707989537213,117,0.2197715692988596,12.5,/Users/ashlynsloane/Buck Institute 25-26/ROSMAP Analysis March 26/hsp60_rosmap_publication_ready_repo/outputs/supplemental_figures/audits/COGNITION_LOOKUP_SELECTED_FOR_SUPPLEMENTAL_NULL.csv,cognition_composite_score,NA,0.2197715692988596,5,0,FALSE,0.9769736842105263,0.9572368421052632,0.9342105263157895
background_null_pool,NDUFS6,covariate_adjusted_no_CERAD,protein_z ~ braak_z + age_z + sex + pmi_z,-0.10214093435897666,-0.10214093435897666,0.10214093435897666,0.3704349864805069,117,0.24704688315541976,12.5,/Users/ashlynsloane/Buck Institute 25-26/ROSMAP Analysis March 26/hsp60_rosmap_publication_ready_repo/outputs/supplemental_figures/audits/COGNITION_LOOKUP_SELECTED_FOR_SUPPLEMENTAL_NULL.csv,cognition_composite_score,NA,0.24704688315541976,5,0,FALSE,0.9950657894736842,0.9983552631578947,0.9342105263157895
background_null_pool,NDUFS7,covariate_adjusted_no_CERAD,protein_z ~ braak_z + age_z + sex + pmi_z,-0.07731720195427387,-0.07731720195427387,0.07731720195427387,0.5053447889664671,117,0.22404669745861147,12.5,/Users/ashlynsloane/Buck Institute 25-26/ROSMAP Analysis March 26/hsp60_rosmap_publication_ready_repo/outputs/supplemental_figures/audits/COGNITION_LOOKUP_SELECTED_FOR_SUPPLEMENTAL_NULL.csv,cognition_composite_score,NA,0.22404669745861147,5,0,FALSE,0.9819078947368421,0.9917763157894737,0.9342105263157895
background_null_pool,NDUFS8,covariate_adjusted_no_CERAD,protein_z ~ braak_z + age_z + sex + pmi_z,0.14544889338339714,0.14544889338339714,-0.14544889338339714,0.19504685006613162,117,0.22721308686051117,9.5,/Users/ashlynsloane/Buck Institute 25-26/ROSMAP Analysis March 26/hsp60_rosmap_publication_ready_repo/outputs/supplemental_figures/audits/COGNITION_LOOKUP_SELECTED_FOR_SUPPLEMENTAL_NULL.csv,cognition_composite_score,NA,0.22721308686051117,5,0,FALSE,0.9851973684210527,0.9901315789473685,0.875
background_null_pool,NDUFV3,covariate_adjusted_no_CERAD,protein_z ~ braak_z + age_z + sex + pmi_z,-0.027271840022233682,-0.027271840022233682,0.027271840022233682,0.8025570897127041,117,0.2405624777648553,2.5,/Users/ashlynsloane/Buck Institute 25-26/ROSMAP Analysis March 26/hsp60_rosmap_publication_ready_repo/outputs/supplemental_figures/audits/COGNITION_LOOKUP_SELECTED_FOR_SUPPLEMENTAL_NULL.csv,cognition_composite_score,NA,0.2405624777648553,5,0,FALSE,0.9917763157894737,0.9835526315789473,0.6842105263157895
background_null_pool,NGRN,covariate_adjusted_no_CERAD,protein_z ~ braak_z + age_z + sex + pmi_z,0.19538027026779145,0.19538027026779145,-0.19538027026779145,0.13372662558617116,88,0.08650067025143403,0,/Users/ashlynsloane/Buck Institute 25-26/ROSMAP Analysis March 26/hsp60_rosmap_publication_ready_repo/outputs/supplemental_figures/audits/COGNITION_LOOKUP_SELECTED_FOR_SUPPLEMENTAL_NULL.csv,cognition_composite_score,NA,0.08650067025143403,4,0,FALSE,0.5740131578947368,0.4506578947368421,0
background_null_pool,NIF3L1,covariate_adjusted_no_CERAD,protein_z ~ braak_z + age_z + sex + pmi_z,-0.03572784690157787,-0.03572784690157787,0.03572784690157787,0.7617553879664978,117,-0.04879364913576162,0,/Users/ashlynsloane/Buck Institute 25-26/ROSMAP Analysis March 26/hsp60_rosmap_publication_ready_repo/outputs/supplemental_figures/audits/COGNITION_LOOKUP_SELECTED_FOR_SUPPLEMENTAL_NULL.csv,cognition_composite_score,NA,0.04879364913576162,3,0,FALSE,0.09703947368421052,0.12171052631578948,0
background_null_pool,NIPSNAP3B,covariate_adjusted_no_CERAD,protein_z ~ braak_z + age_z + sex + pmi_z,0.0066517496850019555,0.0066517496850019555,-0.0066517496850019555,0.9439319665531182,117,0.08051706722106329,0.5,/Users/ashlynsloane/Buck Institute 25-26/ROSMAP Analysis March 26/hsp60_rosmap_publication_ready_repo/outputs/supplemental_figures/audits/COGNITION_LOOKUP_SELECTED_FOR_SUPPLEMENTAL_NULL.csv,cognition_composite_score,NA,0.08051706722106329,4,0,FALSE,0.5444078947368421,0.7763157894736842,0.23190789473684212
background_null_pool,NIT1,covariate_adjusted_no_CERAD,protein_z ~ braak_z + age_z + sex + pmi_z,0.08481698479399641,0.08481698479399641,-0.08481698479399641,0.4640689163033007,117,0.01784735644041158,0.5,/Users/ashlynsloane/Buck Institute 25-26/ROSMAP Analysis March 26/hsp60_rosmap_publication_ready_repo/outputs/supplemental_figures/audits/COGNITION_LOOKUP_SELECTED_FOR_SUPPLEMENTAL_NULL.csv,cognition_composite_score,NA,0.01784735644041158,2,0,FALSE,0.2631578947368421,0.2911184210526316,0.23190789473684212
background_null_pool,NIT2,covariate_adjusted_no_CERAD,protein_z ~ braak_z + age_z + sex + pmi_z,-0.14548724858783416,-0.14548724858783416,0.14548724858783416,0.14366746917226111,117,0.04683548714087798,0.5,/Users/ashlynsloane/Buck Institute 25-26/ROSMAP Analysis March 26/hsp60_rosmap_publication_ready_repo/outputs/supplemental_figures/audits/COGNITION_LOOKUP_SELECTED_FOR_SUPPLEMENTAL_NULL.csv,cognition_composite_score,NA,0.04683548714087798,3,0,FALSE,0.3782894736842105,0.48026315789473684,0.23190789473684212
background_null_pool,NLN,covariate_adjusted_no_CERAD,protein_z ~ braak_z + age_z + sex + pmi_z,0.0661309325758354,0.0661309325758354,-0.0661309325758354,0.5342736294181099,117,0.08742056490091567,6.5,/Users/ashlynsloane/Buck Institute 25-26/ROSMAP Analysis March 26/hsp60_rosmap_publication_ready_repo/outputs/supplemental_figures/audits/COGNITION_LOOKUP_SELECTED_FOR_SUPPLEMENTAL_NULL.csv,cognition_composite_score,NA,0.08742056490091567,4,0,FALSE,0.5789473684210527,0.5115131578947368,0.819078947368421
background_null_pool,NLRX1,covariate_adjusted_no_CERAD,protein_z ~ braak_z + age_z + sex + pmi_z,0.13455916857556074,0.13455916857556074,-0.13455916857556074,0.22682303375996876,117,0.03179310330874102,0.5,/Users/ashlynsloane/Buck Institute 25-26/ROSMAP Analysis March 26/hsp60_rosmap_publication_ready_repo/outputs/supplemental_figures/audits/COGNITION_LOOKUP_SELECTED_FOR_SUPPLEMENTAL_NULL.csv,cognition_composite_score,NA,0.03179310330874102,2,0,FALSE,0.3157894736842105,0.26151315789473684,0.23190789473684212
background_null_pool,NME3,covariate_adjusted_no_CERAD,protein_z ~ braak_z + age_z + sex + pmi_z,-0.06774740554761154,-0.06774740554761154,0.06774740554761154,0.5429372683778846,117,0.04574639065418084,0.5,/Users/ashlynsloane/Buck Institute 25-26/ROSMAP Analysis March 26/hsp60_rosmap_publication_ready_repo/outputs/supplemental_figures/audits/COGNITION_LOOKUP_SELECTED_FOR_SUPPLEMENTAL_NULL.csv,cognition_composite_score,NA,0.04574639065418084,3,0,FALSE,0.37335526315789475,0.4342105263157895,0.23190789473684212
background_null_pool,NMNAT3,covariate_adjusted_no_CERAD,protein_z ~ braak_z + age_z + sex + pmi_z,-0.013292944152881772,-0.013292944152881772,0.013292944152881772,0.9000106106371292,117,-0.05909222608462236,0.5,/Users/ashlynsloane/Buck Institute 25-26/ROSMAP Analysis March 26/hsp60_rosmap_publication_ready_repo/outputs/supplemental_figures/audits/COGNITION_LOOKUP_SELECTED_FOR_SUPPLEMENTAL_NULL.csv,cognition_composite_score,NA,0.05909222608462236,3,0,FALSE,0.08223684210526316,0.07894736842105263,0.23190789473684212
background_null_pool,NNT,covariate_adjusted_no_CERAD,protein_z ~ braak_z + age_z + sex + pmi_z,0.12701655516924137,0.12701655516924137,-0.12701655516924137,0.23305256483514353,117,0.17190996111790563,9.5,/Users/ashlynsloane/Buck Institute 25-26/ROSMAP Analysis March 26/hsp60_rosmap_publication_ready_repo/outputs/supplemental_figures/audits/COGNITION_LOOKUP_SELECTED_FOR_SUPPLEMENTAL_NULL.csv,cognition_composite_score,NA,0.17190996111790563,5,0,FALSE,0.8832236842105263,0.8848684210526315,0.875
background_null_pool,NOA1,covariate_adjusted_no_CERAD,protein_z ~ braak_z + age_z + sex + pmi_z,0.020523610016699834,0.020523610016699834,-0.020523610016699834,0.8635964977128517,107,0.09071072638423582,8.5,/Users/ashlynsloane/Buck Institute 25-26/ROSMAP Analysis March 26/hsp60_rosmap_publication_ready_repo/outputs/supplemental_figures/audits/COGNITION_LOOKUP_SELECTED_FOR_SUPPLEMENTAL_NULL.csv,cognition_composite_score,NA,0.09071072638423582,4,0,FALSE,0.59375,0.5526315789473685,0.8552631578947368
background_null_pool,NT5DC3,covariate_adjusted_no_CERAD,protein_z ~ braak_z + age_z + sex + pmi_z,0.09574741651343509,0.09574741651343509,-0.09574741651343509,0.3431234546054348,117,0.1834260765241471,9.5,/Users/ashlynsloane/Buck Institute 25-26/ROSMAP Analysis March 26/hsp60_rosmap_publication_ready_repo/outputs/supplemental_figures/audits/COGNITION_LOOKUP_SELECTED_FOR_SUPPLEMENTAL_NULL.csv,cognition_composite_score,NA,0.1834260765241471,5,0,FALSE,0.9177631578947368,0.9342105263157895,0.875
background_null_pool,NTHL1,covariate_adjusted_no_CERAD,protein_z ~ braak_z + age_z + sex + pmi_z,0.0258793997907731,0.0258793997907731,-0.0258793997907731,0.7672803580443665,91,-0.01700988054367674,0.5,/Users/ashlynsloane/Buck Institute 25-26/ROSMAP Analysis March 26/hsp60_rosmap_publication_ready_repo/outputs/supplemental_figures/audits/COGNITION_LOOKUP_SELECTED_FOR_SUPPLEMENTAL_NULL.csv,cognition_composite_score,NA,0.01700988054367674,1,0,FALSE,0.15460526315789475,0.17269736842105263,0.23190789473684212
background_null_pool,NUBPL,covariate_adjusted_no_CERAD,protein_z ~ braak_z + age_z + sex + pmi_z,0.02986433884964639,0.02986433884964639,-0.02986433884964639,0.7895946786989076,117,0.02082786629690853,0.5,/Users/ashlynsloane/Buck Institute 25-26/ROSMAP Analysis March 26/hsp60_rosmap_publication_ready_repo/outputs/supplemental_figures/audits/COGNITION_LOOKUP_SELECTED_FOR_SUPPLEMENTAL_NULL.csv,cognition_composite_score,NA,0.02082786629690853,2,0,FALSE,0.2713815789473684,0.2236842105263158,0.23190789473684212
background_null_pool,NUDT2,covariate_adjusted_no_CERAD,protein_z ~ braak_z + age_z + sex + pmi_z,0.15360199501836047,0.15360199501836047,-0.15360199501836047,0.13103792111837956,117,0.02100236413536432,0,/Users/ashlynsloane/Buck Institute 25-26/ROSMAP Analysis March 26/hsp60_rosmap_publication_ready_repo/outputs/supplemental_figures/audits/COGNITION_LOOKUP_SELECTED_FOR_SUPPLEMENTAL_NULL.csv,cognition_composite_score,NA,0.02100236413536432,2,0,FALSE,0.2730263157894737,0.36348684210526316,0
background_null_pool,NUDT5,covariate_adjusted_no_CERAD,protein_z ~ braak_z + age_z + sex + pmi_z,-0.13486315326342513,-0.13486315326342513,0.13486315326342513,0.23280629492836338,117,-0.07489526017128605,0,/Users/ashlynsloane/Buck Institute 25-26/ROSMAP Analysis March 26/hsp60_rosmap_publication_ready_repo/outputs/supplemental_figures/audits/COGNITION_LOOKUP_SELECTED_FOR_SUPPLEMENTAL_NULL.csv,cognition_composite_score,NA,0.07489526017128605,4,0,FALSE,0.06085526315789474,0.06578947368421052,0
background_null_pool,NUDT6,covariate_adjusted_no_CERAD,protein_z ~ braak_z + age_z + sex + pmi_z,0.1871413905681743,0.1871413905681743,-0.1871413905681743,0.10342503145996301,114,-0.02792581222369551,0,/Users/ashlynsloane/Buck Institute 25-26/ROSMAP Analysis March 26/hsp60_rosmap_publication_ready_repo/outputs/supplemental_figures/audits/COGNITION_LOOKUP_SELECTED_FOR_SUPPLEMENTAL_NULL.csv,cognition_composite_score,NA,0.02792581222369551,2,0,FALSE,0.13815789473684212,0.05756578947368421,0
background_null_pool,NUDT8,covariate_adjusted_no_CERAD,protein_z ~ braak_z + age_z + sex + pmi_z,0.09075795859686014,0.09075795859686014,-0.09075795859686014,0.49641449191697873,96,0.02389739173784923,0,/Users/ashlynsloane/Buck Institute 25-26/ROSMAP Analysis March 26/hsp60_rosmap_publication_ready_repo/outputs/supplemental_figures/audits/COGNITION_LOOKUP_SELECTED_FOR_SUPPLEMENTAL_NULL.csv,cognition_composite_score,NA,0.02389739173784923,2,0,FALSE,0.2894736842105263,0.32401315789473684,0
background_null_pool,NUDT9,covariate_adjusted_no_CERAD,protein_z ~ braak_z + age_z + sex + pmi_z,0.11173778688568545,0.11173778688568545,-0.11173778688568545,0.2853402282435083,117,0.02539581928302465,0.5,/Users/ashlynsloane/Buck Institute 25-26/ROSMAP Analysis March 26/hsp60_rosmap_publication_ready_repo/outputs/supplemental_figures/audits/COGNITION_LOOKUP_SELECTED_FOR_SUPPLEMENTAL_NULL.csv,cognition_composite_score,NA,0.02539581928302465,2,0,FALSE,0.29276315789473684,0.3980263157894737,0.23190789473684212
background_null_pool,OCIAD1,covariate_adjusted_no_CERAD,protein_z ~ braak_z + age_z + sex + pmi_z,0.204177942472234,0.204177942472234,-0.204177942472234,0.02861948719897815,117,0.07232673385088488,2.5,/Users/ashlynsloane/Buck Institute 25-26/ROSMAP Analysis March 26/hsp60_rosmap_publication_ready_repo/outputs/supplemental_figures/audits/COGNITION_LOOKUP_SELECTED_FOR_SUPPLEMENTAL_NULL.csv,cognition_composite_score,NA,0.07232673385088488,4,0,FALSE,0.4901315789473684,0.5427631578947368,0.6842105263157895
background_null_pool,OCIAD2,covariate_adjusted_no_CERAD,protein_z ~ braak_z + age_z + sex + pmi_z,0.047187498426052035,0.047187498426052035,-0.047187498426052035,0.6918772930619667,117,0.17471548071786178,0.5,/Users/ashlynsloane/Buck Institute 25-26/ROSMAP Analysis March 26/hsp60_rosmap_publication_ready_repo/outputs/supplemental_figures/audits/COGNITION_LOOKUP_SELECTED_FOR_SUPPLEMENTAL_NULL.csv,cognition_composite_score,NA,0.17471548071786178,5,0,FALSE,0.8963815789473685,0.8898026315789473,0.23190789473684212
background_null_pool,OGDHL,covariate_adjusted_no_CERAD,protein_z ~ braak_z + age_z + sex + pmi_z,0.013897983293700508,0.013897983293700508,-0.013897983293700508,0.9057477807722321,117,0.1749606124806424,12.5,/Users/ashlynsloane/Buck Institute 25-26/ROSMAP Analysis March 26/hsp60_rosmap_publication_ready_repo/outputs/supplemental_figures/audits/COGNITION_LOOKUP_SELECTED_FOR_SUPPLEMENTAL_NULL.csv,cognition_composite_score,NA,0.1749606124806424,5,0,FALSE,0.8980263157894737,0.9013157894736842,0.9342105263157895
background_null_pool,OMA1,covariate_adjusted_no_CERAD,protein_z ~ braak_z + age_z + sex + pmi_z,0.16981397233051387,0.16981397233051387,-0.16981397233051387,0.20333201937431328,82,0.02724973235944083,0,/Users/ashlynsloane/Buck Institute 25-26/ROSMAP Analysis March 26/hsp60_rosmap_publication_ready_repo/outputs/supplemental_figures/audits/COGNITION_LOOKUP_SELECTED_FOR_SUPPLEMENTAL_NULL.csv,cognition_composite_score,NA,0.02724973235944083,2,0,FALSE,0.29769736842105265,0.23519736842105263,0
background_null_pool,OPA1,covariate_adjusted_no_CERAD,protein_z ~ braak_z + age_z + sex + pmi_z,0.19706721948256434,0.19706721948256434,-0.19706721948256434,0.06986557190513548,117,0.11898445365133724,1.5,/Users/ashlynsloane/Buck Institute 25-26/ROSMAP Analysis March 26/hsp60_rosmap_publication_ready_repo/outputs/supplemental_figures/audits/COGNITION_LOOKUP_SELECTED_FOR_SUPPLEMENTAL_NULL.csv,cognition_composite_score,NA,0.11898445365133724,5,0,FALSE,0.71875,0.7483552631578947,0.5986842105263158
background_null_pool,OPA3,covariate_adjusted_no_CERAD,protein_z ~ braak_z + age_z + sex + pmi_z,-0.12010299511200569,-0.12010299511200569,0.12010299511200569,0.21642947456237818,117,0.17014757822578833,5.5,/Users/ashlynsloane/Buck Institute 25-26/ROSMAP Analysis March 26/hsp60_rosmap_publication_ready_repo/outputs/supplemental_figures/audits/COGNITION_LOOKUP_SELECTED_FOR_SUPPLEMENTAL_NULL.csv,cognition_composite_score,NA,0.17014757822578833,5,0,FALSE,0.8799342105263158,0.8667763157894737,0.7845394736842105
background_null_pool,OSBPL1A,covariate_adjusted_no_CERAD,protein_z ~ braak_z + age_z + sex + pmi_z,0.23790186121035306,0.23790186121035306,-0.23790186121035306,0.013809888549444855,117,0.02870068421235934,0.5,/Users/ashlynsloane/Buck Institute 25-26/ROSMAP Analysis March 26/hsp60_rosmap_publication_ready_repo/outputs/supplemental_figures/audits/COGNITION_LOOKUP_SELECTED_FOR_SUPPLEMENTAL_NULL.csv,cognition_composite_score,NA,0.02870068421235934,2,0,FALSE,0.30756578947368424,0.3536184210526316,0.23190789473684212
background_null_pool,OSGEPL1,covariate_adjusted_no_CERAD,protein_z ~ braak_z + age_z + sex + pmi_z,0.03960065526773801,0.03960065526773801,-0.03960065526773801,0.7349095130157789,113,0.07799057454956392,3.5,/Users/ashlynsloane/Buck Institute 25-26/ROSMAP Analysis March 26/hsp60_rosmap_publication_ready_repo/outputs/supplemental_figures/audits/COGNITION_LOOKUP_SELECTED_FOR_SUPPLEMENTAL_NULL.csv,cognition_composite_score,NA,0.07799057454956392,4,0,FALSE,0.5230263157894737,0.6217105263157895,0.7532894736842105
background_null_pool,OXA1L,covariate_adjusted_no_CERAD,protein_z ~ braak_z + age_z + sex + pmi_z,0.14957586104665635,0.14957586104665635,-0.14957586104665635,0.17774605386953174,117,0.07475590175495739,9.5,/Users/ashlynsloane/Buck Institute 25-26/ROSMAP Analysis March 26/hsp60_rosmap_publication_ready_repo/outputs/supplemental_figures/audits/COGNITION_LOOKUP_SELECTED_FOR_SUPPLEMENTAL_NULL.csv,cognition_composite_score,NA,0.07475590175495739,4,0,FALSE,0.506578947368421,0.46381578947368424,0.875
background_null_pool,OXCT1,covariate_adjusted_no_CERAD,protein_z ~ braak_z + age_z + sex + pmi_z,0.2976374022444357,0.2976374022444357,-0.2976374022444357,0.009929727145218052,117,0.06099357885548416,0.5,/Users/ashlynsloane/Buck Institute 25-26/ROSMAP Analysis March 26/hsp60_rosmap_publication_ready_repo/outputs/supplemental_figures/audits/COGNITION_LOOKUP_SELECTED_FOR_SUPPLEMENTAL_NULL.csv,cognition_composite_score,NA,0.06099357885548416,4,0,FALSE,0.4407894736842105,0.5575657894736842,0.23190789473684212
background_null_pool,OXLD1,covariate_adjusted_no_CERAD,protein_z ~ braak_z + age_z + sex + pmi_z,0.042369698426348,0.042369698426348,-0.042369698426348,0.6722323389537606,117,0.0280185922618965,0.5,/Users/ashlynsloane/Buck Institute 25-26/ROSMAP Analysis March 26/hsp60_rosmap_publication_ready_repo/outputs/supplemental_figures/audits/COGNITION_LOOKUP_SELECTED_FOR_SUPPLEMENTAL_NULL.csv,cognition_composite_score,NA,0.0280185922618965,2,0,FALSE,0.3042763157894737,0.22697368421052633,0.23190789473684212
background_null_pool,OXNAD1,covariate_adjusted_no_CERAD,protein_z ~ braak_z + age_z + sex + pmi_z,-0.13165428996574371,-0.13165428996574371,0.13165428996574371,0.21976675001454302,112,0.05439018434254752,0.5,/Users/ashlynsloane/Buck Institute 25-26/ROSMAP Analysis March 26/hsp60_rosmap_publication_ready_repo/outputs/supplemental_figures/audits/COGNITION_LOOKUP_SELECTED_FOR_SUPPLEMENTAL_NULL.csv,cognition_composite_score,NA,0.05439018434254752,3,0,FALSE,0.4095394736842105,0.45394736842105265,0.23190789473684212
background_null_pool,OXR1,covariate_adjusted_no_CERAD,protein_z ~ braak_z + age_z + sex + pmi_z,-0.03216663840711639,-0.03216663840711639,0.03216663840711639,0.7209898809357792,117,0.10966881939452162,0.5,/Users/ashlynsloane/Buck Institute 25-26/ROSMAP Analysis March 26/hsp60_rosmap_publication_ready_repo/outputs/supplemental_figures/audits/COGNITION_LOOKUP_SELECTED_FOR_SUPPLEMENTAL_NULL.csv,cognition_composite_score,NA,0.10966881939452162,5,0,FALSE,0.6759868421052632,0.8223684210526315,0.23190789473684212
background_null_pool,OXSM,covariate_adjusted_no_CERAD,protein_z ~ braak_z + age_z + sex + pmi_z,0.056368280268314114,0.056368280268314114,-0.056368280268314114,0.6272602476369902,117,0.08300876160587291,9.5,/Users/ashlynsloane/Buck Institute 25-26/ROSMAP Analysis March 26/hsp60_rosmap_publication_ready_repo/outputs/supplemental_figures/audits/COGNITION_LOOKUP_SELECTED_FOR_SUPPLEMENTAL_NULL.csv,cognition_composite_score,NA,0.08300876160587291,4,0,FALSE,0.5608552631578947,0.6101973684210527,0.875
background_null_pool,PAICS,covariate_adjusted_no_CERAD,protein_z ~ braak_z + age_z + sex + pmi_z,0.07736655936608594,0.07736655936608594,-0.07736655936608594,0.4785338061586847,117,-0.11476493654823382,0,/Users/ashlynsloane/Buck Institute 25-26/ROSMAP Analysis March 26/hsp60_rosmap_publication_ready_repo/outputs/supplemental_figures/audits/COGNITION_LOOKUP_SELECTED_FOR_SUPPLEMENTAL_NULL.csv,cognition_composite_score,NA,0.11476493654823382,5,0,FALSE,0.024671052631578948,0.03618421052631579,0
background_null_pool,PANK2,covariate_adjusted_no_CERAD,protein_z ~ braak_z + age_z + sex + pmi_z,0.05151110662919009,0.05151110662919009,-0.05151110662919009,0.6295767789938103,117,-0.03182387364402239,0,/Users/ashlynsloane/Buck Institute 25-26/ROSMAP Analysis March 26/hsp60_rosmap_publication_ready_repo/outputs/supplemental_figures/audits/COGNITION_LOOKUP_SELECTED_FOR_SUPPLEMENTAL_NULL.csv,cognition_composite_score,NA,0.03182387364402239,2,0,FALSE,0.11842105263157894,0.16282894736842105,0
background_null_pool,PARK7,covariate_adjusted_no_CERAD,protein_z ~ braak_z + age_z + sex + pmi_z,-0.07059830638524563,-0.07059830638524563,0.07059830638524563,0.44480618811175454,117,-0.06729465631122378,0,/Users/ashlynsloane/Buck Institute 25-26/ROSMAP Analysis March 26/hsp60_rosmap_publication_ready_repo/outputs/supplemental_figures/audits/COGNITION_LOOKUP_SELECTED_FOR_SUPPLEMENTAL_NULL.csv,cognition_composite_score,NA,0.06729465631122378,4,0,FALSE,0.06743421052631579,0.10526315789473684,0
background_null_pool,PARL,covariate_adjusted_no_CERAD,protein_z ~ braak_z + age_z + sex + pmi_z,-0.1545787523269787,-0.1545787523269787,0.1545787523269787,0.17946865611121393,115,0.04646730189286857,0.5,/Users/ashlynsloane/Buck Institute 25-26/ROSMAP Analysis March 26/hsp60_rosmap_publication_ready_repo/outputs/supplemental_figures/audits/COGNITION_LOOKUP_SELECTED_FOR_SUPPLEMENTAL_NULL.csv,cognition_composite_score,NA,0.04646730189286857,3,0,FALSE,0.37664473684210525,0.3404605263157895,0.23190789473684212
background_null_pool,PARS2,covariate_adjusted_no_CERAD,protein_z ~ braak_z + age_z + sex + pmi_z,0.08248087576631563,0.08248087576631563,-0.08248087576631563,0.46617026443379506,117,0.11427316163497242,12.5,/Users/ashlynsloane/Buck Institute 25-26/ROSMAP Analysis March 26/hsp60_rosmap_publication_ready_repo/outputs/supplemental_figures/audits/COGNITION_LOOKUP_SELECTED_FOR_SUPPLEMENTAL_NULL.csv,cognition_composite_score,NA,0.11427316163497242,5,0,FALSE,0.6957236842105263,0.7384868421052632,0.9342105263157895
background_null_pool,PCBD2,covariate_adjusted_no_CERAD,protein_z ~ braak_z + age_z + sex + pmi_z,-0.12926141168985505,-0.12926141168985505,0.12926141168985505,0.27221489094941637,117,-0.0933243166838158,0,/Users/ashlynsloane/Buck Institute 25-26/ROSMAP Analysis March 26/hsp60_rosmap_publication_ready_repo/outputs/supplemental_figures/audits/COGNITION_LOOKUP_SELECTED_FOR_SUPPLEMENTAL_NULL.csv,cognition_composite_score,NA,0.0933243166838158,4,0,FALSE,0.044407894736842105,0.02631578947368421,0
background_null_pool,PCCA,covariate_adjusted_no_CERAD,protein_z ~ braak_z + age_z + sex + pmi_z,0.04565483470094034,0.04565483470094034,-0.04565483470094034,0.6526255106081323,117,0.07848237447621127,5.5,/Users/ashlynsloane/Buck Institute 25-26/ROSMAP Analysis March 26/hsp60_rosmap_publication_ready_repo/outputs/supplemental_figures/audits/COGNITION_LOOKUP_SELECTED_FOR_SUPPLEMENTAL_NULL.csv,cognition_composite_score,NA,0.07848237447621127,4,0,FALSE,0.5263157894736842,0.4194078947368421,0.7845394736842105
background_null_pool,PDE12,covariate_adjusted_no_CERAD,protein_z ~ braak_z + age_z + sex + pmi_z,0.09247303652499542,0.09247303652499542,-0.09247303652499542,0.41916289870016565,117,0.04846683187188034,0,/Users/ashlynsloane/Buck Institute 25-26/ROSMAP Analysis March 26/hsp60_rosmap_publication_ready_repo/outputs/supplemental_figures/audits/COGNITION_LOOKUP_SELECTED_FOR_SUPPLEMENTAL_NULL.csv,cognition_composite_score,NA,0.04846683187188034,3,0,FALSE,0.38651315789473684,0.42598684210526316,0
background_null_pool,PDE2A,covariate_adjusted_no_CERAD,protein_z ~ braak_z + age_z + sex + pmi_z,0.020469271841708703,0.020469271841708703,-0.020469271841708703,0.8031525696078567,117,0.02830434462474154,0.5,/Users/ashlynsloane/Buck Institute 25-26/ROSMAP Analysis March 26/hsp60_rosmap_publication_ready_repo/outputs/supplemental_figures/audits/COGNITION_LOOKUP_SELECTED_FOR_SUPPLEMENTAL_NULL.csv,cognition_composite_score,NA,0.02830434462474154,2,0,FALSE,0.3059210526315789,0.3059210526315789,0.23190789473684212
background_null_pool,PDF,covariate_adjusted_no_CERAD,protein_z ~ braak_z + age_z + sex + pmi_z,-0.1954273071339378,-0.1954273071339378,0.1954273071339378,0.11903728568021538,117,0.13740736199466402,0,/Users/ashlynsloane/Buck Institute 25-26/ROSMAP Analysis March 26/hsp60_rosmap_publication_ready_repo/outputs/supplemental_figures/audits/COGNITION_LOOKUP_SELECTED_FOR_SUPPLEMENTAL_NULL.csv,cognition_composite_score,NA,0.13740736199466402,5,0,FALSE,0.7993421052631579,0.8404605263157895,0
background_null_pool,PDP1,covariate_adjusted_no_CERAD,protein_z ~ braak_z + age_z + sex + pmi_z,0.028562968952693835,0.028562968952693835,-0.028562968952693835,0.7758769406474274,117,0.133860519372218,9.5,/Users/ashlynsloane/Buck Institute 25-26/ROSMAP Analysis March 26/hsp60_rosmap_publication_ready_repo/outputs/supplemental_figures/audits/COGNITION_LOOKUP_SELECTED_FOR_SUPPLEMENTAL_NULL.csv,cognition_composite_score,NA,0.133860519372218,5,0,FALSE,0.7894736842105263,0.7335526315789473,0.875
background_null_pool,PDPR,covariate_adjusted_no_CERAD,protein_z ~ braak_z + age_z + sex + pmi_z,0.004753923056654626,0.004753923056654626,-0.004753923056654626,0.9648341482350833,117,-0.02924063110584395,0.5,/Users/ashlynsloane/Buck Institute 25-26/ROSMAP Analysis March 26/hsp60_rosmap_publication_ready_repo/outputs/supplemental_figures/audits/COGNITION_LOOKUP_SELECTED_FOR_SUPPLEMENTAL_NULL.csv,cognition_composite_score,NA,0.02924063110584395,2,0,FALSE,0.13157894736842105,0.11842105263157894,0.23190789473684212
background_null_pool,PET100,covariate_adjusted_no_CERAD,protein_z ~ braak_z + age_z + sex + pmi_z,-0.044059968258241794,-0.044059968258241794,0.044059968258241794,0.7180218564230122,115,0.08948157399207637,0.5,/Users/ashlynsloane/Buck Institute 25-26/ROSMAP Analysis March 26/hsp60_rosmap_publication_ready_repo/outputs/supplemental_figures/audits/COGNITION_LOOKUP_SELECTED_FOR_SUPPLEMENTAL_NULL.csv,cognition_composite_score,NA,0.08948157399207637,4,0,FALSE,0.587171052631579,0.48848684210526316,0.23190789473684212
background_null_pool,PEX11B,covariate_adjusted_no_CERAD,protein_z ~ braak_z + age_z + sex + pmi_z,0.003919814177088123,0.003919814177088123,-0.003919814177088123,0.9714656178049785,117,-0.01431564879712575,0,/Users/ashlynsloane/Buck Institute 25-26/ROSMAP Analysis March 26/hsp60_rosmap_publication_ready_repo/outputs/supplemental_figures/audits/COGNITION_LOOKUP_SELECTED_FOR_SUPPLEMENTAL_NULL.csv,cognition_composite_score,NA,0.01431564879712575,1,0,FALSE,0.16447368421052633,0.22861842105263158,0
background_null_pool,PGS1,covariate_adjusted_no_CERAD,protein_z ~ braak_z + age_z + sex + pmi_z,-0.061487299583021904,-0.061487299583021904,0.061487299583021904,0.5720525582396507,117,0.03517915185509589,0.5,/Users/ashlynsloane/Buck Institute 25-26/ROSMAP Analysis March 26/hsp60_rosmap_publication_ready_repo/outputs/supplemental_figures/audits/COGNITION_LOOKUP_SELECTED_FOR_SUPPLEMENTAL_NULL.csv,cognition_composite_score,NA,0.03517915185509589,2,0,FALSE,0.32894736842105265,0.34539473684210525,0.23190789473684212
background_null_pool,PHYH,covariate_adjusted_no_CERAD,protein_z ~ braak_z + age_z + sex + pmi_z,0.04959520256312144,0.04959520256312144,-0.04959520256312144,0.670343467385551,117,0.05072146064880665,0.5,/Users/ashlynsloane/Buck Institute 25-26/ROSMAP Analysis March 26/hsp60_rosmap_publication_ready_repo/outputs/supplemental_figures/audits/COGNITION_LOOKUP_SELECTED_FOR_SUPPLEMENTAL_NULL.csv,cognition_composite_score,NA,0.05072146064880665,3,0,FALSE,0.39473684210526316,0.29276315789473684,0.23190789473684212
background_null_pool,PICK1,covariate_adjusted_no_CERAD,protein_z ~ braak_z + age_z + sex + pmi_z,0.1660811780456653,0.1660811780456653,-0.1660811780456653,0.04234533861270993,117,0.1021272496351648,6.5,/Users/ashlynsloane/Buck Institute 25-26/ROSMAP Analysis March 26/hsp60_rosmap_publication_ready_repo/outputs/supplemental_figures/audits/COGNITION_LOOKUP_SELECTED_FOR_SUPPLEMENTAL_NULL.csv,cognition_composite_score,NA,0.1021272496351648,5,0,FALSE,0.6529605263157895,0.725328947368421,0.819078947368421
background_null_pool,PISD,covariate_adjusted_no_CERAD,protein_z ~ braak_z + age_z + sex + pmi_z,0.12049995468712157,0.12049995468712157,-0.12049995468712157,0.24472378235324763,117,0.12493329470601826,0.5,/Users/ashlynsloane/Buck Institute 25-26/ROSMAP Analysis March 26/hsp60_rosmap_publication_ready_repo/outputs/supplemental_figures/audits/COGNITION_LOOKUP_SELECTED_FOR_SUPPLEMENTAL_NULL.csv,cognition_composite_score,NA,0.12493329470601826,5,0,FALSE,0.743421052631579,0.7894736842105263,0.23190789473684212
background_null_pool,PLGRKT,covariate_adjusted_no_CERAD,protein_z ~ braak_z + age_z + sex + pmi_z,0.1745401147519858,0.1745401147519858,-0.1745401147519858,0.09338473106681307,117,-0.00749282777758103,0,/Users/ashlynsloane/Buck Institute 25-26/ROSMAP Analysis March 26/hsp60_rosmap_publication_ready_repo/outputs/supplemental_figures/audits/COGNITION_LOOKUP_SELECTED_FOR_SUPPLEMENTAL_NULL.csv,cognition_composite_score,NA,0.00749282777758103,1,0,FALSE,0.17763157894736842,0.13486842105263158,0
background_null_pool,PNKD,covariate_adjusted_no_CERAD,protein_z ~ braak_z + age_z + sex + pmi_z,-0.14196065748001205,-0.14196065748001205,0.14196065748001205,0.2228719843336952,117,0.11972465380070248,0.5,/Users/ashlynsloane/Buck Institute 25-26/ROSMAP Analysis March 26/hsp60_rosmap_publication_ready_repo/outputs/supplemental_figures/audits/COGNITION_LOOKUP_SELECTED_FOR_SUPPLEMENTAL_NULL.csv,cognition_composite_score,NA,0.11972465380070248,5,0,FALSE,0.7236842105263158,0.7088815789473685,0.23190789473684212
background_null_pool,PNPLA8,covariate_adjusted_no_CERAD,protein_z ~ braak_z + age_z + sex + pmi_z,0.16187241449320036,0.16187241449320036,-0.16187241449320036,0.09987822583071826,117,0.04689028155291185,0.5,/Users/ashlynsloane/Buck Institute 25-26/ROSMAP Analysis March 26/hsp60_rosmap_publication_ready_repo/outputs/supplemental_figures/audits/COGNITION_LOOKUP_SELECTED_FOR_SUPPLEMENTAL_NULL.csv,cognition_composite_score,NA,0.04689028155291185,3,0,FALSE,0.37993421052631576,0.4095394736842105,0.23190789473684212
background_null_pool,PNPO,covariate_adjusted_no_CERAD,protein_z ~ braak_z + age_z + sex + pmi_z,-0.09004526100275573,-0.09004526100275573,0.09004526100275573,0.39047066059613156,117,-0.09967656048256798,0.5,/Users/ashlynsloane/Buck Institute 25-26/ROSMAP Analysis March 26/hsp60_rosmap_publication_ready_repo/outputs/supplemental_figures/audits/COGNITION_LOOKUP_SELECTED_FOR_SUPPLEMENTAL_NULL.csv,cognition_composite_score,NA,0.09967656048256798,4,0,FALSE,0.03782894736842105,0.04111842105263158,0.23190789473684212
background_null_pool,POLB,covariate_adjusted_no_CERAD,protein_z ~ braak_z + age_z + sex + pmi_z,0.007894519364201588,0.007894519364201588,-0.007894519364201588,0.9297221603467389,92,7.919129777099062e-4,0,/Users/ashlynsloane/Buck Institute 25-26/ROSMAP Analysis March 26/hsp60_rosmap_publication_ready_repo/outputs/supplemental_figures/audits/COGNITION_LOOKUP_SELECTED_FOR_SUPPLEMENTAL_NULL.csv,cognition_composite_score,NA,7.919129777099062e-4,1,0,FALSE,0.19901315789473684,0.19407894736842105,0
background_null_pool,POLG2,covariate_adjusted_no_CERAD,protein_z ~ braak_z + age_z + sex + pmi_z,-0.22494975893340535,-0.22494975893340535,0.22494975893340535,0.06398228333597901,107,0.00277018895429107,0.5,/Users/ashlynsloane/Buck Institute 25-26/ROSMAP Analysis March 26/hsp60_rosmap_publication_ready_repo/outputs/supplemental_figures/audits/COGNITION_LOOKUP_SELECTED_FOR_SUPPLEMENTAL_NULL.csv,cognition_composite_score,NA,0.00277018895429107,1,0,FALSE,0.20394736842105263,0.40789473684210525,0.23190789473684212
background_null_pool,PPM1K,covariate_adjusted_no_CERAD,protein_z ~ braak_z + age_z + sex + pmi_z,-0.11359704455637536,-0.11359704455637536,0.11359704455637536,0.24059254784765263,117,-0.02966449883078916,2.5,/Users/ashlynsloane/Buck Institute 25-26/ROSMAP Analysis March 26/hsp60_rosmap_publication_ready_repo/outputs/supplemental_figures/audits/COGNITION_LOOKUP_SELECTED_FOR_SUPPLEMENTAL_NULL.csv,cognition_composite_score,NA,0.02966449883078916,2,0,FALSE,0.125,0.15296052631578946,0.6842105263157895
background_null_pool,PPTC7,covariate_adjusted_no_CERAD,protein_z ~ braak_z + age_z + sex + pmi_z,-0.08044180054527401,-0.08044180054527401,0.08044180054527401,0.48400602614318156,117,0.12818872738120846,1.5,/Users/ashlynsloane/Buck Institute 25-26/ROSMAP Analysis March 26/hsp60_rosmap_publication_ready_repo/outputs/supplemental_figures/audits/COGNITION_LOOKUP_SELECTED_FOR_SUPPLEMENTAL_NULL.csv,cognition_composite_score,NA,0.12818872738120846,5,0,FALSE,0.7680921052631579,0.6726973684210527,0.5986842105263158
background_null_pool,PRDX2,covariate_adjusted_no_CERAD,protein_z ~ braak_z + age_z + sex + pmi_z,-0.0456443012297109,-0.0456443012297109,0.0456443012297109,0.628088721433826,117,-0.02773400990999848,0,/Users/ashlynsloane/Buck Institute 25-26/ROSMAP Analysis March 26/hsp60_rosmap_publication_ready_repo/outputs/supplemental_figures/audits/COGNITION_LOOKUP_SELECTED_FOR_SUPPLEMENTAL_NULL.csv,cognition_composite_score,NA,0.02773400990999848,2,0,FALSE,0.13980263157894737,0.17105263157894737,0
background_null_pool,PRDX5,covariate_adjusted_no_CERAD,protein_z ~ braak_z + age_z + sex + pmi_z,-0.07473915655023426,-0.07473915655023426,0.07473915655023426,0.4792356175141249,117,0.04151230426288428,0.5,/Users/ashlynsloane/Buck Institute 25-26/ROSMAP Analysis March 26/hsp60_rosmap_publication_ready_repo/outputs/supplemental_figures/audits/COGNITION_LOOKUP_SELECTED_FOR_SUPPLEMENTAL_NULL.csv,cognition_composite_score,NA,0.04151230426288428,3,0,FALSE,0.3536184210526316,0.43585526315789475,0.23190789473684212
background_null_pool,PRDX6,covariate_adjusted_no_CERAD,protein_z ~ braak_z + age_z + sex + pmi_z,-0.11746353804130535,-0.11746353804130535,0.11746353804130535,0.19434102786928636,117,-0.268156827258087,0,/Users/ashlynsloane/Buck Institute 25-26/ROSMAP Analysis March 26/hsp60_rosmap_publication_ready_repo/outputs/supplemental_figures/audits/COGNITION_LOOKUP_SELECTED_FOR_SUPPLEMENTAL_NULL.csv,cognition_composite_score,NA,0.268156827258087,5,0,FALSE,0.001644736842105263,0.001644736842105263,0
background_null_pool,PREPL,covariate_adjusted_no_CERAD,protein_z ~ braak_z + age_z + sex + pmi_z,-0.0637817713161558,-0.0637817713161558,0.0637817713161558,0.5511215583413784,117,-0.02940227479799307,0,/Users/ashlynsloane/Buck Institute 25-26/ROSMAP Analysis March 26/hsp60_rosmap_publication_ready_repo/outputs/supplemental_figures/audits/COGNITION_LOOKUP_SELECTED_FOR_SUPPLEMENTAL_NULL.csv,cognition_composite_score,NA,0.02940227479799307,2,0,FALSE,0.12828947368421054,0.1513157894736842,0
background_null_pool,PRKACA,covariate_adjusted_no_CERAD,protein_z ~ braak_z + age_z + sex + pmi_z,0.20968415326072046,0.20968415326072046,-0.20968415326072046,0.027226541394572843,117,0.04464413826692837,0.5,/Users/ashlynsloane/Buck Institute 25-26/ROSMAP Analysis March 26/hsp60_rosmap_publication_ready_repo/outputs/supplemental_figures/audits/COGNITION_LOOKUP_SELECTED_FOR_SUPPLEMENTAL_NULL.csv,cognition_composite_score,NA,0.04464413826692837,3,0,FALSE,0.3667763157894737,0.45723684210526316,0.23190789473684212
background_null_pool,PRODH,covariate_adjusted_no_CERAD,protein_z ~ braak_z + age_z + sex + pmi_z,-0.0730315761073897,-0.0730315761073897,0.0730315761073897,0.4700763501843248,117,-0.04002108157293502,5.5,/Users/ashlynsloane/Buck Institute 25-26/ROSMAP Analysis March 26/hsp60_rosmap_publication_ready_repo/outputs/supplemental_figures/audits/COGNITION_LOOKUP_SELECTED_FOR_SUPPLEMENTAL_NULL.csv,cognition_composite_score,NA,0.04002108157293502,3,0,FALSE,0.10526315789473684,0.24342105263157895,0.7845394736842105
background_null_pool,PTGES2,covariate_adjusted_no_CERAD,protein_z ~ braak_z + age_z + sex + pmi_z,-0.013530274084673997,-0.013530274084673997,0.013530274084673997,0.904550781901487,117,0.06449145418945199,0.5,/Users/ashlynsloane/Buck Institute 25-26/ROSMAP Analysis March 26/hsp60_rosmap_publication_ready_repo/outputs/supplemental_figures/audits/COGNITION_LOOKUP_SELECTED_FOR_SUPPLEMENTAL_NULL.csv,cognition_composite_score,NA,0.06449145418945199,4,0,FALSE,0.45230263157894735,0.649671052631579,0.23190789473684212
background_null_pool,PTRH1,covariate_adjusted_no_CERAD,protein_z ~ braak_z + age_z + sex + pmi_z,0.06419296989410947,0.06419296989410947,-0.06419296989410947,0.6038474669367202,100,0.17680159006125595,0.5,/Users/ashlynsloane/Buck Institute 25-26/ROSMAP Analysis March 26/hsp60_rosmap_publication_ready_repo/outputs/supplemental_figures/audits/COGNITION_LOOKUP_SELECTED_FOR_SUPPLEMENTAL_NULL.csv,cognition_composite_score,NA,0.17680159006125595,5,0,FALSE,0.90625,0.8519736842105263,0.23190789473684212
background_null_pool,PTRH2,covariate_adjusted_no_CERAD,protein_z ~ braak_z + age_z + sex + pmi_z,0.16201197676749443,0.16201197676749443,-0.16201197676749443,0.1291960809931222,117,0.05522420418761947,0.5,/Users/ashlynsloane/Buck Institute 25-26/ROSMAP Analysis March 26/hsp60_rosmap_publication_ready_repo/outputs/supplemental_figures/audits/COGNITION_LOOKUP_SELECTED_FOR_SUPPLEMENTAL_NULL.csv,cognition_composite_score,NA,0.05522420418761947,3,0,FALSE,0.4161184210526316,0.5230263157894737,0.23190789473684212
background_null_pool,PUS1,covariate_adjusted_no_CERAD,protein_z ~ braak_z + age_z + sex + pmi_z,0.15656733335055878,0.15656733335055878,-0.15656733335055878,0.19421713791444759,117,0.1182382200019703,9.5,/Users/ashlynsloane/Buck Institute 25-26/ROSMAP Analysis March 26/hsp60_rosmap_publication_ready_repo/outputs/supplemental_figures/audits/COGNITION_LOOKUP_SELECTED_FOR_SUPPLEMENTAL_NULL.csv,cognition_composite_score,NA,0.1182382200019703,5,0,FALSE,0.7171052631578947,0.631578947368421,0.875
background_null_pool,PUSL1,covariate_adjusted_no_CERAD,protein_z ~ braak_z + age_z + sex + pmi_z,-0.2752795252459466,-0.2752795252459466,0.2752795252459466,0.02822188544617656,102,-0.01700060322544833,0,/Users/ashlynsloane/Buck Institute 25-26/ROSMAP Analysis March 26/hsp60_rosmap_publication_ready_repo/outputs/supplemental_figures/audits/COGNITION_LOOKUP_SELECTED_FOR_SUPPLEMENTAL_NULL.csv,cognition_composite_score,NA,0.01700060322544833,1,0,FALSE,0.15625,0.16776315789473684,0
background_null_pool,PYURF,covariate_adjusted_no_CERAD,protein_z ~ braak_z + age_z + sex + pmi_z,0.23477358897380596,0.23477358897380596,-0.23477358897380596,0.053202402930241956,111,0.1726652735660643,0.5,/Users/ashlynsloane/Buck Institute 25-26/ROSMAP Analysis March 26/hsp60_rosmap_publication_ready_repo/outputs/supplemental_figures/audits/COGNITION_LOOKUP_SELECTED_FOR_SUPPLEMENTAL_NULL.csv,cognition_composite_score,NA,0.1726652735660643,5,0,FALSE,0.8865131578947368,0.9243421052631579,0.23190789473684212
background_null_pool,QDPR,covariate_adjusted_no_CERAD,protein_z ~ braak_z + age_z + sex + pmi_z,-0.007859334883720976,-0.007859334883720976,0.007859334883720976,0.9461004401530712,117,-0.145853746027674,0,/Users/ashlynsloane/Buck Institute 25-26/ROSMAP Analysis March 26/hsp60_rosmap_publication_ready_repo/outputs/supplemental_figures/audits/COGNITION_LOOKUP_SELECTED_FOR_SUPPLEMENTAL_NULL.csv,cognition_composite_score,NA,0.145853746027674,5,0,FALSE,0.013157894736842105,0.03125,0
background_null_pool,QTRT1,covariate_adjusted_no_CERAD,protein_z ~ braak_z + age_z + sex + pmi_z,0.1038630134592595,0.1038630134592595,-0.1038630134592595,0.3375663930468604,117,0.01508443306369653,0,/Users/ashlynsloane/Buck Institute 25-26/ROSMAP Analysis March 26/hsp60_rosmap_publication_ready_repo/outputs/supplemental_figures/audits/COGNITION_LOOKUP_SELECTED_FOR_SUPPLEMENTAL_NULL.csv,cognition_composite_score,NA,0.01508443306369653,1,0,FALSE,0.25164473684210525,0.22532894736842105,0
background_null_pool,RAB24,covariate_adjusted_no_CERAD,protein_z ~ braak_z + age_z + sex + pmi_z,-0.25590656963791064,-0.25590656963791064,0.25590656963791064,0.01565562130066559,117,0.03565489900633099,0.5,/Users/ashlynsloane/Buck Institute 25-26/ROSMAP Analysis March 26/hsp60_rosmap_publication_ready_repo/outputs/supplemental_figures/audits/COGNITION_LOOKUP_SELECTED_FOR_SUPPLEMENTAL_NULL.csv,cognition_composite_score,NA,0.03565489900633099,2,0,FALSE,0.3355263157894737,0.3832236842105263,0.23190789473684212
background_null_pool,RARS2,covariate_adjusted_no_CERAD,protein_z ~ braak_z + age_z + sex + pmi_z,0.1590120948992333,0.1590120948992333,-0.1590120948992333,0.21685631227926708,108,0.07468299089611,0.5,/Users/ashlynsloane/Buck Institute 25-26/ROSMAP Analysis March 26/hsp60_rosmap_publication_ready_repo/outputs/supplemental_figures/audits/COGNITION_LOOKUP_SELECTED_FOR_SUPPLEMENTAL_NULL.csv,cognition_composite_score,NA,0.07468299089611,4,0,FALSE,0.5049342105263158,0.506578947368421,0.23190789473684212
background_null_pool,RDH13,covariate_adjusted_no_CERAD,protein_z ~ braak_z + age_z + sex + pmi_z,-0.12075605789518513,-0.12075605789518513,0.12075605789518513,0.23413449874180683,117,0.20135918579658008,0.5,/Users/ashlynsloane/Buck Institute 25-26/ROSMAP Analysis March 26/hsp60_rosmap_publication_ready_repo/outputs/supplemental_figures/audits/COGNITION_LOOKUP_SELECTED_FOR_SUPPLEMENTAL_NULL.csv,cognition_composite_score,NA,0.20135918579658008,5,0,FALSE,0.9407894736842105,0.9177631578947368,0.23190789473684212
background_null_pool,RDH14,covariate_adjusted_no_CERAD,protein_z ~ braak_z + age_z + sex + pmi_z,0.003485939583723794,0.003485939583723794,-0.003485939583723794,0.977259190735504,117,0.04363712195935351,0.5,/Users/ashlynsloane/Buck Institute 25-26/ROSMAP Analysis March 26/hsp60_rosmap_publication_ready_repo/outputs/supplemental_figures/audits/COGNITION_LOOKUP_SELECTED_FOR_SUPPLEMENTAL_NULL.csv,cognition_composite_score,NA,0.04363712195935351,3,0,FALSE,0.3618421052631579,0.4292763157894737,0.23190789473684212
background_null_pool,REXO2,covariate_adjusted_no_CERAD,protein_z ~ braak_z + age_z + sex + pmi_z,-0.21077060701084574,-0.21077060701084574,0.21077060701084574,0.06646220282875094,117,0.01537050793610951,0,/Users/ashlynsloane/Buck Institute 25-26/ROSMAP Analysis March 26/hsp60_rosmap_publication_ready_repo/outputs/supplemental_figures/audits/COGNITION_LOOKUP_SELECTED_FOR_SUPPLEMENTAL_NULL.csv,cognition_composite_score,NA,0.01537050793610951,1,0,FALSE,0.25493421052631576,0.21710526315789475,0
background_null_pool,RFK,covariate_adjusted_no_CERAD,protein_z ~ braak_z + age_z + sex + pmi_z,0.038590469572660185,0.038590469572660185,-0.038590469572660185,0.721418157801354,117,0.10505326496770284,1.5,/Users/ashlynsloane/Buck Institute 25-26/ROSMAP Analysis March 26/hsp60_rosmap_publication_ready_repo/outputs/supplemental_figures/audits/COGNITION_LOOKUP_SELECTED_FOR_SUPPLEMENTAL_NULL.csv,cognition_composite_score,NA,0.10505326496770284,5,0,FALSE,0.662828947368421,0.6759868421052632,0.5986842105263158
background_null_pool,RHOT1,covariate_adjusted_no_CERAD,protein_z ~ braak_z + age_z + sex + pmi_z,0.09314958661351212,0.09314958661351212,-0.09314958661351212,0.41515367054177166,117,0.02940492312879392,0.5,/Users/ashlynsloane/Buck Institute 25-26/ROSMAP Analysis March 26/hsp60_rosmap_publication_ready_repo/outputs/supplemental_figures/audits/COGNITION_LOOKUP_SELECTED_FOR_SUPPLEMENTAL_NULL.csv,cognition_composite_score,NA,0.02940492312879392,2,0,FALSE,0.31085526315789475,0.3355263157894737,0.23190789473684212
background_null_pool,RHOT2,covariate_adjusted_no_CERAD,protein_z ~ braak_z + age_z + sex + pmi_z,-0.15175347713316203,-0.15175347713316203,0.15175347713316203,0.20595121977017014,117,0.07800976415703942,0,/Users/ashlynsloane/Buck Institute 25-26/ROSMAP Analysis March 26/hsp60_rosmap_publication_ready_repo/outputs/supplemental_figures/audits/COGNITION_LOOKUP_SELECTED_FOR_SUPPLEMENTAL_NULL.csv,cognition_composite_score,NA,0.07800976415703942,4,0,FALSE,0.524671052631579,0.555921052631579,0
background_null_pool,RMDN1,covariate_adjusted_no_CERAD,protein_z ~ braak_z + age_z + sex + pmi_z,-0.008659576108656183,-0.008659576108656183,0.008659576108656183,0.9429312930990067,117,0.02135170748091343,0.5,/Users/ashlynsloane/Buck Institute 25-26/ROSMAP Analysis March 26/hsp60_rosmap_publication_ready_repo/outputs/supplemental_figures/audits/COGNITION_LOOKUP_SELECTED_FOR_SUPPLEMENTAL_NULL.csv,cognition_composite_score,NA,0.02135170748091343,2,0,FALSE,0.27631578947368424,0.23190789473684212,0.23190789473684212
background_null_pool,RMDN3,covariate_adjusted_no_CERAD,protein_z ~ braak_z + age_z + sex + pmi_z,0.19140067237541025,0.19140067237541025,-0.19140067237541025,0.07754130049006394,117,0.02361591369566827,0.5,/Users/ashlynsloane/Buck Institute 25-26/ROSMAP Analysis March 26/hsp60_rosmap_publication_ready_repo/outputs/supplemental_figures/audits/COGNITION_LOOKUP_SELECTED_FOR_SUPPLEMENTAL_NULL.csv,cognition_composite_score,NA,0.02361591369566827,2,0,FALSE,0.28618421052631576,0.2713815789473684,0.23190789473684212
background_null_pool,RMND1,covariate_adjusted_no_CERAD,protein_z ~ braak_z + age_z + sex + pmi_z,0.016525060812169853,0.016525060812169853,-0.016525060812169853,0.8560652262786221,117,0.044977995161512,0.5,/Users/ashlynsloane/Buck Institute 25-26/ROSMAP Analysis March 26/hsp60_rosmap_publication_ready_repo/outputs/supplemental_figures/audits/COGNITION_LOOKUP_SELECTED_FOR_SUPPLEMENTAL_NULL.csv,cognition_composite_score,NA,0.044977995161512,3,0,FALSE,0.3684210526315789,0.3684210526315789,0.23190789473684212
background_null_pool,ROMO1,covariate_adjusted_no_CERAD,protein_z ~ braak_z + age_z + sex + pmi_z,0.5441832171926083,0.5441832171926083,-0.5441832171926083,0.001365213151077591,76,0.03231440351135688,0.5,/Users/ashlynsloane/Buck Institute 25-26/ROSMAP Analysis March 26/hsp60_rosmap_publication_ready_repo/outputs/supplemental_figures/audits/COGNITION_LOOKUP_SELECTED_FOR_SUPPLEMENTAL_NULL.csv,cognition_composite_score,NA,0.03231440351135688,2,0,FALSE,0.3190789473684211,0.3519736842105263,0.23190789473684212
background_null_pool,RPIA,covariate_adjusted_no_CERAD,protein_z ~ braak_z + age_z + sex + pmi_z,0.08011000382687579,0.08011000382687579,-0.08011000382687579,0.4487410030222301,117,0.03823311431058002,5.5,/Users/ashlynsloane/Buck Institute 25-26/ROSMAP Analysis March 26/hsp60_rosmap_publication_ready_repo/outputs/supplemental_figures/audits/COGNITION_LOOKUP_SELECTED_FOR_SUPPLEMENTAL_NULL.csv,cognition_composite_score,NA,0.03823311431058002,3,0,FALSE,0.34210526315789475,0.28289473684210525,0.7845394736842105
background_null_pool,RPUSD4,covariate_adjusted_no_CERAD,protein_z ~ braak_z + age_z + sex + pmi_z,-0.12217123893502593,-0.12217123893502593,0.12217123893502593,0.2302152003317467,74,0.08042070316480705,0.5,/Users/ashlynsloane/Buck Institute 25-26/ROSMAP Analysis March 26/hsp60_rosmap_publication_ready_repo/outputs/supplemental_figures/audits/COGNITION_LOOKUP_SELECTED_FOR_SUPPLEMENTAL_NULL.csv,cognition_composite_score,NA,0.08042070316480705,4,0,FALSE,0.5427631578947368,0.3996710526315789,0.23190789473684212
background_null_pool,RTN4IP1,covariate_adjusted_no_CERAD,protein_z ~ braak_z + age_z + sex + pmi_z,-0.1087232044231032,-0.1087232044231032,0.1087232044231032,0.35584784796413516,117,0.07776614257837171,1.5,/Users/ashlynsloane/Buck Institute 25-26/ROSMAP Analysis March 26/hsp60_rosmap_publication_ready_repo/outputs/supplemental_figures/audits/COGNITION_LOOKUP_SELECTED_FOR_SUPPLEMENTAL_NULL.csv,cognition_composite_score,NA,0.07776614257837171,4,0,FALSE,0.5197368421052632,0.6151315789473685,0.5986842105263158
background_null_pool,SARDH,covariate_adjusted_no_CERAD,protein_z ~ braak_z + age_z + sex + pmi_z,-0.09284121556408068,-0.09284121556408068,0.09284121556408068,0.38002844498339894,117,0.01153300867527279,0.5,/Users/ashlynsloane/Buck Institute 25-26/ROSMAP Analysis March 26/hsp60_rosmap_publication_ready_repo/outputs/supplemental_figures/audits/COGNITION_LOOKUP_SELECTED_FOR_SUPPLEMENTAL_NULL.csv,cognition_composite_score,NA,0.01153300867527279,1,0,FALSE,0.23519736842105263,0.23355263157894737,0.23190789473684212
background_null_pool,SCO1,covariate_adjusted_no_CERAD,protein_z ~ braak_z + age_z + sex + pmi_z,-0.09779550720169876,-0.09779550720169876,0.09779550720169876,0.35780455795881283,117,0.12370506466833468,1.5,/Users/ashlynsloane/Buck Institute 25-26/ROSMAP Analysis March 26/hsp60_rosmap_publication_ready_repo/outputs/supplemental_figures/audits/COGNITION_LOOKUP_SELECTED_FOR_SUPPLEMENTAL_NULL.csv,cognition_composite_score,NA,0.12370506466833468,5,0,FALSE,0.7401315789473685,0.7039473684210527,0.5986842105263158
background_null_pool,SCO2,covariate_adjusted_no_CERAD,protein_z ~ braak_z + age_z + sex + pmi_z,-0.07023107120202832,-0.07023107120202832,0.07023107120202832,0.5111148989974048,117,0.11326519196745438,0.5,/Users/ashlynsloane/Buck Institute 25-26/ROSMAP Analysis March 26/hsp60_rosmap_publication_ready_repo/outputs/supplemental_figures/audits/COGNITION_LOOKUP_SELECTED_FOR_SUPPLEMENTAL_NULL.csv,cognition_composite_score,NA,0.11326519196745438,5,0,FALSE,0.6924342105263158,0.6924342105263158,0.23190789473684212
background_null_pool,SCP2,covariate_adjusted_no_CERAD,protein_z ~ braak_z + age_z + sex + pmi_z,0.031757118698036234,0.031757118698036234,-0.031757118698036234,0.7791968418927993,117,-0.06421130738525467,0.5,/Users/ashlynsloane/Buck Institute 25-26/ROSMAP Analysis March 26/hsp60_rosmap_publication_ready_repo/outputs/supplemental_figures/audits/COGNITION_LOOKUP_SELECTED_FOR_SUPPLEMENTAL_NULL.csv,cognition_composite_score,NA,0.06421130738525467,4,0,FALSE,0.06907894736842106,0.10855263157894737,0.23190789473684212
background_null_pool,SDHAF2,covariate_adjusted_no_CERAD,protein_z ~ braak_z + age_z + sex + pmi_z,0.08930784375369831,0.08930784375369831,-0.08930784375369831,0.44377747486085706,113,0.14115238667327715,2.5,/Users/ashlynsloane/Buck Institute 25-26/ROSMAP Analysis March 26/hsp60_rosmap_publication_ready_repo/outputs/supplemental_figures/audits/COGNITION_LOOKUP_SELECTED_FOR_SUPPLEMENTAL_NULL.csv,cognition_composite_score,NA,0.14115238667327715,5,0,FALSE,0.8092105263157895,0.8634868421052632,0.6842105263157895
background_null_pool,SDHC,covariate_adjusted_no_CERAD,protein_z ~ braak_z + age_z + sex + pmi_z,0.2934289155764235,0.2934289155764235,-0.2934289155764235,0.008748301301592416,113,0.15022827397415878,0.5,/Users/ashlynsloane/Buck Institute 25-26/ROSMAP Analysis March 26/hsp60_rosmap_publication_ready_repo/outputs/supplemental_figures/audits/COGNITION_LOOKUP_SELECTED_FOR_SUPPLEMENTAL_NULL.csv,cognition_composite_score,NA,0.15022827397415878,5,0,FALSE,0.837171052631579,0.9210526315789473,0.23190789473684212
background_null_pool,SDHD,covariate_adjusted_no_CERAD,protein_z ~ braak_z + age_z + sex + pmi_z,0.31528671388072194,0.31528671388072194,-0.31528671388072194,0.008671411127399088,111,0.19937723723698336,5.5,/Users/ashlynsloane/Buck Institute 25-26/ROSMAP Analysis March 26/hsp60_rosmap_publication_ready_repo/outputs/supplemental_figures/audits/COGNITION_LOOKUP_SELECTED_FOR_SUPPLEMENTAL_NULL.csv,cognition_composite_score,NA,0.19937723723698336,5,0,FALSE,0.9391447368421053,0.9605263157894737,0.7845394736842105
background_null_pool,SDR39U1,covariate_adjusted_no_CERAD,protein_z ~ braak_z + age_z + sex + pmi_z,0.005804185531499826,0.005804185531499826,-0.005804185531499826,0.960491273776645,117,0.17937286185165302,1.5,/Users/ashlynsloane/Buck Institute 25-26/ROSMAP Analysis March 26/hsp60_rosmap_publication_ready_repo/outputs/supplemental_figures/audits/COGNITION_LOOKUP_SELECTED_FOR_SUPPLEMENTAL_NULL.csv,cognition_composite_score,NA,0.17937286185165302,5,0,FALSE,0.9111842105263158,0.9259868421052632,0.5986842105263158
background_null_pool,SDSL,covariate_adjusted_no_CERAD,protein_z ~ braak_z + age_z + sex + pmi_z,0.25580070845662395,0.25580070845662395,-0.25580070845662395,0.021551890216906688,117,0.02351694660180375,0.5,/Users/ashlynsloane/Buck Institute 25-26/ROSMAP Analysis March 26/hsp60_rosmap_publication_ready_repo/outputs/supplemental_figures/audits/COGNITION_LOOKUP_SELECTED_FOR_SUPPLEMENTAL_NULL.csv,cognition_composite_score,NA,0.02351694660180375,2,0,FALSE,0.2845394736842105,0.2680921052631579,0.23190789473684212
background_null_pool,SERAC1,covariate_adjusted_no_CERAD,protein_z ~ braak_z + age_z + sex + pmi_z,-0.0688513038979043,-0.0688513038979043,0.0688513038979043,0.46270145173196364,117,0.1119956039837678,0.5,/Users/ashlynsloane/Buck Institute 25-26/ROSMAP Analysis March 26/hsp60_rosmap_publication_ready_repo/outputs/supplemental_figures/audits/COGNITION_LOOKUP_SELECTED_FOR_SUPPLEMENTAL_NULL.csv,cognition_composite_score,NA,0.1119956039837678,5,0,FALSE,0.6891447368421053,0.7598684210526315,0.23190789473684212
background_null_pool,SFXN1,covariate_adjusted_no_CERAD,protein_z ~ braak_z + age_z + sex + pmi_z,-0.019648529387281805,-0.019648529387281805,0.019648529387281805,0.8497510161630318,117,0.16587893683419397,12.5,/Users/ashlynsloane/Buck Institute 25-26/ROSMAP Analysis March 26/hsp60_rosmap_publication_ready_repo/outputs/supplemental_figures/audits/COGNITION_LOOKUP_SELECTED_FOR_SUPPLEMENTAL_NULL.csv,cognition_composite_score,NA,0.16587893683419397,5,0,FALSE,0.8700657894736842,0.8799342105263158,0.9342105263157895
background_null_pool,SFXN3,covariate_adjusted_no_CERAD,protein_z ~ braak_z + age_z + sex + pmi_z,-0.15223794993707443,-0.15223794993707443,0.15223794993707443,0.1838298552712053,117,0.05903335046550792,0,/Users/ashlynsloane/Buck Institute 25-26/ROSMAP Analysis March 26/hsp60_rosmap_publication_ready_repo/outputs/supplemental_figures/audits/COGNITION_LOOKUP_SELECTED_FOR_SUPPLEMENTAL_NULL.csv,cognition_composite_score,NA,0.05903335046550792,3,0,FALSE,0.4292763157894737,0.41118421052631576,0
background_null_pool,SFXN4,covariate_adjusted_no_CERAD,protein_z ~ braak_z + age_z + sex + pmi_z,0.10165703771846585,0.10165703771846585,-0.10165703771846585,0.2873791625772247,117,0.0988903956008273,0.5,/Users/ashlynsloane/Buck Institute 25-26/ROSMAP Analysis March 26/hsp60_rosmap_publication_ready_repo/outputs/supplemental_figures/audits/COGNITION_LOOKUP_SELECTED_FOR_SUPPLEMENTAL_NULL.csv,cognition_composite_score,NA,0.0988903956008273,4,0,FALSE,0.6398026315789473,0.6447368421052632,0.23190789473684212
background_null_pool,SFXN5,covariate_adjusted_no_CERAD,protein_z ~ braak_z + age_z + sex + pmi_z,-0.23543363059916023,-0.23543363059916023,0.23543363059916023,0.039541027898276855,117,0.02678430921585786,0.5,/Users/ashlynsloane/Buck Institute 25-26/ROSMAP Analysis March 26/hsp60_rosmap_publication_ready_repo/outputs/supplemental_figures/audits/COGNITION_LOOKUP_SELECTED_FOR_SUPPLEMENTAL_NULL.csv,cognition_composite_score,NA,0.02678430921585786,2,0,FALSE,0.2944078947368421,0.17763157894736842,0.23190789473684212
background_null_pool,SIRT3,covariate_adjusted_no_CERAD,protein_z ~ braak_z + age_z + sex + pmi_z,-0.20373561308592247,-0.20373561308592247,0.20373561308592247,0.06074413539420941,117,-0.03154975964519058,1.5,/Users/ashlynsloane/Buck Institute 25-26/ROSMAP Analysis March 26/hsp60_rosmap_publication_ready_repo/outputs/supplemental_figures/audits/COGNITION_LOOKUP_SELECTED_FOR_SUPPLEMENTAL_NULL.csv,cognition_composite_score,NA,0.03154975964519058,2,0,FALSE,0.12006578947368421,0.1299342105263158,0.5986842105263158
background_null_pool,SIRT5,covariate_adjusted_no_CERAD,protein_z ~ braak_z + age_z + sex + pmi_z,-0.0922899204114649,-0.0922899204114649,0.0922899204114649,0.3470704740585524,117,0.06052408663864787,1.5,/Users/ashlynsloane/Buck Institute 25-26/ROSMAP Analysis March 26/hsp60_rosmap_publication_ready_repo/outputs/supplemental_figures/audits/COGNITION_LOOKUP_SELECTED_FOR_SUPPLEMENTAL_NULL.csv,cognition_composite_score,NA,0.06052408663864787,4,0,FALSE,0.43914473684210525,0.5016447368421053,0.5986842105263158
background_null_pool,SLC25A1,covariate_adjusted_no_CERAD,protein_z ~ braak_z + age_z + sex + pmi_z,-0.040737780219078146,-0.040737780219078146,0.040737780219078146,0.6859805915948844,117,-0.04691775285278112,0.5,/Users/ashlynsloane/Buck Institute 25-26/ROSMAP Analysis March 26/hsp60_rosmap_publication_ready_repo/outputs/supplemental_figures/audits/COGNITION_LOOKUP_SELECTED_FOR_SUPPLEMENTAL_NULL.csv,cognition_composite_score,NA,0.04691775285278112,3,0,FALSE,0.09868421052631579,0.1118421052631579,0.23190789473684212
background_null_pool,SLC25A10,covariate_adjusted_no_CERAD,protein_z ~ braak_z + age_z + sex + pmi_z,0.15695506920940142,0.15695506920940142,-0.15695506920940142,0.11293084220630334,117,0.13363289589473978,6.5,/Users/ashlynsloane/Buck Institute 25-26/ROSMAP Analysis March 26/hsp60_rosmap_publication_ready_repo/outputs/supplemental_figures/audits/COGNITION_LOOKUP_SELECTED_FOR_SUPPLEMENTAL_NULL.csv,cognition_composite_score,NA,0.13363289589473978,5,0,FALSE,0.787828947368421,0.7730263157894737,0.819078947368421
background_null_pool,SLC25A11,covariate_adjusted_no_CERAD,protein_z ~ braak_z + age_z + sex + pmi_z,0.2115399074349111,0.2115399074349111,-0.2115399074349111,0.06277488845714137,117,0.1935153285033058,12.5,/Users/ashlynsloane/Buck Institute 25-26/ROSMAP Analysis March 26/hsp60_rosmap_publication_ready_repo/outputs/supplemental_figures/audits/COGNITION_LOOKUP_SELECTED_FOR_SUPPLEMENTAL_NULL.csv,cognition_composite_score,NA,0.1935153285033058,5,0,FALSE,0.9292763157894737,0.9457236842105263,0.9342105263157895
background_null_pool,SLC25A12,covariate_adjusted_no_CERAD,protein_z ~ braak_z + age_z + sex + pmi_z,-0.07468150324516143,-0.07468150324516143,0.07468150324516143,0.4195138977592,117,0.1535553383548061,0.5,/Users/ashlynsloane/Buck Institute 25-26/ROSMAP Analysis March 26/hsp60_rosmap_publication_ready_repo/outputs/supplemental_figures/audits/COGNITION_LOOKUP_SELECTED_FOR_SUPPLEMENTAL_NULL.csv,cognition_composite_score,NA,0.1535553383548061,5,0,FALSE,0.8421052631578947,0.8486842105263158,0.23190789473684212
background_null_pool,SLC25A14,covariate_adjusted_no_CERAD,protein_z ~ braak_z + age_z + sex + pmi_z,0.0025581610420425515,0.0025581610420425515,-0.0025581610420425515,0.9803160686363046,117,0.11959900534365292,0.5,/Users/ashlynsloane/Buck Institute 25-26/ROSMAP Analysis March 26/hsp60_rosmap_publication_ready_repo/outputs/supplemental_figures/audits/COGNITION_LOOKUP_SELECTED_FOR_SUPPLEMENTAL_NULL.csv,cognition_composite_score,NA,0.11959900534365292,5,0,FALSE,0.7220394736842105,0.805921052631579,0.23190789473684212
background_null_pool,SLC25A15,covariate_adjusted_no_CERAD,protein_z ~ braak_z + age_z + sex + pmi_z,0.15379873093367027,0.15379873093367027,-0.15379873093367027,0.08699584511718472,95,0.06662144759298677,0.5,/Users/ashlynsloane/Buck Institute 25-26/ROSMAP Analysis March 26/hsp60_rosmap_publication_ready_repo/outputs/supplemental_figures/audits/COGNITION_LOOKUP_SELECTED_FOR_SUPPLEMENTAL_NULL.csv,cognition_composite_score,NA,0.06662144759298677,4,0,FALSE,0.4605263157894737,0.5509868421052632,0.23190789473684212
background_null_pool,SLC25A16,covariate_adjusted_no_CERAD,protein_z ~ braak_z + age_z + sex + pmi_z,0.22550090948591456,0.22550090948591456,-0.22550090948591456,0.09693206687637725,88,0.1479577709169149,1.5,/Users/ashlynsloane/Buck Institute 25-26/ROSMAP Analysis March 26/hsp60_rosmap_publication_ready_repo/outputs/supplemental_figures/audits/COGNITION_LOOKUP_SELECTED_FOR_SUPPLEMENTAL_NULL.csv,cognition_composite_score,NA,0.1479577709169149,5,0,FALSE,0.8256578947368421,0.8536184210526315,0.5986842105263158
background_null_pool,SLC25A18,covariate_adjusted_no_CERAD,protein_z ~ braak_z + age_z + sex + pmi_z,-0.020154480865490345,-0.020154480865490345,0.020154480865490345,0.8489806893206551,117,-0.08368496429195244,0.5,/Users/ashlynsloane/Buck Institute 25-26/ROSMAP Analysis March 26/hsp60_rosmap_publication_ready_repo/outputs/supplemental_figures/audits/COGNITION_LOOKUP_SELECTED_FOR_SUPPLEMENTAL_NULL.csv,cognition_composite_score,NA,0.08368496429195244,4,0,FALSE,0.049342105263157895,0.044407894736842105,0.23190789473684212
background_null_pool,SLC25A19,covariate_adjusted_no_CERAD,protein_z ~ braak_z + age_z + sex + pmi_z,0.04884735354976672,0.04884735354976672,-0.04884735354976672,0.6831646911549649,112,0.06398910185491567,1.5,/Users/ashlynsloane/Buck Institute 25-26/ROSMAP Analysis March 26/hsp60_rosmap_publication_ready_repo/outputs/supplemental_figures/audits/COGNITION_LOOKUP_SELECTED_FOR_SUPPLEMENTAL_NULL.csv,cognition_composite_score,NA,0.06398910185491567,4,0,FALSE,0.44901315789473684,0.48355263157894735,0.5986842105263158
background_null_pool,SLC25A20,covariate_adjusted_no_CERAD,protein_z ~ braak_z + age_z + sex + pmi_z,-0.23980058272381044,-0.23980058272381044,0.23980058272381044,0.04532709608655378,117,-0.06224654374227736,0.5,/Users/ashlynsloane/Buck Institute 25-26/ROSMAP Analysis March 26/hsp60_rosmap_publication_ready_repo/outputs/supplemental_figures/audits/COGNITION_LOOKUP_SELECTED_FOR_SUPPLEMENTAL_NULL.csv,cognition_composite_score,NA,0.06224654374227736,4,0,FALSE,0.0756578947368421,0.06414473684210527,0.23190789473684212
background_null_pool,SLC25A22,covariate_adjusted_no_CERAD,protein_z ~ braak_z + age_z + sex + pmi_z,0.035874932537842866,0.035874932537842866,-0.035874932537842866,0.7160085984629676,117,0.1549548600035437,0.5,/Users/ashlynsloane/Buck Institute 25-26/ROSMAP Analysis March 26/hsp60_rosmap_publication_ready_repo/outputs/supplemental_figures/audits/COGNITION_LOOKUP_SELECTED_FOR_SUPPLEMENTAL_NULL.csv,cognition_composite_score,NA,0.1549548600035437,5,0,FALSE,0.84375,0.899671052631579,0.23190789473684212
background_null_pool,SLC25A23,covariate_adjusted_no_CERAD,protein_z ~ braak_z + age_z + sex + pmi_z,-0.18584874121657732,-0.18584874121657732,0.18584874121657732,0.06233034233076683,117,0.12980832774453127,9.5,/Users/ashlynsloane/Buck Institute 25-26/ROSMAP Analysis March 26/hsp60_rosmap_publication_ready_repo/outputs/supplemental_figures/audits/COGNITION_LOOKUP_SELECTED_FOR_SUPPLEMENTAL_NULL.csv,cognition_composite_score,NA,0.12980832774453127,5,0,FALSE,0.774671052631579,0.819078947368421,0.875
background_null_pool,SLC25A24,covariate_adjusted_no_CERAD,protein_z ~ braak_z + age_z + sex + pmi_z,0.0715217229869638,0.0715217229869638,-0.0715217229869638,0.5110850547726742,117,0.00632053721833112,12.5,/Users/ashlynsloane/Buck Institute 25-26/ROSMAP Analysis March 26/hsp60_rosmap_publication_ready_repo/outputs/supplemental_figures/audits/COGNITION_LOOKUP_SELECTED_FOR_SUPPLEMENTAL_NULL.csv,cognition_composite_score,NA,0.00632053721833112,1,0,FALSE,0.21546052631578946,0.20065789473684212,0.9342105263157895
background_null_pool,SLC25A25,covariate_adjusted_no_CERAD,protein_z ~ braak_z + age_z + sex + pmi_z,-0.06820253666808895,-0.06820253666808895,0.06820253666808895,0.5574675076425089,117,0.08369482057266303,2.5,/Users/ashlynsloane/Buck Institute 25-26/ROSMAP Analysis March 26/hsp60_rosmap_publication_ready_repo/outputs/supplemental_figures/audits/COGNITION_LOOKUP_SELECTED_FOR_SUPPLEMENTAL_NULL.csv,cognition_composite_score,NA,0.08369482057266303,4,0,FALSE,0.5641447368421053,0.4917763157894737,0.6842105263157895
background_null_pool,SLC25A26,covariate_adjusted_no_CERAD,protein_z ~ braak_z + age_z + sex + pmi_z,-0.12374025372941595,-0.12374025372941595,0.12374025372941595,0.21035736417076212,113,0.06047560719815657,0,/Users/ashlynsloane/Buck Institute 25-26/ROSMAP Analysis March 26/hsp60_rosmap_publication_ready_repo/outputs/supplemental_figures/audits/COGNITION_LOOKUP_SELECTED_FOR_SUPPLEMENTAL_NULL.csv,cognition_composite_score,NA,0.06047560719815657,4,0,FALSE,0.4375,0.5296052631578947,0
background_null_pool,SLC25A27,covariate_adjusted_no_CERAD,protein_z ~ braak_z + age_z + sex + pmi_z,0.1486681378235922,0.1486681378235922,-0.1486681378235922,0.12028572961670596,117,0.13111662126619192,6.5,/Users/ashlynsloane/Buck Institute 25-26/ROSMAP Analysis March 26/hsp60_rosmap_publication_ready_repo/outputs/supplemental_figures/audits/COGNITION_LOOKUP_SELECTED_FOR_SUPPLEMENTAL_NULL.csv,cognition_composite_score,NA,0.13111662126619192,5,0,FALSE,0.78125,0.8388157894736842,0.819078947368421
background_null_pool,SLC25A29,covariate_adjusted_no_CERAD,protein_z ~ braak_z + age_z + sex + pmi_z,-0.2508811529865724,-0.2508811529865724,0.2508811529865724,0.024551642992329804,111,-0.0731015882865968,0,/Users/ashlynsloane/Buck Institute 25-26/ROSMAP Analysis March 26/hsp60_rosmap_publication_ready_repo/outputs/supplemental_figures/audits/COGNITION_LOOKUP_SELECTED_FOR_SUPPLEMENTAL_NULL.csv,cognition_composite_score,NA,0.0731015882865968,4,0,FALSE,0.06414473684210527,0.06085526315789474,0
background_null_pool,SLC25A3,covariate_adjusted_no_CERAD,protein_z ~ braak_z + age_z + sex + pmi_z,0.27963107565788864,0.27963107565788864,-0.27963107565788864,0.010860829960143167,117,0.16917732513855388,1.5,/Users/ashlynsloane/Buck Institute 25-26/ROSMAP Analysis March 26/hsp60_rosmap_publication_ready_repo/outputs/supplemental_figures/audits/COGNITION_LOOKUP_SELECTED_FOR_SUPPLEMENTAL_NULL.csv,cognition_composite_score,NA,0.16917732513855388,5,0,FALSE,0.8782894736842105,0.9226973684210527,0.5986842105263158
background_null_pool,SLC25A32,covariate_adjusted_no_CERAD,protein_z ~ braak_z + age_z + sex + pmi_z,0.11142285390146972,0.11142285390146972,-0.11142285390146972,0.3345933546828951,117,0.12057262453941224,0.5,/Users/ashlynsloane/Buck Institute 25-26/ROSMAP Analysis March 26/hsp60_rosmap_publication_ready_repo/outputs/supplemental_figures/audits/COGNITION_LOOKUP_SELECTED_FOR_SUPPLEMENTAL_NULL.csv,cognition_composite_score,NA,0.12057262453941224,5,0,FALSE,0.7302631578947368,0.8141447368421053,0.23190789473684212
background_null_pool,SLC25A33,covariate_adjusted_no_CERAD,protein_z ~ braak_z + age_z + sex + pmi_z,0.24681679957383407,0.24681679957383407,-0.24681679957383407,0.03421593574657569,111,0.10437007951011083,1.5,/Users/ashlynsloane/Buck Institute 25-26/ROSMAP Analysis March 26/hsp60_rosmap_publication_ready_repo/outputs/supplemental_figures/audits/COGNITION_LOOKUP_SELECTED_FOR_SUPPLEMENTAL_NULL.csv,cognition_composite_score,NA,0.10437007951011083,5,0,FALSE,0.6578947368421053,0.7796052631578947,0.5986842105263158
background_null_pool,SLC25A36,covariate_adjusted_no_CERAD,protein_z ~ braak_z + age_z + sex + pmi_z,0.09609822348784124,0.09609822348784124,-0.09609822348784124,0.38701070576627516,117,0.09776527043309258,9.5,/Users/ashlynsloane/Buck Institute 25-26/ROSMAP Analysis March 26/hsp60_rosmap_publication_ready_repo/outputs/supplemental_figures/audits/COGNITION_LOOKUP_SELECTED_FOR_SUPPLEMENTAL_NULL.csv,cognition_composite_score,NA,0.09776527043309258,4,0,FALSE,0.6348684210526315,0.6776315789473685,0.875
background_null_pool,SLC25A4,covariate_adjusted_no_CERAD,protein_z ~ braak_z + age_z + sex + pmi_z,0.12992213658078375,0.12992213658078375,-0.12992213658078375,0.19573352362621202,117,0.17875927119099347,9.5,/Users/ashlynsloane/Buck Institute 25-26/ROSMAP Analysis March 26/hsp60_rosmap_publication_ready_repo/outputs/supplemental_figures/audits/COGNITION_LOOKUP_SELECTED_FOR_SUPPLEMENTAL_NULL.csv,cognition_composite_score,NA,0.17875927119099347,5,0,FALSE,0.9095394736842105,0.9292763157894737,0.875
background_null_pool,SLC25A40,covariate_adjusted_no_CERAD,protein_z ~ braak_z + age_z + sex + pmi_z,-0.047676708308321096,-0.047676708308321096,0.047676708308321096,0.6721949963803361,117,0.10322065726716576,0.5,/Users/ashlynsloane/Buck Institute 25-26/ROSMAP Analysis March 26/hsp60_rosmap_publication_ready_repo/outputs/supplemental_figures/audits/COGNITION_LOOKUP_SELECTED_FOR_SUPPLEMENTAL_NULL.csv,cognition_composite_score,NA,0.10322065726716576,5,0,FALSE,0.65625,0.6973684210526315,0.23190789473684212
background_null_pool,SLC25A42,covariate_adjusted_no_CERAD,protein_z ~ braak_z + age_z + sex + pmi_z,0.13663386129956,0.13663386129956,-0.13663386129956,0.22074268432632332,117,0.05753244273828186,0.5,/Users/ashlynsloane/Buck Institute 25-26/ROSMAP Analysis March 26/hsp60_rosmap_publication_ready_repo/outputs/supplemental_figures/audits/COGNITION_LOOKUP_SELECTED_FOR_SUPPLEMENTAL_NULL.csv,cognition_composite_score,NA,0.05753244273828186,3,0,FALSE,0.42269736842105265,0.42105263157894735,0.23190789473684212
background_null_pool,SLC25A44,covariate_adjusted_no_CERAD,protein_z ~ braak_z + age_z + sex + pmi_z,-0.039672613572239335,-0.039672613572239335,0.039672613572239335,0.7064282519968719,116,0.09242615939882774,1.5,/Users/ashlynsloane/Buck Institute 25-26/ROSMAP Analysis March 26/hsp60_rosmap_publication_ready_repo/outputs/supplemental_figures/audits/COGNITION_LOOKUP_SELECTED_FOR_SUPPLEMENTAL_NULL.csv,cognition_composite_score,NA,0.09242615939882774,4,0,FALSE,0.6036184210526315,0.5921052631578947,0.5986842105263158
background_null_pool,SLC25A46,covariate_adjusted_no_CERAD,protein_z ~ braak_z + age_z + sex + pmi_z,0.15375699348005673,0.15375699348005673,-0.15375699348005673,0.07715379196825566,117,0.1800719546523226,12.5,/Users/ashlynsloane/Buck Institute 25-26/ROSMAP Analysis March 26/hsp60_rosmap_publication_ready_repo/outputs/supplemental_figures/audits/COGNITION_LOOKUP_SELECTED_FOR_SUPPLEMENTAL_NULL.csv,cognition_composite_score,NA,0.1800719546523226,5,0,FALSE,0.9144736842105263,0.90625,0.9342105263157895
background_null_pool,SLC25A51,covariate_adjusted_no_CERAD,protein_z ~ braak_z + age_z + sex + pmi_z,0.029094723588637555,0.029094723588637555,-0.029094723588637555,0.7897612095253006,117,0.08970865695761086,0.5,/Users/ashlynsloane/Buck Institute 25-26/ROSMAP Analysis March 26/hsp60_rosmap_publication_ready_repo/outputs/supplemental_figures/audits/COGNITION_LOOKUP_SELECTED_FOR_SUPPLEMENTAL_NULL.csv,cognition_composite_score,NA,0.08970865695761086,4,0,FALSE,0.5904605263157895,0.694078947368421,0.23190789473684212
background_null_pool,SLC30A9,covariate_adjusted_no_CERAD,protein_z ~ braak_z + age_z + sex + pmi_z,-0.12816806692420393,-0.12816806692420393,0.12816806692420393,0.24463354087976288,117,0.05290721837965667,0.5,/Users/ashlynsloane/Buck Institute 25-26/ROSMAP Analysis March 26/hsp60_rosmap_publication_ready_repo/outputs/supplemental_figures/audits/COGNITION_LOOKUP_SELECTED_FOR_SUPPLEMENTAL_NULL.csv,cognition_composite_score,NA,0.05290721837965667,3,0,FALSE,0.40460526315789475,0.43914473684210525,0.23190789473684212
background_null_pool,SMDT1,covariate_adjusted_no_CERAD,protein_z ~ braak_z + age_z + sex + pmi_z,0.12708059479493591,0.12708059479493591,-0.12708059479493591,0.23800059219777742,108,0.09730562204152084,0.5,/Users/ashlynsloane/Buck Institute 25-26/ROSMAP Analysis March 26/hsp60_rosmap_publication_ready_repo/outputs/supplemental_figures/audits/COGNITION_LOOKUP_SELECTED_FOR_SUPPLEMENTAL_NULL.csv,cognition_composite_score,NA,0.09730562204152084,4,0,FALSE,0.6332236842105263,0.6957236842105263,0.23190789473684212
background_null_pool,SMIM20,covariate_adjusted_no_CERAD,protein_z ~ braak_z + age_z + sex + pmi_z,-0.22087446322062637,-0.22087446322062637,0.22087446322062637,0.0392401618492343,117,0.09251007516204528,0.5,/Users/ashlynsloane/Buck Institute 25-26/ROSMAP Analysis March 26/hsp60_rosmap_publication_ready_repo/outputs/supplemental_figures/audits/COGNITION_LOOKUP_SELECTED_FOR_SUPPLEMENTAL_NULL.csv,cognition_composite_score,NA,0.09251007516204528,4,0,FALSE,0.6052631578947368,0.5460526315789473,0.23190789473684212
background_null_pool,SNAP29,covariate_adjusted_no_CERAD,protein_z ~ braak_z + age_z + sex + pmi_z,-0.10036956997152445,-0.10036956997152445,0.10036956997152445,0.3846288430921786,117,0.02284186910461311,0,/Users/ashlynsloane/Buck Institute 25-26/ROSMAP Analysis March 26/hsp60_rosmap_publication_ready_repo/outputs/supplemental_figures/audits/COGNITION_LOOKUP_SELECTED_FOR_SUPPLEMENTAL_NULL.csv,cognition_composite_score,NA,0.02284186910461311,2,0,FALSE,0.27960526315789475,0.3042763157894737,0
background_null_pool,SND1,covariate_adjusted_no_CERAD,protein_z ~ braak_z + age_z + sex + pmi_z,-0.08821731960544948,-0.08821731960544948,0.08821731960544948,0.3003207548690338,117,-0.02446658375320816,0.5,/Users/ashlynsloane/Buck Institute 25-26/ROSMAP Analysis March 26/hsp60_rosmap_publication_ready_repo/outputs/supplemental_figures/audits/COGNITION_LOOKUP_SELECTED_FOR_SUPPLEMENTAL_NULL.csv,cognition_composite_score,NA,0.02446658375320816,2,0,FALSE,0.14638157894736842,0.17434210526315788,0.23190789473684212
background_null_pool,SOD1,covariate_adjusted_no_CERAD,protein_z ~ braak_z + age_z + sex + pmi_z,-0.06629461961698226,-0.06629461961698226,0.06629461961698226,0.5130943163689938,117,-0.05303815929238226,0,/Users/ashlynsloane/Buck Institute 25-26/ROSMAP Analysis March 26/hsp60_rosmap_publication_ready_repo/outputs/supplemental_figures/audits/COGNITION_LOOKUP_SELECTED_FOR_SUPPLEMENTAL_NULL.csv,cognition_composite_score,NA,0.05303815929238226,3,0,FALSE,0.09046052631578948,0.07401315789473684,0
background_null_pool,SPATA20,covariate_adjusted_no_CERAD,protein_z ~ braak_z + age_z + sex + pmi_z,0.010498324792442887,0.010498324792442887,-0.010498324792442887,0.9198329251120696,117,-5.956915340950502e-4,0.5,/Users/ashlynsloane/Buck Institute 25-26/ROSMAP Analysis March 26/hsp60_rosmap_publication_ready_repo/outputs/supplemental_figures/audits/COGNITION_LOOKUP_SELECTED_FOR_SUPPLEMENTAL_NULL.csv,cognition_composite_score,NA,5.956915340950502e-4,1,0,FALSE,0.19572368421052633,0.2450657894736842,0.23190789473684212
background_null_pool,SPG7,covariate_adjusted_no_CERAD,protein_z ~ braak_z + age_z + sex + pmi_z,0.08293871920423537,0.08293871920423537,-0.08293871920423537,0.4555633219056263,117,0.104941967475144,12.5,/Users/ashlynsloane/Buck Institute 25-26/ROSMAP Analysis March 26/hsp60_rosmap_publication_ready_repo/outputs/supplemental_figures/audits/COGNITION_LOOKUP_SELECTED_FOR_SUPPLEMENTAL_NULL.csv,cognition_composite_score,NA,0.104941967475144,5,0,FALSE,0.6611842105263158,0.6513157894736842,0.9342105263157895
background_null_pool,SPHK2,covariate_adjusted_no_CERAD,protein_z ~ braak_z + age_z + sex + pmi_z,-0.13836768139952993,-0.13836768139952993,0.13836768139952993,0.2607431025994012,110,0.02384913069332657,0,/Users/ashlynsloane/Buck Institute 25-26/ROSMAP Analysis March 26/hsp60_rosmap_publication_ready_repo/outputs/supplemental_figures/audits/COGNITION_LOOKUP_SELECTED_FOR_SUPPLEMENTAL_NULL.csv,cognition_composite_score,NA,0.02384913069332657,2,0,FALSE,0.2878289473684211,0.36019736842105265,0
background_null_pool,SPHKAP,covariate_adjusted_no_CERAD,protein_z ~ braak_z + age_z + sex + pmi_z,-0.026307905653660014,-0.026307905653660014,0.026307905653660014,0.7770895528253726,117,0.1308626449190737,0,/Users/ashlynsloane/Buck Institute 25-26/ROSMAP Analysis March 26/hsp60_rosmap_publication_ready_repo/outputs/supplemental_figures/audits/COGNITION_LOOKUP_SELECTED_FOR_SUPPLEMENTAL_NULL.csv,cognition_composite_score,NA,0.1308626449190737,5,0,FALSE,0.7779605263157895,0.7861842105263158,0
background_null_pool,SPIRE1,covariate_adjusted_no_CERAD,protein_z ~ braak_z + age_z + sex + pmi_z,-0.19355131210269613,-0.19355131210269613,0.19355131210269613,0.05424783588972892,117,-0.00468744152064645,0,/Users/ashlynsloane/Buck Institute 25-26/ROSMAP Analysis March 26/hsp60_rosmap_publication_ready_repo/outputs/supplemental_figures/audits/COGNITION_LOOKUP_SELECTED_FOR_SUPPLEMENTAL_NULL.csv,cognition_composite_score,NA,0.00468744152064645,1,0,FALSE,0.18585526315789475,0.22203947368421054,0
background_null_pool,SPR,covariate_adjusted_no_CERAD,protein_z ~ braak_z + age_z + sex + pmi_z,-0.06255868462677952,-0.06255868462677952,0.06255868462677952,0.5442378173973355,117,-0.10919678289570948,0,/Users/ashlynsloane/Buck Institute 25-26/ROSMAP Analysis March 26/hsp60_rosmap_publication_ready_repo/outputs/supplemental_figures/audits/COGNITION_LOOKUP_SELECTED_FOR_SUPPLEMENTAL_NULL.csv,cognition_composite_score,NA,0.10919678289570948,5,0,FALSE,0.027960526315789474,0.054276315789473686,0
background_null_pool,SPTLC2,covariate_adjusted_no_CERAD,protein_z ~ braak_z + age_z + sex + pmi_z,0.010134948151798804,0.010134948151798804,-0.010134948151798804,0.9279744748528763,117,0.01367569664080512,0.5,/Users/ashlynsloane/Buck Institute 25-26/ROSMAP Analysis March 26/hsp60_rosmap_publication_ready_repo/outputs/supplemental_figures/audits/COGNITION_LOOKUP_SELECTED_FOR_SUPPLEMENTAL_NULL.csv,cognition_composite_score,NA,0.01367569664080512,1,0,FALSE,0.24013157894736842,0.2631578947368421,0.23190789473684212
background_null_pool,STARD7,covariate_adjusted_no_CERAD,protein_z ~ braak_z + age_z + sex + pmi_z,-0.2557982897725671,-0.2557982897725671,0.2557982897725671,0.015266409263258004,117,-0.09707981306969404,0,/Users/ashlynsloane/Buck Institute 25-26/ROSMAP Analysis March 26/hsp60_rosmap_publication_ready_repo/outputs/supplemental_figures/audits/COGNITION_LOOKUP_SELECTED_FOR_SUPPLEMENTAL_NULL.csv,cognition_composite_score,NA,0.09707981306969404,4,0,FALSE,0.04111842105263158,0.039473684210526314,0
background_null_pool,STOM,covariate_adjusted_no_CERAD,protein_z ~ braak_z + age_z + sex + pmi_z,-0.1268978296034658,-0.1268978296034658,0.1268978296034658,0.2345869972577085,117,-0.0635585489473472,0.5,/Users/ashlynsloane/Buck Institute 25-26/ROSMAP Analysis March 26/hsp60_rosmap_publication_ready_repo/outputs/supplemental_figures/audits/COGNITION_LOOKUP_SELECTED_FOR_SUPPLEMENTAL_NULL.csv,cognition_composite_score,NA,0.0635585489473472,4,0,FALSE,0.07236842105263158,0.03782894736842105,0.23190789473684212
background_null_pool,STX17,covariate_adjusted_no_CERAD,protein_z ~ braak_z + age_z + sex + pmi_z,0.007552250600106221,0.007552250600106221,-0.007552250600106221,0.9427884793498947,117,0.115539400466002,0.5,/Users/ashlynsloane/Buck Institute 25-26/ROSMAP Analysis March 26/hsp60_rosmap_publication_ready_repo/outputs/supplemental_figures/audits/COGNITION_LOOKUP_SELECTED_FOR_SUPPLEMENTAL_NULL.csv,cognition_composite_score,NA,0.115539400466002,5,0,FALSE,0.7055921052631579,0.8322368421052632,0.23190789473684212
background_null_pool,SUOX,covariate_adjusted_no_CERAD,protein_z ~ braak_z + age_z + sex + pmi_z,-0.2329716044514051,-0.2329716044514051,0.2329716044514051,0.03976857910972502,117,0.08381613193952489,8.5,/Users/ashlynsloane/Buck Institute 25-26/ROSMAP Analysis March 26/hsp60_rosmap_publication_ready_repo/outputs/supplemental_figures/audits/COGNITION_LOOKUP_SELECTED_FOR_SUPPLEMENTAL_NULL.csv,cognition_composite_score,NA,0.08381613193952489,4,0,FALSE,0.5657894736842105,0.4654605263157895,0.8552631578947368
background_null_pool,SURF1,covariate_adjusted_no_CERAD,protein_z ~ braak_z + age_z + sex + pmi_z,0.006151318411671319,0.006151318411671319,-0.006151318411671319,0.9493408751826553,117,0.04226786665016923,0.5,/Users/ashlynsloane/Buck Institute 25-26/ROSMAP Analysis March 26/hsp60_rosmap_publication_ready_repo/outputs/supplemental_figures/audits/COGNITION_LOOKUP_SELECTED_FOR_SUPPLEMENTAL_NULL.csv,cognition_composite_score,NA,0.04226786665016923,3,0,FALSE,0.3569078947368421,0.33881578947368424,0.23190789473684212
background_null_pool,TDRKH,covariate_adjusted_no_CERAD,protein_z ~ braak_z + age_z + sex + pmi_z,-0.07819662751701062,-0.07819662751701062,0.07819662751701062,0.4454710476367385,117,0.06920143665877482,0.5,/Users/ashlynsloane/Buck Institute 25-26/ROSMAP Analysis March 26/hsp60_rosmap_publication_ready_repo/outputs/supplemental_figures/audits/COGNITION_LOOKUP_SELECTED_FOR_SUPPLEMENTAL_NULL.csv,cognition_composite_score,NA,0.06920143665877482,4,0,FALSE,0.47368421052631576,0.5328947368421053,0.23190789473684212
background_null_pool,TEFM,covariate_adjusted_no_CERAD,protein_z ~ braak_z + age_z + sex + pmi_z,0.09466658627077101,0.09466658627077101,-0.09466658627077101,0.5340383926982768,61,0.06442778108133684,0.5,/Users/ashlynsloane/Buck Institute 25-26/ROSMAP Analysis March 26/hsp60_rosmap_publication_ready_repo/outputs/supplemental_figures/audits/COGNITION_LOOKUP_SELECTED_FOR_SUPPLEMENTAL_NULL.csv,cognition_composite_score,NA,0.06442778108133684,4,0,FALSE,0.4506578947368421,0.3651315789473684,0.23190789473684212
background_null_pool,TFB1M,covariate_adjusted_no_CERAD,protein_z ~ braak_z + age_z + sex + pmi_z,0.01686238280432632,0.01686238280432632,-0.01686238280432632,0.890281894757146,110,0.14856496828372823,0.5,/Users/ashlynsloane/Buck Institute 25-26/ROSMAP Analysis March 26/hsp60_rosmap_publication_ready_repo/outputs/supplemental_figures/audits/COGNITION_LOOKUP_SELECTED_FOR_SUPPLEMENTAL_NULL.csv,cognition_composite_score,NA,0.14856496828372823,5,0,FALSE,0.8305921052631579,0.7976973684210527,0.23190789473684212
background_null_pool,TFB2M,covariate_adjusted_no_CERAD,protein_z ~ braak_z + age_z + sex + pmi_z,-0.02116091630065168,-0.02116091630065168,0.02116091630065168,0.869981054104275,89,0.10108520836245705,0,/Users/ashlynsloane/Buck Institute 25-26/ROSMAP Analysis March 26/hsp60_rosmap_publication_ready_repo/outputs/supplemental_figures/audits/COGNITION_LOOKUP_SELECTED_FOR_SUPPLEMENTAL_NULL.csv,cognition_composite_score,NA,0.10108520836245705,5,0,FALSE,0.6513157894736842,0.4555921052631579,0
background_null_pool,THEM4,covariate_adjusted_no_CERAD,protein_z ~ braak_z + age_z + sex + pmi_z,0.21291575704589413,0.21291575704589413,-0.21291575704589413,0.03924790175791582,117,0.09911889867022396,0.5,/Users/ashlynsloane/Buck Institute 25-26/ROSMAP Analysis March 26/hsp60_rosmap_publication_ready_repo/outputs/supplemental_figures/audits/COGNITION_LOOKUP_SELECTED_FOR_SUPPLEMENTAL_NULL.csv,cognition_composite_score,NA,0.09911889867022396,4,0,FALSE,0.6414473684210527,0.5657894736842105,0.23190789473684212
background_null_pool,THG1L,covariate_adjusted_no_CERAD,protein_z ~ braak_z + age_z + sex + pmi_z,0.12425178236089457,0.12425178236089457,-0.12425178236089457,0.24728822373742615,108,0.00667353668372806,0,/Users/ashlynsloane/Buck Institute 25-26/ROSMAP Analysis March 26/hsp60_rosmap_publication_ready_repo/outputs/supplemental_figures/audits/COGNITION_LOOKUP_SELECTED_FOR_SUPPLEMENTAL_NULL.csv,cognition_composite_score,NA,0.00667353668372806,1,0,FALSE,0.21710526315789475,0.21875,0
background_null_pool,THNSL1,covariate_adjusted_no_CERAD,protein_z ~ braak_z + age_z + sex + pmi_z,0.24609632823285593,0.24609632823285593,-0.24609632823285593,0.028078727867889716,117,0.09098239083900136,2.5,/Users/ashlynsloane/Buck Institute 25-26/ROSMAP Analysis March 26/hsp60_rosmap_publication_ready_repo/outputs/supplemental_figures/audits/COGNITION_LOOKUP_SELECTED_FOR_SUPPLEMENTAL_NULL.csv,cognition_composite_score,NA,0.09098239083900136,4,0,FALSE,0.5970394736842105,0.5740131578947368,0.6842105263157895
background_null_pool,TIMM10,covariate_adjusted_no_CERAD,protein_z ~ braak_z + age_z + sex + pmi_z,0.21926720059599705,0.21926720059599705,-0.21926720059599705,0.038710556955575716,117,0.11526317740141176,3.5,/Users/ashlynsloane/Buck Institute 25-26/ROSMAP Analysis March 26/hsp60_rosmap_publication_ready_repo/outputs/supplemental_figures/audits/COGNITION_LOOKUP_SELECTED_FOR_SUPPLEMENTAL_NULL.csv,cognition_composite_score,NA,0.11526317740141176,5,0,FALSE,0.7039473684210527,0.7417763157894737,0.7532894736842105
background_null_pool,TIMM10B,covariate_adjusted_no_CERAD,protein_z ~ braak_z + age_z + sex + pmi_z,-0.015479773344243455,-0.015479773344243455,0.015479773344243455,0.8806722657067465,117,0.1145145768376066,4.5,/Users/ashlynsloane/Buck Institute 25-26/ROSMAP Analysis March 26/hsp60_rosmap_publication_ready_repo/outputs/supplemental_figures/audits/COGNITION_LOOKUP_SELECTED_FOR_SUPPLEMENTAL_NULL.csv,cognition_composite_score,NA,0.1145145768376066,5,0,FALSE,0.6973684210526315,0.7236842105263158,0.7796052631578947
background_null_pool,TIMM17A,covariate_adjusted_no_CERAD,protein_z ~ braak_z + age_z + sex + pmi_z,0.04277712981248857,0.04277712981248857,-0.04277712981248857,0.7901911770746574,62,0.07853875366572373,0.5,/Users/ashlynsloane/Buck Institute 25-26/ROSMAP Analysis March 26/hsp60_rosmap_publication_ready_repo/outputs/supplemental_figures/audits/COGNITION_LOOKUP_SELECTED_FOR_SUPPLEMENTAL_NULL.csv,cognition_composite_score,NA,0.07853875366572373,4,0,FALSE,0.5279605263157895,0.6069078947368421,0.23190789473684212
background_null_pool,TIMM17B,covariate_adjusted_no_CERAD,protein_z ~ braak_z + age_z + sex + pmi_z,-0.06693784007115793,-0.06693784007115793,0.06693784007115793,0.5667143575526936,117,0.08312821436668706,0.5,/Users/ashlynsloane/Buck Institute 25-26/ROSMAP Analysis March 26/hsp60_rosmap_publication_ready_repo/outputs/supplemental_figures/audits/COGNITION_LOOKUP_SELECTED_FOR_SUPPLEMENTAL_NULL.csv,cognition_composite_score,NA,0.08312821436668706,4,0,FALSE,0.5625,0.4769736842105263,0.23190789473684212
background_null_pool,TIMM21,covariate_adjusted_no_CERAD,protein_z ~ braak_z + age_z + sex + pmi_z,-0.277149252505981,-0.277149252505981,0.277149252505981,0.006279055765263848,117,0.04597806703407469,4.5,/Users/ashlynsloane/Buck Institute 25-26/ROSMAP Analysis March 26/hsp60_rosmap_publication_ready_repo/outputs/supplemental_figures/audits/COGNITION_LOOKUP_SELECTED_FOR_SUPPLEMENTAL_NULL.csv,cognition_composite_score,NA,0.04597806703407469,3,0,FALSE,0.375,0.31743421052631576,0.7796052631578947
background_null_pool,TIMM22,covariate_adjusted_no_CERAD,protein_z ~ braak_z + age_z + sex + pmi_z,0.29970376859775844,0.29970376859775844,-0.29970376859775844,0.012319450302556562,117,0.08208149497684868,1.5,/Users/ashlynsloane/Buck Institute 25-26/ROSMAP Analysis March 26/hsp60_rosmap_publication_ready_repo/outputs/supplemental_figures/audits/COGNITION_LOOKUP_SELECTED_FOR_SUPPLEMENTAL_NULL.csv,cognition_composite_score,NA,0.08208149497684868,4,0,FALSE,0.555921052631579,0.6365131578947368,0.5986842105263158
background_null_pool,TIMM23,covariate_adjusted_no_CERAD,protein_z ~ braak_z + age_z + sex + pmi_z,-0.0416926392923169,-0.0416926392923169,0.0416926392923169,0.693983882802308,115,0.08233483184018536,2.5,/Users/ashlynsloane/Buck Institute 25-26/ROSMAP Analysis March 26/hsp60_rosmap_publication_ready_repo/outputs/supplemental_figures/audits/COGNITION_LOOKUP_SELECTED_FOR_SUPPLEMENTAL_NULL.csv,cognition_composite_score,NA,0.08233483184018536,4,0,FALSE,0.5592105263157895,0.4901315789473684,0.6842105263157895
background_null_pool,TIMM50,covariate_adjusted_no_CERAD,protein_z ~ braak_z + age_z + sex + pmi_z,-0.19776176147302107,-0.19776176147302107,0.19776176147302107,0.056010341395565,117,0.09794068038942112,5.5,/Users/ashlynsloane/Buck Institute 25-26/ROSMAP Analysis March 26/hsp60_rosmap_publication_ready_repo/outputs/supplemental_figures/audits/COGNITION_LOOKUP_SELECTED_FOR_SUPPLEMENTAL_NULL.csv,cognition_composite_score,NA,0.09794068038942112,4,0,FALSE,0.6381578947368421,0.6398026315789473,0.7845394736842105
background_null_pool,TIMM8A,covariate_adjusted_no_CERAD,protein_z ~ braak_z + age_z + sex + pmi_z,0.11721454263455663,0.11721454263455663,-0.11721454263455663,0.25714070544074563,117,0.19911329330981015,6.5,/Users/ashlynsloane/Buck Institute 25-26/ROSMAP Analysis March 26/hsp60_rosmap_publication_ready_repo/outputs/supplemental_figures/audits/COGNITION_LOOKUP_SELECTED_FOR_SUPPLEMENTAL_NULL.csv,cognition_composite_score,NA,0.19911329330981015,5,0,FALSE,0.9375,0.9424342105263158,0.819078947368421
background_null_pool,TIMM9,covariate_adjusted_no_CERAD,protein_z ~ braak_z + age_z + sex + pmi_z,0.053939711927178155,0.053939711927178155,-0.053939711927178155,0.6062750773867059,117,0.14104340458507603,1.5,/Users/ashlynsloane/Buck Institute 25-26/ROSMAP Analysis March 26/hsp60_rosmap_publication_ready_repo/outputs/supplemental_figures/audits/COGNITION_LOOKUP_SELECTED_FOR_SUPPLEMENTAL_NULL.csv,cognition_composite_score,NA,0.14104340458507603,5,0,FALSE,0.8075657894736842,0.8256578947368421,0.5986842105263158
background_null_pool,TIMMDC1,covariate_adjusted_no_CERAD,protein_z ~ braak_z + age_z + sex + pmi_z,-0.07352653229248413,-0.07352653229248413,0.07352653229248413,0.5405738155304207,117,0.07350066660824042,0.5,/Users/ashlynsloane/Buck Institute 25-26/ROSMAP Analysis March 26/hsp60_rosmap_publication_ready_repo/outputs/supplemental_figures/audits/COGNITION_LOOKUP_SELECTED_FOR_SUPPLEMENTAL_NULL.csv,cognition_composite_score,NA,0.07350066660824042,4,0,FALSE,0.4967105263157895,0.34375,0.23190789473684212
background_null_pool,TK2,covariate_adjusted_no_CERAD,protein_z ~ braak_z + age_z + sex + pmi_z,-0.01816798285051952,-0.01816798285051952,0.01816798285051952,0.8749492691383625,117,0.04698167900012225,0,/Users/ashlynsloane/Buck Institute 25-26/ROSMAP Analysis March 26/hsp60_rosmap_publication_ready_repo/outputs/supplemental_figures/audits/COGNITION_LOOKUP_SELECTED_FOR_SUPPLEMENTAL_NULL.csv,cognition_composite_score,NA,0.04698167900012225,3,0,FALSE,0.3815789473684211,0.41776315789473684,0
background_null_pool,TMEM11,covariate_adjusted_no_CERAD,protein_z ~ braak_z + age_z + sex + pmi_z,-0.0891145562349176,-0.0891145562349176,0.0891145562349176,0.41188260062642235,117,0.08466660788382357,1.5,/Users/ashlynsloane/Buck Institute 25-26/ROSMAP Analysis March 26/hsp60_rosmap_publication_ready_repo/outputs/supplemental_figures/audits/COGNITION_LOOKUP_SELECTED_FOR_SUPPLEMENTAL_NULL.csv,cognition_composite_score,NA,0.08466660788382357,4,0,FALSE,0.5707236842105263,0.6825657894736842,0.5986842105263158
background_null_pool,TMEM126A,covariate_adjusted_no_CERAD,protein_z ~ braak_z + age_z + sex + pmi_z,-0.16177673976189072,-0.16177673976189072,0.16177673976189072,0.06424124022023439,117,0.16165400012039471,5.5,/Users/ashlynsloane/Buck Institute 25-26/ROSMAP Analysis March 26/hsp60_rosmap_publication_ready_repo/outputs/supplemental_figures/audits/COGNITION_LOOKUP_SELECTED_FOR_SUPPLEMENTAL_NULL.csv,cognition_composite_score,NA,0.16165400012039471,5,0,FALSE,0.8585526315789473,0.875,0.7845394736842105
background_null_pool,TMEM126B,covariate_adjusted_no_CERAD,protein_z ~ braak_z + age_z + sex + pmi_z,0.03236261703945534,0.03236261703945534,-0.03236261703945534,0.7710981841891495,112,0.04766588218461343,3.5,/Users/ashlynsloane/Buck Institute 25-26/ROSMAP Analysis March 26/hsp60_rosmap_publication_ready_repo/outputs/supplemental_figures/audits/COGNITION_LOOKUP_SELECTED_FOR_SUPPLEMENTAL_NULL.csv,cognition_composite_score,NA,0.04766588218461343,3,0,FALSE,0.3832236842105263,0.31085526315789475,0.7532894736842105
background_null_pool,TMEM143,covariate_adjusted_no_CERAD,protein_z ~ braak_z + age_z + sex + pmi_z,0.12045081754841812,0.12045081754841812,-0.12045081754841812,0.2571658649084703,117,0.12031403931977004,0.5,/Users/ashlynsloane/Buck Institute 25-26/ROSMAP Analysis March 26/hsp60_rosmap_publication_ready_repo/outputs/supplemental_figures/audits/COGNITION_LOOKUP_SELECTED_FOR_SUPPLEMENTAL_NULL.csv,cognition_composite_score,NA,0.12031403931977004,5,0,FALSE,0.7286184210526315,0.7023026315789473,0.23190789473684212
background_null_pool,TMEM14C,covariate_adjusted_no_CERAD,protein_z ~ braak_z + age_z + sex + pmi_z,0.18035930728284533,0.18035930728284533,-0.18035930728284533,0.14908091195928674,102,0.02792599376180565,0,/Users/ashlynsloane/Buck Institute 25-26/ROSMAP Analysis March 26/hsp60_rosmap_publication_ready_repo/outputs/supplemental_figures/audits/COGNITION_LOOKUP_SELECTED_FOR_SUPPLEMENTAL_NULL.csv,cognition_composite_score,NA,0.02792599376180565,2,0,FALSE,0.3026315789473684,0.4029605263157895,0
background_null_pool,TMEM177,covariate_adjusted_no_CERAD,protein_z ~ braak_z + age_z + sex + pmi_z,-0.10538810937189695,-0.10538810937189695,0.10538810937189695,0.3298855604351447,117,0.1105185324109118,8.5,/Users/ashlynsloane/Buck Institute 25-26/ROSMAP Analysis March 26/hsp60_rosmap_publication_ready_repo/outputs/supplemental_figures/audits/COGNITION_LOOKUP_SELECTED_FOR_SUPPLEMENTAL_NULL.csv,cognition_composite_score,NA,0.1105185324109118,5,0,FALSE,0.6792763157894737,0.774671052631579,0.8552631578947368
background_null_pool,TMEM186,covariate_adjusted_no_CERAD,protein_z ~ braak_z + age_z + sex + pmi_z,0.24207728416726584,0.24207728416726584,-0.24207728416726584,0.021195655451949222,117,0.08179388588432208,0,/Users/ashlynsloane/Buck Institute 25-26/ROSMAP Analysis March 26/hsp60_rosmap_publication_ready_repo/outputs/supplemental_figures/audits/COGNITION_LOOKUP_SELECTED_FOR_SUPPLEMENTAL_NULL.csv,cognition_composite_score,NA,0.08179388588432208,4,0,FALSE,0.5526315789473685,0.5805921052631579,0
background_null_pool,TMEM205,covariate_adjusted_no_CERAD,protein_z ~ braak_z + age_z + sex + pmi_z,-0.03576763320643824,-0.03576763320643824,0.03576763320643824,0.7555137182132732,117,-0.03873161495268303,0,/Users/ashlynsloane/Buck Institute 25-26/ROSMAP Analysis March 26/hsp60_rosmap_publication_ready_repo/outputs/supplemental_figures/audits/COGNITION_LOOKUP_SELECTED_FOR_SUPPLEMENTAL_NULL.csv,cognition_composite_score,NA,0.03873161495268303,3,0,FALSE,0.1069078947368421,0.07236842105263158,0
background_null_pool,TMEM65,covariate_adjusted_no_CERAD,protein_z ~ braak_z + age_z + sex + pmi_z,-0.18777033541570426,-0.18777033541570426,0.18777033541570426,0.06408977655565878,117,0.12988505282371574,12.5,/Users/ashlynsloane/Buck Institute 25-26/ROSMAP Analysis March 26/hsp60_rosmap_publication_ready_repo/outputs/supplemental_figures/audits/COGNITION_LOOKUP_SELECTED_FOR_SUPPLEMENTAL_NULL.csv,cognition_composite_score,NA,0.12988505282371574,5,0,FALSE,0.7763157894736842,0.756578947368421,0.9342105263157895
background_null_pool,TMEM70,covariate_adjusted_no_CERAD,protein_z ~ braak_z + age_z + sex + pmi_z,0.1749972263478511,0.1749972263478511,-0.1749972263478511,0.1543790807040824,117,0.09586506623492044,0,/Users/ashlynsloane/Buck Institute 25-26/ROSMAP Analysis March 26/hsp60_rosmap_publication_ready_repo/outputs/supplemental_figures/audits/COGNITION_LOOKUP_SELECTED_FOR_SUPPLEMENTAL_NULL.csv,cognition_composite_score,NA,0.09586506623492044,4,0,FALSE,0.618421052631579,0.6414473684210527,0
background_null_pool,TMLHE,covariate_adjusted_no_CERAD,protein_z ~ braak_z + age_z + sex + pmi_z,-0.040107968789713226,-0.040107968789713226,0.040107968789713226,0.7344065138478675,117,0.06922380431353553,0.5,/Users/ashlynsloane/Buck Institute 25-26/ROSMAP Analysis March 26/hsp60_rosmap_publication_ready_repo/outputs/supplemental_figures/audits/COGNITION_LOOKUP_SELECTED_FOR_SUPPLEMENTAL_NULL.csv,cognition_composite_score,NA,0.06922380431353553,4,0,FALSE,0.4753289473684211,0.38980263157894735,0.23190789473684212
background_null_pool,TOMM20,covariate_adjusted_no_CERAD,protein_z ~ braak_z + age_z + sex + pmi_z,-0.009665408756472635,-0.009665408756472635,0.009665408756472635,0.9230547800658959,117,0.14763828387727346,2.5,/Users/ashlynsloane/Buck Institute 25-26/ROSMAP Analysis March 26/hsp60_rosmap_publication_ready_repo/outputs/supplemental_figures/audits/COGNITION_LOOKUP_SELECTED_FOR_SUPPLEMENTAL_NULL.csv,cognition_composite_score,NA,0.14763828387727346,5,0,FALSE,0.8240131578947368,0.8026315789473685,0.6842105263157895
background_null_pool,TOMM22,covariate_adjusted_no_CERAD,protein_z ~ braak_z + age_z + sex + pmi_z,0.26506331281705975,0.26506331281705975,-0.26506331281705975,0.015700851692339157,117,0.1323921413992208,0.5,/Users/ashlynsloane/Buck Institute 25-26/ROSMAP Analysis March 26/hsp60_rosmap_publication_ready_repo/outputs/supplemental_figures/audits/COGNITION_LOOKUP_SELECTED_FOR_SUPPLEMENTAL_NULL.csv,cognition_composite_score,NA,0.1323921413992208,5,0,FALSE,0.7828947368421053,0.7286184210526315,0.23190789473684212
background_null_pool,TOMM34,covariate_adjusted_no_CERAD,protein_z ~ braak_z + age_z + sex + pmi_z,-0.2239873037039428,-0.2239873037039428,0.2239873037039428,0.020267413634346795,117,-0.00321495910147866,0.5,/Users/ashlynsloane/Buck Institute 25-26/ROSMAP Analysis March 26/hsp60_rosmap_publication_ready_repo/outputs/supplemental_figures/audits/COGNITION_LOOKUP_SELECTED_FOR_SUPPLEMENTAL_NULL.csv,cognition_composite_score,NA,0.00321495910147866,1,0,FALSE,0.18914473684210525,0.15625,0.23190789473684212
background_null_pool,TOMM40,covariate_adjusted_no_CERAD,protein_z ~ braak_z + age_z + sex + pmi_z,0.13481807394228768,0.13481807394228768,-0.13481807394228768,0.21359726566890616,117,0.07980044328966147,1.5,/Users/ashlynsloane/Buck Institute 25-26/ROSMAP Analysis March 26/hsp60_rosmap_publication_ready_repo/outputs/supplemental_figures/audits/COGNITION_LOOKUP_SELECTED_FOR_SUPPLEMENTAL_NULL.csv,cognition_composite_score,NA,0.07980044328966147,4,0,FALSE,0.5345394736842105,0.5180921052631579,0.5986842105263158
background_null_pool,TOMM40L,covariate_adjusted_no_CERAD,protein_z ~ braak_z + age_z + sex + pmi_z,-0.2243861184951002,-0.2243861184951002,0.2243861184951002,0.03425858113030132,117,0.07912634191846929,0.5,/Users/ashlynsloane/Buck Institute 25-26/ROSMAP Analysis March 26/hsp60_rosmap_publication_ready_repo/outputs/supplemental_figures/audits/COGNITION_LOOKUP_SELECTED_FOR_SUPPLEMENTAL_NULL.csv,cognition_composite_score,NA,0.07912634191846929,4,0,FALSE,0.5328947368421053,0.53125,0.23190789473684212
background_null_pool,TOMM5,covariate_adjusted_no_CERAD,protein_z ~ braak_z + age_z + sex + pmi_z,-0.030810450720314284,-0.030810450720314284,0.030810450720314284,0.8018789966440869,117,0.17191135805700833,2.5,/Users/ashlynsloane/Buck Institute 25-26/ROSMAP Analysis March 26/hsp60_rosmap_publication_ready_repo/outputs/supplemental_figures/audits/COGNITION_LOOKUP_SELECTED_FOR_SUPPLEMENTAL_NULL.csv,cognition_composite_score,NA,0.17191135805700833,5,0,FALSE,0.8848684210526315,0.8601973684210527,0.6842105263157895
background_null_pool,TOMM6,covariate_adjusted_no_CERAD,protein_z ~ braak_z + age_z + sex + pmi_z,0.11595212477472877,0.11595212477472877,-0.11595212477472877,0.3152532906713444,117,0.07030380119233015,0.5,/Users/ashlynsloane/Buck Institute 25-26/ROSMAP Analysis March 26/hsp60_rosmap_publication_ready_repo/outputs/supplemental_figures/audits/COGNITION_LOOKUP_SELECTED_FOR_SUPPLEMENTAL_NULL.csv,cognition_composite_score,NA,0.07030380119233015,4,0,FALSE,0.48026315789473684,0.4621710526315789,0.23190789473684212
background_null_pool,TRIAP1,covariate_adjusted_no_CERAD,protein_z ~ braak_z + age_z + sex + pmi_z,0.2007892720539094,0.2007892720539094,-0.2007892720539094,0.05053626220195813,112,0.1265175011571634,0,/Users/ashlynsloane/Buck Institute 25-26/ROSMAP Analysis March 26/hsp60_rosmap_publication_ready_repo/outputs/supplemental_figures/audits/COGNITION_LOOKUP_SELECTED_FOR_SUPPLEMENTAL_NULL.csv,cognition_composite_score,NA,0.1265175011571634,5,0,FALSE,0.7582236842105263,0.7302631578947368,0
background_null_pool,TRMT1,covariate_adjusted_no_CERAD,protein_z ~ braak_z + age_z + sex + pmi_z,-0.06038978975807756,-0.06038978975807756,0.06038978975807756,0.5482807589059088,117,0.09419539080854906,0.5,/Users/ashlynsloane/Buck Institute 25-26/ROSMAP Analysis March 26/hsp60_rosmap_publication_ready_repo/outputs/supplemental_figures/audits/COGNITION_LOOKUP_SELECTED_FOR_SUPPLEMENTAL_NULL.csv,cognition_composite_score,NA,0.09419539080854906,4,0,FALSE,0.6118421052631579,0.6200657894736842,0.23190789473684212
background_null_pool,TRMT10C,covariate_adjusted_no_CERAD,protein_z ~ braak_z + age_z + sex + pmi_z,0.06393444071046428,0.06393444071046428,-0.06393444071046428,0.5690447084716239,117,0.13240698666849882,9.5,/Users/ashlynsloane/Buck Institute 25-26/ROSMAP Analysis March 26/hsp60_rosmap_publication_ready_repo/outputs/supplemental_figures/audits/COGNITION_LOOKUP_SELECTED_FOR_SUPPLEMENTAL_NULL.csv,cognition_composite_score,NA,0.13240698666849882,5,0,FALSE,0.7845394736842105,0.7944078947368421,0.875
background_null_pool,TRMT5,covariate_adjusted_no_CERAD,protein_z ~ braak_z + age_z + sex + pmi_z,-0.026754348702619973,-0.026754348702619973,0.026754348702619973,0.8118173060196934,110,0.0126944538628569,2.5,/Users/ashlynsloane/Buck Institute 25-26/ROSMAP Analysis March 26/hsp60_rosmap_publication_ready_repo/outputs/supplemental_figures/audits/COGNITION_LOOKUP_SELECTED_FOR_SUPPLEMENTAL_NULL.csv,cognition_composite_score,NA,0.0126944538628569,1,0,FALSE,0.23848684210526316,0.19736842105263158,0.6842105263157895
background_null_pool,TRMT61B,covariate_adjusted_no_CERAD,protein_z ~ braak_z + age_z + sex + pmi_z,-5.454847203977857e-4,-5.454847203977857e-4,5.454847203977857e-4,0.9955530465464837,116,0.04558089676036933,0.5,/Users/ashlynsloane/Buck Institute 25-26/ROSMAP Analysis March 26/hsp60_rosmap_publication_ready_repo/outputs/supplemental_figures/audits/COGNITION_LOOKUP_SELECTED_FOR_SUPPLEMENTAL_NULL.csv,cognition_composite_score,NA,0.04558089676036933,3,0,FALSE,0.3717105263157895,0.2779605263157895,0.23190789473684212
background_null_pool,TRNT1,covariate_adjusted_no_CERAD,protein_z ~ braak_z + age_z + sex + pmi_z,-0.0373529833459367,-0.0373529833459367,0.0373529833459367,0.6390106198988363,117,0.01831490187149713,0,/Users/ashlynsloane/Buck Institute 25-26/ROSMAP Analysis March 26/hsp60_rosmap_publication_ready_repo/outputs/supplemental_figures/audits/COGNITION_LOOKUP_SELECTED_FOR_SUPPLEMENTAL_NULL.csv,cognition_composite_score,NA,0.01831490187149713,2,0,FALSE,0.26480263157894735,0.2565789473684211,0
background_null_pool,TSPO,covariate_adjusted_no_CERAD,protein_z ~ braak_z + age_z + sex + pmi_z,-0.14641851010659393,-0.14641851010659393,0.14641851010659393,0.18362303408233932,117,-0.1851595293745943,0,/Users/ashlynsloane/Buck Institute 25-26/ROSMAP Analysis March 26/hsp60_rosmap_publication_ready_repo/outputs/supplemental_figures/audits/COGNITION_LOOKUP_SELECTED_FOR_SUPPLEMENTAL_NULL.csv,cognition_composite_score,NA,0.1851595293745943,5,0,FALSE,0.008223684210526315,0.006578947368421052,0
background_null_pool,TSTD1,covariate_adjusted_no_CERAD,protein_z ~ braak_z + age_z + sex + pmi_z,-0.022659915247056614,-0.022659915247056614,0.022659915247056614,0.8148464409373832,117,0.09606346946349,0.5,/Users/ashlynsloane/Buck Institute 25-26/ROSMAP Analysis March 26/hsp60_rosmap_publication_ready_repo/outputs/supplemental_figures/audits/COGNITION_LOOKUP_SELECTED_FOR_SUPPLEMENTAL_NULL.csv,cognition_composite_score,NA,0.09606346946349,4,0,FALSE,0.6217105263157895,0.6052631578947368,0.23190789473684212
background_null_pool,TTC19,covariate_adjusted_no_CERAD,protein_z ~ braak_z + age_z + sex + pmi_z,0.1022080273315394,0.1022080273315394,-0.1022080273315394,0.3849469660707364,117,0.17429731056114006,5.5,/Users/ashlynsloane/Buck Institute 25-26/ROSMAP Analysis March 26/hsp60_rosmap_publication_ready_repo/outputs/supplemental_figures/audits/COGNITION_LOOKUP_SELECTED_FOR_SUPPLEMENTAL_NULL.csv,cognition_composite_score,NA,0.17429731056114006,5,0,FALSE,0.8914473684210527,0.8355263157894737,0.7845394736842105
background_null_pool,TXN2,covariate_adjusted_no_CERAD,protein_z ~ braak_z + age_z + sex + pmi_z,0.07509845556613111,0.07509845556613111,-0.07509845556613111,0.4874746186704011,117,0.06879244280022621,0.5,/Users/ashlynsloane/Buck Institute 25-26/ROSMAP Analysis March 26/hsp60_rosmap_publication_ready_repo/outputs/supplemental_figures/audits/COGNITION_LOOKUP_SELECTED_FOR_SUPPLEMENTAL_NULL.csv,cognition_composite_score,NA,0.06879244280022621,4,0,FALSE,0.4720394736842105,0.5345394736842105,0.23190789473684212
background_null_pool,TXNRD1,covariate_adjusted_no_CERAD,protein_z ~ braak_z + age_z + sex + pmi_z,-0.02103935540613596,-0.02103935540613596,0.02103935540613596,0.8437340954661754,117,-0.08493796681221845,0,/Users/ashlynsloane/Buck Institute 25-26/ROSMAP Analysis March 26/hsp60_rosmap_publication_ready_repo/outputs/supplemental_figures/audits/COGNITION_LOOKUP_SELECTED_FOR_SUPPLEMENTAL_NULL.csv,cognition_composite_score,NA,0.08493796681221845,4,0,FALSE,0.047697368421052634,0.07072368421052631,0
background_null_pool,TXNRD2,covariate_adjusted_no_CERAD,protein_z ~ braak_z + age_z + sex + pmi_z,0.09150175317142692,0.09150175317142692,-0.09150175317142692,0.35119405440731133,117,0.06808934249588043,0,/Users/ashlynsloane/Buck Institute 25-26/ROSMAP Analysis March 26/hsp60_rosmap_publication_ready_repo/outputs/supplemental_figures/audits/COGNITION_LOOKUP_SELECTED_FOR_SUPPLEMENTAL_NULL.csv,cognition_composite_score,NA,0.06808934249588043,4,0,FALSE,0.46875,0.5411184210526315,0
background_null_pool,UNG,covariate_adjusted_no_CERAD,protein_z ~ braak_z + age_z + sex + pmi_z,-0.07450191383230086,-0.07450191383230086,0.07450191383230086,0.4685029227322023,117,0.03209131621341163,1.5,/Users/ashlynsloane/Buck Institute 25-26/ROSMAP Analysis March 26/hsp60_rosmap_publication_ready_repo/outputs/supplemental_figures/audits/COGNITION_LOOKUP_SELECTED_FOR_SUPPLEMENTAL_NULL.csv,cognition_composite_score,NA,0.03209131621341163,2,0,FALSE,0.31743421052631576,0.21546052631578946,0.5986842105263158
background_null_pool,UQCC1,covariate_adjusted_no_CERAD,protein_z ~ braak_z + age_z + sex + pmi_z,0.1827128393233314,0.1827128393233314,-0.1827128393233314,0.056794633251422,117,0.04019583578007354,0.5,/Users/ashlynsloane/Buck Institute 25-26/ROSMAP Analysis March 26/hsp60_rosmap_publication_ready_repo/outputs/supplemental_figures/audits/COGNITION_LOOKUP_SELECTED_FOR_SUPPLEMENTAL_NULL.csv,cognition_composite_score,NA,0.04019583578007354,3,0,FALSE,0.34868421052631576,0.3848684210526316,0.23190789473684212
background_null_pool,UQCC2,covariate_adjusted_no_CERAD,protein_z ~ braak_z + age_z + sex + pmi_z,0.008094468260622049,0.008094468260622049,-0.008094468260622049,0.9353673202518568,117,0.00611937347235675,0.5,/Users/ashlynsloane/Buck Institute 25-26/ROSMAP Analysis March 26/hsp60_rosmap_publication_ready_repo/outputs/supplemental_figures/audits/COGNITION_LOOKUP_SELECTED_FOR_SUPPLEMENTAL_NULL.csv,cognition_composite_score,NA,0.00611937347235675,1,0,FALSE,0.21217105263157895,0.24671052631578946,0.23190789473684212
background_null_pool,UQCR10,covariate_adjusted_no_CERAD,protein_z ~ braak_z + age_z + sex + pmi_z,-0.07914331966604084,-0.07914331966604084,0.07914331966604084,0.4688099476453649,117,0.21346135841591887,2.5,/Users/ashlynsloane/Buck Institute 25-26/ROSMAP Analysis March 26/hsp60_rosmap_publication_ready_repo/outputs/supplemental_figures/audits/COGNITION_LOOKUP_SELECTED_FOR_SUPPLEMENTAL_NULL.csv,cognition_composite_score,NA,0.21346135841591887,5,0,FALSE,0.9671052631578947,0.9786184210526315,0.6842105263157895
background_null_pool,UQCR11,covariate_adjusted_no_CERAD,protein_z ~ braak_z + age_z + sex + pmi_z,0.054461477040602974,0.054461477040602974,-0.054461477040602974,0.6700116500563713,102,0.21211819928329556,0,/Users/ashlynsloane/Buck Institute 25-26/ROSMAP Analysis March 26/hsp60_rosmap_publication_ready_repo/outputs/supplemental_figures/audits/COGNITION_LOOKUP_SELECTED_FOR_SUPPLEMENTAL_NULL.csv,cognition_composite_score,NA,0.21211819928329556,5,0,FALSE,0.9605263157894737,0.9375,0
background_null_pool,UQCRB,covariate_adjusted_no_CERAD,protein_z ~ braak_z + age_z + sex + pmi_z,0.18394230882124787,0.18394230882124787,-0.18394230882124787,0.10155948674875175,117,0.20962424191296453,9.5,/Users/ashlynsloane/Buck Institute 25-26/ROSMAP Analysis March 26/hsp60_rosmap_publication_ready_repo/outputs/supplemental_figures/audits/COGNITION_LOOKUP_SELECTED_FOR_SUPPLEMENTAL_NULL.csv,cognition_composite_score,NA,0.20962424191296453,5,0,FALSE,0.9572368421052632,0.9490131578947368,0.875
background_null_pool,UQCRH,covariate_adjusted_no_CERAD,protein_z ~ braak_z + age_z + sex + pmi_z,0.19304714174532464,0.19304714174532464,-0.19304714174532464,0.09856769856088253,117,0.18465450690757151,1.5,/Users/ashlynsloane/Buck Institute 25-26/ROSMAP Analysis March 26/hsp60_rosmap_publication_ready_repo/outputs/supplemental_figures/audits/COGNITION_LOOKUP_SELECTED_FOR_SUPPLEMENTAL_NULL.csv,cognition_composite_score,NA,0.18465450690757151,5,0,FALSE,0.9194078947368421,0.930921052631579,0.5986842105263158
background_null_pool,UQCRQ,covariate_adjusted_no_CERAD,protein_z ~ braak_z + age_z + sex + pmi_z,0.009611808110776674,0.009611808110776674,-0.009611808110776674,0.9297824262813679,117,0.21226422632704003,12.5,/Users/ashlynsloane/Buck Institute 25-26/ROSMAP Analysis March 26/hsp60_rosmap_publication_ready_repo/outputs/supplemental_figures/audits/COGNITION_LOOKUP_SELECTED_FOR_SUPPLEMENTAL_NULL.csv,cognition_composite_score,NA,0.21226422632704003,5,0,FALSE,0.9638157894736842,0.9819078947368421,0.9342105263157895
background_null_pool,USP30,covariate_adjusted_no_CERAD,protein_z ~ braak_z + age_z + sex + pmi_z,0.28748947035855066,0.28748947035855066,-0.28748947035855066,0.005993534472639474,117,-0.02844118344674109,0.5,/Users/ashlynsloane/Buck Institute 25-26/ROSMAP Analysis March 26/hsp60_rosmap_publication_ready_repo/outputs/supplemental_figures/audits/COGNITION_LOOKUP_SELECTED_FOR_SUPPLEMENTAL_NULL.csv,cognition_composite_score,NA,0.02844118344674109,2,0,FALSE,0.13651315789473684,0.12335526315789473,0.23190789473684212
background_null_pool,VDAC1,covariate_adjusted_no_CERAD,protein_z ~ braak_z + age_z + sex + pmi_z,-0.11410765642499976,-0.11410765642499976,0.11410765642499976,0.2833750551513836,117,0.17349062404709265,0.5,/Users/ashlynsloane/Buck Institute 25-26/ROSMAP Analysis March 26/hsp60_rosmap_publication_ready_repo/outputs/supplemental_figures/audits/COGNITION_LOOKUP_SELECTED_FOR_SUPPLEMENTAL_NULL.csv,cognition_composite_score,NA,0.17349062404709265,5,0,FALSE,0.8898026315789473,0.8963815789473685,0.23190789473684212
background_null_pool,VDAC2,covariate_adjusted_no_CERAD,protein_z ~ braak_z + age_z + sex + pmi_z,0.06388689715867689,0.06388689715867689,-0.06388689715867689,0.5316719373431014,117,0.1284629952972575,0.5,/Users/ashlynsloane/Buck Institute 25-26/ROSMAP Analysis March 26/hsp60_rosmap_publication_ready_repo/outputs/supplemental_figures/audits/COGNITION_LOOKUP_SELECTED_FOR_SUPPLEMENTAL_NULL.csv,cognition_composite_score,NA,0.1284629952972575,5,0,FALSE,0.7697368421052632,0.8125,0.23190789473684212
background_null_pool,VDAC3,covariate_adjusted_no_CERAD,protein_z ~ braak_z + age_z + sex + pmi_z,0.24607976737932333,0.24607976737932333,-0.24607976737932333,0.02322550004394952,117,0.10720705057068196,0,/Users/ashlynsloane/Buck Institute 25-26/ROSMAP Analysis March 26/hsp60_rosmap_publication_ready_repo/outputs/supplemental_figures/audits/COGNITION_LOOKUP_SELECTED_FOR_SUPPLEMENTAL_NULL.csv,cognition_composite_score,NA,0.10720705057068196,5,0,FALSE,0.6710526315789473,0.7401315789473685,0
background_null_pool,VPS13D,covariate_adjusted_no_CERAD,protein_z ~ braak_z + age_z + sex + pmi_z,-0.008233775601868162,-0.008233775601868162,0.008233775601868162,0.9445389044294656,117,0.03085603720293446,0.5,/Users/ashlynsloane/Buck Institute 25-26/ROSMAP Analysis March 26/hsp60_rosmap_publication_ready_repo/outputs/supplemental_figures/audits/COGNITION_LOOKUP_SELECTED_FOR_SUPPLEMENTAL_NULL.csv,cognition_composite_score,NA,0.03085603720293446,2,0,FALSE,0.3125,0.3256578947368421,0.23190789473684212
background_null_pool,VWA8,covariate_adjusted_no_CERAD,protein_z ~ braak_z + age_z + sex + pmi_z,-0.15086599837398493,-0.15086599837398493,0.15086599837398493,0.18171251663520957,117,0.05498397234233449,0,/Users/ashlynsloane/Buck Institute 25-26/ROSMAP Analysis March 26/hsp60_rosmap_publication_ready_repo/outputs/supplemental_figures/audits/COGNITION_LOOKUP_SELECTED_FOR_SUPPLEMENTAL_NULL.csv,cognition_composite_score,NA,0.05498397234233449,3,0,FALSE,0.41118421052631576,0.37006578947368424,0
background_null_pool,WARS2,covariate_adjusted_no_CERAD,protein_z ~ braak_z + age_z + sex + pmi_z,-0.08942307042281616,-0.08942307042281616,0.08942307042281616,0.42562239988966155,117,0.05172820999466607,3.5,/Users/ashlynsloane/Buck Institute 25-26/ROSMAP Analysis March 26/hsp60_rosmap_publication_ready_repo/outputs/supplemental_figures/audits/COGNITION_LOOKUP_SELECTED_FOR_SUPPLEMENTAL_NULL.csv,cognition_composite_score,NA,0.05172820999466607,3,0,FALSE,0.3963815789473684,0.30098684210526316,0.7532894736842105
background_null_pool,YME1L1,covariate_adjusted_no_CERAD,protein_z ~ braak_z + age_z + sex + pmi_z,0.06739171620578138,0.06739171620578138,-0.06739171620578138,0.4654417926303691,117,0.10483197411124837,0.5,/Users/ashlynsloane/Buck Institute 25-26/ROSMAP Analysis March 26/hsp60_rosmap_publication_ready_repo/outputs/supplemental_figures/audits/COGNITION_LOOKUP_SELECTED_FOR_SUPPLEMENTAL_NULL.csv,cognition_composite_score,NA,0.10483197411124837,5,0,FALSE,0.6595394736842105,0.6430921052631579,0.23190789473684212
background_null_pool,YRDC,covariate_adjusted_no_CERAD,protein_z ~ braak_z + age_z + sex + pmi_z,-0.12271994437453804,-0.12271994437453804,0.12271994437453804,0.21034270832590443,98,0.02118157286068382,0,/Users/ashlynsloane/Buck Institute 25-26/ROSMAP Analysis March 26/hsp60_rosmap_publication_ready_repo/outputs/supplemental_figures/audits/COGNITION_LOOKUP_SELECTED_FOR_SUPPLEMENTAL_NULL.csv,cognition_composite_score,NA,0.02118157286068382,2,0,FALSE,0.2746710526315789,0.37335526315789475,0
