gene,group,rosmap_inverse_braak,rosmap_collapse,msbb_inverse_braak_beta,msbb_inverse_braak_rho,msbb_braak_p,msbb_braak_n,msbb_collapse,concordant_inverse_braak,concordance_class
AARS2,Hsp60/10 clients,0.03342059769244286,0.05851602284238769,0.00790218707574012,-0.00234989278559251,0.8692029201194917,186,-0.09806519727162658,TRUE,"Concordant inverse
Braak effect"
ABHD10,Hsp60/10 clients,0.1071189267457489,0.10412245833701578,0.05497561492761474,0.0948601056030538,0.2585079496214257,186,0.195915331152615,TRUE,"Concordant inverse
Braak effect"
ABHD11,Hsp60/10 clients,-0.0025771538097815907,0.11528379308674644,0.02207353014094595,0.02604059021110927,0.6401471303292666,186,-0.09385289592006872,FALSE,Not concordant
ACAA2,Hsp60/10 clients,0.2878263468204781,2.3353562605216624e-4,-0.15527916304607164,-0.30183671584002286,9.494672037662384e-4,186,-0.6639325803452336,FALSE,Not concordant
ACAD9,Hsp60/10 clients,0.06131130800737623,0.11995537057963726,0.03538761519353475,0.08952967483037601,0.4472628709680745,186,0.11512956649555102,TRUE,"Concordant inverse
Braak effect"
ACADVL,Hsp60/10 clients,-0.054495071083714035,0.04388821489181965,-0.22352589289617297,-0.407510335382137,2.6848073420389913e-6,186,-0.972360453875277,FALSE,Not concordant
ACAT1,Hsp60/10 clients,0.04794184910449133,0.00459778586067567,-9.0754344537954e-4,-0.0804344543979548,0.9818251792075682,186,-0.26742008821119556,FALSE,Not concordant
ACO2,Hsp60/10 clients,0.1299126582058916,0.1783707260781702,0.16826952298609496,0.24181379463531463,4.943129435389707e-4,186,0.5888071324387028,TRUE,"Concordant inverse
Braak effect"
ACOT13,Hsp60/10 clients,5.811270911173947e-4,0.13652043463592092,0.07915317179178075,0.1403400240750025,0.0833939578961144,186,0.20882016109862267,TRUE,"Concordant inverse
Braak effect"
ACSF3,Hsp60/10 clients,-0.028441225576821,0.09319662211268334,0.06767677542416464,0.04279037411036311,0.12122656618776242,186,0.0795367675883379,FALSE,Not concordant
AFG3L2,Hsp60/10 clients,-0.020822636030031615,0.12858114218264358,0.202217874454976,0.3606031170290489,1.2477987749253338e-5,186,0.7979069663782876,FALSE,Not concordant
AIFM1,Hsp60/10 clients,-0.0227010650424237,0.11107249639895,0.08056617873803361,0.20422982122774425,0.07596290076405876,186,0.3987742573688571,FALSE,Not concordant
AK2,Hsp60/10 clients,0.07348920670521795,-0.0220526211293345,-0.21802508745074328,-0.4319871926352333,8.859597849524658e-7,186,-1.0279733997557543,FALSE,Not concordant
AK3,Hsp60/10 clients,0.023582923148832927,-0.0643293334940378,-0.1446488623617979,-0.3103156022328612,0.00315804678998607,186,-0.7300813471922456,FALSE,Not concordant
AK4,Hsp60/10 clients,-0.2291375051343326,-0.01182518844354438,-0.07871109762723957,-0.17204115586017607,0.11734369492225162,186,-0.4063278360366359,FALSE,Not concordant
AKR7A2,Hsp60/10 clients,-0.13273390148247297,-0.11862585214220164,-0.19817059040561932,-0.40180208993504,9.328114310974406e-6,186,-0.9045428876323108,FALSE,Not concordant
ALDH18A1,Hsp60/10 clients,-0.11322304984095496,0.00903534583400907,-0.08089773491072268,-0.17347227205115812,0.07948315211038325,186,-0.4265136022672141,FALSE,Not concordant
ALDH1B1,Hsp60/10 clients,0.013636550068584061,0.10166169346803132,0.08982734841468608,0.03558231889511688,0.09581023349666462,186,0.02589352078353174,TRUE,"Concordant inverse
Braak effect"
ALDH2,Hsp60/10 clients,0.24798190786777244,0.0361968627861355,-0.07253928107639833,-0.16209585241031152,0.1127823237622696,186,-0.32105627473173526,FALSE,Not concordant
ALDH5A1,Hsp60/10 clients,-0.08339393719145387,0.09062609657304814,0.03919424413650564,-0.04327981584767897,0.4142470979595849,186,-0.04898542306538929,FALSE,Not concordant
ALDH7A1,Hsp60/10 clients,0.09865954182256333,-0.05166724368830178,-0.14446975062080855,-0.22018867491211533,0.00269259680313114,186,-0.4959882831506234,FALSE,Not concordant
ALDH9A1,Hsp60/10 clients,0.046472391275750154,-0.19268921105960535,-0.20688963000253913,-0.3884364187887283,4.092861114712359e-6,186,-0.9595723136798008,FALSE,Not concordant
ALYREF,Hsp60/10 clients,0.11214582244747456,0.00174582019050252,-0.04508062305926408,-0.0615503992192164,0.3191363042178966,186,-0.18965340832400568,FALSE,Not concordant
ARL2,Hsp60/10 clients,0.15217615906730889,-0.03473028785720124,-0.12043552905928868,-0.08563703879090485,0.01421132706296041,186,-0.23667708483706396,FALSE,Not concordant
ATAD3A,Hsp60/10 clients,-0.02786023904753541,0.08961867979454002,0.04909320487557667,0.0795605194439951,0.26283770602571493,186,0.24077358041237665,FALSE,Not concordant
BCAT2,Hsp60/10 clients,0.24837365580542892,0.03889657109743214,-0.092459466039208,-0.13109405940379784,0.01655705645165175,186,-0.4413112959474753,FALSE,Not concordant
BCKDHB,Hsp60/10 clients,0.23712768083109395,0.03730175528776751,-0.07113061419414682,-0.02619705891465664,0.1510181488196621,186,-0.05674135140796735,FALSE,Not concordant
BCKDK,Hsp60/10 clients,0.17277928441359858,0.10258704148345787,0.01642394507975201,0.0861350672253666,0.7337126218535616,186,0.15489983238021787,TRUE,"Concordant inverse
Braak effect"
BCS1L,Hsp60/10 clients,0.20739607569230087,0.05149818860129921,-0.00138082285441096,-0.02317740375168453,0.9766710958709932,186,-0.03947424405178243,FALSE,Not concordant
C1QBP,Hsp60/10 clients,0.03851738073260115,0.08065933089199484,0.07694159481580347,0.07387421777849311,0.0947624705005501,186,0.12596391330505152,TRUE,"Concordant inverse
Braak effect"
CARS2,Hsp60/10 clients,-0.009369748823252923,0.05283232976445155,-0.07933409528809783,-0.13878296965921405,0.1391553059838199,186,-0.3021430750013643,FALSE,Not concordant
CBR4,Hsp60/10 clients,0.03240308616318518,-0.04662838183233309,-0.11322688780681237,-0.17699472603589528,0.01914295914004508,186,-0.4085647354866722,FALSE,Not concordant
CCDC90B,Hsp60/10 clients,-0.09444939109344927,-0.01999245463667029,-0.01159460559428583,-0.07942599452204278,0.7986204659343783,186,-0.2453876319673478,FALSE,Not concordant
CCT3,Hsp60/10 clients,0.06758839692575638,0.00588562318702158,0.09728797490218512,0.17825792459380208,0.03023840712569877,186,0.3644329021880427,TRUE,"Concordant inverse
Braak effect"
CCT6A,Hsp60/10 clients,-0.0376652785147464,0.01376792869756141,0.10270243165323792,0.01630995418989202,0.03588950907228883,186,0.18849126818452655,FALSE,Not concordant
CHCHD1,Hsp60/10 clients,-0.13974491367354352,0.1572125451114117,0.05248587389142525,0.06941104341755044,0.17251048371758895,186,0.22276829334328943,FALSE,Not concordant
CLPP,Hsp60/10 clients,0.10917334141692842,-0.00742909094408654,0.00450870115918694,-0.057011852738882,0.9376979768656372,186,-0.19956051141194264,TRUE,"Concordant inverse
Braak effect"
CLPX,Hsp60/10 clients,0.11042258165126007,-0.06357114838896753,0.04929521552252232,0.16538455741718827,0.3047423541385325,186,0.3455434844851279,TRUE,"Concordant inverse
Braak effect"
CNP,Hsp60/10 clients,-0.04456156412258611,-0.03749307314335558,-0.00663642935624143,0.11283969534909156,0.9000470129740488,186,0.1379780745330715,FALSE,Not concordant
COX4I1,Hsp60/10 clients,0.08780849666606179,0.1844593336515992,0.18981648977226231,0.32622007350197496,1.8591380822839702e-5,186,0.721617947422555,TRUE,"Concordant inverse
Braak effect"
COX7A2L,Hsp60/10 clients,0.03520006738982342,0.23233696675307935,0.16217922099934898,0.27517597527948806,2.673590385852407e-4,186,0.612956192247976,TRUE,"Concordant inverse
Braak effect"
CPOX,Hsp60/10 clients,-0.0150709484836678,0.02038176510084296,0.04123691755380951,0.0049383049363487,0.4066657294768027,186,0.01355122948535506,FALSE,Not concordant
CPT2,Hsp60/10 clients,-0.11599302297190721,0.02028176031105094,-0.1448220836644121,-0.19440473153792215,0.00386823422381774,186,-0.5098514107874261,FALSE,Not concordant
CRYZ,Hsp60/10 clients,-0.10137426103751952,3.6878971920616506e-4,-0.00917722610666912,-0.06622156246658178,0.8713545731963569,186,-0.09340608743979874,FALSE,Not concordant
CS,Hsp60/10 clients,-0.15570003187543474,0.1593267701013359,0.18493058264919415,0.3441605460721259,3.0341660768902335e-5,186,0.7490879753024047,FALSE,Not concordant
CYC1,Hsp60/10 clients,0.19697745258640514,0.1855344265120817,0.17595230387142924,0.30501093155162107,5.0745645829402215e-5,186,0.6160322308279218,TRUE,"Concordant inverse
Braak effect"
DAP3,Hsp60/10 clients,0.1585886699092075,0.15912792114643312,0.13165010104223973,0.27793516729570145,0.00542661384510776,186,0.5145209554862162,TRUE,"Concordant inverse
Braak effect"
DARS2,Hsp60/10 clients,-0.2970407895632069,0.04672778816180865,0.00577745261472376,-0.02637451732233841,0.9040478756017344,186,-0.08823266092354422,FALSE,Not concordant
DCXR,Hsp60/10 clients,-0.00956298477613773,0.0056267604973336,-0.17069174843293752,-0.16609057473807273,2.052465912670687e-4,186,-0.4200708706668641,FALSE,Not concordant
DHX30,Hsp60/10 clients,-0.0945568548024577,0.03625159050588697,0.09756205811084769,0.16429977134442386,0.04017577366294046,186,0.4411113350157157,FALSE,Not concordant
DLAT,Hsp60/10 clients,0.09107389597685815,0.17809709433574142,0.19085046211790993,0.40081557384072297,5.553434927164773e-5,186,0.927470328719734,TRUE,"Concordant inverse
Braak effect"
DLD,Hsp60/10 clients,-0.063334986275163,0.17756785253983992,0.20104497887774953,0.3587913239312656,5.888317550870023e-6,186,0.7707711446882082,FALSE,Not concordant
DLST,Hsp60/10 clients,0.0583146510483402,0.13710649688969315,0.12563804002935777,0.2215644546103794,0.00797009202446869,186,0.49458807907434815,TRUE,"Concordant inverse
Braak effect"
DNAJA3,Hsp60/10 clients,0.017424334222314722,0.06034940808450397,0.04148749480470191,0.05538515066846575,0.3468973659481146,186,0.08445959253000998,TRUE,"Concordant inverse
Braak effect"
EARS2,Hsp60/10 clients,-0.1533050666311411,0.09450781123650762,0.04614460351834652,0.03290517754051981,0.31978011732021344,186,0.1102771035389219,FALSE,Not concordant
ECH1,Hsp60/10 clients,0.1840392946326781,0.01686804276459447,-0.03855047538681705,-0.12525987573189437,0.4121624628369389,186,-0.2704377142280416,FALSE,Not concordant
ECHDC1,Hsp60/10 clients,-0.1274954468461028,-0.02680675820876629,-0.1721197478908219,-0.3566732719686122,1.553557093014704e-4,186,-0.8246061196423751,FALSE,Not concordant
ECHS1,Hsp60/10 clients,0.21375337146374113,0.12253580391564388,0.06772700152039347,0.16643213446898714,0.13390578978388204,186,0.4381027977685189,TRUE,"Concordant inverse
Braak effect"
ECI1,Hsp60/10 clients,0.20946903892846,-0.02437973920151529,-0.14873285802929068,-0.25949952852347075,1.89159197726326e-4,186,-0.5677609169310048,FALSE,Not concordant
ECI2,Hsp60/10 clients,0.09522408226201322,0.03396742702459828,-0.10569026471690564,-0.14752041104388974,0.02975532934298076,186,-0.4241655952130129,FALSE,Not concordant
EEF1A1,Hsp60/10 clients,0.05723478704077026,-0.12186068372446236,-0.2327511662435572,-0.5332043163586293,3.675091713383093e-7,186,-1.169796932616911,FALSE,Not concordant
EEF1B2,Hsp60/10 clients,-0.0019731113736394658,0.06678429143423897,0.04025838331351963,0.05807851133989396,0.4400713503828114,186,0.18597415307773985,FALSE,Not concordant
ENO1,Hsp60/10 clients,0.03500291008680215,-0.1148463276229314,-0.21098827993282665,-0.4438673651753056,1.7792262292018285e-6,186,-1.0004470838058852,FALSE,Not concordant
ETFA,Hsp60/10 clients,0.04882807766529039,0.06423032501011766,-0.06828527042908876,-0.18383546142878943,0.17576845046269698,186,-0.3698490763478745,FALSE,Not concordant
ETFB,Hsp60/10 clients,-0.029849101088593014,0.06962556800332473,-0.07581436005307216,-0.1400051428863127,0.10682619548248262,186,-0.33711664164049837,FALSE,Not concordant
FAHD1,Hsp60/10 clients,0.03592519021863305,0.13889504515999834,0.2183443517693004,0.31598377642661074,3.527951493406329e-6,186,0.6856580525218665,TRUE,"Concordant inverse
Braak effect"
FASTKD5,Hsp60/10 clients,-0.018227795363861845,0.10981969064526444,0.11936422133245991,0.2214318378433484,0.01528198689480844,186,0.4766206174148424,FALSE,Not concordant
FDXR,Hsp60/10 clients,-0.2164949018748861,-0.0859424022542788,-0.13544337459856878,-0.2589146790400894,0.00639635906930937,186,-0.6077359043862169,FALSE,Not concordant
FECH,Hsp60/10 clients,-0.0225335473472236,0.10318604720659616,0.03377245547491685,0.23406573157733787,0.4810502104896385,186,0.5477802788055421,FALSE,Not concordant
FH,Hsp60/10 clients,0.0781795654162558,0.08326024154280058,0.0904270635214523,0.10630712697598883,0.04101160583642928,186,0.3157606461231026,TRUE,"Concordant inverse
Braak effect"
FLAD1,Hsp60/10 clients,0.019536238655463146,0.05688094144819319,-0.0303393840836441,0.03766793222410804,0.5104076023677642,186,-0.02711845421367176,FALSE,Not concordant
FOXRED1,Hsp60/10 clients,-0.0377793304239907,0.22785921724039612,0.07540199932513011,0.20438819808621292,0.12254031840825665,186,0.42162036037672135,FALSE,Not concordant
GADD45GIP1,Hsp60/10 clients,0.07743413871647614,0.08692268132261516,0.01340688455671808,0.07442662862821219,0.7783533955223167,186,0.08975454368397716,TRUE,"Concordant inverse
Braak effect"
GAPDH,Hsp60/10 clients,0.08141144879126334,-0.07909990081897796,-0.23422387105012776,-0.4826277160918632,1.284823198033098e-7,186,-1.0732712522223316,FALSE,Not concordant
GCAT,Hsp60/10 clients,0.031998099560224355,0.05770510801896065,0.00472069996541204,-0.05911463946216495,0.9231791802387092,186,-0.10737797773765442,TRUE,"Concordant inverse
Braak effect"
GFM1,Hsp60/10 clients,-0.012214244326217743,0.11011251124414968,0.05080882145740022,0.03747902488689842,0.2919285333097603,186,0.10058044451346757,FALSE,Not concordant
GFM2,Hsp60/10 clients,0.10812569110150543,0.13714325494804988,0.02067910629235988,0.05132936738322265,0.6918182344040273,186,0.11349427166579548,TRUE,"Concordant inverse
Braak effect"
GLDC,Hsp60/10 clients,-0.014620533603624815,0.05794371510249214,-0.06664221531801542,-0.1108714335477609,0.126924086351654,186,-0.35748732016484763,FALSE,Not concordant
GLRX5,Hsp60/10 clients,-0.04961742177091953,0.13874003496503445,0.04560587383165849,0.15427623354278563,0.17725038703593732,186,0.4421793551431179,FALSE,Not concordant
GLS,Hsp60/10 clients,0.044124668382624195,0.14242319224265196,0.20267336229075272,0.32075130149750225,1.7514993225011238e-5,186,0.7531340982618939,TRUE,"Concordant inverse
Braak effect"
GLUD1,Hsp60/10 clients,-0.009996582043467593,-0.03759140323811299,-0.16507902266963712,-0.34668694318793947,7.302308651862212e-4,186,-0.6857484251094088,FALSE,Not concordant
GNG12,Hsp60/10 clients,-0.23789317236943247,-0.3189240770082609,-0.216480570634466,-0.41127894135172305,2.0887206950511267e-6,186,-0.944593202736185,FALSE,Not concordant
GOT2,Hsp60/10 clients,0.0962350567507299,0.06382475893483781,0.10201718994636712,0.15083010575490088,0.03352683291634073,186,0.40024509065026587,TRUE,"Concordant inverse
Braak effect"
GPT2,Hsp60/10 clients,0.04752123505445939,0.01397723158387908,-0.20129245468131343,-0.3797485894320067,2.7902100083731997e-5,186,-0.8184966474996394,FALSE,Not concordant
GRPEL1,Hsp60/10 clients,0.0021973572519873976,0.0668204082407202,0.06349235553490097,0.00607938157929172,0.18806232967142256,186,0.01558559231849824,TRUE,"Concordant inverse
Braak effect"
GRSF1,Hsp60/10 clients,0.18026708048179235,0.05868365987329362,0.01984160625882259,-0.10468710344779718,0.6605020506246715,186,-0.08159656361160386,TRUE,"Concordant inverse
Braak effect"
GSR,Hsp60/10 clients,0.12025186051997924,-0.01744086016151981,-0.16510824917014455,-0.2561287728549777,7.805270706794933e-4,186,-0.6233840783156603,FALSE,Not concordant
GSTK1,Hsp60/10 clients,0.2324610880898167,0.09523523063465009,-0.04107776298979347,-0.03787592111053078,0.3781268696401091,186,-0.1559350688827276,FALSE,Not concordant
GUF1,Hsp60/10 clients,-0.1844407094442468,0.1158483875190465,0.05149208144281102,0.17478985302432226,0.2656177481159006,186,0.3624399173049401,FALSE,Not concordant
HADH,Hsp60/10 clients,0.2345411706504405,0.01886763774815771,-0.09708696235670132,-0.3136176643241871,0.02997960394564165,186,-0.7513600042122929,FALSE,Not concordant
HADHA,Hsp60/10 clients,0.10401524885004079,-0.05908365157086338,-0.18471887585676075,-0.34846438949713915,5.2643037065608426e-5,186,-0.8321686360483979,FALSE,Not concordant
HADHB,Hsp60/10 clients,0.12375719321479489,-0.05290892352220345,-0.17411884249283982,-0.33679315992095027,1.081498884123514e-4,186,-0.8115988759466063,FALSE,Not concordant
HAGH,Hsp60/10 clients,0.07566622762835667,0.04989552233445373,0.1620751977800021,0.23664937334079075,0.00114791598698451,186,0.6042992550266449,TRUE,"Concordant inverse
Braak effect"
HARS,Hsp60/10 clients,0.07845548982248934,0.04263643898640434,0.04939698099679937,0.1510552680356154,0.2522091015344547,186,0.3970073119030852,TRUE,"Concordant inverse
Braak effect"
HARS2,Hsp60/10 clients,0.03831869114356293,-0.0074031981965499,-0.07007777163383785,0.00456526064923271,0.12791269149467355,186,-0.03183020075625115,FALSE,Not concordant
HIBCH,Hsp60/10 clients,-0.14300479363769772,0.00680152534748818,-0.1358016010649077,-0.2755184890878631,0.00541347442094325,186,-0.7634906941128294,FALSE,Not concordant
HINT2,Hsp60/10 clients,-0.2253493112710647,0.0967927608087842,0.0383262749686073,0.04334087680516087,0.42308359981874866,186,0.05389494715184108,FALSE,Not concordant
HSD17B10,Hsp60/10 clients,-0.10298795945985448,-1.9465352535650565e-4,-0.19530089970269196,-0.4080541595347102,5.3773784919403e-5,186,-0.9172767519480568,FALSE,Not concordant
HSD17B8,Hsp60/10 clients,-0.006371750605507267,-0.04544567910691965,-0.11586354703088028,-0.2601091840208291,0.01095812470801332,186,-0.5120915773809886,FALSE,Not concordant
HSP90AA1,Hsp60/10 clients,0.008839997569561714,-0.01202536606378713,0.00467502870317866,-0.00212950089218128,0.9334248502874424,186,-0.03758633286899349,TRUE,"Concordant inverse
Braak effect"
HSP90AB1,Hsp60/10 clients,0.03834628184488338,-0.02154454402251352,-0.0045993378319367,0.01892317235462524,0.9319702969021656,186,-0.02457335839735574,FALSE,Not concordant
HSPA5,Hsp60/10 clients,0.07126531610364427,-0.00205875876777258,-0.0522446207005408,-0.1898862206842615,0.2983172048094543,186,-0.4366702319686688,FALSE,Not concordant
HSPA9,Hsp60/10 clients,0.040501259828736584,0.07084024129412318,0.08615574557870853,0.01123426209920904,0.07300661879645837,186,0.04632430086555271,TRUE,"Concordant inverse
Braak effect"
IARS2,Hsp60/10 clients,0.1334321338606414,0.08451296579695207,0.08942094972471124,0.07325025111922494,0.077120600443946,186,0.15765389851062647,TRUE,"Concordant inverse
Braak effect"
IBA57,Hsp60/10 clients,0.008330839835827612,0.07434274059604716,-0.02897032938445399,0.01608479190917752,0.5121915830700474,186,0.09596829284326616,FALSE,Not concordant
IDH2,Hsp60/10 clients,0.2964213892634288,0.14100757022336208,0.15490552466415608,0.3192944252150825,0.00113218741707415,186,0.7120270667953816,TRUE,"Concordant inverse
Braak effect"
IDH3A,Hsp60/10 clients,0.07803606964606608,0.18165532262175185,0.10592555952291571,0.2587210013155765,0.01956135724395414,186,0.5771645063464934,TRUE,"Concordant inverse
Braak effect"
IDH3G,Hsp60/10 clients,0.07573489501554163,0.17025574137831478,0.08741483275648605,0.22641593849780853,0.05082829279669965,186,0.49693591947700927,TRUE,"Concordant inverse
Braak effect"
IGHG2,Hsp60/10 clients,-0.07141675895039885,-0.25604108421384036,-0.00695203543649892,-0.15865831131957267,0.8806820591789489,186,-0.3750638819040922,FALSE,Not concordant
IMMT,Hsp60/10 clients,0.040732579610327044,0.14145047683019843,0.18460856103502313,0.2892552963663694,1.6782889980255196e-4,186,0.6545173507150399,TRUE,"Concordant inverse
Braak effect"
KIAA0391,Hsp60/10 clients,-9.543061548499309e-4,0.1256137607078792,0.03335478717126362,-0.05634590667134503,0.44724093599490566,186,-0.07741793456578747,FALSE,Not concordant
KPNB1,Hsp60/10 clients,0.16671412477013764,-0.05119198710763432,-0.19685991968291855,-0.4280382660255835,1.510446532017783e-5,186,-1.0549664161301535,FALSE,Not concordant
LAP3,Hsp60/10 clients,0.03791239461679806,-0.1406285508862888,-0.14219965799472112,-0.1972507446030551,0.00231567577336937,186,-0.46560438448135744,FALSE,Not concordant
LETM1,Hsp60/10 clients,-0.037108100001219405,0.11617590949145964,0.11429364969520037,0.25119714646085356,0.01708476128520566,186,0.5091785767500444,FALSE,Not concordant
LONP1,Hsp60/10 clients,0.12702095620511222,0.06156131639106396,-0.01839857853633243,0.04610865551852015,0.7014110295441358,186,0.03162341247659904,FALSE,Not concordant
LRPPRC,Hsp60/10 clients,0.17519665261074674,0.21251296730943664,0.13235906438132508,0.25155683366352044,0.00579545926145959,186,0.5520206847247257,TRUE,"Concordant inverse
Braak effect"
LYRM7,Hsp60/10 clients,-0.05620238297464559,0.122091337830024,0.08950038180311351,0.12573023591999713,0.02675592870041193,186,0.3220718946474343,FALSE,Not concordant
MARS2,Hsp60/10 clients,-0.13200271074048978,0.0969017912214162,0.1186302221402775,0.16680899506594574,0.00348535569994659,186,0.4503336678969746,FALSE,Not concordant
MCCC2,Hsp60/10 clients,0.053398904636851166,0.0166644170928727,-0.1527228837880834,-0.2686147845825657,6.138953184634691e-4,186,-0.5370000674447046,FALSE,Not concordant
MDH2,Hsp60/10 clients,0.22363869824446372,0.16959840398227857,0.16878806892887233,0.3334061849356261,1.927801634180049e-4,186,0.7701602270083673,TRUE,"Concordant inverse
Braak effect"
ME2,Hsp60/10 clients,0.02005066230569072,0.04574717192485296,-0.04286754383421599,-0.07100912316414705,0.4131117023924388,186,-0.1617316597390826,FALSE,Not concordant
METTL17,Hsp60/10 clients,-0.05367536612780983,0.1040558476027565,0.05095434423548271,0.1122090501475988,0.225565390076821,186,0.301357310504341,FALSE,Not concordant
MIPEP,Hsp60/10 clients,-0.1751612263323771,0.04569743484710105,-0.0957828807408703,-0.196303345684625,0.04367641798100256,186,-0.3796342864153298,FALSE,Not concordant
MMAB,Hsp60/10 clients,0.11301300324731617,0.01983427937343712,0.01773218573167302,0.1135037332617072,0.6944624088165999,186,0.1443955544022086,TRUE,"Concordant inverse
Braak effect"
MOGS,Hsp60/10 clients,-0.24705317404000665,0.01468441711389943,0.01966284310366749,-0.06318091759947528,0.6670329001535787,186,-0.17432454897932514,FALSE,Not concordant
MRPL10,Hsp60/10 clients,0.2506734544851047,0.15241908274391358,0.00204391240826372,0.05157265713568958,0.9633367353025286,186,0.00224168108795787,TRUE,"Concordant inverse
Braak effect"
MRPL13,Hsp60/10 clients,-0.17211460469926756,0.11288064954802872,-0.01205369571037257,0.00983272230950729,0.7637954674405025,186,-0.02748107046944173,FALSE,Not concordant
MRPL14,Hsp60/10 clients,-0.0806474626744751,0.162787874871331,0.06522803181698772,0.10210632391672622,0.09606969083853809,186,0.24358910997982228,FALSE,Not concordant
MRPL15,Hsp60/10 clients,0.04959217351428043,0.14270871348914677,0.02434691672247408,0.03673007408028449,0.614050333876756,186,0.14319802360479245,TRUE,"Concordant inverse
Braak effect"
MRPL16,Hsp60/10 clients,1.0223704794836384e-4,0.12311564603289751,0.02828226326053291,0.09368181993914526,0.5193326528946394,186,0.15607575477876195,TRUE,"Concordant inverse
Braak effect"
MRPL19,Hsp60/10 clients,-0.0139410041224693,0.13394329002992608,0.05676657288514881,0.06722811418757249,0.21863722235121044,186,0.1803403756008458,FALSE,Not concordant
MRPL22,Hsp60/10 clients,0.061218447686089736,0.10453248077418131,0.01479360327713309,-0.03378865326908605,0.7061983064194863,186,-0.1563571132300757,TRUE,"Concordant inverse
Braak effect"
MRPL23,Hsp60/10 clients,-0.07666864420102777,0.11446218141306104,-0.02089492294620593,-0.03584755242917889,0.686472915058016,186,-0.15152399194336258,FALSE,Not concordant
MRPL3,Hsp60/10 clients,8.211997845143288e-4,0.15436081178503075,0.0859244400778277,0.10126768982881074,0.05347194365698778,186,0.2533731288153058,TRUE,"Concordant inverse
Braak effect"
MRPL37,Hsp60/10 clients,0.004811998033511022,0.11956505740746094,0.03112771127836292,0.08534604516540517,0.5119294290713542,186,0.21654696186925787,TRUE,"Concordant inverse
Braak effect"
MRPL38,Hsp60/10 clients,0.07512739503112627,0.12979229040715334,0.08404655185958256,0.05081702778685106,0.0858778558530806,186,0.1470456777722584,TRUE,"Concordant inverse
Braak effect"
MRPL39,Hsp60/10 clients,0.08374342376803229,0.12396691742437546,0.09545297349708344,0.13043288372356412,0.04181300783794108,186,0.30258504658365015,TRUE,"Concordant inverse
Braak effect"
MRPL4,Hsp60/10 clients,-0.09108490214957875,0.13255989853062922,0.0068733937744075,0.03171448886962275,0.8726266775702335,186,0.07455507329249282,FALSE,Not concordant
MRPL44,Hsp60/10 clients,0.05133096452304551,0.1140255359100337,0.13772719968286812,0.1855737905621023,0.00431672656860048,186,0.39617685609094655,TRUE,"Concordant inverse
Braak effect"
MRPL45,Hsp60/10 clients,0.033898162828100174,0.1167319121848845,0.04385286794510447,-0.03527319779786476,0.2273063638263346,186,-0.10308277196426806,TRUE,"Concordant inverse
Braak effect"
MRPL47,Hsp60/10 clients,0.06156475817797237,0.12306013090109606,0.08281837928388551,0.11814054972048904,0.10551099755331264,186,0.20060906523498065,TRUE,"Concordant inverse
Braak effect"
MRPL48,Hsp60/10 clients,0.046388395580108537,0.1369396557386784,0.03442447896759491,0.01960342958407203,0.3679856561377489,186,0.09076689430435032,TRUE,"Concordant inverse
Braak effect"
MRPL49,Hsp60/10 clients,-0.036326573807198566,0.1184197079524643,0.03805824521558666,0.04639201652433458,0.378350476460375,186,0.10468882432212924,FALSE,Not concordant
MRPL53,Hsp60/10 clients,-0.009900728927261532,0.10907116693298632,0.1042156223221645,0.1627818341045223,0.02870737421944557,186,0.40321878470810835,FALSE,Not concordant
MRPL9,Hsp60/10 clients,-0.05727682081214872,0.14782903143520906,0.06718923116953371,0.08148775591451758,0.16047380112073725,186,0.1401291383118747,FALSE,Not concordant
MRPS12,Hsp60/10 clients,0.06858095627453374,0.15022993850153324,0.1721728006365409,0.2646992506840388,2.7125791068967857e-4,186,0.5734926530246451,TRUE,"Concordant inverse
Braak effect"
MRPS15,Hsp60/10 clients,0.15241598960921196,0.14715844536939485,0.05723289749252602,0.06505186349981913,0.20174316344466023,186,0.13030242195996822,TRUE,"Concordant inverse
Braak effect"
MRPS16,Hsp60/10 clients,0.1974384958914042,0.19421162434927697,0.0768716718591241,0.17045547912056797,0.02804919349084432,186,0.2884969371648502,TRUE,"Concordant inverse
Braak effect"
MRPS2,Hsp60/10 clients,0.2049363371152771,0.0764927609791699,0.09424849807863778,0.24251981195619912,0.05640011825460219,186,0.4778903135202718,TRUE,"Concordant inverse
Braak effect"
MRPS22,Hsp60/10 clients,0.12568785662386486,0.1711014173656209,0.1573294450214685,0.29443498290026376,0.00212298539175348,186,0.6455372395608425,TRUE,"Concordant inverse
Braak effect"
MRPS23,Hsp60/10 clients,0.03895114988514621,0.17139706502552218,0.0995021099235029,0.16228475974752116,0.02569782193038697,186,0.3904392306380832,TRUE,"Concordant inverse
Braak effect"
MRPS25,Hsp60/10 clients,0.13642795138811942,0.13372552997401674,0.10965644277122112,0.17642704994680572,0.03594593364987109,186,0.4128192477850669,TRUE,"Concordant inverse
Braak effect"
MRPS26,Hsp60/10 clients,0.0012932035276321504,0.08908224086011932,0.04829598485064672,-0.00948066772652571,0.29302264951535084,186,0.09541416942619944,TRUE,"Concordant inverse
Braak effect"
MRPS27,Hsp60/10 clients,-0.031002272122508518,0.1575527836190342,0.11964461624005476,0.2961198836957799,0.01903982054424608,186,0.6118071604948332,FALSE,Not concordant
MRPS30,Hsp60/10 clients,0.019530355371430254,0.11704173349493052,0.03656593412088861,0.11505220098034978,0.31909279518991274,186,0.2542891636456904,TRUE,"Concordant inverse
Braak effect"
MRPS31,Hsp60/10 clients,0.026629650224443597,0.1440247665319908,0.14474230081681108,0.28700081132684235,0.00388767266912785,186,0.6298663129608506,TRUE,"Concordant inverse
Braak effect"
MRPS33,Hsp60/10 clients,0.23309988952387975,0.11275411202474622,0.05098290884039411,0.13369487456154255,0.17657118047083714,186,0.17676589974555018,TRUE,"Concordant inverse
Braak effect"
MRPS34,Hsp60/10 clients,0.010055176098137017,0.1402282074054229,0.11513515189871704,0.22184972377111511,0.01778684152532116,186,0.5144961789178396,TRUE,"Concordant inverse
Braak effect"
MRPS35,Hsp60/10 clients,0.10058173834144007,0.15826280218157204,0.13405025776166565,0.1526027816767973,0.00759445244483645,186,0.41411007192472143,TRUE,"Concordant inverse
Braak effect"
MRPS36,Hsp60/10 clients,-0.03218717022141861,0.15040081570756922,0.13385318068922444,0.17406093784438206,0.0037468104556497,186,0.4186961839180585,FALSE,Not concordant
MRPS5,Hsp60/10 clients,0.04176602293745915,0.09394033662405106,0.09638265401161164,0.10839369438244068,0.06094299330804615,186,0.2464059398432204,TRUE,"Concordant inverse
Braak effect"
MRPS6,Hsp60/10 clients,0.01711234694051535,0.06902872667018721,0.08898209420361092,0.14478316280927142,0.02465338251265852,186,0.29111913869696354,TRUE,"Concordant inverse
Braak effect"
MRPS9,Hsp60/10 clients,0.12482632063465679,0.17052612552796492,0.12129042002395904,0.2994896852868123,0.01483476824438137,186,0.613509139942837,TRUE,"Concordant inverse
Braak effect"
MT-ATP6,Hsp60/10 clients,-0.08556404469790281,0.1512597974374697,-0.03635032366380469,-0.09241766730377778,0.4843372645517404,186,-0.30534199921785804,FALSE,Not concordant
MT-CO2,Hsp60/10 clients,-0.10427630601682117,0.2051270238777358,0.15999161285641755,0.30284899202577753,8.946823022817237e-4,186,0.5950193479065453,FALSE,Not concordant
MTHFD1L,Hsp60/10 clients,-0.11453205873831111,0.06321988795213143,-0.07648384904640743,-0.11881603656263257,0.07697173249436567,186,-0.20828282526316463,FALSE,Not concordant
MTO1,Hsp60/10 clients,-0.08803749144038837,0.0811070557030744,0.07316220132827916,0.11065104165434968,0.05033847516629429,186,0.1320060721301538,FALSE,Not concordant
MTPAP,Hsp60/10 clients,0.03449601475737181,0.08375099779656715,-0.00680778854992959,0.12366656637260104,0.8898294803600536,186,0.25242146969864865,FALSE,Not concordant
NADK2,Hsp60/10 clients,-0.14612340670956445,-0.07112968578079147,-0.1860120171716282,-0.34454217705638773,4.904540077063172e-5,186,-0.7386438194822869,FALSE,Not concordant
NARS2,Hsp60/10 clients,-0.028569636204200246,-0.01786144477503982,-0.08490067191742925,-0.1775519072729176,0.0418076030509282,186,-0.4258389935007558,FALSE,Not concordant
NDUFA10,Hsp60/10 clients,0.11971555812985224,0.20650065711687032,0.2626268284885397,0.4753814977781908,3.996819958034304e-8,186,1.0494931882319003,TRUE,"Concordant inverse
Braak effect"
NDUFA13,Hsp60/10 clients,0.06721119696985925,0.21504097517672724,0.22059013446847195,0.3834160631907633,4.491513822410766e-7,186,0.8102386621543226,TRUE,"Concordant inverse
Braak effect"
NDUFA2,Hsp60/10 clients,-0.10033933365800743,0.2517310188572606,0.23157957389827255,0.37232109640080985,4.0149732265363337e-7,186,0.8435483163466382,FALSE,Not concordant
NDUFA4,Hsp60/10 clients,-0.1090863122075088,0.22794611371873383,0.1175525094653872,0.10639490210236908,0.01289749611821535,186,0.27695152889624836,FALSE,Not concordant
NDUFA6,Hsp60/10 clients,-0.07814249542910254,0.2388156316127979,0.18931913380092685,0.34264070067730296,5.5451407780646066e-6,186,0.7569733277205192,FALSE,Not concordant
NDUFA8,Hsp60/10 clients,-0.04710339294710935,0.2156163302429066,0.2623356789925675,0.48916410077480854,4.3459757735628405e-9,186,1.0398303800568254,FALSE,Not concordant
NDUFA9,Hsp60/10 clients,0.01406537827193727,0.22344765560443736,0.22710903051675457,0.3663686071237852,5.059842895509573e-7,186,0.766107060376112,TRUE,"Concordant inverse
Braak effect"
NDUFAF3,Hsp60/10 clients,0.032338393990039495,0.15264693402315574,0.17437543119864188,0.24251122525905325,3.482375039444968e-4,186,0.5707149794094745,TRUE,"Concordant inverse
Braak effect"
NDUFAF7,Hsp60/10 clients,0.0362292767544314,0.16097136971229203,0.09585120230460371,0.2551766035492443,0.04915079807392707,186,0.5133146073723467,TRUE,"Concordant inverse
Braak effect"
NDUFB1,Hsp60/10 clients,-0.03187291366384161,0.2012443881976464,0.12012569528949574,0.2301082182705422,0.00147058767637068,186,0.5658215829948998,FALSE,Not concordant
NDUFB10,Hsp60/10 clients,-0.030696338777274713,0.1989885622361397,0.19725693806106465,0.40038910121581034,1.437514343650523e-5,186,0.8747164282983038,FALSE,Not concordant
NDUFS1,Hsp60/10 clients,0.044203768863079605,0.23142766981525367,0.23737892007919303,0.44009398881841616,1.9004932525853356e-7,186,0.9465176510406632,TRUE,"Concordant inverse
Braak effect"
NDUFS2,Hsp60/10 clients,0.09395731701550482,0.20424510345527053,0.24549821990117504,0.4478162917849552,2.212940888320165e-7,186,0.9705072128543116,TRUE,"Concordant inverse
Braak effect"
NDUFS3,Hsp60/10 clients,-0.04018323329962248,0.20968856546369635,0.233493558468616,0.3949604004646852,5.794568077879401e-8,186,0.8838513209497006,FALSE,Not concordant
NDUFS4,Hsp60/10 clients,-0.01995830567635575,0.22105258499756655,0.22898538713159636,0.3762652526231563,8.07350993985637e-7,186,0.8148741933417258,FALSE,Not concordant
NDUFV1,Hsp60/10 clients,-0.07700176168847536,0.23180307375845569,0.23895625963517017,0.4250920748270818,3.583209479202749e-7,186,0.941361239672214,FALSE,Not concordant
NDUFV2,Hsp60/10 clients,-0.11782148824087274,0.22300500665382128,0.20297844993601097,0.38915674727152266,7.584914390551485e-6,186,0.8479798147548812,FALSE,Not concordant
NFS1,Hsp60/10 clients,0.17667580298146598,0.16734551592420896,0.23270695173450143,0.3426960371700209,2.7402656502930565e-7,186,0.8312717519262274,TRUE,"Concordant inverse
Braak effect"
NFU1,Hsp60/10 clients,-0.08912071255138614,0.13518271837294363,0.17966849759615067,0.26363545431540886,4.000968113008369e-5,186,0.669241807076433,FALSE,Not concordant
NIPSNAP1,Hsp60/10 clients,0.22839025589965076,0.11475669713530404,0.20028959695018525,0.35455712816088003,3.920206086196775e-5,186,0.8166369375301921,TRUE,"Concordant inverse
Braak effect"
NIPSNAP3A,Hsp60/10 clients,-0.05739308461509248,-0.00996751702378659,-0.06042912631830251,0.02174437940578117,0.2114238224696669,186,-0.01273507142501193,FALSE,Not concordant
NSUN2,Hsp60/10 clients,0.16689981235115728,-0.00186018372042329,-0.14737335929976556,-0.22975139330025732,9.52743435196046e-4,186,-0.5655209524964736,FALSE,Not concordant
NSUN4,Hsp60/10 clients,-0.005172253087452213,0.09289147544953792,0.02268319732694539,0.06026525687971453,0.5407820961386465,186,0.0993726632361423,FALSE,Not concordant
NT5DC2,Hsp60/10 clients,-0.032082507151814085,-0.04228182689101842,-0.07073640627303206,-0.16864082379040274,0.14315403240601496,186,-0.3161724294918995,FALSE,Not concordant
NUDT19,Hsp60/10 clients,-0.03667486801761418,0.06582565332604663,0.02300657944057935,0.09449660209054436,0.5993557056127068,186,0.09751830742539536,FALSE,Not concordant
OAT,Hsp60/10 clients,-0.029998929497769958,0.094226809878424,0.09656590582864404,0.13378169561046213,0.04323136659810428,186,0.26991673837918845,FALSE,Not concordant
OGDH,Hsp60/10 clients,0.06988923619582775,0.13274921635395795,0.11930494229370212,0.19558301720183072,0.01207268754215081,186,0.42452097974009145,TRUE,"Concordant inverse
Braak effect"
P4HB,Hsp60/10 clients,0.20279490642390396,0.03692178530234025,-0.03482386884481125,-0.174729746144301,0.47754949436946614,186,-0.4942100989946385,FALSE,Not concordant
PC,Hsp60/10 clients,0.06546997014931599,0.01247000155780342,-0.08889976609353006,-0.2490638292588297,0.072079154738512,186,-0.6138184635184138,FALSE,Not concordant
PCCB,Hsp60/10 clients,-0.019919697848134976,0.08371431676811832,-0.04382667642536738,0.0441699701184698,0.3690257664166616,186,-0.03959627780327086,FALSE,Not concordant
PCK2,Hsp60/10 clients,-0.32754645126042153,0.02656081426321084,-0.12863164529194632,-0.3019025471848081,0.00702929616896573,186,-0.6190385725781272,FALSE,Not concordant
PCMT1,Hsp60/10 clients,-0.0018629594027872907,0.00223681506848057,0.13743924178394004,0.2303429213258633,0.00555274939489661,186,0.5996278190276555,FALSE,Not concordant
PDHA1,Hsp60/10 clients,0.17762179370668496,0.21321875026674925,0.24745947069300728,0.4729581410281279,9.14121732449603e-8,186,1.0451235455931829,TRUE,"Concordant inverse
Braak effect"
PDHB,Hsp60/10 clients,0.2059453834067679,0.21256162180684995,0.2466471403209238,0.4749435762237503,5.8688854328626466e-8,186,1.0704603965349095,TRUE,"Concordant inverse
Braak effect"
PDHX,Hsp60/10 clients,0.025538228465346747,0.20942690224818408,0.21487278287141728,0.40365395428617074,4.874907945662971e-7,186,0.9329466809882672,TRUE,"Concordant inverse
Braak effect"
PDIA6,Hsp60/10 clients,0.027562701275568223,-0.001726838847479,-0.1210454553337679,-0.2924066142189119,0.01327726680713368,186,-0.6427219443000741,FALSE,Not concordant
PDK1,Hsp60/10 clients,0.08288003300935913,0.07858026748339274,0.09003827066960075,0.14130173415534242,0.06426313674475598,186,0.3655633148097381,TRUE,"Concordant inverse
Braak effect"
PDK2,Hsp60/10 clients,0.19939456918666199,0.12119049916310087,0.1713646082938051,0.29692894138241516,4.423040558737611e-4,186,0.706085594110959,TRUE,"Concordant inverse
Braak effect"
PDK3,Hsp60/10 clients,0.06089146175640054,0.233063025390365,0.21732641539655073,0.3901804723868051,3.125806896891243e-7,186,0.8998998596982968,TRUE,"Concordant inverse
Braak effect"
PGAM5,Hsp60/10 clients,0.012173413644217656,0.09454909775719242,0.1551644154845304,0.3605515968461735,0.00142312878861163,186,0.736659737666461,TRUE,"Concordant inverse
Braak effect"
PHB,Hsp60/10 clients,-0.16335761954702083,0.108621124677845,0.13699471207181196,0.26704532715978874,0.00174870867943155,186,0.587474414874435,FALSE,Not concordant
PHB2,Hsp60/10 clients,-0.10824003126451763,0.0955453432636742,0.02183565076096824,0.0916505890254114,0.6414089627635602,186,0.17672479314748674,FALSE,Not concordant
PIN4,Hsp60/10 clients,-0.05361639597752954,-0.02971111555831359,0.04258888695029086,-0.08792873285139743,0.3780825514438394,186,-0.078956389578582,FALSE,Not concordant
PITRM1,Hsp60/10 clients,-0.0805490088748377,0.12214609766558757,0.04094938060257826,0.04190880653671818,0.4061249577322099,186,0.15435781693608594,FALSE,Not concordant
PMPCA,Hsp60/10 clients,-0.05759869526655224,0.08202878286547598,0.13973778810993973,0.29841921037595776,0.00387983817051563,186,0.7513162002625708,FALSE,Not concordant
PMPCB,Hsp60/10 clients,-0.013457850355552374,0.1130438899446931,0.17507976799657787,0.29480325680007646,3.143360205776771e-4,186,0.6959149671334905,FALSE,Not concordant
PNPT1,Hsp60/10 clients,0.05903408616344738,0.06045299915190922,-0.04991937148061903,-0.1601800648693169,0.27919062480174683,186,-0.35809973920346355,FALSE,Not concordant
POLDIP2,Hsp60/10 clients,0.021183894603872544,0.07954736662237831,0.10687397415574756,0.22478923642739224,0.0112003503611978,186,0.5643898462095351,TRUE,"Concordant inverse
Braak effect"
POLG,Hsp60/10 clients,-0.026212646355890334,0.08950086413503894,0.0455341555468505,0.11561606075959673,0.32963184222070385,186,0.2980662869343941,FALSE,Not concordant
POLRMT,Hsp60/10 clients,0.06800452078666483,0.1113756230638816,0.08725012172942552,0.1874790832510297,0.01488857166148712,186,0.4835561989505005,TRUE,"Concordant inverse
Braak effect"
PPA2,Hsp60/10 clients,0.048724251170800426,0.05425393136474315,-0.03195120681924503,-0.07022391741402824,0.481668822599347,186,-0.21835532709910271,FALSE,Not concordant
PPIA,Hsp60/10 clients,0.0592107628712161,-0.07334871973762355,-0.16085356348874805,-0.34974762368171974,5.725663577128349e-4,186,-0.7126142631415446,FALSE,Not concordant
PPIF,Hsp60/10 clients,0.12646224006441076,0.02938239839124638,-0.02716644663324626,-0.09588860110563956,0.554158787012494,186,-0.2338908954641767,FALSE,Not concordant
PPOX,Hsp60/10 clients,-0.22636574222602074,0.05676963660519179,-0.03651619737424155,0.01894607021368095,0.4381721514278395,186,-0.0552500325154744,FALSE,Not concordant
PRDX3,Hsp60/10 clients,0.08559953137758125,0.1205873168557914,0.12984533948320348,0.23127123869508023,0.00444314587163112,186,0.46224063760661344,TRUE,"Concordant inverse
Braak effect"
PRDX4,Hsp60/10 clients,0.08535886915446846,-0.02914711391411826,-0.22984450332584153,-0.45753166256680206,8.845522230587044e-8,186,-1.023556164570913,FALSE,Not concordant
PTCD3,Hsp60/10 clients,0.1357007833927873,0.11597426707887232,0.1291856966515428,0.2209490746482571,0.01198293475973386,186,0.491544094435131,TRUE,"Concordant inverse
Braak effect"
PTPMT1,Hsp60/10 clients,0.03172404107536907,0.08668239452752462,0.01415666941937219,0.01974177081586697,0.7363010823992443,186,-0.04077856425410836,TRUE,"Concordant inverse
Braak effect"
PYCR2,Hsp60/10 clients,0.20536185790300124,0.09923825264635204,0.00202922862759044,-0.05343597041634821,0.966705667517348,186,-0.11951743035673826,TRUE,"Concordant inverse
Braak effect"
QRSL1,Hsp60/10 clients,0.06534508597736485,0.0307964606489614,0.02883584155108417,0.03932611885072591,0.5410484458738516,186,0.22023897248964824,TRUE,"Concordant inverse
Braak effect"
RPL11,Hsp60/10 clients,0.21447735100865362,0.01630510523351739,-0.13044436744841512,-0.1817622511067868,0.00369000890655801,186,-0.5260482910369507,FALSE,Not concordant
RPL23,Hsp60/10 clients,0.1336437045034922,0.03056623779886146,-0.00783614160126946,0.07255759088278962,0.8573131917983907,186,0.0125445931068491,FALSE,Not concordant
RPL23A,Hsp60/10 clients,0.06323210686347489,0.04073634840392901,0.1118307722739082,0.1472675805168163,0.02398700888799847,186,0.2976891146645848,TRUE,"Concordant inverse
Braak effect"
RPL31,Hsp60/10 clients,0.03777302672734114,0.02680581404338463,0.0530209912140105,0.08962794480882344,0.2739822449070253,186,0.1775596463179138,TRUE,"Concordant inverse
Braak effect"
RPL9,Hsp60/10 clients,0.2793186662579909,0.03795339322372512,-0.00151155462783306,-0.07291632400799579,0.973778041005298,186,-0.16592695655352158,FALSE,Not concordant
RPS10,Hsp60/10 clients,0.08402731691677255,0.06320662561765829,0.03321884229606497,0.01686045688468978,0.4812950584941964,186,-0.04810006053119813,TRUE,"Concordant inverse
Braak effect"
RPS11,Hsp60/10 clients,-0.022752268155056623,0.00925661477896924,0.0014648247965903,-0.02727135013535383,0.9782210091091716,186,-0.20496826121275075,FALSE,Not concordant
RPS15A,Hsp60/10 clients,-0.06151003101446382,0.02536708322950916,-0.01224655748301851,-0.05704333729508362,0.8070530596460302,186,-0.15992623853087887,FALSE,Not concordant
RPS16,Hsp60/10 clients,0.1499801993984608,0.03061541436138924,-0.05811918687559903,-7.613538136024474e-4,0.25143714194079586,186,-0.16216176595371665,FALSE,Not concordant
RPS18,Hsp60/10 clients,0.038573161305885686,0.06788644058089519,-0.04089088780137789,-0.1845519736017411,0.39843439971235617,186,-0.39108919841445405,FALSE,Not concordant
RPS3,Hsp60/10 clients,0.30209574977924314,0.02923417018853144,0.02310555931551136,-0.01103008952262894,0.6391952136090371,186,-0.09351142514116964,TRUE,"Concordant inverse
Braak effect"
RPS4X,Hsp60/10 clients,0.2989949082207977,0.03285268607700451,-0.00771432085729056,-0.1199208582620707,0.8766838735584495,186,-0.2851238439208223,FALSE,Not concordant
RPS6,Hsp60/10 clients,0.1227998769361859,0.05415771542609492,0.10908657090974162,0.14474213747846326,0.02225030535932789,186,0.2585710406449626,TRUE,"Concordant inverse
Braak effect"
RPS8,Hsp60/10 clients,0.33547655050310743,0.04483550945307097,0.12195473068061824,0.17215946146529726,0.01031966974108524,186,0.33883711573287056,TRUE,"Concordant inverse
Braak effect"
RPS9,Hsp60/10 clients,-0.027805726790235567,0.05083894513572758,-0.0407097048512826,-0.15253408809963018,0.387335351225627,186,-0.3614677666454851,FALSE,Not concordant
SAMM50,Hsp60/10 clients,0.09712129784213407,0.13167536935341623,0.1885244949641869,0.3594467751467354,3.475032532044062e-5,186,0.788217773060965,TRUE,"Concordant inverse
Braak effect"
SARS2,Hsp60/10 clients,0.016938811395144436,0.11949046544399912,0.1199853864506126,0.28962834065348536,0.00505116804194106,186,0.46168485469891773,TRUE,"Concordant inverse
Braak effect"
SDHA,Hsp60/10 clients,0.15801763097841798,0.15484570225809757,0.1246981353434483,0.24809830286864715,0.00837529529165701,186,0.5071662472960581,TRUE,"Concordant inverse
Braak effect"
SDHB,Hsp60/10 clients,0.3074776697795552,0.16973564030320137,0.22731997617314056,0.3548490758638404,5.7830357862663366e-8,186,0.7213573874524133,TRUE,"Concordant inverse
Braak effect"
SERPINH1,Hsp60/10 clients,0.1829778943803523,-0.06030143632352238,-0.18100852584518395,-0.3985811244278697,1.607624106368454e-4,186,-0.9799752332940406,FALSE,Not concordant
SHMT2,Hsp60/10 clients,-0.0017958107892494168,0.1324248329376107,-0.04100879228952645,-0.0853307799260347,0.4202404588413754,186,-0.2341530764028711,FALSE,Not concordant
SLC25A13,Hsp60/10 clients,0.015169578316312386,0.03969507302301903,0.08813584528056893,0.17160323430573557,0.05734400492012023,186,0.3327276086148103,TRUE,"Concordant inverse
Braak effect"
SLC25A5,Hsp60/10 clients,-0.008035751405561087,0.1967727375754034,0.20326432770656216,0.4136832165525729,1.8499896501053715e-6,186,0.9694311368958666,FALSE,Not concordant
SLC25A6,Hsp60/10 clients,0.09573979229954212,0.1869261808242113,0.215803343868598,0.4521220433648899,4.881101488815933e-7,186,1.0553148837256354,TRUE,"Concordant inverse
Braak effect"
SLIRP,Hsp60/10 clients,0.06480374702382231,0.24819843697959787,0.15621730750454474,0.35700433684745936,0.00119410314279338,186,0.707425214194219,TRUE,"Concordant inverse
Braak effect"
SOD2,Hsp60/10 clients,-0.10630331814962653,-0.01140747370961157,-0.1083646866202468,-0.25987257281058673,0.01618601228337618,186,-0.6351342326428132,FALSE,Not concordant
SPRYD4,Hsp60/10 clients,-0.15648978374901676,0.04760475971500579,0.0230556718680688,0.01330365611136908,0.6436264866561003,186,0.01076926075756892,FALSE,Not concordant
SSBP1,Hsp60/10 clients,-0.06518726052748058,0.11347569718049567,0.05841131680727449,0.08902687600861099,0.1915209577067617,186,0.2544607891867393,FALSE,Not concordant
ST13,Hsp60/10 clients,0.15372807816305584,0.05455176291733778,-0.0715906960986693,-0.08413055048053109,0.1486739341394952,186,-0.3099527715766281,FALSE,Not concordant
STOML2,Hsp60/10 clients,-0.08759749755662169,0.09137557031302998,0.03524842904931518,-0.02004039706105189,0.45000768605305463,186,-0.00258316977108946,FALSE,Not concordant
SUCLA2,Hsp60/10 clients,-0.00212094575794598,0.167314513627087,0.16832871638062322,0.342980352253296,8.884697969503504e-5,186,0.7368607685902067,FALSE,Not concordant
SUCLG1,Hsp60/10 clients,0.09429768488515068,0.1268794241440236,0.10699507804315228,0.16476345299030207,0.02084305300895578,186,0.422550895255674,TRUE,"Concordant inverse
Braak effect"
SUCLG2,Hsp60/10 clients,-0.003423284194752916,-0.11626118857499614,-0.24714422386026969,-0.5204721526461924,1.1194597461038937e-7,186,-1.1727088182439498,FALSE,Not concordant
SUPV3L1,Hsp60/10 clients,0.1566824723747226,0.03528557394061425,-0.01682012919900996,-0.04752546054759236,0.7024006518587875,186,-0.11114266371687828,FALSE,Not concordant
SYNE1,Hsp60/10 clients,0.1287432017541,0.04101708562758051,0.133414058188753,0.20892674456654728,0.00349667325643419,186,0.4803921552754217,TRUE,"Concordant inverse
Braak effect"
TACO1,Hsp60/10 clients,-0.01866491302636767,0.11430503857718072,0.00933836527500687,0.0767364501604572,0.8428977228534369,186,0.15499109968694685,FALSE,Not concordant
TAMM41,Hsp60/10 clients,0.05796888018528635,0.14861648944692812,0.03807500487256739,0.10193268181888704,0.4466126160452246,186,0.2056214940847536,TRUE,"Concordant inverse
Braak effect"
TARS2,Hsp60/10 clients,0.042297388633283986,0.08054760995668021,-0.06081105354500642,-0.02942756519643344,0.0846697162986738,186,-0.22629164539214025,FALSE,Not concordant
TBRG4,Hsp60/10 clients,-0.00770530378187893,0.17970267913562643,0.1712978982769698,0.30208573005725375,2.1428437946069848e-4,186,0.7669351937642447,FALSE,Not concordant
TFAM,Hsp60/10 clients,0.0809912390798927,0.081325713148219,0.12742741910096753,0.23197057747374017,0.00781276323118398,186,0.5070412837901561,TRUE,"Concordant inverse
Braak effect"
TIMM13,Hsp60/10 clients,0.2768561508630879,0.1475397466598268,0.17873247734277842,0.28713724440371596,3.488156995025593e-5,186,0.6680492499184841,TRUE,"Concordant inverse
Braak effect"
TIMM44,Hsp60/10 clients,0.05611856534113156,0.12275975032310976,0.1660261721301836,0.28524244656685577,1.646972061514759e-4,186,0.6430817285948244,TRUE,"Concordant inverse
Braak effect"
TIMM8B,Hsp60/10 clients,0.2134494386099407,0.16585930913470684,0.02787923771491187,0.07628421744410688,0.5147811535360398,186,0.14454875999741212,TRUE,"Concordant inverse
Braak effect"
TRAP1,Hsp60/10 clients,0.051136528013510395,0.08794599491461236,0.11672143625117036,0.21338801077256864,0.0185120809204176,186,0.5312732885315847,TRUE,"Concordant inverse
Braak effect"
TRMU,Hsp60/10 clients,0.13405445433778118,0.04911239207706294,0.0104371189717729,0.0022554391169877,0.7639059637235078,186,-0.0243515026411843,TRUE,"Concordant inverse
Braak effect"
TRUB1,Hsp60/10 clients,0.1358321305274447,0.10458017822921369,0.02242738619476874,0.08949341988687114,0.6118873077092106,186,0.1886106075278444,TRUE,"Concordant inverse
Braak effect"
TRUB2,Hsp60/10 clients,-0.11216603356491718,0.09268235986050828,0.01945503950211221,0.155388687861909,0.6421276439567342,186,0.31026735681938744,FALSE,Not concordant
TSFM,Hsp60/10 clients,-0.06728743727902663,0.14358483953817272,0.090168723818586885,0.22579006368361904,0.07761913893114036,186,0.4259245210337317,FALSE,Not concordant
TST,Hsp60/10 clients,-0.029161540611309014,-0.0466744471441667,-0.2004326156745605,-0.2942537081827394,3.371555178114889e-5,186,-0.5990987814275478,FALSE,Not concordant
TUBB,Hsp60/10 clients,0.050321523781737466,0.04970966247897684,0.2174306519038989,0.428655554142627,1.090204384800473e-5,186,0.8766948372035219,TRUE,"Concordant inverse
Braak effect"
TUBB4B,Hsp60/10 clients,0.17411129119736696,0.02625360617259874,0.21253353951818801,0.4222479699168701,1.5948281999735057e-5,186,0.854885280086976,TRUE,"Concordant inverse
Braak effect"
TUFM,Hsp60/10 clients,0.09151778443003727,0.13297049683951845,0.1122393329655012,0.1856424841392694,0.02650787519476368,186,0.4170436259339563,TRUE,"Concordant inverse
Braak effect"
UQCRC1,Hsp60/10 clients,0.193964493063253,0.1922618384679548,0.1901488985311678,0.3138790815484065,3.283129135934182e-5,186,0.7275316963181592,TRUE,"Concordant inverse
Braak effect"
UQCRC2,Hsp60/10 clients,0.06627435845916442,0.20947127083087577,0.1690720261954906,0.2976893411185569,1.0702744012453984e-4,186,0.6831605164032772,TRUE,"Concordant inverse
Braak effect"
UQCRFS1,Hsp60/10 clients,0.0848865870225063,0.20598313457384687,0.17050500706903812,0.33010412284430024,1.2914369876900722e-4,186,0.693705881157632,TRUE,"Concordant inverse
Braak effect"
VARS2,Hsp60/10 clients,-0.011405348497570623,0.06852534368507864,-0.02872348566541901,-0.06930514081941776,0.5491450335166919,186,-0.14608139131612546,FALSE,Not concordant
XPNPEP3,Hsp60/10 clients,0.15292500017327776,0.04660255181964943,-0.02611868189858547,-0.01874857617932543,0.6006082381575562,186,-0.10957565074622658,FALSE,Not concordant
YARS2,Hsp60/10 clients,-0.07134021641437195,0.09172923878847689,0.08358972998187489,0.11100977477955584,0.05887645024677962,186,0.29114872849098944,FALSE,Not concordant
YWHAE,Hsp60/10 clients,0.1579980067598246,0.00150720094496939,-0.01922131337749948,-0.0857372169242736,0.6523333216891355,186,-0.15587986609327756,FALSE,Not concordant
ZADH2,Hsp60/10 clients,0.21545769564093922,0.11649539622165148,0.1231466505053526,0.30605373821611664,0.00155277633796295,186,0.5693204269287575,TRUE,"Concordant inverse
Braak effect"
AADAT,Non-client mitochondrial proteins,0.2319663078647361,0.10073131729041616,0.07182812053293033,0.12470174041741136,0.09660392131858508,186,0.3435722565547924,TRUE,"Concordant inverse
Braak effect"
AASS,Non-client mitochondrial proteins,0.04286272045354809,-0.10054205142070008,-0.24787155236309985,-0.46422833226313737,3.304133924478115e-8,186,-1.0639999584869608,FALSE,Not concordant
ABAT,Non-client mitochondrial proteins,0.22807788978279606,0.03897662283400154,-0.0285481049053359,-0.05662926767715947,0.5594207350625211,186,-0.10169350576200616,FALSE,Not concordant
ABCB10,Non-client mitochondrial proteins,-0.05586792113524054,0.06723396292437882,0.1022875976725425,0.100078909312835,0.00971839716688452,186,0.2518571187723714,FALSE,Not concordant
ABCB6,Non-client mitochondrial proteins,-0.1555339266708737,-0.02460388684236241,-0.10631465025726022,-0.213760100982224,0.00731675568327571,186,-0.5230594868057589,FALSE,Not concordant
ABCB7,Non-client mitochondrial proteins,-0.04222646327442232,0.08032647345331857,-0.09472437378538603,-0.188254748226542,0.04258492190867611,186,-0.4488043117660918,FALSE,Not concordant
ABCB8,Non-client mitochondrial proteins,0.008078047050189028,0.0729167759090213,0.09337252035633405,0.13023920599905123,0.05337724633019398,186,0.2849254097001617,TRUE,"Concordant inverse
Braak effect"
ABCD2,Non-client mitochondrial proteins,-0.08211159258587154,0.05176379782420599,0.02973382768412016,0.11721795681603596,0.5251285537915122,186,0.19601439023703737,FALSE,Not concordant
ABCD3,Non-client mitochondrial proteins,0.18251138320405746,-0.00982718677489624,-0.10886323871605968,-0.1844508413909117,0.01452737769087799,186,-0.46348565406948694,FALSE,Not concordant
ACAA1,Non-client mitochondrial proteins,-0.0193992880263325,-0.04428214060710497,-0.12952491231000574,-0.293859674191489,0.00297444580973142,186,-0.6494767406333095,FALSE,Not concordant
ACACA,Non-client mitochondrial proteins,-0.08165288376067911,0.06352409213906172,0.12559696624753405,0.21735506485397085,0.00885844275615823,186,0.4961389274472398,FALSE,Not concordant
ACAD10,Non-client mitochondrial proteins,0.19079883683308982,0.03546508168687716,0.04216377462808086,0.10581005261898777,0.3729141779490297,186,0.34118562077815906,TRUE,"Concordant inverse
Braak effect"
ACAD11,Non-client mitochondrial proteins,0.2639040882084286,0.01567317351245774,-0.0501680053438678,-0.14768832867696496,0.17442310511103024,186,-0.26830228924111976,FALSE,Not concordant
ACAD8,Non-client mitochondrial proteins,-0.12593639368522166,-0.00560032285676115,-0.08985440448619285,-0.2513154520659748,0.07687384884838896,186,-0.5690488392634596,FALSE,Not concordant
ACADM,Non-client mitochondrial proteins,0.014531849474665088,-0.01379195951608452,-0.1343908004255911,-0.3360575661987855,0.00196637384736351,186,-0.7580670221894118,FALSE,Not concordant
ACADS,Non-client mitochondrial proteins,0.19658480951971752,0.00726432338409126,-0.03962324226662584,-0.1614060544062582,0.4206602878282516,186,-0.3202195137878201,FALSE,Not concordant
ACADSB,Non-client mitochondrial proteins,0.07526507008379985,0.12862715099776215,-0.02537383363289519,-0.02483272814592042,0.6431044045858547,186,-0.05558128788794486,FALSE,Not concordant
ACLY,Non-client mitochondrial proteins,0.14190389698647635,0.01402926905847402,-0.04066271420635774,0.02035619670052859,0.3621704919656572,186,-0.03457848917192817,FALSE,Not concordant
ACOT11,Non-client mitochondrial proteins,-0.0067221602822685545,0.07787224546869381,-0.01377558821224483,-0.01069997872124241,0.7716443295864687,186,-0.00876014124343732,FALSE,Not concordant
ACOT7,Non-client mitochondrial proteins,0.3036624940693482,0.0955927535971756,0.1752455733642487,0.4090053747629829,2.741738146078809e-4,186,0.8828776002586978,TRUE,"Concordant inverse
Braak effect"
ACOT9,Non-client mitochondrial proteins,-0.020239938594629477,-0.02016634802300872,-0.04067269804835652,-0.01237056835484879,0.3722003702975356,186,-0.04470968968967494,FALSE,Not concordant
ACP6,Non-client mitochondrial proteins,-0.06602323165369318,-0.0336511325369546,-0.02727662712015277,-0.12678258335909928,0.5582245708375391,186,-0.2017522426875832,FALSE,Not concordant
ACSF2,Non-client mitochondrial proteins,-0.11834430070723817,-0.03667817491550859,-0.1693929990850659,-0.36316958539821,1.4064847080921567e-4,186,-0.8852582358874936,FALSE,Not concordant
ACSL1,Non-client mitochondrial proteins,-0.05407880092351656,-0.05435178122579123,-0.1686719969345377,-0.3767060364099788,2.7166898689122643e-4,186,-0.8545544619381806,FALSE,Not concordant
ACSL6,Non-client mitochondrial proteins,0.14673043218975262,0.08028575765467158,0.08056726534203773,0.15029105198963097,0.07481552635993521,186,0.34427710250568866,TRUE,"Concordant inverse
Braak effect"
ACSS1,Non-client mitochondrial proteins,0.09125980814430912,0.01445338448986563,-0.15082751931261573,-0.20457615134596188,0.00113901656156861,186,-0.5561622272675837,FALSE,Not concordant
ACSS3,Non-client mitochondrial proteins,-0.2725100969709822,-0.12751931807729203,-0.2071303470319757,-0.3943602857419333,5.881009892788596e-6,186,-0.8897027880621413,FALSE,Not concordant
ADCK1,Non-client mitochondrial proteins,0.10153182825107986,0.11101523980880486,0.03749699166187489,0.15900845774763295,0.3883991452115111,186,0.3838831641859648,TRUE,"Concordant inverse
Braak effect"
ADCK5,Non-client mitochondrial proteins,5.002525691657561e-5,0.07116150452671148,0.07958182216828324,0.0389578449509132,0.01046574942170307,186,0.04227042131218145,TRUE,"Concordant inverse
Braak effect"
ADHFE1,Non-client mitochondrial proteins,0.1616758376156864,-0.11605328923469732,-0.14041612904155104,-0.23517436958661864,0.00515975263041248,186,-0.4935003873318421,FALSE,Not concordant
AGK,Non-client mitochondrial proteins,0.0625832576816738,0.12350734197679628,0.16973198546666027,0.34019730830056627,3.2894112359604303e-4,186,0.6879845558830808,TRUE,"Concordant inverse
Braak effect"
AGPAT4,Non-client mitochondrial proteins,0.07485789069897834,-0.0053156700513778,0.08483951782652858,0.2462540711372016,0.06372206883598458,186,0.5571945837881664,TRUE,"Concordant inverse
Braak effect"
AGPAT5,Non-client mitochondrial proteins,0.01940045397007232,0.03303725754771554,-0.11433103420708476,-0.24369428131026505,0.01655277789730157,186,-0.5244887175667773,FALSE,Not concordant
AHCYL1,Non-client mitochondrial proteins,0.2490024421170439,0.05289035014301567,-0.04290919436791921,-0.13651417345777717,0.35247218602115915,186,-0.3468892316956481,FALSE,Not concordant
AIFM2,Non-client mitochondrial proteins,0.04463044087142896,-0.00641586951535039,-0.106655101110351,-0.15375816948165016,0.00912018723265598,186,-0.4479021038255684,FALSE,Not concordant
AIFM3,Non-client mitochondrial proteins,-0.08023221715779072,-0.02702686579845724,-0.12733709677043292,-0.31058942246406906,0.00299663848231186,186,-0.5823290620310538,FALSE,Not concordant
AKAP1,Non-client mitochondrial proteins,0.0036113824281240603,0.04354094277392272,-0.11212137403749411,-0.20235696717247903,0.02009444793627302,186,-0.5116545014551368,FALSE,Not concordant
AKAP10,Non-client mitochondrial proteins,0.04539050429691648,1.7434365720793297e-4,0.08493094101580778,0.061449267008387,0.04307403749873114,186,0.21569347093497332,TRUE,"Concordant inverse
Braak effect"
ALDH1L1,Non-client mitochondrial proteins,-0.16922608054849017,-0.17553555313179756,-0.2118996322028299,-0.48877197493847946,9.618135230586234e-6,186,-1.0904995951141,FALSE,Not concordant
ALDH1L2,Non-client mitochondrial proteins,-6.932843492294198e-4,-0.07678386878429735,-0.23098027547646505,-0.4832545449835133,3.1750014415045065e-7,186,-1.136634260377127,FALSE,Not concordant
ALDH3A2,Non-client mitochondrial proteins,-0.13634931584823765,-0.10643779978829684,-0.20563357627230908,-0.4461142175951473,1.2783289540945207e-6,186,-1.0929806719120916,FALSE,Not concordant
ALDH4A1,Non-client mitochondrial proteins,0.030798061587920825,-0.01445249754805171,-0.07098709973276625,-0.11579065693489651,0.18643371415945323,186,-0.24822916057963632,FALSE,Not concordant
ALDH6A1,Non-client mitochondrial proteins,0.15962367096837843,-0.00402925930346253,-0.14027802913651036,-0.23216902558555633,0.0010437341616752,186,-0.5734155387479233,FALSE,Not concordant
AMACR,Non-client mitochondrial proteins,0.1411690981823729,0.06360545183802972,-0.05712971778390297,-0.14312688433757487,0.131093064730898,186,-0.19766795887457683,FALSE,Not concordant
AMT,Non-client mitochondrial proteins,0.04034138406870331,-0.05293109485863951,-0.1413535235427366,-0.27031018023014913,0.00346710720368562,186,-0.5210887758171951,FALSE,Not concordant
ANGEL2,Non-client mitochondrial proteins,-0.14362884705814494,0.00437655722500627,0.03593644649940664,0.04241923797816844,0.41856309824847027,186,0.1283517528314207,FALSE,Not concordant
APEX1,Non-client mitochondrial proteins,0.09210794690863636,-0.10072132002221952,-0.16405265951972262,-0.30411028242876303,1.810477062397278e-4,186,-0.6935735219558385,FALSE,Not concordant
APOO,Non-client mitochondrial proteins,-0.18674253272381086,0.1683172471230219,0.21382196983694923,0.3641618259572909,2.573402429889436e-7,186,0.7006853050081535,FALSE,Not concordant
APOOL,Non-client mitochondrial proteins,0.057169207430838614,0.1259863432826622,0.08398051198446804,0.09760689461227869,0.06497096359049093,186,0.2084151116568269,TRUE,"Concordant inverse
Braak effect"
ARF5,Non-client mitochondrial proteins,0.18142277898602105,0.06782732440468625,0.17574758280390465,0.31524341231714265,1.6718817485454053e-5,186,0.6193429597693804,TRUE,"Concordant inverse
Braak effect"
ARG2,Non-client mitochondrial proteins,-0.22306512674335507,-0.06044024019283085,-0.07170309671569872,-0.1535778488415864,0.10721497561463723,186,-0.43463526723801615,FALSE,Not concordant
ARMC10,Non-client mitochondrial proteins,0.0683395976473635,-0.0149216307020561,0.04782513661701255,1.0494852067201655e-4,0.2783713757675832,186,0.02981108466202093,TRUE,"Concordant inverse
Braak effect"
ARMCX1,Non-client mitochondrial proteins,0.068597731039961,-0.00872226916813769,-0.11890773498796592,-0.1766655693119694,0.00953962794142464,186,-0.4038783679085708,FALSE,Not concordant
ARMCX2,Non-client mitochondrial proteins,0.10259113499601283,0.08881095914207184,0.00594875730229302,-0.05202775208442187,0.8959199618824003,186,-0.01942217349710498,TRUE,"Concordant inverse
Braak effect"
ARMCX3,Non-client mitochondrial proteins,0.04699900715926507,0.06700840718370961,0.10993545757274747,0.12968965738171412,0.00780257845077184,186,0.4108860628794612,TRUE,"Concordant inverse
Braak effect"
ATAD1,Non-client mitochondrial proteins,0.16400646837097457,0.14084001931913429,0.10786641017740826,0.23661884286204984,0.01321997342723848,186,0.3874921217734605,TRUE,"Concordant inverse
Braak effect"
ATP5F1A,Non-client mitochondrial proteins,0.11129283417988066,0.15921156545552118,0.15103434166668864,0.2820262514469888,7.116314021147002e-4,186,0.6432947527392262,TRUE,"Concordant inverse
Braak effect"
ATP5F1B,Non-client mitochondrial proteins,0.13084551843471642,0.15528245005584126,0.1637373546843837,0.2323197698243398,4.074429318134103e-4,186,0.5456870985265152,TRUE,"Concordant inverse
Braak effect"
ATP5F1C,Non-client mitochondrial proteins,0.06496041928504481,0.14525697132334753,0.04575081127537159,0.11652148026975802,0.3217401515615932,186,0.18017154580326425,TRUE,"Concordant inverse
Braak effect"
ATPAF1,Non-client mitochondrial proteins,0.039126467698019834,0.12516840720901765,0.12500348581160436,0.2444556351238675,0.00870563717883529,186,0.5143466931592813,TRUE,"Concordant inverse
Braak effect"
ATPAF2,Non-client mitochondrial proteins,-0.09945567546551168,0.01500454585061382,-0.1586897872849558,-0.3112009861163487,2.572030374098072e-4,186,-0.7807018764718182,FALSE,Not concordant
AUH,Non-client mitochondrial proteins,0.039783205492993315,0.16212518191422767,0.06371525927497002,0.12054673307626018,0.1814161611274539,186,0.23646075327675997,TRUE,"Concordant inverse
Braak effect"
BAD,Non-client mitochondrial proteins,0.21623472548567466,0.03592954300302063,0.08137666538208017,0.05565992497713431,0.04241110925546919,186,0.10444179820383544,TRUE,"Concordant inverse
Braak effect"
BAX,Non-client mitochondrial proteins,0.052761495540627305,0.0018717753628106,-0.21225536202958772,-0.3862678007206602,1.609168659641528e-7,186,-0.9260964692248153,FALSE,Not concordant
BCL2L1,Non-client mitochondrial proteins,0.08561477179217766,0.00325980367584324,-0.05801563035044414,-0.09504901294026342,0.15828568638089102,186,-0.39843252910220944,FALSE,Not concordant
BCL2L13,Non-client mitochondrial proteins,-0.010349243601361153,0.08190291406012325,0.05939516544763008,-0.02770640945741237,0.15317963788161662,186,-0.04527886351497105,FALSE,Not concordant
BCL2L2,Non-client mitochondrial proteins,0.10003164598285019,0.11199273319157284,-0.09430648390440388,-0.1107197352315168,0.02760387223749311,186,-0.15612360914027754,FALSE,Not concordant
BDH1,Non-client mitochondrial proteins,0.034475259088748274,0.18000795710718723,0.1277742289090994,0.28185547158153157,0.02066112980186226,186,0.540338127175881,TRUE,"Concordant inverse
Braak effect"
BID,Non-client mitochondrial proteins,0.15364722279651435,0.05724176046519187,0.02720696864926335,0.00454045463525569,0.4564112125018226,186,0.07647058509295929,TRUE,"Concordant inverse
Braak effect"
BLOC1S1,Non-client mitochondrial proteins,-0.03824021371169758,-0.05785243186585707,-0.12723899079507084,-0.1633685917428249,0.00596452393379335,186,-0.4180027063930044,FALSE,Not concordant
BNIP3,Non-client mitochondrial proteins,0.1091840708184436,0.14974992179038743,0.07793803171400124,0.1128444657363948,0.11955018306394208,186,0.31516980999182237,TRUE,"Concordant inverse
Braak effect"
BNIP3L,Non-client mitochondrial proteins,0.14703382575990281,0.09538004251741196,0.04468380032273613,0.10616115312450868,0.327299862028402,186,0.17806561601360352,TRUE,"Concordant inverse
Braak effect"
BOLA1,Non-client mitochondrial proteins,0.007534196560227222,0.07452824991535908,-0.00756851930298701,-0.04386943571836357,0.8719547419845558,186,-0.00717249741266897,FALSE,Not concordant
BOLA3,Non-client mitochondrial proteins,-0.1837378003305468,0.180488655334106,0.1281190381151424,0.23239705009865283,0.00322697214170907,186,0.43748215331678736,FALSE,Not concordant
BPHL,Non-client mitochondrial proteins,0.06707414571506601,0.07596397610407658,0.03444971751236419,0.03559758413448736,0.5223754146216085,186,0.0331785592807388,TRUE,"Concordant inverse
Braak effect"
C2ORF69,Non-client mitochondrial proteins,0.09766871410962812,0.02679153176385534,0.07205224133595531,0.17045643319802864,0.12221113750561884,186,0.3919595616308781,TRUE,"Concordant inverse
Braak effect"
C3ORF33,Non-client mitochondrial proteins,-0.040055159571011065,0.0801522620892095,0.07715438319408764,0.07292968109244495,0.08844486841716728,186,0.17403390676442776,FALSE,Not concordant
C6ORF136,Non-client mitochondrial proteins,0.023197477177038656,0.134605642713669,0.14405721712105296,0.26530127356171196,0.00160855529056592,186,0.6228127934648611,TRUE,"Concordant inverse
Braak effect"
C8ORF82,Non-client mitochondrial proteins,-0.07669180699288301,0.0093915652551714909,-0.03707588792095648,-0.07405740065093881,0.42078894444109527,186,-0.0997623421546188,FALSE,Not concordant
CA5B,Non-client mitochondrial proteins,0.03863966411250176,0.01930470719114083,0.05892657414089924,0.16021631981282178,0.1825041701882777,186,0.35034928359462736,TRUE,"Concordant inverse
Braak effect"
CASP3,Non-client mitochondrial proteins,0.11367134215763616,-0.05839335475886436,-0.05405920109537743,-0.12236425063880738,0.23262889333945072,186,-0.2509006876046922,FALSE,Not concordant
CAT,Non-client mitochondrial proteins,0.0893365608241289,-0.11585283859911238,-0.09417159431606469,-0.23872830812755735,0.05934728189616078,186,-0.49495850920723305,FALSE,Not concordant
CBR3,Non-client mitochondrial proteins,0.05445008309642317,-0.07940430961817248,-0.12582355929908567,-0.29388925059276927,0.01138492836637281,186,-0.7438456303881824,FALSE,Not concordant
CCDC127,Non-client mitochondrial proteins,0.14212171941937346,0.08145054077071502,0.07256956179149755,0.22499150084905103,0.12424864657658068,186,0.3961010630947023,TRUE,"Concordant inverse
Braak effect"
CCDC51,Non-client mitochondrial proteins,-0.09863388858632802,0.06025173027485291,0.07783163479905468,0.05586028124387179,0.06694789751689843,186,0.17424903459114488,FALSE,Not concordant
CCDC58,Non-client mitochondrial proteins,0.08272164452065409,0.09165470160216208,0.11644426431842184,0.17745268321700952,0.00565208870442439,186,0.36758733400656185,TRUE,"Concordant inverse
Braak effect"
CHCHD2,Non-client mitochondrial proteins,-0.008373362909138721,0.201382165713789,-0.00571946134652254,0.01509255135009663,0.8988041805325306,186,-0.03439527970794684,FALSE,Not concordant
CHCHD3,Non-client mitochondrial proteins,-0.03477331763571713,0.12958005352289265,0.19307022753841677,0.25842523730277356,1.557416124002535e-5,186,0.521886017770918,FALSE,Not concordant
CHCHD4,Non-client mitochondrial proteins,0.061272688388949115,0.11768967693122624,0.1290203229905926,0.30707460109901713,0.00503910321674569,186,0.6619381455486619,TRUE,"Concordant inverse
Braak effect"
CHCHD6,Non-client mitochondrial proteins,0.19234192205607747,0.17519979117705323,0.2215705263020506,0.23715312624001647,1.817442909323581e-5,186,0.5517415817744865,TRUE,"Concordant inverse
Braak effect"
CHCHD7,Non-client mitochondrial proteins,0.10622874221907803,0.07108890930707551,0.00965091569196821,0.04638342982718869,0.8245707595569769,186,0.13181061895451854,TRUE,"Concordant inverse
Braak effect"
CHDH,Non-client mitochondrial proteins,-0.21666190731568105,-0.13631542439284153,-0.18192338026788288,-0.4221554244031866,3.967311858795564e-5,186,-0.951013402176011,FALSE,Not concordant
CISD1,Non-client mitochondrial proteins,0.13045497203256975,0.16185915899360576,0.23705341517800776,0.43806848236944623,1.5045477846603985e-7,186,0.92822006867937,TRUE,"Concordant inverse
Braak effect"
CISD3,Non-client mitochondrial proteins,-0.1347800504398409,-0.11401289280053904,-0.00579879853652535,0.03121741451262165,0.9022330982089388,186,-0.06160910846317017,FALSE,Not concordant
CKMT1A,Non-client mitochondrial proteins,-0.16410593984685468,0.09610670206561406,0.21629461822067927,0.301350136335089,3.906976863473436e-6,186,0.7057855136463411,FALSE,Not concordant
CKMT2,Non-client mitochondrial proteins,0.11153161250294368,0.06149155420347908,0.205801893569201,0.35091636857102176,2.6006562261260372e-5,186,0.7533923189249097,TRUE,"Concordant inverse
Braak effect"
CLPB,Non-client mitochondrial proteins,-0.18221291867371675,0.06544417125383517,0.06250263612109051,0.10053305018410662,0.17660070842970674,186,0.17217867410427548,FALSE,Not concordant
CLYBL,Non-client mitochondrial proteins,0.00799325566116122,0.0451157166356659,-0.03085985755504935,-0.14181693598409598,0.507760227752355,186,-0.2950245222080417,FALSE,Not concordant
CMC1,Non-client mitochondrial proteins,0.04394527720495974,0.06471508471635329,0.06315253580975279,0.1996483412616804,0.17259651887701588,186,0.3995306009375508,TRUE,"Concordant inverse
Braak effect"
CMC2,Non-client mitochondrial proteins,-0.06639364498180035,0.22249910560228603,0.07527062272276978,0.20975297564747425,0.06267110984042046,186,0.3324030405570202,FALSE,Not concordant
CMC4,Non-client mitochondrial proteins,-0.1675833098618587,0.02738422281344487,-0.14841535712978668,-0.22900148841618273,0.00242881432708566,186,-0.42899253302574913,FALSE,Not concordant
CMPK2,Non-client mitochondrial proteins,-0.024342360952361964,-0.00106067264755212,-0.11953353984640924,-0.23709111120507392,0.00294185338932333,186,-0.5563279152411614,FALSE,Not concordant
COA1,Non-client mitochondrial proteins,0.06912040412263526,0.16863029983915886,0.11369835995726311,0.2417155246568672,0.00593084829145157,186,0.43396006179800933,TRUE,"Concordant inverse
Braak effect"
COA3,Non-client mitochondrial proteins,-0.06596204661502864,0.07155900123217208,0.10205641529776475,0.14545387926411166,0.01379630712778342,186,0.2275223715912615,FALSE,Not concordant
COA4,Non-client mitochondrial proteins,0.04085133822227484,0.11581207971257214,-0.02225294440273911,-0.16899383245084498,0.6194586172349612,186,-0.47523703940120854,FALSE,Not concordant
COA5,Non-client mitochondrial proteins,-0.02736084222084759,0.02732232454639846,0.09163094008062804,0.13466135502918575,0.06096066685899865,186,0.2777339231559153,FALSE,Not concordant
COA6,Non-client mitochondrial proteins,-0.009228128149380399,0.22616145268874063,0.24500531722822516,0.3709815716460506,5.4164677759797363e-8,186,0.7467654727513268,FALSE,Not concordant
COA7,Non-client mitochondrial proteins,0.1812618329437203,0.18776848460327192,0.15963744011592054,0.3341475031225548,2.360742138144227e-4,186,0.6192455480801284,TRUE,"Concordant inverse
Braak effect"
COASY,Non-client mitochondrial proteins,-0.1985899685834964,-0.05171073180823399,-0.05312127259212636,-0.14288073235272594,0.2761214997921033,186,-0.25566338774863906,FALSE,Not concordant
COMT,Non-client mitochondrial proteins,0.03194467133694235,-0.11813649044057928,-0.17883962501942202,-0.32995051637313483,2.2085597510830375e-4,186,-0.7927005215138941,FALSE,Not concordant
COMTD1,Non-client mitochondrial proteins,-0.06957417987564106,-0.0638834767908172,0.02353581171890887,0.02308581231546168,0.5931041166273694,186,0.03520314098974449,FALSE,Not concordant
COQ10A,Non-client mitochondrial proteins,0.0398488526695936,0.03551124530284329,-0.01303302585546598,0.07262246815011415,0.7602829312183186,186,0.16777721008702257,FALSE,Not concordant
COQ10B,Non-client mitochondrial proteins,0.249854064181577,0.07277308837281694,0.04690430649778209,0.15681312551066648,0.28849726396037434,186,0.3639535078519569,TRUE,"Concordant inverse
Braak effect"
COQ3,Non-client mitochondrial proteins,0.1060209675940459,0.08994638197041623,0.11516739132601568,0.10991258569980292,0.02320239453967024,186,0.22975949830772785,TRUE,"Concordant inverse
Braak effect"
COQ5,Non-client mitochondrial proteins,-0.04544409742078987,0.04444508066899048,0.03840596818906814,0.06798755984625363,0.4611757235545403,186,0.13941074783469995,FALSE,Not concordant
COQ6,Non-client mitochondrial proteins,0.08197856095556702,0.08442814351521755,0.10204616018912031,0.12491640784605867,0.04253871260095034,186,0.3280511521770044,TRUE,"Concordant inverse
Braak effect"
COQ7,Non-client mitochondrial proteins,-0.06383973605726766,0.0894890664200558,0.0461557937914312,-0.04201947952215412,0.2785649619470186,186,-0.06569618867818869,FALSE,Not concordant
COQ9,Non-client mitochondrial proteins,0.07419393032875486,0.12619098086633646,0.10034981578562652,0.1258828883137019,0.03825473020551256,186,0.2659289629079317,TRUE,"Concordant inverse
Braak effect"
COX11,Non-client mitochondrial proteins,-0.1722301647285715,0.10606979890219675,0.01081418550282838,0.06048660285058641,0.7939350300889009,186,0.10457292139089476,FALSE,Not concordant
COX14,Non-client mitochondrial proteins,-0.07796129579944336,0.07518458564598293,0.00687950022708766,-0.03137674544855098,0.8655135072647435,186,-0.18010733572794918,FALSE,Not concordant
COX15,Non-client mitochondrial proteins,0.08843420924851603,0.01508418286282748,-0.04756111272305301,-0.23517818589646125,0.2564507096093501,186,-0.5088809172868675,FALSE,Not concordant
COX17,Non-client mitochondrial proteins,-0.2714189746047528,0.13103062613382702,0.09378405304320994,0.04276270586400412,0.02574724903859719,186,0.09953403605003262,FALSE,Not concordant
COX18,Non-client mitochondrial proteins,0.029723014272694945,0.05433057398248975,-0.05716373780103338,-0.0984607939395646,0.11134537960787289,186,-0.22670347351449172,FALSE,Not concordant
COX19,Non-client mitochondrial proteins,-0.0396779868430122,0.18528043732732197,0.0882853310591877,0.1838383236611714,0.07462576174493392,186,0.2870894346979207,FALSE,Not concordant
COX20,Non-client mitochondrial proteins,0.1906732425710884,0.0889377935856242,0.13214061972559574,0.17836764350177736,3.287204458049865e-4,186,0.3656663017053111,TRUE,"Concordant inverse
Braak effect"
COX5A,Non-client mitochondrial proteins,0.1304030056987741,0.19424400857484464,0.18470137119824437,0.3181190017835559,1.338339531831787e-5,186,0.6844762941072673,TRUE,"Concordant inverse
Braak effect"
COX5B,Non-client mitochondrial proteins,0.032069175662803776,0.176742114770213,0.19082314062737624,0.28886317053004035,2.604611127565443e-5,186,0.5881647547831985,TRUE,"Concordant inverse
Braak effect"
COX6B1,Non-client mitochondrial proteins,-0.18124893715956236,0.20591424035946573,0.2047333057352213,0.3491055295506991,1.957135676824248e-6,186,0.772836044600578,FALSE,Not concordant
COX6C,Non-client mitochondrial proteins,-0.12850174109806678,0.20435717108426457,0.1960301971309197,0.30198459784642434,1.581559267847889e-5,186,0.6556765529069389,FALSE,Not concordant
COX7A1,Non-client mitochondrial proteins,0.003122351639422186,0.17444575850132113,0.02551678867177881,0.07328936829511178,0.5480491112768436,186,0.15858747354584385,TRUE,"Concordant inverse
Braak effect"
COX7A2,Non-client mitochondrial proteins,-0.029255550566967138,0.20343862142784244,0.09465350625580814,0.2244867938723647,0.04653242444704221,186,0.33431923690709786,FALSE,Not concordant
COX7B,Non-client mitochondrial proteins,-0.1289497401447382,0.20463251112393613,0.10419480902810954,0.2361389418993405,0.01417809231884426,186,0.3892055674275652,FALSE,Not concordant
COX7C,Non-client mitochondrial proteins,-0.08479930220702739,0.18581773012250943,0.19722582864061605,0.2981024566590204,1.410026776691978e-5,186,0.6615138513630541,FALSE,Not concordant
CPS1,Non-client mitochondrial proteins,-0.14742597511457223,0.0124072416015039,-0.16137976425868114,-0.35472790802633725,4.362024928380372e-4,186,-0.7880582694190693,FALSE,Not concordant
CPT1A,Non-client mitochondrial proteins,0.0969739035430587,0.05209424825373798,-0.19052807850423376,-0.36892267248595784,1.0975449377326682e-5,186,-0.7997182611562595,FALSE,Not concordant
CPT1C,Non-client mitochondrial proteins,-0.17789097850972185,0.05059204924254708,0.07711425632383109,0.14885707356626696,0.07760870848719022,186,0.3328457141150707,FALSE,Not concordant
CRAT,Non-client mitochondrial proteins,0.032218693794633574,0.07772234195203527,0.04100196839977871,0.02992273139851322,0.428619737450069,186,0.06461825848383165,TRUE,"Concordant inverse
Braak effect"
CROT,Non-client mitochondrial proteins,0.002043004025726599,0.05634839464505958,-0.0366296910224115,-0.17516957585366283,0.3804871585911042,186,-0.33019938707762114,FALSE,Not concordant
CYB5B,Non-client mitochondrial proteins,-0.2670299159002931,0.00829992106822368,-0.14725239472616156,-0.3163463258616595,2.8780270306910113e-4,186,-0.7035148204951664,FALSE,Not concordant
CYB5R3,Non-client mitochondrial proteins,-0.1955874004871193,-0.03455436788092658,-0.15918473243283887,-0.35150598844170633,6.555437456158071e-4,186,-0.7686274417039425,FALSE,Not concordant
CYCS,Non-client mitochondrial proteins,-0.09397560232853948,0.09486001177685235,0.23629842026258735,0.37965604391832314,4.39363333617216e-8,186,0.844613933404007,FALSE,Not concordant
CYP27A1,Non-client mitochondrial proteins,0.004222732203801768,-0.01570515799748851,-0.17473755317478515,-0.362744066850758,1.376025344056666e-4,186,-0.9011630088122038,FALSE,Not concordant
D2HGDH,Non-client mitochondrial proteins,0.009688612071290379,0.10767297607282708,-0.02274487221086253,-0.07396390105979464,0.6154779348388992,186,-0.17866543131618842,FALSE,Not concordant
DBI,Non-client mitochondrial proteins,-0.15556542384941646,-0.3205628336070044,-0.22858534869725147,-0.5023046096404056,2.251976610035834e-7,186,-1.1267118786485697,FALSE,Not concordant
DBT,Non-client mitochondrial proteins,0.11916028247137962,0.14807937526644166,0.17778892870415872,0.31792246182666106,3.293866627736735e-4,186,0.6475401962160899,TRUE,"Concordant inverse
Braak effect"
DCAKD,Non-client mitochondrial proteins,0.19696481370558067,0.00843842696136822,-0.1197782824867682,-0.2027185625300672,0.01304079574800141,186,-0.5515579736198051,FALSE,Not concordant
DECR1,Non-client mitochondrial proteins,0.08762082279657053,0.04841987521312983,-0.10355165080233668,-0.21986810488533537,0.05067757726210612,186,-0.35274581077704315,FALSE,Not concordant
DGUOK,Non-client mitochondrial proteins,-0.08688863596743936,0.08698789162735804,-0.03480990146789961,-0.01984576525907833,0.3852800034549572,186,-0.14913652275057512,FALSE,Not concordant
DHODH,Non-client mitochondrial proteins,0.061798150598227256,0.03796792191401377,-0.10970364703213864,-0.0995646615615421,0.02057753231377204,186,-0.3014052670977208,FALSE,Not concordant
DHRS1,Non-client mitochondrial proteins,0.09382899961870841,0.02017173381301629,-0.03383856310514602,-0.11716452847823929,0.4829339382244192,186,-0.29388328002356595,FALSE,Not concordant
DHRS4,Non-client mitochondrial proteins,-0.13497915210076972,-0.00179737246168008,-0.0682422504940848,-0.14309730793629458,0.17990571283770193,186,-0.2116980223260923,FALSE,Not concordant
DHRS7B,Non-client mitochondrial proteins,0.3455813384863855,0.1061923862259306,0.06278776602304666,0.17472115944715513,0.15820579519843203,186,0.33023305551393234,TRUE,"Concordant inverse
Braak effect"
DHTKD1,Non-client mitochondrial proteins,0.17555939009543894,-0.02045857082998757,-0.1118105919754953,-0.15572643128298078,0.0374874349535018,186,-0.3757176607125686,FALSE,Not concordant
DIABLO,Non-client mitochondrial proteins,0.11265791856852425,0.12117137974075635,-0.03256734056444804,-0.00639899752861104,0.5095487918882367,186,-0.1981343706220346,FALSE,Not concordant
DNAJC11,Non-client mitochondrial proteins,0.09238453185082143,0.1006566477685774,0.11252570668760097,0.2160231727188969,0.01086253372344703,186,0.4932740320788405,TRUE,"Concordant inverse
Braak effect"
DNAJC19,Non-client mitochondrial proteins,0.1179150006900313,0.11632387199735776,0.1571409286959814,0.2503651909151627,0.00206612725379665,186,0.5429720581148463,TRUE,"Concordant inverse
Braak effect"
DNAJC28,Non-client mitochondrial proteins,0.19181246077096167,0.07599258291885656,0.01002440917891229,0.0079560519443995,0.7968118260823054,186,0.1390007587513174,TRUE,"Concordant inverse
Braak effect"
DNAJC30,Non-client mitochondrial proteins,0.023160187503570368,0.0962873991469714,0.08458582833269158,0.1591401204372033,0.05868331364472739,186,0.3729145785014548,TRUE,"Concordant inverse
Braak effect"
DNLZ,Non-client mitochondrial proteins,0.0052141876537990664,0.01664642918416182,-0.0238285102854285,-0.15522554061613708,0.5644215116254313,186,-0.301225471301062,FALSE,Not concordant
DNM1L,Non-client mitochondrial proteins,0.1693476680910253,0.1350155569022768,0.2021673958872543,0.3950577163656719,4.576542937064517e-6,186,0.9330452363565488,TRUE,"Concordant inverse
Braak effect"
DTYMK,Non-client mitochondrial proteins,-0.139831901638404,-0.02964679021557165,-0.1694574757627322,-0.3363256619652295,1.3439863307280025e-4,186,-0.7475494617113321,FALSE,Not concordant
DUS2,Non-client mitochondrial proteins,0.20284498102252127,0.06768733353583438,0.04677386555389839,0.09083485279655164,0.25106632220935093,186,0.3157357842705905,TRUE,"Concordant inverse
Braak effect"
DUT,Non-client mitochondrial proteins,-0.019991356352842667,0.01107096813339974,-0.0525675421895929,-0.17256780661845747,0.27187296672233746,186,-0.2625903776331406,FALSE,Not concordant
ECSIT,Non-client mitochondrial proteins,-0.0916367620647612,0.09363684278853464,0.03836899692890627,0.13375593551902443,0.3171776681981564,186,0.28124435062740605,FALSE,Not concordant
EFHD1,Non-client mitochondrial proteins,-0.013009947495445016,-0.1837883776078891,-0.02583939519823029,-0.07328364383034786,0.6251835330475616,186,-0.1721342044756901,FALSE,Not concordant
EHHADH,Non-client mitochondrial proteins,0.3571566241338681,0.00181770762778242,-0.06749245760766406,-0.08788770752058928,0.06926427901690703,186,-0.32647107869300135,FALSE,Not concordant
ELAC2,Non-client mitochondrial proteins,0.10859360599733026,0.05271952107537137,-0.08970965339847511,-0.1695471973780247,0.04232802726195791,186,-0.44904716600318495,FALSE,Not concordant
ENDOG,Non-client mitochondrial proteins,-0.04404167127630169,0.12636690562156688,-0.01912096420056905,0.02681816334154285,0.6563087091832357,186,0.0777797642688641,FALSE,Not concordant
EPHX2,Non-client mitochondrial proteins,-0.012499888434634255,0.00860458557007232,-0.16639319431506783,-0.2335467134387417,0.00170068596591506,186,-0.4909378282893344,FALSE,Not concordant
ETFDH,Non-client mitochondrial proteins,-0.04405266517491903,0.09195885087199498,-0.00905732244555786,-0.11694699881721,0.8540297590952672,186,-0.33686656532549353,FALSE,Not concordant
ETHE1,Non-client mitochondrial proteins,0.026232638833424908,0.03918676299489321,-0.14660813608973272,-0.32859381822408384,0.0010714574212898,186,-0.7885607121394671,FALSE,Not concordant
EXD2,Non-client mitochondrial proteins,-0.12180634167424065,-0.0384121640207104,-0.1251425810246946,-0.24568639504811204,0.0037169866599741,186,-0.6090897631934715,FALSE,Not concordant
EXOG,Non-client mitochondrial proteins,0.005966556099409769,0.07323949404941536,0.09461958642868085,0.1851549505568749,0.08224184811708131,186,0.37646506424468407,TRUE,"Concordant inverse
Braak effect"
FABP1,Non-client mitochondrial proteins,-0.06123311641610344,0.3726250642989915,-0.03734766575066928,-0.09250067204285474,0.48152530239534086,186,-0.1582474947958521,FALSE,Not concordant
FAHD2A,Non-client mitochondrial proteins,-0.02817952620517772,0.04043363028754376,-0.08720224395906868,-0.21371430526411253,0.06829103263478922,186,-0.5463249333691194,FALSE,Not concordant
FAM136A,Non-client mitochondrial proteins,-0.05083622263534856,0.07712289650598919,0.09473603907621686,0.2274730563242139,0.04334293636178912,186,0.4979840183534424,FALSE,Not concordant
FAM162A,Non-client mitochondrial proteins,0.031578145007812454,0.16760314153009573,0.11733971741041366,0.23364975380449243,0.00868335328573596,186,0.5502156088086544,TRUE,"Concordant inverse
Braak effect"
FAM185A,Non-client mitochondrial proteins,-0.07808350708491556,0.05348865380110715,0.04637430857281312,0.02496916122279404,0.3572441787261954,186,0.033979351001054,FALSE,Not concordant
FAM210A,Non-client mitochondrial proteins,-0.010602586306578626,0.14889920103335097,0.15913286646182415,0.25614690032673015,3.0082433321454156e-4,186,0.4547128922613418,FALSE,Not concordant
FAM210B,Non-client mitochondrial proteins,-0.1575999278239797,0.14326578879350277,0.03955899737168743,-0.04545225022558971,0.40879343625699305,186,-0.09447620905857358,FALSE,Not concordant
FARS2,Non-client mitochondrial proteins,-0.285137776890147,0.01621118513453028,0.03447163963078044,0.0144571357613006,0.4541742348854174,186,0.09093829937351204,FALSE,Not concordant
FASN,Non-client mitochondrial proteins,-0.11751444199946512,-0.08111303969706096,-0.01467544638770872,-0.0777515885785938,0.7781120802496002,186,-0.08418661219094135,FALSE,Not concordant
FASTKD1,Non-client mitochondrial proteins,0.17695361569285548,0.11172001072059924,-0.0301318653363057,0.0248479933852909,0.5132208286137099,186,0.03963721883904789,FALSE,Not concordant
FASTKD2,Non-client mitochondrial proteins,0.0713739936020827,0.08840886135464628,-0.04859536077688243,-0.04191548507894276,0.2842828775165125,186,-0.17284902625148513,FALSE,Not concordant
FBXL4,Non-client mitochondrial proteins,-0.2397862554046589,0.00281969418539497,-0.06290179111941382,-0.06388216453305648,0.08552184878097417,186,-0.16410355814958594,FALSE,Not concordant
FDPS,Non-client mitochondrial proteins,-0.2190742978038377,-0.07570860019015757,-0.09777857368002776,-0.14552829730604272,0.05275528447244351,186,-0.36419251522255747,FALSE,Not concordant
FDX1,Non-client mitochondrial proteins,-0.2600802845083441,0.03114929730724609,-0.08203011799153304,-0.15231369620621893,0.06246743019854648,186,-0.3620801310066245,FALSE,Not concordant
FHIT,Non-client mitochondrial proteins,-0.047307250001650945,0.02913087068003968,-0.07869502368061011,-0.09036544668590953,0.11565859397304774,186,-0.391799046392424,FALSE,Not concordant
FIS1,Non-client mitochondrial proteins,0.21412513484350987,0.09207011028055022,0.03965207422244042,0.1370608598427323,0.3865511457409787,186,0.17806606504863015,TRUE,"Concordant inverse
Braak effect"
FKBP8,Non-client mitochondrial proteins,0.009232327070350009,0.07120221083607302,0.12830580345433498,0.2818430685745431,0.01359301739227657,186,0.6339161797737032,TRUE,"Concordant inverse
Braak effect"
FTH1,Non-client mitochondrial proteins,0.007634338189748767,-0.07311942521631695,-0.13661794156686016,-0.20158607258427008,0.00462885384210116,186,-0.48211646981640055,FALSE,Not concordant
FUNDC2,Non-client mitochondrial proteins,-0.2884011942656975,0.13268599055880476,0.09329587033579508,0.09648871582839136,0.03765253106108419,186,0.1476042026872068,FALSE,Not concordant
FXN,Non-client mitochondrial proteins,-0.20532108784659525,0.08437694147797845,0.04236502526024417,0.04187732198051657,0.4054106405888849,186,0.05668539375735806,FALSE,Not concordant
GATB,Non-client mitochondrial proteins,0.01231867961023436,0.07396461078140495,-0.01942361706417411,0.06579508984166914,0.6532316670244768,186,0.11638746644260782,FALSE,Not concordant
GATM,Non-client mitochondrial proteins,0.07855135833430353,-0.10766046868004384,-0.19234467979073389,-0.3831412888820947,6.195077084942684e-6,186,-0.8499060928240108,FALSE,Not concordant
GCDH,Non-client mitochondrial proteins,0.0014132509010782418,0.05045804219345097,-0.06583217053835584,-0.16049395635387229,0.19869771376990916,186,-0.3462775813096275,FALSE,Not concordant
GCSH,Non-client mitochondrial proteins,0.2530144601048955,0.08088894065797007,0.00355821410194023,-0.01995834639943558,0.9300109426518396,186,-0.10699398379829682,TRUE,"Concordant inverse
Braak effect"
GDAP1,Non-client mitochondrial proteins,0.017536284187895473,0.12680165783745254,0.17164819557368577,0.2583298295567081,1.6672900959718016e-4,186,0.6127238417811616,TRUE,"Concordant inverse
Braak effect"
GFER,Non-client mitochondrial proteins,0.07577485968156283,0.10012654517070618,-0.03942477336555674,-0.1188656485905866,0.3709360155864005,186,-0.3154359865216848,FALSE,Not concordant
GHITM,Non-client mitochondrial proteins,0.26599397309794887,0.10971420179058472,0.09179826350475098,0.1556987630366218,0.03340695477521655,186,0.44628513811761106,TRUE,"Concordant inverse
Braak effect"
GLOD4,Non-client mitochondrial proteins,0.1669700119788492,-0.09814806837350068,-0.10584986221055188,-0.17998766702996905,0.01549245464028252,186,-0.46419936141081,FALSE,Not concordant
GLRX2,Non-client mitochondrial proteins,0.21039079449762044,0.10074137136714656,0.02982611882141112,0.10441137506166796,0.4172866844785643,186,0.33893871391454994,TRUE,"Concordant inverse
Braak effect"
GLS2,Non-client mitochondrial proteins,-0.08192940303950653,0.17691139018087357,0.1712859988781428,0.3312299342478727,1.0593081848411077e-4,186,0.8092863908776332,FALSE,Not concordant
GLUD2,Non-client mitochondrial proteins,0.10283840200185489,0.05984751145581409,-0.1634088055068946,-0.3267285967885039,8.549481157734395e-4,186,-0.6466984123254325,FALSE,Not concordant
GOLPH3,Non-client mitochondrial proteins,-0.140357742777053,-0.03238191403964893,-0.0667184491088921,-0.05630774357291884,0.16912045914049753,186,-0.15123062872908574,FALSE,Not concordant
GPD2,Non-client mitochondrial proteins,-0.012546553447084222,0.0419088994142259,0.0692440455464582,0.06984610273960898,0.194862485927836,186,0.106168767214804,FALSE,Not concordant
GPX1,Non-client mitochondrial proteins,-0.11201275415593995,-0.03729296149173504,-0.06919182341907258,-0.165379787029885,0.14142238280027689,186,-0.29966305080915256,FALSE,Not concordant
GPX4,Non-client mitochondrial proteins,0.12745727975947238,0.03283991298326463,-0.02291326098510565,-0.07734419750289423,0.6147088718505769,186,-0.2339156110948349,FALSE,Not concordant
GRHPR,Non-client mitochondrial proteins,-0.12546745156593378,-0.09404511947324652,-0.12251774367185156,-0.18394231810438277,0.01236516291137426,186,-0.403390721612772,FALSE,Not concordant
GSTZ1,Non-client mitochondrial proteins,0.11306163209977545,0.00742094050815014,-0.093048348742925,-0.1409868885933264,0.06401507103010451,186,-0.31677428810981284,FALSE,Not concordant
GTPBP10,Non-client mitochondrial proteins,0.0881280657318314,0.1644920478910812,0.1198843976466009,0.12046182018226193,0.01255337194421288,186,0.36973205646522056,TRUE,"Concordant inverse
Braak effect"
GTPBP3,Non-client mitochondrial proteins,0.018363200501626854,0.07380837762510366,0.01991714007310089,0.01721728185497464,0.6681451703175332,186,-0.04407457616602588,TRUE,"Concordant inverse
Braak effect"
GTPBP6,Non-client mitochondrial proteins,-0.03584993179704721,0.01457840890636582,-0.0081333736917829,0.0209582195782017,0.8584407192897252,186,0.01455707088499927,FALSE,Not concordant
GUK1,Non-client mitochondrial proteins,0.07402080909185568,0.0177006740916354,-0.01073761100037161,0.03613759197721791,0.8223090218045204,186,0.06430769465420394,FALSE,Not concordant
HCCS,Non-client mitochondrial proteins,-0.06579724666923123,0.08077354635521779,0.14099324080632775,0.3278649030441436,7.259117180341505e-4,186,0.730222706411487,FALSE,Not concordant
HDHD3,Non-client mitochondrial proteins,-0.16076048556048278,0.02287790934467802,0.02165088179378302,-0.01242018038280283,0.6310318004559162,186,-0.0782992444914763,FALSE,Not concordant
HEBP1,Non-client mitochondrial proteins,0.26025227967513975,-0.07921464932026916,-0.08357962459470934,-0.20831708906918892,0.0841836480507699,186,-0.4189877153674896,FALSE,Not concordant
HIBADH,Non-client mitochondrial proteins,0.276968184251836,0.01514958162299778,-0.12431054258180552,-0.28070676231890335,0.00576620524647777,186,-0.6191918798996641,FALSE,Not concordant
HINT1,Non-client mitochondrial proteins,0.06181942210279647,0.00617356641511496,0.04566479601451768,0.1632970359332758,0.31389716167333626,186,0.4482277071672696,TRUE,"Concordant inverse
Braak effect"
HINT3,Non-client mitochondrial proteins,0.14768532273874244,-0.06107960233608294,-0.00732190709035388,0.03362455194585345,0.8782343268711456,186,0.03452282475369438,FALSE,Not concordant
HMGCL,Non-client mitochondrial proteins,0.036218914428250086,0.00905364324204912,-0.15021874465574067,-0.4171894512204789,1.6244356097053225e-4,186,-1.000261464717067,FALSE,Not concordant
HOGA1,Non-client mitochondrial proteins,-0.23047984887622822,-0.062577650856941,-0.18869054052436457,-0.3955729181944254,2.768368661474073e-5,186,-0.8578370226209735,FALSE,Not concordant
HSCB,Non-client mitochondrial proteins,0.18349072443087533,0.04369743352324241,-0.09087954797945902,-0.11335585125530571,0.00978987569832127,186,-0.31009001962169436,FALSE,Not concordant
HSD17B4,Non-client mitochondrial proteins,-0.30338040952162254,-0.05544483537716483,-0.145464153982261,-0.2263109899771365,0.00225221791103525,186,-0.5947663345358323,FALSE,Not concordant
HSDL1,Non-client mitochondrial proteins,-0.17731237083423954,0.04244069973953346,0.07253892588990139,0.05860802433055731,0.11055926492689976,186,0.03965616742357244,FALSE,Not concordant
HSDL2,Non-client mitochondrial proteins,0.08582693796465204,-0.04279097720819441,-0.2357962022527878,-0.4064265033868333,1.680766336706894e-7,186,-0.9525042110735396,FALSE,Not concordant
HSPD1,Non-client mitochondrial proteins,0.1379352889761837,0.11477945501713956,0.02790973296898996,0.02903162305026174,0.5917142382788767,186,0.02220362287795377,TRUE,"Concordant inverse
Braak effect"
HSPE1,Non-client mitochondrial proteins,-0.29780414982863906,0.07387581242441107,-7.057290127980237e-4,-0.07088986348156522,0.9885645231010456,186,-0.1445006529330752,FALSE,Not concordant
HTATIP2,Non-client mitochondrial proteins,0.10737954318184925,0.03520233436826693,0.00493043348646746,0.10599895995619736,0.9223298776821992,186,0.18811420930577716,TRUE,"Concordant inverse
Braak effect"
HTRA2,Non-client mitochondrial proteins,-0.28531206205425336,0.02510640231469883,-0.00915937679259889,-0.02245707526889023,0.8606362753182581,186,-0.09315564055987116,FALSE,Not concordant
IDE,Non-client mitochondrial proteins,0.04051570669405668,0.03266838278131397,-0.04248874534418827,-0.11802701450267114,0.4145284031860431,186,-0.30094372009150266,FALSE,Not concordant
IDH3B,Non-client mitochondrial proteins,0.18975137013126747,0.17069203607913155,0.02088950499606825,0.15108389035943504,0.664287217746568,186,0.28219508685805,TRUE,"Concordant inverse
Braak effect"
IDI1,Non-client mitochondrial proteins,0.16758528048359173,0.05853855603072589,0.04503745154453253,0.17437005894163418,0.3609412591516735,186,0.31712368142803726,TRUE,"Concordant inverse
Braak effect"
ISCA1,Non-client mitochondrial proteins,-0.026724588986067294,0.06640604247331665,0.07202391580531116,0.2005222762156401,0.07639990689104532,186,0.3711981193659093,FALSE,Not concordant
ISCA2,Non-client mitochondrial proteins,-0.1039126696234494,0.09713999617355576,-0.01045929750045782,-0.04992305720621762,0.8173130073888905,186,-0.12798211844456808,FALSE,Not concordant
ISCU,Non-client mitochondrial proteins,0.08137459412780264,0.18687448423635408,0.21739864911092027,0.36088170764756006,8.25621464835314e-7,186,0.8218710182280162,TRUE,"Concordant inverse
Braak effect"
ISOC2,Non-client mitochondrial proteins,0.15267721098870035,0.02284042138172219,-0.11103817234759857,-0.0920932809671552,0.03121585589138098,186,-0.29737993987682526,FALSE,Not concordant
IVD,Non-client mitochondrial proteins,0.24274689767163343,0.02294993845450482,-0.09115880168505078,-0.1159404470962193,0.07890464943578153,186,-0.2583846690237095,FALSE,Not concordant
L2HGDH,Non-client mitochondrial proteins,0.20590968088154488,0.0967142843229306,0.09917199639603635,0.252892542108437,0.04850623769038695,186,0.3802420936364118,TRUE,"Concordant inverse
Braak effect"
LACTB,Non-client mitochondrial proteins,0.05322911130124141,0.04078390153393532,-0.04866901759366825,-0.08632969902734017,0.3480087650251924,186,-0.18064596825711976,FALSE,Not concordant
LACTB2,Non-client mitochondrial proteins,0.05535880076534839,-0.05200070281312276,-0.15513192851994992,-0.30647925676356863,4.18174628607368e-4,186,-0.6707215883014617,FALSE,Not concordant
LARS2,Non-client mitochondrial proteins,-0.08091007047143668,0.08017783360363179,-0.0485573369966036,0.01888119294635643,0.38785865146045506,186,0.03459365061922583,FALSE,Not concordant
LDHB,Non-client mitochondrial proteins,0.16382544084149325,-0.06125999639277421,-0.1844201567164685,-0.3549998201026239,3.937477438828815e-5,186,-0.7723902516827407,FALSE,Not concordant
LDHD,Non-client mitochondrial proteins,0.12631409291443293,0.03452367673264116,-0.06175008995202621,-0.1499199158574363,0.23212766137269028,186,-0.2893450665974055,FALSE,Not concordant
LETMD1,Non-client mitochondrial proteins,0.2610867753606222,0.06218633934128129,0.1476940158672819,0.27318958600640497,0.00121904206067642,186,0.6355832100805374,TRUE,"Concordant inverse
Braak effect"
LIAS,Non-client mitochondrial proteins,0.056848023469291215,0.09635728886170984,-0.02178173102087233,0.0535456893243235,0.6160780664780776,186,0.1478706983304054,FALSE,Not concordant
LIG3,Non-client mitochondrial proteins,0.060309898697641556,-0.01689991407000488,-0.13401800289196095,-0.340855621748418,0.00174959917873638,186,-0.6842885573996792,FALSE,Not concordant
LYPLA1,Non-client mitochondrial proteins,0.0240322966276813,0.05510148874583298,-0.05841693620188898,-0.157143236312053,0.23003990587898351,186,-0.40530834150575823,FALSE,Not concordant
LYPLAL1,Non-client mitochondrial proteins,-0.030836743186139177,-0.08617617583485965,-0.07459401021280955,-0.18607277307402467,0.12432020612201364,186,-0.6031717090415025,FALSE,Not concordant
LYRM1,Non-client mitochondrial proteins,-0.056690977834419454,0.16289631800168997,0.00102580729543352,0.05647852343837604,0.9831406459215144,186,0.10330490398933084,FALSE,Not concordant
LYRM2,Non-client mitochondrial proteins,-0.013919164152281322,0.05784910361196676,-0.01380340274347799,-0.03562334422592504,0.7653736025909026,186,-0.17260549158270183,FALSE,Not concordant
LYRM4,Non-client mitochondrial proteins,0.12620778240094147,0.1734144180788727,0.19949887183911727,0.23865007377578368,2.0969759506296222e-5,186,0.5386637948898183,TRUE,"Concordant inverse
Braak effect"
LYRM9,Non-client mitochondrial proteins,-0.02104084330664734,0.1562678950415045,0.00705972630724667,0.06751052111592629,0.8808306816446817,186,0.15278115662026245,FALSE,Not concordant
MACROD1,Non-client mitochondrial proteins,-0.15070414477570068,-0.26651466045494404,-0.21006262394104924,-0.4204810184597376,6.643084288720536e-6,186,-0.9567752462974992,FALSE,Not concordant
MAOA,Non-client mitochondrial proteins,-0.03931981227505665,-0.03124792645488446,-0.078493566297425,-0.24563201263285475,0.08931534033336266,186,-0.5549441330069036,FALSE,Not concordant
MAOB,Non-client mitochondrial proteins,-0.05922847650003046,-0.2499463086715992,-0.21789378250643007,-0.5270075832516771,4.696545621619272e-7,186,-1.20799471672411,FALSE,Not concordant
MAVS,Non-client mitochondrial proteins,-0.03666256054410669,-0.04238063916190451,-0.1771149637101602,-0.3520870216152451,2.4865439038759747e-5,186,-0.837335233518864,FALSE,Not concordant
MCAT,Non-client mitochondrial proteins,-0.11859802887199371,0.09266509445514028,0.00943227991250352,0.05483846428351061,0.848992056405694,186,0.1356756942205684,FALSE,Not concordant
MCCC1,Non-client mitochondrial proteins,0.040553003743329756,-0.00944963340097293,-0.1101482626854684,-0.23892293992953093,0.02696210027841219,186,-0.5232945450301283,FALSE,Not concordant
MCEE,Non-client mitochondrial proteins,-0.21244520754295929,0.07770862982606883,-0.00295368823726448,-0.06340321764780782,0.9422679435112468,186,-0.18145871145099204,FALSE,Not concordant
MCU,Non-client mitochondrial proteins,0.1093188183928827,0.14291435788023485,0.16601864176484246,0.2412938224192578,7.646090717307903e-4,186,0.6185844363891018,TRUE,"Concordant inverse
Braak effect"
MCUR1,Non-client mitochondrial proteins,-0.18588992918685018,-0.00792129700363091,-0.03419428585898006,-0.02333578061015321,0.4674305405848723,186,-0.11832532312447629,FALSE,Not concordant
ME3,Non-client mitochondrial proteins,0.05071871180459797,0.11752534046798148,0.1342805926932696,0.19573566959553543,0.00357530506633392,186,0.4787536317654026,TRUE,"Concordant inverse
Braak effect"
MECR,Non-client mitochondrial proteins,0.03808883725231786,0.1256278330110403,0.11221938077160434,0.1877843880384392,0.01163089778691124,186,0.4378428741062291,TRUE,"Concordant inverse
Braak effect"
MFF,Non-client mitochondrial proteins,0.021769577000420086,0.12513141665618224,0.11974325166321093,0.25707044730864387,0.00421672623448808,186,0.4903495233714047,TRUE,"Concordant inverse
Braak effect"
MFN1,Non-client mitochondrial proteins,-0.0015235736006933066,-0.012909309806209,-0.08541486108888151,-0.20538807126497904,0.05310572670571665,186,-0.4407852007986769,FALSE,Not concordant
MFN2,Non-client mitochondrial proteins,0.09808789726006643,0.11310169794766882,0.16074420893404934,0.34140707852067637,3.5680530775263384e-4,186,0.7839775724440745,TRUE,"Concordant inverse
Braak effect"
MGST1,Non-client mitochondrial proteins,-0.057768158291137746,-0.2351269887068184,-0.18051750947589917,-0.378634226957962,7.04537819476335e-5,186,-0.9045985079163243,FALSE,Not concordant
MGST3,Non-client mitochondrial proteins,0.18577731858969093,0.14847026598668642,0.19182971512745123,0.3451756844902625,3.96426905887495e-5,186,0.7957358506402852,TRUE,"Concordant inverse
Braak effect"
MICU1,Non-client mitochondrial proteins,-0.04044538105364108,0.09364605192392614,0.12610889668214306,0.22590932336620087,0.00333759544661644,186,0.5550134523565465,FALSE,Not concordant
MICU3,Non-client mitochondrial proteins,-0.0825905384849871,0.12726415378747297,0.18694476937039667,0.3598131408916268,3.8818996366103406e-5,186,0.8481902926616176,FALSE,Not concordant
MIEF1,Non-client mitochondrial proteins,0.0046872149115403045,0.04953445589592412,0.09778436407880776,0.23881894548631952,0.0225110643251645,186,0.4299556597219213,TRUE,"Concordant inverse
Braak effect"
MLYCD,Non-client mitochondrial proteins,-0.03358532137345577,0.09590031398281576,0.07060933816355547,0.05814815899452175,0.07747108221221835,186,0.1033600318638273,FALSE,Not concordant
MMAA,Non-client mitochondrial proteins,0.1209139591214916,0.06554708884755812,0.05044305876683899,0.11005760547382244,0.23178578381826748,186,0.17492626280760035,TRUE,"Concordant inverse
Braak effect"
MOCS1,Non-client mitochondrial proteins,-0.19978136222575452,0.06851872259169467,0.02038167149884974,0.0076803235582703,0.6377894757835598,186,0.08252315694106091,FALSE,Not concordant
MPC2,Non-client mitochondrial proteins,0.1694396931686456,0.1383288999743958,0.0936456882927496,0.1501975523984868,0.03756086015815768,186,0.4186326805349111,TRUE,"Concordant inverse
Braak effect"
MPST,Non-client mitochondrial proteins,-0.15425261031510956,-0.1322353244944829,-0.17618392515821946,-0.35253352986683145,8.822442912674178e-5,186,-0.7532655860886006,FALSE,Not concordant
MPV17,Non-client mitochondrial proteins,-0.1058078320893822,0.1160201600638687,0.07811553568441991,0.09501657430660118,0.11091510068382104,186,0.2267761845141209,FALSE,Not concordant
MRM1,Non-client mitochondrial proteins,0.21020493838019735,0.07701261174049225,-0.0630820961555186,-0.09395468609289248,0.08471475197305618,186,-0.15106373939663514,FALSE,Not concordant
MRPL1,Non-client mitochondrial proteins,0.044989246173510994,0.14870015120277297,0.05155904830553095,0.17112524149794758,0.24974479284533657,186,0.36379447847609553,TRUE,"Concordant inverse
Braak effect"
MRPL11,Non-client mitochondrial proteins,0.03956721413038379,0.14274428642077722,0.03541280284020057,0.06772995893187686,0.445412238950692,186,0.08474167421486928,TRUE,"Concordant inverse
Braak effect"
MRPL17,Non-client mitochondrial proteins,-0.03150602216527653,0.134688757844553,0.09925898033405246,0.12798567503698485,0.02658877098506478,186,0.21067858257798724,FALSE,Not concordant
MRPL18,Non-client mitochondrial proteins,0.03905832663344943,0.090958928129515,0.04992875411503472,0.02894384792388151,0.29144319337676394,186,0.18268021482764496,TRUE,"Concordant inverse
Braak effect"
MRPL2,Non-client mitochondrial proteins,0.06318310607474976,0.17544235421784973,0.08862188987313979,0.16509356379168855,0.06719560756305848,186,0.3978571509899982,TRUE,"Concordant inverse
Braak effect"
MRPL20,Non-client mitochondrial proteins,0.026123935841184057,0.14341568914775502,0.04543877970454493,0.04594550827274819,0.3624855971788683,186,0.1496901935361753,TRUE,"Concordant inverse
Braak effect"
MRPL21,Non-client mitochondrial proteins,-0.017919066556791742,0.11977198943268404,-0.04590715677160651,-0.06511006222491907,0.32700964089010076,186,-0.17011713389663938,FALSE,Not concordant
MRPL24,Non-client mitochondrial proteins,0.022947939427428742,0.14209127215803252,0.0302324129094464,-0.00804096483839777,0.5218101036574376,186,0.04310991102165123,TRUE,"Concordant inverse
Braak effect"
MRPL27,Non-client mitochondrial proteins,0.05163732675975317,0.11947975621935168,0.0879043478464579,0.17394644854910352,0.05704575914246101,186,0.39259967562070497,TRUE,"Concordant inverse
Braak effect"
MRPL30,Non-client mitochondrial proteins,0.07887168617844113,0.10731052471513484,0.062956582491044,0.09346142804573404,0.1685496654700467,186,0.1392777291308892,TRUE,"Concordant inverse
Braak effect"
MRPL32,Non-client mitochondrial proteins,-0.05405002062858824,0.08801371351470416,0.03703801881261006,0.03913434928113431,0.4075290983425486,186,0.10802684971477168,FALSE,Not concordant
MRPL40,Non-client mitochondrial proteins,0.04826441274444791,0.12008373444624272,0.02201993923023981,0.01909967668484636,0.6557595909380982,186,0.07806374372414647,TRUE,"Concordant inverse
Braak effect"
MRPL41,Non-client mitochondrial proteins,-0.04357028144807673,0.12306829113506518,0.0907122123267702,0.1085234489170897,0.05067015216891508,186,0.17489640686090613,FALSE,Not concordant
MRPL42,Non-client mitochondrial proteins,0.2130654041388286,0.1028682930631512,0.03473208632779034,-0.04601038554007271,0.3613527836640785,186,-0.13498323753235786,TRUE,"Concordant inverse
Braak effect"
MRPL43,Non-client mitochondrial proteins,-0.06841324716684075,0.11473003648767208,0.07626186215749303,0.07971698814754247,0.08026904832561346,186,0.2027530815009308,FALSE,Not concordant
MRPL46,Non-client mitochondrial proteins,0.05483849673647045,0.13894284717402872,0.0373416508641692,0.00899599637651312,0.4332757341377552,186,0.02257932949730095,TRUE,"Concordant inverse
Braak effect"
MRPL50,Non-client mitochondrial proteins,-0.13089199670610088,0.1366556722690916,0.10169529925632724,0.11184650071255,0.01618477271581861,186,0.27821507187678163,FALSE,Not concordant
MRPL54,Non-client mitochondrial proteins,0.06063100983948136,0.11103117921338056,0.02059070228855895,-0.08005663972353554,0.6474754240862796,186,-0.2011598260197862,TRUE,"Concordant inverse
Braak effect"
MRPL55,Non-client mitochondrial proteins,-0.08097422880205066,0.1939308255704522,0.0043872009451054,0.07462793897241032,0.9244716748487484,186,0.2166448104217218,FALSE,Not concordant
MRPL57,Non-client mitochondrial proteins,0.09243372873662038,0.10645205767450952,0.0077485666947134,-0.00749332437598198,0.8266195413504565,186,-0.07735671110935027,TRUE,"Concordant inverse
Braak effect"
MRPS10,Non-client mitochondrial proteins,0.16841234272030792,0.1559604600993453,0.12864620002020555,0.26218430249775304,0.00877487526150118,186,0.568529993677316,TRUE,"Concordant inverse
Braak effect"
MRPS11,Non-client mitochondrial proteins,0.04100298429883739,0.12693688286305496,0.00668731362933255,0.08370026154577583,0.8614841490759856,186,0.09600082484751778,TRUE,"Concordant inverse
Braak effect"
MRPS17,Non-client mitochondrial proteins,0.1529372187513475,0.12679934604249807,0.07232913461840618,0.17385867342272326,0.08542957745827974,186,0.2973476200002129,TRUE,"Concordant inverse
Braak effect"
MRPS18A,Non-client mitochondrial proteins,-0.06934840723976624,0.1150615079710829,0.08793463585590082,0.18142641584063637,0.05949290010809811,186,0.393126047127806,FALSE,Not concordant
MRPS18B,Non-client mitochondrial proteins,0.15934905023884505,0.15781918337625647,0.13026257307371095,0.22502966394747723,0.00510282262656457,186,0.5382699062093741,TRUE,"Concordant inverse
Braak effect"
MRPS21,Non-client mitochondrial proteins,0.18735521167697902,0.1258039324813242,0.03228297203512688,0.07603138691703337,0.3604679645553087,186,0.136991427492814,TRUE,"Concordant inverse
Braak effect"
MRPS24,Non-client mitochondrial proteins,0.05688418661980071,0.1349443591610123,0.06783084406002683,0.15962383770975522,0.11955129757934936,186,0.297422740093414,TRUE,"Concordant inverse
Braak effect"
MRPS28,Non-client mitochondrial proteins,0.16831659545069064,0.11164753618075064,0.10830789546066293,0.14543765994728056,0.0294395221106049,186,0.36311887152042366,TRUE,"Concordant inverse
Braak effect"
MRPS7,Non-client mitochondrial proteins,0.23623932384430957,0.1580122497404204,0.15212927196914908,0.2746025747256346,0.00246624865274045,186,0.5188136056614943,TRUE,"Concordant inverse
Braak effect"
MRRF,Non-client mitochondrial proteins,-0.16981374093736368,0.01094812336949103,0.04039783556889834,0.02031994175702371,0.31683752632314693,186,0.04989896460722139,FALSE,Not concordant
MRS2,Non-client mitochondrial proteins,0.031045202538649522,0.04972528466203523,-0.00935149956449305,0.01606666443742508,0.8311918977976896,186,-0.17735549758188535,FALSE,Not concordant
MSRA,Non-client mitochondrial proteins,-0.26807651299195934,-0.0262068044172776,-0.08074659837247766,-0.2996833630113252,0.08173456258984331,186,-0.6877589122037178,FALSE,Not concordant
MSRB2,Non-client mitochondrial proteins,0.001380428000374405,-0.00963829648956503,-0.10342805643088362,-0.2486459433310629,0.02541840887022772,186,-0.6184439408886602,FALSE,Not concordant
MSRB3,Non-client mitochondrial proteins,-0.1318649593361875,-0.03030986907148665,-0.1871592749166351,-0.3070650603244106,7.789752617208795e-6,186,-0.7211647070618448,FALSE,Not concordant
MT-ATP8,Non-client mitochondrial proteins,-0.0173867674628476,0.07857248333652035,0.0774818995049949,0.05965178507251355,0.08947754370847759,186,0.25066790525253824,FALSE,Not concordant
MT-CO1,Non-client mitochondrial proteins,0.025803257601611087,0.00381182483270776,0.10965945774283745,0.02473541224493364,0.02429455583854215,186,0.220258276262776,TRUE,"Concordant inverse
Braak effect"
MT-CO3,Non-client mitochondrial proteins,-0.047669969451532776,0.12760514678235851,0.0962099919137561,0.01367097593372113,0.04658445025684082,186,0.13587369133315338,FALSE,Not concordant
MT-ND1,Non-client mitochondrial proteins,0.08512306048065063,0.2079785433211563,0.11429103072802532,0.23438725568157848,0.01057961982394521,186,0.40233710107327625,TRUE,"Concordant inverse
Braak effect"
MT-ND3,Non-client mitochondrial proteins,0.2722934050964641,0.11775563765654912,0.1084382365373417,0.2282105582013,0.02984937988492045,186,0.4413731745465478,TRUE,"Concordant inverse
Braak effect"
MT-ND4,Non-client mitochondrial proteins,-0.022258085892800164,0.17432206100046366,0.1761653193413052,0.2692702357980355,6.40529630509362e-5,186,0.6687937048931136,FALSE,Not concordant
MT-ND5,Non-client mitochondrial proteins,0.06599780958662649,0.17674796180694485,0.18576254294833144,0.2728079550221431,5.068994107388355e-5,186,0.5591773737680674,TRUE,"Concordant inverse
Braak effect"
MT-ND6,Non-client mitochondrial proteins,-0.04760776089817266,0.11356489710390248,0.16305297784013628,0.34094053464241625,3.889960912832969e-4,186,0.737093909166161,FALSE,Not concordant
MTCH1,Non-client mitochondrial proteins,0.030041696485701107,0.05964809369201313,-0.00864385655659298,0.01452201302862512,0.8704430048565293,186,0.026273871181656,FALSE,Not concordant
MTCH2,Non-client mitochondrial proteins,0.03155068468547293,0.0867415813942397,0.09523469051883032,0.16423584815456002,0.02777068411950867,186,0.25654509791797475,TRUE,"Concordant inverse
Braak effect"
MTERF4,Non-client mitochondrial proteins,-0.14002023562962226,-0.02166855559648472,-0.05047101794218578,3.816309842618784e-5,0.2306394211541311,186,-0.071044940242812,FALSE,Not concordant
MTFMT,Non-client mitochondrial proteins,0.17201068644801892,0.09655557157938847,-0.00540769786046923,0.03466831268780968,0.8909135404650739,186,0.1414546190374914,FALSE,Not concordant
MTFP1,Non-client mitochondrial proteins,0.04283768544352388,0.2273944292741495,0.06278022439319472,0.14007288238601917,0.15197164200751237,186,0.168255497425036,TRUE,"Concordant inverse
Braak effect"
MTFR1L,Non-client mitochondrial proteins,-0.1250634750888647,0.07866070841515209,0.05432953448179707,0.0756602507848387,0.27102392683819065,186,0.17120172518090063,FALSE,Not concordant
MTHFD2L,Non-client mitochondrial proteins,-0.17642213690073968,0.01836253241852702,-0.05284534881253241,-0.06439068781958543,0.2483991228636597,186,-0.20773695571715223,FALSE,Not concordant
MTHFS,Non-client mitochondrial proteins,0.0784817636774275,0.00757275434885255,-0.0975291923821741,-0.16811798934196398,0.01605620964716372,186,-0.3577044994296489,FALSE,Not concordant
MTIF2,Non-client mitochondrial proteins,-0.1237221023342954,0.08618022754463935,0.11019441515975036,0.14170912523104198,0.01027713870805025,186,0.32241098834008725,FALSE,Not concordant
MTIF3,Non-client mitochondrial proteins,-0.0920145383109357,-0.01937413389971016,0.07699711520876296,0.04327218322799373,0.08113229592185264,186,0.08464766472901267,FALSE,Not concordant
MTRF1,Non-client mitochondrial proteins,0.0024883621890270957,0.05670474332214738,0.0040604499265844,-0.0094176986141225,0.916697601433254,186,0.01717245823358415,TRUE,"Concordant inverse
Braak effect"
MTX1,Non-client mitochondrial proteins,-0.016532183626396118,0.10602628407736452,0.06376286970541048,0.17138284241232435,0.1512340262020246,186,0.32472848627526274,FALSE,Not concordant
MTX2,Non-client mitochondrial proteins,0.2147278553504409,0.1243415046632933,0.22357059304507537,0.3845876703124473,2.4595710774946576e-7,186,0.8933714403289469,TRUE,"Concordant inverse
Braak effect"
MTX3,Non-client mitochondrial proteins,-0.0961239143685145,0.15112943722734312,0.12883448169618794,0.24620445910924757,0.005386307470173,186,0.5244234376944759,FALSE,Not concordant
MUL1,Non-client mitochondrial proteins,-0.24354044689018733,0.01412642292180765,0.05995453564926491,0.09845888578464332,0.15879443639993493,186,0.19387615306612857,FALSE,Not concordant
NAT8L,Non-client mitochondrial proteins,0.14832290601693376,0.23563848986036676,0.1337679343766728,0.29543771831141186,0.0042407488042734,186,0.6992503626174901,TRUE,"Concordant inverse
Braak effect"
NBR1,Non-client mitochondrial proteins,0.0028100867743398017,-0.10362859265544502,-0.11652973327025738,-0.2267927990947671,5.283734813698546e-4,186,-0.3022374332843171,FALSE,Not concordant
NDUFA11,Non-client mitochondrial proteins,-0.09406864409619738,0.21179847058411116,0.17241811752015096,0.3697260057078291,2.531096298376749e-4,186,0.8301724728476829,FALSE,Not concordant
NDUFA12,Non-client mitochondrial proteins,0.04345237134254642,0.21727635245326113,0.08122752103155263,0.05410668687118846,0.08512981762086355,186,0.119623676595208,TRUE,"Concordant inverse
Braak effect"
NDUFA3,Non-client mitochondrial proteins,0.2084867772336884,0.21623639644775008,0.17827325601501784,0.3723668921189213,2.5083992137813383e-5,186,0.687321856077239,TRUE,"Concordant inverse
Braak effect"
NDUFA5,Non-client mitochondrial proteins,-0.08330118852178248,0.21337117394603528,0.2166313128680867,0.3476934949089302,1.8995175874645812e-6,186,0.7167576244471824,FALSE,Not concordant
NDUFA7,Non-client mitochondrial proteins,0.03002839603432943,0.22790063123558216,0.22037791371169568,0.3881368384660828,1.3733414594220678e-6,186,0.7590134601118217,TRUE,"Concordant inverse
Braak effect"
NDUFAB1,Non-client mitochondrial proteins,0.22609783896199545,0.16078979100907917,0.1512018744095747,0.10486837816532156,0.00222273398467312,186,0.3584038514721689,TRUE,"Concordant inverse
Braak effect"
NDUFAF1,Non-client mitochondrial proteins,-0.015228010342470724,0.12145435451077422,0.04867697861850223,0.06118021716448237,0.27130838893116954,186,0.16239263901656603,FALSE,Not concordant
NDUFAF2,Non-client mitochondrial proteins,-0.04648149246618346,0.06928017022616545,0.08153867894494204,0.09713176403687264,0.05571216477993335,186,0.12512274509247273,FALSE,Not concordant
NDUFAF4,Non-client mitochondrial proteins,0.03632955700746115,0.16312178767589086,0.17123097935801826,0.272924352472343,3.173414618571299e-4,186,0.655062391933379,TRUE,"Concordant inverse
Braak effect"
NDUFAF5,Non-client mitochondrial proteins,-0.09647408494629886,0.14401869107800508,0.14745781971980368,0.17098212987884936,5.759878818357919e-4,186,0.26479483081230193,FALSE,Not concordant
NDUFAF6,Non-client mitochondrial proteins,-0.1595822279367408,0.05842299473596431,-0.09798886284076792,-0.14385579951751504,0.0328304622385048,186,-0.33778244646280464,FALSE,Not concordant
NDUFB11,Non-client mitochondrial proteins,0.01517373682972333,0.20550458887118184,0.24303409289052297,0.3787897415840487,4.7447462378194814e-8,186,0.8389547668702082,TRUE,"Concordant inverse
Braak effect"
NDUFB2,Non-client mitochondrial proteins,0.001307320466886568,0.21698722149964936,0.1501416604113696,0.28772495611947924,3.6357531716642614e-4,186,0.6841710834023224,TRUE,"Concordant inverse
Braak effect"
NDUFB3,Non-client mitochondrial proteins,0.0797140617778646,0.22146273501205016,0.21344398054336136,0.41205174409485334,1.531947158891276e-6,186,0.9110988627177212,TRUE,"Concordant inverse
Braak effect"
NDUFB4,Non-client mitochondrial proteins,-0.06703625531453403,0.20586424449928936,0.17796899895346024,0.32807480008548767,4.874601588949066e-5,186,0.6176691118293518,FALSE,Not concordant
NDUFB5,Non-client mitochondrial proteins,-0.091311388710447,0.2139406023002537,0.24799291228380413,0.3816309842618784,8.017629218618481e-9,186,0.8426870518076682,FALSE,Not concordant
NDUFB6,Non-client mitochondrial proteins,-0.10790778120997457,0.19550796212356275,0.22907036808766168,0.3482573546881771,7.478802932718915e-7,186,0.8019575009671485,FALSE,Not concordant
NDUFB7,Non-client mitochondrial proteins,0.20350915354493726,0.20205844967399125,0.1692351086848556,0.3652313467906848,3.426666582963998e-5,186,0.743545078647581,TRUE,"Concordant inverse
Braak effect"
NDUFB8,Non-client mitochondrial proteins,0.04083381518441363,0.19745985367566385,0.23638813498170536,0.3807465544558515,6.939298793164029e-7,186,0.7990820712551522,TRUE,"Concordant inverse
Braak effect"
NDUFB9,Non-client mitochondrial proteins,0.16456093048983678,0.1878949625717233,0.20761833828787488,0.35217956712892856,3.7026002584897127e-6,186,0.7629763378074438,TRUE,"Concordant inverse
Braak effect"
NDUFC1,Non-client mitochondrial proteins,-0.08143284704424061,0.21905677461918224,0.1901131719961283,0.4031072679012156,8.229881882843076e-5,186,0.7959278288275957,FALSE,Not concordant
NDUFC2,Non-client mitochondrial proteins,0.007666904058971186,0.21212993756146684,0.2403107634380739,0.4076658500082237,7.593328734395991e-8,186,0.899528763272022,TRUE,"Concordant inverse
Braak effect"
NDUFS5,Non-client mitochondrial proteins,-0.09958979582588717,0.2197715692988596,0.2284347863849922,0.3621534929026128,2.5158185114645243e-6,186,0.830056973135822,FALSE,Not concordant
NDUFS6,Non-client mitochondrial proteins,-0.10214093435897666,0.24704688315541976,0.20409226180295892,0.34424355081120284,3.589587434956373e-6,186,0.8005951161750289,FALSE,Not concordant
NDUFS7,Non-client mitochondrial proteins,-0.07731720195427387,0.22404669745861147,0.11720987850335156,0.18324965786794745,0.0171028818330039,186,0.35655343008238416,FALSE,Not concordant
NDUFS8,Non-client mitochondrial proteins,0.14544889338339714,0.22721308686051117,0.23341292793826207,0.3874737546309277,1.2400391079010142e-7,186,0.8699395838748196,TRUE,"Concordant inverse
Braak effect"
NDUFV3,Non-client mitochondrial proteins,-0.027271840022233682,0.2405624777648553,0.19311651586649037,0.3245313563966161,4.0208248684802086e-5,186,0.7213581240273879,FALSE,Not concordant
NGRN,Non-client mitochondrial proteins,0.19538027026779145,0.08650067025143403,0.00591225848039077,-0.00801711290188141,0.886503310932448,186,-0.13604641127147413,TRUE,"Concordant inverse
Braak effect"
NIF3L1,Non-client mitochondrial proteins,-0.03572784690157787,-0.04879364913576162,-0.05874331110084445,-0.0244014851337045,0.19517593561845484,186,-0.05301225125040315,FALSE,Not concordant
NIPSNAP3B,Non-client mitochondrial proteins,0.0066517496850019555,0.08051706722106329,0.00898812916116154,0.06902082573614267,0.8457473097381564,186,0.0644019236244279,TRUE,"Concordant inverse
Braak effect"
NIT1,Non-client mitochondrial proteins,0.08481698479399641,0.01784735644041158,0.05202077615653434,0.08189323883529583,0.18392492971099725,186,0.28416220714334717,TRUE,"Concordant inverse
Braak effect"
NIT2,Non-client mitochondrial proteins,-0.14548724858783416,0.04683548714087798,0.0614072425918661,0.07202807789212627,0.22497255437154515,186,0.1237901077678001,FALSE,Not concordant
NLN,Non-client mitochondrial proteins,0.0661309325758354,0.08742056490091567,0.0060845134211274,-0.05906407335675026,0.9019126828398896,186,-0.00313460114812121,TRUE,"Concordant inverse
Braak effect"
NLRX1,Non-client mitochondrial proteins,0.13455916857556074,0.03179310330874102,-0.1626634869988722,-0.17830849069921678,6.30474683786402e-4,186,-0.4891449922964954,FALSE,Not concordant
NME3,Non-client mitochondrial proteins,-0.06774740554761154,0.04574639065418084,-0.01491356031483083,-0.00768700210049488,0.7275640947560655,186,-0.1363956030556112,FALSE,Not concordant
NMNAT3,Non-client mitochondrial proteins,-0.013292944152881772,-0.05909222608462236,-0.05938260325342616,-0.14622286569739937,0.2423873683968041,186,-0.2254728533445317,FALSE,Not concordant
NNT,Non-client mitochondrial proteins,0.12701655516924137,0.17190996111790563,0.2121092220347273,0.37813906075588216,2.350139997074879e-6,186,0.8416172698226255,TRUE,"Concordant inverse
Braak effect"
NOA1,Non-client mitochondrial proteins,0.020523610016699834,0.09071072638423582,0.020566079777862,0.08448355914097333,0.6186476033488515,186,0.2171972733464992,TRUE,"Concordant inverse
Braak effect"
NT5DC3,Non-client mitochondrial proteins,0.09574741651343509,0.1834260765241471,-0.00133464596739393,0.0978530465971276,0.9765225423082174,186,0.10880598768763695,FALSE,Not concordant
NTHL1,Non-client mitochondrial proteins,0.0258793997907731,-0.01700988054367674,0.00433365984873894,-0.0182457773575604,0.9145976136863434,186,-0.01696829690934942,TRUE,"Concordant inverse
Braak effect"
NUBPL,Non-client mitochondrial proteins,0.02986433884964639,0.02082786629690853,-0.05027016886839514,-0.07716006055298788,0.30428370198411203,186,-0.2207436061158446,FALSE,Not concordant
NUDT2,Non-client mitochondrial proteins,0.15360199501836047,0.02100236413536432,0.00945507876842933,9.59801925418624e-4,0.8095781026293352,186,-0.08412713306899096,TRUE,"Concordant inverse
Braak effect"
NUDT5,Non-client mitochondrial proteins,-0.13486315326342513,-0.07489526017128605,-0.15966684516863044,-0.3072272534927219,6.391415735446551e-4,186,-0.6563355043898853,FALSE,Not concordant
NUDT6,Non-client mitochondrial proteins,0.1871413905681743,-0.02792581222369551,-0.03552618448860718,0.01621168421144459,0.4364712551964033,186,0.02413022976235299,FALSE,Not concordant
NUDT9,Non-client mitochondrial proteins,0.11173778688568545,0.02539581928302465,-0.06073370189300901,-0.03199021725575195,0.212560619190452,186,-0.23406684423291424,FALSE,Not concordant
OCIAD1,Non-client mitochondrial proteins,0.204177942472234,0.07232673385088488,0.07745715210332355,0.03271054573854625,0.10034031524698904,186,0.00609231541193788,TRUE,"Concordant inverse
Braak effect"
OCIAD2,Non-client mitochondrial proteins,0.047187498426052035,0.17471548071786178,0.11555778257365797,0.28834796870128676,0.01461923071115429,186,0.6173078242272503,TRUE,"Concordant inverse
Braak effect"
OGDHL,Non-client mitochondrial proteins,0.013897983293700508,0.1749606124806424,0.17014851981485188,0.3109615126737244,1.7086048088277718e-4,186,0.6910905400728651,TRUE,"Concordant inverse
Braak effect"
OPA1,Non-client mitochondrial proteins,0.19706721948256434,0.11898445365133724,0.16365487185687133,0.2147046376682721,5.725280860642934e-4,186,0.44932579819722696,TRUE,"Concordant inverse
Braak effect"
OPA3,Non-client mitochondrial proteins,-0.12010299511200569,0.17014757822578833,0.10719973321214953,0.20504364930168265,0.00965742340706302,186,0.4406769876903217,FALSE,Not concordant
OSBPL1A,Non-client mitochondrial proteins,0.23790186121035306,0.02870068421235934,0.04311699920692816,0.1814483596222314,0.3786181427388215,186,0.4164513516527899,TRUE,"Concordant inverse
Braak effect"
OSGEPL1,Non-client mitochondrial proteins,0.03960065526773801,0.07799057454956392,-0.04240959612609545,-0.03464446075129332,0.4119310155321393,186,-0.13504552858056443,FALSE,Not concordant
OXA1L,Non-client mitochondrial proteins,0.14957586104665635,0.07475590175495739,0.06632226238846727,-0.01169508151270526,0.14097762893163898,186,-0.06356544429008992,TRUE,"Concordant inverse
Braak effect"
OXCT1,Non-client mitochondrial proteins,0.2976374022444357,0.06099357885548416,0.15836586286190166,0.3469035187715081,0.00118738436754315,186,0.8028686269467575,TRUE,"Concordant inverse
Braak effect"
OXLD1,Non-client mitochondrial proteins,0.042369698426348,0.0280185922618965,0.03316853665747401,0.03208371684689611,0.391657482392337,186,0.0372978260502879,TRUE,"Concordant inverse
Braak effect"
OXNAD1,Non-client mitochondrial proteins,-0.13165428996574371,0.05439018434254752,-0.02709145514847756,-0.10239063900000132,0.5487288885461941,186,-0.2494045143903802,FALSE,Not concordant
OXR1,Non-client mitochondrial proteins,-0.03216663840711639,0.10966881939452162,0.2322248433376889,0.31029270437380546,1.8181269091624024e-6,186,0.7884595179665455,FALSE,Not concordant
OXSM,Non-client mitochondrial proteins,0.056368280268314114,0.08300876160587291,0.05762529460048724,0.04286288399737287,0.17275015889708,186,0.12648641064638544,TRUE,"Concordant inverse
Braak effect"
PAICS,Non-client mitochondrial proteins,0.07736655936608594,-0.11476493654823382,-0.17606073308379017,-0.3281520803598007,8.111648456904669e-5,186,-0.7444909537164281,FALSE,Not concordant
PANK2,Non-client mitochondrial proteins,0.05151110662919009,-0.03182387364402239,-0.08668370072455171,-0.09323244945517688,0.04707371781614387,186,-0.36381781844979666,FALSE,Not concordant
PARK7,Non-client mitochondrial proteins,-0.07059830638524563,-0.06729465631122378,-0.1887787758844098,-0.42492320311654586,3.452313149045634e-5,186,-0.975932674200241,FALSE,Not concordant
PARL,Non-client mitochondrial proteins,-0.1545787523269787,0.04646730189286857,-0.00958292242106773,-0.09599259554885092,0.8368578717352408,186,-0.25365721665690344,FALSE,Not concordant
PARS2,Non-client mitochondrial proteins,0.08248087576631563,0.11427316163497242,0.01537206534068873,0.092320351402791,0.7335229647537828,186,0.22230280196479152,TRUE,"Concordant inverse
Braak effect"
PCBD2,Non-client mitochondrial proteins,-0.12926141168985505,-0.0933243166838158,-0.0975459161133716,-0.224358947492637,0.02109577061314319,186,-0.31439402928449894,FALSE,Not concordant
PCCA,Non-client mitochondrial proteins,0.04565483470094034,0.07848237447621127,-0.09927006872158887,-0.05677524152863964,0.04057881359486785,186,-0.17130018398857358,FALSE,Not concordant
PDE12,Non-client mitochondrial proteins,0.09247303652499542,0.04846683187188034,0.00660918421210472,0.04291822049009084,0.8788727056230847,186,0.11950489769051072,TRUE,"Concordant inverse
Braak effect"
PDE2A,Non-client mitochondrial proteins,0.020469271841708703,0.02830434462474154,0.01678118375569658,0.0299170069337493,0.7165067490435698,186,0.04704631699888188,TRUE,"Concordant inverse
Braak effect"
PDF,Non-client mitochondrial proteins,-0.1954273071339378,0.13740736199466402,0.17661881014866795,0.30354069818475216,4.253548637113894e-4,186,0.6348524562232416,FALSE,Not concordant
PDP1,Non-client mitochondrial proteins,0.028562968952693835,0.133860519372218,0.07598322621048129,0.1590809676346427,0.12385230130024506,186,0.22399679033728756,TRUE,"Concordant inverse
Braak effect"
PDPR,Non-client mitochondrial proteins,0.004753923056654626,-0.02924063110584395,-0.20389748472704633,-0.45549566126576496,7.039029705466577e-5,186,-1.006075004108338,FALSE,Not concordant
PET100,Non-client mitochondrial proteins,-0.044059968258241794,0.08948157399207637,-0.01587136838663936,-0.06123269142481838,0.7239982427956604,186,-0.12684587867409114,FALSE,Not concordant
PEX11B,Non-client mitochondrial proteins,0.003919814177088123,-0.01431564879712575,0.04512396718926521,0.15607466955611976,0.33018846562281257,186,0.27907012223603933,TRUE,"Concordant inverse
Braak effect"
PGS1,Non-client mitochondrial proteins,-0.061487299583021904,0.03517915185509589,0.06645345618197451,0.04266443588555669,0.08544129939731462,186,0.06116803127935832,FALSE,Not concordant
PHYH,Non-client mitochondrial proteins,0.04959520256312144,0.05072146064880665,-0.0294094274907685,-0.07319396054904631,0.5280308509918759,186,-0.17799126198878007,FALSE,Not concordant
PICK1,Non-client mitochondrial proteins,0.1660811780456653,0.1021272496351648,0.18642200910083748,0.4266634404047801,3.193862715159129e-5,186,0.9208571205842933,TRUE,"Concordant inverse
Braak effect"
PISD,Non-client mitochondrial proteins,0.12049995468712157,0.12493329470601826,0.14319009657412235,0.2773150169462759,0.00354792080720437,186,0.7262056003335096,TRUE,"Concordant inverse
Braak effect"
PLGRKT,Non-client mitochondrial proteins,0.1745401147519858,-0.00749282777758103,-0.0772525168451646,-0.25371686503444263,0.15141678886805388,186,-0.38019781040910927,FALSE,Not concordant
PNKD,Non-client mitochondrial proteins,-0.14196065748001205,0.11972465380070248,0.13320536074352057,0.17534894241626592,0.00237425845401433,186,0.3497991247891048,FALSE,Not concordant
PNPLA8,Non-client mitochondrial proteins,0.16187241449320036,0.04689028155291185,-0.03523321174102845,-0.07993928819587501,0.4507837479338901,186,-0.2051162853948648,FALSE,Not concordant
PNPO,Non-client mitochondrial proteins,-0.09004526100275573,-0.09967656048256798,-0.15520548814947094,-0.33718337760235806,2.7304145244373213e-4,186,-0.7220571050720879,FALSE,Not concordant
POLB,Non-client mitochondrial proteins,0.007894519364201588,7.919129777099062e-4,-0.05626392066432968,-0.07332085285131339,0.18185222962815412,186,0.00198244573062726,FALSE,Not concordant
PPM1K,Non-client mitochondrial proteins,-0.11359704455637536,-0.02966449883078916,-0.09391934332305872,-0.17272236716708353,0.04970845950220909,186,-0.4766082659697723,FALSE,Not concordant
PPTC7,Non-client mitochondrial proteins,-0.08044180054527401,0.12818872738120846,0.03272911584687702,0.04432930105439913,0.429236297390982,186,0.08083783336390359,FALSE,Not concordant
PRDX2,Non-client mitochondrial proteins,-0.0456443012297109,-0.02773400990999848,-0.10553805988025908,-0.26842873947773804,0.0287665441107855,186,-0.6283922514514322,FALSE,Not concordant
PRDX5,Non-client mitochondrial proteins,-0.07473915655023426,0.04151230426288428,0.03791253733391341,-0.05498443813499078,0.3721503109786253,186,-0.1701183913799763,FALSE,Not concordant
PRDX6,Non-client mitochondrial proteins,-0.11746353804130535,-0.268156827258087,-0.2420339538427461,-0.5296017198671972,1.0926869826608004e-8,186,-1.125448747081302,FALSE,Not concordant
PREPL,Non-client mitochondrial proteins,-0.0637817713161558,-0.02940227479799307,-0.01914456399351961,-0.06381728726573196,0.6779477280331708,186,-0.117376574837877,FALSE,Not concordant
PRKACA,Non-client mitochondrial proteins,0.20968415326072046,0.04464413826692837,0.14472919857637404,0.1981637967329017,0.00369686423279478,186,0.4372533976202318,TRUE,"Concordant inverse
Braak effect"
PRODH,Non-client mitochondrial proteins,-0.0730315761073897,-0.04002108157293502,-0.14766173490182427,-0.2848598615051332,0.00348472147793652,186,-0.6838789130492403,FALSE,Not concordant
PTGES2,Non-client mitochondrial proteins,-0.013530274084673997,0.06449145418945199,0.1449406168959346,0.2169562604754172,0.00163976414735611,186,0.524106778437505,FALSE,Not concordant
PTRH2,Non-client mitochondrial proteins,0.16201197676749443,0.05522420418761947,0.05826788186488667,0.07841944280105208,0.1018430587405525,186,0.12572932550030191,TRUE,"Concordant inverse
Braak effect"
PUS1,Non-client mitochondrial proteins,0.15656733335055878,0.1182382200019703,0.0634679153380059,0.12689230226707457,0.1854890545667789,186,0.3021994884246986,TRUE,"Concordant inverse
Braak effect"
PUSL1,Non-client mitochondrial proteins,-0.2752795252459466,-0.01700060322544833,-0.0678704582594454,-0.0979665818149455,0.11893774687844044,186,-0.1531592292551402,FALSE,Not concordant
QDPR,Non-client mitochondrial proteins,-0.007859334883720976,-0.145853746027674,-0.04817865763746541,-0.09244533555013676,0.3342306203678186,186,-0.1951401068995058,FALSE,Not concordant
QTRT1,Non-client mitochondrial proteins,0.1038630134592595,0.01508443306369653,-0.12753515802529067,-0.2615736929229341,0.00549970135638658,186,-0.68380829090253,FALSE,Not concordant
RAB24,Non-client mitochondrial proteins,-0.25590656963791064,0.03565489900633099,0.0912273201179132,0.1078918496381363,0.04618242401224482,186,0.27428189056122027,FALSE,Not concordant
RARS2,Non-client mitochondrial proteins,0.1590120948992333,0.07468299089611,-0.03953807866242632,-0.1038608723668702,0.29068949522750326,186,-0.195126684669448,FALSE,Not concordant
RDH13,Non-client mitochondrial proteins,-0.12075605789518513,0.20135918579658008,0.04792349476975803,0.21305408366133952,0.23490921281912927,186,0.4757454234226066,FALSE,Not concordant
RDH14,Non-client mitochondrial proteins,0.003485939583723794,0.04363712195935351,0.07361348606013365,0.0910628773096481,0.11160515268967285,186,0.08082266064416198,TRUE,"Concordant inverse
Braak effect"
REXO2,Non-client mitochondrial proteins,-0.21077060701084574,0.01537050793610951,-0.05048351946973715,-0.04762468460350045,0.2603207683680258,186,-0.1981154427369033,FALSE,Not concordant
RFK,Non-client mitochondrial proteins,0.038590469572660185,0.10505326496770284,0.11685305489684024,0.14998288496983953,0.00596783786161554,186,0.2440337084242072,TRUE,"Concordant inverse
Braak effect"
RHOT1,Non-client mitochondrial proteins,0.09314958661351212,0.02940492312879392,0.1130650232453524,0.24078339097780757,0.02017925595391942,186,0.5320119097565686,TRUE,"Concordant inverse
Braak effect"
RHOT2,Non-client mitochondrial proteins,-0.15175347713316203,0.07800976415703942,-0.00570922564485998,-0.07732988634098441,0.907858837225952,186,-0.12100043349271124,FALSE,Not concordant
RMDN1,Non-client mitochondrial proteins,-0.008659576108656183,0.02135170748091343,-0.0790208563147558,-0.1945535676217843,0.1062028062675439,186,-0.4045906745801118,FALSE,Not concordant
RMDN3,Non-client mitochondrial proteins,0.19140067237541025,0.02361591369566827,-0.14663958978242625,-0.22212068176994107,0.00125485130395836,186,-0.7264467271628199,FALSE,Not concordant
RMND1,Non-client mitochondrial proteins,0.016525060812169853,0.044977995161512,0.03782012138121192,0.1593194869998064,0.4108040530851591,186,0.2691813391191696,TRUE,"Concordant inverse
Braak effect"
RPIA,Non-client mitochondrial proteins,0.08011000382687579,0.03823311431058002,0.01408923020087161,-0.01188685108229685,0.7512937524119061,186,-0.04991323465772362,TRUE,"Concordant inverse
Braak effect"
RTN4IP1,Non-client mitochondrial proteins,-0.1087232044231032,0.07776614257837171,0.10582748959401334,0.09688847428440568,0.02868126997287918,186,0.3178706999009216,FALSE,Not concordant
SARDH,Non-client mitochondrial proteins,-0.09284121556408068,0.01153300867527279,-0.02723775393034605,-0.1324574360950734,0.57477925204823,186,-0.29388618648464854,FALSE,Not concordant
SCO1,Non-client mitochondrial proteins,-0.09779550720169876,0.12370506466833468,0.11584976295404265,0.17659019719257768,0.01371003553052542,186,0.4089059119649121,FALSE,Not concordant
SCO2,Non-client mitochondrial proteins,-0.07023107120202832,0.11326519196745438,0.10881035264557368,0.19096146598241936,0.02611180473619324,186,0.4315963806642395,FALSE,Not concordant
SCP2,Non-client mitochondrial proteins,0.031757118698036234,-0.06421130738525467,-0.15497425297141748,-0.37036428352900713,5.792044654697614e-4,186,-0.8247474571516562,FALSE,Not concordant
SDHAF2,Non-client mitochondrial proteins,0.08930784375369831,0.14115238667327715,0.06257741396189888,0.14163852349895356,0.13686920842462347,186,0.3192486403467298,TRUE,"Concordant inverse
Braak effect"
SDHC,Non-client mitochondrial proteins,0.2934289155764235,0.15022827397415878,0.0863628977079458,0.21173650268817537,0.07791497231706385,186,0.4431101948194769,TRUE,"Concordant inverse
Braak effect"
SDHD,Non-client mitochondrial proteins,0.31528671388072194,0.19937723723698336,0.07956018051065206,0.17302767195449303,0.11332119431850234,186,0.3967027131495037,TRUE,"Concordant inverse
Braak effect"
SDR39U1,Non-client mitochondrial proteins,0.005804185531499826,0.17937286185165302,-0.01257309215795913,0.07845092735725367,0.7941216266151686,186,0.18736326945634768,FALSE,Not concordant
SDSL,Non-client mitochondrial proteins,0.25580070845662395,0.02351694660180375,-0.1483630005923339,-0.27135394097210536,0.00138051924320373,186,-0.6486919935375078,FALSE,Not concordant
SERAC1,Non-client mitochondrial proteins,-0.0688513038979043,0.1119956039837678,0.10512471874286372,0.13465276833203985,0.00683652837646373,186,0.3913972440364831,FALSE,Not concordant
SFXN1,Non-client mitochondrial proteins,-0.019648529387281805,0.16587893683419397,0.14986898025131845,0.2673935654329277,6.498277888170485e-4,186,0.5228476778075439,FALSE,Not concordant
SFXN3,Non-client mitochondrial proteins,-0.15223794993707443,0.05903335046550792,0.12058934850263382,0.16529201190350476,0.007704560532156,186,0.3344896741141026,FALSE,Not concordant
SFXN4,Non-client mitochondrial proteins,0.10165703771846585,0.0988903956008273,0.1081552406105263,0.14635166615458772,0.01615621280482832,186,0.3980517939960824,TRUE,"Concordant inverse
Braak effect"
SFXN5,Non-client mitochondrial proteins,-0.23543363059916023,0.02678430921585786,-0.11544295271186468,-0.1830254496646936,0.01875513538582357,186,-0.440131407690078,FALSE,Not concordant
SIRT3,Non-client mitochondrial proteins,-0.20373561308592247,-0.03154975964519058,-0.11373700497076183,-0.2074231184885555,0.01601085880532534,186,-0.5392766707393013,FALSE,Not concordant
SIRT5,Non-client mitochondrial proteins,-0.0922899204114649,0.06052408663864787,0.0616902411568743,0.06239952815919908,0.1181067251888872,186,0.15618018036234643,FALSE,Not concordant
SLC25A1,Non-client mitochondrial proteins,-0.040737780219078146,-0.04691775285278112,-0.13967893761289968,-0.28011046390599414,0.00336856873132079,186,-0.6770292851170909,FALSE,Not concordant
SLC25A10,Non-client mitochondrial proteins,0.15695506920940142,0.13363289589473978,0.09378116295576087,0.12296913574886248,0.0560126019848069,186,0.28452396455865314,TRUE,"Concordant inverse
Braak effect"
SLC25A11,Non-client mitochondrial proteins,0.2115399074349111,0.1935153285033058,0.17952600533431484,0.36921462018891815,2.010128932402115e-4,186,0.8526445262470838,TRUE,"Concordant inverse
Braak effect"
SLC25A12,Non-client mitochondrial proteins,-0.07468150324516143,0.1535553383548061,0.14037455140931038,0.25731755337095347,0.00242857119822619,186,0.5712005435869019,FALSE,Not concordant
SLC25A14,Non-client mitochondrial proteins,0.0025581610420425515,0.11959900534365292,0.1661403196435639,0.3230162813890965,9.19462132563297e-5,186,0.6860001245886089,TRUE,"Concordant inverse
Braak effect"
SLC25A15,Non-client mitochondrial proteins,0.15379873093367027,0.06662144759298677,-0.00796378345720141,0.02877783844572759,0.8517345403883577,186,0.11901467852841326,FALSE,Not concordant
SLC25A16,Non-client mitochondrial proteins,0.22550090948591456,0.1479577709169149,0.01025075608858897,0.10048534631107388,0.7908600835189934,186,0.2902318013580241,TRUE,"Concordant inverse
Braak effect"
SLC25A18,Non-client mitochondrial proteins,-0.020154480865490345,-0.08368496429195244,0.07242420381174236,0.09708310608637924,0.09247214582183924,186,0.12240774142310368,FALSE,Not concordant
SLC25A19,Non-client mitochondrial proteins,0.04884735354976672,0.06398910185491567,0.09832281830963288,0.1687514967758387,0.03316255530190823,186,0.27210713353335814,TRUE,"Concordant inverse
Braak effect"
SLC25A20,Non-client mitochondrial proteins,-0.23980058272381044,-0.06224654374227736,-0.20912868317039257,-0.3964850162468113,3.6211688974760743e-6,186,-0.942678701318022,FALSE,Not concordant
SLC25A22,Non-client mitochondrial proteins,0.035874932537842866,0.1549548600035437,0.1684667757015305,0.26148591779655384,2.2687478018132353e-4,186,0.5994096102074569,TRUE,"Concordant inverse
Braak effect"
SLC25A23,Non-client mitochondrial proteins,-0.18584874121657732,0.12980832774453127,0.1122656688655524,0.21062118613667,0.01793380447246328,186,0.42630572716070125,FALSE,Not concordant
SLC25A24,Non-client mitochondrial proteins,0.0715217229869638,0.00632053721833112,-0.06602120022988832,-0.15635230609717027,0.13451879252375,186,-0.267197330805477,FALSE,Not concordant
SLC25A25,Non-client mitochondrial proteins,-0.06820253666808895,0.08369482057266303,0.01393866130401441,0.0751021154703557,0.7691873768073296,186,0.19890449995371576,FALSE,Not concordant
SLC25A26,Non-client mitochondrial proteins,-0.12374025372941595,0.06047560719815657,-0.0536888845534738,-0.05134463262259312,0.2468043747037155,186,-0.1915286134715741,FALSE,Not concordant
SLC25A27,Non-client mitochondrial proteins,0.1486681378235922,0.13111662126619192,0.1226318162824364,0.23362590186797605,0.01488937541747453,186,0.5350808056536238,TRUE,"Concordant inverse
Braak effect"
SLC25A29,Non-client mitochondrial proteins,-0.2508811529865724,-0.0731015882865968,0.03815135215860519,0.01530531062382263,0.29822391547620014,186,-0.08151636260946832,FALSE,Not concordant
SLC25A3,Non-client mitochondrial proteins,0.27963107565788864,0.16917732513855388,0.1926615683495161,0.366833242847124,4.8457213598381814e-5,186,0.8689810603882577,TRUE,"Concordant inverse
Braak effect"
SLC25A32,Non-client mitochondrial proteins,0.11142285390146972,0.12057262453941224,0.137726982991881,0.19379984642786707,0.00325980154792315,186,0.434702146720794,TRUE,"Concordant inverse
Braak effect"
SLC25A33,Non-client mitochondrial proteins,0.24681679957383407,0.10437007951011083,0.06142480549382246,0.09945398857610616,0.20863205284450473,186,0.1980698975234596,TRUE,"Concordant inverse
Braak effect"
SLC25A36,Non-client mitochondrial proteins,0.09609822348784124,0.09776527043309258,0.12351538587621692,0.245081509938057,0.0086426022276638,186,0.4820736560389195,TRUE,"Concordant inverse
Braak effect"
SLC25A4,Non-client mitochondrial proteins,0.12992213658078375,0.17875927119099347,0.2102447728811175,0.4310598293434769,1.912997911758017e-6,186,0.9946146802169368,TRUE,"Concordant inverse
Braak effect"
SLC25A40,Non-client mitochondrial proteins,-0.047676708308321096,0.10322065726716576,0.09639082439352116,0.18299778141833464,0.01644845428782958,186,0.4498327845389194,FALSE,Not concordant
SLC25A42,Non-client mitochondrial proteins,0.13663386129956,0.05753244273828186,0.01203097523215557,-0.00612136098756052,0.7858844255818416,186,-0.01017525681079149,TRUE,"Concordant inverse
Braak effect"
SLC25A44,Non-client mitochondrial proteins,-0.039672613572239335,0.09242615939882774,0.06782902098672099,0.1094689396805985,0.09897674082031964,186,0.1943368928125092,FALSE,Not concordant
SLC25A46,Non-client mitochondrial proteins,0.15375699348005673,0.1800719546523226,0.2632484118791775,0.4492846169969029,2.2333343227930174e-7,186,0.9874306426311608,TRUE,"Concordant inverse
Braak effect"
SLC25A51,Non-client mitochondrial proteins,0.029094723588637555,0.08970865695761086,0.15718011076012525,0.31544949304864406,4.905868825460647e-5,186,0.6290320470378028,TRUE,"Concordant inverse
Braak effect"
SLC30A9,Non-client mitochondrial proteins,-0.12816806692420393,0.05290721837965667,0.0931904941727388,0.04934774849744283,0.03588081614497534,186,0.09166864673930912,FALSE,Not concordant
SMIM20,Non-client mitochondrial proteins,-0.22087446322062637,0.09251007516204528,0.03284945395824091,0.03615953575881298,0.482598549068589,186,0.10484422059479102,FALSE,Not concordant
SNAP29,Non-client mitochondrial proteins,-0.10036956997152445,0.02284186910461311,-0.00419008572183177,-0.06489634887373241,0.9282363287667392,186,-0.1749931899760121,FALSE,Not concordant
SND1,Non-client mitochondrial proteins,-0.08821731960544948,-0.02446658375320816,-0.14820559267001088,-0.23361731517083015,0.00229877883905768,186,-0.5427023245196027,FALSE,Not concordant
SOD1,Non-client mitochondrial proteins,-0.06629461961698226,-0.05303815929238226,-0.19734110108068775,-0.3774941043924796,3.468055506784457e-6,186,-0.8265278134928944,FALSE,Not concordant
SPATA20,Non-client mitochondrial proteins,0.010498324792442887,-5.956915340950502e-4,-0.00923133424379434,-0.01498474059704265,0.8619448507980474,186,0.0313524634913811,FALSE,Not concordant
SPG7,Non-client mitochondrial proteins,0.08293871920423537,0.104941967475144,0.20194046792615916,0.3689970905278889,2.8030161007004733e-5,186,0.8541979004309177,TRUE,"Concordant inverse
Braak effect"
SPHK2,Non-client mitochondrial proteins,-0.13836768139952993,0.02384913069332657,-0.0167310382582225,0.03504803551715026,0.6515726217251525,186,0.11705667108943477,FALSE,Not concordant
SPHKAP,Non-client mitochondrial proteins,-0.026307905653660014,0.1308626449190737,0.02811586275582094,0.10503534172093612,0.5877338019906535,186,0.20250463556011364,FALSE,Not concordant
SPIRE1,Non-client mitochondrial proteins,-0.19355131210269613,-0.00468744152064645,-0.07958223203493159,-0.1420058433213056,0.06504361278298262,186,-0.2485636379638826,FALSE,Not concordant
SPR,Non-client mitochondrial proteins,-0.06255868462677952,-0.10919678289570948,-0.10648118409902824,-0.2563692003750627,0.02306514441862601,186,-0.5696318199246055,FALSE,Not concordant
SPTLC2,Non-client mitochondrial proteins,0.010134948151798804,0.01367569664080512,-0.0464176606328951,0.00375620296259753,0.3386659513306335,186,0.0204341768581339,FALSE,Not concordant
STARD7,Non-client mitochondrial proteins,-0.2557982897725671,-0.09707981306969404,-0.1726851727022974,-0.2519785359011298,7.486360157787979e-5,186,-0.6565441021431027,FALSE,Not concordant
STOM,Non-client mitochondrial proteins,-0.1268978296034658,-0.0635585489473472,-0.16168484572061737,-0.35304300723082105,3.4761721451063244e-4,186,-0.818403571891443,FALSE,Not concordant
STX17,Non-client mitochondrial proteins,0.007552250600106221,0.115539400466002,0.12688018226413345,0.2393341473150731,0.00376731669044074,186,0.46963851814100754,TRUE,"Concordant inverse
Braak effect"
SUOX,Non-client mitochondrial proteins,-0.2329716044514051,0.08381613193952489,0.04600566483074044,0.07771533363508891,0.3633323006389034,186,0.15494032647896908,FALSE,Not concordant
SURF1,Non-client mitochondrial proteins,0.006151318411671319,0.04226786665016923,-0.0279188712509871,-0.01786128414091656,0.5521998528074408,186,-0.0057033436871049,FALSE,Not concordant
TDRKH,Non-client mitochondrial proteins,-0.07819662751701062,0.06920143665877482,0.1029104102925605,0.2001110688300979,0.01318850846030452,186,0.519211462979142,FALSE,Not concordant
TEFM,Non-client mitochondrial proteins,0.09466658627077101,0.06442778108133684,0.0353666021003292,0.04829349290341939,0.3918385709657036,186,0.05844888776555711,TRUE,"Concordant inverse
Braak effect"
TFB2M,Non-client mitochondrial proteins,-0.02116091630065168,0.10108520836245705,-0.00705659289930895,0.00344994409772738,0.8763924397775608,186,0.05724127021426063,FALSE,Not concordant
THEM4,Non-client mitochondrial proteins,0.21291575704589413,0.09911889867022396,0.08965721619577428,0.20771506619151583,0.0354477893896796,186,0.41923218160178233,TRUE,"Concordant inverse
Braak effect"
THG1L,Non-client mitochondrial proteins,0.12425178236089457,0.00667353668372806,-0.03428155643918249,-0.14715022898915572,0.4485377817068365,186,-0.1560431403977315,FALSE,Not concordant
THNSL1,Non-client mitochondrial proteins,0.24609632823285593,0.09098239083900136,0.10250553347858972,0.21296249222511665,0.05211204430956832,186,0.27810510948974065,TRUE,"Concordant inverse
Braak effect"
TIMM10,Non-client mitochondrial proteins,0.21926720059599705,0.11526317740141176,0.10559298696153968,0.20989227095672983,0.01035576527591396,186,0.36740911636768914,TRUE,"Concordant inverse
Braak effect"
TIMM10B,Non-client mitochondrial proteins,-0.015479773344243455,0.1145145768376066,0.15407937562331153,0.25840806390848176,2.829533167627426e-4,186,0.5214508955115449,FALSE,Not concordant
TIMM17B,Non-client mitochondrial proteins,-0.06693784007115793,0.08312821436668706,0.12294111907725988,0.15949503725256683,0.00870840372294712,186,0.27311183149938356,FALSE,Not concordant
TIMM21,Non-client mitochondrial proteins,-0.277149252505981,0.04597806703407469,0.02815161389477598,-0.00732349858798544,0.4728708527506608,186,-0.14225838356383208,FALSE,Not concordant
TIMM22,Non-client mitochondrial proteins,0.29970376859775844,0.08208149497684868,0.05938127584980404,0.1885409714647384,0.1580162084073126,186,0.3646588888151504,TRUE,"Concordant inverse
Braak effect"
TIMM23,Non-client mitochondrial proteins,-0.0416926392923169,0.08233483184018536,0.05507282283535465,0.16978667082064902,0.16368099799966124,186,0.28407821957065527,FALSE,Not concordant
TIMM50,Non-client mitochondrial proteins,-0.19776176147302107,0.09794068038942112,0.09612500896394666,0.15027006228549658,0.03023890086429761,186,0.2946684312705531,FALSE,Not concordant
TIMM8A,Non-client mitochondrial proteins,0.11721454263455663,0.19911329330981015,0.18309280920214743,0.272819403951671,2.0208193602811273e-5,186,0.5984156174263208,TRUE,"Concordant inverse
Braak effect"
TIMM9,Non-client mitochondrial proteins,0.053939711927178155,0.14104340458507603,0.1120131968546915,0.16933634625922003,0.0193516955694357,186,0.301119314032257,TRUE,"Concordant inverse
Braak effect"
TIMMDC1,Non-client mitochondrial proteins,-0.07352653229248413,0.07350066660824042,0.00947764822486963,-0.05590607696198322,0.8287675987333003,186,-0.17389687319360167,FALSE,Not concordant
TK2,Non-client mitochondrial proteins,-0.01816798285051952,0.04698167900012225,0.02141290154341216,-0.0447996612425019,0.5841447599823031,186,-0.09055883985032567,FALSE,Not concordant
TMEM11,Non-client mitochondrial proteins,-0.0891145562349176,0.08466660788382357,0.06383825363551786,0.171010752202669,0.18762484048656225,186,0.3347224324578759,FALSE,Not concordant
TMEM126A,Non-client mitochondrial proteins,-0.16177673976189072,0.16165400012039471,0.1533245871896737,0.21581613790993484,5.023173786274684e-4,186,0.4459025743890539,FALSE,Not concordant
TMEM143,Non-client mitochondrial proteins,0.12045081754841812,0.12031403931977004,0.10752660618570575,0.20474883936634036,0.00935684839247968,186,0.5076620054292621,TRUE,"Concordant inverse
Braak effect"
TMEM14C,Non-client mitochondrial proteins,0.18035930728284533,0.02792599376180565,-0.06282927363576724,-0.11019690078307803,0.1198736261044692,186,-0.21478910053522524,FALSE,Not concordant
TMEM177,Non-client mitochondrial proteins,-0.10538810937189695,0.1105185324109118,0.08678033725606242,0.16930009131571516,0.0308164323137165,186,0.26492181455037295,FALSE,Not concordant
TMEM186,Non-client mitochondrial proteins,0.24207728416726584,0.08179388588432208,0.07565426037410339,0.15542398872795324,0.1251358151657619,186,0.30423075032343827,TRUE,"Concordant inverse
Braak effect"
TMEM205,Non-client mitochondrial proteins,-0.03576763320643824,-0.03873161495268303,-0.12838433807133798,-0.18491833934663252,0.00311163232767143,186,-0.5508158104384587,FALSE,Not concordant
TMEM65,Non-client mitochondrial proteins,-0.18777033541570426,0.12988505282371574,0.08207935064286649,0.12159621828298034,0.06580234832187758,186,0.20374461922289783,FALSE,Not concordant
TMEM70,Non-client mitochondrial proteins,0.1749972263478511,0.09586506623492044,0.07098541404822976,0.18042558858440955,0.09876965262890015,186,0.3894590389770901,TRUE,"Concordant inverse
Braak effect"
TMLHE,Non-client mitochondrial proteins,-0.040107968789713226,0.06922380431353553,-0.07329422730732649,-0.0275098695005175,0.1745962631959488,186,0.05894090541874738,FALSE,Not concordant
TOMM20,Non-client mitochondrial proteins,-0.009665408756472635,0.14763828387727346,0.145857365187402,0.2495475465313816,0.00137031603610789,186,0.5220571601717394,FALSE,Not concordant
TOMM22,Non-client mitochondrial proteins,0.26506331281705975,0.1323921413992208,0.14209195935127716,0.23761871604081597,9.321895735443448e-4,186,0.4209293625644974,TRUE,"Concordant inverse
Braak effect"
TOMM34,Non-client mitochondrial proteins,-0.2239873037039428,-0.00321495910147866,-0.14252238119913602,-0.2430846258129067,0.00702232390437414,186,-0.485395781105423,FALSE,Not concordant
TOMM40,Non-client mitochondrial proteins,0.13481807394228768,0.07980044328966147,0.1175611757367938,0.16965309997615738,0.02580071720975597,186,0.3905835341924285,TRUE,"Concordant inverse
Braak effect"
TOMM40L,Non-client mitochondrial proteins,-0.2243861184951002,0.07912634191846929,0.07189822341140928,0.1192701774339042,0.12755262465032646,186,0.2105712975282071,FALSE,Not concordant
TOMM5,Non-client mitochondrial proteins,-0.030810450720314284,0.17191135805700833,0.14290561310368416,0.2391108931892799,2.915188066369177e-4,186,0.5472642560863045,FALSE,Not concordant
TOMM6,Non-client mitochondrial proteins,0.11595212477472877,0.07030380119233015,0.04042182005825801,0.08812908911813491,0.22072713878420427,186,0.23433487716500365,TRUE,"Concordant inverse
Braak effect"
TRIAP1,Non-client mitochondrial proteins,0.2007892720539094,0.1265175011571634,0.08837140977950592,0.10957293412380988,0.03430247184687281,186,0.29566106246912865,TRUE,"Concordant inverse
Braak effect"
TRMT1,Non-client mitochondrial proteins,-0.06038978975807756,0.09419539080854906,-0.00811280789691412,-0.00162383983803429,0.8356061477599183,186,-0.10123809484069654,FALSE,Not concordant
TRMT10C,Non-client mitochondrial proteins,0.06393444071046428,0.13240698666849882,0.01542495347995239,0.10971890797529003,0.7503813422774485,186,0.2014708774599469,TRUE,"Concordant inverse
Braak effect"
TRMT5,Non-client mitochondrial proteins,-0.026754348702619973,0.0126944538628569,-0.05405115714461591,0.07809124015458686,0.182877676105776,186,0.04049272876216488,FALSE,Not concordant
TRNT1,Non-client mitochondrial proteins,-0.0373529833459367,0.01831490187149713,-0.08724973298520755,-0.1186509811619393,0.08689078582312933,186,-0.3647246477519597,FALSE,Not concordant
TSPO,Non-client mitochondrial proteins,-0.14641851010659393,-0.1851595293745943,-0.2190155714001591,-0.49415297181657186,3.0310210430097515e-8,186,-1.150006954332273,FALSE,Not concordant
TSTD1,Non-client mitochondrial proteins,-0.022659915247056614,0.09606346946349,0.08228782541041474,0.21144073867537241,0.09647712945769144,186,0.5163986283572588,FALSE,Not concordant
TTC19,Non-client mitochondrial proteins,0.1022080273315394,0.17429731056114006,0.13117294685421424,0.3234255806197173,0.0088901523713519,186,0.6703575673907443,TRUE,"Concordant inverse
Braak effect"
TXN2,Non-client mitochondrial proteins,0.07509845556613111,0.06879244280022621,-0.03257100563432742,0.0114689651545301,0.4890165488703811,186,0.00605188455874991,FALSE,Not concordant
TXNRD1,Non-client mitochondrial proteins,-0.02103935540613596,-0.08493796681221845,-0.2296145749954584,-0.487477291824371,3.5948809141807326e-8,186,-1.067985806329224,FALSE,Not concordant
TXNRD2,Non-client mitochondrial proteins,0.09150175317142692,0.06808934249588043,0.0462897337363027,0.1107998777382118,0.3109550550299141,186,0.16459560441104454,TRUE,"Concordant inverse
Braak effect"
UNG,Non-client mitochondrial proteins,-0.07450191383230086,0.03209131621341163,-0.05058062531398635,-0.15788550857644237,0.28286381555806,186,-0.23130773263899715,FALSE,Not concordant
UQCC1,Non-client mitochondrial proteins,0.1827128393233314,0.04019583578007354,0.05674271219535835,0.08638312736513683,0.22187355512846915,186,0.1784363784865931,TRUE,"Concordant inverse
Braak effect"
UQCC2,Non-client mitochondrial proteins,0.008094468260622049,0.00611937347235675,0.0909193358963416,0.10826775615763425,0.0553672915545067,186,0.2792475213519169,TRUE,"Concordant inverse
Braak effect"
UQCR10,Non-client mitochondrial proteins,-0.07914331966604084,0.21346135841591887,0.01037227499454165,0.07246504536910613,0.8058554656340489,186,0.15443623027428194,FALSE,Not concordant
UQCRB,Non-client mitochondrial proteins,0.18394230882124787,0.20962424191296453,0.1822094147515006,0.3057684690553809,4.12802512649535e-5,186,0.7245588029823489,TRUE,"Concordant inverse
Braak effect"
UQCRH,Non-client mitochondrial proteins,0.19304714174532464,0.18465450690757151,0.129764666771488,0.2803852382146627,0.00264610004090914,186,0.6617112342971504,TRUE,"Concordant inverse
Braak effect"
UQCRQ,Non-client mitochondrial proteins,0.009611808110776674,0.21226422632704003,0.13296345631001175,0.19752551891172365,0.00282162367884613,186,0.3915368876646244,TRUE,"Concordant inverse
Braak effect"
USP30,Non-client mitochondrial proteins,0.28748947035855066,-0.02844118344674109,-0.06851042156033313,-0.07050441618746073,0.1052557469297534,186,-0.18297280536667335,FALSE,Not concordant
VDAC1,Non-client mitochondrial proteins,-0.11410765642499976,0.17349062404709265,0.19347651492122453,0.32625537436801916,2.541495695621776e-5,186,0.7204611777140953,FALSE,Not concordant
VDAC2,Non-client mitochondrial proteins,0.06388689715867689,0.1284629952972575,0.19342825934780647,0.3284678799992774,1.0696295080094002e-5,186,0.7339008420391685,TRUE,"Concordant inverse
Braak effect"
VDAC3,Non-client mitochondrial proteins,0.24607976737932333,0.10720705057068196,0.17227997234992914,0.32224634087834814,4.337040392744326e-4,186,0.7150625690836765,TRUE,"Concordant inverse
Braak effect"
VPS13D,Non-client mitochondrial proteins,-0.008233775601868162,0.03085603720293446,-0.0669686701538346,-0.02796305629432848,0.10051412451473828,186,-0.0134435178836362,FALSE,Not concordant
VWA8,Non-client mitochondrial proteins,-0.15086599837398493,0.05498397234233449,-0.04282396718528733,0.01390472491158153,0.34156614177489075,186,-0.13021500103160216,FALSE,Not concordant
WARS2,Non-client mitochondrial proteins,-0.08942307042281616,0.05172820999466607,0.0146275527921278,-0.133525048773546,0.7646911755751472,186,-0.2413637435860046,FALSE,Not concordant
YME1L1,Non-client mitochondrial proteins,0.06739171620578138,0.10483197411124837,0.02352804154970534,0.19799301686744447,0.6397676331319833,186,0.18871261504387352,TRUE,"Concordant inverse
Braak effect"
YRDC,Non-client mitochondrial proteins,-0.12271994437453804,0.02118157286068382,0.03324564968585467,0.08154595463961752,0.43390155783162465,186,0.20523394574248327,FALSE,Not concordant
