gene,protein_collapse_magnitude,inverse_braak_magnitude,cognition_composite_score,cognition_metric_source,cognition_component_source,n_cognition_components,matching_abundance,abundance_bin,agora_nominated_target,is_hsp60_10_client,collapse_rank,inverse_braak_rank,cognition_rank,braak_rho,group
AARS2,0.05851602284238769,0.00612092461595381,0.5,outputs/supplemental_figures/audits/COGNITION_LOOKUP_SELECTED_FOR_SUPPLEMENTAL_NULL.csv,cognition_composite_score,NA,0.05851602284238769,3,0,TRUE,0.3745704467353952,0.3333333333333333,0.14432989690721648,NA,Hsp60/10 clients
ABHD10,0.10412245833701578,0.01400650327300738,1.5,outputs/supplemental_figures/audits/COGNITION_LOOKUP_SELECTED_FOR_SUPPLEMENTAL_NULL.csv,cognition_composite_score,NA,0.10412245833701578,5,0,TRUE,0.5670103092783505,0.5979381443298969,0.44673539518900346,NA,Hsp60/10 clients
ABHD11,0.11528379308674644,0.02026916026262786,9.5,outputs/supplemental_figures/audits/COGNITION_LOOKUP_SELECTED_FOR_SUPPLEMENTAL_NULL.csv,cognition_composite_score,NA,0.11528379308674644,5,0,TRUE,0.6288659793814433,0.7628865979381443,0.7525773195876289,NA,Hsp60/10 clients
ACAA2,2.3353562605216624e-4,-0.00392649702488769,0.5,outputs/supplemental_figures/audits/COGNITION_LOOKUP_SELECTED_FOR_SUPPLEMENTAL_NULL.csv,cognition_composite_score,NA,2.3353562605216624e-4,1,0,TRUE,0.15463917525773196,0.13402061855670103,0.14432989690721648,NA,Hsp60/10 clients
ACAD9,0.11995537057963726,0.01462042766199366,1.5,outputs/supplemental_figures/audits/COGNITION_LOOKUP_SELECTED_FOR_SUPPLEMENTAL_NULL.csv,cognition_composite_score,NA,0.11995537057963726,5,0,TRUE,0.6632302405498282,0.6185567010309279,0.44673539518900346,NA,Hsp60/10 clients
ACADVL,0.04388821489181965,0.00854371913189924,8.5,outputs/supplemental_figures/audits/COGNITION_LOOKUP_SELECTED_FOR_SUPPLEMENTAL_NULL.csv,cognition_composite_score,NA,0.04388821489181965,3,0,TRUE,0.30584192439862545,0.41924398625429554,0.7319587628865979,NA,Hsp60/10 clients
ACAT1,0.00459778586067567,-7.299011072798707e-4,0,outputs/supplemental_figures/audits/COGNITION_LOOKUP_SELECTED_FOR_SUPPLEMENTAL_NULL.csv,cognition_composite_score,NA,0.00459778586067567,1,0,TRUE,0.1718213058419244,0.17869415807560138,0,NA,Hsp60/10 clients
ACO2,0.1783707260781702,0.0276653662697119,3.5,outputs/supplemental_figures/audits/COGNITION_LOOKUP_SELECTED_FOR_SUPPLEMENTAL_NULL.csv,cognition_composite_score,NA,0.1783707260781702,5,0,TRUE,0.8831615120274914,0.8831615120274914,0.6219931271477663,NA,Hsp60/10 clients
ACOT13,0.13652043463592092,0.02384503601523237,0.5,outputs/supplemental_figures/audits/COGNITION_LOOKUP_SELECTED_FOR_SUPPLEMENTAL_NULL.csv,cognition_composite_score,NA,0.13652043463592092,5,0,TRUE,0.738831615120275,0.8350515463917526,0.14432989690721648,NA,Hsp60/10 clients
ACSF3,0.09319662211268334,0.01158232612655033,2.5,outputs/supplemental_figures/audits/COGNITION_LOOKUP_SELECTED_FOR_SUPPLEMENTAL_NULL.csv,cognition_composite_score,NA,0.09319662211268334,4,0,TRUE,0.5189003436426117,0.5051546391752577,0.5395189003436426,NA,Hsp60/10 clients
AFG3L2,0.12858114218264358,0.01875241663875919,12.5,outputs/supplemental_figures/audits/COGNITION_LOOKUP_SELECTED_FOR_SUPPLEMENTAL_NULL.csv,cognition_composite_score,NA,0.12858114218264358,5,0,TRUE,0.7044673539518901,0.718213058419244,0.8694158075601375,NA,Hsp60/10 clients
AIFM1,0.11107249639895,0.01672917949585444,9.5,outputs/supplemental_figures/audits/COGNITION_LOOKUP_SELECTED_FOR_SUPPLEMENTAL_NULL.csv,cognition_composite_score,NA,0.11107249639895,5,0,TRUE,0.5910652920962199,0.6769759450171822,0.7525773195876289,NA,Hsp60/10 clients
AK2,-0.0220526211293345,-0.00884374145156332,0.5,outputs/supplemental_figures/audits/COGNITION_LOOKUP_SELECTED_FOR_SUPPLEMENTAL_NULL.csv,cognition_composite_score,NA,0.0220526211293345,2,0,TRUE,0.10309278350515463,0.07216494845360824,0.14432989690721648,NA,Hsp60/10 clients
AK3,-0.0643293334940378,-0.01425537134456316,0.5,outputs/supplemental_figures/audits/COGNITION_LOOKUP_SELECTED_FOR_SUPPLEMENTAL_NULL.csv,cognition_composite_score,NA,0.0643293334940378,4,0,TRUE,0.041237113402061855,0.03436426116838488,0.14432989690721648,NA,Hsp60/10 clients
AK4,-0.01182518844354438,-6.18159944441826e-5,0.5,outputs/supplemental_figures/audits/COGNITION_LOOKUP_SELECTED_FOR_SUPPLEMENTAL_NULL.csv,cognition_composite_score,NA,0.01182518844354438,1,0,TRUE,0.12371134020618557,0.18900343642611683,0.14432989690721648,NA,Hsp60/10 clients
AKR7A2,-0.11862585214220164,-0.0204077995153249,0,outputs/supplemental_figures/audits/COGNITION_LOOKUP_SELECTED_FOR_SUPPLEMENTAL_NULL.csv,cognition_composite_score,NA,0.11862585214220164,5,0,TRUE,0.01718213058419244,0.01718213058419244,0,NA,Hsp60/10 clients
ALDH18A1,0.00903534583400907,-0.00541482540215055,0.5,outputs/supplemental_figures/audits/COGNITION_LOOKUP_SELECTED_FOR_SUPPLEMENTAL_NULL.csv,cognition_composite_score,NA,0.00903534583400907,1,0,TRUE,0.18556701030927836,0.12027491408934708,0.14432989690721648,NA,Hsp60/10 clients
ALDH1B1,0.10166169346803132,0.01260531513891501,0.5,outputs/supplemental_figures/audits/COGNITION_LOOKUP_SELECTED_FOR_SUPPLEMENTAL_NULL.csv,cognition_composite_score,NA,0.10166169346803132,5,0,TRUE,0.5532646048109966,0.5360824742268041,0.14432989690721648,NA,Hsp60/10 clients
ALDH2,0.0361968627861355,0.00811897652644353,0.5,outputs/supplemental_figures/audits/COGNITION_LOOKUP_SELECTED_FOR_SUPPLEMENTAL_NULL.csv,cognition_composite_score,NA,0.0361968627861355,3,0,TRUE,0.27147766323024053,0.3951890034364261,0.14432989690721648,NA,Hsp60/10 clients
ALDH5A1,0.09062609657304814,0.01372712775362977,1.5,outputs/supplemental_figures/audits/COGNITION_LOOKUP_SELECTED_FOR_SUPPLEMENTAL_NULL.csv,cognition_composite_score,NA,0.09062609657304814,4,0,TRUE,0.5017182130584192,0.5807560137457045,0.44673539518900346,NA,Hsp60/10 clients
ALDH7A1,-0.05166724368830178,-4.197304486593743e-4,0,outputs/supplemental_figures/audits/COGNITION_LOOKUP_SELECTED_FOR_SUPPLEMENTAL_NULL.csv,cognition_composite_score,NA,0.05166724368830178,3,0,TRUE,0.058419243986254296,0.18213058419243985,0,NA,Hsp60/10 clients
ALDH9A1,-0.19268921105960535,-0.0336864015601659,0,outputs/supplemental_figures/audits/COGNITION_LOOKUP_SELECTED_FOR_SUPPLEMENTAL_NULL.csv,cognition_composite_score,NA,0.19268921105960535,5,0,TRUE,0.006872852233676976,0.006872852233676976,0,NA,Hsp60/10 clients
ALYREF,0.00174582019050252,-0.00277871846806686,0,outputs/supplemental_figures/audits/COGNITION_LOOKUP_SELECTED_FOR_SUPPLEMENTAL_NULL.csv,cognition_composite_score,NA,0.00174582019050252,1,0,TRUE,0.16494845360824742,0.15120274914089346,0,NA,Hsp60/10 clients
ARL2,-0.03473028785720124,-0.00580060073097718,0.5,outputs/supplemental_figures/audits/COGNITION_LOOKUP_SELECTED_FOR_SUPPLEMENTAL_NULL.csv,cognition_composite_score,NA,0.03473028785720124,2,0,TRUE,0.0859106529209622,0.1134020618556701,0.14432989690721648,NA,Hsp60/10 clients
ATAD3A,0.08961867979454002,0.0105672168972998,12.5,outputs/supplemental_figures/audits/COGNITION_LOOKUP_SELECTED_FOR_SUPPLEMENTAL_NULL.csv,cognition_composite_score,NA,0.08961867979454002,4,0,TRUE,0.49828178694158076,0.4742268041237113,0.8694158075601375,NA,Hsp60/10 clients
BCAT2,0.03889657109743214,-0.00695041106763002,0.5,outputs/supplemental_figures/audits/COGNITION_LOOKUP_SELECTED_FOR_SUPPLEMENTAL_NULL.csv,cognition_composite_score,NA,0.03889657109743214,3,0,TRUE,0.28865979381443296,0.07903780068728522,0.14432989690721648,NA,Hsp60/10 clients
BCKDHB,0.03730175528776751,0.0066632408173032,12.5,outputs/supplemental_figures/audits/COGNITION_LOOKUP_SELECTED_FOR_SUPPLEMENTAL_NULL.csv,cognition_composite_score,NA,0.03730175528776751,3,0,TRUE,0.281786941580756,0.3402061855670103,0.8694158075601375,NA,Hsp60/10 clients
BCKDK,0.10258704148345787,0.01286490156155835,0.5,outputs/supplemental_figures/audits/COGNITION_LOOKUP_SELECTED_FOR_SUPPLEMENTAL_NULL.csv,cognition_composite_score,NA,0.10258704148345787,5,0,TRUE,0.5567010309278351,0.5463917525773195,0.14432989690721648,NA,Hsp60/10 clients
BCS1L,0.05149818860129921,0.00626789410385012,3.5,outputs/supplemental_figures/audits/COGNITION_LOOKUP_SELECTED_FOR_SUPPLEMENTAL_NULL.csv,cognition_composite_score,NA,0.05149818860129921,3,0,TRUE,0.3436426116838488,0.33676975945017185,0.6219931271477663,NA,Hsp60/10 clients
C1QBP,0.08065933089199484,0.01358785989076845,0.5,outputs/supplemental_figures/audits/COGNITION_LOOKUP_SELECTED_FOR_SUPPLEMENTAL_NULL.csv,cognition_composite_score,NA,0.08065933089199484,4,0,TRUE,0.45017182130584193,0.570446735395189,0.14432989690721648,NA,Hsp60/10 clients
CARS2,0.05283232976445155,-7.701121122605545e-4,0.5,outputs/supplemental_figures/audits/COGNITION_LOOKUP_SELECTED_FOR_SUPPLEMENTAL_NULL.csv,cognition_composite_score,NA,0.05283232976445155,3,0,TRUE,0.3470790378006873,0.17525773195876287,0.14432989690721648,NA,Hsp60/10 clients
CBR4,-0.04662838183233309,-0.0142337151153551,0.5,outputs/supplemental_figures/audits/COGNITION_LOOKUP_SELECTED_FOR_SUPPLEMENTAL_NULL.csv,cognition_composite_score,NA,0.04662838183233309,3,0,TRUE,0.06872852233676977,0.037800687285223365,0.14432989690721648,NA,Hsp60/10 clients
CCDC90B,-0.01999245463667029,-0.0029530751199691,0,outputs/supplemental_figures/audits/COGNITION_LOOKUP_SELECTED_FOR_SUPPLEMENTAL_NULL.csv,cognition_composite_score,NA,0.01999245463667029,2,0,TRUE,0.10996563573883161,0.14776632302405499,0,NA,Hsp60/10 clients
CCT3,0.00588562318702158,0.00286158245781362,0,outputs/supplemental_figures/audits/COGNITION_LOOKUP_SELECTED_FOR_SUPPLEMENTAL_NULL.csv,cognition_composite_score,NA,0.00588562318702158,1,0,TRUE,0.17869415807560138,0.2508591065292096,0,NA,Hsp60/10 clients
CCT6A,0.01376792869756141,0.00324492505531953,0,outputs/supplemental_figures/audits/COGNITION_LOOKUP_SELECTED_FOR_SUPPLEMENTAL_NULL.csv,cognition_composite_score,NA,0.01376792869756141,1,0,TRUE,0.1958762886597938,0.2646048109965636,0,NA,Hsp60/10 clients
CHCHD1,0.1572125451114117,0.02326228034204567,0.5,outputs/supplemental_figures/audits/COGNITION_LOOKUP_SELECTED_FOR_SUPPLEMENTAL_NULL.csv,cognition_composite_score,NA,0.1572125451114117,5,0,TRUE,0.8213058419243986,0.8247422680412371,0.14432989690721648,NA,Hsp60/10 clients
CLPP,-0.00742909094408654,-8.392437051906542e-4,0,outputs/supplemental_figures/audits/COGNITION_LOOKUP_SELECTED_FOR_SUPPLEMENTAL_NULL.csv,cognition_composite_score,NA,0.00742909094408654,1,0,TRUE,0.13402061855670103,0.1718213058419244,0,NA,Hsp60/10 clients
CLPX,-0.06357114838896753,-0.00755258361534413,0.5,outputs/supplemental_figures/audits/COGNITION_LOOKUP_SELECTED_FOR_SUPPLEMENTAL_NULL.csv,cognition_composite_score,NA,0.06357114838896753,4,0,TRUE,0.044673539518900345,0.07560137457044673,0.14432989690721648,NA,Hsp60/10 clients
CNP,-0.03749307314335558,-1.4087841436879537e-4,0,outputs/supplemental_figures/audits/COGNITION_LOOKUP_SELECTED_FOR_SUPPLEMENTAL_NULL.csv,cognition_composite_score,NA,0.03749307314335558,3,0,TRUE,0.08247422680412371,0.18556701030927836,0,NA,Hsp60/10 clients
COX4I1,0.1844593336515992,0.02608205890375827,9.5,outputs/supplemental_figures/audits/COGNITION_LOOKUP_SELECTED_FOR_SUPPLEMENTAL_NULL.csv,cognition_composite_score,NA,0.1844593336515992,5,0,TRUE,0.8934707903780069,0.865979381443299,0.7525773195876289,NA,Hsp60/10 clients
COX7A2L,0.23233696675307935,0.03572630164146341,12.5,outputs/supplemental_figures/audits/COGNITION_LOOKUP_SELECTED_FOR_SUPPLEMENTAL_NULL.csv,cognition_composite_score,NA,0.23233696675307935,5,0,TRUE,0.9862542955326461,0.9759450171821306,0.8694158075601375,NA,Hsp60/10 clients
CPOX,0.02038176510084296,-0.00159487118269152,1.5,outputs/supplemental_figures/audits/COGNITION_LOOKUP_SELECTED_FOR_SUPPLEMENTAL_NULL.csv,cognition_composite_score,NA,0.02038176510084296,2,0,TRUE,0.2268041237113402,0.16494845360824742,0.44673539518900346,NA,Hsp60/10 clients
CPT2,0.02028176031105094,-0.00520250185370871,3.5,outputs/supplemental_figures/audits/COGNITION_LOOKUP_SELECTED_FOR_SUPPLEMENTAL_NULL.csv,cognition_composite_score,NA,0.02028176031105094,2,0,TRUE,0.22336769759450173,0.12371134020618557,0.6219931271477663,NA,Hsp60/10 clients
CRYZ,3.6878971920616506e-4,0.00152231851974034,0,outputs/supplemental_figures/audits/COGNITION_LOOKUP_SELECTED_FOR_SUPPLEMENTAL_NULL.csv,cognition_composite_score,NA,3.6878971920616506e-4,1,0,TRUE,0.15807560137457044,0.2268041237113402,0,NA,Hsp60/10 clients
CS,0.1593267701013359,0.02547784215368884,12.5,outputs/supplemental_figures/audits/COGNITION_LOOKUP_SELECTED_FOR_SUPPLEMENTAL_NULL.csv,cognition_composite_score,NA,0.1593267701013359,5,0,TRUE,0.8350515463917526,0.8625429553264605,0.8694158075601375,NA,Hsp60/10 clients
CYC1,0.1855344265120817,0.03137492894056892,9.5,outputs/supplemental_figures/audits/COGNITION_LOOKUP_SELECTED_FOR_SUPPLEMENTAL_NULL.csv,cognition_composite_score,NA,0.1855344265120817,5,0,TRUE,0.8969072164948454,0.9140893470790378,0.7525773195876289,NA,Hsp60/10 clients
DAP3,0.15912792114643312,0.02337203140918984,9.5,outputs/supplemental_figures/audits/COGNITION_LOOKUP_SELECTED_FOR_SUPPLEMENTAL_NULL.csv,cognition_composite_score,NA,0.15912792114643312,5,0,TRUE,0.8316151202749141,0.8281786941580757,0.7525773195876289,NA,Hsp60/10 clients
DARS2,0.04672778816180865,0.0024613310860204,0.5,outputs/supplemental_figures/audits/COGNITION_LOOKUP_SELECTED_FOR_SUPPLEMENTAL_NULL.csv,cognition_composite_score,NA,0.04672778816180865,3,0,TRUE,0.3230240549828179,0.23711340206185566,0.14432989690721648,NA,Hsp60/10 clients
DCXR,0.0056267604973336,5.695294274192196e-4,0.5,outputs/supplemental_figures/audits/COGNITION_LOOKUP_SELECTED_FOR_SUPPLEMENTAL_NULL.csv,cognition_composite_score,NA,0.0056267604973336,1,0,TRUE,0.17525773195876287,0.20962199312714777,0.14432989690721648,NA,Hsp60/10 clients
DHX30,0.03625159050588697,0.0047746175840357,0.5,outputs/supplemental_figures/audits/COGNITION_LOOKUP_SELECTED_FOR_SUPPLEMENTAL_NULL.csv,cognition_composite_score,NA,0.03625159050588697,3,0,TRUE,0.27491408934707906,0.3127147766323024,0.14432989690721648,NA,Hsp60/10 clients
DLAT,0.17809709433574142,0.03042429013163324,12.5,outputs/supplemental_figures/audits/COGNITION_LOOKUP_SELECTED_FOR_SUPPLEMENTAL_NULL.csv,cognition_composite_score,NA,0.17809709433574142,5,0,TRUE,0.8797250859106529,0.9003436426116839,0.8694158075601375,NA,Hsp60/10 clients
DLD,0.17756785253983992,0.02851645050654001,12.5,outputs/supplemental_figures/audits/COGNITION_LOOKUP_SELECTED_FOR_SUPPLEMENTAL_NULL.csv,cognition_composite_score,NA,0.17756785253983992,5,0,TRUE,0.8762886597938144,0.8900343642611683,0.8694158075601375,NA,Hsp60/10 clients
DLST,0.13710649688969315,0.02102063672749948,9.5,outputs/supplemental_figures/audits/COGNITION_LOOKUP_SELECTED_FOR_SUPPLEMENTAL_NULL.csv,cognition_composite_score,NA,0.13710649688969315,5,0,TRUE,0.7457044673539519,0.7731958762886598,0.7525773195876289,NA,Hsp60/10 clients
DNAJA3,0.06034940808450397,0.00929120223796481,1.5,outputs/supplemental_figures/audits/COGNITION_LOOKUP_SELECTED_FOR_SUPPLEMENTAL_NULL.csv,cognition_composite_score,NA,0.06034940808450397,3,0,TRUE,0.38144329896907214,0.43986254295532645,0.44673539518900346,NA,Hsp60/10 clients
EARS2,0.09450781123650762,0.01188409182996901,0.5,outputs/supplemental_figures/audits/COGNITION_LOOKUP_SELECTED_FOR_SUPPLEMENTAL_NULL.csv,cognition_composite_score,NA,0.09450781123650762,4,0,TRUE,0.5292096219931272,0.5189003436426117,0.14432989690721648,NA,Hsp60/10 clients
ECH1,0.01686804276459447,8.30936072799727e-4,0.5,outputs/supplemental_figures/audits/COGNITION_LOOKUP_SELECTED_FOR_SUPPLEMENTAL_NULL.csv,cognition_composite_score,NA,0.01686804276459447,1,0,TRUE,0.21305841924398625,0.21305841924398625,0.14432989690721648,NA,Hsp60/10 clients
ECHDC1,-0.02680675820876629,-0.00658417674155282,0.5,outputs/supplemental_figures/audits/COGNITION_LOOKUP_SELECTED_FOR_SUPPLEMENTAL_NULL.csv,cognition_composite_score,NA,0.02680675820876629,2,0,TRUE,0.09621993127147767,0.09965635738831616,0.14432989690721648,NA,Hsp60/10 clients
ECHS1,0.12253580391564388,0.01937192437891939,9.5,outputs/supplemental_figures/audits/COGNITION_LOOKUP_SELECTED_FOR_SUPPLEMENTAL_NULL.csv,cognition_composite_score,NA,0.12253580391564388,5,0,TRUE,0.6804123711340206,0.738831615120275,0.7525773195876289,NA,Hsp60/10 clients
ECI1,-0.02437973920151529,-0.00682391059032217,0,outputs/supplemental_figures/audits/COGNITION_LOOKUP_SELECTED_FOR_SUPPLEMENTAL_NULL.csv,cognition_composite_score,NA,0.02437973920151529,2,0,TRUE,0.09965635738831616,0.08934707903780069,0,NA,Hsp60/10 clients
ECI2,0.03396742702459828,0.00378551566740227,1.5,outputs/supplemental_figures/audits/COGNITION_LOOKUP_SELECTED_FOR_SUPPLEMENTAL_NULL.csv,cognition_composite_score,NA,0.03396742702459828,2,0,TRUE,0.2646048109965636,0.2920962199312715,0.44673539518900346,NA,Hsp60/10 clients
EEF1A1,-0.12186068372446236,-0.02001038057749994,0,outputs/supplemental_figures/audits/COGNITION_LOOKUP_SELECTED_FOR_SUPPLEMENTAL_NULL.csv,cognition_composite_score,NA,0.12186068372446236,5,0,TRUE,0.013745704467353952,0.020618556701030927,0,NA,Hsp60/10 clients
EEF1B2,0.06678429143423897,0.011562147186811981,6.5,outputs/supplemental_figures/audits/COGNITION_LOOKUP_SELECTED_FOR_SUPPLEMENTAL_NULL.csv,cognition_composite_score,NA,0.06678429143423897,4,0,TRUE,0.40893470790378006,0.49828178694158076,0.6838487972508591,NA,Hsp60/10 clients
ENO1,-0.1148463276229314,-0.01604170705996542,0,outputs/supplemental_figures/audits/COGNITION_LOOKUP_SELECTED_FOR_SUPPLEMENTAL_NULL.csv,cognition_composite_score,NA,0.1148463276229314,5,0,TRUE,0.024054982817869417,0.024054982817869417,0,NA,Hsp60/10 clients
ERAL1,0.11326007481142426,0.01400125481948487,0.5,outputs/supplemental_figures/audits/COGNITION_LOOKUP_SELECTED_FOR_SUPPLEMENTAL_NULL.csv,cognition_composite_score,NA,0.11326007481142426,5,0,TRUE,0.6082474226804123,0.5945017182130584,0.14432989690721648,NA,Hsp60/10 clients
ETFA,0.06423032501011766,0.01086434699312476,9.5,outputs/supplemental_figures/audits/COGNITION_LOOKUP_SELECTED_FOR_SUPPLEMENTAL_NULL.csv,cognition_composite_score,NA,0.06423032501011766,4,0,TRUE,0.4020618556701031,0.4879725085910653,0.7525773195876289,NA,Hsp60/10 clients
ETFB,0.06962556800332473,0.0101236215441453,1.5,outputs/supplemental_figures/audits/COGNITION_LOOKUP_SELECTED_FOR_SUPPLEMENTAL_NULL.csv,cognition_composite_score,NA,0.06962556800332473,4,0,TRUE,0.4261168384879725,0.46048109965635736,0.44673539518900346,NA,Hsp60/10 clients
FAHD1,0.13889504515999834,0.02472194534884773,1.5,outputs/supplemental_figures/audits/COGNITION_LOOKUP_SELECTED_FOR_SUPPLEMENTAL_NULL.csv,cognition_composite_score,NA,0.13889504515999834,5,0,TRUE,0.7560137457044673,0.845360824742268,0.44673539518900346,NA,Hsp60/10 clients
FASTKD5,0.10981969064526444,0.0151667000131438,2.5,outputs/supplemental_figures/audits/COGNITION_LOOKUP_SELECTED_FOR_SUPPLEMENTAL_NULL.csv,cognition_composite_score,NA,0.10981969064526444,5,0,TRUE,0.584192439862543,0.6391752577319587,0.5395189003436426,NA,Hsp60/10 clients
FDXR,-0.0859424022542788,-0.01237753849122175,0,outputs/supplemental_figures/audits/COGNITION_LOOKUP_SELECTED_FOR_SUPPLEMENTAL_NULL.csv,cognition_composite_score,NA,0.0859424022542788,4,0,TRUE,0.027491408934707903,0.048109965635738834,0,NA,Hsp60/10 clients
FECH,0.10318604720659616,0.01457081527523534,0,outputs/supplemental_figures/audits/COGNITION_LOOKUP_SELECTED_FOR_SUPPLEMENTAL_NULL.csv,cognition_composite_score,NA,0.10318604720659616,5,0,TRUE,0.5601374570446735,0.6116838487972509,0,NA,Hsp60/10 clients
FH,0.08326024154280058,0.01312996390940766,3.5,outputs/supplemental_figures/audits/COGNITION_LOOKUP_SELECTED_FOR_SUPPLEMENTAL_NULL.csv,cognition_composite_score,NA,0.08326024154280058,4,0,TRUE,0.4639175257731959,0.5567010309278351,0.6219931271477663,NA,Hsp60/10 clients
FLAD1,0.05688094144819319,0.00788268928737288,2.5,outputs/supplemental_figures/audits/COGNITION_LOOKUP_SELECTED_FOR_SUPPLEMENTAL_NULL.csv,cognition_composite_score,NA,0.05688094144819319,3,0,TRUE,0.3642611683848797,0.38831615120274915,0.5395189003436426,NA,Hsp60/10 clients
FOXRED1,0.22785921724039612,0.03460965594138511,2.5,outputs/supplemental_figures/audits/COGNITION_LOOKUP_SELECTED_FOR_SUPPLEMENTAL_NULL.csv,cognition_composite_score,NA,0.22785921724039612,5,0,TRUE,0.9725085910652921,0.9518900343642611,0.5395189003436426,NA,Hsp60/10 clients
GADD45GIP1,0.08692268132261516,0.009636008681709,2.5,outputs/supplemental_figures/audits/COGNITION_LOOKUP_SELECTED_FOR_SUPPLEMENTAL_NULL.csv,cognition_composite_score,NA,0.08692268132261516,4,0,TRUE,0.4845360824742268,0.45017182130584193,0.5395189003436426,NA,Hsp60/10 clients
GAPDH,-0.07909990081897796,-0.01106562710518872,0,outputs/supplemental_figures/audits/COGNITION_LOOKUP_SELECTED_FOR_SUPPLEMENTAL_NULL.csv,cognition_composite_score,NA,0.07909990081897796,4,0,TRUE,0.030927835051546393,0.058419243986254296,0,NA,Hsp60/10 clients
GCAT,0.05770510801896065,0.00322577440673545,0,outputs/supplemental_figures/audits/COGNITION_LOOKUP_SELECTED_FOR_SUPPLEMENTAL_NULL.csv,cognition_composite_score,NA,0.05770510801896065,3,0,TRUE,0.36769759450171824,0.2611683848797251,0,NA,Hsp60/10 clients
GFM1,0.11011251124414968,0.01383136772549861,9.5,outputs/supplemental_figures/audits/COGNITION_LOOKUP_SELECTED_FOR_SUPPLEMENTAL_NULL.csv,cognition_composite_score,NA,0.11011251124414968,5,0,TRUE,0.5876288659793815,0.584192439862543,0.7525773195876289,NA,Hsp60/10 clients
GFM2,0.13714325494804988,0.02350283362147625,0.5,outputs/supplemental_figures/audits/COGNITION_LOOKUP_SELECTED_FOR_SUPPLEMENTAL_NULL.csv,cognition_composite_score,NA,0.13714325494804988,5,0,TRUE,0.7491408934707904,0.8316151202749141,0.14432989690721648,NA,Hsp60/10 clients
GLDC,0.05794371510249214,0.00528482002804358,0.5,outputs/supplemental_figures/audits/COGNITION_LOOKUP_SELECTED_FOR_SUPPLEMENTAL_NULL.csv,cognition_composite_score,NA,0.05794371510249214,3,0,TRUE,0.3711340206185567,0.3161512027491409,0.14432989690721648,NA,Hsp60/10 clients
GLRX5,0.13874003496503445,0.01660620142008241,0.5,outputs/supplemental_figures/audits/COGNITION_LOOKUP_SELECTED_FOR_SUPPLEMENTAL_NULL.csv,cognition_composite_score,NA,0.13874003496503445,5,0,TRUE,0.7525773195876289,0.6735395189003437,0.14432989690721648,NA,Hsp60/10 clients
GLS,0.14242319224265196,0.01964242103236789,4.5,outputs/supplemental_figures/audits/COGNITION_LOOKUP_SELECTED_FOR_SUPPLEMENTAL_NULL.csv,cognition_composite_score,NA,0.14242319224265196,5,0,TRUE,0.7697594501718213,0.7525773195876289,0.6563573883161512,NA,Hsp60/10 clients
GLUD1,-0.03759140323811299,-0.00893456990563154,0.5,outputs/supplemental_figures/audits/COGNITION_LOOKUP_SELECTED_FOR_SUPPLEMENTAL_NULL.csv,cognition_composite_score,NA,0.03759140323811299,3,0,TRUE,0.07903780068728522,0.06872852233676977,0.14432989690721648,NA,Hsp60/10 clients
GNG12,-0.3189240770082609,-0.05430997756098021,0,outputs/supplemental_figures/audits/COGNITION_LOOKUP_SELECTED_FOR_SUPPLEMENTAL_NULL.csv,cognition_composite_score,NA,0.3189240770082609,5,0,TRUE,0,0,0,NA,Hsp60/10 clients
GOT2,0.06382475893483781,0.01391162053849644,0,outputs/supplemental_figures/audits/COGNITION_LOOKUP_SELECTED_FOR_SUPPLEMENTAL_NULL.csv,cognition_composite_score,NA,0.06382475893483781,4,0,TRUE,0.39862542955326463,0.5876288659793815,0,NA,Hsp60/10 clients
GPT2,0.01397723158387908,0.00351453759347622,1.5,outputs/supplemental_figures/audits/COGNITION_LOOKUP_SELECTED_FOR_SUPPLEMENTAL_NULL.csv,cognition_composite_score,NA,0.01397723158387908,1,0,TRUE,0.19931271477663232,0.27491408934707906,0.44673539518900346,NA,Hsp60/10 clients
GRPEL1,0.0668204082407202,0.0102174592405112,0.5,outputs/supplemental_figures/audits/COGNITION_LOOKUP_SELECTED_FOR_SUPPLEMENTAL_NULL.csv,cognition_composite_score,NA,0.0668204082407202,4,0,TRUE,0.41237113402061853,0.4639175257731959,0.14432989690721648,NA,Hsp60/10 clients
GRSF1,0.05868365987329362,0.007173721540947,1.5,outputs/supplemental_figures/audits/COGNITION_LOOKUP_SELECTED_FOR_SUPPLEMENTAL_NULL.csv,cognition_composite_score,NA,0.05868365987329362,3,0,TRUE,0.37800687285223367,0.3539518900343643,0.44673539518900346,NA,Hsp60/10 clients
GSR,-0.01744086016151981,-0.0061560495079788,0,outputs/supplemental_figures/audits/COGNITION_LOOKUP_SELECTED_FOR_SUPPLEMENTAL_NULL.csv,cognition_composite_score,NA,0.01744086016151981,2,0,TRUE,0.11683848797250859,0.10652920962199312,0,NA,Hsp60/10 clients
GSTK1,0.09523523063465009,0.01569421854627605,12.5,outputs/supplemental_figures/audits/COGNITION_LOOKUP_SELECTED_FOR_SUPPLEMENTAL_NULL.csv,cognition_composite_score,NA,0.09523523063465009,4,0,TRUE,0.5360824742268041,0.6632302405498282,0.8694158075601375,NA,Hsp60/10 clients
GUF1,0.1158483875190465,0.01821078099655467,0.5,outputs/supplemental_figures/audits/COGNITION_LOOKUP_SELECTED_FOR_SUPPLEMENTAL_NULL.csv,cognition_composite_score,NA,0.1158483875190465,5,0,TRUE,0.6323024054982818,0.7044673539518901,0.14432989690721648,NA,Hsp60/10 clients
HADH,0.01886763774815771,0.00108065801551108,0.5,outputs/supplemental_figures/audits/COGNITION_LOOKUP_SELECTED_FOR_SUPPLEMENTAL_NULL.csv,cognition_composite_score,NA,0.01886763774815771,2,0,TRUE,0.21649484536082475,0.21993127147766323,0.14432989690721648,NA,Hsp60/10 clients
HADHA,-0.05908365157086338,-0.01199440156283177,1.5,outputs/supplemental_figures/audits/COGNITION_LOOKUP_SELECTED_FOR_SUPPLEMENTAL_NULL.csv,cognition_composite_score,NA,0.05908365157086338,3,0,TRUE,0.05154639175257732,0.05154639175257732,0.44673539518900346,NA,Hsp60/10 clients
HADHB,-0.05290892352220345,-0.01047322465822986,6.5,outputs/supplemental_figures/audits/COGNITION_LOOKUP_SELECTED_FOR_SUPPLEMENTAL_NULL.csv,cognition_composite_score,NA,0.05290892352220345,3,0,TRUE,0.054982817869415807,0.061855670103092786,0.6838487972508591,NA,Hsp60/10 clients
HAGH,0.04989552233445373,0.00896681939868874,0.5,outputs/supplemental_figures/audits/COGNITION_LOOKUP_SELECTED_FOR_SUPPLEMENTAL_NULL.csv,cognition_composite_score,NA,0.04989552233445373,3,0,TRUE,0.33676975945017185,0.42955326460481097,0.14432989690721648,NA,Hsp60/10 clients
HARS,0.04263643898640434,0.00727029089906818,0.5,outputs/supplemental_figures/audits/COGNITION_LOOKUP_SELECTED_FOR_SUPPLEMENTAL_NULL.csv,cognition_composite_score,NA,0.04263643898640434,3,0,TRUE,0.3024054982817869,0.36082474226804123,0.14432989690721648,NA,Hsp60/10 clients
HARS2,-0.0074031981965499,-0.0062933356140399,0.5,outputs/supplemental_figures/audits/COGNITION_LOOKUP_SELECTED_FOR_SUPPLEMENTAL_NULL.csv,cognition_composite_score,NA,0.0074031981965499,1,0,TRUE,0.13745704467353953,0.10309278350515463,0.14432989690721648,NA,Hsp60/10 clients
HIBCH,0.00680152534748818,-0.00569923098338677,2.5,outputs/supplemental_figures/audits/COGNITION_LOOKUP_SELECTED_FOR_SUPPLEMENTAL_NULL.csv,cognition_composite_score,NA,0.00680152534748818,1,0,TRUE,0.18213058419243985,0.11683848797250859,0.5395189003436426,NA,Hsp60/10 clients
HINT2,0.0967927608087842,0.01174764350247297,0.5,outputs/supplemental_figures/audits/COGNITION_LOOKUP_SELECTED_FOR_SUPPLEMENTAL_NULL.csv,cognition_composite_score,NA,0.0967927608087842,4,0,TRUE,0.5429553264604811,0.5120274914089347,0.14432989690721648,NA,Hsp60/10 clients
HSD17B10,-1.9465352535650565e-4,1.9076596547773947e-4,1.5,outputs/supplemental_figures/audits/COGNITION_LOOKUP_SELECTED_FOR_SUPPLEMENTAL_NULL.csv,cognition_composite_score,NA,1.9465352535650565e-4,1,0,TRUE,0.15120274914089346,0.1958762886597938,0.44673539518900346,NA,Hsp60/10 clients
HSD17B8,-0.04544567910691965,-0.01278735871742005,0.5,outputs/supplemental_figures/audits/COGNITION_LOOKUP_SELECTED_FOR_SUPPLEMENTAL_NULL.csv,cognition_composite_score,NA,0.04544567910691965,3,0,TRUE,0.07216494845360824,0.044673539518900345,0.14432989690721648,NA,Hsp60/10 clients
HSP90AA1,-0.01202536606378713,-0.00297667162917878,0,outputs/supplemental_figures/audits/COGNITION_LOOKUP_SELECTED_FOR_SUPPLEMENTAL_NULL.csv,cognition_composite_score,NA,0.01202536606378713,1,0,TRUE,0.12027491408934708,0.14432989690721648,0,NA,Hsp60/10 clients
HSP90AB1,-0.02154454402251352,-0.00611024104457206,0.5,outputs/supplemental_figures/audits/COGNITION_LOOKUP_SELECTED_FOR_SUPPLEMENTAL_NULL.csv,cognition_composite_score,NA,0.02154454402251352,2,0,TRUE,0.10652920962199312,0.10996563573883161,0.14432989690721648,NA,Hsp60/10 clients
HSPA5,-0.00205875876777258,-0.00253116873254908,0.5,outputs/supplemental_figures/audits/COGNITION_LOOKUP_SELECTED_FOR_SUPPLEMENTAL_NULL.csv,cognition_composite_score,NA,0.00205875876777258,1,0,TRUE,0.140893470790378,0.15807560137457044,0.14432989690721648,NA,Hsp60/10 clients
HSPA9,0.07084024129412318,0.00987588497110241,3.5,outputs/supplemental_figures/audits/COGNITION_LOOKUP_SELECTED_FOR_SUPPLEMENTAL_NULL.csv,cognition_composite_score,NA,0.07084024129412318,4,0,TRUE,0.42955326460481097,0.4570446735395189,0.6219931271477663,NA,Hsp60/10 clients
IARS2,0.08451296579695207,0.01195170154641945,12.5,outputs/supplemental_figures/audits/COGNITION_LOOKUP_SELECTED_FOR_SUPPLEMENTAL_NULL.csv,cognition_composite_score,NA,0.08451296579695207,4,0,TRUE,0.4742268041237113,0.5223367697594502,0.8694158075601375,NA,Hsp60/10 clients
IBA57,0.07434274059604716,0.00822732678381332,0,outputs/supplemental_figures/audits/COGNITION_LOOKUP_SELECTED_FOR_SUPPLEMENTAL_NULL.csv,cognition_composite_score,NA,0.07434274059604716,4,0,TRUE,0.4329896907216495,0.40893470790378006,0,NA,Hsp60/10 clients
IDH2,0.14100757022336208,0.02029064096892082,9.5,outputs/supplemental_figures/audits/COGNITION_LOOKUP_SELECTED_FOR_SUPPLEMENTAL_NULL.csv,cognition_composite_score,NA,0.14100757022336208,5,0,TRUE,0.7628865979381443,0.7663230240549829,0.7525773195876289,NA,Hsp60/10 clients
IDH3A,0.18165532262175185,0.02733332904688161,9.5,outputs/supplemental_figures/audits/COGNITION_LOOKUP_SELECTED_FOR_SUPPLEMENTAL_NULL.csv,cognition_composite_score,NA,0.18165532262175185,5,0,TRUE,0.8900343642611683,0.8797250859106529,0.7525773195876289,NA,Hsp60/10 clients
IDH3G,0.17025574137831478,0.02473000677545257,1.5,outputs/supplemental_figures/audits/COGNITION_LOOKUP_SELECTED_FOR_SUPPLEMENTAL_NULL.csv,cognition_composite_score,NA,0.17025574137831478,5,0,TRUE,0.8625429553264605,0.8487972508591065,0.44673539518900346,NA,Hsp60/10 clients
IGHG2,-0.25604108421384036,-0.05052992361216706,0,outputs/supplemental_figures/audits/COGNITION_LOOKUP_SELECTED_FOR_SUPPLEMENTAL_NULL.csv,cognition_composite_score,NA,0.25604108421384036,5,0,TRUE,0.003436426116838488,0.003436426116838488,0,NA,Hsp60/10 clients
IMMT,0.14145047683019843,0.02151190441165205,9.5,outputs/supplemental_figures/audits/COGNITION_LOOKUP_SELECTED_FOR_SUPPLEMENTAL_NULL.csv,cognition_composite_score,NA,0.14145047683019843,5,0,TRUE,0.7663230240549829,0.7903780068728522,0.7525773195876289,NA,Hsp60/10 clients
KIAA0391,0.1256137607078792,0.01499803324481492,0.5,outputs/supplemental_figures/audits/COGNITION_LOOKUP_SELECTED_FOR_SUPPLEMENTAL_NULL.csv,cognition_composite_score,NA,0.1256137607078792,5,0,TRUE,0.697594501718213,0.6323024054982818,0.14432989690721648,NA,Hsp60/10 clients
KPNB1,-0.05119198710763432,-0.00664933979288642,0,outputs/supplemental_figures/audits/COGNITION_LOOKUP_SELECTED_FOR_SUPPLEMENTAL_NULL.csv,cognition_composite_score,NA,0.05119198710763432,3,0,TRUE,0.061855670103092786,0.09621993127147767,0,NA,Hsp60/10 clients
LAP3,-0.1406285508862888,-0.03226790791889568,0.5,outputs/supplemental_figures/audits/COGNITION_LOOKUP_SELECTED_FOR_SUPPLEMENTAL_NULL.csv,cognition_composite_score,NA,0.1406285508862888,5,0,TRUE,0.010309278350515464,0.010309278350515464,0.14432989690721648,NA,Hsp60/10 clients
LETM1,0.11617590949145964,0.01882994345061713,0.5,outputs/supplemental_figures/audits/COGNITION_LOOKUP_SELECTED_FOR_SUPPLEMENTAL_NULL.csv,cognition_composite_score,NA,0.11617590949145964,5,0,TRUE,0.6391752577319587,0.7250859106529209,0.14432989690721648,NA,Hsp60/10 clients
LONP1,0.06156131639106396,0.00689793433746937,0.5,outputs/supplemental_figures/audits/COGNITION_LOOKUP_SELECTED_FOR_SUPPLEMENTAL_NULL.csv,cognition_composite_score,NA,0.06156131639106396,4,0,TRUE,0.38831615120274915,0.3470790378006873,0.14432989690721648,NA,Hsp60/10 clients
LRPPRC,0.21251296730943664,0.0316879682091799,12.5,outputs/supplemental_figures/audits/COGNITION_LOOKUP_SELECTED_FOR_SUPPLEMENTAL_NULL.csv,cognition_composite_score,NA,0.21251296730943664,5,0,TRUE,0.9450171821305842,0.9209621993127147,0.8694158075601375,NA,Hsp60/10 clients
LYRM7,0.122091337830024,0.019319103747765302,2.5,outputs/supplemental_figures/audits/COGNITION_LOOKUP_SELECTED_FOR_SUPPLEMENTAL_NULL.csv,cognition_composite_score,NA,0.122091337830024,5,0,TRUE,0.6735395189003437,0.7319587628865979,0.5395189003436426,NA,Hsp60/10 clients
MARS2,0.0969017912214162,0.01534177920725079,0,outputs/supplemental_figures/audits/COGNITION_LOOKUP_SELECTED_FOR_SUPPLEMENTAL_NULL.csv,cognition_composite_score,NA,0.0969017912214162,4,0,TRUE,0.5463917525773195,0.6460481099656358,0,NA,Hsp60/10 clients
MCCC2,0.0166644170928727,0.00126210672984187,0.5,outputs/supplemental_figures/audits/COGNITION_LOOKUP_SELECTED_FOR_SUPPLEMENTAL_NULL.csv,cognition_composite_score,NA,0.0166644170928727,1,0,TRUE,0.20962199312714777,0.22336769759450173,0.14432989690721648,NA,Hsp60/10 clients
MDH2,0.16959840398227857,0.02959714478250751,0.5,outputs/supplemental_figures/audits/COGNITION_LOOKUP_SELECTED_FOR_SUPPLEMENTAL_NULL.csv,cognition_composite_score,NA,0.16959840398227857,5,0,TRUE,0.8556701030927835,0.8934707903780069,0.14432989690721648,NA,Hsp60/10 clients
ME2,0.04574717192485296,0.00354025394989559,2.5,outputs/supplemental_figures/audits/COGNITION_LOOKUP_SELECTED_FOR_SUPPLEMENTAL_NULL.csv,cognition_composite_score,NA,0.04574717192485296,3,0,TRUE,0.3161512027491409,0.27835051546391754,0.5395189003436426,NA,Hsp60/10 clients
METTL17,0.1040558476027565,0.01492146890391668,0,outputs/supplemental_figures/audits/COGNITION_LOOKUP_SELECTED_FOR_SUPPLEMENTAL_NULL.csv,cognition_composite_score,NA,0.1040558476027565,5,0,TRUE,0.563573883161512,0.6288659793814433,0,NA,Hsp60/10 clients
MIPEP,0.04569743484710105,0.00371032909226519,2.5,outputs/supplemental_figures/audits/COGNITION_LOOKUP_SELECTED_FOR_SUPPLEMENTAL_NULL.csv,cognition_composite_score,NA,0.04569743484710105,3,0,TRUE,0.3127147766323024,0.2852233676975945,0.5395189003436426,NA,Hsp60/10 clients
MMAB,0.01983427937343712,4.8242205167224096e-4,0,outputs/supplemental_figures/audits/COGNITION_LOOKUP_SELECTED_FOR_SUPPLEMENTAL_NULL.csv,cognition_composite_score,NA,0.01983427937343712,2,0,TRUE,0.21993127147766323,0.19931271477663232,0,NA,Hsp60/10 clients
MOGS,0.01468441711389943,0.00309801935659818,0.5,outputs/supplemental_figures/audits/COGNITION_LOOKUP_SELECTED_FOR_SUPPLEMENTAL_NULL.csv,cognition_composite_score,NA,0.01468441711389943,1,0,TRUE,0.2027491408934708,0.25773195876288657,0.14432989690721648,NA,Hsp60/10 clients
MRPL10,0.15241908274391358,0.02398612664608704,0.5,outputs/supplemental_figures/audits/COGNITION_LOOKUP_SELECTED_FOR_SUPPLEMENTAL_NULL.csv,cognition_composite_score,NA,0.15241908274391358,5,0,TRUE,0.8075601374570447,0.8384879725085911,0.14432989690721648,NA,Hsp60/10 clients
MRPL13,0.11288064954802872,0.015280466729448,2.5,outputs/supplemental_figures/audits/COGNITION_LOOKUP_SELECTED_FOR_SUPPLEMENTAL_NULL.csv,cognition_composite_score,NA,0.11288064954802872,5,0,TRUE,0.6013745704467354,0.6426116838487973,0.5395189003436426,NA,Hsp60/10 clients
MRPL14,0.162787874871331,0.02302272310226337,9.5,outputs/supplemental_figures/audits/COGNITION_LOOKUP_SELECTED_FOR_SUPPLEMENTAL_NULL.csv,cognition_composite_score,NA,0.162787874871331,5,0,TRUE,0.8419243986254296,0.8109965635738832,0.7525773195876289,NA,Hsp60/10 clients
MRPL15,0.14270871348914677,0.01711100217703474,9.5,outputs/supplemental_figures/audits/COGNITION_LOOKUP_SELECTED_FOR_SUPPLEMENTAL_NULL.csv,cognition_composite_score,NA,0.14270871348914677,5,0,TRUE,0.7731958762886598,0.6804123711340206,0.7525773195876289,NA,Hsp60/10 clients
MRPL16,0.12311564603289751,0.01342061215545223,2.5,outputs/supplemental_figures/audits/COGNITION_LOOKUP_SELECTED_FOR_SUPPLEMENTAL_NULL.csv,cognition_composite_score,NA,0.12311564603289751,5,0,TRUE,0.6907216494845361,0.5670103092783505,0.5395189003436426,NA,Hsp60/10 clients
MRPL19,0.13394329002992608,0.01367397278955465,9.5,outputs/supplemental_figures/audits/COGNITION_LOOKUP_SELECTED_FOR_SUPPLEMENTAL_NULL.csv,cognition_composite_score,NA,0.13394329002992608,5,0,TRUE,0.7319587628865979,0.5773195876288659,0.7525773195876289,NA,Hsp60/10 clients
MRPL22,0.10453248077418131,0.00775026688500977,6.5,outputs/supplemental_figures/audits/COGNITION_LOOKUP_SELECTED_FOR_SUPPLEMENTAL_NULL.csv,cognition_composite_score,NA,0.10453248077418131,5,0,TRUE,0.570446735395189,0.38144329896907214,0.6838487972508591,NA,Hsp60/10 clients
MRPL23,0.11446218141306104,0.01569077416470021,0.5,outputs/supplemental_figures/audits/COGNITION_LOOKUP_SELECTED_FOR_SUPPLEMENTAL_NULL.csv,cognition_composite_score,NA,0.11446218141306104,5,0,TRUE,0.6219931271477663,0.6597938144329897,0.14432989690721648,NA,Hsp60/10 clients
MRPL3,0.15436081178503075,0.0174244114270484,2.5,outputs/supplemental_figures/audits/COGNITION_LOOKUP_SELECTED_FOR_SUPPLEMENTAL_NULL.csv,cognition_composite_score,NA,0.15436081178503075,5,0,TRUE,0.8144329896907216,0.6907216494845361,0.5395189003436426,NA,Hsp60/10 clients
MRPL37,0.11956505740746094,0.01312696421306685,9.5,outputs/supplemental_figures/audits/COGNITION_LOOKUP_SELECTED_FOR_SUPPLEMENTAL_NULL.csv,cognition_composite_score,NA,0.11956505740746094,5,0,TRUE,0.6597938144329897,0.5532646048109966,0.7525773195876289,NA,Hsp60/10 clients
MRPL38,0.12979229040715334,0.01427334319211916,0,outputs/supplemental_figures/audits/COGNITION_LOOKUP_SELECTED_FOR_SUPPLEMENTAL_NULL.csv,cognition_composite_score,NA,0.12979229040715334,5,0,TRUE,0.7079037800687286,0.6048109965635738,0,NA,Hsp60/10 clients
MRPL39,0.12396691742437546,0.01459718331348908,12.5,outputs/supplemental_figures/audits/COGNITION_LOOKUP_SELECTED_FOR_SUPPLEMENTAL_NULL.csv,cognition_composite_score,NA,0.12396691742437546,5,0,TRUE,0.6941580756013745,0.6151202749140894,0.8694158075601375,NA,Hsp60/10 clients
MRPL4,0.13255989853062922,0.01424179037609802,2,outputs/supplemental_figures/audits/COGNITION_LOOKUP_SELECTED_FOR_SUPPLEMENTAL_NULL.csv,cognition_composite_score,NA,0.13255989853062922,5,0,TRUE,0.718213058419244,0.6013745704467354,0.5360824742268041,NA,Hsp60/10 clients
MRPL44,0.1140255359100337,0.01362710426453664,12.5,outputs/supplemental_figures/audits/COGNITION_LOOKUP_SELECTED_FOR_SUPPLEMENTAL_NULL.csv,cognition_composite_score,NA,0.1140255359100337,5,0,TRUE,0.6151202749140894,0.5738831615120275,0.8694158075601375,NA,Hsp60/10 clients
MRPL45,0.1167319121848845,0.0120798183464802,9.5,outputs/supplemental_figures/audits/COGNITION_LOOKUP_SELECTED_FOR_SUPPLEMENTAL_NULL.csv,cognition_composite_score,NA,0.1167319121848845,5,0,TRUE,0.6460481099656358,0.5257731958762887,0.7525773195876289,NA,Hsp60/10 clients
MRPL47,0.12306013090109606,0.00771215302819726,12.5,outputs/supplemental_figures/audits/COGNITION_LOOKUP_SELECTED_FOR_SUPPLEMENTAL_NULL.csv,cognition_composite_score,NA,0.12306013090109606,5,0,TRUE,0.6872852233676976,0.37800687285223367,0.8694158075601375,NA,Hsp60/10 clients
MRPL48,0.1369396557386784,0.01467425785560253,9.5,outputs/supplemental_figures/audits/COGNITION_LOOKUP_SELECTED_FOR_SUPPLEMENTAL_NULL.csv,cognition_composite_score,NA,0.1369396557386784,5,0,TRUE,0.7422680412371134,0.6219931271477663,0.7525773195876289,NA,Hsp60/10 clients
MRPL49,0.1184197079524643,0.01331036939313976,12.5,outputs/supplemental_figures/audits/COGNITION_LOOKUP_SELECTED_FOR_SUPPLEMENTAL_NULL.csv,cognition_composite_score,NA,0.1184197079524643,5,0,TRUE,0.6529209621993127,0.5601374570446735,0.8694158075601375,NA,Hsp60/10 clients
MRPL53,0.10907116693298632,0.01307178763534695,9.5,outputs/supplemental_figures/audits/COGNITION_LOOKUP_SELECTED_FOR_SUPPLEMENTAL_NULL.csv,cognition_composite_score,NA,0.10907116693298632,5,0,TRUE,0.5807560137457045,0.5498281786941581,0.7525773195876289,NA,Hsp60/10 clients
MRPL9,0.14782903143520906,0.01604915669920184,9.5,outputs/supplemental_figures/audits/COGNITION_LOOKUP_SELECTED_FOR_SUPPLEMENTAL_NULL.csv,cognition_composite_score,NA,0.14782903143520906,5,0,TRUE,0.7903780068728522,0.6666666666666666,0.7525773195876289,NA,Hsp60/10 clients
MRPS12,0.15022993850153324,0.01810437363212954,0.5,outputs/supplemental_figures/audits/COGNITION_LOOKUP_SELECTED_FOR_SUPPLEMENTAL_NULL.csv,cognition_composite_score,NA,0.15022993850153324,5,0,TRUE,0.7972508591065293,0.7010309278350515,0.14432989690721648,NA,Hsp60/10 clients
MRPS15,0.14715844536939485,0.01741277827638502,2.5,outputs/supplemental_figures/audits/COGNITION_LOOKUP_SELECTED_FOR_SUPPLEMENTAL_NULL.csv,cognition_composite_score,NA,0.14715844536939485,5,0,TRUE,0.7835051546391752,0.6872852233676976,0.5395189003436426,NA,Hsp60/10 clients
MRPS16,0.19421162434927697,0.02661306602209774,5.5,outputs/supplemental_figures/audits/COGNITION_LOOKUP_SELECTED_FOR_SUPPLEMENTAL_NULL.csv,cognition_composite_score,NA,0.19421162434927697,5,0,TRUE,0.9072164948453608,0.872852233676976,0.6632302405498282,NA,Hsp60/10 clients
MRPS2,0.0764927609791699,0.00941053002346272,1.5,outputs/supplemental_figures/audits/COGNITION_LOOKUP_SELECTED_FOR_SUPPLEMENTAL_NULL.csv,cognition_composite_score,NA,0.0764927609791699,4,0,TRUE,0.436426116838488,0.44329896907216493,0.44673539518900346,NA,Hsp60/10 clients
MRPS22,0.1711014173656209,0.02184195228377112,9.5,outputs/supplemental_figures/audits/COGNITION_LOOKUP_SELECTED_FOR_SUPPLEMENTAL_NULL.csv,cognition_composite_score,NA,0.1711014173656209,5,0,TRUE,0.8694158075601375,0.7972508591065293,0.7525773195876289,NA,Hsp60/10 clients
MRPS23,0.17139706502552218,0.02312426228547163,12.5,outputs/supplemental_figures/audits/COGNITION_LOOKUP_SELECTED_FOR_SUPPLEMENTAL_NULL.csv,cognition_composite_score,NA,0.17139706502552218,5,0,TRUE,0.872852233676976,0.8178694158075601,0.8694158075601375,NA,Hsp60/10 clients
MRPS25,0.13372552997401674,0.01747624546599333,3.5,outputs/supplemental_figures/audits/COGNITION_LOOKUP_SELECTED_FOR_SUPPLEMENTAL_NULL.csv,cognition_composite_score,NA,0.13372552997401674,5,0,TRUE,0.7285223367697594,0.6941580756013745,0.6219931271477663,NA,Hsp60/10 clients
MRPS26,0.08908224086011932,0.00979556735007634,3.5,outputs/supplemental_figures/audits/COGNITION_LOOKUP_SELECTED_FOR_SUPPLEMENTAL_NULL.csv,cognition_composite_score,NA,0.08908224086011932,4,0,TRUE,0.49140893470790376,0.4536082474226804,0.6219931271477663,NA,Hsp60/10 clients
MRPS27,0.1575527836190342,0.02122291723508657,6.5,outputs/supplemental_figures/audits/COGNITION_LOOKUP_SELECTED_FOR_SUPPLEMENTAL_NULL.csv,cognition_composite_score,NA,0.1575527836190342,5,0,TRUE,0.8247422680412371,0.7800687285223368,0.6838487972508591,NA,Hsp60/10 clients
MRPS30,0.11704173349493052,0.01286160941879186,8.5,outputs/supplemental_figures/audits/COGNITION_LOOKUP_SELECTED_FOR_SUPPLEMENTAL_NULL.csv,cognition_composite_score,NA,0.11704173349493052,5,0,TRUE,0.6494845360824743,0.5429553264604811,0.7319587628865979,NA,Hsp60/10 clients
MRPS31,0.1440247665319908,0.01848349137056944,2.5,outputs/supplemental_figures/audits/COGNITION_LOOKUP_SELECTED_FOR_SUPPLEMENTAL_NULL.csv,cognition_composite_score,NA,0.1440247665319908,5,0,TRUE,0.7800687285223368,0.711340206185567,0.5395189003436426,NA,Hsp60/10 clients
MRPS33,0.11275411202474622,0.01081931437600965,3.5,outputs/supplemental_figures/audits/COGNITION_LOOKUP_SELECTED_FOR_SUPPLEMENTAL_NULL.csv,cognition_composite_score,NA,0.11275411202474622,5,0,TRUE,0.5979381443298969,0.4845360824742268,0.6219931271477663,NA,Hsp60/10 clients
MRPS34,0.1402282074054229,0.01169034821534405,5.5,outputs/supplemental_figures/audits/COGNITION_LOOKUP_SELECTED_FOR_SUPPLEMENTAL_NULL.csv,cognition_composite_score,NA,0.1402282074054229,5,0,TRUE,0.7594501718213058,0.5085910652920962,0.6632302405498282,NA,Hsp60/10 clients
MRPS35,0.15826280218157204,0.01923709446657376,12.5,outputs/supplemental_figures/audits/COGNITION_LOOKUP_SELECTED_FOR_SUPPLEMENTAL_NULL.csv,cognition_composite_score,NA,0.15826280218157204,5,0,TRUE,0.8281786941580757,0.7285223367697594,0.8694158075601375,NA,Hsp60/10 clients
MRPS36,0.15040081570756922,0.02246941171908487,12.5,outputs/supplemental_figures/audits/COGNITION_LOOKUP_SELECTED_FOR_SUPPLEMENTAL_NULL.csv,cognition_composite_score,NA,0.15040081570756922,5,0,TRUE,0.8006872852233677,0.8041237113402062,0.8694158075601375,NA,Hsp60/10 clients
MRPS5,0.09394033662405106,0.00904528313430299,3.5,outputs/supplemental_figures/audits/COGNITION_LOOKUP_SELECTED_FOR_SUPPLEMENTAL_NULL.csv,cognition_composite_score,NA,0.09394033662405106,4,0,TRUE,0.5223367697594502,0.4329896907216495,0.6219931271477663,NA,Hsp60/10 clients
MRPS6,0.06902872667018721,0.0071558431306248,2.5,outputs/supplemental_figures/audits/COGNITION_LOOKUP_SELECTED_FOR_SUPPLEMENTAL_NULL.csv,cognition_composite_score,NA,0.06902872667018721,4,0,TRUE,0.422680412371134,0.35051546391752575,0.5395189003436426,NA,Hsp60/10 clients
MRPS9,0.17052612552796492,0.02178779639304093,9.5,outputs/supplemental_figures/audits/COGNITION_LOOKUP_SELECTED_FOR_SUPPLEMENTAL_NULL.csv,cognition_composite_score,NA,0.17052612552796492,5,0,TRUE,0.865979381443299,0.7938144329896907,0.7525773195876289,NA,Hsp60/10 clients
MT-ATP6,0.1512597974374697,0.02283159808680485,0.5,outputs/supplemental_figures/audits/COGNITION_LOOKUP_SELECTED_FOR_SUPPLEMENTAL_NULL.csv,cognition_composite_score,NA,0.1512597974374697,5,0,TRUE,0.8041237113402062,0.8075601374570447,0.14432989690721648,NA,Hsp60/10 clients
MT-CO2,0.2051270238777358,0.03094770188292257,8.5,outputs/supplemental_figures/audits/COGNITION_LOOKUP_SELECTED_FOR_SUPPLEMENTAL_NULL.csv,cognition_composite_score,NA,0.2051270238777358,5,0,TRUE,0.9243986254295533,0.9072164948453608,0.7319587628865979,NA,Hsp60/10 clients
MTG1,0.08473608090777832,0.01027341830111445,0.5,outputs/supplemental_figures/audits/COGNITION_LOOKUP_SELECTED_FOR_SUPPLEMENTAL_NULL.csv,cognition_composite_score,NA,0.08473608090777832,4,0,TRUE,0.47766323024054985,0.46735395189003437,0.14432989690721648,NA,Hsp60/10 clients
MTHFD1L,0.06321988795213143,0.00825025167380551,0.5,outputs/supplemental_figures/audits/COGNITION_LOOKUP_SELECTED_FOR_SUPPLEMENTAL_NULL.csv,cognition_composite_score,NA,0.06321988795213143,4,0,TRUE,0.3951890034364261,0.41237113402061853,0.14432989690721648,NA,Hsp60/10 clients
MTO1,0.0811070557030744,0.00870566043844658,0.5,outputs/supplemental_figures/audits/COGNITION_LOOKUP_SELECTED_FOR_SUPPLEMENTAL_NULL.csv,cognition_composite_score,NA,0.0811070557030744,4,0,TRUE,0.4536082474226804,0.422680412371134,0.14432989690721648,NA,Hsp60/10 clients
MTPAP,0.08375099779656715,0.007403034795382,0.5,outputs/supplemental_figures/audits/COGNITION_LOOKUP_SELECTED_FOR_SUPPLEMENTAL_NULL.csv,cognition_composite_score,NA,0.08375099779656715,4,0,TRUE,0.47079037800687284,0.36769759450171824,0.14432989690721648,NA,Hsp60/10 clients
NADK2,-0.07112968578079147,-0.01562065001731569,0,outputs/supplemental_figures/audits/COGNITION_LOOKUP_SELECTED_FOR_SUPPLEMENTAL_NULL.csv,cognition_composite_score,NA,0.07112968578079147,4,0,TRUE,0.037800687285223365,0.030927835051546393,0,NA,Hsp60/10 clients
NARS2,-0.01786144477503982,-0.00407493132652129,0,outputs/supplemental_figures/audits/COGNITION_LOOKUP_SELECTED_FOR_SUPPLEMENTAL_NULL.csv,cognition_composite_score,NA,0.01786144477503982,2,0,TRUE,0.1134020618556701,0.13058419243986255,0,NA,Hsp60/10 clients
NDUFA10,0.20650065711687032,0.03305191357805854,9.5,outputs/supplemental_figures/audits/COGNITION_LOOKUP_SELECTED_FOR_SUPPLEMENTAL_NULL.csv,cognition_composite_score,NA,0.20650065711687032,5,0,TRUE,0.9312714776632303,0.9312714776632303,0.7525773195876289,NA,Hsp60/10 clients
NDUFA13,0.21504097517672724,0.03376630111651595,12.5,outputs/supplemental_figures/audits/COGNITION_LOOKUP_SELECTED_FOR_SUPPLEMENTAL_NULL.csv,cognition_composite_score,NA,0.21504097517672724,5,0,TRUE,0.9553264604810997,0.9381443298969072,0.8694158075601375,NA,Hsp60/10 clients
NDUFA2,0.2517310188572606,0.03803706433158122,12.5,outputs/supplemental_figures/audits/COGNITION_LOOKUP_SELECTED_FOR_SUPPLEMENTAL_NULL.csv,cognition_composite_score,NA,0.2517310188572606,5,0,TRUE,1,1,0.8694158075601375,NA,Hsp60/10 clients
NDUFA4,0.22794611371873383,0.0348921701501619,9.5,outputs/supplemental_figures/audits/COGNITION_LOOKUP_SELECTED_FOR_SUPPLEMENTAL_NULL.csv,cognition_composite_score,NA,0.22794611371873383,5,0,TRUE,0.9759450171821306,0.9587628865979382,0.7525773195876289,NA,Hsp60/10 clients
NDUFA6,0.2388156316127979,0.03791788551411218,9.5,outputs/supplemental_figures/audits/COGNITION_LOOKUP_SELECTED_FOR_SUPPLEMENTAL_NULL.csv,cognition_composite_score,NA,0.2388156316127979,5,0,TRUE,0.993127147766323,0.9965635738831615,0.7525773195876289,NA,Hsp60/10 clients
NDUFA8,0.2156163302429066,0.0341216251229292,12.5,outputs/supplemental_figures/audits/COGNITION_LOOKUP_SELECTED_FOR_SUPPLEMENTAL_NULL.csv,cognition_composite_score,NA,0.2156163302429066,5,0,TRUE,0.9587628865979382,0.9450171821305842,0.8694158075601375,NA,Hsp60/10 clients
NDUFA9,0.22344765560443736,0.03603341094517547,1.5,outputs/supplemental_figures/audits/COGNITION_LOOKUP_SELECTED_FOR_SUPPLEMENTAL_NULL.csv,cognition_composite_score,NA,0.22344765560443736,5,0,TRUE,0.9690721649484536,0.9896907216494846,0.44673539518900346,NA,Hsp60/10 clients
NDUFAF3,0.15264693402315574,0.02491896244112341,0.5,outputs/supplemental_figures/audits/COGNITION_LOOKUP_SELECTED_FOR_SUPPLEMENTAL_NULL.csv,cognition_composite_score,NA,0.15264693402315574,5,0,TRUE,0.8109965635738832,0.8556701030927835,0.14432989690721648,NA,Hsp60/10 clients
NDUFAF7,0.16097136971229203,0.02102865534491055,12.5,outputs/supplemental_figures/audits/COGNITION_LOOKUP_SELECTED_FOR_SUPPLEMENTAL_NULL.csv,cognition_composite_score,NA,0.16097136971229203,5,0,TRUE,0.8384879725085911,0.7766323024054983,0.8694158075601375,NA,Hsp60/10 clients
NDUFB1,0.2012443881976464,0.03757479988746329,12.5,outputs/supplemental_figures/audits/COGNITION_LOOKUP_SELECTED_FOR_SUPPLEMENTAL_NULL.csv,cognition_composite_score,NA,0.2012443881976464,5,0,TRUE,0.9175257731958762,0.993127147766323,0.8694158075601375,NA,Hsp60/10 clients
NDUFB10,0.1989885622361397,0.03144889386332412,8.5,outputs/supplemental_figures/audits/COGNITION_LOOKUP_SELECTED_FOR_SUPPLEMENTAL_NULL.csv,cognition_composite_score,NA,0.1989885622361397,5,0,TRUE,0.9140893470790378,0.9175257731958762,0.7319587628865979,NA,Hsp60/10 clients
NDUFS1,0.23142766981525367,0.03599088691803508,12.5,outputs/supplemental_figures/audits/COGNITION_LOOKUP_SELECTED_FOR_SUPPLEMENTAL_NULL.csv,cognition_composite_score,NA,0.23142766981525367,5,0,TRUE,0.979381443298969,0.9862542955326461,0.8694158075601375,NA,Hsp60/10 clients
NDUFS2,0.20424510345527053,0.03356103629998604,12.5,outputs/supplemental_figures/audits/COGNITION_LOOKUP_SELECTED_FOR_SUPPLEMENTAL_NULL.csv,cognition_composite_score,NA,0.20424510345527053,5,0,TRUE,0.9209621993127147,0.9347079037800687,0.8694158075601375,NA,Hsp60/10 clients
NDUFS3,0.20968856546369635,0.03388681718607413,3.5,outputs/supplemental_figures/audits/COGNITION_LOOKUP_SELECTED_FOR_SUPPLEMENTAL_NULL.csv,cognition_composite_score,NA,0.20968856546369635,5,0,TRUE,0.9415807560137457,0.9415807560137457,0.6219931271477663,NA,Hsp60/10 clients
NDUFS4,0.22105258499756655,0.03535547941417024,12.5,outputs/supplemental_figures/audits/COGNITION_LOOKUP_SELECTED_FOR_SUPPLEMENTAL_NULL.csv,cognition_composite_score,NA,0.22105258499756655,5,0,TRUE,0.9621993127147767,0.9656357388316151,0.8694158075601375,NA,Hsp60/10 clients
NDUFV1,0.23180307375845569,0.03516912066511957,12.5,outputs/supplemental_figures/audits/COGNITION_LOOKUP_SELECTED_FOR_SUPPLEMENTAL_NULL.csv,cognition_composite_score,NA,0.23180307375845569,5,0,TRUE,0.9828178694158075,0.9621993127147767,0.8694158075601375,NA,Hsp60/10 clients
NDUFV2,0.22300500665382128,0.03484653752541014,12.5,outputs/supplemental_figures/audits/COGNITION_LOOKUP_SELECTED_FOR_SUPPLEMENTAL_NULL.csv,cognition_composite_score,NA,0.22300500665382128,5,0,TRUE,0.9656357388316151,0.9553264604810997,0.8694158075601375,NA,Hsp60/10 clients
NFS1,0.16734551592420896,0.02447224913793135,12.5,outputs/supplemental_figures/audits/COGNITION_LOOKUP_SELECTED_FOR_SUPPLEMENTAL_NULL.csv,cognition_composite_score,NA,0.16734551592420896,5,0,TRUE,0.852233676975945,0.8419243986254296,0.8694158075601375,NA,Hsp60/10 clients
NFU1,0.13518271837294363,0.01856364331954107,0.5,outputs/supplemental_figures/audits/COGNITION_LOOKUP_SELECTED_FOR_SUPPLEMENTAL_NULL.csv,cognition_composite_score,NA,0.13518271837294363,5,0,TRUE,0.7353951890034365,0.7147766323024055,0.14432989690721648,NA,Hsp60/10 clients
NIPSNAP1,0.11475669713530404,0.01959525623604176,6.5,outputs/supplemental_figures/audits/COGNITION_LOOKUP_SELECTED_FOR_SUPPLEMENTAL_NULL.csv,cognition_composite_score,NA,0.11475669713530404,5,0,TRUE,0.6254295532646048,0.7491408934707904,0.6838487972508591,NA,Hsp60/10 clients
NIPSNAP3A,-0.00996751702378659,-0.00385632378067586,0.5,outputs/supplemental_figures/audits/COGNITION_LOOKUP_SELECTED_FOR_SUPPLEMENTAL_NULL.csv,cognition_composite_score,NA,0.00996751702378659,1,0,TRUE,0.13058419243986255,0.13745704467353953,0.14432989690721648,NA,Hsp60/10 clients
NSUN2,-0.00186018372042329,-0.00260394826215446,0,outputs/supplemental_figures/audits/COGNITION_LOOKUP_SELECTED_FOR_SUPPLEMENTAL_NULL.csv,cognition_composite_score,NA,0.00186018372042329,1,0,TRUE,0.14432989690721648,0.15463917525773196,0,NA,Hsp60/10 clients
NSUN4,0.09289147544953792,0.00812414162870952,5.5,outputs/supplemental_figures/audits/COGNITION_LOOKUP_SELECTED_FOR_SUPPLEMENTAL_NULL.csv,cognition_composite_score,NA,0.09289147544953792,4,0,TRUE,0.5154639175257731,0.39862542955326463,0.6632302405498282,NA,Hsp60/10 clients
NT5DC2,-0.04228182689101842,-0.01280250243757208,0.5,outputs/supplemental_figures/audits/COGNITION_LOOKUP_SELECTED_FOR_SUPPLEMENTAL_NULL.csv,cognition_composite_score,NA,0.04228182689101842,3,0,TRUE,0.07560137457044673,0.041237113402061855,0.14432989690721648,NA,Hsp60/10 clients
NUDT19,0.06582565332604663,0.00449731280177044,9.5,outputs/supplemental_figures/audits/COGNITION_LOOKUP_SELECTED_FOR_SUPPLEMENTAL_NULL.csv,cognition_composite_score,NA,0.06582565332604663,4,0,TRUE,0.4054982817869416,0.30584192439862545,0.7525773195876289,NA,Hsp60/10 clients
OAT,0.094226809878424,0.01029595937604614,0.5,outputs/supplemental_figures/audits/COGNITION_LOOKUP_SELECTED_FOR_SUPPLEMENTAL_NULL.csv,cognition_composite_score,NA,0.094226809878424,4,0,TRUE,0.5257731958762887,0.47079037800687284,0.14432989690721648,NA,Hsp60/10 clients
OGDH,0.13274921635395795,0.02060543655886263,1.5,outputs/supplemental_figures/audits/COGNITION_LOOKUP_SELECTED_FOR_SUPPLEMENTAL_NULL.csv,cognition_composite_score,NA,0.13274921635395795,5,0,TRUE,0.7216494845360825,0.7697594501718213,0.44673539518900346,NA,Hsp60/10 clients
P4HB,0.03692178530234025,0.00400949362258382,0.5,outputs/supplemental_figures/audits/COGNITION_LOOKUP_SELECTED_FOR_SUPPLEMENTAL_NULL.csv,cognition_composite_score,NA,0.03692178530234025,3,0,TRUE,0.27835051546391754,0.29896907216494845,0.14432989690721648,NA,Hsp60/10 clients
PC,0.01247000155780342,0.0021065952268753,0.5,outputs/supplemental_figures/audits/COGNITION_LOOKUP_SELECTED_FOR_SUPPLEMENTAL_NULL.csv,cognition_composite_score,NA,0.01247000155780342,1,0,TRUE,0.19243986254295534,0.23367697594501718,0.14432989690721648,NA,Hsp60/10 clients
PCCB,0.08371431676811832,0.00796383050145233,8.5,outputs/supplemental_figures/audits/COGNITION_LOOKUP_SELECTED_FOR_SUPPLEMENTAL_NULL.csv,cognition_composite_score,NA,0.08371431676811832,4,0,TRUE,0.46735395189003437,0.3917525773195876,0.7319587628865979,NA,Hsp60/10 clients
PCK2,0.02656081426321084,5.603963086290983e-4,0.5,outputs/supplemental_figures/audits/COGNITION_LOOKUP_SELECTED_FOR_SUPPLEMENTAL_NULL.csv,cognition_composite_score,NA,0.02656081426321084,2,0,TRUE,0.23711340206185566,0.20618556701030927,0.14432989690721648,NA,Hsp60/10 clients
PCMT1,0.00223681506848057,0.00297473939290437,0.5,outputs/supplemental_figures/audits/COGNITION_LOOKUP_SELECTED_FOR_SUPPLEMENTAL_NULL.csv,cognition_composite_score,NA,0.00223681506848057,1,0,TRUE,0.16838487972508592,0.2542955326460481,0.14432989690721648,NA,Hsp60/10 clients
PDHA1,0.21321875026674925,0.03595331634861332,12.5,outputs/supplemental_figures/audits/COGNITION_LOOKUP_SELECTED_FOR_SUPPLEMENTAL_NULL.csv,cognition_composite_score,NA,0.21321875026674925,5,0,TRUE,0.9518900343642611,0.979381443298969,0.8694158075601375,NA,Hsp60/10 clients
PDHB,0.21256162180684995,0.03571855242089199,12.5,outputs/supplemental_figures/audits/COGNITION_LOOKUP_SELECTED_FOR_SUPPLEMENTAL_NULL.csv,cognition_composite_score,NA,0.21256162180684995,5,0,TRUE,0.9484536082474226,0.9725085910652921,0.8694158075601375,NA,Hsp60/10 clients
PDHX,0.20942690224818408,0.03416161450465931,12.5,outputs/supplemental_figures/audits/COGNITION_LOOKUP_SELECTED_FOR_SUPPLEMENTAL_NULL.csv,cognition_composite_score,NA,0.20942690224818408,5,0,TRUE,0.9347079037800687,0.9484536082474226,0.8694158075601375,NA,Hsp60/10 clients
PDIA6,-0.001726838847479,-0.00321133924605554,0.5,outputs/supplemental_figures/audits/COGNITION_LOOKUP_SELECTED_FOR_SUPPLEMENTAL_NULL.csv,cognition_composite_score,NA,0.001726838847479,1,0,TRUE,0.14776632302405499,0.140893470790378,0.14432989690721648,NA,Hsp60/10 clients
PDK1,0.07858026748339274,0.01157366148579162,0.5,outputs/supplemental_figures/audits/COGNITION_LOOKUP_SELECTED_FOR_SUPPLEMENTAL_NULL.csv,cognition_composite_score,NA,0.07858026748339274,4,0,TRUE,0.43986254295532645,0.5017182130584192,0.14432989690721648,NA,Hsp60/10 clients
PDK2,0.12119049916310087,0.02203371065616364,0.5,outputs/supplemental_figures/audits/COGNITION_LOOKUP_SELECTED_FOR_SUPPLEMENTAL_NULL.csv,cognition_composite_score,NA,0.12119049916310087,5,0,TRUE,0.6701030927835051,0.8006872852233677,0.14432989690721648,NA,Hsp60/10 clients
PDK3,0.233063025390365,0.03561859911656637,6.5,outputs/supplemental_figures/audits/COGNITION_LOOKUP_SELECTED_FOR_SUPPLEMENTAL_NULL.csv,cognition_composite_score,NA,0.233063025390365,5,0,TRUE,0.9896907216494846,0.9690721649484536,0.6838487972508591,NA,Hsp60/10 clients
PGAM5,0.09454909775719242,0.01504647364961248,1.5,outputs/supplemental_figures/audits/COGNITION_LOOKUP_SELECTED_FOR_SUPPLEMENTAL_NULL.csv,cognition_composite_score,NA,0.09454909775719242,4,0,TRUE,0.5326460481099656,0.6357388316151202,0.44673539518900346,NA,Hsp60/10 clients
PHB,0.108621124677845,0.01828566060941592,9.5,outputs/supplemental_figures/audits/COGNITION_LOOKUP_SELECTED_FOR_SUPPLEMENTAL_NULL.csv,cognition_composite_score,NA,0.108621124677845,5,0,TRUE,0.5773195876288659,0.7079037800687286,0.7525773195876289,NA,Hsp60/10 clients
PHB2,0.0955453432636742,0.01654180194056726,6.5,outputs/supplemental_figures/audits/COGNITION_LOOKUP_SELECTED_FOR_SUPPLEMENTAL_NULL.csv,cognition_composite_score,NA,0.0955453432636742,4,0,TRUE,0.5395189003436426,0.6701030927835051,0.6838487972508591,NA,Hsp60/10 clients
PIN4,-0.02971111555831359,-0.00685478568529051,0,outputs/supplemental_figures/audits/COGNITION_LOOKUP_SELECTED_FOR_SUPPLEMENTAL_NULL.csv,cognition_composite_score,NA,0.02971111555831359,2,0,TRUE,0.08934707903780069,0.0859106529209622,0,NA,Hsp60/10 clients
PITRM1,0.12214609766558757,0.02487642829173273,0.5,outputs/supplemental_figures/audits/COGNITION_LOOKUP_SELECTED_FOR_SUPPLEMENTAL_NULL.csv,cognition_composite_score,NA,0.12214609766558757,5,0,TRUE,0.6769759450171822,0.852233676975945,0.14432989690721648,NA,Hsp60/10 clients
PMPCA,0.08202878286547598,0.00760270120451454,2.5,outputs/supplemental_figures/audits/COGNITION_LOOKUP_SELECTED_FOR_SUPPLEMENTAL_NULL.csv,cognition_composite_score,NA,0.08202878286547598,4,0,TRUE,0.46048109965635736,0.3711340206185567,0.5395189003436426,NA,Hsp60/10 clients
PMPCB,0.1130438899446931,0.01443211667049598,9.5,outputs/supplemental_figures/audits/COGNITION_LOOKUP_SELECTED_FOR_SUPPLEMENTAL_NULL.csv,cognition_composite_score,NA,0.1130438899446931,5,0,TRUE,0.6048109965635738,0.6082474226804123,0.7525773195876289,NA,Hsp60/10 clients
PNPT1,0.06045299915190922,0.00673870083242985,0.5,outputs/supplemental_figures/audits/COGNITION_LOOKUP_SELECTED_FOR_SUPPLEMENTAL_NULL.csv,cognition_composite_score,NA,0.06045299915190922,3,0,TRUE,0.3848797250859107,0.3436426116838488,0.14432989690721648,NA,Hsp60/10 clients
POLDIP2,0.07954736662237831,0.01068135843965753,12.5,outputs/supplemental_figures/audits/COGNITION_LOOKUP_SELECTED_FOR_SUPPLEMENTAL_NULL.csv,cognition_composite_score,NA,0.07954736662237831,4,0,TRUE,0.44329896907216493,0.48109965635738833,0.8694158075601375,NA,Hsp60/10 clients
POLG,0.08950086413503894,0.00894593967128616,0.5,outputs/supplemental_figures/audits/COGNITION_LOOKUP_SELECTED_FOR_SUPPLEMENTAL_NULL.csv,cognition_composite_score,NA,0.08950086413503894,4,0,TRUE,0.4948453608247423,0.4261168384879725,0.14432989690721648,NA,Hsp60/10 clients
POLRMT,0.1113756230638816,0.01542755542553793,1.5,outputs/supplemental_figures/audits/COGNITION_LOOKUP_SELECTED_FOR_SUPPLEMENTAL_NULL.csv,cognition_composite_score,NA,0.1113756230638816,5,0,TRUE,0.5945017182130584,0.6529209621993127,0.44673539518900346,NA,Hsp60/10 clients
PPA2,0.05425393136474315,0.00582341772531475,6.5,outputs/supplemental_figures/audits/COGNITION_LOOKUP_SELECTED_FOR_SUPPLEMENTAL_NULL.csv,cognition_composite_score,NA,0.05425393136474315,3,0,TRUE,0.3539518900343643,0.32989690721649484,0.6838487972508591,NA,Hsp60/10 clients
PPIA,-0.07334871973762355,-0.0114039585599081,0,outputs/supplemental_figures/audits/COGNITION_LOOKUP_SELECTED_FOR_SUPPLEMENTAL_NULL.csv,cognition_composite_score,NA,0.07334871973762355,4,0,TRUE,0.03436426116838488,0.054982817869415807,0,NA,Hsp60/10 clients
PPIF,0.02938239839124638,0.00531397563246744,0.5,outputs/supplemental_figures/audits/COGNITION_LOOKUP_SELECTED_FOR_SUPPLEMENTAL_NULL.csv,cognition_composite_score,NA,0.02938239839124638,2,0,TRUE,0.24742268041237114,0.31958762886597936,0.14432989690721648,NA,Hsp60/10 clients
PPOX,0.05676963660519179,0.00768350558668678,9.5,outputs/supplemental_figures/audits/COGNITION_LOOKUP_SELECTED_FOR_SUPPLEMENTAL_NULL.csv,cognition_composite_score,NA,0.05676963660519179,3,0,TRUE,0.36082474226804123,0.3745704467353952,0.7525773195876289,NA,Hsp60/10 clients
PRDX3,0.1205873168557914,0.01875464697151774,0.5,outputs/supplemental_figures/audits/COGNITION_LOOKUP_SELECTED_FOR_SUPPLEMENTAL_NULL.csv,cognition_composite_score,NA,0.1205873168557914,5,0,TRUE,0.6666666666666666,0.7216494845360825,0.14432989690721648,NA,Hsp60/10 clients
PRDX4,-0.02914711391411826,-0.00692422503689006,0,outputs/supplemental_figures/audits/COGNITION_LOOKUP_SELECTED_FOR_SUPPLEMENTAL_NULL.csv,cognition_composite_score,NA,0.02914711391411826,2,0,TRUE,0.09278350515463918,0.08247422680412371,0,NA,Hsp60/10 clients
PTCD3,0.11597426707887232,0.01392546104116173,9.5,outputs/supplemental_figures/audits/COGNITION_LOOKUP_SELECTED_FOR_SUPPLEMENTAL_NULL.csv,cognition_composite_score,NA,0.11597426707887232,5,0,TRUE,0.6357388316151202,0.5910652920962199,0.7525773195876289,NA,Hsp60/10 clients
PTPMT1,0.08668239452752462,0.01341952751985408,5.5,outputs/supplemental_figures/audits/COGNITION_LOOKUP_SELECTED_FOR_SUPPLEMENTAL_NULL.csv,cognition_composite_score,NA,0.08668239452752462,4,0,TRUE,0.48109965635738833,0.563573883161512,0.6632302405498282,NA,Hsp60/10 clients
PYCR2,0.09923825264635204,0.01732460193856098,12.5,outputs/supplemental_figures/audits/COGNITION_LOOKUP_SELECTED_FOR_SUPPLEMENTAL_NULL.csv,cognition_composite_score,NA,0.09923825264635204,4,0,TRUE,0.5498281786941581,0.6838487972508591,0.8694158075601375,NA,Hsp60/10 clients
QRSL1,0.0307964606489614,0.00369831393070454,0.5,outputs/supplemental_figures/audits/COGNITION_LOOKUP_SELECTED_FOR_SUPPLEMENTAL_NULL.csv,cognition_composite_score,NA,0.0307964606489614,2,0,TRUE,0.25773195876288657,0.281786941580756,0.14432989690721648,NA,Hsp60/10 clients
RPL11,0.01630510523351739,5.200353378767865e-4,12.5,outputs/supplemental_figures/audits/COGNITION_LOOKUP_SELECTED_FOR_SUPPLEMENTAL_NULL.csv,cognition_composite_score,NA,0.01630510523351739,1,0,TRUE,0.20618556701030927,0.2027491408934708,0.8694158075601375,NA,Hsp60/10 clients
RPL23,0.03056623779886146,0.00430153722729759,0.5,outputs/supplemental_figures/audits/COGNITION_LOOKUP_SELECTED_FOR_SUPPLEMENTAL_NULL.csv,cognition_composite_score,NA,0.03056623779886146,2,0,TRUE,0.2508591065292096,0.3024054982817869,0.14432989690721648,NA,Hsp60/10 clients
RPL23A,0.04073634840392901,0.00840162743558523,4.5,outputs/supplemental_figures/audits/COGNITION_LOOKUP_SELECTED_FOR_SUPPLEMENTAL_NULL.csv,cognition_composite_score,NA,0.04073634840392901,3,0,TRUE,0.29553264604810997,0.41580756013745707,0.6563573883161512,NA,Hsp60/10 clients
RPL31,0.02680581404338463,0.00375147384912544,1.5,outputs/supplemental_figures/audits/COGNITION_LOOKUP_SELECTED_FOR_SUPPLEMENTAL_NULL.csv,cognition_composite_score,NA,0.02680581404338463,2,0,TRUE,0.24054982817869416,0.28865979381443296,0.44673539518900346,NA,Hsp60/10 clients
RPL9,0.03795339322372512,0.00540765849736058,1.5,outputs/supplemental_figures/audits/COGNITION_LOOKUP_SELECTED_FOR_SUPPLEMENTAL_NULL.csv,cognition_composite_score,NA,0.03795339322372512,3,0,TRUE,0.2852233676975945,0.32646048109965636,0.44673539518900346,NA,Hsp60/10 clients
RPS10,0.06320662561765829,0.00784394024405741,1.5,outputs/supplemental_figures/audits/COGNITION_LOOKUP_SELECTED_FOR_SUPPLEMENTAL_NULL.csv,cognition_composite_score,NA,0.06320662561765829,4,0,TRUE,0.3917525773195876,0.3848797250859107,0.44673539518900346,NA,Hsp60/10 clients
RPS11,0.00925661477896924,-0.00129683193991739,1.5,outputs/supplemental_figures/audits/COGNITION_LOOKUP_SELECTED_FOR_SUPPLEMENTAL_NULL.csv,cognition_composite_score,NA,0.00925661477896924,1,0,TRUE,0.18900343642611683,0.16838487972508592,0.44673539518900346,NA,Hsp60/10 clients
RPS15A,0.02536708322950916,0.0033552707484989,2.5,outputs/supplemental_figures/audits/COGNITION_LOOKUP_SELECTED_FOR_SUPPLEMENTAL_NULL.csv,cognition_composite_score,NA,0.02536708322950916,2,0,TRUE,0.23024054982817868,0.27147766323024053,0.5395189003436426,NA,Hsp60/10 clients
RPS16,0.03061541436138924,0.00330414883968647,9.5,outputs/supplemental_figures/audits/COGNITION_LOOKUP_SELECTED_FOR_SUPPLEMENTAL_NULL.csv,cognition_composite_score,NA,0.03061541436138924,2,0,TRUE,0.2542955326460481,0.26804123711340205,0.7525773195876289,NA,Hsp60/10 clients
RPS18,0.06788644058089519,-0.00665009694189687,0,outputs/supplemental_figures/audits/COGNITION_LOOKUP_SELECTED_FOR_SUPPLEMENTAL_NULL.csv,cognition_composite_score,NA,0.06788644058089519,4,0,TRUE,0.41580756013745707,0.09278350515463918,0,NA,Hsp60/10 clients
RPS3,0.02923417018853144,0.002746141563102,9.5,outputs/supplemental_figures/audits/COGNITION_LOOKUP_SELECTED_FOR_SUPPLEMENTAL_NULL.csv,cognition_composite_score,NA,0.02923417018853144,2,0,TRUE,0.24398625429553264,0.24742268041237114,0.7525773195876289,NA,Hsp60/10 clients
RPS4X,0.03285268607700451,-1.4034122434533604e-5,0.5,outputs/supplemental_figures/audits/COGNITION_LOOKUP_SELECTED_FOR_SUPPLEMENTAL_NULL.csv,cognition_composite_score,NA,0.03285268607700451,2,0,TRUE,0.2611683848797251,0.19243986254295534,0.14432989690721648,NA,Hsp60/10 clients
RPS6,0.05415771542609492,0.0081883378615211,1.5,outputs/supplemental_figures/audits/COGNITION_LOOKUP_SELECTED_FOR_SUPPLEMENTAL_NULL.csv,cognition_composite_score,NA,0.05415771542609492,3,0,TRUE,0.35051546391752575,0.4020618556701031,0.44673539518900346,NA,Hsp60/10 clients
RPS8,0.04483550945307097,0.00721636904222851,1.5,outputs/supplemental_figures/audits/COGNITION_LOOKUP_SELECTED_FOR_SUPPLEMENTAL_NULL.csv,cognition_composite_score,NA,0.04483550945307097,3,0,TRUE,0.30927835051546393,0.35738831615120276,0.44673539518900346,NA,Hsp60/10 clients
RPS9,0.05083894513572758,-0.00458780800394106,5.5,outputs/supplemental_figures/audits/COGNITION_LOOKUP_SELECTED_FOR_SUPPLEMENTAL_NULL.csv,cognition_composite_score,NA,0.05083894513572758,3,0,TRUE,0.3402061855670103,0.12714776632302405,0.6632302405498282,NA,Hsp60/10 clients
SAMM50,0.13167536935341623,0.01933771563600555,1.5,outputs/supplemental_figures/audits/COGNITION_LOOKUP_SELECTED_FOR_SUPPLEMENTAL_NULL.csv,cognition_composite_score,NA,0.13167536935341623,5,0,TRUE,0.711340206185567,0.7353951890034365,0.44673539518900346,NA,Hsp60/10 clients
SARS2,0.11949046544399912,0.01535151694705227,6.5,outputs/supplemental_figures/audits/COGNITION_LOOKUP_SELECTED_FOR_SUPPLEMENTAL_NULL.csv,cognition_composite_score,NA,0.11949046544399912,5,0,TRUE,0.6563573883161512,0.6494845360824743,0.6838487972508591,NA,Hsp60/10 clients
SDHA,0.15484570225809757,0.02618758345244594,2.5,outputs/supplemental_figures/audits/COGNITION_LOOKUP_SELECTED_FOR_SUPPLEMENTAL_NULL.csv,cognition_composite_score,NA,0.15484570225809757,5,0,TRUE,0.8178694158075601,0.8694158075601375,0.5395189003436426,NA,Hsp60/10 clients
SDHB,0.16973564030320137,0.02791167073804097,5.5,outputs/supplemental_figures/audits/COGNITION_LOOKUP_SELECTED_FOR_SUPPLEMENTAL_NULL.csv,cognition_composite_score,NA,0.16973564030320137,5,0,TRUE,0.8591065292096219,0.8865979381443299,0.6632302405498282,NA,Hsp60/10 clients
SERPINH1,-0.06030143632352238,-0.01599550613905671,0.5,outputs/supplemental_figures/audits/COGNITION_LOOKUP_SELECTED_FOR_SUPPLEMENTAL_NULL.csv,cognition_composite_score,NA,0.06030143632352238,3,0,TRUE,0.048109965635738834,0.027491408934707903,0.14432989690721648,NA,Hsp60/10 clients
SHMT2,0.1324248329376107,0.01282487671727434,2.5,outputs/supplemental_figures/audits/COGNITION_LOOKUP_SELECTED_FOR_SUPPLEMENTAL_NULL.csv,cognition_composite_score,NA,0.1324248329376107,5,0,TRUE,0.7147766323024055,0.5395189003436426,0.5395189003436426,NA,Hsp60/10 clients
SLC25A13,0.03969507302301903,0.00104349794828258,2.5,outputs/supplemental_figures/audits/COGNITION_LOOKUP_SELECTED_FOR_SUPPLEMENTAL_NULL.csv,cognition_composite_score,NA,0.03969507302301903,3,0,TRUE,0.2920962199312715,0.21649484536082475,0.5395189003436426,NA,Hsp60/10 clients
SLC25A5,0.1967727375754034,0.03171345957581249,12.5,outputs/supplemental_figures/audits/COGNITION_LOOKUP_SELECTED_FOR_SUPPLEMENTAL_NULL.csv,cognition_composite_score,NA,0.1967727375754034,5,0,TRUE,0.9106529209621993,0.9243986254295533,0.8694158075601375,NA,Hsp60/10 clients
SLC25A6,0.1869261808242113,0.03084831888918942,2.5,outputs/supplemental_figures/audits/COGNITION_LOOKUP_SELECTED_FOR_SUPPLEMENTAL_NULL.csv,cognition_composite_score,NA,0.1869261808242113,5,0,TRUE,0.9003436426116839,0.9037800687285223,0.5395189003436426,NA,Hsp60/10 clients
SLIRP,0.24819843697959787,0.03595742082135582,12.5,outputs/supplemental_figures/audits/COGNITION_LOOKUP_SELECTED_FOR_SUPPLEMENTAL_NULL.csv,cognition_composite_score,NA,0.24819843697959787,5,0,TRUE,0.9965635738831615,0.9828178694158075,0.8694158075601375,NA,Hsp60/10 clients
SOD2,-0.01140747370961157,-0.00251658103188665,0.5,outputs/supplemental_figures/audits/COGNITION_LOOKUP_SELECTED_FOR_SUPPLEMENTAL_NULL.csv,cognition_composite_score,NA,0.01140747370961157,1,0,TRUE,0.12714776632302405,0.16151202749140894,0.14432989690721648,NA,Hsp60/10 clients
SPRYD4,0.04760475971500579,0.00921706224876189,0,outputs/supplemental_figures/audits/COGNITION_LOOKUP_SELECTED_FOR_SUPPLEMENTAL_NULL.csv,cognition_composite_score,NA,0.04760475971500579,3,0,TRUE,0.32646048109965636,0.436426116838488,0,NA,Hsp60/10 clients
SSBP1,0.11347569718049567,0.01481908074393061,2.5,outputs/supplemental_figures/audits/COGNITION_LOOKUP_SELECTED_FOR_SUPPLEMENTAL_NULL.csv,cognition_composite_score,NA,0.11347569718049567,5,0,TRUE,0.6116838487972509,0.6254295532646048,0.5395189003436426,NA,Hsp60/10 clients
ST13,0.05455176291733778,0.00957174963903489,0.5,outputs/supplemental_figures/audits/COGNITION_LOOKUP_SELECTED_FOR_SUPPLEMENTAL_NULL.csv,cognition_composite_score,NA,0.05455176291733778,3,0,TRUE,0.35738831615120276,0.44673539518900346,0.14432989690721648,NA,Hsp60/10 clients
STOML2,0.09137557031302998,0.01218563193034189,0,outputs/supplemental_figures/audits/COGNITION_LOOKUP_SELECTED_FOR_SUPPLEMENTAL_NULL.csv,cognition_composite_score,NA,0.09137557031302998,4,0,TRUE,0.5051546391752577,0.5326460481099656,0,NA,Hsp60/10 clients
SUCLA2,0.167314513627087,0.0272141149893991,6.5,outputs/supplemental_figures/audits/COGNITION_LOOKUP_SELECTED_FOR_SUPPLEMENTAL_NULL.csv,cognition_composite_score,NA,0.167314513627087,5,0,TRUE,0.8487972508591065,0.8762886597938144,0.6838487972508591,NA,Hsp60/10 clients
SUCLG1,0.1268794241440236,0.0195158458749766,6.5,outputs/supplemental_figures/audits/COGNITION_LOOKUP_SELECTED_FOR_SUPPLEMENTAL_NULL.csv,cognition_composite_score,NA,0.1268794241440236,5,0,TRUE,0.7010309278350515,0.7422680412371134,0.6838487972508591,NA,Hsp60/10 clients
SUCLG2,-0.11626118857499614,-0.02292212227268554,0.5,outputs/supplemental_figures/audits/COGNITION_LOOKUP_SELECTED_FOR_SUPPLEMENTAL_NULL.csv,cognition_composite_score,NA,0.11626118857499614,5,0,TRUE,0.020618556701030927,0.013745704467353952,0.14432989690721648,NA,Hsp60/10 clients
SUPV3L1,0.03528557394061425,0.00391840542336835,0.5,outputs/supplemental_figures/audits/COGNITION_LOOKUP_SELECTED_FOR_SUPPLEMENTAL_NULL.csv,cognition_composite_score,NA,0.03528557394061425,2,0,TRUE,0.26804123711340205,0.29553264604810997,0.14432989690721648,NA,Hsp60/10 clients
SYNE1,0.04101708562758051,0.0053864124018759,0.5,outputs/supplemental_figures/audits/COGNITION_LOOKUP_SELECTED_FOR_SUPPLEMENTAL_NULL.csv,cognition_composite_score,NA,0.04101708562758051,3,0,TRUE,0.29896907216494845,0.3230240549828179,0.14432989690721648,NA,Hsp60/10 clients
TACO1,0.11430503857718072,0.01753028531129208,6.5,outputs/supplemental_figures/audits/COGNITION_LOOKUP_SELECTED_FOR_SUPPLEMENTAL_NULL.csv,cognition_composite_score,NA,0.11430503857718072,5,0,TRUE,0.6185567010309279,0.697594501718213,0.6838487972508591,NA,Hsp60/10 clients
TAMM41,0.14861648944692812,0.02133656004005982,0.5,outputs/supplemental_figures/audits/COGNITION_LOOKUP_SELECTED_FOR_SUPPLEMENTAL_NULL.csv,cognition_composite_score,NA,0.14861648944692812,5,0,TRUE,0.7938144329896907,0.7869415807560137,0.14432989690721648,NA,Hsp60/10 clients
TARS2,0.08054760995668021,0.01209588581108026,0.5,outputs/supplemental_figures/audits/COGNITION_LOOKUP_SELECTED_FOR_SUPPLEMENTAL_NULL.csv,cognition_composite_score,NA,0.08054760995668021,4,0,TRUE,0.44673539518900346,0.5292096219931272,0.14432989690721648,NA,Hsp60/10 clients
TBRG4,0.17970267913562643,0.025254491772313,0.5,outputs/supplemental_figures/audits/COGNITION_LOOKUP_SELECTED_FOR_SUPPLEMENTAL_NULL.csv,cognition_composite_score,NA,0.17970267913562643,5,0,TRUE,0.8865979381443299,0.8591065292096219,0.14432989690721648,NA,Hsp60/10 clients
TFAM,0.081325713148219,0.01057607594142275,0.5,outputs/supplemental_figures/audits/COGNITION_LOOKUP_SELECTED_FOR_SUPPLEMENTAL_NULL.csv,cognition_composite_score,NA,0.081325713148219,4,0,TRUE,0.4570446735395189,0.47766323024054985,0.14432989690721648,NA,Hsp60/10 clients
TIMM13,0.1475397466598268,0.0213334146760221,6.5,outputs/supplemental_figures/audits/COGNITION_LOOKUP_SELECTED_FOR_SUPPLEMENTAL_NULL.csv,cognition_composite_score,NA,0.1475397466598268,5,0,TRUE,0.7869415807560137,0.7835051546391752,0.6838487972508591,NA,Hsp60/10 clients
TIMM44,0.12275975032310976,0.01975081401418498,6.5,outputs/supplemental_figures/audits/COGNITION_LOOKUP_SELECTED_FOR_SUPPLEMENTAL_NULL.csv,cognition_composite_score,NA,0.12275975032310976,5,0,TRUE,0.6838487972508591,0.7560137457044673,0.6838487972508591,NA,Hsp60/10 clients
TIMM8B,0.16585930913470684,0.02305920735610684,1.5,outputs/supplemental_figures/audits/COGNITION_LOOKUP_SELECTED_FOR_SUPPLEMENTAL_NULL.csv,cognition_composite_score,NA,0.16585930913470684,5,0,TRUE,0.845360824742268,0.8144329896907216,0.44673539518900346,NA,Hsp60/10 clients
TRAP1,0.08794599491461236,0.01093312763772666,0.5,outputs/supplemental_figures/audits/COGNITION_LOOKUP_SELECTED_FOR_SUPPLEMENTAL_NULL.csv,cognition_composite_score,NA,0.08794599491461236,4,0,TRUE,0.4879725085910653,0.49140893470790376,0.14432989690721648,NA,Hsp60/10 clients
TRMU,0.04911239207706294,0.00457353493125776,0.5,outputs/supplemental_figures/audits/COGNITION_LOOKUP_SELECTED_FOR_SUPPLEMENTAL_NULL.csv,cognition_composite_score,NA,0.04911239207706294,3,0,TRUE,0.32989690721649484,0.30927835051546393,0.14432989690721648,NA,Hsp60/10 clients
TRUB1,0.10458017822921369,0.01561296268250044,2.5,outputs/supplemental_figures/audits/COGNITION_LOOKUP_SELECTED_FOR_SUPPLEMENTAL_NULL.csv,cognition_composite_score,NA,0.10458017822921369,5,0,TRUE,0.5738831615120275,0.6563573883161512,0.5395189003436426,NA,Hsp60/10 clients
TRUB2,0.09268235986050828,0.00262612116571298,0.5,outputs/supplemental_figures/audits/COGNITION_LOOKUP_SELECTED_FOR_SUPPLEMENTAL_NULL.csv,cognition_composite_score,NA,0.09268235986050828,4,0,TRUE,0.5120274914089347,0.24054982817869416,0.14432989690721648,NA,Hsp60/10 clients
TSFM,0.14358483953817272,0.02315619088446419,2.5,outputs/supplemental_figures/audits/COGNITION_LOOKUP_SELECTED_FOR_SUPPLEMENTAL_NULL.csv,cognition_composite_score,NA,0.14358483953817272,5,0,TRUE,0.7766323024054983,0.8213058419243986,0.5395189003436426,NA,Hsp60/10 clients
TST,-0.0466744471441667,-0.01038504312544179,0,outputs/supplemental_figures/audits/COGNITION_LOOKUP_SELECTED_FOR_SUPPLEMENTAL_NULL.csv,cognition_composite_score,NA,0.0466744471441667,3,0,TRUE,0.06529209621993128,0.06529209621993128,0,NA,Hsp60/10 clients
TUBB,0.04970966247897684,0.01151538268242335,0,outputs/supplemental_figures/audits/COGNITION_LOOKUP_SELECTED_FOR_SUPPLEMENTAL_NULL.csv,cognition_composite_score,NA,0.04970966247897684,3,0,TRUE,0.3333333333333333,0.4948453608247423,0,NA,Hsp60/10 clients
TUBB4B,0.02625360617259874,0.00737320387594198,0,outputs/supplemental_figures/audits/COGNITION_LOOKUP_SELECTED_FOR_SUPPLEMENTAL_NULL.csv,cognition_composite_score,NA,0.02625360617259874,2,0,TRUE,0.23367697594501718,0.3642611683848797,0,NA,Hsp60/10 clients
TUFM,0.13297049683951845,0.02020239322248973,9.5,outputs/supplemental_figures/audits/COGNITION_LOOKUP_SELECTED_FOR_SUPPLEMENTAL_NULL.csv,cognition_composite_score,NA,0.13297049683951845,5,0,TRUE,0.7250859106529209,0.7594501718213058,0.7525773195876289,NA,Hsp60/10 clients
UQCRC1,0.1922618384679548,0.02960227669227607,12.5,outputs/supplemental_figures/audits/COGNITION_LOOKUP_SELECTED_FOR_SUPPLEMENTAL_NULL.csv,cognition_composite_score,NA,0.1922618384679548,5,0,TRUE,0.9037800687285223,0.8969072164948454,0.8694158075601375,NA,Hsp60/10 clients
UQCRC2,0.20947127083087577,0.03200081238832054,12.5,outputs/supplemental_figures/audits/COGNITION_LOOKUP_SELECTED_FOR_SUPPLEMENTAL_NULL.csv,cognition_composite_score,NA,0.20947127083087577,5,0,TRUE,0.9381443298969072,0.9278350515463918,0.8694158075601375,NA,Hsp60/10 clients
UQCRFS1,0.20598313457384687,0.03112700555806467,12.5,outputs/supplemental_figures/audits/COGNITION_LOOKUP_SELECTED_FOR_SUPPLEMENTAL_NULL.csv,cognition_composite_score,NA,0.20598313457384687,5,0,TRUE,0.9278350515463918,0.9106529209621993,0.8694158075601375,NA,Hsp60/10 clients
VARS2,0.06852534368507864,0.00821036280849578,0.5,outputs/supplemental_figures/audits/COGNITION_LOOKUP_SELECTED_FOR_SUPPLEMENTAL_NULL.csv,cognition_composite_score,NA,0.06852534368507864,4,0,TRUE,0.41924398625429554,0.4054982817869416,0.14432989690721648,NA,Hsp60/10 clients
XPNPEP3,0.04660255181964943,0.00271263631408537,8.5,outputs/supplemental_figures/audits/COGNITION_LOOKUP_SELECTED_FOR_SUPPLEMENTAL_NULL.csv,cognition_composite_score,NA,0.04660255181964943,3,0,TRUE,0.31958762886597936,0.24398625429553264,0.7319587628865979,NA,Hsp60/10 clients
YARS2,0.09172923878847689,0.01177242176805394,9.5,outputs/supplemental_figures/audits/COGNITION_LOOKUP_SELECTED_FOR_SUPPLEMENTAL_NULL.csv,cognition_composite_score,NA,0.09172923878847689,4,0,TRUE,0.5085910652920962,0.5154639175257731,0.7525773195876289,NA,Hsp60/10 clients
YWHAE,0.00150720094496939,0.00172360553408726,0,outputs/supplemental_figures/audits/COGNITION_LOOKUP_SELECTED_FOR_SUPPLEMENTAL_NULL.csv,cognition_composite_score,NA,0.00150720094496939,1,0,TRUE,0.16151202749140894,0.23024054982817868,0,NA,Hsp60/10 clients
ZADH2,0.11649539622165148,0.01951870451971878,0.5,outputs/supplemental_figures/audits/COGNITION_LOOKUP_SELECTED_FOR_SUPPLEMENTAL_NULL.csv,cognition_composite_score,NA,0.11649539622165148,5,0,TRUE,0.6426116838487973,0.7457044673539519,0.14432989690721648,NA,Hsp60/10 clients
AADAT,0.10073131729041616,0.01288112480465149,0.5,outputs/supplemental_figures/audits/COGNITION_LOOKUP_SELECTED_FOR_SUPPLEMENTAL_NULL.csv,cognition_composite_score,NA,0.10073131729041616,5,0,FALSE,0.6480263157894737,0.6085526315789473,0.23190789473684212,NA,Non-client mitochondrial proteins
AASS,-0.10054205142070008,-0.02260444994664657,0.5,outputs/supplemental_figures/audits/COGNITION_LOOKUP_SELECTED_FOR_SUPPLEMENTAL_NULL.csv,cognition_composite_score,NA,0.10054205142070008,5,0,FALSE,0.03618421052631579,0.018092105263157895,0.23190789473684212,NA,Non-client mitochondrial proteins
ABAT,0.03897662283400154,0.001967648032835,0.5,outputs/supplemental_figures/audits/COGNITION_LOOKUP_SELECTED_FOR_SUPPLEMENTAL_NULL.csv,cognition_composite_score,NA,0.03897662283400154,3,0,FALSE,0.34539473684210525,0.27631578947368424,0.23190789473684212,NA,Non-client mitochondrial proteins
ABCB10,0.06723396292437882,0.00969996983403258,1,outputs/supplemental_figures/audits/COGNITION_LOOKUP_SELECTED_FOR_SUPPLEMENTAL_NULL.csv,cognition_composite_score,NA,0.06723396292437882,4,0,FALSE,0.46381578947368424,0.49506578947368424,0.5970394736842105,NA,Non-client mitochondrial proteins
ABCB6,-0.02460388684236241,-0.00624996857466662,0.5,outputs/supplemental_figures/audits/COGNITION_LOOKUP_SELECTED_FOR_SUPPLEMENTAL_NULL.csv,cognition_composite_score,NA,0.02460388684236241,2,0,FALSE,0.14473684210526316,0.14802631578947367,0.23190789473684212,NA,Non-client mitochondrial proteins
ABCB7,0.08032647345331857,0.00807753489962768,0,outputs/supplemental_figures/audits/COGNITION_LOOKUP_SELECTED_FOR_SUPPLEMENTAL_NULL.csv,cognition_composite_score,NA,0.08032647345331857,4,0,FALSE,0.5411184210526315,0.4440789473684211,0,NA,Non-client mitochondrial proteins
ABCB8,0.0729167759090213,0.01222135964747218,0,outputs/supplemental_figures/audits/COGNITION_LOOKUP_SELECTED_FOR_SUPPLEMENTAL_NULL.csv,cognition_composite_score,NA,0.0729167759090213,4,0,FALSE,0.4934210526315789,0.5986842105263158,0,NA,Non-client mitochondrial proteins
ABCD2,0.05176379782420599,0.00623905667170273,0.5,outputs/supplemental_figures/audits/COGNITION_LOOKUP_SELECTED_FOR_SUPPLEMENTAL_NULL.csv,cognition_composite_score,NA,0.05176379782420599,3,0,FALSE,0.3980263157894737,0.39473684210526316,0.23190789473684212,NA,Non-client mitochondrial proteins
ABCD3,-0.00982718677489624,-0.00191503931067212,0.5,outputs/supplemental_figures/audits/COGNITION_LOOKUP_SELECTED_FOR_SUPPLEMENTAL_NULL.csv,cognition_composite_score,NA,0.00982718677489624,1,0,FALSE,0.16940789473684212,0.20394736842105263,0.23190789473684212,NA,Non-client mitochondrial proteins
ACAA1,-0.04428214060710497,-0.00533637899265999,0,outputs/supplemental_figures/audits/COGNITION_LOOKUP_SELECTED_FOR_SUPPLEMENTAL_NULL.csv,cognition_composite_score,NA,0.04428214060710497,3,0,FALSE,0.10032894736842106,0.16611842105263158,0,NA,Non-client mitochondrial proteins
ACACA,0.06352409213906172,0.01110847868908068,0.5,outputs/supplemental_figures/audits/COGNITION_LOOKUP_SELECTED_FOR_SUPPLEMENTAL_NULL.csv,cognition_composite_score,NA,0.06352409213906172,4,0,FALSE,0.4457236842105263,0.5608552631578947,0.23190789473684212,NA,Non-client mitochondrial proteins
ACAD10,0.03546508168687716,0.00496460138700581,1.5,outputs/supplemental_figures/audits/COGNITION_LOOKUP_SELECTED_FOR_SUPPLEMENTAL_NULL.csv,cognition_composite_score,NA,0.03546508168687716,2,0,FALSE,0.33223684210526316,0.3569078947368421,0.5986842105263158,NA,Non-client mitochondrial proteins
ACAD11,0.01567317351245774,-0.00772924603901709,0.5,outputs/supplemental_figures/audits/COGNITION_LOOKUP_SELECTED_FOR_SUPPLEMENTAL_NULL.csv,cognition_composite_score,NA,0.01567317351245774,1,0,FALSE,0.2565789473684211,0.13157894736842105,0.23190789473684212,NA,Non-client mitochondrial proteins
ACAD8,-0.00560032285676115,-0.00583525568504771,0.5,outputs/supplemental_figures/audits/COGNITION_LOOKUP_SELECTED_FOR_SUPPLEMENTAL_NULL.csv,cognition_composite_score,NA,0.00560032285676115,1,0,FALSE,0.18092105263157895,0.15789473684210525,0.23190789473684212,NA,Non-client mitochondrial proteins
ACADM,-0.01379195951608452,-0.00181436168470293,2.5,outputs/supplemental_figures/audits/COGNITION_LOOKUP_SELECTED_FOR_SUPPLEMENTAL_NULL.csv,cognition_composite_score,NA,0.01379195951608452,1,0,FALSE,0.16611842105263158,0.20559210526315788,0.6842105263157895,NA,Non-client mitochondrial proteins
ACADS,0.00726432338409126,8.986421419185804e-4,0.5,outputs/supplemental_figures/audits/COGNITION_LOOKUP_SELECTED_FOR_SUPPLEMENTAL_NULL.csv,cognition_composite_score,NA,0.00726432338409126,1,0,FALSE,0.21875,0.24835526315789475,0.23190789473684212,NA,Non-client mitochondrial proteins
ACADSB,0.12862715099776215,0.01793100894708894,8.5,outputs/supplemental_figures/audits/COGNITION_LOOKUP_SELECTED_FOR_SUPPLEMENTAL_NULL.csv,cognition_composite_score,NA,0.12862715099776215,5,0,FALSE,0.7713815789473685,0.7532894736842105,0.8552631578947368,NA,Non-client mitochondrial proteins
ACLY,0.01402926905847402,0.00120737323067136,0.5,outputs/supplemental_figures/audits/COGNITION_LOOKUP_SELECTED_FOR_SUPPLEMENTAL_NULL.csv,cognition_composite_score,NA,0.01402926905847402,1,0,FALSE,0.24177631578947367,0.2532894736842105,0.23190789473684212,NA,Non-client mitochondrial proteins
ACOT11,0.07787224546869381,0.00451403539853458,0.5,outputs/supplemental_figures/audits/COGNITION_LOOKUP_SELECTED_FOR_SUPPLEMENTAL_NULL.csv,cognition_composite_score,NA,0.07787224546869381,4,0,FALSE,0.5213815789473685,0.3503289473684211,0.23190789473684212,NA,Non-client mitochondrial proteins
ACOT7,0.0955927535971756,0.01792634575515926,0.5,outputs/supplemental_figures/audits/COGNITION_LOOKUP_SELECTED_FOR_SUPPLEMENTAL_NULL.csv,cognition_composite_score,NA,0.0955927535971756,4,0,FALSE,0.6167763157894737,0.7516447368421053,0.23190789473684212,NA,Non-client mitochondrial proteins
ACOT9,-0.02016634802300872,-0.00324310905347477,0.5,outputs/supplemental_figures/audits/COGNITION_LOOKUP_SELECTED_FOR_SUPPLEMENTAL_NULL.csv,cognition_composite_score,NA,0.02016634802300872,2,0,FALSE,0.1513157894736842,0.1875,0.23190789473684212,NA,Non-client mitochondrial proteins
ACP6,-0.0336511325369546,-0.00802340318002646,0,outputs/supplemental_figures/audits/COGNITION_LOOKUP_SELECTED_FOR_SUPPLEMENTAL_NULL.csv,cognition_composite_score,NA,0.0336511325369546,2,0,FALSE,0.11513157894736842,0.125,0,NA,Non-client mitochondrial proteins
ACSF2,-0.03667817491550859,-0.01261446656550024,3.5,outputs/supplemental_figures/audits/COGNITION_LOOKUP_SELECTED_FOR_SUPPLEMENTAL_NULL.csv,cognition_composite_score,NA,0.03667817491550859,3,0,FALSE,0.1118421052631579,0.0756578947368421,0.7532894736842105,NA,Non-client mitochondrial proteins
ACSL1,-0.05435178122579123,-0.01114175304457953,0,outputs/supplemental_figures/audits/COGNITION_LOOKUP_SELECTED_FOR_SUPPLEMENTAL_NULL.csv,cognition_composite_score,NA,0.05435178122579123,3,0,FALSE,0.08881578947368421,0.09046052631578948,0,NA,Non-client mitochondrial proteins
ACSL6,0.08028575765467158,0.01222071445730158,0.5,outputs/supplemental_figures/audits/COGNITION_LOOKUP_SELECTED_FOR_SUPPLEMENTAL_NULL.csv,cognition_composite_score,NA,0.08028575765467158,4,0,FALSE,0.5394736842105263,0.5970394736842105,0.23190789473684212,NA,Non-client mitochondrial proteins
ACSS1,0.01445338448986563,0.00194630455677278,0.5,outputs/supplemental_figures/audits/COGNITION_LOOKUP_SELECTED_FOR_SUPPLEMENTAL_NULL.csv,cognition_composite_score,NA,0.01445338448986563,1,0,FALSE,0.2450657894736842,0.2730263157894737,0.23190789473684212,NA,Non-client mitochondrial proteins
ACSS3,-0.12751931807729203,-0.02125187033232059,0,outputs/supplemental_figures/audits/COGNITION_LOOKUP_SELECTED_FOR_SUPPLEMENTAL_NULL.csv,cognition_composite_score,NA,0.12751931807729203,5,0,FALSE,0.018092105263157895,0.02138157894736842,0,NA,Non-client mitochondrial proteins
ADCK1,0.11101523980880486,0.01704371848034576,1.5,outputs/supplemental_figures/audits/COGNITION_LOOKUP_SELECTED_FOR_SUPPLEMENTAL_NULL.csv,cognition_composite_score,NA,0.11101523980880486,5,0,FALSE,0.680921052631579,0.7203947368421053,0.5986842105263158,NA,Non-client mitochondrial proteins
ADCK5,0.07116150452671148,0.01172042400906404,0,outputs/supplemental_figures/audits/COGNITION_LOOKUP_SELECTED_FOR_SUPPLEMENTAL_NULL.csv,cognition_composite_score,NA,0.07116150452671148,4,0,FALSE,0.48519736842105265,0.5822368421052632,0,NA,Non-client mitochondrial proteins
ADHFE1,-0.11605328923469732,-0.01995516452770171,0,outputs/supplemental_figures/audits/COGNITION_LOOKUP_SELECTED_FOR_SUPPLEMENTAL_NULL.csv,cognition_composite_score,NA,0.11605328923469732,5,0,FALSE,0.02138157894736842,0.024671052631578948,0,NA,Non-client mitochondrial proteins
AGK,0.12350734197679628,0.01648464140692847,5.5,outputs/supplemental_figures/audits/COGNITION_LOOKUP_SELECTED_FOR_SUPPLEMENTAL_NULL.csv,cognition_composite_score,NA,0.12350734197679628,5,0,FALSE,0.7384868421052632,0.7055921052631579,0.7845394736842105,NA,Non-client mitochondrial proteins
AGPAT4,-0.0053156700513778,0.0019032153609186,0,outputs/supplemental_figures/audits/COGNITION_LOOKUP_SELECTED_FOR_SUPPLEMENTAL_NULL.csv,cognition_composite_score,NA,0.0053156700513778,1,0,FALSE,0.18421052631578946,0.26973684210526316,0,NA,Non-client mitochondrial proteins
AGPAT5,0.03303725754771554,0.00326494722467378,0.5,outputs/supplemental_figures/audits/COGNITION_LOOKUP_SELECTED_FOR_SUPPLEMENTAL_NULL.csv,cognition_composite_score,NA,0.03303725754771554,2,0,FALSE,0.32401315789473684,0.3026315789473684,0.23190789473684212,NA,Non-client mitochondrial proteins
AHCYL1,0.05289035014301567,0.00869083934357438,12.5,outputs/supplemental_figures/audits/COGNITION_LOOKUP_SELECTED_FOR_SUPPLEMENTAL_NULL.csv,cognition_composite_score,NA,0.05289035014301567,3,0,FALSE,0.4029605263157895,0.4720394736842105,0.9342105263157895,NA,Non-client mitochondrial proteins
AIFM2,-0.00641586951535039,-0.00427162968878546,0.5,outputs/supplemental_figures/audits/COGNITION_LOOKUP_SELECTED_FOR_SUPPLEMENTAL_NULL.csv,cognition_composite_score,NA,0.00641586951535039,1,0,FALSE,0.17927631578947367,0.17598684210526316,0.23190789473684212,NA,Non-client mitochondrial proteins
AIFM3,-0.02702686579845724,-0.0073591700246761,0,outputs/supplemental_figures/audits/COGNITION_LOOKUP_SELECTED_FOR_SUPPLEMENTAL_NULL.csv,cognition_composite_score,NA,0.02702686579845724,2,0,FALSE,0.14144736842105263,0.13322368421052633,0,NA,Non-client mitochondrial proteins
AKAP1,0.04354094277392272,0.00352847744399104,0.5,outputs/supplemental_figures/audits/COGNITION_LOOKUP_SELECTED_FOR_SUPPLEMENTAL_NULL.csv,cognition_composite_score,NA,0.04354094277392272,3,0,FALSE,0.36019736842105265,0.31414473684210525,0.23190789473684212,NA,Non-client mitochondrial proteins
AKAP10,1.7434365720793297e-4,0.00112588584557876,0.5,outputs/supplemental_figures/audits/COGNITION_LOOKUP_SELECTED_FOR_SUPPLEMENTAL_NULL.csv,cognition_composite_score,NA,1.7434365720793297e-4,1,0,FALSE,0.19736842105263158,0.25164473684210525,0.23190789473684212,NA,Non-client mitochondrial proteins
ALDH1L1,-0.17553555313179756,-0.03084293413596394,0.5,outputs/supplemental_figures/audits/COGNITION_LOOKUP_SELECTED_FOR_SUPPLEMENTAL_NULL.csv,cognition_composite_score,NA,0.17553555313179756,5,0,FALSE,0.011513157894736841,0.013157894736842105,0.23190789473684212,NA,Non-client mitochondrial proteins
ALDH1L2,-0.07678386878429735,-0.02042366848399316,0,outputs/supplemental_figures/audits/COGNITION_LOOKUP_SELECTED_FOR_SUPPLEMENTAL_NULL.csv,cognition_composite_score,NA,0.07678386878429735,4,0,FALSE,0.05756578947368421,0.023026315789473683,0,NA,Non-client mitochondrial proteins
ALDH3A2,-0.10643779978829684,-0.01881929892726965,0,outputs/supplemental_figures/audits/COGNITION_LOOKUP_SELECTED_FOR_SUPPLEMENTAL_NULL.csv,cognition_composite_score,NA,0.10643779978829684,5,0,FALSE,0.03125,0.029605263157894735,0,NA,Non-client mitochondrial proteins
ALDH4A1,-0.01445249754805171,-0.00347474475862372,9.5,outputs/supplemental_figures/audits/COGNITION_LOOKUP_SELECTED_FOR_SUPPLEMENTAL_NULL.csv,cognition_composite_score,NA,0.01445249754805171,1,0,FALSE,0.16282894736842105,0.18421052631578946,0.875,NA,Non-client mitochondrial proteins
ALDH6A1,-0.00402925930346253,0.00175545012430203,0.5,outputs/supplemental_figures/audits/COGNITION_LOOKUP_SELECTED_FOR_SUPPLEMENTAL_NULL.csv,cognition_composite_score,NA,0.00402925930346253,1,0,FALSE,0.1875,0.26480263157894735,0.23190789473684212,NA,Non-client mitochondrial proteins
ALKBH7,0.09779270773461315,0.01430206761751085,0.5,outputs/supplemental_figures/audits/COGNITION_LOOKUP_SELECTED_FOR_SUPPLEMENTAL_NULL.csv,cognition_composite_score,NA,0.09779270773461315,4,0,FALSE,0.6365131578947368,0.6611842105263158,0.23190789473684212,NA,Non-client mitochondrial proteins
AMACR,0.06360545183802972,0.01054245874886209,0.5,outputs/supplemental_figures/audits/COGNITION_LOOKUP_SELECTED_FOR_SUPPLEMENTAL_NULL.csv,cognition_composite_score,NA,0.06360545183802972,4,0,FALSE,0.4473684210526316,0.5394736842105263,0.23190789473684212,NA,Non-client mitochondrial proteins
AMT,-0.05293109485863951,-0.01088111709525036,0,outputs/supplemental_figures/audits/COGNITION_LOOKUP_SELECTED_FOR_SUPPLEMENTAL_NULL.csv,cognition_composite_score,NA,0.05293109485863951,3,0,FALSE,0.09210526315789473,0.09210526315789473,0,NA,Non-client mitochondrial proteins
ANGEL2,0.00437655722500627,-0.00213241996435793,0,outputs/supplemental_figures/audits/COGNITION_LOOKUP_SELECTED_FOR_SUPPLEMENTAL_NULL.csv,cognition_composite_score,NA,0.00437655722500627,1,0,FALSE,0.21052631578947367,0.19901315789473684,0,NA,Non-client mitochondrial proteins
APEX1,-0.10072132002221952,-0.01483076762284021,0,outputs/supplemental_figures/audits/COGNITION_LOOKUP_SELECTED_FOR_SUPPLEMENTAL_NULL.csv,cognition_composite_score,NA,0.10072132002221952,5,0,FALSE,0.03453947368421053,0.05098684210526316,0,NA,Non-client mitochondrial proteins
APOO,0.1683172471230219,0.02346400752812654,6.5,outputs/supplemental_figures/audits/COGNITION_LOOKUP_SELECTED_FOR_SUPPLEMENTAL_NULL.csv,cognition_composite_score,NA,0.1683172471230219,5,0,FALSE,0.875,0.8569078947368421,0.819078947368421,NA,Non-client mitochondrial proteins
APOOL,0.1259863432826622,0.01907552795710699,6.5,outputs/supplemental_figures/audits/COGNITION_LOOKUP_SELECTED_FOR_SUPPLEMENTAL_NULL.csv,cognition_composite_score,NA,0.1259863432826622,5,0,FALSE,0.7532894736842105,0.7828947368421053,0.819078947368421,NA,Non-client mitochondrial proteins
ARF5,0.06782732440468625,0.01517725725923876,0.5,outputs/supplemental_figures/audits/COGNITION_LOOKUP_SELECTED_FOR_SUPPLEMENTAL_NULL.csv,cognition_composite_score,NA,0.06782732440468625,4,0,FALSE,0.46710526315789475,0.6792763157894737,0.23190789473684212,NA,Non-client mitochondrial proteins
ARG2,-0.06044024019283085,-0.0122937755960515,0,outputs/supplemental_figures/audits/COGNITION_LOOKUP_SELECTED_FOR_SUPPLEMENTAL_NULL.csv,cognition_composite_score,NA,0.06044024019283085,3,0,FALSE,0.0805921052631579,0.08223684210526316,0,NA,Non-client mitochondrial proteins
ARMC10,-0.0149216307020561,0.00166287322531748,2.5,outputs/supplemental_figures/audits/COGNITION_LOOKUP_SELECTED_FOR_SUPPLEMENTAL_NULL.csv,cognition_composite_score,NA,0.0149216307020561,1,0,FALSE,0.1611842105263158,0.2598684210526316,0.6842105263157895,NA,Non-client mitochondrial proteins
ARMCX1,-0.00872226916813769,-0.00538843745453137,1.5,outputs/supplemental_figures/audits/COGNITION_LOOKUP_SELECTED_FOR_SUPPLEMENTAL_NULL.csv,cognition_composite_score,NA,0.00872226916813769,1,0,FALSE,0.17434210526315788,0.16447368421052633,0.5986842105263158,NA,Non-client mitochondrial proteins
ARMCX2,0.08881095914207184,0.00804248634385068,0.5,outputs/supplemental_figures/audits/COGNITION_LOOKUP_SELECTED_FOR_SUPPLEMENTAL_NULL.csv,cognition_composite_score,NA,0.08881095914207184,4,0,FALSE,0.5838815789473685,0.44243421052631576,0.23190789473684212,NA,Non-client mitochondrial proteins
ARMCX3,0.06700840718370961,0.01016682701490783,8.5,outputs/supplemental_figures/audits/COGNITION_LOOKUP_SELECTED_FOR_SUPPLEMENTAL_NULL.csv,cognition_composite_score,NA,0.06700840718370961,4,0,FALSE,0.4621710526315789,0.524671052631579,0.8552631578947368,NA,Non-client mitochondrial proteins
ATAD1,0.14084001931913429,0.02087070721594723,12.5,outputs/supplemental_figures/audits/COGNITION_LOOKUP_SELECTED_FOR_SUPPLEMENTAL_NULL.csv,cognition_composite_score,NA,0.14084001931913429,5,0,FALSE,0.805921052631579,0.8092105263157895,0.9342105263157895,NA,Non-client mitochondrial proteins
ATP5F1A,0.15921156545552118,0.02538141071998347,3.5,outputs/supplemental_figures/audits/COGNITION_LOOKUP_SELECTED_FOR_SUPPLEMENTAL_NULL.csv,cognition_composite_score,NA,0.15921156545552118,5,0,FALSE,0.8552631578947368,0.8865131578947368,0.7532894736842105,NA,Non-client mitochondrial proteins
ATP5F1B,0.15528245005584126,0.02509143470965145,0.5,outputs/supplemental_figures/audits/COGNITION_LOOKUP_SELECTED_FOR_SUPPLEMENTAL_NULL.csv,cognition_composite_score,NA,0.15528245005584126,5,0,FALSE,0.8453947368421053,0.8832236842105263,0.23190789473684212,NA,Non-client mitochondrial proteins
ATP5F1C,0.14525697132334753,0.02282686670144376,0.5,outputs/supplemental_figures/audits/COGNITION_LOOKUP_SELECTED_FOR_SUPPLEMENTAL_NULL.csv,cognition_composite_score,NA,0.14525697132334753,5,0,FALSE,0.8223684210526315,0.84375,0.23190789473684212,NA,Non-client mitochondrial proteins
ATPAF1,0.12516840720901765,0.01831948482103198,3.5,outputs/supplemental_figures/audits/COGNITION_LOOKUP_SELECTED_FOR_SUPPLEMENTAL_NULL.csv,cognition_composite_score,NA,0.12516840720901765,5,0,FALSE,0.7467105263157895,0.7648026315789473,0.7532894736842105,NA,Non-client mitochondrial proteins
ATPAF2,0.01500454585061382,6.998404287059544e-4,0.5,outputs/supplemental_figures/audits/COGNITION_LOOKUP_SELECTED_FOR_SUPPLEMENTAL_NULL.csv,cognition_composite_score,NA,0.01500454585061382,1,0,FALSE,0.24835526315789475,0.24177631578947367,0.23190789473684212,NA,Non-client mitochondrial proteins
AUH,0.16212518191422767,0.02654397757373171,6.5,outputs/supplemental_figures/audits/COGNITION_LOOKUP_SELECTED_FOR_SUPPLEMENTAL_NULL.csv,cognition_composite_score,NA,0.16212518191422767,5,0,FALSE,0.8634868421052632,0.8980263157894737,0.819078947368421,NA,Non-client mitochondrial proteins
AURKAIP1,0.122149476456792,0.011569134353242,0.5,outputs/supplemental_figures/audits/COGNITION_LOOKUP_SELECTED_FOR_SUPPLEMENTAL_NULL.csv,cognition_composite_score,NA,0.122149476456792,5,0,FALSE,0.7351973684210527,0.5756578947368421,0.23190789473684212,NA,Non-client mitochondrial proteins
BAD,0.03592954300302063,0.00179001773805476,0,outputs/supplemental_figures/audits/COGNITION_LOOKUP_SELECTED_FOR_SUPPLEMENTAL_NULL.csv,cognition_composite_score,NA,0.03592954300302063,3,0,FALSE,0.3371710526315789,0.26644736842105265,0,NA,Non-client mitochondrial proteins
BAX,0.0018717753628106,-0.00153310378754789,0,outputs/supplemental_figures/audits/COGNITION_LOOKUP_SELECTED_FOR_SUPPLEMENTAL_NULL.csv,cognition_composite_score,NA,0.0018717753628106,1,0,FALSE,0.20230263157894737,0.21217105263157895,0,NA,Non-client mitochondrial proteins
BCL2L1,0.00325980367584324,0.00213387873751155,0,outputs/supplemental_figures/audits/COGNITION_LOOKUP_SELECTED_FOR_SUPPLEMENTAL_NULL.csv,cognition_composite_score,NA,0.00325980367584324,1,0,FALSE,0.20723684210526316,0.28125,0,NA,Non-client mitochondrial proteins
BCL2L13,0.08190291406012325,0.01737281759728432,1.5,outputs/supplemental_figures/audits/COGNITION_LOOKUP_SELECTED_FOR_SUPPLEMENTAL_NULL.csv,cognition_composite_score,NA,0.08190291406012325,4,0,FALSE,0.5542763157894737,0.7319078947368421,0.5986842105263158,NA,Non-client mitochondrial proteins
BCL2L2,0.11199273319157284,0.01872821824134572,9.5,outputs/supplemental_figures/audits/COGNITION_LOOKUP_SELECTED_FOR_SUPPLEMENTAL_NULL.csv,cognition_composite_score,NA,0.11199273319157284,5,0,FALSE,0.6875,0.7697368421052632,0.875,NA,Non-client mitochondrial proteins
BDH1,0.18000795710718723,0.02696948301432527,12.5,outputs/supplemental_figures/audits/COGNITION_LOOKUP_SELECTED_FOR_SUPPLEMENTAL_NULL.csv,cognition_composite_score,NA,0.18000795710718723,5,0,FALSE,0.912828947368421,0.9046052631578947,0.9342105263157895,NA,Non-client mitochondrial proteins
BID,0.05724176046519187,0.00486743728038284,0,outputs/supplemental_figures/audits/COGNITION_LOOKUP_SELECTED_FOR_SUPPLEMENTAL_NULL.csv,cognition_composite_score,NA,0.05724176046519187,3,0,FALSE,0.42105263157894735,0.35526315789473684,0,NA,Non-client mitochondrial proteins
BLOC1S1,-0.05785243186585707,-0.01008398616014932,0,outputs/supplemental_figures/audits/COGNITION_LOOKUP_SELECTED_FOR_SUPPLEMENTAL_NULL.csv,cognition_composite_score,NA,0.05785243186585707,3,0,FALSE,0.08552631578947369,0.10361842105263158,0,NA,Non-client mitochondrial proteins
BNIP3,0.14974992179038743,0.02355299960906029,3.5,outputs/supplemental_figures/audits/COGNITION_LOOKUP_SELECTED_FOR_SUPPLEMENTAL_NULL.csv,cognition_composite_score,NA,0.14974992179038743,5,0,FALSE,0.8355263157894737,0.8585526315789473,0.7532894736842105,NA,Non-client mitochondrial proteins
BNIP3L,0.09538004251741196,0.01704813145590343,6.5,outputs/supplemental_figures/audits/COGNITION_LOOKUP_SELECTED_FOR_SUPPLEMENTAL_NULL.csv,cognition_composite_score,NA,0.09538004251741196,4,0,FALSE,0.6151315789473685,0.7220394736842105,0.819078947368421,NA,Non-client mitochondrial proteins
BOLA1,0.07452824991535908,0.00993041458567335,5.5,outputs/supplemental_figures/audits/COGNITION_LOOKUP_SELECTED_FOR_SUPPLEMENTAL_NULL.csv,cognition_composite_score,NA,0.07452824991535908,4,0,FALSE,0.5032894736842105,0.5098684210526315,0.7845394736842105,NA,Non-client mitochondrial proteins
BOLA3,0.180488655334106,0.02327142695889563,9.5,outputs/supplemental_figures/audits/COGNITION_LOOKUP_SELECTED_FOR_SUPPLEMENTAL_NULL.csv,cognition_composite_score,NA,0.180488655334106,5,0,FALSE,0.9161184210526315,0.850328947368421,0.875,NA,Non-client mitochondrial proteins
BPHL,0.07596397610407658,-0.00786784749104883,0.5,outputs/supplemental_figures/audits/COGNITION_LOOKUP_SELECTED_FOR_SUPPLEMENTAL_NULL.csv,cognition_composite_score,NA,0.07596397610407658,4,0,FALSE,0.5098684210526315,0.12664473684210525,0.23190789473684212,NA,Non-client mitochondrial proteins
C15ORF61,0.05908021389479928,0.01007464871922557,2.5,outputs/supplemental_figures/audits/COGNITION_LOOKUP_SELECTED_FOR_SUPPLEMENTAL_NULL.csv,cognition_composite_score,NA,0.05908021389479928,3,0,FALSE,0.4309210526315789,0.5213815789473685,0.6842105263157895,NA,Non-client mitochondrial proteins
C2ORF69,0.02679153176385534,0.00557088175809868,0.5,outputs/supplemental_figures/audits/COGNITION_LOOKUP_SELECTED_FOR_SUPPLEMENTAL_NULL.csv,cognition_composite_score,NA,0.02679153176385534,2,0,FALSE,0.29605263157894735,0.375,0.23190789473684212,NA,Non-client mitochondrial proteins
C3ORF33,0.0801522620892095,0.00991925685926088,1.5,outputs/supplemental_figures/audits/COGNITION_LOOKUP_SELECTED_FOR_SUPPLEMENTAL_NULL.csv,cognition_composite_score,NA,0.0801522620892095,4,0,FALSE,0.5361842105263158,0.5082236842105263,0.5986842105263158,NA,Non-client mitochondrial proteins
C6ORF136,0.134605642713669,0.02195730071543646,6.5,outputs/supplemental_figures/audits/COGNITION_LOOKUP_SELECTED_FOR_SUPPLEMENTAL_NULL.csv,cognition_composite_score,NA,0.134605642713669,5,0,FALSE,0.7911184210526315,0.8305921052631579,0.819078947368421,NA,Non-client mitochondrial proteins
C8ORF82,0.0093915652551714909,-2.754417201338996e-4,0.5,outputs/supplemental_figures/audits/COGNITION_LOOKUP_SELECTED_FOR_SUPPLEMENTAL_NULL.csv,cognition_composite_score,NA,0.0093915652551714909,1,0,FALSE,0.23026315789473684,0.23026315789473684,0.23190789473684212,NA,Non-client mitochondrial proteins
CA5B,0.01930470719114083,0.00706485570606659,0,outputs/supplemental_figures/audits/COGNITION_LOOKUP_SELECTED_FOR_SUPPLEMENTAL_NULL.csv,cognition_composite_score,NA,0.01930470719114083,2,0,FALSE,0.2680921052631579,0.4161184210526316,0,NA,Non-client mitochondrial proteins
CASP3,-0.05839335475886436,-0.01224668732284335,0.5,outputs/supplemental_figures/audits/COGNITION_LOOKUP_SELECTED_FOR_SUPPLEMENTAL_NULL.csv,cognition_composite_score,NA,0.05839335475886436,3,0,FALSE,0.08388157894736842,0.08717105263157894,0.23190789473684212,NA,Non-client mitochondrial proteins
CASP9,-0.00549519777478612,-0.00692475409318057,0.5,outputs/supplemental_figures/audits/COGNITION_LOOKUP_SELECTED_FOR_SUPPLEMENTAL_NULL.csv,cognition_composite_score,NA,0.00549519777478612,1,0,FALSE,0.1825657894736842,0.13815789473684212,0.23190789473684212,NA,Non-client mitochondrial proteins
CAT,-0.11585283859911238,-0.02734234463679098,0,outputs/supplemental_figures/audits/COGNITION_LOOKUP_SELECTED_FOR_SUPPLEMENTAL_NULL.csv,cognition_composite_score,NA,0.11585283859911238,5,0,FALSE,0.023026315789473683,0.01644736842105263,0,NA,Non-client mitochondrial proteins
CBR3,-0.07940430961817248,-0.01370060603549042,0,outputs/supplemental_figures/audits/COGNITION_LOOKUP_SELECTED_FOR_SUPPLEMENTAL_NULL.csv,cognition_composite_score,NA,0.07940430961817248,4,0,FALSE,0.054276315789473686,0.06743421052631579,0,NA,Non-client mitochondrial proteins
CCDC127,0.08145054077071502,0.00985545209598749,1.5,outputs/supplemental_figures/audits/COGNITION_LOOKUP_SELECTED_FOR_SUPPLEMENTAL_NULL.csv,cognition_composite_score,NA,0.08145054077071502,4,0,FALSE,0.5509868421052632,0.5032894736842105,0.5986842105263158,NA,Non-client mitochondrial proteins
CCDC51,0.06025173027485291,0.00810044782716167,0,outputs/supplemental_figures/audits/COGNITION_LOOKUP_SELECTED_FOR_SUPPLEMENTAL_NULL.csv,cognition_composite_score,NA,0.06025173027485291,3,0,FALSE,0.43585526315789475,0.44901315789473684,0,NA,Non-client mitochondrial proteins
CCDC58,0.09165470160216208,0.01368178596016774,0.5,outputs/supplemental_figures/audits/COGNITION_LOOKUP_SELECTED_FOR_SUPPLEMENTAL_NULL.csv,cognition_composite_score,NA,0.09165470160216208,4,0,FALSE,0.5986842105263158,0.6348684210526315,0.23190789473684212,NA,Non-client mitochondrial proteins
CHCHD10,0.26131798916944027,0.0384338672816242,0,outputs/supplemental_figures/audits/COGNITION_LOOKUP_SELECTED_FOR_SUPPLEMENTAL_NULL.csv,cognition_composite_score,NA,0.26131798916944027,5,0,FALSE,0.9967105263157895,0.9967105263157895,0,NA,Non-client mitochondrial proteins
CHCHD2,0.201382165713789,0.03058514095313619,0.5,outputs/supplemental_figures/audits/COGNITION_LOOKUP_SELECTED_FOR_SUPPLEMENTAL_NULL.csv,cognition_composite_score,NA,0.201382165713789,5,0,FALSE,0.9424342105263158,0.9473684210526315,0.23190789473684212,NA,Non-client mitochondrial proteins
CHCHD3,0.12958005352289265,0.01984329434912951,5.5,outputs/supplemental_figures/audits/COGNITION_LOOKUP_SELECTED_FOR_SUPPLEMENTAL_NULL.csv,cognition_composite_score,NA,0.12958005352289265,5,0,FALSE,0.7730263157894737,0.7960526315789473,0.7845394736842105,NA,Non-client mitochondrial proteins
CHCHD4,0.11768967693122624,0.0181105974843043,5.5,outputs/supplemental_figures/audits/COGNITION_LOOKUP_SELECTED_FOR_SUPPLEMENTAL_NULL.csv,cognition_composite_score,NA,0.11768967693122624,5,0,FALSE,0.7138157894736842,0.7615131578947368,0.7845394736842105,NA,Non-client mitochondrial proteins
CHCHD5,0.03847317623620076,5.2298174748542e-4,0,outputs/supplemental_figures/audits/COGNITION_LOOKUP_SELECTED_FOR_SUPPLEMENTAL_NULL.csv,cognition_composite_score,NA,0.03847317623620076,3,0,FALSE,0.34375,0.24013157894736842,0,NA,Non-client mitochondrial proteins
CHCHD6,0.17519979117705323,0.02688456588839527,0.5,outputs/supplemental_figures/audits/COGNITION_LOOKUP_SELECTED_FOR_SUPPLEMENTAL_NULL.csv,cognition_composite_score,NA,0.17519979117705323,5,0,FALSE,0.899671052631579,0.9029605263157895,0.23190789473684212,NA,Non-client mitochondrial proteins
CHCHD7,0.07108890930707551,0.00846923977873327,0,outputs/supplemental_figures/audits/COGNITION_LOOKUP_SELECTED_FOR_SUPPLEMENTAL_NULL.csv,cognition_composite_score,NA,0.07108890930707551,4,0,FALSE,0.4819078947368421,0.4605263157894737,0,NA,Non-client mitochondrial proteins
CHDH,-0.13631542439284153,-0.02854893905580835,0.5,outputs/supplemental_figures/audits/COGNITION_LOOKUP_SELECTED_FOR_SUPPLEMENTAL_NULL.csv,cognition_composite_score,NA,0.13631542439284153,5,0,FALSE,0.014802631578947368,0.014802631578947368,0.23190789473684212,NA,Non-client mitochondrial proteins
CISD1,0.16185915899360576,0.02759895569999391,0.5,outputs/supplemental_figures/audits/COGNITION_LOOKUP_SELECTED_FOR_SUPPLEMENTAL_NULL.csv,cognition_composite_score,NA,0.16185915899360576,5,0,FALSE,0.8618421052631579,0.9144736842105263,0.23190789473684212,NA,Non-client mitochondrial proteins
CISD3,-0.11401289280053904,-0.0333846496390062,1.5,outputs/supplemental_figures/audits/COGNITION_LOOKUP_SELECTED_FOR_SUPPLEMENTAL_NULL.csv,cognition_composite_score,NA,0.11401289280053904,5,0,FALSE,0.02631578947368421,0.009868421052631578,0.5986842105263158,NA,Non-client mitochondrial proteins
CKMT1A,0.09610670206561406,0.01683001384224687,0,outputs/supplemental_figures/audits/COGNITION_LOOKUP_SELECTED_FOR_SUPPLEMENTAL_NULL.csv,cognition_composite_score,NA,0.09610670206561406,4,0,FALSE,0.6233552631578947,0.712171052631579,0,NA,Non-client mitochondrial proteins
CKMT2,0.06149155420347908,0.00623296450950827,0,outputs/supplemental_figures/audits/COGNITION_LOOKUP_SELECTED_FOR_SUPPLEMENTAL_NULL.csv,cognition_composite_score,NA,0.06149155420347908,4,0,FALSE,0.44243421052631576,0.3930921052631579,0,NA,Non-client mitochondrial proteins
CLPB,0.06544417125383517,0.00450731736227113,6.5,outputs/supplemental_figures/audits/COGNITION_LOOKUP_SELECTED_FOR_SUPPLEMENTAL_NULL.csv,cognition_composite_score,NA,0.06544417125383517,4,0,FALSE,0.4555921052631579,0.34868421052631576,0.819078947368421,NA,Non-client mitochondrial proteins
CLYBL,0.0451157166356659,-0.0101334721322311,2.5,outputs/supplemental_figures/audits/COGNITION_LOOKUP_SELECTED_FOR_SUPPLEMENTAL_NULL.csv,cognition_composite_score,NA,0.0451157166356659,3,0,FALSE,0.37006578947368424,0.09868421052631579,0.6842105263157895,NA,Non-client mitochondrial proteins
CMC1,0.06471508471635329,0.00973606287077122,1.5,outputs/supplemental_figures/audits/COGNITION_LOOKUP_SELECTED_FOR_SUPPLEMENTAL_NULL.csv,cognition_composite_score,NA,0.06471508471635329,4,0,FALSE,0.45394736842105265,0.5,0.5986842105263158,NA,Non-client mitochondrial proteins
CMC2,0.22249910560228603,0.03043573339065629,2.5,outputs/supplemental_figures/audits/COGNITION_LOOKUP_SELECTED_FOR_SUPPLEMENTAL_NULL.csv,cognition_composite_score,NA,0.22249910560228603,5,0,FALSE,0.9802631578947368,0.9407894736842105,0.6842105263157895,NA,Non-client mitochondrial proteins
CMC4,0.02738422281344487,0.0024554691712413,0,outputs/supplemental_figures/audits/COGNITION_LOOKUP_SELECTED_FOR_SUPPLEMENTAL_NULL.csv,cognition_composite_score,NA,0.02738422281344487,2,0,FALSE,0.30098684210526316,0.2878289473684211,0,NA,Non-client mitochondrial proteins
CMPK2,-0.00106067264755212,-0.00286642599951416,0,outputs/supplemental_figures/audits/COGNITION_LOOKUP_SELECTED_FOR_SUPPLEMENTAL_NULL.csv,cognition_composite_score,NA,0.00106067264755212,1,0,FALSE,0.19407894736842105,0.19078947368421054,0,NA,Non-client mitochondrial proteins
COA1,0.16863029983915886,0.02470099034094579,12.5,outputs/supplemental_figures/audits/COGNITION_LOOKUP_SELECTED_FOR_SUPPLEMENTAL_NULL.csv,cognition_composite_score,NA,0.16863029983915886,5,0,FALSE,0.8766447368421053,0.8782894736842105,0.9342105263157895,NA,Non-client mitochondrial proteins
COA3,0.07155900123217208,0.00902243271348596,0.5,outputs/supplemental_figures/audits/COGNITION_LOOKUP_SELECTED_FOR_SUPPLEMENTAL_NULL.csv,cognition_composite_score,NA,0.07155900123217208,4,0,FALSE,0.48848684210526316,0.4786184210526316,0.23190789473684212,NA,Non-client mitochondrial proteins
COA4,0.11581207971257214,0.01631011102150842,0,outputs/supplemental_figures/audits/COGNITION_LOOKUP_SELECTED_FOR_SUPPLEMENTAL_NULL.csv,cognition_composite_score,NA,0.11581207971257214,5,0,FALSE,0.7072368421052632,0.7006578947368421,0,NA,Non-client mitochondrial proteins
COA5,0.02732232454639846,0.00507426789409672,0.5,outputs/supplemental_figures/audits/COGNITION_LOOKUP_SELECTED_FOR_SUPPLEMENTAL_NULL.csv,cognition_composite_score,NA,0.02732232454639846,2,0,FALSE,0.2993421052631579,0.3618421052631579,0.23190789473684212,NA,Non-client mitochondrial proteins
COA6,0.22616145268874063,0.03299787070148785,2.5,outputs/supplemental_figures/audits/COGNITION_LOOKUP_SELECTED_FOR_SUPPLEMENTAL_NULL.csv,cognition_composite_score,NA,0.22616145268874063,5,0,FALSE,0.9835526315789473,0.9671052631578947,0.6842105263157895,NA,Non-client mitochondrial proteins
COA7,0.18776848460327192,0.03156513893922038,1.5,outputs/supplemental_figures/audits/COGNITION_LOOKUP_SELECTED_FOR_SUPPLEMENTAL_NULL.csv,cognition_composite_score,NA,0.18776848460327192,5,0,FALSE,0.9259868421052632,0.9555921052631579,0.5986842105263158,NA,Non-client mitochondrial proteins
COASY,-0.05171073180823399,-0.00633452293618285,0.5,outputs/supplemental_figures/audits/COGNITION_LOOKUP_SELECTED_FOR_SUPPLEMENTAL_NULL.csv,cognition_composite_score,NA,0.05171073180823399,3,0,FALSE,0.09539473684210527,0.14638157894736842,0.23190789473684212,NA,Non-client mitochondrial proteins
COMT,-0.11813649044057928,-0.01525093903402424,0,outputs/supplemental_figures/audits/COGNITION_LOOKUP_SELECTED_FOR_SUPPLEMENTAL_NULL.csv,cognition_composite_score,NA,0.11813649044057928,5,0,FALSE,0.019736842105263157,0.046052631578947366,0,NA,Non-client mitochondrial proteins
COMTD1,-0.0638834767908172,-0.00304119441942299,0,outputs/supplemental_figures/audits/COGNITION_LOOKUP_SELECTED_FOR_SUPPLEMENTAL_NULL.csv,cognition_composite_score,NA,0.0638834767908172,4,0,FALSE,0.07072368421052631,0.18914473684210525,0,NA,Non-client mitochondrial proteins
COQ10A,0.03551124530284329,0.00378909300493398,2.5,outputs/supplemental_figures/audits/COGNITION_LOOKUP_SELECTED_FOR_SUPPLEMENTAL_NULL.csv,cognition_composite_score,NA,0.03551124530284329,2,0,FALSE,0.3338815789473684,0.32730263157894735,0.6842105263157895,NA,Non-client mitochondrial proteins
COQ10B,0.07277308837281694,0.01436693915324539,0.5,outputs/supplemental_figures/audits/COGNITION_LOOKUP_SELECTED_FOR_SUPPLEMENTAL_NULL.csv,cognition_composite_score,NA,0.07277308837281694,4,0,FALSE,0.4917763157894737,0.662828947368421,0.23190789473684212,NA,Non-client mitochondrial proteins
COQ3,0.08994638197041623,0.01628983515914014,6.5,outputs/supplemental_figures/audits/COGNITION_LOOKUP_SELECTED_FOR_SUPPLEMENTAL_NULL.csv,cognition_composite_score,NA,0.08994638197041623,4,0,FALSE,0.5921052631578947,0.6990131578947368,0.819078947368421,NA,Non-client mitochondrial proteins
COQ5,0.04444508066899048,0.00865863841147196,0.5,outputs/supplemental_figures/audits/COGNITION_LOOKUP_SELECTED_FOR_SUPPLEMENTAL_NULL.csv,cognition_composite_score,NA,0.04444508066899048,3,0,FALSE,0.3651315789473684,0.46875,0.23190789473684212,NA,Non-client mitochondrial proteins
COQ6,0.08442814351521755,0.01321732952870267,0.5,outputs/supplemental_figures/audits/COGNITION_LOOKUP_SELECTED_FOR_SUPPLEMENTAL_NULL.csv,cognition_composite_score,NA,0.08442814351521755,4,0,FALSE,0.569078947368421,0.618421052631579,0.23190789473684212,NA,Non-client mitochondrial proteins
COQ7,0.0894890664200558,0.01464358429805039,0.5,outputs/supplemental_figures/audits/COGNITION_LOOKUP_SELECTED_FOR_SUPPLEMENTAL_NULL.csv,cognition_composite_score,NA,0.0894890664200558,4,0,FALSE,0.5888157894736842,0.6694078947368421,0.23190789473684212,NA,Non-client mitochondrial proteins
COQ9,0.12619098086633646,0.02220717679185083,9.5,outputs/supplemental_figures/audits/COGNITION_LOOKUP_SELECTED_FOR_SUPPLEMENTAL_NULL.csv,cognition_composite_score,NA,0.12619098086633646,5,0,FALSE,0.7549342105263158,0.8338815789473685,0.875,NA,Non-client mitochondrial proteins
COX11,0.10606979890219675,0.01157824666592413,8.5,outputs/supplemental_figures/audits/COGNITION_LOOKUP_SELECTED_FOR_SUPPLEMENTAL_NULL.csv,cognition_composite_score,NA,0.10606979890219675,5,0,FALSE,0.6661184210526315,0.5789473684210527,0.8552631578947368,NA,Non-client mitochondrial proteins
COX14,0.07518458564598293,0.00925958765597071,0.5,outputs/supplemental_figures/audits/COGNITION_LOOKUP_SELECTED_FOR_SUPPLEMENTAL_NULL.csv,cognition_composite_score,NA,0.07518458564598293,4,0,FALSE,0.5082236842105263,0.48519736842105265,0.23190789473684212,NA,Non-client mitochondrial proteins
COX15,0.01508418286282748,0.00194647803573802,0,outputs/supplemental_figures/audits/COGNITION_LOOKUP_SELECTED_FOR_SUPPLEMENTAL_NULL.csv,cognition_composite_score,NA,0.01508418286282748,1,0,FALSE,0.25,0.2746710526315789,0,NA,Non-client mitochondrial proteins
COX17,0.13103062613382702,0.01655260466811981,0,outputs/supplemental_figures/audits/COGNITION_LOOKUP_SELECTED_FOR_SUPPLEMENTAL_NULL.csv,cognition_composite_score,NA,0.13103062613382702,5,0,FALSE,0.7796052631578947,0.7072368421052632,0,NA,Non-client mitochondrial proteins
COX18,0.05433057398248975,0.00206026857107148,5.5,outputs/supplemental_figures/audits/COGNITION_LOOKUP_SELECTED_FOR_SUPPLEMENTAL_NULL.csv,cognition_composite_score,NA,0.05433057398248975,3,0,FALSE,0.40789473684210525,0.27960526315789475,0.7845394736842105,NA,Non-client mitochondrial proteins
COX19,0.18528043732732197,0.02889037914126641,5.5,outputs/supplemental_figures/audits/COGNITION_LOOKUP_SELECTED_FOR_SUPPLEMENTAL_NULL.csv,cognition_composite_score,NA,0.18528043732732197,5,0,FALSE,0.9210526315789473,0.9325657894736842,0.7845394736842105,NA,Non-client mitochondrial proteins
COX20,0.0889377935856242,0.00866629321501523,0,outputs/supplemental_figures/audits/COGNITION_LOOKUP_SELECTED_FOR_SUPPLEMENTAL_NULL.csv,cognition_composite_score,NA,0.0889377935856242,4,0,FALSE,0.5855263157894737,0.47039473684210525,0,NA,Non-client mitochondrial proteins
COX5A,0.19424400857484464,0.02871336390335651,2.5,outputs/supplemental_figures/audits/COGNITION_LOOKUP_SELECTED_FOR_SUPPLEMENTAL_NULL.csv,cognition_composite_score,NA,0.19424400857484464,5,0,FALSE,0.9325657894736842,0.9276315789473685,0.6842105263157895,NA,Non-client mitochondrial proteins
COX5B,0.176742114770213,0.02578695474341959,12.5,outputs/supplemental_figures/audits/COGNITION_LOOKUP_SELECTED_FOR_SUPPLEMENTAL_NULL.csv,cognition_composite_score,NA,0.176742114770213,5,0,FALSE,0.9029605263157895,0.8881578947368421,0.9342105263157895,NA,Non-client mitochondrial proteins
COX6A1,0.1681326270324674,0.01947039892770117,0,outputs/supplemental_figures/audits/COGNITION_LOOKUP_SELECTED_FOR_SUPPLEMENTAL_NULL.csv,cognition_composite_score,NA,0.1681326270324674,5,0,FALSE,0.8733552631578947,0.787828947368421,0,NA,Non-client mitochondrial proteins
COX6B1,0.20591424035946573,0.02951215028839018,6.5,outputs/supplemental_figures/audits/COGNITION_LOOKUP_SELECTED_FOR_SUPPLEMENTAL_NULL.csv,cognition_composite_score,NA,0.20591424035946573,5,0,FALSE,0.9539473684210527,0.9358552631578947,0.819078947368421,NA,Non-client mitochondrial proteins
COX6C,0.20435717108426457,0.03054227170417817,1.5,outputs/supplemental_figures/audits/COGNITION_LOOKUP_SELECTED_FOR_SUPPLEMENTAL_NULL.csv,cognition_composite_score,NA,0.20435717108426457,5,0,FALSE,0.9473684210526315,0.944078947368421,0.5986842105263158,NA,Non-client mitochondrial proteins
COX7A1,0.17444575850132113,0.01957099993085867,0.5,outputs/supplemental_figures/audits/COGNITION_LOOKUP_SELECTED_FOR_SUPPLEMENTAL_NULL.csv,cognition_composite_score,NA,0.17444575850132113,5,0,FALSE,0.8947368421052632,0.7927631578947368,0.23190789473684212,NA,Non-client mitochondrial proteins
COX7A2,0.20343862142784244,0.02771623202875551,0.5,outputs/supplemental_figures/audits/COGNITION_LOOKUP_SELECTED_FOR_SUPPLEMENTAL_NULL.csv,cognition_composite_score,NA,0.20343862142784244,5,0,FALSE,0.9457236842105263,0.9161184210526315,0.23190789473684212,NA,Non-client mitochondrial proteins
COX7B,0.20463251112393613,0.02378654563196953,0.5,outputs/supplemental_figures/audits/COGNITION_LOOKUP_SELECTED_FOR_SUPPLEMENTAL_NULL.csv,cognition_composite_score,NA,0.20463251112393613,5,0,FALSE,0.9490131578947368,0.8618421052631579,0.23190789473684212,NA,Non-client mitochondrial proteins
COX7C,0.18581773012250943,0.02755083508425219,6.5,outputs/supplemental_figures/audits/COGNITION_LOOKUP_SELECTED_FOR_SUPPLEMENTAL_NULL.csv,cognition_composite_score,NA,0.18581773012250943,5,0,FALSE,0.9226973684210527,0.912828947368421,0.819078947368421,NA,Non-client mitochondrial proteins
CPS1,0.0124072416015039,-0.01244057258689482,0,outputs/supplemental_figures/audits/COGNITION_LOOKUP_SELECTED_FOR_SUPPLEMENTAL_NULL.csv,cognition_composite_score,NA,0.0124072416015039,1,0,FALSE,0.23684210526315788,0.07730263157894737,0,NA,Non-client mitochondrial proteins
CPT1A,0.05209424825373798,0.00672335459176808,6.5,outputs/supplemental_figures/audits/COGNITION_LOOKUP_SELECTED_FOR_SUPPLEMENTAL_NULL.csv,cognition_composite_score,NA,0.05209424825373798,3,0,FALSE,0.3996710526315789,0.40460526315789475,0.819078947368421,NA,Non-client mitochondrial proteins
CPT1C,0.05059204924254708,0.00559293818135545,0,outputs/supplemental_figures/audits/COGNITION_LOOKUP_SELECTED_FOR_SUPPLEMENTAL_NULL.csv,cognition_composite_score,NA,0.05059204924254708,3,0,FALSE,0.3930921052631579,0.37664473684210525,0,NA,Non-client mitochondrial proteins
CRAT,0.07772234195203527,0.01112762695503862,9.5,outputs/supplemental_figures/audits/COGNITION_LOOKUP_SELECTED_FOR_SUPPLEMENTAL_NULL.csv,cognition_composite_score,NA,0.07772234195203527,4,0,FALSE,0.5180921052631579,0.5625,0.875,NA,Non-client mitochondrial proteins
CROT,0.05634839464505958,0.0091779965138991,12.5,outputs/supplemental_figures/audits/COGNITION_LOOKUP_SELECTED_FOR_SUPPLEMENTAL_NULL.csv,cognition_composite_score,NA,0.05634839464505958,3,0,FALSE,0.41776315789473684,0.4819078947368421,0.9342105263157895,NA,Non-client mitochondrial proteins
CYB5B,0.00829992106822368,-0.0016128597204463,0,outputs/supplemental_figures/audits/COGNITION_LOOKUP_SELECTED_FOR_SUPPLEMENTAL_NULL.csv,cognition_composite_score,NA,0.00829992106822368,1,0,FALSE,0.2236842105263158,0.21052631578947367,0,NA,Non-client mitochondrial proteins
CYB5R3,-0.03455436788092658,-0.00633496008385205,0.5,outputs/supplemental_figures/audits/COGNITION_LOOKUP_SELECTED_FOR_SUPPLEMENTAL_NULL.csv,cognition_composite_score,NA,0.03455436788092658,2,0,FALSE,0.11348684210526316,0.14473684210526316,0.23190789473684212,NA,Non-client mitochondrial proteins
CYCS,0.09486001177685235,0.01342210239363455,2.5,outputs/supplemental_figures/audits/COGNITION_LOOKUP_SELECTED_FOR_SUPPLEMENTAL_NULL.csv,cognition_composite_score,NA,0.09486001177685235,4,0,FALSE,0.6134868421052632,0.6266447368421053,0.6842105263157895,NA,Non-client mitochondrial proteins
CYP27A1,-0.01570515799748851,-0.00483850363484646,0,outputs/supplemental_figures/audits/COGNITION_LOOKUP_SELECTED_FOR_SUPPLEMENTAL_NULL.csv,cognition_composite_score,NA,0.01570515799748851,1,0,FALSE,0.15953947368421054,0.16940789473684212,0,NA,Non-client mitochondrial proteins
D2HGDH,0.10767297607282708,0.01189786483914729,0.5,outputs/supplemental_figures/audits/COGNITION_LOOKUP_SELECTED_FOR_SUPPLEMENTAL_NULL.csv,cognition_composite_score,NA,0.10767297607282708,5,0,FALSE,0.6743421052631579,0.5888157894736842,0.23190789473684212,NA,Non-client mitochondrial proteins
DBI,-0.3205628336070044,-0.04971615286362475,0,outputs/supplemental_figures/audits/COGNITION_LOOKUP_SELECTED_FOR_SUPPLEMENTAL_NULL.csv,cognition_composite_score,NA,0.3205628336070044,5,0,FALSE,0,0,0,NA,Non-client mitochondrial proteins
DBT,0.14807937526644166,0.02138102213792401,6.5,outputs/supplemental_figures/audits/COGNITION_LOOKUP_SELECTED_FOR_SUPPLEMENTAL_NULL.csv,cognition_composite_score,NA,0.14807937526644166,5,0,FALSE,0.8273026315789473,0.8240131578947368,0.819078947368421,NA,Non-client mitochondrial proteins
DCAKD,0.00843842696136822,0.00362509572284482,0.5,outputs/supplemental_figures/audits/COGNITION_LOOKUP_SELECTED_FOR_SUPPLEMENTAL_NULL.csv,cognition_composite_score,NA,0.00843842696136822,1,0,FALSE,0.22532894736842105,0.3207236842105263,0.23190789473684212,NA,Non-client mitochondrial proteins
DDX28,0.07002279293151072,0.00366409492954439,0.5,outputs/supplemental_figures/audits/COGNITION_LOOKUP_SELECTED_FOR_SUPPLEMENTAL_NULL.csv,cognition_composite_score,NA,0.07002279293151072,4,0,FALSE,0.4786184210526316,0.3223684210526316,0.23190789473684212,NA,Non-client mitochondrial proteins
DECR1,0.04841987521312983,0.00565227342464717,5.5,outputs/supplemental_figures/audits/COGNITION_LOOKUP_SELECTED_FOR_SUPPLEMENTAL_NULL.csv,cognition_composite_score,NA,0.04841987521312983,3,0,FALSE,0.3848684210526316,0.37993421052631576,0.7845394736842105,NA,Non-client mitochondrial proteins
DGUOK,0.08698789162735804,0.01090852428903895,0.5,outputs/supplemental_figures/audits/COGNITION_LOOKUP_SELECTED_FOR_SUPPLEMENTAL_NULL.csv,cognition_composite_score,NA,0.08698789162735804,4,0,FALSE,0.5773026315789473,0.5542763157894737,0.23190789473684212,NA,Non-client mitochondrial proteins
DHODH,0.03796792191401377,0.00595284106456698,0,outputs/supplemental_figures/audits/COGNITION_LOOKUP_SELECTED_FOR_SUPPLEMENTAL_NULL.csv,cognition_composite_score,NA,0.03796792191401377,3,0,FALSE,0.33881578947368424,0.38651315789473684,0,NA,Non-client mitochondrial proteins
DHRS1,0.02017173381301629,-0.00589939286134298,0.5,outputs/supplemental_figures/audits/COGNITION_LOOKUP_SELECTED_FOR_SUPPLEMENTAL_NULL.csv,cognition_composite_score,NA,0.02017173381301629,2,0,FALSE,0.26973684210526316,0.15460526315789475,0.23190789473684212,NA,Non-client mitochondrial proteins
DHRS4,-0.00179737246168008,-2.005607902182584e-5,2.5,outputs/supplemental_figures/audits/COGNITION_LOOKUP_SELECTED_FOR_SUPPLEMENTAL_NULL.csv,cognition_composite_score,NA,0.00179737246168008,1,0,FALSE,0.19078947368421054,0.23684210526315788,0.6842105263157895,NA,Non-client mitochondrial proteins
DHRS7B,0.1061923862259306,0.01690991997060584,8.5,outputs/supplemental_figures/audits/COGNITION_LOOKUP_SELECTED_FOR_SUPPLEMENTAL_NULL.csv,cognition_composite_score,NA,0.1061923862259306,5,0,FALSE,0.6677631578947368,0.7154605263157895,0.8552631578947368,NA,Non-client mitochondrial proteins
DHTKD1,-0.02045857082998757,-0.01228946837378392,0.5,outputs/supplemental_figures/audits/COGNITION_LOOKUP_SELECTED_FOR_SUPPLEMENTAL_NULL.csv,cognition_composite_score,NA,0.02045857082998757,2,0,FALSE,0.14967105263157895,0.08552631578947369,0.23190789473684212,NA,Non-client mitochondrial proteins
DIABLO,0.12117137974075635,0.01876112853678647,2.5,outputs/supplemental_figures/audits/COGNITION_LOOKUP_SELECTED_FOR_SUPPLEMENTAL_NULL.csv,cognition_composite_score,NA,0.12117137974075635,5,0,FALSE,0.7319078947368421,0.7713815789473685,0.6842105263157895,NA,Non-client mitochondrial proteins
DNAJC11,0.1006566477685774,0.01426086273442521,1.5,outputs/supplemental_figures/audits/COGNITION_LOOKUP_SELECTED_FOR_SUPPLEMENTAL_NULL.csv,cognition_composite_score,NA,0.1006566477685774,5,0,FALSE,0.6463815789473685,0.6595394736842105,0.5986842105263158,NA,Non-client mitochondrial proteins
DNAJC19,0.11632387199735776,0.01906526920463258,4.5,outputs/supplemental_figures/audits/COGNITION_LOOKUP_SELECTED_FOR_SUPPLEMENTAL_NULL.csv,cognition_composite_score,NA,0.11632387199735776,5,0,FALSE,0.7105263157894737,0.78125,0.7796052631578947,NA,Non-client mitochondrial proteins
DNAJC28,0.07599258291885656,0.00546677856466959,0.5,outputs/supplemental_figures/audits/COGNITION_LOOKUP_SELECTED_FOR_SUPPLEMENTAL_NULL.csv,cognition_composite_score,NA,0.07599258291885656,4,0,FALSE,0.5115131578947368,0.3717105263157895,0.23190789473684212,NA,Non-client mitochondrial proteins
DNAJC30,0.0962873991469714,0.01439524379731691,0.5,outputs/supplemental_figures/audits/COGNITION_LOOKUP_SELECTED_FOR_SUPPLEMENTAL_NULL.csv,cognition_composite_score,NA,0.0962873991469714,4,0,FALSE,0.625,0.6644736842105263,0.23190789473684212,NA,Non-client mitochondrial proteins
DNLZ,0.01664642918416182,0.00343254708324343,0.5,outputs/supplemental_figures/audits/COGNITION_LOOKUP_SELECTED_FOR_SUPPLEMENTAL_NULL.csv,cognition_composite_score,NA,0.01664642918416182,1,0,FALSE,0.2598684210526316,0.3092105263157895,0.23190789473684212,NA,Non-client mitochondrial proteins
DNM1L,0.1350155569022768,0.02399747890250819,0.5,outputs/supplemental_figures/audits/COGNITION_LOOKUP_SELECTED_FOR_SUPPLEMENTAL_NULL.csv,cognition_composite_score,NA,0.1350155569022768,5,0,FALSE,0.7960526315789473,0.868421052631579,0.23190789473684212,NA,Non-client mitochondrial proteins
DTYMK,-0.02964679021557165,-0.00578891457395381,0,outputs/supplemental_figures/audits/COGNITION_LOOKUP_SELECTED_FOR_SUPPLEMENTAL_NULL.csv,cognition_composite_score,NA,0.02964679021557165,2,0,FALSE,0.12664473684210525,0.15953947368421054,0,NA,Non-client mitochondrial proteins
DUS2,0.06768733353583438,0.01024337157506834,0.5,outputs/supplemental_figures/audits/COGNITION_LOOKUP_SELECTED_FOR_SUPPLEMENTAL_NULL.csv,cognition_composite_score,NA,0.06768733353583438,4,0,FALSE,0.4654605263157895,0.5279605263157895,0.23190789473684212,NA,Non-client mitochondrial proteins
DUT,0.01107096813339974,0.0044054620508284,0,outputs/supplemental_figures/audits/COGNITION_LOOKUP_SELECTED_FOR_SUPPLEMENTAL_NULL.csv,cognition_composite_score,NA,0.01107096813339974,1,0,FALSE,0.23355263157894737,0.3470394736842105,0,NA,Non-client mitochondrial proteins
ECHDC2,-0.06745598609442861,-0.01415387700500151,0.5,outputs/supplemental_figures/audits/COGNITION_LOOKUP_SELECTED_FOR_SUPPLEMENTAL_NULL.csv,cognition_composite_score,NA,0.06745598609442861,4,0,FALSE,0.06578947368421052,0.05921052631578947,0.23190789473684212,NA,Non-client mitochondrial proteins
ECSIT,0.09363684278853464,0.01067753549359945,0.5,outputs/supplemental_figures/audits/COGNITION_LOOKUP_SELECTED_FOR_SUPPLEMENTAL_NULL.csv,cognition_composite_score,NA,0.09363684278853464,4,0,FALSE,0.6085526315789473,0.5476973684210527,0.23190789473684212,NA,Non-client mitochondrial proteins
EFHD1,-0.1837883776078891,-0.03259679779207942,0,outputs/supplemental_figures/audits/COGNITION_LOOKUP_SELECTED_FOR_SUPPLEMENTAL_NULL.csv,cognition_composite_score,NA,0.1837883776078891,5,0,FALSE,0.009868421052631578,0.011513157894736841,0,NA,Non-client mitochondrial proteins
EHHADH,0.00181770762778242,-0.00779169525605526,0.5,outputs/supplemental_figures/audits/COGNITION_LOOKUP_SELECTED_FOR_SUPPLEMENTAL_NULL.csv,cognition_composite_score,NA,0.00181770762778242,1,0,FALSE,0.20065789473684212,0.12828947368421054,0.23190789473684212,NA,Non-client mitochondrial proteins
ELAC2,0.05271952107537137,0.00415736887557708,0,outputs/supplemental_figures/audits/COGNITION_LOOKUP_SELECTED_FOR_SUPPLEMENTAL_NULL.csv,cognition_composite_score,NA,0.05271952107537137,3,0,FALSE,0.40131578947368424,0.3371710526315789,0,NA,Non-client mitochondrial proteins
ENDOG,0.12636690562156688,0.01065889246782619,5.5,outputs/supplemental_figures/audits/COGNITION_LOOKUP_SELECTED_FOR_SUPPLEMENTAL_NULL.csv,cognition_composite_score,NA,0.12636690562156688,5,0,FALSE,0.756578947368421,0.5444078947368421,0.7845394736842105,NA,Non-client mitochondrial proteins
EPHX2,0.00860458557007232,0.00347467619079321,0,outputs/supplemental_figures/audits/COGNITION_LOOKUP_SELECTED_FOR_SUPPLEMENTAL_NULL.csv,cognition_composite_score,NA,0.00860458557007232,1,0,FALSE,0.22697368421052633,0.3125,0,NA,Non-client mitochondrial proteins
ETFDH,0.09195885087199498,0.01157780905573643,12.5,outputs/supplemental_figures/audits/COGNITION_LOOKUP_SELECTED_FOR_SUPPLEMENTAL_NULL.csv,cognition_composite_score,NA,0.09195885087199498,4,0,FALSE,0.600328947368421,0.5773026315789473,0.9342105263157895,NA,Non-client mitochondrial proteins
ETHE1,0.03918676299489321,0.00498020564790431,1.5,outputs/supplemental_figures/audits/COGNITION_LOOKUP_SELECTED_FOR_SUPPLEMENTAL_NULL.csv,cognition_composite_score,NA,0.03918676299489321,3,0,FALSE,0.3470394736842105,0.35855263157894735,0.5986842105263158,NA,Non-client mitochondrial proteins
EXD2,-0.0384121640207104,-0.00680804254070882,0,outputs/supplemental_figures/audits/COGNITION_LOOKUP_SELECTED_FOR_SUPPLEMENTAL_NULL.csv,cognition_composite_score,NA,0.0384121640207104,3,0,FALSE,0.10855263157894737,0.13980263157894737,0,NA,Non-client mitochondrial proteins
EXOG,0.07323949404941536,0.00624211006295264,1.5,outputs/supplemental_figures/audits/COGNITION_LOOKUP_SELECTED_FOR_SUPPLEMENTAL_NULL.csv,cognition_composite_score,NA,0.07323949404941536,4,0,FALSE,0.49506578947368424,0.3963815789473684,0.5986842105263158,NA,Non-client mitochondrial proteins
FABP1,0.3726250642989915,0.03809018546733671,0,outputs/supplemental_figures/audits/COGNITION_LOOKUP_SELECTED_FOR_SUPPLEMENTAL_NULL.csv,cognition_composite_score,NA,0.3726250642989915,5,0,FALSE,1,0.9950657894736842,0,NA,Non-client mitochondrial proteins
FAHD2A,0.04043363028754376,0.0057024080625363,1.5,outputs/supplemental_figures/audits/COGNITION_LOOKUP_SELECTED_FOR_SUPPLEMENTAL_NULL.csv,cognition_composite_score,NA,0.04043363028754376,3,0,FALSE,0.3503289473684211,0.3815789473684211,0.5986842105263158,NA,Non-client mitochondrial proteins
FAM136A,0.07712289650598919,0.00815767458451653,2.5,outputs/supplemental_figures/audits/COGNITION_LOOKUP_SELECTED_FOR_SUPPLEMENTAL_NULL.csv,cognition_composite_score,NA,0.07712289650598919,4,0,FALSE,0.5148026315789473,0.45230263157894735,0.6842105263157895,NA,Non-client mitochondrial proteins
FAM162A,0.16760314153009573,0.02430571649704757,3.5,outputs/supplemental_figures/audits/COGNITION_LOOKUP_SELECTED_FOR_SUPPLEMENTAL_NULL.csv,cognition_composite_score,NA,0.16760314153009573,5,0,FALSE,0.8717105263157895,0.8733552631578947,0.7532894736842105,NA,Non-client mitochondrial proteins
FAM185A,0.05348865380110715,0.00793135692403351,0,outputs/supplemental_figures/audits/COGNITION_LOOKUP_SELECTED_FOR_SUPPLEMENTAL_NULL.csv,cognition_composite_score,NA,0.05348865380110715,3,0,FALSE,0.40625,0.4407894736842105,0,NA,Non-client mitochondrial proteins
FAM210A,0.14889920103335097,0.02275928956940454,0.5,outputs/supplemental_figures/audits/COGNITION_LOOKUP_SELECTED_FOR_SUPPLEMENTAL_NULL.csv,cognition_composite_score,NA,0.14889920103335097,5,0,FALSE,0.8338815789473685,0.8421052631578947,0.23190789473684212,NA,Non-client mitochondrial proteins
FAM210B,0.14326578879350277,0.02138752854839042,0.5,outputs/supplemental_figures/audits/COGNITION_LOOKUP_SELECTED_FOR_SUPPLEMENTAL_NULL.csv,cognition_composite_score,NA,0.14326578879350277,5,0,FALSE,0.8157894736842105,0.8273026315789473,0.23190789473684212,NA,Non-client mitochondrial proteins
FARS2,0.01621118513453028,-7.781048543183128e-4,0.5,outputs/supplemental_figures/audits/COGNITION_LOOKUP_SELECTED_FOR_SUPPLEMENTAL_NULL.csv,cognition_composite_score,NA,0.01621118513453028,1,0,FALSE,0.2582236842105263,0.22039473684210525,0.23190789473684212,NA,Non-client mitochondrial proteins
FASN,-0.08111303969706096,-0.01340483291646069,0,outputs/supplemental_figures/audits/COGNITION_LOOKUP_SELECTED_FOR_SUPPLEMENTAL_NULL.csv,cognition_composite_score,NA,0.08111303969706096,4,0,FALSE,0.05098684210526316,0.06907894736842106,0,NA,Non-client mitochondrial proteins
FASTKD1,0.11172001072059924,0.01051921266123798,1.5,outputs/supplemental_figures/audits/COGNITION_LOOKUP_SELECTED_FOR_SUPPLEMENTAL_NULL.csv,cognition_composite_score,NA,0.11172001072059924,5,0,FALSE,0.6858552631578947,0.537828947368421,0.5986842105263158,NA,Non-client mitochondrial proteins
FASTKD2,0.08840886135464628,0.01223518600999424,0.5,outputs/supplemental_figures/audits/COGNITION_LOOKUP_SELECTED_FOR_SUPPLEMENTAL_NULL.csv,cognition_composite_score,NA,0.08840886135464628,4,0,FALSE,0.5822368421052632,0.600328947368421,0.23190789473684212,NA,Non-client mitochondrial proteins
FBXL4,0.00281969418539497,-0.00401530753875147,0,outputs/supplemental_figures/audits/COGNITION_LOOKUP_SELECTED_FOR_SUPPLEMENTAL_NULL.csv,cognition_composite_score,NA,0.00281969418539497,1,0,FALSE,0.20559210526315788,0.17927631578947367,0,NA,Non-client mitochondrial proteins
FDPS,-0.07570860019015757,-0.01013092841772543,0,outputs/supplemental_figures/audits/COGNITION_LOOKUP_SELECTED_FOR_SUPPLEMENTAL_NULL.csv,cognition_composite_score,NA,0.07570860019015757,4,0,FALSE,0.05921052631578947,0.10032894736842106,0,NA,Non-client mitochondrial proteins
FDX1,0.03114929730724609,0.00235689421632804,0.5,outputs/supplemental_figures/audits/COGNITION_LOOKUP_SELECTED_FOR_SUPPLEMENTAL_NULL.csv,cognition_composite_score,NA,0.03114929730724609,2,0,FALSE,0.31414473684210525,0.2845394736842105,0.23190789473684212,NA,Non-client mitochondrial proteins
FHIT,0.02913087068003968,0.00239400872914667,0.5,outputs/supplemental_figures/audits/COGNITION_LOOKUP_SELECTED_FOR_SUPPLEMENTAL_NULL.csv,cognition_composite_score,NA,0.02913087068003968,2,0,FALSE,0.3092105263157895,0.28618421052631576,0.23190789473684212,NA,Non-client mitochondrial proteins
FIS1,0.09207011028055022,0.01807293203367914,0.5,outputs/supplemental_figures/audits/COGNITION_LOOKUP_SELECTED_FOR_SUPPLEMENTAL_NULL.csv,cognition_composite_score,NA,0.09207011028055022,4,0,FALSE,0.6019736842105263,0.7582236842105263,0.23190789473684212,NA,Non-client mitochondrial proteins
FKBP10,0.03803422204031323,0.00356128262583102,0.5,outputs/supplemental_figures/audits/COGNITION_LOOKUP_SELECTED_FOR_SUPPLEMENTAL_NULL.csv,cognition_composite_score,NA,0.03803422204031323,3,0,FALSE,0.3404605263157895,0.3157894736842105,0.23190789473684212,NA,Non-client mitochondrial proteins
FKBP8,0.07120221083607302,0.01321341416231513,1.5,outputs/supplemental_figures/audits/COGNITION_LOOKUP_SELECTED_FOR_SUPPLEMENTAL_NULL.csv,cognition_composite_score,NA,0.07120221083607302,4,0,FALSE,0.4868421052631579,0.6167763157894737,0.5986842105263158,NA,Non-client mitochondrial proteins
FTH1,-0.07311942521631695,-0.01087782909625327,0.5,outputs/supplemental_figures/audits/COGNITION_LOOKUP_SELECTED_FOR_SUPPLEMENTAL_NULL.csv,cognition_composite_score,NA,0.07311942521631695,4,0,FALSE,0.0625,0.09375,0.23190789473684212,NA,Non-client mitochondrial proteins
FUNDC1,0.1506431241467476,0.0241015759824518,0.5,outputs/supplemental_figures/audits/COGNITION_LOOKUP_SELECTED_FOR_SUPPLEMENTAL_NULL.csv,cognition_composite_score,NA,0.1506431241467476,5,0,FALSE,0.8388157894736842,0.8700657894736842,0.23190789473684212,NA,Non-client mitochondrial proteins
FUNDC2,0.13268599055880476,0.01990840423790247,1.5,outputs/supplemental_figures/audits/COGNITION_LOOKUP_SELECTED_FOR_SUPPLEMENTAL_NULL.csv,cognition_composite_score,NA,0.13268599055880476,5,0,FALSE,0.7861842105263158,0.7993421052631579,0.5986842105263158,NA,Non-client mitochondrial proteins
FXN,0.08437694147797845,0.01141844134100386,0,outputs/supplemental_figures/audits/COGNITION_LOOKUP_SELECTED_FOR_SUPPLEMENTAL_NULL.csv,cognition_composite_score,NA,0.08437694147797845,4,0,FALSE,0.5674342105263158,0.5723684210526315,0,NA,Non-client mitochondrial proteins
GATB,0.07396461078140495,0.00871667373882323,0.5,outputs/supplemental_figures/audits/COGNITION_LOOKUP_SELECTED_FOR_SUPPLEMENTAL_NULL.csv,cognition_composite_score,NA,0.07396461078140495,4,0,FALSE,0.5016447368421053,0.47368421052631576,0.23190789473684212,NA,Non-client mitochondrial proteins
GATC,0.03402135724459461,0.00641436368357794,0.5,outputs/supplemental_figures/audits/COGNITION_LOOKUP_SELECTED_FOR_SUPPLEMENTAL_NULL.csv,cognition_composite_score,NA,0.03402135724459461,2,0,FALSE,0.3256578947368421,0.40131578947368424,0.23190789473684212,NA,Non-client mitochondrial proteins
GATM,-0.10766046868004384,-0.01504901072701452,0.5,outputs/supplemental_figures/audits/COGNITION_LOOKUP_SELECTED_FOR_SUPPLEMENTAL_NULL.csv,cognition_composite_score,NA,0.10766046868004384,5,0,FALSE,0.029605263157894735,0.047697368421052634,0.23190789473684212,NA,Non-client mitochondrial proteins
GCDH,0.05045804219345097,0.00860912390180244,0,outputs/supplemental_figures/audits/COGNITION_LOOKUP_SELECTED_FOR_SUPPLEMENTAL_NULL.csv,cognition_composite_score,NA,0.05045804219345097,3,0,FALSE,0.39144736842105265,0.46710526315789475,0,NA,Non-client mitochondrial proteins
GCSH,0.08088894065797007,0.01217678534137122,5.5,outputs/supplemental_figures/audits/COGNITION_LOOKUP_SELECTED_FOR_SUPPLEMENTAL_NULL.csv,cognition_composite_score,NA,0.08088894065797007,4,0,FALSE,0.5493421052631579,0.5953947368421053,0.7845394736842105,NA,Non-client mitochondrial proteins
GDAP1,0.12680165783745254,0.02087506982626754,1.5,outputs/supplemental_figures/audits/COGNITION_LOOKUP_SELECTED_FOR_SUPPLEMENTAL_NULL.csv,cognition_composite_score,NA,0.12680165783745254,5,0,FALSE,0.7615131578947368,0.8108552631578947,0.5986842105263158,NA,Non-client mitochondrial proteins
GFER,0.10012654517070618,0.01835009913615306,5.5,outputs/supplemental_figures/audits/COGNITION_LOOKUP_SELECTED_FOR_SUPPLEMENTAL_NULL.csv,cognition_composite_score,NA,0.10012654517070618,4,0,FALSE,0.6447368421052632,0.7664473684210527,0.7845394736842105,NA,Non-client mitochondrial proteins
GHITM,0.10971420179058472,0.01562440813762044,8.5,outputs/supplemental_figures/audits/COGNITION_LOOKUP_SELECTED_FOR_SUPPLEMENTAL_NULL.csv,cognition_composite_score,NA,0.10971420179058472,5,0,FALSE,0.6776315789473685,0.6907894736842105,0.8552631578947368,NA,Non-client mitochondrial proteins
GLOD4,-0.09814806837350068,-0.01408617405948188,0,outputs/supplemental_figures/audits/COGNITION_LOOKUP_SELECTED_FOR_SUPPLEMENTAL_NULL.csv,cognition_composite_score,NA,0.09814806837350068,4,0,FALSE,0.039473684210526314,0.0625,0,NA,Non-client mitochondrial proteins
GLRX2,0.10074137136714656,0.01562333557033426,1.5,outputs/supplemental_figures/audits/COGNITION_LOOKUP_SELECTED_FOR_SUPPLEMENTAL_NULL.csv,cognition_composite_score,NA,0.10074137136714656,5,0,FALSE,0.649671052631579,0.6891447368421053,0.5986842105263158,NA,Non-client mitochondrial proteins
GLS2,0.17691139018087357,0.02629026883996865,0.5,outputs/supplemental_figures/audits/COGNITION_LOOKUP_SELECTED_FOR_SUPPLEMENTAL_NULL.csv,cognition_composite_score,NA,0.17691139018087357,5,0,FALSE,0.9078947368421053,0.8947368421052632,0.23190789473684212,NA,Non-client mitochondrial proteins
GLUD2,0.05984751145581409,0.01006015883177701,0.5,outputs/supplemental_figures/audits/COGNITION_LOOKUP_SELECTED_FOR_SUPPLEMENTAL_NULL.csv,cognition_composite_score,NA,0.05984751145581409,3,0,FALSE,0.4342105263157895,0.5197368421052632,0.23190789473684212,NA,Non-client mitochondrial proteins
GOLPH3,-0.03238191403964893,-0.01024565686468799,0.5,outputs/supplemental_figures/audits/COGNITION_LOOKUP_SELECTED_FOR_SUPPLEMENTAL_NULL.csv,cognition_composite_score,NA,0.03238191403964893,2,0,FALSE,0.11677631578947369,0.09703947368421052,0.23190789473684212,NA,Non-client mitochondrial proteins
GPD2,0.0419088994142259,0.00528924402326595,0,outputs/supplemental_figures/audits/COGNITION_LOOKUP_SELECTED_FOR_SUPPLEMENTAL_NULL.csv,cognition_composite_score,NA,0.0419088994142259,3,0,FALSE,0.35526315789473684,0.3667763157894737,0,NA,Non-client mitochondrial proteins
GPX1,-0.03729296149173504,-0.0093723410324643,0.5,outputs/supplemental_figures/audits/COGNITION_LOOKUP_SELECTED_FOR_SUPPLEMENTAL_NULL.csv,cognition_composite_score,NA,0.03729296149173504,3,0,FALSE,0.11019736842105263,0.11513157894736842,0.23190789473684212,NA,Non-client mitochondrial proteins
GPX4,0.03283991298326463,0.00733129154853612,1.5,outputs/supplemental_figures/audits/COGNITION_LOOKUP_SELECTED_FOR_SUPPLEMENTAL_NULL.csv,cognition_composite_score,NA,0.03283991298326463,2,0,FALSE,0.3223684210526316,0.4243421052631579,0.5986842105263158,NA,Non-client mitochondrial proteins
GRHPR,-0.09404511947324652,-0.01488869233586502,0,outputs/supplemental_figures/audits/COGNITION_LOOKUP_SELECTED_FOR_SUPPLEMENTAL_NULL.csv,cognition_composite_score,NA,0.09404511947324652,4,0,FALSE,0.04276315789473684,0.049342105263157895,0,NA,Non-client mitochondrial proteins
GSTZ1,0.00742094050815014,0.00602437241870826,0.5,outputs/supplemental_figures/audits/COGNITION_LOOKUP_SELECTED_FOR_SUPPLEMENTAL_NULL.csv,cognition_composite_score,NA,0.00742094050815014,1,0,FALSE,0.22039473684210525,0.3881578947368421,0.23190789473684212,NA,Non-client mitochondrial proteins
GTPBP10,0.1644920478910812,0.02384564579794937,0,outputs/supplemental_figures/audits/COGNITION_LOOKUP_SELECTED_FOR_SUPPLEMENTAL_NULL.csv,cognition_composite_score,NA,0.1644920478910812,5,0,FALSE,0.868421052631579,0.8651315789473685,0,NA,Non-client mitochondrial proteins
GTPBP3,0.07380837762510366,0.00702904213464735,0.5,outputs/supplemental_figures/audits/COGNITION_LOOKUP_SELECTED_FOR_SUPPLEMENTAL_NULL.csv,cognition_composite_score,NA,0.07380837762510366,4,0,FALSE,0.49835526315789475,0.4144736842105263,0.23190789473684212,NA,Non-client mitochondrial proteins
GTPBP6,0.01457840890636582,-0.00567702769946305,0,outputs/supplemental_figures/audits/COGNITION_LOOKUP_SELECTED_FOR_SUPPLEMENTAL_NULL.csv,cognition_composite_score,NA,0.01457840890636582,1,0,FALSE,0.24671052631578946,0.1611842105263158,0,NA,Non-client mitochondrial proteins
GUK1,0.0177006740916354,0.0030477040487808,0.5,outputs/supplemental_figures/audits/COGNITION_LOOKUP_SELECTED_FOR_SUPPLEMENTAL_NULL.csv,cognition_composite_score,NA,0.0177006740916354,2,0,FALSE,0.26151315789473684,0.29769736842105265,0.23190789473684212,NA,Non-client mitochondrial proteins
HCCS,0.08077354635521779,0.01020943094980114,3.5,outputs/supplemental_figures/audits/COGNITION_LOOKUP_SELECTED_FOR_SUPPLEMENTAL_NULL.csv,cognition_composite_score,NA,0.08077354635521779,4,0,FALSE,0.5476973684210527,0.5263157894736842,0.7532894736842105,NA,Non-client mitochondrial proteins
HDHD3,0.02287790934467802,0.0067326387695819,0,outputs/supplemental_figures/audits/COGNITION_LOOKUP_SELECTED_FOR_SUPPLEMENTAL_NULL.csv,cognition_composite_score,NA,0.02287790934467802,2,0,FALSE,0.28125,0.40625,0,NA,Non-client mitochondrial proteins
HEBP1,-0.07921464932026916,-0.01232825267903779,0,outputs/supplemental_figures/audits/COGNITION_LOOKUP_SELECTED_FOR_SUPPLEMENTAL_NULL.csv,cognition_composite_score,NA,0.07921464932026916,4,0,FALSE,0.05592105263157895,0.0805921052631579,0,NA,Non-client mitochondrial proteins
HIBADH,0.01514958162299778,-0.00167529373984973,0.5,outputs/supplemental_figures/audits/COGNITION_LOOKUP_SELECTED_FOR_SUPPLEMENTAL_NULL.csv,cognition_composite_score,NA,0.01514958162299778,1,0,FALSE,0.2532894736842105,0.20888157894736842,0.23190789473684212,NA,Non-client mitochondrial proteins
HINT1,0.00617356641511496,0.00139668461156139,0,outputs/supplemental_figures/audits/COGNITION_LOOKUP_SELECTED_FOR_SUPPLEMENTAL_NULL.csv,cognition_composite_score,NA,0.00617356641511496,1,0,FALSE,0.2138157894736842,0.25493421052631576,0,NA,Non-client mitochondrial proteins
HINT3,-0.06107960233608294,-0.00671731826617778,0,outputs/supplemental_figures/audits/COGNITION_LOOKUP_SELECTED_FOR_SUPPLEMENTAL_NULL.csv,cognition_composite_score,NA,0.06107960233608294,4,0,FALSE,0.07894736842105263,0.14144736842105263,0,NA,Non-client mitochondrial proteins
HMGCL,0.00905364324204912,9.397051548669804e-4,12.5,outputs/supplemental_figures/audits/COGNITION_LOOKUP_SELECTED_FOR_SUPPLEMENTAL_NULL.csv,cognition_composite_score,NA,0.00905364324204912,1,0,FALSE,0.22861842105263158,0.25,0.9342105263157895,NA,Non-client mitochondrial proteins
HOGA1,-0.062577650856941,-0.01059254669588732,0,outputs/supplemental_figures/audits/COGNITION_LOOKUP_SELECTED_FOR_SUPPLEMENTAL_NULL.csv,cognition_composite_score,NA,0.062577650856941,4,0,FALSE,0.07401315789473684,0.09539473684210527,0,NA,Non-client mitochondrial proteins
HSCB,0.04369743352324241,0.00406168721252863,0.5,outputs/supplemental_figures/audits/COGNITION_LOOKUP_SELECTED_FOR_SUPPLEMENTAL_NULL.csv,cognition_composite_score,NA,0.04369743352324241,3,0,FALSE,0.36348684210526316,0.3338815789473684,0.23190789473684212,NA,Non-client mitochondrial proteins
HSD17B4,-0.05544483537716483,-0.01012076875621647,0,outputs/supplemental_figures/audits/COGNITION_LOOKUP_SELECTED_FOR_SUPPLEMENTAL_NULL.csv,cognition_composite_score,NA,0.05544483537716483,3,0,FALSE,0.08717105263157894,0.10197368421052631,0,NA,Non-client mitochondrial proteins
HSDL1,0.04244069973953346,0.0043546086934642,0,outputs/supplemental_figures/audits/COGNITION_LOOKUP_SELECTED_FOR_SUPPLEMENTAL_NULL.csv,cognition_composite_score,NA,0.04244069973953346,3,0,FALSE,0.35855263157894735,0.34210526315789475,0,NA,Non-client mitochondrial proteins
HSDL2,-0.04279097720819441,-0.00990018825386358,0.5,outputs/supplemental_figures/audits/COGNITION_LOOKUP_SELECTED_FOR_SUPPLEMENTAL_NULL.csv,cognition_composite_score,NA,0.04279097720819441,3,0,FALSE,0.10197368421052631,0.1069078947368421,0.23190789473684212,NA,Non-client mitochondrial proteins
HSPD1,0.11477945501713956,0.01755076404918421,2.5,outputs/supplemental_figures/audits/COGNITION_LOOKUP_SELECTED_FOR_SUPPLEMENTAL_NULL.csv,cognition_composite_score,NA,0.11477945501713956,5,0,FALSE,0.7006578947368421,0.7368421052631579,0.6842105263157895,NA,Non-client mitochondrial proteins
HSPE1,0.07387581242441107,0.0113610574629788,1.5,outputs/supplemental_figures/audits/COGNITION_LOOKUP_SELECTED_FOR_SUPPLEMENTAL_NULL.csv,cognition_composite_score,NA,0.07387581242441107,4,0,FALSE,0.5,0.569078947368421,0.5986842105263158,NA,Non-client mitochondrial proteins
HTATIP2,0.03520233436826693,0.0100545503814264,0.5,outputs/supplemental_figures/audits/COGNITION_LOOKUP_SELECTED_FOR_SUPPLEMENTAL_NULL.csv,cognition_composite_score,NA,0.03520233436826693,2,0,FALSE,0.3305921052631579,0.5164473684210527,0.23190789473684212,NA,Non-client mitochondrial proteins
HTRA2,0.02510640231469883,0.00396816488932298,0,outputs/supplemental_figures/audits/COGNITION_LOOKUP_SELECTED_FOR_SUPPLEMENTAL_NULL.csv,cognition_composite_score,NA,0.02510640231469883,2,0,FALSE,0.2911184210526316,0.32894736842105265,0,NA,Non-client mitochondrial proteins
IDE,0.03266838278131397,0.00333832590849403,0,outputs/supplemental_figures/audits/COGNITION_LOOKUP_SELECTED_FOR_SUPPLEMENTAL_NULL.csv,cognition_composite_score,NA,0.03266838278131397,2,0,FALSE,0.3207236842105263,0.30756578947368424,0,NA,Non-client mitochondrial proteins
IDH3B,0.17069203607913155,0.02586891432429285,3.5,outputs/supplemental_figures/audits/COGNITION_LOOKUP_SELECTED_FOR_SUPPLEMENTAL_NULL.csv,cognition_composite_score,NA,0.17069203607913155,5,0,FALSE,0.881578947368421,0.8930921052631579,0.7532894736842105,NA,Non-client mitochondrial proteins
IDI1,0.05853855603072589,0.01051306450067523,0.5,outputs/supplemental_figures/audits/COGNITION_LOOKUP_SELECTED_FOR_SUPPLEMENTAL_NULL.csv,cognition_composite_score,NA,0.05853855603072589,3,0,FALSE,0.4276315789473684,0.5361842105263158,0.23190789473684212,NA,Non-client mitochondrial proteins
ISCA1,0.06640604247331665,0.00845609752114284,0.5,outputs/supplemental_figures/audits/COGNITION_LOOKUP_SELECTED_FOR_SUPPLEMENTAL_NULL.csv,cognition_composite_score,NA,0.06640604247331665,4,0,FALSE,0.4588815789473684,0.4588815789473684,0.23190789473684212,NA,Non-client mitochondrial proteins
ISCA2,0.09713999617355576,0.01180738947476444,9.5,outputs/supplemental_figures/audits/COGNITION_LOOKUP_SELECTED_FOR_SUPPLEMENTAL_NULL.csv,cognition_composite_score,NA,0.09713999617355576,4,0,FALSE,0.631578947368421,0.587171052631579,0.875,NA,Non-client mitochondrial proteins
ISCU,0.18687448423635408,0.02776902234457599,12.5,outputs/supplemental_figures/audits/COGNITION_LOOKUP_SELECTED_FOR_SUPPLEMENTAL_NULL.csv,cognition_composite_score,NA,0.18687448423635408,5,0,FALSE,0.9243421052631579,0.9194078947368421,0.9342105263157895,NA,Non-client mitochondrial proteins
ISOC2,0.02284042138172219,0.00404640476960476,0,outputs/supplemental_figures/audits/COGNITION_LOOKUP_SELECTED_FOR_SUPPLEMENTAL_NULL.csv,cognition_composite_score,NA,0.02284042138172219,2,0,FALSE,0.2779605263157895,0.33223684210526316,0,NA,Non-client mitochondrial proteins
IVD,0.02294993845450482,4.013084416110264e-4,1.5,outputs/supplemental_figures/audits/COGNITION_LOOKUP_SELECTED_FOR_SUPPLEMENTAL_NULL.csv,cognition_composite_score,NA,0.02294993845450482,2,0,FALSE,0.28289473684210525,0.23848684210526316,0.5986842105263158,NA,Non-client mitochondrial proteins
L2HGDH,0.0967142843229306,0.01687073353828663,12.5,outputs/supplemental_figures/audits/COGNITION_LOOKUP_SELECTED_FOR_SUPPLEMENTAL_NULL.csv,cognition_composite_score,NA,0.0967142843229306,4,0,FALSE,0.6299342105263158,0.7138157894736842,0.9342105263157895,NA,Non-client mitochondrial proteins
LACTB,0.04078390153393532,-0.00192014614075397,0.5,outputs/supplemental_figures/audits/COGNITION_LOOKUP_SELECTED_FOR_SUPPLEMENTAL_NULL.csv,cognition_composite_score,NA,0.04078390153393532,3,0,FALSE,0.3519736842105263,0.20230263157894737,0.23190789473684212,NA,Non-client mitochondrial proteins
LACTB2,-0.05200070281312276,-0.00930977320758831,0,outputs/supplemental_figures/audits/COGNITION_LOOKUP_SELECTED_FOR_SUPPLEMENTAL_NULL.csv,cognition_composite_score,NA,0.05200070281312276,3,0,FALSE,0.09375,0.11677631578947369,0,NA,Non-client mitochondrial proteins
LARS2,0.08017783360363179,0.01394505304833659,6.5,outputs/supplemental_figures/audits/COGNITION_LOOKUP_SELECTED_FOR_SUPPLEMENTAL_NULL.csv,cognition_composite_score,NA,0.08017783360363179,4,0,FALSE,0.537828947368421,0.6480263157894737,0.819078947368421,NA,Non-client mitochondrial proteins
LDHB,-0.06125999639277421,-0.00948301255454901,0.5,outputs/supplemental_figures/audits/COGNITION_LOOKUP_SELECTED_FOR_SUPPLEMENTAL_NULL.csv,cognition_composite_score,NA,0.06125999639277421,4,0,FALSE,0.07730263157894737,0.11348684210526316,0.23190789473684212,NA,Non-client mitochondrial proteins
LDHD,0.03452367673264116,0.00295922600265909,8.5,outputs/supplemental_figures/audits/COGNITION_LOOKUP_SELECTED_FOR_SUPPLEMENTAL_NULL.csv,cognition_composite_score,NA,0.03452367673264116,2,0,FALSE,0.32730263157894735,0.29605263157894735,0.8552631578947368,NA,Non-client mitochondrial proteins
LETMD1,0.06218633934128129,0.01140578341445917,1.5,outputs/supplemental_figures/audits/COGNITION_LOOKUP_SELECTED_FOR_SUPPLEMENTAL_NULL.csv,cognition_composite_score,NA,0.06218633934128129,4,0,FALSE,0.4440789473684211,0.5707236842105263,0.5986842105263158,NA,Non-client mitochondrial proteins
LIAS,0.09635728886170984,0.01174923974930333,6.5,outputs/supplemental_figures/audits/COGNITION_LOOKUP_SELECTED_FOR_SUPPLEMENTAL_NULL.csv,cognition_composite_score,NA,0.09635728886170984,4,0,FALSE,0.6266447368421053,0.5855263157894737,0.819078947368421,NA,Non-client mitochondrial proteins
LIG3,-0.01689991407000488,-0.00617640270821579,0,outputs/supplemental_figures/audits/COGNITION_LOOKUP_SELECTED_FOR_SUPPLEMENTAL_NULL.csv,cognition_composite_score,NA,0.01689991407000488,1,0,FALSE,0.15789473684210525,0.14967105263157895,0,NA,Non-client mitochondrial proteins
LIPT2,0.07112239994575484,0.01000948601586006,5.5,outputs/supplemental_figures/audits/COGNITION_LOOKUP_SELECTED_FOR_SUPPLEMENTAL_NULL.csv,cognition_composite_score,NA,0.07112239994575484,4,0,FALSE,0.48355263157894735,0.5148026315789473,0.7845394736842105,NA,Non-client mitochondrial proteins
LYPLA1,0.05510148874583298,0.00745541078113539,6.5,outputs/supplemental_figures/audits/COGNITION_LOOKUP_SELECTED_FOR_SUPPLEMENTAL_NULL.csv,cognition_composite_score,NA,0.05510148874583298,3,0,FALSE,0.4128289473684211,0.4276315789473684,0.819078947368421,NA,Non-client mitochondrial proteins
LYPLAL1,-0.08617617583485965,-0.01814745668900021,0.5,outputs/supplemental_figures/audits/COGNITION_LOOKUP_SELECTED_FOR_SUPPLEMENTAL_NULL.csv,cognition_composite_score,NA,0.08617617583485965,4,0,FALSE,0.046052631578947366,0.03289473684210526,0.23190789473684212,NA,Non-client mitochondrial proteins
LYRM1,0.16289631800168997,0.01771844563465957,9.5,outputs/supplemental_figures/audits/COGNITION_LOOKUP_SELECTED_FOR_SUPPLEMENTAL_NULL.csv,cognition_composite_score,NA,0.16289631800168997,5,0,FALSE,0.8651315789473685,0.743421052631579,0.875,NA,Non-client mitochondrial proteins
LYRM2,0.05784910361196676,0.00255311931204201,0.5,outputs/supplemental_figures/audits/COGNITION_LOOKUP_SELECTED_FOR_SUPPLEMENTAL_NULL.csv,cognition_composite_score,NA,0.05784910361196676,3,0,FALSE,0.4243421052631579,0.2894736842105263,0.23190789473684212,NA,Non-client mitochondrial proteins
LYRM4,0.1734144180788727,0.01754521755200083,2.5,outputs/supplemental_figures/audits/COGNITION_LOOKUP_SELECTED_FOR_SUPPLEMENTAL_NULL.csv,cognition_composite_score,NA,0.1734144180788727,5,0,FALSE,0.8881578947368421,0.7351973684210527,0.6842105263157895,NA,Non-client mitochondrial proteins
LYRM9,0.1562678950415045,0.0148974940326711,1.5,outputs/supplemental_figures/audits/COGNITION_LOOKUP_SELECTED_FOR_SUPPLEMENTAL_NULL.csv,cognition_composite_score,NA,0.1562678950415045,5,0,FALSE,0.8486842105263158,0.6743421052631579,0.5986842105263158,NA,Non-client mitochondrial proteins
MACROD1,-0.26651466045494404,-0.04130576715599235,0,outputs/supplemental_figures/audits/COGNITION_LOOKUP_SELECTED_FOR_SUPPLEMENTAL_NULL.csv,cognition_composite_score,NA,0.26651466045494404,5,0,FALSE,0.003289473684210526,0.004934210526315789,0,NA,Non-client mitochondrial proteins
MALSU1,0.05511669960461946,0.00295608484512572,0.5,outputs/supplemental_figures/audits/COGNITION_LOOKUP_SELECTED_FOR_SUPPLEMENTAL_NULL.csv,cognition_composite_score,NA,0.05511669960461946,3,0,FALSE,0.4144736842105263,0.2944078947368421,0.23190789473684212,NA,Non-client mitochondrial proteins
MAOA,-0.03124792645488446,-0.00885333151285394,0.5,outputs/supplemental_figures/audits/COGNITION_LOOKUP_SELECTED_FOR_SUPPLEMENTAL_NULL.csv,cognition_composite_score,NA,0.03124792645488446,2,0,FALSE,0.12171052631578948,0.12006578947368421,0.23190789473684212,NA,Non-client mitochondrial proteins
MAOB,-0.2499463086715992,-0.04507737726411087,0,outputs/supplemental_figures/audits/COGNITION_LOOKUP_SELECTED_FOR_SUPPLEMENTAL_NULL.csv,cognition_composite_score,NA,0.2499463086715992,5,0,FALSE,0.004934210526315789,0.003289473684210526,0,NA,Non-client mitochondrial proteins
MAVS,-0.04238063916190451,-0.00958981266330051,0,outputs/supplemental_figures/audits/COGNITION_LOOKUP_SELECTED_FOR_SUPPLEMENTAL_NULL.csv,cognition_composite_score,NA,0.04238063916190451,3,0,FALSE,0.10361842105263158,0.11019736842105263,0,NA,Non-client mitochondrial proteins
MCAT,0.09266509445514028,0.00959821876192473,9.5,outputs/supplemental_figures/audits/COGNITION_LOOKUP_SELECTED_FOR_SUPPLEMENTAL_NULL.csv,cognition_composite_score,NA,0.09266509445514028,4,0,FALSE,0.6069078947368421,0.4934210526315789,0.875,NA,Non-client mitochondrial proteins
MCCC1,-0.00944963340097293,-0.00671667003347796,0.5,outputs/supplemental_figures/audits/COGNITION_LOOKUP_SELECTED_FOR_SUPPLEMENTAL_NULL.csv,cognition_composite_score,NA,0.00944963340097293,1,0,FALSE,0.17269736842105263,0.14309210526315788,0.23190789473684212,NA,Non-client mitochondrial proteins
MCEE,0.07770862982606883,0.01404751195075528,0,outputs/supplemental_figures/audits/COGNITION_LOOKUP_SELECTED_FOR_SUPPLEMENTAL_NULL.csv,cognition_composite_score,NA,0.07770862982606883,4,0,FALSE,0.5164473684210527,0.6529605263157895,0,NA,Non-client mitochondrial proteins
MCU,0.14291435788023485,0.02192816569446751,0.5,outputs/supplemental_figures/audits/COGNITION_LOOKUP_SELECTED_FOR_SUPPLEMENTAL_NULL.csv,cognition_composite_score,NA,0.14291435788023485,5,0,FALSE,0.8141447368421053,0.8289473684210527,0.23190789473684212,NA,Non-client mitochondrial proteins
MCUR1,-0.00792129700363091,-0.00148342443470017,0.5,outputs/supplemental_figures/audits/COGNITION_LOOKUP_SELECTED_FOR_SUPPLEMENTAL_NULL.csv,cognition_composite_score,NA,0.00792129700363091,1,0,FALSE,0.17598684210526316,0.2138157894736842,0.23190789473684212,NA,Non-client mitochondrial proteins
ME3,0.11752534046798148,0.01778178649613399,3.5,outputs/supplemental_figures/audits/COGNITION_LOOKUP_SELECTED_FOR_SUPPLEMENTAL_NULL.csv,cognition_composite_score,NA,0.11752534046798148,5,0,FALSE,0.712171052631579,0.7450657894736842,0.7532894736842105,NA,Non-client mitochondrial proteins
MECR,0.1256278330110403,0.02013701262925664,12.5,outputs/supplemental_figures/audits/COGNITION_LOOKUP_SELECTED_FOR_SUPPLEMENTAL_NULL.csv,cognition_composite_score,NA,0.1256278330110403,5,0,FALSE,0.7483552631578947,0.8042763157894737,0.9342105263157895,NA,Non-client mitochondrial proteins
METAP1D,-0.00136902478636476,-0.00173657146082327,5.5,outputs/supplemental_figures/audits/COGNITION_LOOKUP_SELECTED_FOR_SUPPLEMENTAL_NULL.csv,cognition_composite_score,NA,0.00136902478636476,1,0,FALSE,0.1924342105263158,0.20723684210526316,0.7845394736842105,NA,Non-client mitochondrial proteins
METTL5,-0.0809000144320337,-0.01618730761012926,0,outputs/supplemental_figures/audits/COGNITION_LOOKUP_SELECTED_FOR_SUPPLEMENTAL_NULL.csv,cognition_composite_score,NA,0.0809000144320337,4,0,FALSE,0.05263157894736842,0.04276315789473684,0,NA,Non-client mitochondrial proteins
MFF,0.12513141665618224,0.01930841894274605,9.5,outputs/supplemental_figures/audits/COGNITION_LOOKUP_SELECTED_FOR_SUPPLEMENTAL_NULL.csv,cognition_composite_score,NA,0.12513141665618224,5,0,FALSE,0.7450657894736842,0.7845394736842105,0.875,NA,Non-client mitochondrial proteins
MFN1,-0.012909309806209,-0.00284993929818652,0.5,outputs/supplemental_figures/audits/COGNITION_LOOKUP_SELECTED_FOR_SUPPLEMENTAL_NULL.csv,cognition_composite_score,NA,0.012909309806209,1,0,FALSE,0.16776315789473684,0.1924342105263158,0.23190789473684212,NA,Non-client mitochondrial proteins
MFN2,0.11310169794766882,0.01828414698008512,12.5,outputs/supplemental_figures/audits/COGNITION_LOOKUP_SELECTED_FOR_SUPPLEMENTAL_NULL.csv,cognition_composite_score,NA,0.11310169794766882,5,0,FALSE,0.6907894736842105,0.7631578947368421,0.9342105263157895,NA,Non-client mitochondrial proteins
MGARP,-0.02884659258089014,-0.0070893957058643,0,outputs/supplemental_figures/audits/COGNITION_LOOKUP_SELECTED_FOR_SUPPLEMENTAL_NULL.csv,cognition_composite_score,NA,0.02884659258089014,2,0,FALSE,0.13322368421052633,0.13651315789473684,0,NA,Non-client mitochondrial proteins
MGST1,-0.2351269887068184,-0.03381121423422242,0,outputs/supplemental_figures/audits/COGNITION_LOOKUP_SELECTED_FOR_SUPPLEMENTAL_NULL.csv,cognition_composite_score,NA,0.2351269887068184,5,0,FALSE,0.006578947368421052,0.008223684210526315,0,NA,Non-client mitochondrial proteins
MGST3,0.14847026598668642,0.02582197938032057,2.5,outputs/supplemental_figures/audits/COGNITION_LOOKUP_SELECTED_FOR_SUPPLEMENTAL_NULL.csv,cognition_composite_score,NA,0.14847026598668642,5,0,FALSE,0.8289473684210527,0.8914473684210527,0.6842105263157895,NA,Non-client mitochondrial proteins
MICU1,0.09364605192392614,0.01366187777365196,1.5,outputs/supplemental_figures/audits/COGNITION_LOOKUP_SELECTED_FOR_SUPPLEMENTAL_NULL.csv,cognition_composite_score,NA,0.09364605192392614,4,0,FALSE,0.6101973684210527,0.6332236842105263,0.5986842105263158,NA,Non-client mitochondrial proteins
MICU2,-0.02879566502658883,-0.01192282390279631,0.5,outputs/supplemental_figures/audits/COGNITION_LOOKUP_SELECTED_FOR_SUPPLEMENTAL_NULL.csv,cognition_composite_score,NA,0.02879566502658883,2,0,FALSE,0.13486842105263158,0.08881578947368421,0.23190789473684212,NA,Non-client mitochondrial proteins
MICU3,0.12726415378747297,0.01791365747496638,0.5,outputs/supplemental_figures/audits/COGNITION_LOOKUP_SELECTED_FOR_SUPPLEMENTAL_NULL.csv,cognition_composite_score,NA,0.12726415378747297,5,0,FALSE,0.7648026315789473,0.75,0.23190789473684212,NA,Non-client mitochondrial proteins
MIEF1,0.04953445589592412,0.00781380939081964,0.5,outputs/supplemental_figures/audits/COGNITION_LOOKUP_SELECTED_FOR_SUPPLEMENTAL_NULL.csv,cognition_composite_score,NA,0.04953445589592412,3,0,FALSE,0.3881578947368421,0.4375,0.23190789473684212,NA,Non-client mitochondrial proteins
MLYCD,0.09590031398281576,0.0133773752544565,6.5,outputs/supplemental_figures/audits/COGNITION_LOOKUP_SELECTED_FOR_SUPPLEMENTAL_NULL.csv,cognition_composite_score,NA,0.09590031398281576,4,0,FALSE,0.6200657894736842,0.625,0.819078947368421,NA,Non-client mitochondrial proteins
MMAA,0.06554708884755812,0.00972881579970924,0,outputs/supplemental_figures/audits/COGNITION_LOOKUP_SELECTED_FOR_SUPPLEMENTAL_NULL.csv,cognition_composite_score,NA,0.06554708884755812,4,0,FALSE,0.45723684210526316,0.4967105263157895,0,NA,Non-client mitochondrial proteins
MOCS1,0.06851872259169467,0.00728840515376436,1.5,outputs/supplemental_figures/audits/COGNITION_LOOKUP_SELECTED_FOR_SUPPLEMENTAL_NULL.csv,cognition_composite_score,NA,0.06851872259169467,4,0,FALSE,0.47039473684210525,0.42269736842105265,0.5986842105263158,NA,Non-client mitochondrial proteins
MPC1,0.08222717639641902,0.00400650343431736,2.5,outputs/supplemental_figures/audits/COGNITION_LOOKUP_SELECTED_FOR_SUPPLEMENTAL_NULL.csv,cognition_composite_score,NA,0.08222717639641902,4,0,FALSE,0.5575657894736842,0.3305921052631579,0.6842105263157895,NA,Non-client mitochondrial proteins
MPC2,0.1383288999743958,0.0199639393062504,12.5,outputs/supplemental_figures/audits/COGNITION_LOOKUP_SELECTED_FOR_SUPPLEMENTAL_NULL.csv,cognition_composite_score,NA,0.1383288999743958,5,0,FALSE,0.8009868421052632,0.8009868421052632,0.9342105263157895,NA,Non-client mitochondrial proteins
MPST,-0.1322353244944829,-0.02172166387517746,0,outputs/supplemental_figures/audits/COGNITION_LOOKUP_SELECTED_FOR_SUPPLEMENTAL_NULL.csv,cognition_composite_score,NA,0.1322353244944829,5,0,FALSE,0.01644736842105263,0.019736842105263157,0,NA,Non-client mitochondrial proteins
MPV17,0.1160201600638687,0.01125569656651322,2.5,outputs/supplemental_figures/audits/COGNITION_LOOKUP_SELECTED_FOR_SUPPLEMENTAL_NULL.csv,cognition_composite_score,NA,0.1160201600638687,5,0,FALSE,0.7088815789473685,0.5674342105263158,0.6842105263157895,NA,Non-client mitochondrial proteins
MRM1,0.07701261174049225,0.00756397448060274,0.5,outputs/supplemental_figures/audits/COGNITION_LOOKUP_SELECTED_FOR_SUPPLEMENTAL_NULL.csv,cognition_composite_score,NA,0.07701261174049225,4,0,FALSE,0.5131578947368421,0.4309210526315789,0.23190789473684212,NA,Non-client mitochondrial proteins
MRPL1,0.14870015120277297,0.0179727833464605,12.5,outputs/supplemental_figures/audits/COGNITION_LOOKUP_SELECTED_FOR_SUPPLEMENTAL_NULL.csv,cognition_composite_score,NA,0.14870015120277297,5,0,FALSE,0.8322368421052632,0.7549342105263158,0.9342105263157895,NA,Non-client mitochondrial proteins
MRPL11,0.14274428642077722,0.01671108174287853,9.5,outputs/supplemental_figures/audits/COGNITION_LOOKUP_SELECTED_FOR_SUPPLEMENTAL_NULL.csv,cognition_composite_score,NA,0.14274428642077722,5,0,FALSE,0.8125,0.7105263157894737,0.875,NA,Non-client mitochondrial proteins
MRPL12,0.1568347079107278,0.02101788989468678,9.5,outputs/supplemental_figures/audits/COGNITION_LOOKUP_SELECTED_FOR_SUPPLEMENTAL_NULL.csv,cognition_composite_score,NA,0.1568347079107278,5,0,FALSE,0.850328947368421,0.8157894736842105,0.875,NA,Non-client mitochondrial proteins
MRPL17,0.134688757844553,0.01552578216736007,2.5,outputs/supplemental_figures/audits/COGNITION_LOOKUP_SELECTED_FOR_SUPPLEMENTAL_NULL.csv,cognition_composite_score,NA,0.134688757844553,5,0,FALSE,0.7927631578947368,0.6875,0.6842105263157895,NA,Non-client mitochondrial proteins
MRPL18,0.090958928129515,0.0069794702568772,0.5,outputs/supplemental_figures/audits/COGNITION_LOOKUP_SELECTED_FOR_SUPPLEMENTAL_NULL.csv,cognition_composite_score,NA,0.090958928129515,4,0,FALSE,0.5953947368421053,0.4128289473684211,0.23190789473684212,NA,Non-client mitochondrial proteins
MRPL2,0.17544235421784973,0.0145932313750277,9.5,outputs/supplemental_figures/audits/COGNITION_LOOKUP_SELECTED_FOR_SUPPLEMENTAL_NULL.csv,cognition_composite_score,NA,0.17544235421784973,5,0,FALSE,0.9013157894736842,0.6677631578947368,0.875,NA,Non-client mitochondrial proteins
MRPL20,0.14341568914775502,0.01173384855338791,9.5,outputs/supplemental_figures/audits/COGNITION_LOOKUP_SELECTED_FOR_SUPPLEMENTAL_NULL.csv,cognition_composite_score,NA,0.14341568914775502,5,0,FALSE,0.8174342105263158,0.5838815789473685,0.875,NA,Non-client mitochondrial proteins
MRPL21,0.11977198943268404,0.01416506591358222,9.5,outputs/supplemental_figures/audits/COGNITION_LOOKUP_SELECTED_FOR_SUPPLEMENTAL_NULL.csv,cognition_composite_score,NA,0.11977198943268404,5,0,FALSE,0.725328947368421,0.6578947368421053,0.875,NA,Non-client mitochondrial proteins
MRPL24,0.14209127215803252,0.01700926414243741,12.5,outputs/supplemental_figures/audits/COGNITION_LOOKUP_SELECTED_FOR_SUPPLEMENTAL_NULL.csv,cognition_composite_score,NA,0.14209127215803252,5,0,FALSE,0.8108552631578947,0.71875,0.9342105263157895,NA,Non-client mitochondrial proteins
MRPL27,0.11947975621935168,0.01104043431234348,2.5,outputs/supplemental_figures/audits/COGNITION_LOOKUP_SELECTED_FOR_SUPPLEMENTAL_NULL.csv,cognition_composite_score,NA,0.11947975621935168,5,0,FALSE,0.7203947368421053,0.5592105263157895,0.6842105263157895,NA,Non-client mitochondrial proteins
MRPL28,0.1258469804595491,0.01443178871582472,12.5,outputs/supplemental_figures/audits/COGNITION_LOOKUP_SELECTED_FOR_SUPPLEMENTAL_NULL.csv,cognition_composite_score,NA,0.1258469804595491,5,0,FALSE,0.7516447368421053,0.6661184210526315,0.9342105263157895,NA,Non-client mitochondrial proteins
MRPL30,0.10731052471513484,0.01292129959570971,2.5,outputs/supplemental_figures/audits/COGNITION_LOOKUP_SELECTED_FOR_SUPPLEMENTAL_NULL.csv,cognition_composite_score,NA,0.10731052471513484,5,0,FALSE,0.6726973684210527,0.6118421052631579,0.6842105263157895,NA,Non-client mitochondrial proteins
MRPL32,0.08801371351470416,0.00620121967883192,9.5,outputs/supplemental_figures/audits/COGNITION_LOOKUP_SELECTED_FOR_SUPPLEMENTAL_NULL.csv,cognition_composite_score,NA,0.08801371351470416,4,0,FALSE,0.5805921052631579,0.39144736842105265,0.875,NA,Non-client mitochondrial proteins
MRPL33,0.1618563471906293,0.02318015918102034,8.5,outputs/supplemental_figures/audits/COGNITION_LOOKUP_SELECTED_FOR_SUPPLEMENTAL_NULL.csv,cognition_composite_score,NA,0.1618563471906293,5,0,FALSE,0.8601973684210527,0.8470394736842105,0.8552631578947368,NA,Non-client mitochondrial proteins
MRPL34,0.1386713503452113,0.01375199438301012,0.5,outputs/supplemental_figures/audits/COGNITION_LOOKUP_SELECTED_FOR_SUPPLEMENTAL_NULL.csv,cognition_composite_score,NA,0.1386713503452113,5,0,FALSE,0.8026315789473685,0.6381578947368421,0.23190789473684212,NA,Non-client mitochondrial proteins
MRPL40,0.12008373444624272,0.01412866521791781,1.5,outputs/supplemental_figures/audits/COGNITION_LOOKUP_SELECTED_FOR_SUPPLEMENTAL_NULL.csv,cognition_composite_score,NA,0.12008373444624272,5,0,FALSE,0.7269736842105263,0.65625,0.5986842105263158,NA,Non-client mitochondrial proteins
MRPL41,0.12306829113506518,0.0139190937636106,9.5,outputs/supplemental_figures/audits/COGNITION_LOOKUP_SELECTED_FOR_SUPPLEMENTAL_NULL.csv,cognition_composite_score,NA,0.12306829113506518,5,0,FALSE,0.7368421052631579,0.6463815789473685,0.875,NA,Non-client mitochondrial proteins
MRPL42,0.1028682930631512,0.00809955904628645,0.5,outputs/supplemental_figures/audits/COGNITION_LOOKUP_SELECTED_FOR_SUPPLEMENTAL_NULL.csv,cognition_composite_score,NA,0.1028682930631512,5,0,FALSE,0.6546052631578947,0.4473684210526316,0.23190789473684212,NA,Non-client mitochondrial proteins
MRPL43,0.11473003648767208,0.012410242855429309,8.5,outputs/supplemental_figures/audits/COGNITION_LOOKUP_SELECTED_FOR_SUPPLEMENTAL_NULL.csv,cognition_composite_score,NA,0.11473003648767208,5,0,FALSE,0.6990131578947368,0.6019736842105263,0.8552631578947368,NA,Non-client mitochondrial proteins
MRPL46,0.13894284717402872,0.01409507141290372,12.5,outputs/supplemental_figures/audits/COGNITION_LOOKUP_SELECTED_FOR_SUPPLEMENTAL_NULL.csv,cognition_composite_score,NA,0.13894284717402872,5,0,FALSE,0.8042763157894737,0.6546052631578947,0.9342105263157895,NA,Non-client mitochondrial proteins
MRPL50,0.1366556722690916,0.01547223771558799,2.5,outputs/supplemental_figures/audits/COGNITION_LOOKUP_SELECTED_FOR_SUPPLEMENTAL_NULL.csv,cognition_composite_score,NA,0.1366556722690916,5,0,FALSE,0.7976973684210527,0.6858552631578947,0.6842105263157895,NA,Non-client mitochondrial proteins
MRPL52,0.09962652235917732,0.01076582338429061,6.5,outputs/supplemental_figures/audits/COGNITION_LOOKUP_SELECTED_FOR_SUPPLEMENTAL_NULL.csv,cognition_composite_score,NA,0.09962652235917732,4,0,FALSE,0.6430921052631579,0.5493421052631579,0.819078947368421,NA,Non-client mitochondrial proteins
MRPL54,0.11103117921338056,0.01525941378429495,9.5,outputs/supplemental_figures/audits/COGNITION_LOOKUP_SELECTED_FOR_SUPPLEMENTAL_NULL.csv,cognition_composite_score,NA,0.11103117921338056,5,0,FALSE,0.6825657894736842,0.6842105263157895,0.875,NA,Non-client mitochondrial proteins
MRPL55,0.1939308255704522,0.02289534869266183,1.5,outputs/supplemental_figures/audits/COGNITION_LOOKUP_SELECTED_FOR_SUPPLEMENTAL_NULL.csv,cognition_composite_score,NA,0.1939308255704522,5,0,FALSE,0.930921052631579,0.8453947368421053,0.5986842105263158,NA,Non-client mitochondrial proteins
MRPL57,0.10645205767450952,0.00973110131043845,12.5,outputs/supplemental_figures/audits/COGNITION_LOOKUP_SELECTED_FOR_SUPPLEMENTAL_NULL.csv,cognition_composite_score,NA,0.10645205767450952,5,0,FALSE,0.6694078947368421,0.49835526315789475,0.9342105263157895,NA,Non-client mitochondrial proteins
MRPS10,0.1559604600993453,0.02134732819428491,6.5,outputs/supplemental_figures/audits/COGNITION_LOOKUP_SELECTED_FOR_SUPPLEMENTAL_NULL.csv,cognition_composite_score,NA,0.1559604600993453,5,0,FALSE,0.8470394736842105,0.8207236842105263,0.819078947368421,NA,Non-client mitochondrial proteins
MRPS11,0.12693688286305496,0.01954350683963664,3.5,outputs/supplemental_figures/audits/COGNITION_LOOKUP_SELECTED_FOR_SUPPLEMENTAL_NULL.csv,cognition_composite_score,NA,0.12693688286305496,5,0,FALSE,0.7631578947368421,0.7911184210526315,0.7532894736842105,NA,Non-client mitochondrial proteins
MRPS14,0.08070154433429497,0.00309324806780928,0.5,outputs/supplemental_figures/audits/COGNITION_LOOKUP_SELECTED_FOR_SUPPLEMENTAL_NULL.csv,cognition_composite_score,NA,0.08070154433429497,4,0,FALSE,0.5460526315789473,0.2993421052631579,0.23190789473684212,NA,Non-client mitochondrial proteins
MRPS17,0.12679934604249807,0.01471598343698633,0.5,outputs/supplemental_figures/audits/COGNITION_LOOKUP_SELECTED_FOR_SUPPLEMENTAL_NULL.csv,cognition_composite_score,NA,0.12679934604249807,5,0,FALSE,0.7598684210526315,0.6710526315789473,0.23190789473684212,NA,Non-client mitochondrial proteins
MRPS18A,0.1150615079710829,0.01295055169585272,9.5,outputs/supplemental_figures/audits/COGNITION_LOOKUP_SELECTED_FOR_SUPPLEMENTAL_NULL.csv,cognition_composite_score,NA,0.1150615079710829,5,0,FALSE,0.7023026315789473,0.6134868421052632,0.875,NA,Non-client mitochondrial proteins
MRPS18B,0.15781918337625647,0.01900945644361375,3.5,outputs/supplemental_figures/audits/COGNITION_LOOKUP_SELECTED_FOR_SUPPLEMENTAL_NULL.csv,cognition_composite_score,NA,0.15781918337625647,5,0,FALSE,0.8519736842105263,0.7779605263157895,0.7532894736842105,NA,Non-client mitochondrial proteins
MRPS21,0.1258039324813242,0.01697404362817979,2.5,outputs/supplemental_figures/audits/COGNITION_LOOKUP_SELECTED_FOR_SUPPLEMENTAL_NULL.csv,cognition_composite_score,NA,0.1258039324813242,5,0,FALSE,0.75,0.7171052631578947,0.6842105263157895,NA,Non-client mitochondrial proteins
MRPS24,0.1349443591610123,0.01720611326818113,2.5,outputs/supplemental_figures/audits/COGNITION_LOOKUP_SELECTED_FOR_SUPPLEMENTAL_NULL.csv,cognition_composite_score,NA,0.1349443591610123,5,0,FALSE,0.7944078947368421,0.7269736842105263,0.6842105263157895,NA,Non-client mitochondrial proteins
MRPS28,0.11164753618075064,0.01213298923925637,9.5,outputs/supplemental_figures/audits/COGNITION_LOOKUP_SELECTED_FOR_SUPPLEMENTAL_NULL.csv,cognition_composite_score,NA,0.11164753618075064,5,0,FALSE,0.6842105263157895,0.59375,0.875,NA,Non-client mitochondrial proteins
MRPS7,0.1580122497404204,0.02230006226218178,12.5,outputs/supplemental_figures/audits/COGNITION_LOOKUP_SELECTED_FOR_SUPPLEMENTAL_NULL.csv,cognition_composite_score,NA,0.1580122497404204,5,0,FALSE,0.8536184210526315,0.837171052631579,0.9342105263157895,NA,Non-client mitochondrial proteins
MRRF,0.01094812336949103,-0.00356363508828655,0.5,outputs/supplemental_figures/audits/COGNITION_LOOKUP_SELECTED_FOR_SUPPLEMENTAL_NULL.csv,cognition_composite_score,NA,0.01094812336949103,1,0,FALSE,0.23190789473684212,0.1825657894736842,0.23190789473684212,NA,Non-client mitochondrial proteins
MRS2,0.04972528466203523,0.00809128262606542,0.5,outputs/supplemental_figures/audits/COGNITION_LOOKUP_SELECTED_FOR_SUPPLEMENTAL_NULL.csv,cognition_composite_score,NA,0.04972528466203523,3,0,FALSE,0.38980263157894735,0.4457236842105263,0.23190789473684212,NA,Non-client mitochondrial proteins
MSRA,-0.0262068044172776,-0.00357037064660866,0,outputs/supplemental_figures/audits/COGNITION_LOOKUP_SELECTED_FOR_SUPPLEMENTAL_NULL.csv,cognition_composite_score,NA,0.0262068044172776,2,0,FALSE,0.14309210526315788,0.18092105263157895,0,NA,Non-client mitochondrial proteins
MSRB2,-0.00963829648956503,-0.00338660102464671,0.5,outputs/supplemental_figures/audits/COGNITION_LOOKUP_SELECTED_FOR_SUPPLEMENTAL_NULL.csv,cognition_composite_score,NA,0.00963829648956503,1,0,FALSE,0.17105263157894737,0.18585526315789475,0.23190789473684212,NA,Non-client mitochondrial proteins
MSRB3,-0.03030986907148665,-0.01463180818584592,0,outputs/supplemental_figures/audits/COGNITION_LOOKUP_SELECTED_FOR_SUPPLEMENTAL_NULL.csv,cognition_composite_score,NA,0.03030986907148665,2,0,FALSE,0.12335526315789473,0.05592105263157895,0,NA,Non-client mitochondrial proteins
MT-ATP8,0.07857248333652035,0.0100011892657664,1.5,outputs/supplemental_figures/audits/COGNITION_LOOKUP_SELECTED_FOR_SUPPLEMENTAL_NULL.csv,cognition_composite_score,NA,0.07857248333652035,4,0,FALSE,0.5296052631578947,0.5131578947368421,0.5986842105263158,NA,Non-client mitochondrial proteins
MT-CO1,0.00381182483270776,0.01115492330354297,0,outputs/supplemental_figures/audits/COGNITION_LOOKUP_SELECTED_FOR_SUPPLEMENTAL_NULL.csv,cognition_composite_score,NA,0.00381182483270776,1,0,FALSE,0.20888157894736842,0.5641447368421053,0,NA,Non-client mitochondrial proteins
MT-CO3,0.12760514678235851,0.02071784554488366,9.5,outputs/supplemental_figures/audits/COGNITION_LOOKUP_SELECTED_FOR_SUPPLEMENTAL_NULL.csv,cognition_composite_score,NA,0.12760514678235851,5,0,FALSE,0.7664473684210527,0.8075657894736842,0.875,NA,Non-client mitochondrial proteins
MT-CYB,0.24100172895828187,0.03256151254650637,0.5,outputs/supplemental_figures/audits/COGNITION_LOOKUP_SELECTED_FOR_SUPPLEMENTAL_NULL.csv,cognition_composite_score,NA,0.24100172895828187,5,0,FALSE,0.993421052631579,0.962171052631579,0.23190789473684212,NA,Non-client mitochondrial proteins
MT-ND1,0.2079785433211563,0.0328445719627166,0,outputs/supplemental_figures/audits/COGNITION_LOOKUP_SELECTED_FOR_SUPPLEMENTAL_NULL.csv,cognition_composite_score,NA,0.2079785433211563,5,0,FALSE,0.9555921052631579,0.9654605263157895,0,NA,Non-client mitochondrial proteins
MT-ND2,0.27364007682314356,0.04168834833395942,0,outputs/supplemental_figures/audits/COGNITION_LOOKUP_SELECTED_FOR_SUPPLEMENTAL_NULL.csv,cognition_composite_score,NA,0.27364007682314356,5,0,FALSE,0.9983552631578947,1,0,NA,Non-client mitochondrial proteins
MT-ND3,0.11775563765654912,0.02121757498806701,2.5,outputs/supplemental_figures/audits/COGNITION_LOOKUP_SELECTED_FOR_SUPPLEMENTAL_NULL.csv,cognition_composite_score,NA,0.11775563765654912,5,0,FALSE,0.7154605263157895,0.8174342105263158,0.6842105263157895,NA,Non-client mitochondrial proteins
MT-ND4,0.17432206100046366,0.02720256036024123,2.5,outputs/supplemental_figures/audits/COGNITION_LOOKUP_SELECTED_FOR_SUPPLEMENTAL_NULL.csv,cognition_composite_score,NA,0.17432206100046366,5,0,FALSE,0.8930921052631579,0.9078947368421053,0.6842105263157895,NA,Non-client mitochondrial proteins
MT-ND5,0.17674796180694485,0.02754897913052381,0.5,outputs/supplemental_figures/audits/COGNITION_LOOKUP_SELECTED_FOR_SUPPLEMENTAL_NULL.csv,cognition_composite_score,NA,0.17674796180694485,5,0,FALSE,0.9046052631578947,0.9111842105263158,0.23190789473684212,NA,Non-client mitochondrial proteins
MT-ND6,0.11356489710390248,0.01781718240914664,3.5,outputs/supplemental_figures/audits/COGNITION_LOOKUP_SELECTED_FOR_SUPPLEMENTAL_NULL.csv,cognition_composite_score,NA,0.11356489710390248,5,0,FALSE,0.694078947368421,0.7467105263157895,0.7532894736842105,NA,Non-client mitochondrial proteins
MTCH1,0.05964809369201313,0.00878728740513616,2.5,outputs/supplemental_figures/audits/COGNITION_LOOKUP_SELECTED_FOR_SUPPLEMENTAL_NULL.csv,cognition_composite_score,NA,0.05964809369201313,3,0,FALSE,0.43256578947368424,0.4753289473684211,0.6842105263157895,NA,Non-client mitochondrial proteins
MTCH2,0.0867415813942397,0.01347870765530707,1.5,outputs/supplemental_figures/audits/COGNITION_LOOKUP_SELECTED_FOR_SUPPLEMENTAL_NULL.csv,cognition_composite_score,NA,0.0867415813942397,4,0,FALSE,0.5756578947368421,0.6282894736842105,0.5986842105263158,NA,Non-client mitochondrial proteins
MTERF4,-0.02166855559648472,-0.01768289029763496,2.5,outputs/supplemental_figures/audits/COGNITION_LOOKUP_SELECTED_FOR_SUPPLEMENTAL_NULL.csv,cognition_composite_score,NA,0.02166855559648472,2,0,FALSE,0.14802631578947367,0.03453947368421053,0.6842105263157895,NA,Non-client mitochondrial proteins
MTFMT,0.09655557157938847,0.01202291350111288,0.5,outputs/supplemental_figures/audits/COGNITION_LOOKUP_SELECTED_FOR_SUPPLEMENTAL_NULL.csv,cognition_composite_score,NA,0.09655557157938847,4,0,FALSE,0.6282894736842105,0.5904605263157895,0.23190789473684212,NA,Non-client mitochondrial proteins
MTFP1,0.2273944292741495,0.02448042592138975,12.5,outputs/supplemental_figures/audits/COGNITION_LOOKUP_SELECTED_FOR_SUPPLEMENTAL_NULL.csv,cognition_composite_score,NA,0.2273944292741495,5,0,FALSE,0.9868421052631579,0.8766447368421053,0.9342105263157895,NA,Non-client mitochondrial proteins
MTFR1L,0.07866070841515209,0.01250932543208756,0.5,outputs/supplemental_figures/audits/COGNITION_LOOKUP_SELECTED_FOR_SUPPLEMENTAL_NULL.csv,cognition_composite_score,NA,0.07866070841515209,4,0,FALSE,0.53125,0.6036184210526315,0.23190789473684212,NA,Non-client mitochondrial proteins
MTG2,-0.02932323180208969,-0.01472423801306422,0.5,outputs/supplemental_figures/audits/COGNITION_LOOKUP_SELECTED_FOR_SUPPLEMENTAL_NULL.csv,cognition_composite_score,NA,0.02932323180208969,2,0,FALSE,0.1299342105263158,0.05263157894736842,0.23190789473684212,NA,Non-client mitochondrial proteins
MTHFD2L,0.01836253241852702,0.00155246356296146,0,outputs/supplemental_figures/audits/COGNITION_LOOKUP_SELECTED_FOR_SUPPLEMENTAL_NULL.csv,cognition_composite_score,NA,0.01836253241852702,2,0,FALSE,0.26644736842105265,0.2582236842105263,0,NA,Non-client mitochondrial proteins
MTHFS,0.00757275434885255,-0.00274607133796888,0.5,outputs/supplemental_figures/audits/COGNITION_LOOKUP_SELECTED_FOR_SUPPLEMENTAL_NULL.csv,cognition_composite_score,NA,0.00757275434885255,1,0,FALSE,0.22203947368421054,0.19572368421052633,0.23190789473684212,NA,Non-client mitochondrial proteins
MTIF2,0.08618022754463935,0.00929174638054841,2.5,outputs/supplemental_figures/audits/COGNITION_LOOKUP_SELECTED_FOR_SUPPLEMENTAL_NULL.csv,cognition_composite_score,NA,0.08618022754463935,4,0,FALSE,0.5723684210526315,0.4868421052631579,0.6842105263157895,NA,Non-client mitochondrial proteins
MTIF3,-0.01937413389971016,-0.01228972525860056,0.5,outputs/supplemental_figures/audits/COGNITION_LOOKUP_SELECTED_FOR_SUPPLEMENTAL_NULL.csv,cognition_composite_score,NA,0.01937413389971016,2,0,FALSE,0.15296052631578946,0.08388157894736842,0.23190789473684212,NA,Non-client mitochondrial proteins
MTRF1,0.05670474332214738,0.00757340885029087,0.5,outputs/supplemental_figures/audits/COGNITION_LOOKUP_SELECTED_FOR_SUPPLEMENTAL_NULL.csv,cognition_composite_score,NA,0.05670474332214738,3,0,FALSE,0.4194078947368421,0.43256578947368424,0.23190789473684212,NA,Non-client mitochondrial proteins
MTRF1L,0.14453317007172534,0.01335341815269858,0.5,outputs/supplemental_figures/audits/COGNITION_LOOKUP_SELECTED_FOR_SUPPLEMENTAL_NULL.csv,cognition_composite_score,NA,0.14453317007172534,5,0,FALSE,0.8207236842105263,0.6233552631578947,0.23190789473684212,NA,Non-client mitochondrial proteins
MTX1,0.10602628407736452,0.01520932190473257,1.5,outputs/supplemental_figures/audits/COGNITION_LOOKUP_SELECTED_FOR_SUPPLEMENTAL_NULL.csv,cognition_composite_score,NA,0.10602628407736452,5,0,FALSE,0.6644736842105263,0.680921052631579,0.5986842105263158,NA,Non-client mitochondrial proteins
MTX2,0.1243415046632933,0.01869789270209818,12.5,outputs/supplemental_figures/audits/COGNITION_LOOKUP_SELECTED_FOR_SUPPLEMENTAL_NULL.csv,cognition_composite_score,NA,0.1243415046632933,5,0,FALSE,0.7417763157894737,0.7680921052631579,0.9342105263157895,NA,Non-client mitochondrial proteins
MTX3,0.15112943722734312,0.02413816700507266,9.5,outputs/supplemental_figures/audits/COGNITION_LOOKUP_SELECTED_FOR_SUPPLEMENTAL_NULL.csv,cognition_composite_score,NA,0.15112943722734312,5,0,FALSE,0.8404605263157895,0.8717105263157895,0.875,NA,Non-client mitochondrial proteins
MUL1,0.01412642292180765,0.00359648774049204,1.5,outputs/supplemental_figures/audits/COGNITION_LOOKUP_SELECTED_FOR_SUPPLEMENTAL_NULL.csv,cognition_composite_score,NA,0.01412642292180765,1,0,FALSE,0.24342105263157895,0.3190789473684211,0.5986842105263158,NA,Non-client mitochondrial proteins
NAT8L,0.23563848986036676,0.03624602897731614,12.5,outputs/supplemental_figures/audits/COGNITION_LOOKUP_SELECTED_FOR_SUPPLEMENTAL_NULL.csv,cognition_composite_score,NA,0.23563848986036676,5,0,FALSE,0.9901315789473685,0.9884868421052632,0.9342105263157895,NA,Non-client mitochondrial proteins
NBR1,-0.10362859265544502,-0.01888842551374146,0,outputs/supplemental_figures/audits/COGNITION_LOOKUP_SELECTED_FOR_SUPPLEMENTAL_NULL.csv,cognition_composite_score,NA,0.10362859265544502,5,0,FALSE,0.03289473684210526,0.027960526315789474,0,NA,Non-client mitochondrial proteins
NDUFA11,0.21179847058411116,0.03220225698682533,2.5,outputs/supplemental_figures/audits/COGNITION_LOOKUP_SELECTED_FOR_SUPPLEMENTAL_NULL.csv,cognition_composite_score,NA,0.21179847058411116,5,0,FALSE,0.9588815789473685,0.9588815789473685,0.6842105263157895,NA,Non-client mitochondrial proteins
NDUFA12,0.21727635245326113,0.0375965233434446,9.5,outputs/supplemental_figures/audits/COGNITION_LOOKUP_SELECTED_FOR_SUPPLEMENTAL_NULL.csv,cognition_composite_score,NA,0.21727635245326113,5,0,FALSE,0.9736842105263158,0.993421052631579,0.875,NA,Non-client mitochondrial proteins
NDUFA3,0.21623639644775008,0.0340667309688021,2.5,outputs/supplemental_figures/audits/COGNITION_LOOKUP_SELECTED_FOR_SUPPLEMENTAL_NULL.csv,cognition_composite_score,NA,0.21623639644775008,5,0,FALSE,0.9703947368421053,0.9769736842105263,0.6842105263157895,NA,Non-client mitochondrial proteins
NDUFA5,0.21337117394603528,0.03397151294842891,2.5,outputs/supplemental_figures/audits/COGNITION_LOOKUP_SELECTED_FOR_SUPPLEMENTAL_NULL.csv,cognition_composite_score,NA,0.21337117394603528,5,0,FALSE,0.9654605263157895,0.975328947368421,0.6842105263157895,NA,Non-client mitochondrial proteins
NDUFA7,0.22790063123558216,0.03600917052758617,12.5,outputs/supplemental_figures/audits/COGNITION_LOOKUP_SELECTED_FOR_SUPPLEMENTAL_NULL.csv,cognition_composite_score,NA,0.22790063123558216,5,0,FALSE,0.9884868421052632,0.9868421052631579,0.9342105263157895,NA,Non-client mitochondrial proteins
NDUFAB1,0.16078979100907917,0.02753482750458522,3.5,outputs/supplemental_figures/audits/COGNITION_LOOKUP_SELECTED_FOR_SUPPLEMENTAL_NULL.csv,cognition_composite_score,NA,0.16078979100907917,5,0,FALSE,0.8569078947368421,0.9095394736842105,0.7532894736842105,NA,Non-client mitochondrial proteins
NDUFAF1,0.12145435451077422,0.01352706715691662,0.5,outputs/supplemental_figures/audits/COGNITION_LOOKUP_SELECTED_FOR_SUPPLEMENTAL_NULL.csv,cognition_composite_score,NA,0.12145435451077422,5,0,FALSE,0.7335526315789473,0.6299342105263158,0.23190789473684212,NA,Non-client mitochondrial proteins
NDUFAF2,0.06928017022616545,0.00986209288162438,0.5,outputs/supplemental_figures/audits/COGNITION_LOOKUP_SELECTED_FOR_SUPPLEMENTAL_NULL.csv,cognition_composite_score,NA,0.06928017022616545,4,0,FALSE,0.4769736842105263,0.5049342105263158,0.23190789473684212,NA,Non-client mitochondrial proteins
NDUFAF4,0.16312178767589086,0.02506367846516375,0.5,outputs/supplemental_figures/audits/COGNITION_LOOKUP_SELECTED_FOR_SUPPLEMENTAL_NULL.csv,cognition_composite_score,NA,0.16312178767589086,5,0,FALSE,0.8667763157894737,0.881578947368421,0.23190789473684212,NA,Non-client mitochondrial proteins
NDUFAF5,0.14401869107800508,0.02339975319162299,5.5,outputs/supplemental_figures/audits/COGNITION_LOOKUP_SELECTED_FOR_SUPPLEMENTAL_NULL.csv,cognition_composite_score,NA,0.14401869107800508,5,0,FALSE,0.819078947368421,0.8552631578947368,0.7845394736842105,NA,Non-client mitochondrial proteins
NDUFAF6,0.05842299473596431,0.00564320022090152,0.5,outputs/supplemental_figures/audits/COGNITION_LOOKUP_SELECTED_FOR_SUPPLEMENTAL_NULL.csv,cognition_composite_score,NA,0.05842299473596431,3,0,FALSE,0.42598684210526316,0.3782894736842105,0.23190789473684212,NA,Non-client mitochondrial proteins
NDUFB11,0.20550458887118184,0.03085031612598947,12.5,outputs/supplemental_figures/audits/COGNITION_LOOKUP_SELECTED_FOR_SUPPLEMENTAL_NULL.csv,cognition_composite_score,NA,0.20550458887118184,5,0,FALSE,0.9506578947368421,0.9506578947368421,0.9342105263157895,NA,Non-client mitochondrial proteins
NDUFB2,0.21698722149964936,0.0326640356452181,0.5,outputs/supplemental_figures/audits/COGNITION_LOOKUP_SELECTED_FOR_SUPPLEMENTAL_NULL.csv,cognition_composite_score,NA,0.21698722149964936,5,0,FALSE,0.9720394736842105,0.9638157894736842,0.23190789473684212,NA,Non-client mitochondrial proteins
NDUFB3,0.22146273501205016,0.03599612627352775,1.5,outputs/supplemental_figures/audits/COGNITION_LOOKUP_SELECTED_FOR_SUPPLEMENTAL_NULL.csv,cognition_composite_score,NA,0.22146273501205016,5,0,FALSE,0.9786184210526315,0.9851973684210527,0.5986842105263158,NA,Non-client mitochondrial proteins
NDUFB4,0.20586424449928936,0.03303979749666067,8.5,outputs/supplemental_figures/audits/COGNITION_LOOKUP_SELECTED_FOR_SUPPLEMENTAL_NULL.csv,cognition_composite_score,NA,0.20586424449928936,5,0,FALSE,0.9523026315789473,0.96875,0.8552631578947368,NA,Non-client mitochondrial proteins
NDUFB5,0.2139406023002537,0.03395984585746862,12.5,outputs/supplemental_figures/audits/COGNITION_LOOKUP_SELECTED_FOR_SUPPLEMENTAL_NULL.csv,cognition_composite_score,NA,0.2139406023002537,5,0,FALSE,0.96875,0.9736842105263158,0.9342105263157895,NA,Non-client mitochondrial proteins
NDUFB6,0.19550796212356275,0.03143627233109302,12.5,outputs/supplemental_figures/audits/COGNITION_LOOKUP_SELECTED_FOR_SUPPLEMENTAL_NULL.csv,cognition_composite_score,NA,0.19550796212356275,5,0,FALSE,0.9342105263157895,0.9539473684210527,0.9342105263157895,NA,Non-client mitochondrial proteins
NDUFB7,0.20205844967399125,0.03349320748264799,12.5,outputs/supplemental_figures/audits/COGNITION_LOOKUP_SELECTED_FOR_SUPPLEMENTAL_NULL.csv,cognition_composite_score,NA,0.20205844967399125,5,0,FALSE,0.944078947368421,0.9703947368421053,0.9342105263157895,NA,Non-client mitochondrial proteins
NDUFB8,0.19745985367566385,0.0299581079651428,9.5,outputs/supplemental_figures/audits/COGNITION_LOOKUP_SELECTED_FOR_SUPPLEMENTAL_NULL.csv,cognition_composite_score,NA,0.19745985367566385,5,0,FALSE,0.9358552631578947,0.9391447368421053,0.875,NA,Non-client mitochondrial proteins
NDUFB9,0.1878949625717233,0.03087677550175925,12.5,outputs/supplemental_figures/audits/COGNITION_LOOKUP_SELECTED_FOR_SUPPLEMENTAL_NULL.csv,cognition_composite_score,NA,0.1878949625717233,5,0,FALSE,0.9276315789473685,0.9523026315789473,0.9342105263157895,NA,Non-client mitochondrial proteins
NDUFC1,0.21905677461918224,0.03451090863891475,9.5,outputs/supplemental_figures/audits/COGNITION_LOOKUP_SELECTED_FOR_SUPPLEMENTAL_NULL.csv,cognition_composite_score,NA,0.21905677461918224,5,0,FALSE,0.975328947368421,0.9802631578947368,0.875,NA,Non-client mitochondrial proteins
NDUFC2,0.21212993756146684,0.03384546070007678,12.5,outputs/supplemental_figures/audits/COGNITION_LOOKUP_SELECTED_FOR_SUPPLEMENTAL_NULL.csv,cognition_composite_score,NA,0.21212993756146684,5,0,FALSE,0.962171052631579,0.9720394736842105,0.9342105263157895,NA,Non-client mitochondrial proteins
NDUFS5,0.2197715692988596,0.03163439962987912,12.5,outputs/supplemental_figures/audits/COGNITION_LOOKUP_SELECTED_FOR_SUPPLEMENTAL_NULL.csv,cognition_composite_score,NA,0.2197715692988596,5,0,FALSE,0.9769736842105263,0.9572368421052632,0.9342105263157895,NA,Non-client mitochondrial proteins
NDUFS6,0.24704688315541976,0.04043181735335278,12.5,outputs/supplemental_figures/audits/COGNITION_LOOKUP_SELECTED_FOR_SUPPLEMENTAL_NULL.csv,cognition_composite_score,NA,0.24704688315541976,5,0,FALSE,0.9950657894736842,0.9983552631578947,0.9342105263157895,NA,Non-client mitochondrial proteins
NDUFS7,0.22404669745861147,0.03684332062205166,12.5,outputs/supplemental_figures/audits/COGNITION_LOOKUP_SELECTED_FOR_SUPPLEMENTAL_NULL.csv,cognition_composite_score,NA,0.22404669745861147,5,0,FALSE,0.9819078947368421,0.9917763157894737,0.9342105263157895,NA,Non-client mitochondrial proteins
NDUFS8,0.22721308686051117,0.03643370966275711,9.5,outputs/supplemental_figures/audits/COGNITION_LOOKUP_SELECTED_FOR_SUPPLEMENTAL_NULL.csv,cognition_composite_score,NA,0.22721308686051117,5,0,FALSE,0.9851973684210527,0.9901315789473685,0.875,NA,Non-client mitochondrial proteins
NDUFV3,0.2405624777648553,0.03539925060704798,2.5,outputs/supplemental_figures/audits/COGNITION_LOOKUP_SELECTED_FOR_SUPPLEMENTAL_NULL.csv,cognition_composite_score,NA,0.2405624777648553,5,0,FALSE,0.9917763157894737,0.9835526315789473,0.6842105263157895,NA,Non-client mitochondrial proteins
NGRN,0.08650067025143403,0.00812299975150609,0,outputs/supplemental_figures/audits/COGNITION_LOOKUP_SELECTED_FOR_SUPPLEMENTAL_NULL.csv,cognition_composite_score,NA,0.08650067025143403,4,0,FALSE,0.5740131578947368,0.4506578947368421,0,NA,Non-client mitochondrial proteins
NIF3L1,-0.04879364913576162,-0.00873849121095791,0,outputs/supplemental_figures/audits/COGNITION_LOOKUP_SELECTED_FOR_SUPPLEMENTAL_NULL.csv,cognition_composite_score,NA,0.04879364913576162,3,0,FALSE,0.09703947368421052,0.12171052631578948,0,NA,Non-client mitochondrial proteins
NIPSNAP3B,0.08051706722106329,0.01895443880144704,0.5,outputs/supplemental_figures/audits/COGNITION_LOOKUP_SELECTED_FOR_SUPPLEMENTAL_NULL.csv,cognition_composite_score,NA,0.08051706722106329,4,0,FALSE,0.5444078947368421,0.7763157894736842,0.23190789473684212,NA,Non-client mitochondrial proteins
NIT1,0.01784735644041158,0.00263124183505413,0.5,outputs/supplemental_figures/audits/COGNITION_LOOKUP_SELECTED_FOR_SUPPLEMENTAL_NULL.csv,cognition_composite_score,NA,0.01784735644041158,2,0,FALSE,0.2631578947368421,0.2911184210526316,0.23190789473684212,NA,Non-client mitochondrial proteins
NIT2,0.04683548714087798,0.00908035221812209,0.5,outputs/supplemental_figures/audits/COGNITION_LOOKUP_SELECTED_FOR_SUPPLEMENTAL_NULL.csv,cognition_composite_score,NA,0.04683548714087798,3,0,FALSE,0.3782894736842105,0.48026315789473684,0.23190789473684212,NA,Non-client mitochondrial proteins
NLN,0.08742056490091567,0.01000006203772919,6.5,outputs/supplemental_figures/audits/COGNITION_LOOKUP_SELECTED_FOR_SUPPLEMENTAL_NULL.csv,cognition_composite_score,NA,0.08742056490091567,4,0,FALSE,0.5789473684210527,0.5115131578947368,0.819078947368421,NA,Non-client mitochondrial proteins
NLRX1,0.03179310330874102,0.001700651680183,0.5,outputs/supplemental_figures/audits/COGNITION_LOOKUP_SELECTED_FOR_SUPPLEMENTAL_NULL.csv,cognition_composite_score,NA,0.03179310330874102,2,0,FALSE,0.3157894736842105,0.26151315789473684,0.23190789473684212,NA,Non-client mitochondrial proteins
NME3,0.04574639065418084,0.00764159838232887,0.5,outputs/supplemental_figures/audits/COGNITION_LOOKUP_SELECTED_FOR_SUPPLEMENTAL_NULL.csv,cognition_composite_score,NA,0.04574639065418084,3,0,FALSE,0.37335526315789475,0.4342105263157895,0.23190789473684212,NA,Non-client mitochondrial proteins
NMNAT3,-0.05909222608462236,-0.01233039185030363,0.5,outputs/supplemental_figures/audits/COGNITION_LOOKUP_SELECTED_FOR_SUPPLEMENTAL_NULL.csv,cognition_composite_score,NA,0.05909222608462236,3,0,FALSE,0.08223684210526316,0.07894736842105263,0.23190789473684212,NA,Non-client mitochondrial proteins
NNT,0.17190996111790563,0.02522822850486961,9.5,outputs/supplemental_figures/audits/COGNITION_LOOKUP_SELECTED_FOR_SUPPLEMENTAL_NULL.csv,cognition_composite_score,NA,0.17190996111790563,5,0,FALSE,0.8832236842105263,0.8848684210526315,0.875,NA,Non-client mitochondrial proteins
NOA1,0.09071072638423582,0.01080115949915233,8.5,outputs/supplemental_figures/audits/COGNITION_LOOKUP_SELECTED_FOR_SUPPLEMENTAL_NULL.csv,cognition_composite_score,NA,0.09071072638423582,4,0,FALSE,0.59375,0.5526315789473685,0.8552631578947368,NA,Non-client mitochondrial proteins
NT5DC3,0.1834260765241471,0.02928160065590063,9.5,outputs/supplemental_figures/audits/COGNITION_LOOKUP_SELECTED_FOR_SUPPLEMENTAL_NULL.csv,cognition_composite_score,NA,0.1834260765241471,5,0,FALSE,0.9177631578947368,0.9342105263157895,0.875,NA,Non-client mitochondrial proteins
NTHL1,-0.01700988054367674,-0.00466227204162654,0.5,outputs/supplemental_figures/audits/COGNITION_LOOKUP_SELECTED_FOR_SUPPLEMENTAL_NULL.csv,cognition_composite_score,NA,0.01700988054367674,1,0,FALSE,0.15460526315789475,0.17269736842105263,0.23190789473684212,NA,Non-client mitochondrial proteins
NUBPL,0.02082786629690853,-7.668559998058658e-4,0.5,outputs/supplemental_figures/audits/COGNITION_LOOKUP_SELECTED_FOR_SUPPLEMENTAL_NULL.csv,cognition_composite_score,NA,0.02082786629690853,2,0,FALSE,0.2713815789473684,0.2236842105263158,0.23190789473684212,NA,Non-client mitochondrial proteins
NUDT2,0.02100236413536432,0.00507600167744129,0,outputs/supplemental_figures/audits/COGNITION_LOOKUP_SELECTED_FOR_SUPPLEMENTAL_NULL.csv,cognition_composite_score,NA,0.02100236413536432,2,0,FALSE,0.2730263157894737,0.36348684210526316,0,NA,Non-client mitochondrial proteins
NUDT5,-0.07489526017128605,-0.01370159727977245,0,outputs/supplemental_figures/audits/COGNITION_LOOKUP_SELECTED_FOR_SUPPLEMENTAL_NULL.csv,cognition_composite_score,NA,0.07489526017128605,4,0,FALSE,0.06085526315789474,0.06578947368421052,0,NA,Non-client mitochondrial proteins
NUDT6,-0.02792581222369551,-0.01421792715711654,0,outputs/supplemental_figures/audits/COGNITION_LOOKUP_SELECTED_FOR_SUPPLEMENTAL_NULL.csv,cognition_composite_score,NA,0.02792581222369551,2,0,FALSE,0.13815789473684212,0.05756578947368421,0,NA,Non-client mitochondrial proteins
NUDT8,0.02389739173784923,0.00369689595966345,0,outputs/supplemental_figures/audits/COGNITION_LOOKUP_SELECTED_FOR_SUPPLEMENTAL_NULL.csv,cognition_composite_score,NA,0.02389739173784923,2,0,FALSE,0.2894736842105263,0.32401315789473684,0,NA,Non-client mitochondrial proteins
NUDT9,0.02539581928302465,0.00625966057834663,0.5,outputs/supplemental_figures/audits/COGNITION_LOOKUP_SELECTED_FOR_SUPPLEMENTAL_NULL.csv,cognition_composite_score,NA,0.02539581928302465,2,0,FALSE,0.29276315789473684,0.3980263157894737,0.23190789473684212,NA,Non-client mitochondrial proteins
OCIAD1,0.07232673385088488,0.01065617827253141,2.5,outputs/supplemental_figures/audits/COGNITION_LOOKUP_SELECTED_FOR_SUPPLEMENTAL_NULL.csv,cognition_composite_score,NA,0.07232673385088488,4,0,FALSE,0.4901315789473684,0.5427631578947368,0.6842105263157895,NA,Non-client mitochondrial proteins
OCIAD2,0.17471548071786178,0.02581805503659464,0.5,outputs/supplemental_figures/audits/COGNITION_LOOKUP_SELECTED_FOR_SUPPLEMENTAL_NULL.csv,cognition_composite_score,NA,0.17471548071786178,5,0,FALSE,0.8963815789473685,0.8898026315789473,0.23190789473684212,NA,Non-client mitochondrial proteins
OGDHL,0.1749606124806424,0.02676486229058861,12.5,outputs/supplemental_figures/audits/COGNITION_LOOKUP_SELECTED_FOR_SUPPLEMENTAL_NULL.csv,cognition_composite_score,NA,0.1749606124806424,5,0,FALSE,0.8980263157894737,0.9013157894736842,0.9342105263157895,NA,Non-client mitochondrial proteins
OMA1,0.02724973235944083,-5.516435840865888e-5,0,outputs/supplemental_figures/audits/COGNITION_LOOKUP_SELECTED_FOR_SUPPLEMENTAL_NULL.csv,cognition_composite_score,NA,0.02724973235944083,2,0,FALSE,0.29769736842105265,0.23519736842105263,0,NA,Non-client mitochondrial proteins
OPA1,0.11898445365133724,0.01786124752964733,1.5,outputs/supplemental_figures/audits/COGNITION_LOOKUP_SELECTED_FOR_SUPPLEMENTAL_NULL.csv,cognition_composite_score,NA,0.11898445365133724,5,0,FALSE,0.71875,0.7483552631578947,0.5986842105263158,NA,Non-client mitochondrial proteins
OPA3,0.17014757822578833,0.0239221621087271,5.5,outputs/supplemental_figures/audits/COGNITION_LOOKUP_SELECTED_FOR_SUPPLEMENTAL_NULL.csv,cognition_composite_score,NA,0.17014757822578833,5,0,FALSE,0.8799342105263158,0.8667763157894737,0.7845394736842105,NA,Non-client mitochondrial proteins
OSBPL1A,0.02870068421235934,0.00479624531265456,0.5,outputs/supplemental_figures/audits/COGNITION_LOOKUP_SELECTED_FOR_SUPPLEMENTAL_NULL.csv,cognition_composite_score,NA,0.02870068421235934,2,0,FALSE,0.30756578947368424,0.3536184210526316,0.23190789473684212,NA,Non-client mitochondrial proteins
OSGEPL1,0.07799057454956392,0.01331856874086533,3.5,outputs/supplemental_figures/audits/COGNITION_LOOKUP_SELECTED_FOR_SUPPLEMENTAL_NULL.csv,cognition_composite_score,NA,0.07799057454956392,4,0,FALSE,0.5230263157894737,0.6217105263157895,0.7532894736842105,NA,Non-client mitochondrial proteins
OXA1L,0.07475590175495739,0.00849867433709149,9.5,outputs/supplemental_figures/audits/COGNITION_LOOKUP_SELECTED_FOR_SUPPLEMENTAL_NULL.csv,cognition_composite_score,NA,0.07475590175495739,4,0,FALSE,0.506578947368421,0.46381578947368424,0.875,NA,Non-client mitochondrial proteins
OXCT1,0.06099357885548416,0.01100315271539183,0.5,outputs/supplemental_figures/audits/COGNITION_LOOKUP_SELECTED_FOR_SUPPLEMENTAL_NULL.csv,cognition_composite_score,NA,0.06099357885548416,4,0,FALSE,0.4407894736842105,0.5575657894736842,0.23190789473684212,NA,Non-client mitochondrial proteins
OXLD1,0.0280185922618965,-4.936387716380249e-4,0.5,outputs/supplemental_figures/audits/COGNITION_LOOKUP_SELECTED_FOR_SUPPLEMENTAL_NULL.csv,cognition_composite_score,NA,0.0280185922618965,2,0,FALSE,0.3042763157894737,0.22697368421052633,0.23190789473684212,NA,Non-client mitochondrial proteins
OXNAD1,0.05439018434254752,0.00821312046038546,0.5,outputs/supplemental_figures/audits/COGNITION_LOOKUP_SELECTED_FOR_SUPPLEMENTAL_NULL.csv,cognition_composite_score,NA,0.05439018434254752,3,0,FALSE,0.4095394736842105,0.45394736842105265,0.23190789473684212,NA,Non-client mitochondrial proteins
OXR1,0.10966881939452162,0.02136109146736744,0.5,outputs/supplemental_figures/audits/COGNITION_LOOKUP_SELECTED_FOR_SUPPLEMENTAL_NULL.csv,cognition_composite_score,NA,0.10966881939452162,5,0,FALSE,0.6759868421052632,0.8223684210526315,0.23190789473684212,NA,Non-client mitochondrial proteins
OXSM,0.08300876160587291,0.01291227713475206,9.5,outputs/supplemental_figures/audits/COGNITION_LOOKUP_SELECTED_FOR_SUPPLEMENTAL_NULL.csv,cognition_composite_score,NA,0.08300876160587291,4,0,FALSE,0.5608552631578947,0.6101973684210527,0.875,NA,Non-client mitochondrial proteins
PAICS,-0.11476493654823382,-0.01757564158803241,0,outputs/supplemental_figures/audits/COGNITION_LOOKUP_SELECTED_FOR_SUPPLEMENTAL_NULL.csv,cognition_composite_score,NA,0.11476493654823382,5,0,FALSE,0.024671052631578948,0.03618421052631579,0,NA,Non-client mitochondrial proteins
PANK2,-0.03182387364402239,-0.00565536931056225,0,outputs/supplemental_figures/audits/COGNITION_LOOKUP_SELECTED_FOR_SUPPLEMENTAL_NULL.csv,cognition_composite_score,NA,0.03182387364402239,2,0,FALSE,0.11842105263157894,0.16282894736842105,0,NA,Non-client mitochondrial proteins
PARK7,-0.06729465631122378,-0.00997486843741694,0,outputs/supplemental_figures/audits/COGNITION_LOOKUP_SELECTED_FOR_SUPPLEMENTAL_NULL.csv,cognition_composite_score,NA,0.06729465631122378,4,0,FALSE,0.06743421052631579,0.10526315789473684,0,NA,Non-client mitochondrial proteins
PARL,0.04646730189286857,0.00432953006175052,0.5,outputs/supplemental_figures/audits/COGNITION_LOOKUP_SELECTED_FOR_SUPPLEMENTAL_NULL.csv,cognition_composite_score,NA,0.04646730189286857,3,0,FALSE,0.37664473684210525,0.3404605263157895,0.23190789473684212,NA,Non-client mitochondrial proteins
PARS2,0.11427316163497242,0.01757408109205329,12.5,outputs/supplemental_figures/audits/COGNITION_LOOKUP_SELECTED_FOR_SUPPLEMENTAL_NULL.csv,cognition_composite_score,NA,0.11427316163497242,5,0,FALSE,0.6957236842105263,0.7384868421052632,0.9342105263157895,NA,Non-client mitochondrial proteins
PCBD2,-0.0933243166838158,-0.01920584389957025,0,outputs/supplemental_figures/audits/COGNITION_LOOKUP_SELECTED_FOR_SUPPLEMENTAL_NULL.csv,cognition_composite_score,NA,0.0933243166838158,4,0,FALSE,0.044407894736842105,0.02631578947368421,0,NA,Non-client mitochondrial proteins
PCCA,0.07848237447621127,0.00717287290343013,5.5,outputs/supplemental_figures/audits/COGNITION_LOOKUP_SELECTED_FOR_SUPPLEMENTAL_NULL.csv,cognition_composite_score,NA,0.07848237447621127,4,0,FALSE,0.5263157894736842,0.4194078947368421,0.7845394736842105,NA,Non-client mitochondrial proteins
PDE12,0.04846683187188034,0.00738474835354288,0,outputs/supplemental_figures/audits/COGNITION_LOOKUP_SELECTED_FOR_SUPPLEMENTAL_NULL.csv,cognition_composite_score,NA,0.04846683187188034,3,0,FALSE,0.38651315789473684,0.42598684210526316,0,NA,Non-client mitochondrial proteins
PDE2A,0.02830434462474154,0.00333119044668571,0.5,outputs/supplemental_figures/audits/COGNITION_LOOKUP_SELECTED_FOR_SUPPLEMENTAL_NULL.csv,cognition_composite_score,NA,0.02830434462474154,2,0,FALSE,0.3059210526315789,0.3059210526315789,0.23190789473684212,NA,Non-client mitochondrial proteins
PDF,0.13740736199466402,0.02252097458427642,0,outputs/supplemental_figures/audits/COGNITION_LOOKUP_SELECTED_FOR_SUPPLEMENTAL_NULL.csv,cognition_composite_score,NA,0.13740736199466402,5,0,FALSE,0.7993421052631579,0.8404605263157895,0,NA,Non-client mitochondrial proteins
PDP1,0.133860519372218,0.01739161087652893,9.5,outputs/supplemental_figures/audits/COGNITION_LOOKUP_SELECTED_FOR_SUPPLEMENTAL_NULL.csv,cognition_composite_score,NA,0.133860519372218,5,0,FALSE,0.7894736842105263,0.7335526315789473,0.875,NA,Non-client mitochondrial proteins
PDPR,-0.02924063110584395,-0.00928268909012107,0.5,outputs/supplemental_figures/audits/COGNITION_LOOKUP_SELECTED_FOR_SUPPLEMENTAL_NULL.csv,cognition_composite_score,NA,0.02924063110584395,2,0,FALSE,0.13157894736842105,0.11842105263157894,0.23190789473684212,NA,Non-client mitochondrial proteins
PET100,0.08948157399207637,0.00935783213657922,0.5,outputs/supplemental_figures/audits/COGNITION_LOOKUP_SELECTED_FOR_SUPPLEMENTAL_NULL.csv,cognition_composite_score,NA,0.08948157399207637,4,0,FALSE,0.587171052631579,0.48848684210526316,0.23190789473684212,NA,Non-client mitochondrial proteins
PEX11B,-0.01431564879712575,-4.670604059876912e-4,0,outputs/supplemental_figures/audits/COGNITION_LOOKUP_SELECTED_FOR_SUPPLEMENTAL_NULL.csv,cognition_composite_score,NA,0.01431564879712575,1,0,FALSE,0.16447368421052633,0.22861842105263158,0,NA,Non-client mitochondrial proteins
PGS1,0.03517915185509589,0.00440147968113215,0.5,outputs/supplemental_figures/audits/COGNITION_LOOKUP_SELECTED_FOR_SUPPLEMENTAL_NULL.csv,cognition_composite_score,NA,0.03517915185509589,2,0,FALSE,0.32894736842105265,0.34539473684210525,0.23190789473684212,NA,Non-client mitochondrial proteins
PHYH,0.05072146064880665,0.00293603996850684,0.5,outputs/supplemental_figures/audits/COGNITION_LOOKUP_SELECTED_FOR_SUPPLEMENTAL_NULL.csv,cognition_composite_score,NA,0.05072146064880665,3,0,FALSE,0.39473684210526316,0.29276315789473684,0.23190789473684212,NA,Non-client mitochondrial proteins
PICK1,0.1021272496351648,0.01713909551395492,6.5,outputs/supplemental_figures/audits/COGNITION_LOOKUP_SELECTED_FOR_SUPPLEMENTAL_NULL.csv,cognition_composite_score,NA,0.1021272496351648,5,0,FALSE,0.6529605263157895,0.725328947368421,0.819078947368421,NA,Non-client mitochondrial proteins
PISD,0.12493329470601826,0.01950972429501585,0.5,outputs/supplemental_figures/audits/COGNITION_LOOKUP_SELECTED_FOR_SUPPLEMENTAL_NULL.csv,cognition_composite_score,NA,0.12493329470601826,5,0,FALSE,0.743421052631579,0.7894736842105263,0.23190789473684212,NA,Non-client mitochondrial proteins
PLGRKT,-0.00749282777758103,-0.00718875847768972,0,outputs/supplemental_figures/audits/COGNITION_LOOKUP_SELECTED_FOR_SUPPLEMENTAL_NULL.csv,cognition_composite_score,NA,0.00749282777758103,1,0,FALSE,0.17763157894736842,0.13486842105263158,0,NA,Non-client mitochondrial proteins
PNKD,0.11972465380070248,0.01669429788038327,0.5,outputs/supplemental_figures/audits/COGNITION_LOOKUP_SELECTED_FOR_SUPPLEMENTAL_NULL.csv,cognition_composite_score,NA,0.11972465380070248,5,0,FALSE,0.7236842105263158,0.7088815789473685,0.23190789473684212,NA,Non-client mitochondrial proteins
PNPLA8,0.04689028155291185,0.00688186862991774,0.5,outputs/supplemental_figures/audits/COGNITION_LOOKUP_SELECTED_FOR_SUPPLEMENTAL_NULL.csv,cognition_composite_score,NA,0.04689028155291185,3,0,FALSE,0.37993421052631576,0.4095394736842105,0.23190789473684212,NA,Non-client mitochondrial proteins
PNPO,-0.09967656048256798,-0.01629135460812512,0.5,outputs/supplemental_figures/audits/COGNITION_LOOKUP_SELECTED_FOR_SUPPLEMENTAL_NULL.csv,cognition_composite_score,NA,0.09967656048256798,4,0,FALSE,0.03782894736842105,0.04111842105263158,0.23190789473684212,NA,Non-client mitochondrial proteins
POLB,7.919129777099062e-4,-0.00275728393172083,0,outputs/supplemental_figures/audits/COGNITION_LOOKUP_SELECTED_FOR_SUPPLEMENTAL_NULL.csv,cognition_composite_score,NA,7.919129777099062e-4,1,0,FALSE,0.19901315789473684,0.19407894736842105,0,NA,Non-client mitochondrial proteins
POLG2,0.00277018895429107,0.00675557204397024,0.5,outputs/supplemental_figures/audits/COGNITION_LOOKUP_SELECTED_FOR_SUPPLEMENTAL_NULL.csv,cognition_composite_score,NA,0.00277018895429107,1,0,FALSE,0.20394736842105263,0.40789473684210525,0.23190789473684212,NA,Non-client mitochondrial proteins
PPM1K,-0.02966449883078916,-0.00591237759476076,2.5,outputs/supplemental_figures/audits/COGNITION_LOOKUP_SELECTED_FOR_SUPPLEMENTAL_NULL.csv,cognition_composite_score,NA,0.02966449883078916,2,0,FALSE,0.125,0.15296052631578946,0.6842105263157895,NA,Non-client mitochondrial proteins
PPTC7,0.12818872738120846,0.01472464017012515,1.5,outputs/supplemental_figures/audits/COGNITION_LOOKUP_SELECTED_FOR_SUPPLEMENTAL_NULL.csv,cognition_composite_score,NA,0.12818872738120846,5,0,FALSE,0.7680921052631579,0.6726973684210527,0.5986842105263158,NA,Non-client mitochondrial proteins
PRDX2,-0.02773400990999848,-0.00473304505173121,0,outputs/supplemental_figures/audits/COGNITION_LOOKUP_SELECTED_FOR_SUPPLEMENTAL_NULL.csv,cognition_composite_score,NA,0.02773400990999848,2,0,FALSE,0.13980263157894737,0.17105263157894737,0,NA,Non-client mitochondrial proteins
PRDX5,0.04151230426288428,0.00774060386854535,0.5,outputs/supplemental_figures/audits/COGNITION_LOOKUP_SELECTED_FOR_SUPPLEMENTAL_NULL.csv,cognition_composite_score,NA,0.04151230426288428,3,0,FALSE,0.3536184210526316,0.43585526315789475,0.23190789473684212,NA,Non-client mitochondrial proteins
PRDX6,-0.268156827258087,-0.04930623450416999,0,outputs/supplemental_figures/audits/COGNITION_LOOKUP_SELECTED_FOR_SUPPLEMENTAL_NULL.csv,cognition_composite_score,NA,0.268156827258087,5,0,FALSE,0.001644736842105263,0.001644736842105263,0,NA,Non-client mitochondrial proteins
PREPL,-0.02940227479799307,-0.00603266239773313,0,outputs/supplemental_figures/audits/COGNITION_LOOKUP_SELECTED_FOR_SUPPLEMENTAL_NULL.csv,cognition_composite_score,NA,0.02940227479799307,2,0,FALSE,0.12828947368421054,0.1513157894736842,0,NA,Non-client mitochondrial proteins
PRKACA,0.04464413826692837,0.00833614309103244,0.5,outputs/supplemental_figures/audits/COGNITION_LOOKUP_SELECTED_FOR_SUPPLEMENTAL_NULL.csv,cognition_composite_score,NA,0.04464413826692837,3,0,FALSE,0.3667763157894737,0.45723684210526316,0.23190789473684212,NA,Non-client mitochondrial proteins
PRODH,-0.04002108157293502,7.070078637924029e-4,5.5,outputs/supplemental_figures/audits/COGNITION_LOOKUP_SELECTED_FOR_SUPPLEMENTAL_NULL.csv,cognition_composite_score,NA,0.04002108157293502,3,0,FALSE,0.10526315789473684,0.24342105263157895,0.7845394736842105,NA,Non-client mitochondrial proteins
PTGES2,0.06449145418945199,0.01397510778941939,0.5,outputs/supplemental_figures/audits/COGNITION_LOOKUP_SELECTED_FOR_SUPPLEMENTAL_NULL.csv,cognition_composite_score,NA,0.06449145418945199,4,0,FALSE,0.45230263157894735,0.649671052631579,0.23190789473684212,NA,Non-client mitochondrial proteins
PTRH1,0.17680159006125595,0.02329521836209568,0.5,outputs/supplemental_figures/audits/COGNITION_LOOKUP_SELECTED_FOR_SUPPLEMENTAL_NULL.csv,cognition_composite_score,NA,0.17680159006125595,5,0,FALSE,0.90625,0.8519736842105263,0.23190789473684212,NA,Non-client mitochondrial proteins
PTRH2,0.05522420418761947,0.01015976856571324,0.5,outputs/supplemental_figures/audits/COGNITION_LOOKUP_SELECTED_FOR_SUPPLEMENTAL_NULL.csv,cognition_composite_score,NA,0.05522420418761947,3,0,FALSE,0.4161184210526316,0.5230263157894737,0.23190789473684212,NA,Non-client mitochondrial proteins
PUS1,0.1182382200019703,0.0136325267114384,9.5,outputs/supplemental_figures/audits/COGNITION_LOOKUP_SELECTED_FOR_SUPPLEMENTAL_NULL.csv,cognition_composite_score,NA,0.1182382200019703,5,0,FALSE,0.7171052631578947,0.631578947368421,0.875,NA,Non-client mitochondrial proteins
PUSL1,-0.01700060322544833,-0.00497287683449095,0,outputs/supplemental_figures/audits/COGNITION_LOOKUP_SELECTED_FOR_SUPPLEMENTAL_NULL.csv,cognition_composite_score,NA,0.01700060322544833,1,0,FALSE,0.15625,0.16776315789473684,0,NA,Non-client mitochondrial proteins
PYURF,0.1726652735660643,0.02784340394104937,0.5,outputs/supplemental_figures/audits/COGNITION_LOOKUP_SELECTED_FOR_SUPPLEMENTAL_NULL.csv,cognition_composite_score,NA,0.1726652735660643,5,0,FALSE,0.8865131578947368,0.9243421052631579,0.23190789473684212,NA,Non-client mitochondrial proteins
QDPR,-0.145853746027674,-0.01874109302546144,0,outputs/supplemental_figures/audits/COGNITION_LOOKUP_SELECTED_FOR_SUPPLEMENTAL_NULL.csv,cognition_composite_score,NA,0.145853746027674,5,0,FALSE,0.013157894736842105,0.03125,0,NA,Non-client mitochondrial proteins
QTRT1,0.01508443306369653,-6.324583793645282e-4,0,outputs/supplemental_figures/audits/COGNITION_LOOKUP_SELECTED_FOR_SUPPLEMENTAL_NULL.csv,cognition_composite_score,NA,0.01508443306369653,1,0,FALSE,0.25164473684210525,0.22532894736842105,0,NA,Non-client mitochondrial proteins
RAB24,0.03565489900633099,0.00583454923329046,0.5,outputs/supplemental_figures/audits/COGNITION_LOOKUP_SELECTED_FOR_SUPPLEMENTAL_NULL.csv,cognition_composite_score,NA,0.03565489900633099,2,0,FALSE,0.3355263157894737,0.3832236842105263,0.23190789473684212,NA,Non-client mitochondrial proteins
RARS2,0.07468299089611,0.00987938485520691,0.5,outputs/supplemental_figures/audits/COGNITION_LOOKUP_SELECTED_FOR_SUPPLEMENTAL_NULL.csv,cognition_composite_score,NA,0.07468299089611,4,0,FALSE,0.5049342105263158,0.506578947368421,0.23190789473684212,NA,Non-client mitochondrial proteins
RDH13,0.20135918579658008,0.02776011602469168,0.5,outputs/supplemental_figures/audits/COGNITION_LOOKUP_SELECTED_FOR_SUPPLEMENTAL_NULL.csv,cognition_composite_score,NA,0.20135918579658008,5,0,FALSE,0.9407894736842105,0.9177631578947368,0.23190789473684212,NA,Non-client mitochondrial proteins
RDH14,0.04363712195935351,0.00754508137812987,0.5,outputs/supplemental_figures/audits/COGNITION_LOOKUP_SELECTED_FOR_SUPPLEMENTAL_NULL.csv,cognition_composite_score,NA,0.04363712195935351,3,0,FALSE,0.3618421052631579,0.4292763157894737,0.23190789473684212,NA,Non-client mitochondrial proteins
REXO2,0.01537050793610951,-0.00107094833080022,0,outputs/supplemental_figures/audits/COGNITION_LOOKUP_SELECTED_FOR_SUPPLEMENTAL_NULL.csv,cognition_composite_score,NA,0.01537050793610951,1,0,FALSE,0.25493421052631576,0.21710526315789475,0,NA,Non-client mitochondrial proteins
RFK,0.10505326496770284,0.01495030232236816,1.5,outputs/supplemental_figures/audits/COGNITION_LOOKUP_SELECTED_FOR_SUPPLEMENTAL_NULL.csv,cognition_composite_score,NA,0.10505326496770284,5,0,FALSE,0.662828947368421,0.6759868421052632,0.5986842105263158,NA,Non-client mitochondrial proteins
RHOT1,0.02940492312879392,0.00409660309981068,0.5,outputs/supplemental_figures/audits/COGNITION_LOOKUP_SELECTED_FOR_SUPPLEMENTAL_NULL.csv,cognition_composite_score,NA,0.02940492312879392,2,0,FALSE,0.31085526315789475,0.3355263157894737,0.23190789473684212,NA,Non-client mitochondrial proteins
RHOT2,0.07800976415703942,0.01098377608569321,0,outputs/supplemental_figures/audits/COGNITION_LOOKUP_SELECTED_FOR_SUPPLEMENTAL_NULL.csv,cognition_composite_score,NA,0.07800976415703942,4,0,FALSE,0.524671052631579,0.555921052631579,0,NA,Non-client mitochondrial proteins
RMDN1,0.02135170748091343,-2.7493947731155403e-4,0.5,outputs/supplemental_figures/audits/COGNITION_LOOKUP_SELECTED_FOR_SUPPLEMENTAL_NULL.csv,cognition_composite_score,NA,0.02135170748091343,2,0,FALSE,0.27631578947368424,0.23190789473684212,0.23190789473684212,NA,Non-client mitochondrial proteins
RMDN3,0.02361591369566827,0.00193925755797988,0.5,outputs/supplemental_figures/audits/COGNITION_LOOKUP_SELECTED_FOR_SUPPLEMENTAL_NULL.csv,cognition_composite_score,NA,0.02361591369566827,2,0,FALSE,0.28618421052631576,0.2713815789473684,0.23190789473684212,NA,Non-client mitochondrial proteins
RMND1,0.044977995161512,0.00534368362679718,0.5,outputs/supplemental_figures/audits/COGNITION_LOOKUP_SELECTED_FOR_SUPPLEMENTAL_NULL.csv,cognition_composite_score,NA,0.044977995161512,3,0,FALSE,0.3684210526315789,0.3684210526315789,0.23190789473684212,NA,Non-client mitochondrial proteins
ROMO1,0.03231440351135688,0.00457091887679952,0.5,outputs/supplemental_figures/audits/COGNITION_LOOKUP_SELECTED_FOR_SUPPLEMENTAL_NULL.csv,cognition_composite_score,NA,0.03231440351135688,2,0,FALSE,0.3190789473684211,0.3519736842105263,0.23190789473684212,NA,Non-client mitochondrial proteins
RPIA,0.03823311431058002,0.00233998117247906,5.5,outputs/supplemental_figures/audits/COGNITION_LOOKUP_SELECTED_FOR_SUPPLEMENTAL_NULL.csv,cognition_composite_score,NA,0.03823311431058002,3,0,FALSE,0.34210526315789475,0.28289473684210525,0.7845394736842105,NA,Non-client mitochondrial proteins
RPUSD4,0.08042070316480705,0.00638492081627343,0.5,outputs/supplemental_figures/audits/COGNITION_LOOKUP_SELECTED_FOR_SUPPLEMENTAL_NULL.csv,cognition_composite_score,NA,0.08042070316480705,4,0,FALSE,0.5427631578947368,0.3996710526315789,0.23190789473684212,NA,Non-client mitochondrial proteins
RTN4IP1,0.07776614257837171,0.01321340211694998,1.5,outputs/supplemental_figures/audits/COGNITION_LOOKUP_SELECTED_FOR_SUPPLEMENTAL_NULL.csv,cognition_composite_score,NA,0.07776614257837171,4,0,FALSE,0.5197368421052632,0.6151315789473685,0.5986842105263158,NA,Non-client mitochondrial proteins
SARDH,0.01153300867527279,-1.9584016691222443e-4,0.5,outputs/supplemental_figures/audits/COGNITION_LOOKUP_SELECTED_FOR_SUPPLEMENTAL_NULL.csv,cognition_composite_score,NA,0.01153300867527279,1,0,FALSE,0.23519736842105263,0.23355263157894737,0.23190789473684212,NA,Non-client mitochondrial proteins
SCO1,0.12370506466833468,0.0164188684932531,1.5,outputs/supplemental_figures/audits/COGNITION_LOOKUP_SELECTED_FOR_SUPPLEMENTAL_NULL.csv,cognition_composite_score,NA,0.12370506466833468,5,0,FALSE,0.7401315789473685,0.7039473684210527,0.5986842105263158,NA,Non-client mitochondrial proteins
SCO2,0.11326519196745438,0.0157720049139698,0.5,outputs/supplemental_figures/audits/COGNITION_LOOKUP_SELECTED_FOR_SUPPLEMENTAL_NULL.csv,cognition_composite_score,NA,0.11326519196745438,5,0,FALSE,0.6924342105263158,0.6924342105263158,0.23190789473684212,NA,Non-client mitochondrial proteins
SCP2,-0.06421130738525467,-0.00971383637652321,0.5,outputs/supplemental_figures/audits/COGNITION_LOOKUP_SELECTED_FOR_SUPPLEMENTAL_NULL.csv,cognition_composite_score,NA,0.06421130738525467,4,0,FALSE,0.06907894736842106,0.10855263157894737,0.23190789473684212,NA,Non-client mitochondrial proteins
SDHAF2,0.14115238667327715,0.02383963019055633,2.5,outputs/supplemental_figures/audits/COGNITION_LOOKUP_SELECTED_FOR_SUPPLEMENTAL_NULL.csv,cognition_composite_score,NA,0.14115238667327715,5,0,FALSE,0.8092105263157895,0.8634868421052632,0.6842105263157895,NA,Non-client mitochondrial proteins
SDHC,0.15022827397415878,0.02777810106263523,0.5,outputs/supplemental_figures/audits/COGNITION_LOOKUP_SELECTED_FOR_SUPPLEMENTAL_NULL.csv,cognition_composite_score,NA,0.15022827397415878,5,0,FALSE,0.837171052631579,0.9210526315789473,0.23190789473684212,NA,Non-client mitochondrial proteins
SDHD,0.19937723723698336,0.03234561296251255,5.5,outputs/supplemental_figures/audits/COGNITION_LOOKUP_SELECTED_FOR_SUPPLEMENTAL_NULL.csv,cognition_composite_score,NA,0.19937723723698336,5,0,FALSE,0.9391447368421053,0.9605263157894737,0.7845394736842105,NA,Non-client mitochondrial proteins
SDR39U1,0.17937286185165302,0.02857351064725622,1.5,outputs/supplemental_figures/audits/COGNITION_LOOKUP_SELECTED_FOR_SUPPLEMENTAL_NULL.csv,cognition_composite_score,NA,0.17937286185165302,5,0,FALSE,0.9111842105263158,0.9259868421052632,0.5986842105263158,NA,Non-client mitochondrial proteins
SDSL,0.02351694660180375,0.00185679159349977,0.5,outputs/supplemental_figures/audits/COGNITION_LOOKUP_SELECTED_FOR_SUPPLEMENTAL_NULL.csv,cognition_composite_score,NA,0.02351694660180375,2,0,FALSE,0.2845394736842105,0.2680921052631579,0.23190789473684212,NA,Non-client mitochondrial proteins
SERAC1,0.1119956039837678,0.0180868098809107,0.5,outputs/supplemental_figures/audits/COGNITION_LOOKUP_SELECTED_FOR_SUPPLEMENTAL_NULL.csv,cognition_composite_score,NA,0.1119956039837678,5,0,FALSE,0.6891447368421053,0.7598684210526315,0.23190789473684212,NA,Non-client mitochondrial proteins
SFXN1,0.16587893683419397,0.02475070521282333,12.5,outputs/supplemental_figures/audits/COGNITION_LOOKUP_SELECTED_FOR_SUPPLEMENTAL_NULL.csv,cognition_composite_score,NA,0.16587893683419397,5,0,FALSE,0.8700657894736842,0.8799342105263158,0.9342105263157895,NA,Non-client mitochondrial proteins
SFXN3,0.05903335046550792,0.0069551814425079,0,outputs/supplemental_figures/audits/COGNITION_LOOKUP_SELECTED_FOR_SUPPLEMENTAL_NULL.csv,cognition_composite_score,NA,0.05903335046550792,3,0,FALSE,0.4292763157894737,0.41118421052631576,0,NA,Non-client mitochondrial proteins
SFXN4,0.0988903956008273,0.01390438739606491,0.5,outputs/supplemental_figures/audits/COGNITION_LOOKUP_SELECTED_FOR_SUPPLEMENTAL_NULL.csv,cognition_composite_score,NA,0.0988903956008273,4,0,FALSE,0.6398026315789473,0.6447368421052632,0.23190789473684212,NA,Non-client mitochondrial proteins
SFXN5,0.02678430921585786,-0.00408394289992332,0.5,outputs/supplemental_figures/audits/COGNITION_LOOKUP_SELECTED_FOR_SUPPLEMENTAL_NULL.csv,cognition_composite_score,NA,0.02678430921585786,2,0,FALSE,0.2944078947368421,0.17763157894736842,0.23190789473684212,NA,Non-client mitochondrial proteins
SIRT3,-0.03154975964519058,-0.00773745985809073,1.5,outputs/supplemental_figures/audits/COGNITION_LOOKUP_SELECTED_FOR_SUPPLEMENTAL_NULL.csv,cognition_composite_score,NA,0.03154975964519058,2,0,FALSE,0.12006578947368421,0.1299342105263158,0.5986842105263158,NA,Non-client mitochondrial proteins
SIRT5,0.06052408663864787,0.00980039666217943,1.5,outputs/supplemental_figures/audits/COGNITION_LOOKUP_SELECTED_FOR_SUPPLEMENTAL_NULL.csv,cognition_composite_score,NA,0.06052408663864787,4,0,FALSE,0.43914473684210525,0.5016447368421053,0.5986842105263158,NA,Non-client mitochondrial proteins
SLC25A1,-0.04691775285278112,-0.0095319286885226,0.5,outputs/supplemental_figures/audits/COGNITION_LOOKUP_SELECTED_FOR_SUPPLEMENTAL_NULL.csv,cognition_composite_score,NA,0.04691775285278112,3,0,FALSE,0.09868421052631579,0.1118421052631579,0.23190789473684212,NA,Non-client mitochondrial proteins
SLC25A10,0.13363289589473978,0.01883300626678968,6.5,outputs/supplemental_figures/audits/COGNITION_LOOKUP_SELECTED_FOR_SUPPLEMENTAL_NULL.csv,cognition_composite_score,NA,0.13363289589473978,5,0,FALSE,0.787828947368421,0.7730263157894737,0.819078947368421,NA,Non-client mitochondrial proteins
SLC25A11,0.1935153285033058,0.03058419904381829,12.5,outputs/supplemental_figures/audits/COGNITION_LOOKUP_SELECTED_FOR_SUPPLEMENTAL_NULL.csv,cognition_composite_score,NA,0.1935153285033058,5,0,FALSE,0.9292763157894737,0.9457236842105263,0.9342105263157895,NA,Non-client mitochondrial proteins
SLC25A12,0.1535553383548061,0.02320916033061963,0.5,outputs/supplemental_figures/audits/COGNITION_LOOKUP_SELECTED_FOR_SUPPLEMENTAL_NULL.csv,cognition_composite_score,NA,0.1535553383548061,5,0,FALSE,0.8421052631578947,0.8486842105263158,0.23190789473684212,NA,Non-client mitochondrial proteins
SLC25A14,0.11959900534365292,0.02051577086670832,0.5,outputs/supplemental_figures/audits/COGNITION_LOOKUP_SELECTED_FOR_SUPPLEMENTAL_NULL.csv,cognition_composite_score,NA,0.11959900534365292,5,0,FALSE,0.7220394736842105,0.805921052631579,0.23190789473684212,NA,Non-client mitochondrial proteins
SLC25A15,0.06662144759298677,0.01079598269188317,0.5,outputs/supplemental_figures/audits/COGNITION_LOOKUP_SELECTED_FOR_SUPPLEMENTAL_NULL.csv,cognition_composite_score,NA,0.06662144759298677,4,0,FALSE,0.4605263157894737,0.5509868421052632,0.23190789473684212,NA,Non-client mitochondrial proteins
SLC25A16,0.1479577709169149,0.02332820374086863,1.5,outputs/supplemental_figures/audits/COGNITION_LOOKUP_SELECTED_FOR_SUPPLEMENTAL_NULL.csv,cognition_composite_score,NA,0.1479577709169149,5,0,FALSE,0.8256578947368421,0.8536184210526315,0.5986842105263158,NA,Non-client mitochondrial proteins
SLC25A18,-0.08368496429195244,-0.01613046444873757,0.5,outputs/supplemental_figures/audits/COGNITION_LOOKUP_SELECTED_FOR_SUPPLEMENTAL_NULL.csv,cognition_composite_score,NA,0.08368496429195244,4,0,FALSE,0.049342105263157895,0.044407894736842105,0.23190789473684212,NA,Non-client mitochondrial proteins
SLC25A19,0.06398910185491567,0.00921766618716457,1.5,outputs/supplemental_figures/audits/COGNITION_LOOKUP_SELECTED_FOR_SUPPLEMENTAL_NULL.csv,cognition_composite_score,NA,0.06398910185491567,4,0,FALSE,0.44901315789473684,0.48355263157894735,0.5986842105263158,NA,Non-client mitochondrial proteins
SLC25A20,-0.06224654374227736,-0.01403057424016138,0.5,outputs/supplemental_figures/audits/COGNITION_LOOKUP_SELECTED_FOR_SUPPLEMENTAL_NULL.csv,cognition_composite_score,NA,0.06224654374227736,4,0,FALSE,0.0756578947368421,0.06414473684210527,0.23190789473684212,NA,Non-client mitochondrial proteins
SLC25A22,0.1549548600035437,0.02674306603860084,0.5,outputs/supplemental_figures/audits/COGNITION_LOOKUP_SELECTED_FOR_SUPPLEMENTAL_NULL.csv,cognition_composite_score,NA,0.1549548600035437,5,0,FALSE,0.84375,0.899671052631579,0.23190789473684212,NA,Non-client mitochondrial proteins
SLC25A23,0.12980832774453127,0.02130442123569326,9.5,outputs/supplemental_figures/audits/COGNITION_LOOKUP_SELECTED_FOR_SUPPLEMENTAL_NULL.csv,cognition_composite_score,NA,0.12980832774453127,5,0,FALSE,0.774671052631579,0.819078947368421,0.875,NA,Non-client mitochondrial proteins
SLC25A24,0.00632053721833112,-0.00209529213190721,12.5,outputs/supplemental_figures/audits/COGNITION_LOOKUP_SELECTED_FOR_SUPPLEMENTAL_NULL.csv,cognition_composite_score,NA,0.00632053721833112,1,0,FALSE,0.21546052631578946,0.20065789473684212,0.9342105263157895,NA,Non-client mitochondrial proteins
SLC25A25,0.08369482057266303,0.00959047550523513,2.5,outputs/supplemental_figures/audits/COGNITION_LOOKUP_SELECTED_FOR_SUPPLEMENTAL_NULL.csv,cognition_composite_score,NA,0.08369482057266303,4,0,FALSE,0.5641447368421053,0.4917763157894737,0.6842105263157895,NA,Non-client mitochondrial proteins
SLC25A26,0.06047560719815657,0.01041978054236107,0,outputs/supplemental_figures/audits/COGNITION_LOOKUP_SELECTED_FOR_SUPPLEMENTAL_NULL.csv,cognition_composite_score,NA,0.06047560719815657,4,0,FALSE,0.4375,0.5296052631578947,0,NA,Non-client mitochondrial proteins
SLC25A27,0.13111662126619192,0.02249453380712667,6.5,outputs/supplemental_figures/audits/COGNITION_LOOKUP_SELECTED_FOR_SUPPLEMENTAL_NULL.csv,cognition_composite_score,NA,0.13111662126619192,5,0,FALSE,0.78125,0.8388157894736842,0.819078947368421,NA,Non-client mitochondrial proteins
SLC25A29,-0.0731015882865968,-0.01414749558898993,0,outputs/supplemental_figures/audits/COGNITION_LOOKUP_SELECTED_FOR_SUPPLEMENTAL_NULL.csv,cognition_composite_score,NA,0.0731015882865968,4,0,FALSE,0.06414473684210527,0.06085526315789474,0,NA,Non-client mitochondrial proteins
SLC25A3,0.16917732513855388,0.02780648564844575,1.5,outputs/supplemental_figures/audits/COGNITION_LOOKUP_SELECTED_FOR_SUPPLEMENTAL_NULL.csv,cognition_composite_score,NA,0.16917732513855388,5,0,FALSE,0.8782894736842105,0.9226973684210527,0.5986842105263158,NA,Non-client mitochondrial proteins
SLC25A32,0.12057262453941224,0.02095760199335375,0.5,outputs/supplemental_figures/audits/COGNITION_LOOKUP_SELECTED_FOR_SUPPLEMENTAL_NULL.csv,cognition_composite_score,NA,0.12057262453941224,5,0,FALSE,0.7302631578947368,0.8141447368421053,0.23190789473684212,NA,Non-client mitochondrial proteins
SLC25A33,0.10437007951011083,0.01901794671097252,1.5,outputs/supplemental_figures/audits/COGNITION_LOOKUP_SELECTED_FOR_SUPPLEMENTAL_NULL.csv,cognition_composite_score,NA,0.10437007951011083,5,0,FALSE,0.6578947368421053,0.7796052631578947,0.5986842105263158,NA,Non-client mitochondrial proteins
SLC25A36,0.09776527043309258,0.01496863257609629,9.5,outputs/supplemental_figures/audits/COGNITION_LOOKUP_SELECTED_FOR_SUPPLEMENTAL_NULL.csv,cognition_composite_score,NA,0.09776527043309258,4,0,FALSE,0.6348684210526315,0.6776315789473685,0.875,NA,Non-client mitochondrial proteins
SLC25A4,0.17875927119099347,0.02872845694690467,9.5,outputs/supplemental_figures/audits/COGNITION_LOOKUP_SELECTED_FOR_SUPPLEMENTAL_NULL.csv,cognition_composite_score,NA,0.17875927119099347,5,0,FALSE,0.9095394736842105,0.9292763157894737,0.875,NA,Non-client mitochondrial proteins
SLC25A40,0.10322065726716576,0.01602807646529131,0.5,outputs/supplemental_figures/audits/COGNITION_LOOKUP_SELECTED_FOR_SUPPLEMENTAL_NULL.csv,cognition_composite_score,NA,0.10322065726716576,5,0,FALSE,0.65625,0.6973684210526315,0.23190789473684212,NA,Non-client mitochondrial proteins
SLC25A42,0.05753244273828186,0.0072351443442747,0.5,outputs/supplemental_figures/audits/COGNITION_LOOKUP_SELECTED_FOR_SUPPLEMENTAL_NULL.csv,cognition_composite_score,NA,0.05753244273828186,3,0,FALSE,0.42269736842105265,0.42105263157894735,0.23190789473684212,NA,Non-client mitochondrial proteins
SLC25A44,0.09242615939882774,0.01209355997642749,1.5,outputs/supplemental_figures/audits/COGNITION_LOOKUP_SELECTED_FOR_SUPPLEMENTAL_NULL.csv,cognition_composite_score,NA,0.09242615939882774,4,0,FALSE,0.6036184210526315,0.5921052631578947,0.5986842105263158,NA,Non-client mitochondrial proteins
SLC25A46,0.1800719546523226,0.02718226614520645,12.5,outputs/supplemental_figures/audits/COGNITION_LOOKUP_SELECTED_FOR_SUPPLEMENTAL_NULL.csv,cognition_composite_score,NA,0.1800719546523226,5,0,FALSE,0.9144736842105263,0.90625,0.9342105263157895,NA,Non-client mitochondrial proteins
SLC25A51,0.08970865695761086,0.01583658753785152,0.5,outputs/supplemental_figures/audits/COGNITION_LOOKUP_SELECTED_FOR_SUPPLEMENTAL_NULL.csv,cognition_composite_score,NA,0.08970865695761086,4,0,FALSE,0.5904605263157895,0.694078947368421,0.23190789473684212,NA,Non-client mitochondrial proteins
SLC30A9,0.05290721837965667,0.00784185464138806,0.5,outputs/supplemental_figures/audits/COGNITION_LOOKUP_SELECTED_FOR_SUPPLEMENTAL_NULL.csv,cognition_composite_score,NA,0.05290721837965667,3,0,FALSE,0.40460526315789475,0.43914473684210525,0.23190789473684212,NA,Non-client mitochondrial proteins
SMDT1,0.09730562204152084,0.01590852597616855,0.5,outputs/supplemental_figures/audits/COGNITION_LOOKUP_SELECTED_FOR_SUPPLEMENTAL_NULL.csv,cognition_composite_score,NA,0.09730562204152084,4,0,FALSE,0.6332236842105263,0.6957236842105263,0.23190789473684212,NA,Non-client mitochondrial proteins
SMIM20,0.09251007516204528,0.01066908863546946,0.5,outputs/supplemental_figures/audits/COGNITION_LOOKUP_SELECTED_FOR_SUPPLEMENTAL_NULL.csv,cognition_composite_score,NA,0.09251007516204528,4,0,FALSE,0.6052631578947368,0.5460526315789473,0.23190789473684212,NA,Non-client mitochondrial proteins
SNAP29,0.02284186910461311,0.00326542234600363,0,outputs/supplemental_figures/audits/COGNITION_LOOKUP_SELECTED_FOR_SUPPLEMENTAL_NULL.csv,cognition_composite_score,NA,0.02284186910461311,2,0,FALSE,0.27960526315789475,0.3042763157894737,0,NA,Non-client mitochondrial proteins
SND1,-0.02446658375320816,-0.0045541458790679,0.5,outputs/supplemental_figures/audits/COGNITION_LOOKUP_SELECTED_FOR_SUPPLEMENTAL_NULL.csv,cognition_composite_score,NA,0.02446658375320816,2,0,FALSE,0.14638157894736842,0.17434210526315788,0.23190789473684212,NA,Non-client mitochondrial proteins
SOD1,-0.05303815929238226,-0.01285095422294376,0,outputs/supplemental_figures/audits/COGNITION_LOOKUP_SELECTED_FOR_SUPPLEMENTAL_NULL.csv,cognition_composite_score,NA,0.05303815929238226,3,0,FALSE,0.09046052631578948,0.07401315789473684,0,NA,Non-client mitochondrial proteins
SPATA20,-5.956915340950502e-4,7.074384708042142e-4,0.5,outputs/supplemental_figures/audits/COGNITION_LOOKUP_SELECTED_FOR_SUPPLEMENTAL_NULL.csv,cognition_composite_score,NA,5.956915340950502e-4,1,0,FALSE,0.19572368421052633,0.2450657894736842,0.23190789473684212,NA,Non-client mitochondrial proteins
SPG7,0.104941967475144,0.01401084823232251,12.5,outputs/supplemental_figures/audits/COGNITION_LOOKUP_SELECTED_FOR_SUPPLEMENTAL_NULL.csv,cognition_composite_score,NA,0.104941967475144,5,0,FALSE,0.6611842105263158,0.6513157894736842,0.9342105263157895,NA,Non-client mitochondrial proteins
SPHK2,0.02384913069332657,0.00505159126090096,0,outputs/supplemental_figures/audits/COGNITION_LOOKUP_SELECTED_FOR_SUPPLEMENTAL_NULL.csv,cognition_composite_score,NA,0.02384913069332657,2,0,FALSE,0.2878289473684211,0.36019736842105265,0,NA,Non-client mitochondrial proteins
SPHKAP,0.1308626449190737,0.01931800141381913,0,outputs/supplemental_figures/audits/COGNITION_LOOKUP_SELECTED_FOR_SUPPLEMENTAL_NULL.csv,cognition_composite_score,NA,0.1308626449190737,5,0,FALSE,0.7779605263157895,0.7861842105263158,0,NA,Non-client mitochondrial proteins
SPIRE1,-0.00468744152064645,-7.689238418830883e-4,0,outputs/supplemental_figures/audits/COGNITION_LOOKUP_SELECTED_FOR_SUPPLEMENTAL_NULL.csv,cognition_composite_score,NA,0.00468744152064645,1,0,FALSE,0.18585526315789475,0.22203947368421054,0,NA,Non-client mitochondrial proteins
SPR,-0.10919678289570948,-0.0146866686035455,0,outputs/supplemental_figures/audits/COGNITION_LOOKUP_SELECTED_FOR_SUPPLEMENTAL_NULL.csv,cognition_composite_score,NA,0.10919678289570948,5,0,FALSE,0.027960526315789474,0.054276315789473686,0,NA,Non-client mitochondrial proteins
SPTLC2,0.01367569664080512,0.00174070048790118,0.5,outputs/supplemental_figures/audits/COGNITION_LOOKUP_SELECTED_FOR_SUPPLEMENTAL_NULL.csv,cognition_composite_score,NA,0.01367569664080512,1,0,FALSE,0.24013157894736842,0.2631578947368421,0.23190789473684212,NA,Non-client mitochondrial proteins
STARD7,-0.09707981306969404,-0.01700212669864952,0,outputs/supplemental_figures/audits/COGNITION_LOOKUP_SELECTED_FOR_SUPPLEMENTAL_NULL.csv,cognition_composite_score,NA,0.09707981306969404,4,0,FALSE,0.04111842105263158,0.039473684210526314,0,NA,Non-client mitochondrial proteins
STOM,-0.0635585489473472,-0.01706703824247535,0.5,outputs/supplemental_figures/audits/COGNITION_LOOKUP_SELECTED_FOR_SUPPLEMENTAL_NULL.csv,cognition_composite_score,NA,0.0635585489473472,4,0,FALSE,0.07236842105263158,0.03782894736842105,0.23190789473684212,NA,Non-client mitochondrial proteins
STX17,0.115539400466002,0.02196070936990209,0.5,outputs/supplemental_figures/audits/COGNITION_LOOKUP_SELECTED_FOR_SUPPLEMENTAL_NULL.csv,cognition_composite_score,NA,0.115539400466002,5,0,FALSE,0.7055921052631579,0.8322368421052632,0.23190789473684212,NA,Non-client mitochondrial proteins
SUOX,0.08381613193952489,0.00856136499890783,8.5,outputs/supplemental_figures/audits/COGNITION_LOOKUP_SELECTED_FOR_SUPPLEMENTAL_NULL.csv,cognition_composite_score,NA,0.08381613193952489,4,0,FALSE,0.5657894736842105,0.4654605263157895,0.8552631578947368,NA,Non-client mitochondrial proteins
SURF1,0.04226786665016923,0.00420202394437682,0.5,outputs/supplemental_figures/audits/COGNITION_LOOKUP_SELECTED_FOR_SUPPLEMENTAL_NULL.csv,cognition_composite_score,NA,0.04226786665016923,3,0,FALSE,0.3569078947368421,0.33881578947368424,0.23190789473684212,NA,Non-client mitochondrial proteins
TDRKH,0.06920143665877482,0.0104650391371747,0.5,outputs/supplemental_figures/audits/COGNITION_LOOKUP_SELECTED_FOR_SUPPLEMENTAL_NULL.csv,cognition_composite_score,NA,0.06920143665877482,4,0,FALSE,0.47368421052631576,0.5328947368421053,0.23190789473684212,NA,Non-client mitochondrial proteins
TEFM,0.06442778108133684,0.00513677690416812,0.5,outputs/supplemental_figures/audits/COGNITION_LOOKUP_SELECTED_FOR_SUPPLEMENTAL_NULL.csv,cognition_composite_score,NA,0.06442778108133684,4,0,FALSE,0.4506578947368421,0.3651315789473684,0.23190789473684212,NA,Non-client mitochondrial proteins
TFB1M,0.14856496828372823,0.01989363270094133,0.5,outputs/supplemental_figures/audits/COGNITION_LOOKUP_SELECTED_FOR_SUPPLEMENTAL_NULL.csv,cognition_composite_score,NA,0.14856496828372823,5,0,FALSE,0.8305921052631579,0.7976973684210527,0.23190789473684212,NA,Non-client mitochondrial proteins
TFB2M,0.10108520836245705,0.00829143634683187,0,outputs/supplemental_figures/audits/COGNITION_LOOKUP_SELECTED_FOR_SUPPLEMENTAL_NULL.csv,cognition_composite_score,NA,0.10108520836245705,5,0,FALSE,0.6513157894736842,0.4555921052631579,0,NA,Non-client mitochondrial proteins
THEM4,0.09911889867022396,0.01122201083730426,0.5,outputs/supplemental_figures/audits/COGNITION_LOOKUP_SELECTED_FOR_SUPPLEMENTAL_NULL.csv,cognition_composite_score,NA,0.09911889867022396,4,0,FALSE,0.6414473684210527,0.5657894736842105,0.23190789473684212,NA,Non-client mitochondrial proteins
THG1L,0.00667353668372806,-9.195664930586242e-4,0,outputs/supplemental_figures/audits/COGNITION_LOOKUP_SELECTED_FOR_SUPPLEMENTAL_NULL.csv,cognition_composite_score,NA,0.00667353668372806,1,0,FALSE,0.21710526315789475,0.21875,0,NA,Non-client mitochondrial proteins
THNSL1,0.09098239083900136,0.01152149062583175,2.5,outputs/supplemental_figures/audits/COGNITION_LOOKUP_SELECTED_FOR_SUPPLEMENTAL_NULL.csv,cognition_composite_score,NA,0.09098239083900136,4,0,FALSE,0.5970394736842105,0.5740131578947368,0.6842105263157895,NA,Non-client mitochondrial proteins
TIMM10,0.11526317740141176,0.01761871154606003,3.5,outputs/supplemental_figures/audits/COGNITION_LOOKUP_SELECTED_FOR_SUPPLEMENTAL_NULL.csv,cognition_composite_score,NA,0.11526317740141176,5,0,FALSE,0.7039473684210527,0.7417763157894737,0.7532894736842105,NA,Non-client mitochondrial proteins
TIMM10B,0.1145145768376066,0.01706091626208795,4.5,outputs/supplemental_figures/audits/COGNITION_LOOKUP_SELECTED_FOR_SUPPLEMENTAL_NULL.csv,cognition_composite_score,NA,0.1145145768376066,5,0,FALSE,0.6973684210526315,0.7236842105263158,0.7796052631578947,NA,Non-client mitochondrial proteins
TIMM17A,0.07853875366572373,0.01269917054920692,0.5,outputs/supplemental_figures/audits/COGNITION_LOOKUP_SELECTED_FOR_SUPPLEMENTAL_NULL.csv,cognition_composite_score,NA,0.07853875366572373,4,0,FALSE,0.5279605263157895,0.6069078947368421,0.23190789473684212,NA,Non-client mitochondrial proteins
TIMM17B,0.08312821436668706,0.00900403346319381,0.5,outputs/supplemental_figures/audits/COGNITION_LOOKUP_SELECTED_FOR_SUPPLEMENTAL_NULL.csv,cognition_composite_score,NA,0.08312821436668706,4,0,FALSE,0.5625,0.4769736842105263,0.23190789473684212,NA,Non-client mitochondrial proteins
TIMM21,0.04597806703407469,0.00357149738719136,4.5,outputs/supplemental_figures/audits/COGNITION_LOOKUP_SELECTED_FOR_SUPPLEMENTAL_NULL.csv,cognition_composite_score,NA,0.04597806703407469,3,0,FALSE,0.375,0.31743421052631576,0.7796052631578947,NA,Non-client mitochondrial proteins
TIMM22,0.08208149497684868,0.01371509715347931,1.5,outputs/supplemental_figures/audits/COGNITION_LOOKUP_SELECTED_FOR_SUPPLEMENTAL_NULL.csv,cognition_composite_score,NA,0.08208149497684868,4,0,FALSE,0.555921052631579,0.6365131578947368,0.5986842105263158,NA,Non-client mitochondrial proteins
TIMM23,0.08233483184018536,0.00948981554511687,2.5,outputs/supplemental_figures/audits/COGNITION_LOOKUP_SELECTED_FOR_SUPPLEMENTAL_NULL.csv,cognition_composite_score,NA,0.08233483184018536,4,0,FALSE,0.5592105263157895,0.4901315789473684,0.6842105263157895,NA,Non-client mitochondrial proteins
TIMM50,0.09794068038942112,0.01380107001334853,5.5,outputs/supplemental_figures/audits/COGNITION_LOOKUP_SELECTED_FOR_SUPPLEMENTAL_NULL.csv,cognition_composite_score,NA,0.09794068038942112,4,0,FALSE,0.6381578947368421,0.6398026315789473,0.7845394736842105,NA,Non-client mitochondrial proteins
TIMM8A,0.19911329330981015,0.03046197974630332,6.5,outputs/supplemental_figures/audits/COGNITION_LOOKUP_SELECTED_FOR_SUPPLEMENTAL_NULL.csv,cognition_composite_score,NA,0.19911329330981015,5,0,FALSE,0.9375,0.9424342105263158,0.819078947368421,NA,Non-client mitochondrial proteins
TIMM9,0.14104340458507603,0.02138245354001698,1.5,outputs/supplemental_figures/audits/COGNITION_LOOKUP_SELECTED_FOR_SUPPLEMENTAL_NULL.csv,cognition_composite_score,NA,0.14104340458507603,5,0,FALSE,0.8075657894736842,0.8256578947368421,0.5986842105263158,NA,Non-client mitochondrial proteins
TIMMDC1,0.07350066660824042,0.00436568227825857,0.5,outputs/supplemental_figures/audits/COGNITION_LOOKUP_SELECTED_FOR_SUPPLEMENTAL_NULL.csv,cognition_composite_score,NA,0.07350066660824042,4,0,FALSE,0.4967105263157895,0.34375,0.23190789473684212,NA,Non-client mitochondrial proteins
TK2,0.04698167900012225,0.00709727800506329,0,outputs/supplemental_figures/audits/COGNITION_LOOKUP_SELECTED_FOR_SUPPLEMENTAL_NULL.csv,cognition_composite_score,NA,0.04698167900012225,3,0,FALSE,0.3815789473684211,0.41776315789473684,0,NA,Non-client mitochondrial proteins
TMEM11,0.08466660788382357,0.0152207512672761,1.5,outputs/supplemental_figures/audits/COGNITION_LOOKUP_SELECTED_FOR_SUPPLEMENTAL_NULL.csv,cognition_composite_score,NA,0.08466660788382357,4,0,FALSE,0.5707236842105263,0.6825657894736842,0.5986842105263158,NA,Non-client mitochondrial proteins
TMEM126A,0.16165400012039471,0.02444913106216117,5.5,outputs/supplemental_figures/audits/COGNITION_LOOKUP_SELECTED_FOR_SUPPLEMENTAL_NULL.csv,cognition_composite_score,NA,0.16165400012039471,5,0,FALSE,0.8585526315789473,0.875,0.7845394736842105,NA,Non-client mitochondrial proteins
TMEM126B,0.04766588218461343,0.00344719183690298,3.5,outputs/supplemental_figures/audits/COGNITION_LOOKUP_SELECTED_FOR_SUPPLEMENTAL_NULL.csv,cognition_composite_score,NA,0.04766588218461343,3,0,FALSE,0.3832236842105263,0.31085526315789475,0.7532894736842105,NA,Non-client mitochondrial proteins
TMEM143,0.12031403931977004,0.01640325683961516,0.5,outputs/supplemental_figures/audits/COGNITION_LOOKUP_SELECTED_FOR_SUPPLEMENTAL_NULL.csv,cognition_composite_score,NA,0.12031403931977004,5,0,FALSE,0.7286184210526315,0.7023026315789473,0.23190789473684212,NA,Non-client mitochondrial proteins
TMEM14C,0.02792599376180565,0.00672307732292862,0,outputs/supplemental_figures/audits/COGNITION_LOOKUP_SELECTED_FOR_SUPPLEMENTAL_NULL.csv,cognition_composite_score,NA,0.02792599376180565,2,0,FALSE,0.3026315789473684,0.4029605263157895,0,NA,Non-client mitochondrial proteins
TMEM177,0.1105185324109118,0.01895159958084201,8.5,outputs/supplemental_figures/audits/COGNITION_LOOKUP_SELECTED_FOR_SUPPLEMENTAL_NULL.csv,cognition_composite_score,NA,0.1105185324109118,5,0,FALSE,0.6792763157894737,0.774671052631579,0.8552631578947368,NA,Non-client mitochondrial proteins
TMEM186,0.08179388588432208,0.01166619974758733,0,outputs/supplemental_figures/audits/COGNITION_LOOKUP_SELECTED_FOR_SUPPLEMENTAL_NULL.csv,cognition_composite_score,NA,0.08179388588432208,4,0,FALSE,0.5526315789473685,0.5805921052631579,0,NA,Non-client mitochondrial proteins
TMEM205,-0.03873161495268303,-0.01285954682857281,0,outputs/supplemental_figures/audits/COGNITION_LOOKUP_SELECTED_FOR_SUPPLEMENTAL_NULL.csv,cognition_composite_score,NA,0.03873161495268303,3,0,FALSE,0.1069078947368421,0.07236842105263158,0,NA,Non-client mitochondrial proteins
TMEM65,0.12988505282371574,0.01806761629021984,12.5,outputs/supplemental_figures/audits/COGNITION_LOOKUP_SELECTED_FOR_SUPPLEMENTAL_NULL.csv,cognition_composite_score,NA,0.12988505282371574,5,0,FALSE,0.7763157894736842,0.756578947368421,0.9342105263157895,NA,Non-client mitochondrial proteins
TMEM70,0.09586506623492044,0.01380173544671215,0,outputs/supplemental_figures/audits/COGNITION_LOOKUP_SELECTED_FOR_SUPPLEMENTAL_NULL.csv,cognition_composite_score,NA,0.09586506623492044,4,0,FALSE,0.618421052631579,0.6414473684210527,0,NA,Non-client mitochondrial proteins
TMLHE,0.06922380431353553,0.00605792302217284,0.5,outputs/supplemental_figures/audits/COGNITION_LOOKUP_SELECTED_FOR_SUPPLEMENTAL_NULL.csv,cognition_composite_score,NA,0.06922380431353553,4,0,FALSE,0.4753289473684211,0.38980263157894735,0.23190789473684212,NA,Non-client mitochondrial proteins
TOMM20,0.14763828387727346,0.01997164070113617,2.5,outputs/supplemental_figures/audits/COGNITION_LOOKUP_SELECTED_FOR_SUPPLEMENTAL_NULL.csv,cognition_composite_score,NA,0.14763828387727346,5,0,FALSE,0.8240131578947368,0.8026315789473685,0.6842105263157895,NA,Non-client mitochondrial proteins
TOMM22,0.1323921413992208,0.01721307191917831,0.5,outputs/supplemental_figures/audits/COGNITION_LOOKUP_SELECTED_FOR_SUPPLEMENTAL_NULL.csv,cognition_composite_score,NA,0.1323921413992208,5,0,FALSE,0.7828947368421053,0.7286184210526315,0.23190789473684212,NA,Non-client mitochondrial proteins
TOMM34,-0.00321495910147866,-0.00589773607583488,0.5,outputs/supplemental_figures/audits/COGNITION_LOOKUP_SELECTED_FOR_SUPPLEMENTAL_NULL.csv,cognition_composite_score,NA,0.00321495910147866,1,0,FALSE,0.18914473684210525,0.15625,0.23190789473684212,NA,Non-client mitochondrial proteins
TOMM40,0.07980044328966147,0.01005847999928153,1.5,outputs/supplemental_figures/audits/COGNITION_LOOKUP_SELECTED_FOR_SUPPLEMENTAL_NULL.csv,cognition_composite_score,NA,0.07980044328966147,4,0,FALSE,0.5345394736842105,0.5180921052631579,0.5986842105263158,NA,Non-client mitochondrial proteins
TOMM40L,0.07912634191846929,0.01043326556082157,0.5,outputs/supplemental_figures/audits/COGNITION_LOOKUP_SELECTED_FOR_SUPPLEMENTAL_NULL.csv,cognition_composite_score,NA,0.07912634191846929,4,0,FALSE,0.5328947368421053,0.53125,0.23190789473684212,NA,Non-client mitochondrial proteins
TOMM5,0.17191135805700833,0.02362519601113827,2.5,outputs/supplemental_figures/audits/COGNITION_LOOKUP_SELECTED_FOR_SUPPLEMENTAL_NULL.csv,cognition_composite_score,NA,0.17191135805700833,5,0,FALSE,0.8848684210526315,0.8601973684210527,0.6842105263157895,NA,Non-client mitochondrial proteins
TOMM6,0.07030380119233015,0.00849590844417909,0.5,outputs/supplemental_figures/audits/COGNITION_LOOKUP_SELECTED_FOR_SUPPLEMENTAL_NULL.csv,cognition_composite_score,NA,0.07030380119233015,4,0,FALSE,0.48026315789473684,0.4621710526315789,0.23190789473684212,NA,Non-client mitochondrial proteins
TRIAP1,0.1265175011571634,0.01727985129248039,0,outputs/supplemental_figures/audits/COGNITION_LOOKUP_SELECTED_FOR_SUPPLEMENTAL_NULL.csv,cognition_composite_score,NA,0.1265175011571634,5,0,FALSE,0.7582236842105263,0.7302631578947368,0,NA,Non-client mitochondrial proteins
TRMT1,0.09419539080854906,0.01330004236906954,0.5,outputs/supplemental_figures/audits/COGNITION_LOOKUP_SELECTED_FOR_SUPPLEMENTAL_NULL.csv,cognition_composite_score,NA,0.09419539080854906,4,0,FALSE,0.6118421052631579,0.6200657894736842,0.23190789473684212,NA,Non-client mitochondrial proteins
TRMT10C,0.13240698666849882,0.01959944525619832,9.5,outputs/supplemental_figures/audits/COGNITION_LOOKUP_SELECTED_FOR_SUPPLEMENTAL_NULL.csv,cognition_composite_score,NA,0.13240698666849882,5,0,FALSE,0.7845394736842105,0.7944078947368421,0.875,NA,Non-client mitochondrial proteins
TRMT5,0.0126944538628569,-0.00242085357741323,2.5,outputs/supplemental_figures/audits/COGNITION_LOOKUP_SELECTED_FOR_SUPPLEMENTAL_NULL.csv,cognition_composite_score,NA,0.0126944538628569,1,0,FALSE,0.23848684210526316,0.19736842105263158,0.6842105263157895,NA,Non-client mitochondrial proteins
TRMT61B,0.04558089676036933,0.00199636052309552,0.5,outputs/supplemental_figures/audits/COGNITION_LOOKUP_SELECTED_FOR_SUPPLEMENTAL_NULL.csv,cognition_composite_score,NA,0.04558089676036933,3,0,FALSE,0.3717105263157895,0.2779605263157895,0.23190789473684212,NA,Non-client mitochondrial proteins
TRNT1,0.01831490187149713,0.0015161618594115,0,outputs/supplemental_figures/audits/COGNITION_LOOKUP_SELECTED_FOR_SUPPLEMENTAL_NULL.csv,cognition_composite_score,NA,0.01831490187149713,2,0,FALSE,0.26480263157894735,0.2565789473684211,0,NA,Non-client mitochondrial proteins
TSPO,-0.1851595293745943,-0.03608877769502226,0,outputs/supplemental_figures/audits/COGNITION_LOOKUP_SELECTED_FOR_SUPPLEMENTAL_NULL.csv,cognition_composite_score,NA,0.1851595293745943,5,0,FALSE,0.008223684210526315,0.006578947368421052,0,NA,Non-client mitochondrial proteins
TSTD1,0.09606346946349,0.01269485420739235,0.5,outputs/supplemental_figures/audits/COGNITION_LOOKUP_SELECTED_FOR_SUPPLEMENTAL_NULL.csv,cognition_composite_score,NA,0.09606346946349,4,0,FALSE,0.6217105263157895,0.6052631578947368,0.23190789473684212,NA,Non-client mitochondrial proteins
TTC19,0.17429731056114006,0.02221184923191012,5.5,outputs/supplemental_figures/audits/COGNITION_LOOKUP_SELECTED_FOR_SUPPLEMENTAL_NULL.csv,cognition_composite_score,NA,0.17429731056114006,5,0,FALSE,0.8914473684210527,0.8355263157894737,0.7845394736842105,NA,Non-client mitochondrial proteins
TXN2,0.06879244280022621,0.01047055908292647,0.5,outputs/supplemental_figures/audits/COGNITION_LOOKUP_SELECTED_FOR_SUPPLEMENTAL_NULL.csv,cognition_composite_score,NA,0.06879244280022621,4,0,FALSE,0.4720394736842105,0.5345394736842105,0.23190789473684212,NA,Non-client mitochondrial proteins
TXNRD1,-0.08493796681221845,-0.01290383698103877,0,outputs/supplemental_figures/audits/COGNITION_LOOKUP_SELECTED_FOR_SUPPLEMENTAL_NULL.csv,cognition_composite_score,NA,0.08493796681221845,4,0,FALSE,0.047697368421052634,0.07072368421052631,0,NA,Non-client mitochondrial proteins
TXNRD2,0.06808934249588043,0.01058798396490336,0,outputs/supplemental_figures/audits/COGNITION_LOOKUP_SELECTED_FOR_SUPPLEMENTAL_NULL.csv,cognition_composite_score,NA,0.06808934249588043,4,0,FALSE,0.46875,0.5411184210526315,0,NA,Non-client mitochondrial proteins
UNG,0.03209131621341163,-0.00124324058721843,1.5,outputs/supplemental_figures/audits/COGNITION_LOOKUP_SELECTED_FOR_SUPPLEMENTAL_NULL.csv,cognition_composite_score,NA,0.03209131621341163,2,0,FALSE,0.31743421052631576,0.21546052631578946,0.5986842105263158,NA,Non-client mitochondrial proteins
UQCC1,0.04019583578007354,0.00587662081457637,0.5,outputs/supplemental_figures/audits/COGNITION_LOOKUP_SELECTED_FOR_SUPPLEMENTAL_NULL.csv,cognition_composite_score,NA,0.04019583578007354,3,0,FALSE,0.34868421052631576,0.3848684210526316,0.23190789473684212,NA,Non-client mitochondrial proteins
UQCC2,0.00611937347235675,8.064602425552382e-4,0.5,outputs/supplemental_figures/audits/COGNITION_LOOKUP_SELECTED_FOR_SUPPLEMENTAL_NULL.csv,cognition_composite_score,NA,0.00611937347235675,1,0,FALSE,0.21217105263157895,0.24671052631578946,0.23190789473684212,NA,Non-client mitochondrial proteins
UQCR10,0.21346135841591887,0.03421053962494051,2.5,outputs/supplemental_figures/audits/COGNITION_LOOKUP_SELECTED_FOR_SUPPLEMENTAL_NULL.csv,cognition_composite_score,NA,0.21346135841591887,5,0,FALSE,0.9671052631578947,0.9786184210526315,0.6842105263157895,NA,Non-client mitochondrial proteins
UQCR11,0.21211819928329556,0.02960370858126691,0,outputs/supplemental_figures/audits/COGNITION_LOOKUP_SELECTED_FOR_SUPPLEMENTAL_NULL.csv,cognition_composite_score,NA,0.21211819928329556,5,0,FALSE,0.9605263157894737,0.9375,0,NA,Non-client mitochondrial proteins
UQCRB,0.20962424191296453,0.03076886462591567,9.5,outputs/supplemental_figures/audits/COGNITION_LOOKUP_SELECTED_FOR_SUPPLEMENTAL_NULL.csv,cognition_composite_score,NA,0.20962424191296453,5,0,FALSE,0.9572368421052632,0.9490131578947368,0.875,NA,Non-client mitochondrial proteins
UQCRH,0.18465450690757151,0.02884068635080706,1.5,outputs/supplemental_figures/audits/COGNITION_LOOKUP_SELECTED_FOR_SUPPLEMENTAL_NULL.csv,cognition_composite_score,NA,0.18465450690757151,5,0,FALSE,0.9194078947368421,0.930921052631579,0.5986842105263158,NA,Non-client mitochondrial proteins
UQCRQ,0.21226422632704003,0.03455685429443329,12.5,outputs/supplemental_figures/audits/COGNITION_LOOKUP_SELECTED_FOR_SUPPLEMENTAL_NULL.csv,cognition_composite_score,NA,0.21226422632704003,5,0,FALSE,0.9638157894736842,0.9819078947368421,0.9342105263157895,NA,Non-client mitochondrial proteins
USP30,-0.02844118344674109,-0.00848228647213473,0.5,outputs/supplemental_figures/audits/COGNITION_LOOKUP_SELECTED_FOR_SUPPLEMENTAL_NULL.csv,cognition_composite_score,NA,0.02844118344674109,2,0,FALSE,0.13651315789473684,0.12335526315789473,0.23190789473684212,NA,Non-client mitochondrial proteins
VDAC1,0.17349062404709265,0.02640819384543181,0.5,outputs/supplemental_figures/audits/COGNITION_LOOKUP_SELECTED_FOR_SUPPLEMENTAL_NULL.csv,cognition_composite_score,NA,0.17349062404709265,5,0,FALSE,0.8898026315789473,0.8963815789473685,0.23190789473684212,NA,Non-client mitochondrial proteins
VDAC2,0.1284629952972575,0.02092121080712137,0.5,outputs/supplemental_figures/audits/COGNITION_LOOKUP_SELECTED_FOR_SUPPLEMENTAL_NULL.csv,cognition_composite_score,NA,0.1284629952972575,5,0,FALSE,0.7697368421052632,0.8125,0.23190789473684212,NA,Non-client mitochondrial proteins
VDAC3,0.10720705057068196,0.01757740675230306,0,outputs/supplemental_figures/audits/COGNITION_LOOKUP_SELECTED_FOR_SUPPLEMENTAL_NULL.csv,cognition_composite_score,NA,0.10720705057068196,5,0,FALSE,0.6710526315789473,0.7401315789473685,0,NA,Non-client mitochondrial proteins
VPS13D,0.03085603720293446,0.00378216560529964,0.5,outputs/supplemental_figures/audits/COGNITION_LOOKUP_SELECTED_FOR_SUPPLEMENTAL_NULL.csv,cognition_composite_score,NA,0.03085603720293446,2,0,FALSE,0.3125,0.3256578947368421,0.23190789473684212,NA,Non-client mitochondrial proteins
VWA8,0.05498397234233449,0.00539704701115972,0,outputs/supplemental_figures/audits/COGNITION_LOOKUP_SELECTED_FOR_SUPPLEMENTAL_NULL.csv,cognition_composite_score,NA,0.05498397234233449,3,0,FALSE,0.41118421052631576,0.37006578947368424,0,NA,Non-client mitochondrial proteins
WARS2,0.05172820999466607,0.00314089227933389,3.5,outputs/supplemental_figures/audits/COGNITION_LOOKUP_SELECTED_FOR_SUPPLEMENTAL_NULL.csv,cognition_composite_score,NA,0.05172820999466607,3,0,FALSE,0.3963815789473684,0.30098684210526316,0.7532894736842105,NA,Non-client mitochondrial proteins
YME1L1,0.10483197411124837,0.01385949476291103,0.5,outputs/supplemental_figures/audits/COGNITION_LOOKUP_SELECTED_FOR_SUPPLEMENTAL_NULL.csv,cognition_composite_score,NA,0.10483197411124837,5,0,FALSE,0.6595394736842105,0.6430921052631579,0.23190789473684212,NA,Non-client mitochondrial proteins
YRDC,0.02118157286068382,0.00546704954625392,0,outputs/supplemental_figures/audits/COGNITION_LOOKUP_SELECTED_FOR_SUPPLEMENTAL_NULL.csv,cognition_composite_score,NA,0.02118157286068382,2,0,FALSE,0.2746710526315789,0.37335526315789475,0,NA,Non-client mitochondrial proteins
