region_short,gene_symbol,gene_raw,term,beta_braak,se_braak,t_braak,p_braak,n_model,n_braak,n_braak_unique,braak_model_status,p_braak_fdr,inverse_braak_beta,group
DLPFC,AADAT,AADAT|Q8N5Z0,braak_num,-0.01288112480465149,0.0044042355695616,-2.92471294988739,0.00361659348683893,471,603,2,ok,0.00979071902364537,0.01288112480465149,Non-client mitochondrial proteins
DLPFC,AARS2,AARS2|Q5JTZ9,braak_num,-0.00612092461595381,0.00374763280018718,-1.6332775760869869,0.1030788860277572,478,610,2,ok,0.1695206330589056,0.00612092461595381,Hsp60/10 clients
DLPFC,AASS,AASS|Q9UDR5,braak_num,0.02260444994664657,0.00508451110633091,4.445746990010684,1.093477674212072e-5,478,610,2,ok,6.094793593968925e-5,-0.02260444994664657,Non-client mitochondrial proteins
DLPFC,ABAT,ABAT|P80404,braak_num,-0.001967648032835,0.00419541746357445,-0.4689993427158479,0.6392871131068159,478,610,2,ok,0.7247043341961682,0.001967648032835,Non-client mitochondrial proteins
DLPFC,ABCB10,ABCB10|Q9NRK6,braak_num,-0.00969996983403258,0.00264412219402668,-3.668502861155856,2.7182676013964765e-4,478,610,2,ok,0.00103285167966968,0.00969996983403258,Non-client mitochondrial proteins
DLPFC,ABCB6,ABCB6|Q9NP58,braak_num,0.00624996857466662,0.00289840526086313,2.1563473745577655,0.03157532927496348,466,598,2,ok,0.0634131530833876,-0.00624996857466662,Non-client mitochondrial proteins
DLPFC,ABCB7,ABCB7|O75027,braak_num,-0.00807753489962768,0.00497386700009592,-1.6239949519100327,0.10504589194306536,478,610,2,ok,0.1723541176116783,0.00807753489962768,Non-client mitochondrial proteins
DLPFC,ABCB8,ABCB8|Q9NUT2,braak_num,-0.01222135964747218,0.00468448552691203,-2.608901143415077,0.009372175541411,478,610,2,ok,0.02237040339837571,0.01222135964747218,Non-client mitochondrial proteins
DLPFC,ABCD2,ABCD2|Q9UBJ2,braak_num,-0.00623905667170273,0.00369085787517003,-1.6904082689489408,0.0916115042557765,478,610,2,ok,0.15431075395743638,0.00623905667170273,Non-client mitochondrial proteins
DLPFC,ABCD3,ABCD3|P28288,braak_num,0.00191503931067212,0.00226774923539582,0.8444669634461899,0.3988372378413979,478,610,2,ok,0.5061974067999492,-0.00191503931067212,Non-client mitochondrial proteins
DLPFC,ABHD10,ABHD10|Q9NUJ1,braak_num,-0.01400650327300738,0.0038474772773539,-3.6404382049113257,3.023256750691269e-4,478,610,2,ok,0.00113141039426603,0.01400650327300738,Hsp60/10 clients
DLPFC,ABHD11,ABHD11|Q8NFV4,braak_num,-0.02026916026262786,0.00455772569757462,-4.447209333684567,1.08636160550499e-5,478,610,2,ok,6.0661797679658194e-5,0.02026916026262786,Hsp60/10 clients
DLPFC,ACAA1,ACAA1|P09110,braak_num,0.00533637899265999,0.00270728846551037,1.9711157716080276,0.04929563240491111,478,610,2,ok,0.0919223858373114,-0.00533637899265999,Non-client mitochondrial proteins
DLPFC,ACAA2,ACAA2|P42765,braak_num,0.00392649702488769,0.00348040886570762,1.128171193785695,0.259821962385113,478,610,2,ok,0.3614982744309393,-0.00392649702488769,Hsp60/10 clients
DLPFC,ACACA,ACACA|Q13085,braak_num,-0.01110847868908068,0.00207382565638812,-5.356515218558811,1.3294584227951017e-7,478,610,2,ok,1.1906759337813692e-6,0.01110847868908068,Non-client mitochondrial proteins
DLPFC,ACAD10,ACAD10|Q6JQN1,braak_num,-0.00496460138700581,0.00365942428672056,-1.356661867557014,0.17553855088603837,478,610,2,ok,0.26356622458845796,0.00496460138700581,Non-client mitochondrial proteins
DLPFC,ACAD11,ACAD11|Q709F0,braak_num,0.00772924603901709,0.00459187866730736,1.6832426549174149,0.09301862496879748,459,591,2,ok,0.1561651384808999,-0.00772924603901709,Non-client mitochondrial proteins
DLPFC,ACAD8,ACAD8|Q9UKU7,braak_num,0.00583525568504771,0.00437797389506006,1.332866715270272,0.18321992696981848,478,610,2,ok,0.27295665848473444,-0.00583525568504771,Non-client mitochondrial proteins
DLPFC,ACAD9,ACAD9|Q9H845,braak_num,-0.01462042766199366,0.00419896796515048,-3.481909789104494,5.442448786505105e-4,478,610,2,ok,0.00188677038746664,0.01462042766199366,Hsp60/10 clients
DLPFC,ACADM,ACADM|P11310,braak_num,0.00181436168470293,0.00444191747389803,0.40846361855316626,0.6831189715284156,478,610,2,ok,0.7598488014819891,-0.00181436168470293,Non-client mitochondrial proteins
DLPFC,ACADS,ACADS|P16219,braak_num,-8.986421419185804e-4,0.00658407818426344,-0.13648716141713163,0.8914944915488979,478,610,2,ok,0.9240058069796638,8.986421419185804e-4,Non-client mitochondrial proteins
DLPFC,ACADSB,ACADSB|P45954,braak_num,-0.01793100894708894,0.00510619033616466,-3.511621730998219,4.8827089963008013e-4,478,610,2,ok,0.00171473866052185,0.01793100894708894,Non-client mitochondrial proteins
DLPFC,ACADVL,ACADVL|P49748,braak_num,-0.00854371913189924,0.00502001545311944,-1.7019308429798103,0.08942821755633394,478,610,2,ok,0.15143904024481564,0.00854371913189924,Hsp60/10 clients
DLPFC,ACAT1,ACAT1|P24752,braak_num,7.299011072798707e-4,0.00293924456757414,0.24832949096246287,0.8039877170934907,478,610,2,ok,0.8586094977801587,-7.299011072798707e-4,Hsp60/10 clients
DLPFC,ACLY,ACLY|P53396,braak_num,-0.00120737323067136,0.00261531099870431,-0.4616557003237958,0.6445413841516021,478,610,2,ok,0.728681022969422,0.00120737323067136,Non-client mitochondrial proteins
DLPFC,ACO2,ACO2|Q99798,braak_num,-0.0276653662697119,0.00385426764068958,-7.177852927920226,2.7740311745801048e-12,478,610,2,ok,9.646062947971729e-11,0.0276653662697119,Hsp60/10 clients
DLPFC,ACOT11,ACOT11|Q8WXI4,braak_num,-0.00451403539853458,0.00429692031506577,-1.0505280683720295,0.29402221733262773,471,603,2,ok,0.397921334558608,0.00451403539853458,Non-client mitochondrial proteins
DLPFC,ACOT13,ACOT13|Q9NPJ3,braak_num,-0.02384503601523237,0.00417686909821415,-5.708830096070634,2.0156803322081525e-8,478,610,2,ok,2.2160413712180649e-7,0.02384503601523237,Hsp60/10 clients
DLPFC,ACOT7,ACOT7|O00154,braak_num,-0.01792634575515926,0.002832477937443,-6.3288562704012055,5.758622874574506e-10,478,610,2,ok,9.881151025905417e-9,0.01792634575515926,Non-client mitochondrial proteins
DLPFC,ACOT9,ACOT9|Q9Y305,braak_num,0.00324310905347477,0.00333221470882017,0.973259329565545,0.33092399331401,478,610,2,ok,0.43773519576694697,-0.00324310905347477,Non-client mitochondrial proteins
DLPFC,ACP6,ACP6|Q9NPH0,braak_num,0.00802340318002646,0.00624120535030085,1.2855534675909517,0.1993578767638871,399,531,2,ok,0.2927700061898071,-0.00802340318002646,Non-client mitochondrial proteins
DLPFC,ACSF2,ACSF2|Q96CM8,braak_num,0.01261446656550024,0.00392800461035493,3.2114184724341284,0.00141119008235087,478,610,2,ok,0.0043603921090478,-0.01261446656550024,Non-client mitochondrial proteins
DLPFC,ACSF3,ACSF3|Q4G176,braak_num,-0.01158232612655033,0.0048111351178201,-2.407399884416096,0.01645020298669746,478,610,2,ok,0.03632736671106151,0.01158232612655033,Hsp60/10 clients
DLPFC,ACSL1,ACSL1|P33121,braak_num,0.01114175304457953,0.00244098409608453,4.564451305705543,6.398863987842113e-6,478,610,2,ok,3.799584179067956e-5,-0.01114175304457953,Non-client mitochondrial proteins
DLPFC,ACSL6,ACSL6|Q9UKU0,braak_num,-0.01222071445730158,0.00347530613540217,-3.5164425754646063,4.7971354921324047e-4,478,610,2,ok,0.00168856226295151,0.01222071445730158,Non-client mitochondrial proteins
DLPFC,ACSS1,ACSS1|Q9NUB1,braak_num,-0.00194630455677278,0.00362590943086229,-0.5367769366235727,0.5916751579245756,478,610,2,ok,0.6846814508694824,0.00194630455677278,Non-client mitochondrial proteins
DLPFC,ACSS3,ACSS3|Q9H6R3,braak_num,0.02125187033232059,0.00415237609084605,5.118002287695117,4.505793821828334e-7,478,610,2,ok,3.5322960960191377e-6,-0.02125187033232059,Non-client mitochondrial proteins
DLPFC,ADCK1,ADCK1|Q86TW2,braak_num,-0.01704371848034576,0.0037377651447147,-4.55986875056771,6.5340382201883e-6,478,610,2,ok,3.869836829763135e-5,0.01704371848034576,Non-client mitochondrial proteins
DLPFC,ADCK5,ADCK5|Q3MIX3,braak_num,-0.01172042400906404,0.00358143471624169,-3.2725499520938546,0.00114415018239597,478,610,2,ok,0.0036318460146594,0.01172042400906404,Non-client mitochondrial proteins
DLPFC,ADHFE1,ADHFE1|Q8IWW8,braak_num,0.01995516452770171,0.00617837825011098,3.229838595159378,0.00132520532226549,478,610,2,ok,0.00413226387853167,-0.01995516452770171,Non-client mitochondrial proteins
DLPFC,AFG3L2,AFG3L2|Q9Y4W6,braak_num,-0.01875241663875919,0.0037769780978786,-4.964925968009129,9.62504778291307e-7,478,610,2,ok,7.001421445890807e-6,0.01875241663875919,Hsp60/10 clients
DLPFC,AGK,AGK|Q53H12,braak_num,-0.01648464140692847,0.00469752005145699,-3.509222148357951,4.925833700314667e-4,478,610,2,ok,0.00172724038842202,0.01648464140692847,Non-client mitochondrial proteins
DLPFC,AGPAT4,AGPAT4|Q9NRZ5,braak_num,-0.0019032153609186,0.00322884300226513,-0.5894419021251399,0.5558474981773323,478,610,2,ok,0.6553660458859376,0.0019032153609186,Non-client mitochondrial proteins
DLPFC,AGPAT5,AGPAT5|Q9NUQ2,braak_num,-0.00326494722467378,0.00223464693663575,-1.461057302228305,0.14466648936557946,478,610,2,ok,0.22486257574941068,0.00326494722467378,Non-client mitochondrial proteins
DLPFC,AHCYL1,AHCYL1|O43865,braak_num,-0.00869083934357438,0.00308644379338992,-2.8158100148096317,0.0050695535214823,478,610,2,ok,0.01313163130000212,0.00869083934357438,Non-client mitochondrial proteins
DLPFC,AIFM1,AIFM1|O95831,braak_num,-0.01672917949585444,0.00343427891711619,-4.871234951965451,1.517185471100622e-6,478,610,2,ok,1.0567346452734223e-5,0.01672917949585444,Hsp60/10 clients
DLPFC,AIFM2,AIFM2|Q9BRQ8,braak_num,0.00427162968878546,0.00343347127621985,1.2441140015851229,0.21420866458071497,395,527,2,ok,0.3101904522409495,-0.00427162968878546,Non-client mitochondrial proteins
DLPFC,AIFM3,AIFM3|Q96NN9,braak_num,0.0073591700246761,0.00414195065107993,1.7767401508652307,0.07625636529358747,478,610,2,ok,0.1320817798858741,-0.0073591700246761,Non-client mitochondrial proteins
DLPFC,AK2,AK2|P54819,braak_num,0.00884374145156332,0.00328211650006807,2.694523930329683,0.00730079431871485,478,610,2,ok,0.01794026152731072,-0.00884374145156332,Hsp60/10 clients
DLPFC,AK3,AK3|Q9UIJ7,braak_num,0.01425537134456316,0.00446900855175823,3.1898286117520875,0.00151852800335191,478,610,2,ok,0.0046343374570381,-0.01425537134456316,Hsp60/10 clients
DLPFC,AK4,AK4|P27144,braak_num,6.18159944441826e-5,0.00311092606790296,0.01987060865314998,0.984155006146308,478,610,2,ok,0.9891113374669483,-6.18159944441826e-5,Hsp60/10 clients
DLPFC,AKAP1,AKAP1|Q92667,braak_num,-0.00352847744399104,0.00285049077050859,-1.2378491032130174,0.2163886992657565,478,610,2,ok,0.31259078908587157,0.00352847744399104,Non-client mitochondrial proteins
DLPFC,AKAP10,AKAP10|O43572,braak_num,-0.00112588584557876,0.0029870348951192,-0.3769242359432932,0.706399666425193,478,610,2,ok,0.7796980807723064,0.00112588584557876,Non-client mitochondrial proteins
DLPFC,AKR7A2,AKR7A2|O43488,braak_num,0.0204077995153249,0.00437783693710168,4.661617097332034,4.090795786542081e-6,478,610,2,ok,2.5529235431989333e-5,-0.0204077995153249,Hsp60/10 clients
DLPFC,ALDH18A1,ALDH18A1|P54886,braak_num,0.00541482540215055,0.00332392584841863,1.6290451860491033,0.10397206271723618,478,610,2,ok,0.17074481855889592,-0.00541482540215055,Hsp60/10 clients
DLPFC,ALDH1B1,ALDH1B1|P30837,braak_num,-0.01260531513891501,0.01057278381476669,-1.192241831456872,0.23376676152930495,478,610,2,ok,0.33198930551346223,0.01260531513891501,Hsp60/10 clients
DLPFC,ALDH1L1,ALDH1L1|O75891,braak_num,0.03084293413596394,0.00620576283856132,4.970047186513852,9.386628865877392e-7,478,610,2,ok,6.8497021453699885e-6,-0.03084293413596394,Non-client mitochondrial proteins
DLPFC,ALDH1L2,ALDH1L2|Q3SY69,braak_num,0.02042366848399316,0.00640130574371282,3.1905472573392872,0.00152951522608453,416,548,2,ok,0.00466401608216592,-0.02042366848399316,Non-client mitochondrial proteins
DLPFC,ALDH2,ALDH2|P05091,braak_num,-0.00811897652644353,0.00332037310046188,-2.44520006661725,0.01484243930875866,478,610,2,ok,0.03324069110866174,0.00811897652644353,Hsp60/10 clients
DLPFC,ALDH3A2,ALDH3A2|P51648,braak_num,0.01881929892726965,0.00335694348622243,5.606081545461751,3.5299410731339836e-8,478,610,2,ok,3.592556435850329e-7,-0.01881929892726965,Non-client mitochondrial proteins
DLPFC,ALDH4A1,ALDH4A1|P30038,braak_num,0.00347474475862372,0.00505017367456264,0.6880446064906162,0.4917634005890812,478,610,2,ok,0.5952515845738088,-0.00347474475862372,Non-client mitochondrial proteins
DLPFC,ALDH5A1,ALDH5A1|P51649,braak_num,-0.01372712775362977,0.00347243353702396,-3.95317220827056,8.896042916519165e-5,478,610,2,ok,3.881448382777849e-4,0.01372712775362977,Hsp60/10 clients
DLPFC,ALDH6A1,ALDH6A1|Q02252,braak_num,-0.00175545012430203,0.00293399587265296,-0.5983137674678204,0.5499181926211019,478,610,2,ok,0.6502123915844558,0.00175545012430203,Non-client mitochondrial proteins
DLPFC,ALDH7A1,ALDH7A1|P49419,braak_num,4.197304486593743e-4,0.0053921582690951,0.07784089926756031,0.93798766886344,478,610,2,ok,0.9570466917306036,-4.197304486593743e-4,Hsp60/10 clients
DLPFC,ALDH9A1,ALDH9A1|P49189,braak_num,0.0336864015601659,0.00462929965815048,7.276781381144045,1.4402979833650284e-12,478,610,2,ok,5.3712729832958294e-11,-0.0336864015601659,Hsp60/10 clients
DLPFC,ALKBH7,ALKBH7|Q9BT30,braak_num,-0.01430206761751085,0.00605122145406923,-2.363500943746361,0.01864135347557162,362,468,2,ok,0.04027479993074781,0.01430206761751085,Non-client mitochondrial proteins
DLPFC,ALYREF,ALYREF|Q86V81,braak_num,0.00277871846806686,0.00375032897711864,0.7409265920457283,0.45910717282569824,478,610,2,ok,0.5653392148276204,-0.00277871846806686,Hsp60/10 clients
DLPFC,AMACR,AMACR|Q9UHK6,braak_num,-0.01054245874886209,0.00525186676111735,-2.0073736117820222,0.045280667103549103,478,610,2,ok,0.08542468639757106,0.01054245874886209,Non-client mitochondrial proteins
DLPFC,AMT,AMT|P48728,braak_num,0.01088111709525036,0.0035759363787425,3.0428721159398124,0.0024742686944488,478,610,2,ok,0.00708698490328861,-0.01088111709525036,Non-client mitochondrial proteins
DLPFC,ANGEL2,ANGEL2|Q5VTE6,braak_num,0.00213241996435793,0.00302421013316797,0.7051163346655891,0.48109394326740096,468,600,2,ok,0.5854244961816994,-0.00213241996435793,Non-client mitochondrial proteins
DLPFC,APEX1,APEX1|P27695,braak_num,0.01483076762284021,0.00367581204737784,4.034691499914915,6.378539050413925e-5,478,610,2,ok,2.8901771215597154e-4,-0.01483076762284021,Non-client mitochondrial proteins
DLPFC,APOO,APOO|Q9BUR5,braak_num,-0.02346400752812654,0.0047841813726269,-4.904497906868216,1.2919080407583033e-6,478,610,2,ok,9.158081709777009e-6,0.02346400752812654,Non-client mitochondrial proteins
DLPFC,APOOL,APOOL|Q6UXV4,braak_num,-0.01907552795710699,0.00334845995455184,-5.696806357554318,2.1532028464089093e-8,478,610,2,ok,2.3406176867479653e-7,0.01907552795710699,Non-client mitochondrial proteins
DLPFC,ARF5,ARF5|P84085,braak_num,-0.01517725725923876,0.00289780238518388,-5.237505958597548,2.45850827832879e-7,478,610,2,ok,2.059224999549114e-6,0.01517725725923876,Non-client mitochondrial proteins
DLPFC,ARG2,ARG2|P78540,braak_num,0.0122937755960515,0.00585343868689483,2.1002655453752044,0.03624468840927097,471,603,2,ok,0.07104980559408659,-0.0122937755960515,Non-client mitochondrial proteins
DLPFC,ARL2,ARL2|P36404,braak_num,0.00580060073097718,0.00303871102462696,1.9089017297027349,0.05688222728954421,478,610,2,ok,0.10344271919929,-0.00580060073097718,Hsp60/10 clients
DLPFC,ARMC10,ARMC10|Q8N2F6,braak_num,-0.00166287322531748,0.00343040076960478,-0.4847460506805632,0.6280818508647871,478,610,2,ok,0.7162473777563659,0.00166287322531748,Non-client mitochondrial proteins
DLPFC,ARMCX1,ARMCX1|Q9P291,braak_num,0.00538843745453137,0.00442710563316108,1.2171467999700447,0.22415785767276572,478,610,2,ok,0.321476196443679,-0.00538843745453137,Non-client mitochondrial proteins
DLPFC,ARMCX2,ARMCX2|Q7L311,braak_num,-0.00804248634385068,0.00473143216022946,-1.6997995683955105,0.08982885019714974,478,610,2,ok,0.1520613765092817,0.00804248634385068,Non-client mitochondrial proteins
DLPFC,ARMCX3,ARMCX3|Q9UH62,braak_num,-0.01016682701490783,0.00223046675549078,-4.558161196476009,6.585104372145217e-6,478,610,2,ok,3.8900423511128114e-5,0.01016682701490783,Non-client mitochondrial proteins
DLPFC,ATAD1,ATAD1|Q8NBU5,braak_num,-0.02087070721594723,0.00336953803141417,-6.1939372760805185,1.2800373487325054e-9,478,610,2,ok,2.005231352632964e-8,0.02087070721594723,Non-client mitochondrial proteins
DLPFC,ATAD3A,ATAD3A|Q9NVI7,braak_num,-0.0105672168972998,0.00341501785003981,-3.0943372366784545,0.00208989447396749,478,610,2,ok,0.00612653850004432,0.0105672168972998,Hsp60/10 clients
DLPFC,ATAD3B,ATAD3B|Q5T9A4,braak_num,-0.01273571560862504,0.00411433895328947,-3.095446377465489,0.00208225123060472,478,610,2,ok,0.00610704993512823,0.01273571560862504,Hsp60/10 clients
DLPFC,ATPAF1,ATPAF1|Q5TC12,braak_num,-0.01831948482103198,0.00299210193144745,-6.122613881730208,1.941700910962212e-9,478,610,2,ok,2.8611259009041912e-8,0.01831948482103198,Non-client mitochondrial proteins
DLPFC,ATPAF2,ATPAF2|Q8N5M1,braak_num,-6.998404287059544e-4,0.00273283003630954,-0.2560863351937652,0.7979959804003383,478,610,2,ok,0.8544343887535357,6.998404287059544e-4,Non-client mitochondrial proteins
DLPFC,AUH,AUH|Q13825,braak_num,-0.02654397757373171,0.00413441308991072,-6.420252886318352,3.3260657996208046e-10,478,610,2,ok,6.164981464334963e-9,0.02654397757373171,Non-client mitochondrial proteins
DLPFC,AURKAIP1,AURKAIP1|Q9NWT8,braak_num,-0.011569134353242,0.007579591088616,-1.5263533636554616,0.1280080078809607,297,384,2,ok,0.203271667937592,0.011569134353242,Non-client mitochondrial proteins
DLPFC,BAD,BAD|Q92934,braak_num,-0.00179001773805476,0.00399866347449706,-0.44765400976382586,0.6546087312143897,478,610,2,ok,0.7373590854336478,0.00179001773805476,Non-client mitochondrial proteins
DLPFC,BAX,BAX|Q07812,braak_num,0.00153310378754789,0.00190699990912896,0.8039349033048219,0.4218401285234712,478,610,2,ok,0.5280295742586777,-0.00153310378754789,Non-client mitochondrial proteins
DLPFC,BCAT2,BCAT2|O15382,braak_num,0.00695041106763002,0.00655772627428205,1.059881241900565,0.28974183913276474,478,610,2,ok,0.3936989466013589,-0.00695041106763002,Hsp60/10 clients
DLPFC,BCKDHA,BCKDHA|P12694,braak_num,-0.0040935955252126,0.00239133837163799,-1.7118428632952616,0.08758390588822126,478,610,2,ok,0.14856250111860148,0.0040935955252126,Hsp60/10 clients
DLPFC,BCKDHB,BCKDHB|P21953,braak_num,-0.0066632408173032,0.00266831583303518,-2.4971709626007144,0.01285920187543481,478,610,2,ok,0.02940161225815481,0.0066632408173032,Hsp60/10 clients
DLPFC,BCKDK,BCKDK|O14874,braak_num,-0.01286490156155835,0.00361042033073616,-3.5632697533960505,4.035885932812409e-4,478,610,2,ok,0.0014506434167274,0.01286490156155835,Hsp60/10 clients
DLPFC,BCL2L1,BCL2L1|Q07817,braak_num,-0.00213387873751155,0.00173416778948835,-1.2304915074804474,0.21912727656304865,478,610,2,ok,0.315741390495807,0.00213387873751155,Non-client mitochondrial proteins
DLPFC,BCL2L13,BCL2L13|Q9BXK5,braak_num,-0.01737281759728432,0.00369748774846043,-4.69854635881297,3.4440270254340083e-6,478,610,2,ok,2.1925073135546147e-5,0.01737281759728432,Non-client mitochondrial proteins
DLPFC,BCL2L2,BCL2L2|Q92843,braak_num,-0.01872821824134572,0.00242341545649804,-7.728026241282165,6.648904332058584e-14,478,610,2,ok,3.963437777162195e-12,0.01872821824134572,Non-client mitochondrial proteins
DLPFC,BCS1L,BCS1L|Q9Y276,braak_num,-0.00626789410385012,0.00259834873049487,-2.412260536966627,0.01623521176035998,478,610,2,ok,0.03594771923784483,0.00626789410385012,Hsp60/10 clients
DLPFC,BDH1,BDH1|Q02338,braak_num,-0.02696948301432527,0.00557448274879741,-4.838024302818663,1.7796746668079554e-6,478,610,2,ok,1.2201204959893228e-5,0.02696948301432527,Non-client mitochondrial proteins
DLPFC,BID,BID|P55957,braak_num,-0.00486743728038284,0.00263928172556103,-1.844228008417013,0.06577773549190336,478,610,2,ok,0.11641403736565892,0.00486743728038284,Non-client mitochondrial proteins
DLPFC,BLOC1S1,BLOC1S1|P78537,braak_num,0.01008398616014932,0.00158788889143868,6.350561562914456,5.057688350212436e-10,478,610,2,ok,8.810166803595858e-9,-0.01008398616014932,Non-client mitochondrial proteins
DLPFC,BNIP3,BNIP3|Q12983,braak_num,-0.02355299960906029,0.00408430794942698,-5.7667051311262485,1.4647508996828856e-8,478,610,2,ok,1.664160056817932e-7,0.02355299960906029,Non-client mitochondrial proteins
DLPFC,BNIP3L,BNIP3L|O60238,braak_num,-0.01704813145590343,0.00354624620221071,-4.807373905758628,2.16098871412284e-6,411,538,2,ok,1.4385697168707518e-5,0.01704813145590343,Non-client mitochondrial proteins
DLPFC,BOLA1,BOLA1|Q9Y3E2,braak_num,-0.00993041458567335,0.00309945529492945,-3.2039225091966914,0.0014476358732776,478,610,2,ok,0.00445202590173816,0.00993041458567335,Non-client mitochondrial proteins
DLPFC,BOLA3,BOLA3|Q53S33,braak_num,-0.02327142695889563,0.00415637519308695,-5.598971670700369,3.6683625055128903e-8,478,610,2,ok,3.716950088367366e-7,0.02327142695889563,Non-client mitochondrial proteins
DLPFC,BPHL,BPHL|Q86WA6,braak_num,0.00786784749104883,0.00930431704002256,0.8456125750235352,0.3981982799551973,478,610,2,ok,0.5059578974980992,-0.00786784749104883,Non-client mitochondrial proteins
DLPFC,C15ORF61,C15orf61|A6NNL5,braak_num,-0.01007464871922557,0.00466555101933594,-2.159369531588472,0.0315907108460401,316,436,2,ok,0.06343016744677343,0.01007464871922557,Non-client mitochondrial proteins
DLPFC,C1QBP,C1QBP|Q07021,braak_num,-0.01358785989076845,0.00351234229696892,-3.868603553387853,1.2487205258093951e-4,478,610,2,ok,5.231973722925718e-4,0.01358785989076845,Hsp60/10 clients
DLPFC,C2ORF69,C2orf69|Q8N8R5,braak_num,-0.00557088175809868,0.00238970034867875,-2.331205149289443,0.02016357707477751,478,610,2,ok,0.04311708305298336,0.00557088175809868,Non-client mitochondrial proteins
DLPFC,C3ORF33,C3orf33|Q6P1S2,braak_num,-0.00991925685926088,0.00365457650516718,-2.7142014526816185,0.00688731109311726,478,610,2,ok,0.01706058234278232,0.00991925685926088,Non-client mitochondrial proteins
DLPFC,C6ORF136,C6orf136|Q5SQH8,braak_num,-0.02195730071543646,0.00372345651755402,-5.897020849288833,7.069454943881466e-9,478,610,2,ok,8.799358949262915e-8,0.02195730071543646,Non-client mitochondrial proteins
DLPFC,C8ORF82,C8orf82|Q6P1X6,braak_num,2.754417201338996e-4,0.003756989936796,0.07331446843554723,0.9415870024204868,478,610,2,ok,0.9595657950954782,-2.754417201338996e-4,Non-client mitochondrial proteins
DLPFC,CA5B,CA5B|Q9Y2D0,braak_num,-0.00706485570606659,0.00600810689584462,-1.1758871519001832,0.2402616914073335,457,589,2,ok,0.33937564657936936,0.00706485570606659,Non-client mitochondrial proteins
DLPFC,CARS2,CARS2|Q9HA77,braak_num,7.701121122605545e-4,0.00500533938583878,0.15385812087775158,0.8777875051161409,478,610,2,ok,0.9140300926685768,-7.701121122605545e-4,Hsp60/10 clients
DLPFC,CASP3,CASP3|P42574,braak_num,0.01224668732284335,0.00417021251011029,2.936705813709109,0.003482122898629,471,603,2,ok,0.00948261293664023,-0.01224668732284335,Non-client mitochondrial proteins
DLPFC,CASP9,CASP9|P55211,braak_num,0.00692475409318057,0.00316538097830027,2.187652652445957,0.02936161201768703,354,467,2,ok,0.0595667620601916,-0.00692475409318057,Non-client mitochondrial proteins
DLPFC,CAT,CAT|P04040,braak_num,0.02734234463679098,0.00681869661111528,4.009907786807777,7.06164939965764e-5,478,610,2,ok,3.165329174260602e-4,-0.02734234463679098,Non-client mitochondrial proteins
DLPFC,CBR3,CBR3|O75828,braak_num,0.01370060603549042,0.00487296947967607,2.811551784313898,0.00513600397790113,478,610,2,ok,0.0132625925505295,-0.01370060603549042,Non-client mitochondrial proteins
DLPFC,CBR4,CBR4|Q8N4T8,braak_num,0.0142337151153551,0.00385078150283286,3.696318553749136,2.444712385945408e-4,478,610,2,ok,9.410322151718648e-4,-0.0142337151153551,Hsp60/10 clients
DLPFC,CCDC127,CCDC127|Q96BQ5,braak_num,-0.00985545209598749,0.00316558962253644,-3.113306925769724,0.00196266134900678,478,610,2,ok,0.00579518532772026,0.00985545209598749,Non-client mitochondrial proteins
DLPFC,CCDC51,CCDC51|Q96ER9,braak_num,-0.00810044782716167,0.00289526647437306,-2.797824621277989,0.0053556298604018,478,610,2,ok,0.0137331514297454,0.00810044782716167,Non-client mitochondrial proteins
DLPFC,CCDC58,CCDC58|Q4VC31,braak_num,-0.01368178596016774,0.00284968967940898,-4.801149423050623,2.122390197940613e-6,478,610,2,ok,1.4171678632842913e-5,0.01368178596016774,Non-client mitochondrial proteins
DLPFC,CCDC90B,CCDC90B|Q9GZT6,braak_num,0.0029530751199691,0.00355395241263076,0.8309270291503791,0.4064358652240384,478,610,2,ok,0.5131455429454921,-0.0029530751199691,Hsp60/10 clients
DLPFC,CCT3,CCT3|P49368,braak_num,-0.00286158245781362,0.00154807639875127,-1.8484762509924288,0.0651600587697021,478,610,2,ok,0.11549900357325069,0.00286158245781362,Hsp60/10 clients
DLPFC,CCT6A,CCT6A|P40227,braak_num,-0.00324492505531953,0.00165155455117179,-1.964770133095043,0.05002825385558438,478,610,2,ok,0.09309940612087264,0.00324492505531953,Hsp60/10 clients
DLPFC,CDK5RAP1,CDK5RAP1|Q96SZ6,braak_num,-0.00810929779247504,0.00758950207141529,-1.0684887778102707,0.2868799203741071,170,225,2,ok,0.3905038062031884,0.00810929779247504,Hsp60/10 clients
DLPFC,CHCHD1,CHCHD1|Q96BP2,braak_num,-0.02326228034204567,0.0045351409318624,-5.129340122290927,4.5463686144199915e-7,406,538,2,ok,3.561063471021802e-6,0.02326228034204567,Hsp60/10 clients
DLPFC,CHCHD10,CHCHD10|Q8WYQ3,braak_num,-0.0384338672816242,0.00705602915850649,-5.446954146340183,8.269302466724444e-8,478,610,2,ok,7.80989677412864e-7,0.0384338672816242,Non-client mitochondrial proteins
DLPFC,CHCHD2,CHCHD2|Q9Y6H1,braak_num,-0.03058514095313619,0.00646989960218266,-4.727297614141969,3.009786829283738e-6,478,610,2,ok,1.9512601054254743e-5,0.03058514095313619,Non-client mitochondrial proteins
DLPFC,CHCHD3,CHCHD3|Q9NX63,braak_num,-0.01984329434912951,0.0037505686046841,-5.29074293544374,1.8700263010320478e-7,478,610,2,ok,1.6088886076358196e-6,0.01984329434912951,Non-client mitochondrial proteins
DLPFC,CHCHD4,CHCHD4|Q8N4Q1,braak_num,-0.0181105974843043,0.00375747953102142,-4.8198792128565975,1.9410537475787174e-6,478,610,2,ok,1.3160172380186578e-5,0.0181105974843043,Non-client mitochondrial proteins
DLPFC,CHCHD5,CHCHD5|Q9BSY4,braak_num,-5.2298174748542e-4,0.00494936126204071,-0.10566651327241876,0.9159007250005078,401,533,2,ok,0.9414364187106328,5.2298174748542e-4,Non-client mitochondrial proteins
DLPFC,CHCHD6,CHCHD6|Q9BRQ6,braak_num,-0.02688456588839527,0.0046435535581208,-5.789653452231343,1.2896387429603988e-8,478,610,2,ok,1.4985928684020837e-7,0.02688456588839527,Non-client mitochondrial proteins
DLPFC,CHCHD7,CHCHD7|Q9BUK0,braak_num,-0.00846923977873327,0.00435477807870073,-1.9448154706565683,0.05239200122074019,478,610,2,ok,0.09655863706211504,0.00846923977873327,Non-client mitochondrial proteins
DLPFC,CHDH,CHDH|Q8NE62,braak_num,0.02854893905580835,0.00653096402230723,4.371320827721031,1.5208669406224744e-5,478,610,2,ok,8.198214042815218e-5,-0.02854893905580835,Non-client mitochondrial proteins
DLPFC,CISD1,CISD1|Q9NZ45,braak_num,-0.02759895569999391,0.00440312310244209,-6.268040901397188,8.26852929631314e-10,478,610,2,ok,1.3651996212258028e-8,0.02759895569999391,Non-client mitochondrial proteins
DLPFC,CISD3,CISD3|P0C7P0,braak_num,0.0333846496390062,0.01212418603731543,2.753558015049917,0.00612303953172781,478,610,2,ok,0.01538300572010436,-0.0333846496390062,Non-client mitochondrial proteins
DLPFC,CKMT1A,CKMT1A|P12532,braak_num,-0.01683001384224687,0.00479711829198198,-3.5083591476943448,4.941430258169579e-4,478,610,2,ok,0.0017320477193584,0.01683001384224687,Non-client mitochondrial proteins
DLPFC,CKMT2,CKMT2|P17540,braak_num,-0.00623296450950827,0.00387340411775385,-1.60916969157422,0.10824925431601878,478,610,2,ok,0.17685142456327682,0.00623296450950827,Non-client mitochondrial proteins
DLPFC,CLPB,CLPB|Q9H078,braak_num,-0.00450731736227113,0.00323043232623885,-1.39526753916524,0.16359268864708962,478,610,2,ok,0.24876277650824627,0.00450731736227113,Non-client mitochondrial proteins
DLPFC,CLPP,CLPP|Q16740,braak_num,8.392437051906542e-4,0.00376434986837492,0.2229451922737875,0.8236748151849722,478,610,2,ok,0.8738396860508545,-8.392437051906542e-4,Hsp60/10 clients
DLPFC,CLPX,CLPX|O76031,braak_num,0.00755258361534413,0.00551387796927502,1.369740799021921,0.1714204708791082,478,610,2,ok,0.25839736004437,-0.00755258361534413,Hsp60/10 clients
DLPFC,CLYBL,CLYBL|Q8N0X4,braak_num,0.0101334721322311,0.00779939545490122,1.299263794332049,0.19448902966204537,478,610,2,ok,0.286628558724928,-0.0101334721322311,Non-client mitochondrial proteins
DLPFC,CMC1,CMC1|Q7Z7K0,braak_num,-0.00973606287077122,0.00406389760818732,-2.3957451219136208,0.01697595381926659,478,610,2,ok,0.03727320164096324,0.00973606287077122,Non-client mitochondrial proteins
DLPFC,CMC2,CMC2|Q9NRP2,braak_num,-0.03043573339065629,0.0067599511349599,-4.502359970215495,8.481381238720598e-6,478,610,2,ok,4.851033007567295e-5,0.03043573339065629,Non-client mitochondrial proteins
DLPFC,CMC4,CMC4|P56277,braak_num,-0.0024554691712413,0.00374080850614951,-0.6564006596982319,0.5119495350429057,401,533,2,ok,0.6140986190636187,0.0024554691712413,Non-client mitochondrial proteins
DLPFC,CMPK2,CMPK2|Q5EBM0,braak_num,0.00286642599951416,0.00312621176249906,0.916900778731242,0.3596638730227999,478,610,2,ok,0.46757794599809266,-0.00286642599951416,Non-client mitochondrial proteins
DLPFC,CNP,CNP|P09543,braak_num,1.4087841436879537e-4,0.01323082858547797,0.010647739365577,0.9915090021146336,478,610,2,ok,0.993890875672891,-1.4087841436879537e-4,Hsp60/10 clients
DLPFC,COA1,COA1|Q9GZY4,braak_num,-0.02470099034094579,0.00398952161567294,-6.191466727215428,1.328449223185051e-9,464,596,2,ok,2.0704862256092985e-8,0.02470099034094579,Non-client mitochondrial proteins
DLPFC,COA3,COA3|Q9Y2R0,braak_num,-0.00902243271348596,0.00382072727454966,-2.3614437946370876,0.01861009244552976,478,610,2,ok,0.04023566854685899,0.00902243271348596,Non-client mitochondrial proteins
DLPFC,COA4,COA4|Q9NYJ1,braak_num,-0.01631011102150842,0.00514298675906745,-3.1713305488785357,0.00161908055446164,466,598,2,ok,0.00490695262131326,0.01631011102150842,Non-client mitochondrial proteins
DLPFC,COA5,COA5|Q86WW8,braak_num,-0.00507426789409672,0.0039561616647369,-1.2826239987425236,0.20025468807082625,478,610,2,ok,0.2938989666650975,0.00507426789409672,Non-client mitochondrial proteins
DLPFC,COA6,COA6|Q5JTJ3,braak_num,-0.03299787070148785,0.00516505125454078,-6.388682139887421,4.0233154226067984e-10,478,610,2,ok,7.241967760692237e-9,0.03299787070148785,Non-client mitochondrial proteins
DLPFC,COA7,COA7|Q96BR5,braak_num,-0.03156513893922038,0.00465747808879857,-6.777302724222334,3.671059961478239e-11,478,610,2,ok,9.310657032337534e-10,0.03156513893922038,Non-client mitochondrial proteins
DLPFC,COASY,COASY|Q13057,braak_num,0.00633452293618285,0.00211164044515936,2.9998113318504744,0.00284462677870524,478,610,2,ok,0.00798827587290124,-0.00633452293618285,Non-client mitochondrial proteins
DLPFC,COMT,COMT|P21964,braak_num,0.01525093903402424,0.00438738546815025,3.4760882408752947,5.558920165427303e-4,478,610,2,ok,0.00192351628792395,-0.01525093903402424,Non-client mitochondrial proteins
DLPFC,COMTD1,COMTD1|Q86VU5,braak_num,0.00304119441942299,0.00565018211715038,0.5382471496258233,0.5906606911143648,478,610,2,ok,0.6840248699924144,-0.00304119441942299,Non-client mitochondrial proteins
DLPFC,COQ10A,COQ10A|Q96MF6,braak_num,-0.00378909300493398,0.00403246979315395,-0.9396457256460652,0.34788094060164854,478,610,2,ok,0.45511572391665006,0.00378909300493398,Non-client mitochondrial proteins
DLPFC,COQ10B,COQ10B|Q9H8M1,braak_num,-0.01436693915324539,0.00488416823781683,-2.9415324070956324,0.00342684661683979,478,610,2,ok,0.00935428246880442,0.01436693915324539,Non-client mitochondrial proteins
DLPFC,COQ3,COQ3|Q9NZJ6,braak_num,-0.01628983515914014,0.0044057477500385,-3.697405317632581,2.4345693127206507e-4,478,610,2,ok,9.395663855371364e-4,0.01628983515914014,Non-client mitochondrial proteins
DLPFC,COQ5,COQ5|Q5HYK3,braak_num,-0.00865863841147196,0.00319716847301019,-2.708220878745151,0.00701069091197415,478,610,2,ok,0.01732386071922549,0.00865863841147196,Non-client mitochondrial proteins
DLPFC,COQ6,COQ6|Q9Y2Z9,braak_num,-0.01321732952870267,0.00379475408342657,-3.4830529826501273,5.419846563638613e-4,478,610,2,ok,0.00188177728646756,0.01321732952870267,Non-client mitochondrial proteins
DLPFC,COQ7,COQ7|Q99807,braak_num,-0.01464358429805039,0.00382430944745875,-3.829079340789488,1.4600882288879458e-4,478,610,2,ok,5.981084311107249e-4,0.01464358429805039,Non-client mitochondrial proteins
DLPFC,COQ9,COQ9|O75208,braak_num,-0.02220717679185083,0.00356876521812778,-6.2226499740156545,1.0811811429728883e-9,478,610,2,ok,1.7382211720649938e-8,0.02220717679185083,Non-client mitochondrial proteins
DLPFC,COX11,COX11|Q9Y6N1,braak_num,-0.01157824666592413,0.00428058493172445,-2.7048281603093396,0.00708156490303152,478,610,2,ok,0.01748017365147335,0.01157824666592413,Non-client mitochondrial proteins
DLPFC,COX14,COX14|Q96I36,braak_num,-0.00925958765597071,0.00562374258939852,-1.646516978466658,0.10063905238323624,327,438,2,ok,0.166252744444504,0.00925958765597071,Non-client mitochondrial proteins
DLPFC,COX15,COX15|Q7KZN9,braak_num,-0.00194647803573802,0.003358853718292,-0.5795066409524443,0.56252443708112,478,610,2,ok,0.6606927242073544,0.00194647803573802,Non-client mitochondrial proteins
DLPFC,COX17,COX17|Q14061,braak_num,-0.01655260466811981,0.00512363668093399,-3.2306359132986824,0.0013215953124322,478,610,2,ok,0.00412240739657752,0.01655260466811981,Non-client mitochondrial proteins
DLPFC,COX18,COX18|Q8N8Q8,braak_num,-0.00206026857107148,0.00352858697232036,-0.583879209222572,0.5595967552420967,453,585,2,ok,0.6585791009283212,0.00206026857107148,Non-client mitochondrial proteins
DLPFC,COX19,COX19|Q49B96,braak_num,-0.02889037914126641,0.00465353062074763,-6.208270987292851,1.195868029100127e-9,468,600,2,ok,1.8862660665187572e-8,0.02889037914126641,Non-client mitochondrial proteins
DLPFC,COX20,COX20|Q5RI15,braak_num,-0.00866629321501523,0.00328191274962093,-2.6406226722560464,0.00855023169694007,478,610,2,ok,0.02062975866102847,0.00866629321501523,Non-client mitochondrial proteins
DLPFC,COX4I1,COX4I1|P13073,braak_num,-0.02608205890375827,0.00507635168398768,-5.137953500351209,4.075650648389154e-7,478,610,2,ok,3.230956213489847e-6,0.02608205890375827,Hsp60/10 clients
DLPFC,COX5A,COX5A|P20674,braak_num,-0.02871336390335651,0.00502869780834643,-5.709900454884997,2.0038612418357163e-8,478,610,2,ok,2.2056889928119757e-7,0.02871336390335651,Non-client mitochondrial proteins
DLPFC,COX5B,COX5B|P10606,braak_num,-0.02578695474341959,0.00459278927092886,-5.6146609875275955,3.3696652205497825e-8,478,610,2,ok,3.452402536232925e-7,0.02578695474341959,Non-client mitochondrial proteins
DLPFC,COX6A1,COX6A1|P12074,braak_num,-0.01947039892770117,0.00553522498983095,-3.5175442666686965,4.7777776549551174e-4,478,610,2,ok,0.00168307229295631,0.01947039892770117,Non-client mitochondrial proteins
DLPFC,COX6B1,COX6B1|P14854,braak_num,-0.02951215028839018,0.0049037400088724,-6.018294247858465,3.546611338208039e-9,478,610,2,ok,4.8162562255547046e-8,0.02951215028839018,Non-client mitochondrial proteins
DLPFC,COX6C,COX6C|P09669,braak_num,-0.03054227170417817,0.00559554223470578,-5.45832207551626,7.786606102248258e-8,478,610,2,ok,7.415046060024794e-7,0.03054227170417817,Non-client mitochondrial proteins
DLPFC,COX7A1,COX7A1|P24310,braak_num,-0.01957099993085867,0.00710342069407971,-2.755151464866771,0.00609377618565355,478,610,2,ok,0.01532626448884921,0.01957099993085867,Non-client mitochondrial proteins
DLPFC,COX7A2,COX7A2|P14406,braak_num,-0.02771623202875551,0.00548930271669367,-5.049135283515495,6.354737184056172e-7,478,610,2,ok,4.8132415304979914e-6,0.02771623202875551,Non-client mitochondrial proteins
DLPFC,COX7A2L,COX7A2L|O14548,braak_num,-0.03572630164146341,0.00538653792504968,-6.632516495487939,9.074913029970935e-11,478,610,2,ok,1.9835167051222187e-9,0.03572630164146341,Hsp60/10 clients
DLPFC,COX7B,COX7B|P24311,braak_num,-0.02378654563196953,0.00720096219252059,-3.3032454547082417,0.00102850420902852,478,610,2,ok,0.00330590638616312,0.02378654563196953,Non-client mitochondrial proteins
DLPFC,COX7C,COX7C|P15954,braak_num,-0.02755083508425219,0.00579233994404736,-4.756425788262906,2.6238171568484083e-6,478,610,2,ok,1.7192463597336464e-5,0.02755083508425219,Non-client mitochondrial proteins
DLPFC,CPOX,CPOX|P36551,braak_num,0.00159487118269152,0.00398448915774609,0.4002699265954823,0.6891391957226886,478,610,2,ok,0.7650620167776371,-0.00159487118269152,Hsp60/10 clients
DLPFC,CPS1,CPS1|P31327,braak_num,0.01244057258689482,0.00355566842133103,3.4987999759093937,5.117305686117054e-4,478,610,2,ok,0.00178900978640999,-0.01244057258689482,Non-client mitochondrial proteins
DLPFC,CPT1A,CPT1A|P50416,braak_num,-0.00672335459176808,0.00346018282310314,-1.9430633973665217,0.0526039462313794,478,610,2,ok,0.0969103404383028,0.00672335459176808,Non-client mitochondrial proteins
DLPFC,CPT1C,CPT1C|Q8TCG5,braak_num,-0.00559293818135545,0.00291680072795972,-1.917490669740632,0.05578926587864106,471,603,2,ok,0.10167668468650486,0.00559293818135545,Non-client mitochondrial proteins
DLPFC,CPT2,CPT2|P23786,braak_num,0.00520250185370871,0.00546707237341853,0.9516065452149134,0.3417846246180075,478,610,2,ok,0.4490600907389879,-0.00520250185370871,Hsp60/10 clients
DLPFC,CRAT,CRAT|P43155,braak_num,-0.01112762695503862,0.00381585592519516,-2.91615490028479,0.00371284796609925,478,610,2,ok,0.01003649715217642,0.01112762695503862,Non-client mitochondrial proteins
DLPFC,CROT,CROT|Q9UKG9,braak_num,-0.0091779965138991,0.00368268178704418,-2.492204606487489,0.01303799093475458,478,610,2,ok,0.0297109291456275,0.0091779965138991,Non-client mitochondrial proteins
DLPFC,CRYZ,CRYZ|Q08257,braak_num,-0.00152231851974034,0.00686668884775882,-0.2216961556714789,0.8246465094413025,478,610,2,ok,0.8743653218608404,0.00152231851974034,Hsp60/10 clients
DLPFC,CS,CS|O75390,braak_num,-0.02547784215368884,0.0040949357774531,-6.221792853009063,1.0866539160293106e-9,478,610,2,ok,1.743965550550537e-8,0.02547784215368884,Hsp60/10 clients
DLPFC,CYB5B,CYB5B|O43169,braak_num,0.0016128597204463,0.0041414804520993,0.38944037985951385,0.6971264260948122,478,610,2,ok,0.7715964060224713,-0.0016128597204463,Non-client mitochondrial proteins
DLPFC,CYB5R3,CYB5R3|P00387,braak_num,0.00633496008385205,0.00347516465516411,1.8229237208770153,0.06894872963858475,478,610,2,ok,0.1214174828471529,-0.00633496008385205,Non-client mitochondrial proteins
DLPFC,CYC1,CYC1|P08574,braak_num,-0.03137492894056892,0.00412747677084521,-7.601479228711449,1.5974500260578868e-13,478,610,2,ok,8.525925139076397e-12,0.03137492894056892,Hsp60/10 clients
DLPFC,CYCS,CYCS|P00004,braak_num,-0.01342210239363455,0.0313350601785002,-0.42834136322622457,0.6687883752353914,246,298,2,ok,0.7487215536214868,0.01342210239363455,Non-client mitochondrial proteins
DLPFC,CYCS,CYCS|P99999,braak_num,-0.04066970010712123,0.00507332364362515,-8.016381954702297,8.669160580980042e-15,478,610,2,ok,6.577098688710478e-13,0.04066970010712123,Non-client mitochondrial proteins
DLPFC,CYP27A1,CYP27A1|Q02318,braak_num,0.00483850363484646,0.00394486021792666,1.226533607669748,0.220610736309486,478,610,2,ok,0.3174304951913921,-0.00483850363484646,Non-client mitochondrial proteins
DLPFC,D2HGDH,D2HGDH|Q8N465,braak_num,-0.01189786483914729,0.00647049165033386,-1.8387883768512985,0.0665756959032751,478,610,2,ok,0.11769013833854523,0.01189786483914729,Non-client mitochondrial proteins
DLPFC,DAP3,DAP3|P51398,braak_num,-0.02337203140918984,0.00434870667953485,-5.37447869712145,1.2104410964303918e-7,478,610,2,ok,1.0936859513022633e-6,0.02337203140918984,Hsp60/10 clients
DLPFC,DARS2,DARS2|Q6PI48,braak_num,-0.0024613310860204,0.0034259734244159,-0.7184326266161982,0.47284680365522447,478,610,2,ok,0.5773019893010987,0.0024613310860204,Hsp60/10 clients
DLPFC,DBI,DBI|P07108,braak_num,0.04971615286362475,0.00627466534353247,7.923315450579206,1.683236374369052e-14,478,610,2,ok,1.197837978039372e-12,-0.04971615286362475,Non-client mitochondrial proteins
DLPFC,DBT,DBT|P11182,braak_num,-0.02138102213792401,0.00371096642594016,-5.7615778974629714,1.506932323356979e-8,478,610,2,ok,1.7078566331379098e-7,0.02138102213792401,Non-client mitochondrial proteins
DLPFC,DCAKD,DCAKD|Q8WVC6,braak_num,-0.00362509572284482,0.00319361594977965,-1.1351069696075853,0.256907809637735,478,610,2,ok,0.35829212382929354,0.00362509572284482,Non-client mitochondrial proteins
DLPFC,DCXR,DCXR|Q7Z4W1,braak_num,-5.695294274192196e-4,0.00448249312944652,-0.12705639718170458,0.8989499852967517,478,610,2,ok,0.9283789925778132,5.695294274192196e-4,Hsp60/10 clients
DLPFC,DDX28,DDX28|Q9NUL7,braak_num,-0.00366409492954439,0.0048514960946054,-0.7552505161487528,0.450561663245532,390,522,2,ok,0.5569080474746175,0.00366409492954439,Non-client mitochondrial proteins
DLPFC,DECR1,DECR1|Q16698,braak_num,-0.00565227342464717,0.00349438157718784,-1.6175318292502932,0.10643300483222624,478,610,2,ok,0.17428617818686817,0.00565227342464717,Non-client mitochondrial proteins
DLPFC,DGUOK,DGUOK|Q16854,braak_num,-0.01090852428903895,0.00363180961516795,-3.0036057626700496,0.00281005905903938,478,610,2,ok,0.00791197939814348,0.01090852428903895,Non-client mitochondrial proteins
DLPFC,DHODH,DHODH|Q02127,braak_num,-0.00595284106456698,0.00312263002246576,-1.9063549065176684,0.05721249463895712,478,610,2,ok,0.10391980624962928,0.00595284106456698,Non-client mitochondrial proteins
DLPFC,DHRS1,DHRS1|Q96LJ7,braak_num,0.00589939286134298,0.00676902540949666,0.8715276578909537,0.3839101284484566,478,610,2,ok,0.4919451394691279,-0.00589939286134298,Non-client mitochondrial proteins
DLPFC,DHRS4,DHRS4|Q9BTZ2,braak_num,2.005607902182584e-5,0.00821078628641072,0.00244265023132068,0.9980520832349492,478,610,2,ok,0.9984871538902388,-2.005607902182584e-5,Non-client mitochondrial proteins
DLPFC,DHRS7B,DHRS7B|Q6IAN0,braak_num,-0.01690991997060584,0.00312617868587805,-5.409134176172766,1.0093615711110018e-07,478,610,2,ok,9.293820684853556e-7,0.01690991997060584,Non-client mitochondrial proteins
DLPFC,DHTKD1,DHTKD1|Q96HY7,braak_num,0.01228946837378392,0.00662516263374224,1.8549685574801025,0.06422538185801105,478,610,2,ok,0.11412872734350396,-0.01228946837378392,Non-client mitochondrial proteins
DLPFC,DHX30,DHX30|Q7L2E3,braak_num,-0.0047746175840357,0.00309038101898981,-1.5449931755005533,0.12301951399076304,478,610,2,ok,0.19673318963533465,0.0047746175840357,Hsp60/10 clients
DLPFC,DIABLO,DIABLO|Q9NR28,braak_num,-0.01876112853678647,0.00360274151938668,-5.207458940873529,2.866135473345791e-7,478,610,2,ok,2.3661082414851045e-6,0.01876112853678647,Non-client mitochondrial proteins
DLPFC,DLAT,DLAT|P10515,braak_num,-0.03042429013163324,0.00440717995517685,-6.903346457613014,1.6489961660601962e-11,478,610,2,ok,4.6151782940343303e-10,0.03042429013163324,Hsp60/10 clients
DLPFC,DLD,DLD|P09622,braak_num,-0.02851645050654001,0.00432514928693504,-6.593171383165781,1.1574359560227348e-10,478,610,2,ok,2.420333046990594e-9,0.02851645050654001,Hsp60/10 clients
DLPFC,DLST,DLST|P36957,braak_num,-0.02102063672749948,0.00407963733560006,-5.152574848765962,3.7859420868441297e-7,478,610,2,ok,3.0219914283154845e-6,0.02102063672749948,Hsp60/10 clients
DLPFC,DNAJA3,DNAJA3|Q96EY1,braak_num,-0.00929120223796481,0.00291475132137866,-3.1876483492149545,0.00152977695244026,478,610,2,ok,0.00466401608216592,0.00929120223796481,Hsp60/10 clients
DLPFC,DNAJC11,DNAJC11|Q9NVH1,braak_num,-0.01426086273442521,0.00305596759551144,-4.666562157063233,3.997864497129056e-6,478,610,2,ok,2.5034376591844976e-5,0.01426086273442521,Non-client mitochondrial proteins
DLPFC,DNAJC19,DNAJC19|Q96DA6,braak_num,-0.01906526920463258,0.00360230926920582,-5.292513157493486,1.853017592548488e-7,478,610,2,ok,1.595750609718116e-6,0.01906526920463258,Non-client mitochondrial proteins
DLPFC,DNAJC28,DNAJC28|Q9NX36,braak_num,-0.00546677856466959,0.00558683884108337,-0.978510159353282,0.3288198342834977,244,319,2,ok,0.4357052654045192,0.00546677856466959,Non-client mitochondrial proteins
DLPFC,DNAJC30,DNAJC30|Q96LL9,braak_num,-0.01439524379731691,0.00404490932874594,-3.5588545075693765,4.102510938590856e-4,478,610,2,ok,0.00147228500454511,0.01439524379731691,Non-client mitochondrial proteins
DLPFC,DNLZ,DNLZ|Q5SXM8,braak_num,-0.00343254708324343,0.00500693587094728,-0.6855584276924283,0.4933680282740408,429,554,2,ok,0.5968004347813539,0.00343254708324343,Non-client mitochondrial proteins
DLPFC,DNM1L,DNM1L|O00429,braak_num,-0.02399747890250819,0.00346240897507238,-6.930862031400129,1.3825500770149043e-11,478,610,2,ok,3.9172252182088956e-10,0.02399747890250819,Non-client mitochondrial proteins
DLPFC,DTYMK,DTYMK|P23919,braak_num,0.00578891457395381,0.00303736954561464,1.905897351974131,0.05727199869135975,478,610,2,ok,0.10400730919617857,-0.00578891457395381,Non-client mitochondrial proteins
DLPFC,DUS2,DUS2|Q9NX74,braak_num,-0.01024337157506834,0.00384720028784792,-2.6625521960538117,0.00803291107668939,457,582,2,ok,0.01952916411123109,0.01024337157506834,Non-client mitochondrial proteins
DLPFC,DUT,DUT|P33316,braak_num,-0.0044054620508284,0.00287570527058061,-1.5319588192495583,0.12620396312466617,478,610,2,ok,0.2009979842963975,0.0044054620508284,Non-client mitochondrial proteins
DLPFC,EARS2,EARS2|Q5JPH6,braak_num,-0.01188409182996901,0.00521852376671432,-2.277289969582996,0.02321641819670132,478,610,2,ok,0.04875249272470221,0.01188409182996901,Hsp60/10 clients
DLPFC,ECH1,ECH1|Q13011,braak_num,-8.30936072799727e-4,0.00372081956874298,-0.2233207113239419,0.8233827312040514,478,610,2,ok,0.8737248020317967,8.30936072799727e-4,Hsp60/10 clients
DLPFC,ECHDC1,ECHDC1|Q9NTX5,braak_num,0.00658417674155282,0.0035526940456016,1.8532912367459085,0.06446579017534165,478,610,2,ok,0.11444516608192544,-0.00658417674155282,Hsp60/10 clients
DLPFC,ECHDC2,ECHDC2|Q86YB7,braak_num,0.01415387700500151,0.00345484570613808,4.096818847757774,4.994711635791607e-5,443,575,2,ok,2.332220387414392e-4,-0.01415387700500151,Non-client mitochondrial proteins
DLPFC,ECHS1,ECHS1|P30084,braak_num,-0.01937192437891939,0.00509106674442599,-3.805081597118899,1.6044626673807687e-4,478,610,2,ok,6.499985563351923e-4,0.01937192437891939,Hsp60/10 clients
DLPFC,ECI1,ECI1|P42126,braak_num,0.00682391059032217,0.00456249688516551,1.495652657322223,0.13541390874535456,478,610,2,ok,0.2128230923270595,-0.00682391059032217,Hsp60/10 clients
DLPFC,ECI2,ECI2|O75521,braak_num,-0.00378551566740227,0.00350545540902553,-1.079892688880214,0.2807426325090187,478,610,2,ok,0.3843724633009384,0.00378551566740227,Hsp60/10 clients
DLPFC,ECSIT,ECSIT|Q9BQ95,braak_num,-0.01067753549359945,0.00370885381587547,-2.8789313420483302,0.0041718493965625,478,610,2,ok,0.0111007470899837,0.01067753549359945,Non-client mitochondrial proteins
DLPFC,EEF1A1,EEF1A1|P68104,braak_num,0.02001038057749994,0.00282774777026397,7.076437576195814,5.392834710436423e-12,478,610,2,ok,1.7370604435721532e-10,-0.02001038057749994,Hsp60/10 clients
DLPFC,EEF1B2,EEF1B2|P24534,braak_num,-0.011562147186811981,0.00296300782091256,-3.902165598486681,1.0922921985212208e-4,478,610,2,ok,4.6422418437151887e-4,0.011562147186811981,Hsp60/10 clients
DLPFC,EFHD1,EFHD1|Q9BUP0,braak_num,0.03259679779207942,0.01099968063926535,2.9634312905157656,0.00319637735603705,478,610,2,ok,0.00884350335395425,-0.03259679779207942,Non-client mitochondrial proteins
DLPFC,EHHADH,EHHADH|Q08426,braak_num,0.00779169525605526,0.00436200296540804,1.7862654651648984,0.07469941726378625,478,610,2,ok,0.12985053029379998,-0.00779169525605526,Non-client mitochondrial proteins
DLPFC,ELAC2,ELAC2|Q9BQ52,braak_num,-0.00415736887557708,0.0031847783967635,-1.3053871753846256,0.19239834108026907,478,610,2,ok,0.28421024593039174,0.00415736887557708,Non-client mitochondrial proteins
DLPFC,ENDOG,ENDOG|Q14249,braak_num,-0.01065889246782619,0.00543843218134811,-1.9599200858626875,0.05061779281605275,460,580,2,ok,0.09398692112689408,0.01065889246782619,Non-client mitochondrial proteins
DLPFC,ENO1,ENO1|P06733,braak_num,0.01604170705996542,0.00263645731912203,6.084569222348514,2.4211273560176334e-9,478,610,2,ok,3.4619858455205415e-8,-0.01604170705996542,Hsp60/10 clients
DLPFC,EPHX2,EPHX2|P34913,braak_num,-0.00347467619079321,0.00736346600991129,-0.4718805228565278,0.6372306001409417,478,610,2,ok,0.7231767720724248,0.00347467619079321,Non-client mitochondrial proteins
DLPFC,ERAL1,ERAL1|O75616,braak_num,-0.01400125481948487,0.00576124674353919,-2.4302473826843514,0.01550448844923968,429,550,2,ok,0.03454640872913114,0.01400125481948487,Hsp60/10 clients
DLPFC,ETFA,ETFA|P13804,braak_num,-0.01086434699312476,0.00291093880337094,-3.7322485036592186,2.1295935634648287e-4,478,610,2,ok,8.368865116698258e-4,0.01086434699312476,Hsp60/10 clients
DLPFC,ETFB,ETFB|P38117,braak_num,-0.0101236215441453,0.00294570128630127,-3.436744109534909,6.409238107122223e-4,478,610,2,ok,0.0021783341659897,0.0101236215441453,Hsp60/10 clients
DLPFC,ETFDH,ETFDH|Q16134,braak_num,-0.01157780905573643,0.00326654479612439,-3.544359492474421,4.328553905537372e-4,478,610,2,ok,0.00154374999428255,0.01157780905573643,Non-client mitochondrial proteins
DLPFC,ETHE1,ETHE1|O95571,braak_num,-0.00498020564790431,0.00340173051468482,-1.464021216967485,0.14385522854254018,478,610,2,ok,0.22382898271534216,0.00498020564790431,Non-client mitochondrial proteins
DLPFC,EXD2,EXD2|Q9NVH0,braak_num,0.00680804254070882,0.00187644654941469,3.6281569239648297,3.166591407002109e-4,478,610,2,ok,0.00117641882299795,-0.00680804254070882,Non-client mitochondrial proteins
DLPFC,EXOG,EXOG|Q9Y2C4,braak_num,-0.00624211006295264,0.00473571907016639,-1.31809129098811,0.18811375813499032,478,610,2,ok,0.2789346308640302,0.00624211006295264,Non-client mitochondrial proteins
DLPFC,FABP1,FABP1|P07148,braak_num,-0.03809018546733671,0.0138720725938576,-2.74581791650965,0.00630040194484163,419,551,2,ok,0.01578970511975054,0.03809018546733671,Non-client mitochondrial proteins
DLPFC,FAHD1,FAHD1|Q6P587,braak_num,-0.02472194534884773,0.00396939050468048,-6.2281464420537525,1.0467211469461363e-9,478,610,2,ok,1.6876094793431354e-8,0.02472194534884773,Hsp60/10 clients
DLPFC,FAHD2A,FAHD2A|Q96GK7,braak_num,-0.0057024080625363,0.00355549313218742,-1.6038304253531346,0.10942175293905358,478,610,2,ok,0.1784811108707377,0.0057024080625363,Non-client mitochondrial proteins
DLPFC,FAM136A,FAM136A|Q96C01,braak_num,-0.00815767458451653,0.00339732337404896,-2.4012063870134703,0.01672777976886252,478,610,2,ok,0.03684285467326247,0.00815767458451653,Non-client mitochondrial proteins
DLPFC,FAM162A,FAM162A|Q96A26,braak_num,-0.02430571649704757,0.00424687933042375,-5.723194516718778,1.862574782160317e-8,478,610,2,ok,2.0670542125607465e-7,0.02430571649704757,Non-client mitochondrial proteins
DLPFC,FAM185A,FAM185A|Q8N0U4,braak_num,-0.00793135692403351,0.00318852598073783,-2.487468181833092,0.01324450962487381,436,568,2,ok,0.0301175621392969,0.00793135692403351,Non-client mitochondrial proteins
DLPFC,FAM210A,FAM210A|Q96ND0,braak_num,-0.02275928956940454,0.00365986276358855,-6.218618303351,1.107160649231966e-9,478,610,2,ok,1.7645372847134462e-8,0.02275928956940454,Non-client mitochondrial proteins
DLPFC,FAM210B,FAM210B|Q96KR6,braak_num,-0.02138752854839042,0.00463839957577013,-4.61097156444081,5.170195697696567e-6,478,610,2,ok,3.128701153912623e-5,0.02138752854839042,Non-client mitochondrial proteins
DLPFC,FARS2,FARS2|O95363,braak_num,7.781048543183128e-4,0.00251861615724326,0.3089414208991587,0.7575026955531712,478,610,2,ok,0.8218738618577132,-7.781048543183128e-4,Non-client mitochondrial proteins
DLPFC,FASN,FASN|P49327,braak_num,0.01340483291646069,0.00262692302668315,5.10286475100343,4.861143994643342e-7,478,610,2,ok,3.7818052432903286e-6,-0.01340483291646069,Non-client mitochondrial proteins
DLPFC,FASTKD1,FASTKD1|Q53R41,braak_num,-0.01051921266123798,0.00540029060661548,-1.9478975165432189,0.05224747322785273,348,453,2,ok,0.0963656915262436,0.01051921266123798,Non-client mitochondrial proteins
DLPFC,FASTKD2,FASTKD2|Q9NYY8,braak_num,-0.01223518600999424,0.00287533017223242,-4.255228191931355,2.5318557416737074e-5,467,599,2,ok,1.2841124700864435e-4,0.01223518600999424,Non-client mitochondrial proteins
DLPFC,FASTKD5,FASTKD5|Q7L8L6,braak_num,-0.0151667000131438,0.00350817438210352,-4.323245757256152,1.8774330406177248e-5,478,610,2,ok,9.876696454367172e-5,0.0151667000131438,Hsp60/10 clients
DLPFC,FBXL4,FBXL4|Q9UKA2,braak_num,0.00401530753875147,0.00324886422095796,1.2359111571512582,0.21725503239201752,387,491,2,ok,0.31363440751041377,-0.00401530753875147,Non-client mitochondrial proteins
DLPFC,FDPS,FDPS|P14324,braak_num,0.01013092841772543,0.00314826072831014,3.2179445389084083,0.00138015300064196,478,610,2,ok,0.00427600558416917,-0.01013092841772543,Non-client mitochondrial proteins
DLPFC,FDX1,FDX1|P10109,braak_num,-0.00235689421632804,0.00239947790384519,-0.9822529361704424,0.32647953159882026,478,610,2,ok,0.4332295605777927,0.00235689421632804,Non-client mitochondrial proteins
DLPFC,FDXR,FDXR|P22570,braak_num,0.01237753849122175,0.00468703929615821,2.6408010919317766,0.00854579749684816,478,610,2,ok,0.02062975866102847,-0.01237753849122175,Hsp60/10 clients
DLPFC,FECH,FECH|P22830,braak_num,-0.01457081527523534,0.00385017640499426,-3.784453942508911,1.7392315617290966e-4,478,610,2,ok,6.984315720329442e-4,0.01457081527523534,Hsp60/10 clients
DLPFC,FH,FH|P07954,braak_num,-0.01312996390940766,0.00339673417933508,-3.8654670092488304,1.2643753201334958e-4,478,610,2,ok,5.295148466617468e-4,0.01312996390940766,Hsp60/10 clients
DLPFC,FHIT,FHIT|P49789,braak_num,-0.00239400872914667,0.00262402546937695,-0.9123420321507444,0.36205542621408415,478,610,2,ok,0.470042258894823,0.00239400872914667,Non-client mitochondrial proteins
DLPFC,FIS1,FIS1|Q9Y3D6,braak_num,-0.01807293203367914,0.00224954503758032,-8.03403876417558,7.638836475304281e-15,478,610,2,ok,5.892816709520445e-13,0.01807293203367914,Non-client mitochondrial proteins
DLPFC,FKBP10,FKBP10|Q96AY3,braak_num,-0.00356128262583102,0.00563110281013996,-0.6324307592854097,0.5274123247073228,478,610,2,ok,0.6282139796046741,0.00356128262583102,Non-client mitochondrial proteins
DLPFC,FKBP8,FKBP8|Q14318,braak_num,-0.01321341416231513,0.00326872077090176,-4.042380823697537,6.179683240031533e-5,478,610,2,ok,2.821753193346759e-4,0.01321341416231513,Non-client mitochondrial proteins
DLPFC,FLAD1,FLAD1|Q8NFF5,braak_num,-0.00788268928737288,0.00181460010516795,-4.344036608905236,1.714388977946389e-5,478,610,2,ok,9.098534030671707e-5,0.00788268928737288,Hsp60/10 clients
DLPFC,FOXRED1,FOXRED1|Q96CU9,braak_num,-0.03460965594138511,0.00552389525109864,-6.265443924647488,8.396730871451947e-10,478,610,2,ok,1.3813976594969337e-8,0.03460965594138511,Hsp60/10 clients
DLPFC,FTH1,FTH1|P02794,braak_num,0.01087782909625327,0.00878700628257305,1.2379448411032623,0.21635322820564437,478,610,2,ok,0.31259078908587157,-0.01087782909625327,Non-client mitochondrial proteins
DLPFC,FUNDC1,FUNDC1|Q8IVP5,braak_num,-0.0241015759824518,0.00379840212804183,-6.34518810015429,5.315474135723722e-10,468,600,2,ok,9.189463760064742e-9,0.0241015759824518,Non-client mitochondrial proteins
DLPFC,FUNDC2,FUNDC2|Q9BWH2,braak_num,-0.01990840423790247,0.003135959475389,-6.348425224925108,5.122792507448287e-10,478,610,2,ok,8.889836525212718e-9,0.01990840423790247,Non-client mitochondrial proteins
DLPFC,FXN,FXN|Q16595,braak_num,-0.01141844134100386,0.0037637853568664,-3.033765281054829,0.00254868989837095,478,610,2,ok,0.00726163043669936,0.01141844134100386,Non-client mitochondrial proteins
DLPFC,GADD45GIP1,GADD45GIP1|Q8TAE8,braak_num,-0.009636008681709,0.00296160566970775,-3.253643380099238,0.00122126457380842,478,610,2,ok,0.00385000301770649,0.009636008681709,Hsp60/10 clients
DLPFC,GAPDH,GAPDH|P04406,braak_num,0.01106562710518872,0.00160551675579328,6.892252644053644,1.7701568941575198e-11,478,610,2,ok,4.90937773062418e-10,-0.01106562710518872,Hsp60/10 clients
DLPFC,GATB,GATB|O75879,braak_num,-0.00871667373882323,0.00353705773542941,-2.464385483875908,0.01408084766341168,478,610,2,ok,0.03178317716993344,0.00871667373882323,Non-client mitochondrial proteins
DLPFC,GATC,GATC|O43716,braak_num,-0.00641436368357794,0.00292081839664689,-2.19608438886226,0.02857269710979288,478,610,2,ok,0.05815905974897974,0.00641436368357794,Non-client mitochondrial proteins
DLPFC,GATM,GATM|P50440,braak_num,0.01504901072701452,0.00458807469781998,3.280027401071961,0.00111491743762229,478,610,2,ok,0.00354829627129011,-0.01504901072701452,Non-client mitochondrial proteins
DLPFC,GCAT,GCAT|O75600,braak_num,-0.00322577440673545,0.00963686152329293,-0.3347328794689585,0.7379791717000297,467,599,2,ok,0.8056649058381352,0.00322577440673545,Hsp60/10 clients
DLPFC,GCDH,GCDH|Q92947,braak_num,-0.00860912390180244,0.00369579359827736,-2.329438501602257,0.02025774870776231,478,610,2,ok,0.04328820603753678,0.00860912390180244,Non-client mitochondrial proteins
DLPFC,GCSH,GCSH|P23434,braak_num,-0.01217678534137122,0.00274538256657902,-4.435369223074995,1.1452760171675322e-5,478,610,2,ok,6.344981193480957e-5,0.01217678534137122,Non-client mitochondrial proteins
DLPFC,GDAP1,GDAP1|Q8TB36,braak_num,-0.02087506982626754,0.00437774788968804,-4.7684495206861035,2.4787996799375457e-6,478,610,2,ok,1.6335521221698975e-5,0.02087506982626754,Non-client mitochondrial proteins
DLPFC,GFER,GFER|P55789,braak_num,-0.01835009913615306,0.00375917433502965,-4.881417433918592,1.4550736904289954e-6,467,599,2,ok,1.0188845521081751e-5,0.01835009913615306,Non-client mitochondrial proteins
DLPFC,GFM1,GFM1|Q96RP9,braak_num,-0.01383136772549861,0.00364495118333194,-3.794664737554869,1.6712381462022255e-4,478,610,2,ok,6.749655161520647e-4,0.01383136772549861,Hsp60/10 clients
DLPFC,GFM2,GFM2|Q969S9,braak_num,-0.02350283362147625,0.00582671677793995,-4.033632406925692,6.40640002585488e-5,478,610,2,ok,2.899938473242002e-4,0.02350283362147625,Hsp60/10 clients
DLPFC,GHITM,GHITM|Q9H3K2,braak_num,-0.01562440813762044,0.00365121676359688,-4.279233239011678,2.272814793862461e-5,478,610,2,ok,1.1688761797006944e-4,0.01562440813762044,Non-client mitochondrial proteins
DLPFC,GLDC,GLDC|P23378,braak_num,-0.00528482002804358,0.00326597977632733,-1.61814230031347,0.10630136595326747,478,610,2,ok,0.1741339292382219,0.00528482002804358,Hsp60/10 clients
DLPFC,GLOD4,GLOD4|Q9HC38,braak_num,0.01408617405948188,0.00231562555802859,6.083096643428878,2.44184115829507e-9,478,610,2,ok,3.4861744686078915e-8,-0.01408617405948188,Non-client mitochondrial proteins
DLPFC,GLRX2,GLRX2|Q9NS18,braak_num,-0.01562333557033426,0.00387881428533813,-4.027863780276944,6.601601170488948e-5,459,591,2,ok,2.978019594353245e-4,0.01562333557033426,Non-client mitochondrial proteins
DLPFC,GLRX5,GLRX5|Q86SX6,braak_num,-0.01660620142008241,0.00589580328781828,-2.8166138877790603,0.0050570967763057,478,610,2,ok,0.01310306192675314,0.01660620142008241,Hsp60/10 clients
DLPFC,GLS,GLS|O94925,braak_num,-0.01964242103236789,0.00481937967760426,-4.075715620341457,5.383714031572539e-5,478,610,2,ok,2.493566842070429e-4,0.01964242103236789,Hsp60/10 clients
DLPFC,GLS2,GLS2|Q9UI32,braak_num,-0.02629026883996865,0.00376529855386291,-6.9822534558373395,9.933328044230304e-12,478,610,2,ok,2.9606477742218887e-10,0.02629026883996865,Non-client mitochondrial proteins
DLPFC,GLUD1,GLUD1|P00366,braak_num,0.00893456990563154,0.00509149754925756,1.754801965275298,0.08006262870908204,405,509,2,ok,0.1376615342853293,-0.00893456990563154,Hsp60/10 clients
DLPFC,GLUD1,GLUD1|P00367,braak_num,0.01091615283744713,0.00377437870326049,2.892172115113201,0.00400296900456615,478,610,2,ok,0.01071348555741029,-0.01091615283744713,Hsp60/10 clients
DLPFC,GLUD2,GLUD2|P49448,braak_num,-0.01006015883177701,0.00480880990290958,-2.0920267248846938,0.03697096902866981,478,610,2,ok,0.07222674945375374,0.01006015883177701,Non-client mitochondrial proteins
DLPFC,GNG12,GNG12|Q9UBI6,braak_num,0.05430997756098021,0.00722092483793486,7.521194137856791,2.7701006911312263e-13,478,610,2,ok,1.3671787282034759e-11,-0.05430997756098021,Hsp60/10 clients
DLPFC,GOLPH3,GOLPH3|Q9H4A6,braak_num,0.01024565686468799,0.00318812421013381,3.2136943824588204,0.00140029358823816,478,610,2,ok,0.00433109674529188,-0.01024565686468799,Non-client mitochondrial proteins
DLPFC,GOT2,GOT2|P00505,braak_num,-0.01391162053849644,0.0067003621265038,-2.0762490557738578,0.03841271621754483,478,610,2,ok,0.07456729432798932,0.01391162053849644,Hsp60/10 clients
DLPFC,GPD2,GPD2|P43304,braak_num,-0.00528924402326595,0.00459371733841492,-1.1514082460047528,0.25014846969220883,478,610,2,ok,0.3506432969574709,0.00528924402326595,Non-client mitochondrial proteins
DLPFC,GPT2,GPT2|Q8TD30,braak_num,-0.00351453759347622,0.00406466019323175,-0.8646571733913797,0.38766713140386266,478,610,2,ok,0.4954453941650368,0.00351453759347622,Hsp60/10 clients
DLPFC,GPX1,GPX1|P07203,braak_num,0.0093723410324643,0.00305891891032683,3.063939027877959,0.00230969141716004,478,610,2,ok,0.00667809990851314,-0.0093723410324643,Non-client mitochondrial proteins
DLPFC,GPX4,GPX4|P36969,braak_num,-0.00733129154853612,0.00198048457055427,-3.70176655629503,2.3942616631681464e-4,478,610,2,ok,9.258349649487608e-4,0.00733129154853612,Non-client mitochondrial proteins
DLPFC,GRHPR,GRHPR|Q9UBQ7,braak_num,0.01488869233586502,0.00275485420626967,5.404530048080348,1.0340764249132341e-7,478,610,2,ok,9.502323904608096e-7,-0.01488869233586502,Non-client mitochondrial proteins
DLPFC,GRPEL1,GRPEL1|Q9HAV7,braak_num,-0.0102174592405112,0.00332529120068313,-3.0726509721651376,0.00224462113294657,478,610,2,ok,0.00652215733381403,0.0102174592405112,Hsp60/10 clients
DLPFC,GRSF1,GRSF1|Q12849,braak_num,-0.007173721540947,0.00239666249990611,-2.993213079116485,0.00290566650823453,478,610,2,ok,0.00813054865973107,0.007173721540947,Hsp60/10 clients
DLPFC,GSR,GSR|P00390,braak_num,0.0061560495079788,0.00207068575166225,2.97295207785005,0.00310067101854644,478,610,2,ok,0.00860464327395898,-0.0061560495079788,Hsp60/10 clients
DLPFC,GSTK1,GSTK1|Q9Y2Q3,braak_num,-0.01569421854627605,0.00307044371045783,-5.1113845509761395,4.657937705430306e-7,478,610,2,ok,3.6360432088308e-6,0.01569421854627605,Hsp60/10 clients
DLPFC,GSTZ1,GSTZ1|O43708,braak_num,-0.00602437241870826,0.00586553137463727,-1.027080418452423,0.3049097688233722,478,610,2,ok,0.40989084382346463,0.00602437241870826,Non-client mitochondrial proteins
DLPFC,GTPBP10,GTPBP10|A4D1E9,braak_num,-0.02384564579794937,0.00522928359755416,-4.560021531267196,6.529487727320552e-6,478,610,2,ok,3.869638304506305e-5,0.02384564579794937,Non-client mitochondrial proteins
DLPFC,GTPBP3,GTPBP3|Q969Y2,braak_num,-0.00702904213464735,0.00373762265979882,-1.8806184503990824,0.06067228099859854,455,587,2,ok,0.1090817742983029,0.00702904213464735,Non-client mitochondrial proteins
DLPFC,GTPBP6,GTPBP6|O43824,braak_num,0.00567702769946305,0.00439137700552255,1.2927670961349196,0.1968961217364263,378,510,2,ok,0.2895716753509121,-0.00567702769946305,Non-client mitochondrial proteins
DLPFC,GUF1,GUF1|Q8N442,braak_num,-0.01821078099655467,0.00430679752784415,-4.228381036911762,2.8286234722651543e-5,478,610,2,ok,1.4158540608175636e-4,0.01821078099655467,Hsp60/10 clients
DLPFC,GUK1,GUK1|Q16774,braak_num,-0.0030477040487808,0.00191242529193109,-1.5936329966141332,0.11168907113214424,478,610,2,ok,0.1815342905441013,0.0030477040487808,Non-client mitochondrial proteins
DLPFC,HADH,HADH|Q16836,braak_num,-0.00108065801551108,0.00287227470400372,-0.3762376955117594,0.7069096081746323,478,610,2,ok,0.7801269898902757,0.00108065801551108,Hsp60/10 clients
DLPFC,HADHA,HADHA|P40939,braak_num,0.01199440156283177,0.00362217695053866,3.3113792414387855,9.997325768519984e-4,478,610,2,ok,0.0032213215358025,-0.01199440156283177,Hsp60/10 clients
DLPFC,HADHB,HADHB|P55084,braak_num,0.01047322465822986,0.00342534678688369,3.0575662290118584,0.00235838317312723,478,610,2,ok,0.00680174600355262,-0.01047322465822986,Hsp60/10 clients
DLPFC,HAGH,HAGH|Q16775,braak_num,-0.00896681939868874,0.00218219416085206,-4.1090841317197615,4.68516608937907e-5,478,610,2,ok,2.1999910332736505e-4,0.00896681939868874,Hsp60/10 clients
DLPFC,HARS,HARS|P12081,braak_num,-0.00727029089906818,0.00164324213361512,-4.424357646595618,1.2028043254682677e-5,478,610,2,ok,6.63965346229627e-5,0.00727029089906818,Hsp60/10 clients
DLPFC,HARS2,HARS2|P49590,braak_num,0.0062933356140399,0.00417834826774244,1.5061778508568855,0.13269186909369549,478,610,2,ok,0.20904605427838072,-0.0062933356140399,Hsp60/10 clients
DLPFC,HCCS,HCCS|P53701,braak_num,-0.01020943094980114,0.00355306931256062,-2.873411704553382,0.00424414551561537,478,610,2,ok,0.0112691954363966,0.01020943094980114,Non-client mitochondrial proteins
DLPFC,HDHD3,HDHD3|Q9BSH5,braak_num,-0.0067326387695819,0.00411645467195806,-1.635543035478005,0.1026033188702927,478,610,2,ok,0.16888980943684542,0.0067326387695819,Non-client mitochondrial proteins
DLPFC,HEBP1,HEBP1|Q9NRV9,braak_num,0.01232825267903779,0.00496145236735649,2.484807223012077,0.01330838695021664,478,610,2,ok,0.03024034460470019,-0.01232825267903779,Non-client mitochondrial proteins
DLPFC,HIBADH,HIBADH|P31937,braak_num,0.00167529373984973,0.00255922110007275,0.6546107875564616,0.5130379052830218,478,610,2,ok,0.6151630055509588,-0.00167529373984973,Non-client mitochondrial proteins
DLPFC,HIBCH,HIBCH|Q6NVY1,braak_num,0.00569923098338677,0.0045663877116537,1.248083023883841,0.21262074405300715,478,610,2,ok,0.3084479188379592,-0.00569923098338677,Hsp60/10 clients
DLPFC,HINT1,HINT1|P49773,braak_num,-0.00139668461156139,0.00256181824634356,-0.545192701923666,0.5858790588721403,478,610,2,ok,0.6803756812708727,0.00139668461156139,Non-client mitochondrial proteins
DLPFC,HINT2,HINT2|Q9BX68,braak_num,-0.01174764350247297,0.00366196831881085,-3.2080134178462187,0.00142763915655451,478,610,2,ok,0.00440045451436784,0.01174764350247297,Hsp60/10 clients
DLPFC,HINT3,HINT3|Q9NQE9,braak_num,0.00671731826617778,0.00254813798050509,2.6361673965733443,0.00866162830298175,478,610,2,ok,0.02085880058273151,-0.00671731826617778,Non-client mitochondrial proteins
DLPFC,HMGCL,HMGCL|P35914,braak_num,-9.397051548669804e-4,0.00319414350296595,-0.29419628579442575,0.7687375257298832,478,610,2,ok,0.8305296559021217,9.397051548669804e-4,Non-client mitochondrial proteins
DLPFC,HOGA1,HOGA1|Q86XE5,braak_num,0.01059254669588732,0.00640637540105666,1.6534383380249922,0.09898711161611556,428,560,2,ok,0.16420341247487183,-0.01059254669588732,Non-client mitochondrial proteins
DLPFC,HSCB,HSCB|Q8IWL3,braak_num,-0.00406168721252863,0.00231821084902225,-1.7520784247221202,0.08041106960099609,478,610,2,ok,0.13818300616569526,0.00406168721252863,Non-client mitochondrial proteins
DLPFC,HSD17B10,HSD17B10|Q99714,braak_num,-1.9076596547773947e-4,0.00307606873640134,-0.06201615822828266,0.95057627189491,478,610,2,ok,0.9652975858401852,1.9076596547773947e-4,Hsp60/10 clients
DLPFC,HSD17B4,HSD17B4|P51659,braak_num,0.01012076875621647,0.00246039105425709,4.113479740834279,4.599848136801343e-5,478,610,2,ok,2.163248252860468e-4,-0.01012076875621647,Non-client mitochondrial proteins
DLPFC,HSD17B8,HSD17B8|Q92506,braak_num,0.01278735871742005,0.00417884979452258,3.060018748264428,0.00233953401528477,478,610,2,ok,0.00675583044051689,-0.01278735871742005,Hsp60/10 clients
DLPFC,HSDL1,HSDL1|Q3SXM5,braak_num,-0.0043546086934642,0.00368002027700572,-1.183311059635617,0.23728279868817548,478,610,2,ok,0.3358914559687665,0.0043546086934642,Non-client mitochondrial proteins
DLPFC,HSDL2,HSDL2|Q6YN16,braak_num,0.00990018825386358,0.00273562001851182,3.6189924722254614,3.277681320698632e-4,478,610,2,ok,0.00121327074693602,-0.00990018825386358,Non-client mitochondrial proteins
DLPFC,HSP90AA1,HSP90AA1|P07900,braak_num,0.00297667162917878,0.00338527861964658,0.8792988594509092,0.3796876325228905,478,610,2,ok,0.4878964818813179,-0.00297667162917878,Hsp60/10 clients
DLPFC,HSP90AB1,HSP90AB1|P08238,braak_num,0.00611024104457206,0.00392636454860729,1.556208286043996,0.12033022171230263,478,610,2,ok,0.19306009165094565,-0.00611024104457206,Hsp60/10 clients
DLPFC,HSPA5,HSPA5|P11021,braak_num,0.00253116873254908,0.00339708221403097,0.7451008168405786,0.4565824091903391,478,610,2,ok,0.5626831140243406,-0.00253116873254908,Hsp60/10 clients
DLPFC,HSPA9,HSPA9|P38646,braak_num,-0.00987588497110241,0.00305588045926628,-3.2317641683777167,0.00131650247570042,478,610,2,ok,0.00410865814129809,0.00987588497110241,Hsp60/10 clients
DLPFC,HSPD1,HSPD1|P10809,braak_num,-0.01755076404918421,0.00308259991451731,-5.693493977771809,2.1926666942112896e-8,478,610,2,ok,2.3792766256335275e-7,0.01755076404918421,Non-client mitochondrial proteins
DLPFC,HSPE1,HSPE1|P61604,braak_num,-0.0113610574629788,0.00253268079224485,-4.485783403011814,9.138958412182727e-6,478,610,2,ok,5.181941829761423e-5,0.0113610574629788,Non-client mitochondrial proteins
DLPFC,HTATIP2,HTATIP2|Q9BUP3,braak_num,-0.0100545503814264,0.00657292422738079,-1.5296921177856002,0.12676426152835132,478,610,2,ok,0.2016804022236161,0.0100545503814264,Non-client mitochondrial proteins
DLPFC,HTRA2,HTRA2|O43464,braak_num,-0.00396816488932298,0.00294535120890394,-1.3472637413585955,0.17854308241017394,478,610,2,ok,0.26737773189647585,0.00396816488932298,Non-client mitochondrial proteins
DLPFC,IARS2,IARS2|Q9NSE4,braak_num,-0.01195170154641945,0.00279901486536,-4.269967156777586,2.365633578391389e-5,478,610,2,ok,1.2105081521534532e-4,0.01195170154641945,Hsp60/10 clients
DLPFC,IBA57,IBA57|Q5T440,braak_num,-0.00822732678381332,0.00285277004880031,-2.883978253793432,0.00410672787789519,478,610,2,ok,0.010959233116011,0.00822732678381332,Hsp60/10 clients
DLPFC,IDE,IDE|P14735,braak_num,-0.00333832590849403,0.00167429521330011,-1.993869349906361,0.04674249397324451,478,610,2,ok,0.08778561675007869,0.00333832590849403,Non-client mitochondrial proteins
DLPFC,IDH2,IDH2|P48735,braak_num,-0.02029064096892082,0.00358216159536812,-5.664356682054051,2.5715485729282793e-8,478,610,2,ok,2.707203658197431e-7,0.02029064096892082,Hsp60/10 clients
DLPFC,IDH3A,IDH3A|P50213,braak_num,-0.02733332904688161,0.00482322179727565,-5.6670271855050345,2.534325848082437e-8,478,610,2,ok,2.6772279960180405e-7,0.02733332904688161,Hsp60/10 clients
DLPFC,IDH3B,IDH3B|O43837,braak_num,-0.02586891432429285,0.00447127769948678,-5.785575413323604,1.3191904293650088e-8,478,610,2,ok,1.5204493921899537e-7,0.02586891432429285,Non-client mitochondrial proteins
DLPFC,IDH3G,IDH3G|P51553,braak_num,-0.02473000677545257,0.00448599528618696,-5.512713500078762,5.831100454081126e-8,478,610,2,ok,5.70069245670551e-7,0.02473000677545257,Hsp60/10 clients
DLPFC,IDI1,IDI1|Q13907,braak_num,-0.01051306450067523,0.0039219288288584,-2.680585232275971,0.00760706790969927,478,610,2,ok,0.01858572856894701,0.01051306450067523,Non-client mitochondrial proteins
DLPFC,IGHG2,IGHG2|P01859,braak_num,0.05052992361216706,0.01398798643934135,3.61238008281529,3.360096762676398e-4,478,610,2,ok,0.00123580481896511,-0.05052992361216706,Hsp60/10 clients
DLPFC,IMMT,IMMT|Q16891,braak_num,-0.02151190441165205,0.00352083628518179,-6.109884887914151,2.090742379840512e-9,478,610,2,ok,3.041682257834533e-8,0.02151190441165205,Hsp60/10 clients
DLPFC,ISCA1,ISCA1|Q9BUE6,braak_num,-0.00845609752114284,0.00357413057072754,-2.3659173479556252,0.01838942226036802,478,610,2,ok,0.03981483404485341,0.00845609752114284,Non-client mitochondrial proteins
DLPFC,ISCA2,ISCA2|Q86U28,braak_num,-0.01180738947476444,0.00321989097096888,-3.6670153061771344,2.7336790249473167e-4,478,610,2,ok,0.0010374193240602,0.01180738947476444,Non-client mitochondrial proteins
DLPFC,ISCU,ISCU|Q9H1K1,braak_num,-0.02776902234457599,0.00440623541577309,-6.30221032792997,6.7500149939931e-10,478,610,2,ok,1.1369750026579206e-8,0.02776902234457599,Non-client mitochondrial proteins
DLPFC,ISOC2,ISOC2|Q96AB3,braak_num,-0.00404640476960476,0.00368209723801069,-1.0989402256500134,0.2723555518286141,478,610,2,ok,0.37512737671217966,0.00404640476960476,Non-client mitochondrial proteins
DLPFC,IVD,IVD|P26440,braak_num,-4.013084416110264e-4,0.00458878226845713,-0.0874542347257537,0.930347629631992,478,610,2,ok,0.9522345010616218,4.013084416110264e-4,Non-client mitochondrial proteins
DLPFC,KIAA0391,KIAA0391|O15091,braak_num,-0.01499803324481492,0.00502148747941921,-2.9867710128293696,0.00296641617053753,478,610,2,ok,0.00829476102513999,0.01499803324481492,Hsp60/10 clients
DLPFC,KPNB1,KPNB1|Q14974,braak_num,0.00664933979288642,0.00115255245309655,5.769229656335092,1.4444067425972977e-8,478,610,2,ok,1.6451183495090808e-7,-0.00664933979288642,Hsp60/10 clients
DLPFC,L2HGDH,L2HGDH|Q9H9P8,braak_num,-0.01687073353828663,0.00298673232936334,-5.648558919199446,2.802878696870826e-8,478,610,2,ok,2.927238502534037e-7,0.01687073353828663,Non-client mitochondrial proteins
DLPFC,LACTB,LACTB|P83111,braak_num,0.00192014614075397,0.00384917461750698,0.4988462025133081,0.6181206285749743,478,610,2,ok,0.7081426894194764,-0.00192014614075397,Non-client mitochondrial proteins
DLPFC,LACTB2,LACTB2|Q53H82,braak_num,0.00930977320758831,0.00298243111154876,3.121538389114302,0.0019097033871236,478,610,2,ok,0.00565154000444702,-0.00930977320758831,Non-client mitochondrial proteins
DLPFC,LAP3,LAP3|P28838,braak_num,0.03226790791889568,0.00787789779170852,4.096004895221869,4.948024473813266e-5,478,610,2,ok,2.3151307171052896e-4,-0.03226790791889568,Hsp60/10 clients
DLPFC,LARS2,LARS2|Q15031,braak_num,-0.01394505304833659,0.00374457704971097,-3.7240662598765177,2.1977949997371287e-4,478,610,2,ok,8.585428977696529e-4,0.01394505304833659,Non-client mitochondrial proteins
DLPFC,LDHB,LDHB|P07195,braak_num,0.00948301255454901,0.00175567365702785,5.401352646939313,1.0514742660661861e-7,478,610,2,ok,9.642890871615973e-7,-0.00948301255454901,Non-client mitochondrial proteins
DLPFC,LDHD,LDHD|Q86WU2,braak_num,-0.00295922600265909,0.00414094608638933,-0.7146255809477019,0.4751944637935072,478,610,2,ok,0.5791669115274025,0.00295922600265909,Non-client mitochondrial proteins
DLPFC,LETM1,LETM1|O95202,braak_num,-0.01882994345061713,0.00390522807686107,-4.821726946548063,1.9239963615481874e-6,478,610,2,ok,1.3102586497783649e-5,0.01882994345061713,Hsp60/10 clients
DLPFC,LETMD1,LETMD1|Q6P1Q0,braak_num,-0.01140578341445917,0.00316524474130791,-3.6034443926589264,3.474562764361238e-4,478,610,2,ok,0.00127331282143058,0.01140578341445917,Non-client mitochondrial proteins
DLPFC,LIAS,LIAS|O43766,braak_num,-0.01174923974930333,0.00317460909837672,-3.7010036149997463,2.4012673227312464e-4,478,610,2,ok,9.281530114809618e-4,0.01174923974930333,Non-client mitochondrial proteins
DLPFC,LIG3,LIG3|P49916,braak_num,0.00617640270821579,0.002714578448763,2.2752714002538017,0.023338144135356,478,610,2,ok,0.04897009443715842,-0.00617640270821579,Non-client mitochondrial proteins
DLPFC,LIPT2,LIPT2|A6NK58,braak_num,-0.01000948601586006,0.00505943389248299,-1.9783806308313576,0.04865197651147571,364,484,2,ok,0.09086981574269525,0.01000948601586006,Non-client mitochondrial proteins
DLPFC,LONP1,LONP1|P36776,braak_num,-0.00689793433746937,0.00302905629414979,-2.277255246392013,0.0232185074283658,478,610,2,ok,0.04875249272470221,0.00689793433746937,Hsp60/10 clients
DLPFC,LRPPRC,LRPPRC|P42704,braak_num,-0.0316879682091799,0.00427219109341595,-7.417263768471289,5.612141008291866e-13,478,610,2,ok,2.3962536956334568e-11,0.0316879682091799,Hsp60/10 clients
DLPFC,LUC7L2,LUC7L2|Q9Y383,braak_num,0.02409478599619882,0.00340472084399359,7.076875638337695,5.377455883561341e-12,478,610,2,ok,1.7370604435721532e-10,-0.02409478599619882,Hsp60/10 clients
DLPFC,LYPLA1,LYPLA1|O75608,braak_num,-0.00745541078113539,0.00247289846117262,-3.014847110867674,0.00270989550059075,478,610,2,ok,0.00765441252166866,0.00745541078113539,Non-client mitochondrial proteins
DLPFC,LYPLAL1,LYPLAL1|Q5VWZ2,braak_num,0.01814745668900021,0.00525120862807951,3.455862825933305,5.981920339479802e-4,478,610,2,ok,0.00205086023052454,-0.01814745668900021,Non-client mitochondrial proteins
DLPFC,LYRM1,LYRM1|O43325,braak_num,-0.01771844563465957,0.00450918093676857,-3.929415537571487,9.79119715218288e-5,478,610,2,ok,4.224275010510635e-4,0.01771844563465957,Non-client mitochondrial proteins
DLPFC,LYRM2,LYRM2|Q9NU23,braak_num,-0.00255311931204201,0.00386877499755007,-0.6599296453422068,0.5096215498839636,478,610,2,ok,0.6125066546130905,0.00255311931204201,Non-client mitochondrial proteins
DLPFC,LYRM4,LYRM4|Q9HD34,braak_num,-0.01754521755200083,0.00633195067564904,-2.7709024360336483,0.00581123930741321,478,610,2,ok,0.01471646257711814,0.01754521755200083,Non-client mitochondrial proteins
DLPFC,LYRM7,LYRM7|Q5U5X0,braak_num,-0.019319103747765302,0.00459279069421059,-4.2063975987666575,3.1070889556692216e-5,478,610,2,ok,1.5318515903890148e-4,0.019319103747765302,Hsp60/10 clients
DLPFC,LYRM9,LYRM9|A8MSI8,braak_num,-0.0148974940326711,0.00726403401115906,-2.0508568668298444,0.04083363593105339,478,610,2,ok,0.0785854880182537,0.0148974940326711,Non-client mitochondrial proteins
DLPFC,MACROD1,MACROD1|Q9BQ69,braak_num,0.04130576715599235,0.00481457516176084,8.579317129382087,1.391099357954961e-16,478,610,2,ok,1.7736516813925756e-14,-0.04130576715599235,Non-client mitochondrial proteins
DLPFC,MALSU1,MALSU1|Q96EH3,braak_num,-0.00295608484512572,0.00508086510493247,-0.5818073859618854,0.5611333556687832,306,394,2,ok,0.6598643312540833,0.00295608484512572,Non-client mitochondrial proteins
DLPFC,MAOA,MAOA|P21397,braak_num,0.00885333151285394,0.00381825457541436,2.3186854983060283,0.02083928501238545,478,610,2,ok,0.04437593050654104,-0.00885333151285394,Non-client mitochondrial proteins
DLPFC,MAOB,MAOB|P27338,braak_num,0.04507737726411087,0.0062223678933076,7.244408886943713,1.7861989413364493e-12,478,610,2,ok,6.405197766198674e-11,-0.04507737726411087,Non-client mitochondrial proteins
DLPFC,MARS2,MARS2|Q96GW9,braak_num,-0.01534177920725079,0.00263606986076068,-5.819944090109837,1.0894482785902736e-8,478,610,2,ok,1.2805550829012438e-7,0.01534177920725079,Hsp60/10 clients
DLPFC,MAVS,MAVS|Q7Z434,braak_num,0.00958981266330051,0.00381478260037341,2.51385561587751,0.01227438586198737,478,610,2,ok,0.02824739589196391,-0.00958981266330051,Non-client mitochondrial proteins
DLPFC,MCAT,MCAT|Q8IVS2,braak_num,-0.00959821876192473,0.00292406104687792,-3.282496024552205,0.00110541960529678,478,610,2,ok,0.003522301970366,0.00959821876192473,Non-client mitochondrial proteins
DLPFC,MCCC1,MCCC1|Q96RQ3,braak_num,0.00671667003347796,0.00343148356265206,1.9573662268359824,0.05089460907536932,478,610,2,ok,0.09428454977871996,-0.00671667003347796,Non-client mitochondrial proteins
DLPFC,MCCC2,MCCC2|Q9HCC0,braak_num,-0.00126210672984187,0.00278349285626775,-0.45342553224087256,0.6504511808511722,478,610,2,ok,0.733555508625769,0.00126210672984187,Hsp60/10 clients
DLPFC,MCEE,MCEE|Q96PE7,braak_num,-0.01404751195075528,0.00437898069214388,-3.2079410571408222,0.00142799063162329,478,610,2,ok,0.00440045451436784,0.01404751195075528,Non-client mitochondrial proteins
DLPFC,MCU,MCU|Q8NE86,braak_num,-0.02192816569446751,0.00432895973605118,-5.065458454568601,5.85943274861631e-7,478,610,2,ok,4.471287833108705e-6,0.02192816569446751,Non-client mitochondrial proteins
DLPFC,MCUR1,MCUR1|Q96AQ8,braak_num,0.00148342443470017,0.00349133664511583,0.4248872525012433,0.6711129001035051,478,610,2,ok,0.7504953615483222,-0.00148342443470017,Non-client mitochondrial proteins
DLPFC,MDH2,MDH2|P40926,braak_num,-0.02959714478250751,0.00466831846900361,-6.3400012186453445,5.387602140363245e-10,478,610,2,ok,9.29665181363432e-9,0.02959714478250751,Hsp60/10 clients
DLPFC,ME2,ME2|P23368,braak_num,-0.00354025394989559,0.0032720781685929,-1.0819588553466677,0.2798244350560516,478,610,2,ok,0.3832868268896678,0.00354025394989559,Hsp60/10 clients
DLPFC,ME3,ME3|Q16798,braak_num,-0.01778178649613399,0.0049239531892077,-3.6112826042107833,3.3739623006648545e-4,478,610,2,ok,0.00124040744573902,0.01778178649613399,Non-client mitochondrial proteins
DLPFC,MECR,MECR|Q9BV79,braak_num,-0.02013701262925664,0.00419146073254529,-4.804294711125272,2.0908382420510765e-6,478,610,2,ok,1.3999923458810272e-5,0.02013701262925664,Non-client mitochondrial proteins
DLPFC,METAP1D,METAP1D|Q6UB28,braak_num,0.00173657146082327,0.00462972172207248,0.3750919742204082,0.7078691047881358,293,388,2,ok,0.7809444035518671,-0.00173657146082327,Non-client mitochondrial proteins
DLPFC,METTL17,METTL17|Q9H7H0,braak_num,-0.01492146890391668,0.00408775413916669,-3.650285314605173,2.936440032941416e-4,444,576,2,ok,0.00110387057749394,0.01492146890391668,Hsp60/10 clients
DLPFC,METTL5,METTL5|Q9NRN9,braak_num,0.01618730761012926,0.00462405772834929,3.5006716094584385,5.232243670485954e-4,362,465,2,ok,0.00182284618197575,-0.01618730761012926,Non-client mitochondrial proteins
DLPFC,MFF,MFF|Q9GZY8,braak_num,-0.01930841894274605,0.00311279456447764,-6.202921054633164,1.214254869251156e-9,478,610,2,ok,1.9087088526927423e-8,0.01930841894274605,Non-client mitochondrial proteins
DLPFC,MFN1,MFN1|Q8IWA4,braak_num,0.00284993929818652,0.00200846756529433,1.4189620720954377,0.15657147078737016,478,610,2,ok,0.23966613285485117,-0.00284993929818652,Non-client mitochondrial proteins
DLPFC,MFN2,MFN2|O95140,braak_num,-0.01828414698008512,0.00296337188558369,-6.170048068902328,1.4723848542013551e-9,478,610,2,ok,2.2565096763887215e-8,0.01828414698008512,Non-client mitochondrial proteins
DLPFC,MGARP,MGARP|Q8TDB4,braak_num,0.0070893957058643,0.00758572044738766,0.9345711794989372,0.3505450588341744,428,560,2,ok,0.4577992890036259,-0.0070893957058643,Non-client mitochondrial proteins
DLPFC,MGST1,MGST1|P10620,braak_num,0.03381121423422242,0.00722327762754051,4.680868710529538,3.7402954401076206e-6,478,610,2,ok,2.355000832660354e-5,-0.03381121423422242,Non-client mitochondrial proteins
DLPFC,MGST3,MGST3|O14880,braak_num,-0.02582197938032057,0.00455467292582036,-5.669337798974808,2.5025431369446455e-8,478,610,2,ok,2.652811316068343e-7,0.02582197938032057,Non-client mitochondrial proteins
DLPFC,MICU1,MICU1|Q9BPX6,braak_num,-0.01366187777365196,0.0034874878753349,-3.9173979271082078,1.02758885253914e-4,478,610,2,ok,4.39779285142625e-4,0.01366187777365196,Non-client mitochondrial proteins
DLPFC,MICU2,MICU2|Q8IYU8,braak_num,0.01192282390279631,0.00418486544825817,2.8490339893147154,0.00461527874341106,401,526,2,ok,0.01211560161982087,-0.01192282390279631,Non-client mitochondrial proteins
DLPFC,MICU3,MICU3|Q86XE3,braak_num,-0.01791365747496638,0.00408587446370628,-4.384289736282537,1.43638209829192e-5,478,610,2,ok,7.779343753581019e-5,0.01791365747496638,Non-client mitochondrial proteins
DLPFC,MIEF1,MIEF1|Q9NQG6,braak_num,-0.00781380939081964,0.00276626183812081,-2.8246817720363486,0.00493360620820685,478,610,2,ok,0.01282290628293854,0.00781380939081964,Non-client mitochondrial proteins
DLPFC,MIPEP,MIPEP|Q99797,braak_num,-0.00371032909226519,0.00288613567734396,-1.2855698785719318,0.1992249282779253,478,610,2,ok,0.29263369149208984,0.00371032909226519,Hsp60/10 clients
DLPFC,MLYCD,MLYCD|O95822,braak_num,-0.0133773752544565,0.00324622822037244,-4.120897961056392,4.459204247698715e-5,478,610,2,ok,2.1024907546930767e-4,0.0133773752544565,Non-client mitochondrial proteins
DLPFC,MMAA,MMAA|Q8IVH4,braak_num,-0.00972881579970924,0.00384871779128196,-2.527807006724876,0.01180364788303964,478,610,2,ok,0.02736300191068281,0.00972881579970924,Non-client mitochondrial proteins
DLPFC,MMAB,MMAB|Q96EY8,braak_num,-4.8242205167224096e-4,0.00727448420900081,-0.066317011325055,0.9471535796294244,478,610,2,ok,0.9631003390560606,4.8242205167224096e-4,Hsp60/10 clients
DLPFC,MOCS1,MOCS1|Q9NZB8,braak_num,-0.00728840515376436,0.00344052930668768,-2.1183964745183816,0.03466450958188002,478,610,2,ok,0.06849337020268158,0.00728840515376436,Non-client mitochondrial proteins
DLPFC,MOGS,MOGS|Q13724,braak_num,-0.00309801935659818,0.00164219355993341,-1.886512913084254,0.05984074207599055,478,610,2,ok,0.10788256328703716,0.00309801935659818,Hsp60/10 clients
DLPFC,MPC1,MPC1|Q9Y5U8,braak_num,-0.00400650343431736,0.0057118967829786,-0.7014313434823791,0.48338028629866814,478,610,2,ok,0.5875057630374385,0.00400650343431736,Non-client mitochondrial proteins
DLPFC,MPC2,MPC2|O95563,braak_num,-0.0199639393062504,0.00370888578036131,-5.382732305200713,1.1592881216004935e-7,478,610,2,ok,1.0552644825886635e-6,0.0199639393062504,Non-client mitochondrial proteins
DLPFC,MPST,MPST|P25325,braak_num,0.02172166387517746,0.00354046606709046,6.135255489972311,1.8039785590850295e-9,478,610,2,ok,2.705967838627544e-8,-0.02172166387517746,Non-client mitochondrial proteins
DLPFC,MPV17,MPV17|P39210,braak_num,-0.01125569656651322,0.00389226217587165,-2.8918135670017047,0.00400745887377805,478,610,2,ok,0.01072237611812374,0.01125569656651322,Non-client mitochondrial proteins
DLPFC,MRM1,MRM1|Q6IN84,braak_num,-0.00756397448060274,0.00600298982042391,-1.2600345339363908,0.20859554107915224,320,407,2,ok,0.30366429862141103,0.00756397448060274,Non-client mitochondrial proteins
DLPFC,MRPL1,MRPL1|Q9BYD6,braak_num,-0.0179727833464605,0.0044697862998264,-4.020949132883268,6.74915736535781e-5,478,610,2,ok,3.034146161311689e-4,0.0179727833464605,Non-client mitochondrial proteins
DLPFC,MRPL10,MRPL10|Q7Z7H8,braak_num,-0.02398612664608704,0.00449309491523535,-5.338442009037905,1.461959210601481e-7,477,609,2,ok,1.2904601493578455e-6,0.02398612664608704,Hsp60/10 clients
DLPFC,MRPL11,MRPL11|Q9Y3B7,braak_num,-0.01671108174287853,0.00393676261319362,-4.244879202742168,2.63544919897016e-5,478,610,2,ok,1.3315037780157443e-4,0.01671108174287853,Non-client mitochondrial proteins
DLPFC,MRPL12,MRPL12|P52815,braak_num,-0.02101788989468678,0.00456773295948644,-4.601383242213411,5.4032646946575725e-6,478,610,2,ok,3.2547224341834984e-5,0.02101788989468678,Non-client mitochondrial proteins
DLPFC,MRPL13,MRPL13|Q9BYD1,braak_num,-0.015280466729448,0.00361963080615398,-4.221553950604194,2.9124482950305575e-5,478,610,2,ok,1.4467681465573872e-4,0.015280466729448,Hsp60/10 clients
DLPFC,MRPL14,MRPL14|Q6P1L8,braak_num,-0.02302272310226337,0.00404971517978133,-5.68502279301195,2.2968241460822516e-8,478,610,2,ok,2.477655189310819e-7,0.02302272310226337,Hsp60/10 clients
DLPFC,MRPL15,MRPL15|Q9P015,braak_num,-0.01711100217703474,0.00417785062509853,-4.095647190983801,4.95540675650553e-5,478,610,2,ok,2.317234564174577e-4,0.01711100217703474,Hsp60/10 clients
DLPFC,MRPL16,MRPL16|Q9NX20,braak_num,-0.01342061215545223,0.00451325682908128,-2.973598149561574,0.00309427242326776,478,610,2,ok,0.00859468104254103,0.01342061215545223,Hsp60/10 clients
DLPFC,MRPL17,MRPL17|Q9NRX2,braak_num,-0.01552578216736007,0.00477155847209722,-3.25381785807522,0.00122704217041405,444,576,2,ok,0.00386423572020618,0.01552578216736007,Non-client mitochondrial proteins
DLPFC,MRPL18,MRPL18|Q9H0U6,braak_num,-0.0069794702568772,0.00416234550709682,-1.6768118468246247,0.09432158597276973,428,560,2,ok,0.15784616629066112,0.0069794702568772,Non-client mitochondrial proteins
DLPFC,MRPL19,MRPL19|P49406,braak_num,-0.01367397278955465,0.00368531022616953,-3.710399383057427,2.3163201570009368e-4,478,610,2,ok,8.991043992079747e-4,0.01367397278955465,Hsp60/10 clients
DLPFC,MRPL2,MRPL2|Q5T653,braak_num,-0.0145932313750277,0.00562172906928412,-2.5958617349174395,0.0097358445803281,469,596,2,ok,0.0231421681117069,0.0145932313750277,Non-client mitochondrial proteins
DLPFC,MRPL20,MRPL20|Q9BYC9,braak_num,-0.01173384855338791,0.00484861507700664,-2.420041262717015,0.01589621723028241,478,610,2,ok,0.03532492717840536,0.01173384855338791,Non-client mitochondrial proteins
DLPFC,MRPL21,MRPL21|Q7Z2W9,braak_num,-0.01416506591358222,0.00398530655324356,-3.5543227915688345,4.1719641949633794e-4,478,610,2,ok,0.0014931240276711,0.01416506591358222,Non-client mitochondrial proteins
DLPFC,MRPL22,MRPL22|Q9NWU5,braak_num,-0.00775026688500977,0.00303280335959105,-2.5554795237548205,0.01091721358645622,478,610,2,ok,0.02559805230645465,0.00775026688500977,Hsp60/10 clients
DLPFC,MRPL23,MRPL23|Q16540,braak_num,-0.01569077416470021,0.00425796801294008,-3.685038055010158,2.55237153161012e-4,478,610,2,ok,9.770963578057089e-4,0.01569077416470021,Hsp60/10 clients
DLPFC,MRPL24,MRPL24|Q96A35,braak_num,-0.01700926414243741,0.00433706532188404,-3.9218372055896302,1.0094256925159116e-4,478,610,2,ok,4.3362320342985814e-4,0.01700926414243741,Non-client mitochondrial proteins
DLPFC,MRPL27,MRPL27|Q9P0M9,braak_num,-0.01104043431234348,0.00390477719058255,-2.8274172311215406,0.00489236129853206,478,610,2,ok,0.01276268164834452,0.01104043431234348,Non-client mitochondrial proteins
DLPFC,MRPL28,MRPL28|Q13084,braak_num,-0.01443178871582472,0.00395475459016807,-3.6492248474035858,2.9244729440551384e-4,478,610,2,ok,0.00109982227064425,0.01443178871582472,Non-client mitochondrial proteins
DLPFC,MRPL3,MRPL3|P09001,braak_num,-0.0174244114270484,0.0039414717281136,-4.420788129155947,1.2220392758528884e-5,478,610,2,ok,6.741779178082642e-5,0.0174244114270484,Hsp60/10 clients
DLPFC,MRPL30,MRPL30|Q8TCC3,braak_num,-0.01292129959570971,0.00396915469853081,-3.255428567823914,0.00121522128185027,470,596,2,ok,0.00383490249824182,0.01292129959570971,Non-client mitochondrial proteins
DLPFC,MRPL32,MRPL32|Q9BYC8,braak_num,-0.00620121967883192,0.00452240615402523,-1.3712213073371198,0.17103125808241515,431,563,2,ok,0.25785300528766153,0.00620121967883192,Non-client mitochondrial proteins
DLPFC,MRPL33,MRPL33|O75394,braak_num,-0.02318015918102034,0.00481640849216248,-4.812747759817364,2.0614095423918997e-6,439,558,2,ok,1.3843262325645677e-5,0.02318015918102034,Non-client mitochondrial proteins
DLPFC,MRPL34,MRPL34|Q9BQ48,braak_num,-0.01375199438301012,0.00678069957627861,-2.0281084906223645,0.043520093456517,280,367,2,ok,0.08274900247489426,0.01375199438301012,Non-client mitochondrial proteins
DLPFC,MRPL37,MRPL37|Q9BZE1,braak_num,-0.01312696421306685,0.00342706230868316,-3.8303838771203496,1.4526026630467596e-4,478,610,2,ok,5.955735795787964e-4,0.01312696421306685,Hsp60/10 clients
DLPFC,MRPL38,MRPL38|Q96DV4,braak_num,-0.01427334319211916,0.00354521428899896,-4.026087572875442,6.608247628787587e-5,478,610,2,ok,2.979553695101673e-4,0.01427334319211916,Hsp60/10 clients
DLPFC,MRPL39,MRPL39|Q9NYK5,braak_num,-0.01459718331348908,0.00364670981400412,-4.002836545269614,7.268940499402332e-5,478,610,2,ok,3.2503104619831176e-4,0.01459718331348908,Hsp60/10 clients
DLPFC,MRPL4,MRPL4|Q9BYD3,braak_num,-0.01424179037609802,0.00336198465244399,-4.236125934050575,2.7363156819740382e-5,478,610,2,ok,1.3748975347849848e-4,0.01424179037609802,Hsp60/10 clients
DLPFC,MRPL40,MRPL40|Q9NQ50,braak_num,-0.01412866521791781,0.00409110764559099,-3.453506101983,6.033118874693864e-4,478,610,2,ok,0.00206579751099178,0.01412866521791781,Non-client mitochondrial proteins
DLPFC,MRPL41,MRPL41|Q8IXM3,braak_num,-0.0139190937636106,0.00423028192828332,-3.290346600908239,0.00107571172214312,478,610,2,ok,0.00343838217593101,0.0139190937636106,Non-client mitochondrial proteins
DLPFC,MRPL42,MRPL42|Q9Y6G3,braak_num,-0.00809955904628645,0.004367979587462,-1.8543033189842968,0.0644409203264347,402,534,2,ok,0.11442314286202523,0.00809955904628645,Non-client mitochondrial proteins
DLPFC,MRPL43,MRPL43|Q8N983,braak_num,-0.012410242855429309,0.00387637546780116,-3.201506912453167,0.00146202883396751,466,598,2,ok,0.00448127702698556,0.012410242855429309,Non-client mitochondrial proteins
DLPFC,MRPL44,MRPL44|Q9H9J2,braak_num,-0.01362710426453664,0.00335876409066953,-4.057178145494646,5.813456438538871e-5,478,610,2,ok,2.6750641657036006e-4,0.01362710426453664,Hsp60/10 clients
DLPFC,MRPL45,MRPL45|Q9BRJ2,braak_num,-0.0120798183464802,0.00374255630064124,-3.227691817063771,0.00133497069302866,478,610,2,ok,0.00415794060173362,0.0120798183464802,Hsp60/10 clients
DLPFC,MRPL46,MRPL46|Q9H2W6,braak_num,-0.01409507141290372,0.00441165923928714,-3.194959231525163,0.00149235774937438,478,610,2,ok,0.00456357233153125,0.01409507141290372,Non-client mitochondrial proteins
DLPFC,MRPL47,MRPL47|Q9HD33,braak_num,-0.00771215302819726,0.00509839907551498,-1.5126617030108156,0.13103628402851747,478,610,2,ok,0.20736305591825385,0.00771215302819726,Hsp60/10 clients
DLPFC,MRPL48,MRPL48|Q96GC5,braak_num,-0.01467425785560253,0.004240960600027,-3.460125957196843,5.917464773146798e-4,454,586,2,ok,0.00203226062916152,0.01467425785560253,Hsp60/10 clients
DLPFC,MRPL49,MRPL49|Q13405,braak_num,-0.01331036939313976,0.00390425700281968,-3.4091939602149384,7.07530309592089e-4,478,610,2,ok,0.00237742615009347,0.01331036939313976,Hsp60/10 clients
DLPFC,MRPL50,MRPL50|Q8N5N7,braak_num,-0.01547223771558799,0.00404484555306568,-3.825173918905558,1.4904471448579025e-4,459,591,2,ok,6.094567835098238e-4,0.01547223771558799,Non-client mitochondrial proteins
DLPFC,MRPL52,MRPL52|Q86TS9,braak_num,-0.01076582338429061,0.00499821627872225,-2.1539330801112904,0.03181783256455364,424,542,2,ok,0.06376068608220964,0.01076582338429061,Non-client mitochondrial proteins
DLPFC,MRPL53,MRPL53|Q96EL3,braak_num,-0.01307178763534695,0.00423165959612075,-3.089045169732014,0.00212671952678186,478,610,2,ok,0.00621760676938136,0.01307178763534695,Hsp60/10 clients
DLPFC,MRPL54,MRPL54|Q6P161,braak_num,-0.01525941378429495,0.00441096949007083,-3.459424015206664,5.91629556618383e-4,468,600,2,ok,0.00203226062916152,0.01525941378429495,Non-client mitochondrial proteins
DLPFC,MRPL55,MRPL55|Q7Z7F7,braak_num,-0.02289534869266183,0.00666549425500457,-3.4349063725426814,6.451779798143116e-4,478,610,2,ok,0.00219117049748256,0.02289534869266183,Non-client mitochondrial proteins
DLPFC,MRPL57,MRPL57|Q9BQC6,braak_num,-0.00973110131043845,0.0040629314241565,-2.395093663796874,0.01705121601483806,429,561,2,ok,0.03737587464570521,0.00973110131043845,Non-client mitochondrial proteins
DLPFC,MRPL9,MRPL9|Q9BYD2,braak_num,-0.01604915669920184,0.00413211560146294,-3.8840047682886176,1.1744752140686675e-4,478,610,2,ok,4.957095386276032e-4,0.01604915669920184,Hsp60/10 clients
DLPFC,MRPS10,MRPS10|P82664,braak_num,-0.02134732819428491,0.00388096127710563,-5.50052594449111,6.22275039710782e-8,478,610,2,ok,6.05136108532307e-7,0.02134732819428491,Non-client mitochondrial proteins
DLPFC,MRPS11,MRPS11|P82912,braak_num,-0.01954350683963664,0.00480526045891604,-4.067106665024605,5.6806532313542595e-5,429,561,2,ok,2.6178913987867517e-4,0.01954350683963664,Non-client mitochondrial proteins
DLPFC,MRPS12,MRPS12|O15235,braak_num,-0.01810437363212954,0.00397847050505555,-4.550586364564923,6.816292315731752e-6,478,610,2,ok,3.998310764116133e-5,0.01810437363212954,Hsp60/10 clients
DLPFC,MRPS14,MRPS14|O60783,braak_num,-0.00309324806780928,0.00487222004471141,-0.6348744595734894,0.5258351149283677,454,586,2,ok,0.6267419313220483,0.00309324806780928,Non-client mitochondrial proteins
DLPFC,MRPS15,MRPS15|P82914,braak_num,-0.01741277827638502,0.00401706559434202,-4.334701006852032,1.785851267419124e-5,478,610,2,ok,9.432747200752336e-5,0.01741277827638502,Hsp60/10 clients
DLPFC,MRPS16,MRPS16|Q9Y3D3,braak_num,-0.02661306602209774,0.00478859580010903,-5.557592900509952,4.5850836354818944e-8,478,610,2,ok,4.5661459429741603e-7,0.02661306602209774,Hsp60/10 clients
DLPFC,MRPS17,MRPS17|Q9Y2R5,braak_num,-0.01471598343698633,0.00457199938174572,-3.218719472216405,0.00137650977168712,478,610,2,ok,0.00426615790144759,0.01471598343698633,Non-client mitochondrial proteins
DLPFC,MRPS18A,MRPS18A|Q9NVS2,braak_num,-0.01295055169585272,0.00375126675979011,-3.4523142514603067,6.059166669998199e-4,478,610,2,ok,0.00207316996014101,0.01295055169585272,Non-client mitochondrial proteins
DLPFC,MRPS18B,MRPS18B|Q9Y676,braak_num,-0.01900945644361375,0.00522236112289781,-3.640011863650224,3.0281287408617894e-4,478,610,2,ok,0.00113157521587857,0.01900945644361375,Non-client mitochondrial proteins
DLPFC,MRPS2,MRPS2|Q9Y399,braak_num,-0.00941053002346272,0.00329374245407444,-2.8570934596970874,0.00446459805394741,478,610,2,ok,0.0117705370865127,0.00941053002346272,Hsp60/10 clients
DLPFC,MRPS21,MRPS21|P82921,braak_num,-0.01697404362817979,0.00419347712651836,-4.047725340109937,6.094616901872689e-5,454,586,2,ok,2.791845467025513e-4,0.01697404362817979,Non-client mitochondrial proteins
DLPFC,MRPS22,MRPS22|P82650,braak_num,-0.02184195228377112,0.00472022008895614,-4.62731649629528,4.79498168497877e-6,478,610,2,ok,2.934528791207007e-5,0.02184195228377112,Hsp60/10 clients
DLPFC,MRPS23,MRPS23|Q9Y3D9,braak_num,-0.02312426228547163,0.00460205627001108,-5.02476739281937,7.170217365635725e-7,478,610,2,ok,5.364514703874161e-6,0.02312426228547163,Hsp60/10 clients
DLPFC,MRPS24,MRPS24|Q96EL2,braak_num,-0.01720611326818113,0.00500328565919732,-3.4389628016845077,6.462834812003397e-4,401,533,2,ok,0.00219330216540448,0.01720611326818113,Non-client mitochondrial proteins
DLPFC,MRPS25,MRPS25|P82663,braak_num,-0.01747624546599333,0.00391800812090241,-4.460492404994847,1.0237231447296336e-5,478,610,2,ok,5.740854287488109e-5,0.01747624546599333,Hsp60/10 clients
DLPFC,MRPS26,MRPS26|Q9BYN8,braak_num,-0.00979556735007634,0.00340391235238673,-2.8777378310601773,0.0041873863287924,478,610,2,ok,0.01113563340043867,0.00979556735007634,Hsp60/10 clients
DLPFC,MRPS27,MRPS27|Q92552,braak_num,-0.02122291723508657,0.00450775026686535,-4.7080951646961555,3.293521580333889e-6,478,610,2,ok,2.1143026648576992e-5,0.02122291723508657,Hsp60/10 clients
DLPFC,MRPS28,MRPS28|Q9Y2Q9,braak_num,-0.01213298923925637,0.00379448402498821,-3.1975333561442656,0.00147938528661025,478,610,2,ok,0.00452691897702739,0.01213298923925637,Non-client mitochondrial proteins
DLPFC,MRPS30,MRPS30|Q9NP92,braak_num,-0.01286160941879186,0.0034609122661046,-3.716248326996199,2.264877223607309e-4,478,610,2,ok,8.809988522336905e-4,0.01286160941879186,Hsp60/10 clients
DLPFC,MRPS31,MRPS31|Q92665,braak_num,-0.01848349137056944,0.00380479088247875,-4.857951971995839,1.6173507822150057e-6,478,610,2,ok,1.1163368556942672e-5,0.01848349137056944,Hsp60/10 clients
DLPFC,MRPS33,MRPS33|Q9Y291,braak_num,-0.01081931437600965,0.00538636069046983,-2.008650181030846,0.04514450146939641,478,610,2,ok,0.08523786990725198,0.01081931437600965,Hsp60/10 clients
DLPFC,MRPS34,MRPS34|P82930,braak_num,-0.01169034821534405,0.00618604125773003,-1.8897947375853463,0.05939922641982249,478,610,2,ok,0.10729665341427466,0.01169034821534405,Hsp60/10 clients
DLPFC,MRPS35,MRPS35|P82673,braak_num,-0.01923709446657376,0.00431122952228176,-4.462090075963367,1.0164264716505751e-5,478,610,2,ok,5.706908262845431e-5,0.01923709446657376,Hsp60/10 clients
DLPFC,MRPS36,MRPS36|P82909,braak_num,-0.02246941171908487,0.00404834847106439,-5.550266208476171,4.7691268495838555e-8,478,610,2,ok,4.738158493417726e-7,0.02246941171908487,Hsp60/10 clients
DLPFC,MRPS5,MRPS5|P82675,braak_num,-0.00904528313430299,0.00321702171411904,-2.8116947717836474,0.00513375988036214,478,610,2,ok,0.01326052777201026,0.00904528313430299,Hsp60/10 clients
DLPFC,MRPS6,MRPS6|P82932,braak_num,-0.0071558431306248,0.00382411777001253,-1.871240260103533,0.06193149826663897,478,610,2,ok,0.11099788248491715,0.0071558431306248,Hsp60/10 clients
DLPFC,MRPS7,MRPS7|Q9Y2R9,braak_num,-0.02230006226218178,0.00392926447434582,-5.67537828206244,2.4212778867951665e-8,478,610,2,ok,2.5954613694293754e-7,0.02230006226218178,Non-client mitochondrial proteins
DLPFC,MRPS9,MRPS9|P82933,braak_num,-0.02178779639304093,0.00425505507828262,-5.120449910094853,4.450749659253039e-7,478,610,2,ok,3.4951139325870742e-6,0.02178779639304093,Hsp60/10 clients
DLPFC,MRRF,MRRF|Q96E11,braak_num,0.00356363508828655,0.00321975192790964,1.1068042408472674,0.2689435248587916,478,610,2,ok,0.3715986692058559,-0.00356363508828655,Non-client mitochondrial proteins
DLPFC,MRS2,MRS2|Q9HD23,braak_num,-0.00809128262606542,0.00386853631619649,-2.091561759983859,0.03701278651273372,478,610,2,ok,0.07226432172668018,0.00809128262606542,Non-client mitochondrial proteins
DLPFC,MSRA,MSRA|Q9UJ68,braak_num,0.00357037064660866,0.00326786317737251,1.0925704207357232,0.27514097024854167,478,610,2,ok,0.37822613160850743,-0.00357037064660866,Non-client mitochondrial proteins
DLPFC,MSRB2,MSRB2|Q9Y3D2,braak_num,0.00338660102464671,0.0029401737909329,1.15183702238641,0.2499723749810059,478,610,2,ok,0.3505034981404665,-0.00338660102464671,Non-client mitochondrial proteins
DLPFC,MSRB3,MSRB3|Q8IXL7,braak_num,0.01463180818584592,0.00408081967899816,3.5855071619920307,3.8436244253891016e-4,356,475,2,ok,0.00138696824784087,-0.01463180818584592,Non-client mitochondrial proteins
DLPFC,MT-ATP6,MT-ATP6|P00846,braak_num,-0.02283159808680485,0.00421373150079384,-5.418379904486912,9.614512084165489e-8,478,610,2,ok,8.933321956744857e-7,0.02283159808680485,Hsp60/10 clients
DLPFC,MT-ATP8,MT-ATP8|P03928,braak_num,-0.0100011892657664,0.00402354361515167,-2.485666920101072,0.01327670917014516,478,610,2,ok,0.03018330613717993,0.0100011892657664,Non-client mitochondrial proteins
DLPFC,MT-CO1,MT-CO1|P00395,braak_num,-0.01115492330354297,0.00989877477135882,-1.1268993952482584,0.2604062621862106,442,574,2,ok,0.36207677949438283,0.01115492330354297,Non-client mitochondrial proteins
DLPFC,MT-CO2,MT-CO2|P00403,braak_num,-0.03094770188292257,0.00593927379281357,-5.210687865639197,2.819371163711821e-7,478,610,2,ok,2.3337986729372867e-6,0.03094770188292257,Hsp60/10 clients
DLPFC,MT-CO3,MT-CO3|P00414,braak_num,-0.02071784554488366,0.00547489083395252,-3.784156830379517,1.796983117765754e-4,378,510,2,ok,7.191065833081787e-4,0.02071784554488366,Non-client mitochondrial proteins
DLPFC,MT-CYB,MT-CYB|P00156,braak_num,-0.03256151254650637,0.00763099621573007,-4.267006774212003,2.3960428502368843e-5,478,610,2,ok,1.2240218901043182e-4,0.03256151254650637,Non-client mitochondrial proteins
DLPFC,MT-ND1,MT-ND1|P03886,braak_num,-0.0328445719627166,0.0052351373872995,-6.273870107477569,7.987700583550154e-10,478,610,2,ok,1.3259871854790308e-8,0.0328445719627166,Non-client mitochondrial proteins
DLPFC,MT-ND2,MT-ND2|P03891,braak_num,-0.04168834833395942,0.01143388737205332,-3.646034544284036,2.9599838742858694e-4,478,610,2,ok,0.00111135590862757,0.04168834833395942,Non-client mitochondrial proteins
DLPFC,MT-ND3,MT-ND3|P03897,braak_num,-0.02121757498806701,0.00457522052192229,-4.637497774457519,4.8424416545452174e-6,390,522,2,ok,2.9596281217526695e-5,0.02121757498806701,Non-client mitochondrial proteins
DLPFC,MT-ND4,MT-ND4|P03905,braak_num,-0.02720256036024123,0.00493839750586265,-5.508378037196782,5.967594300553392e-8,478,610,2,ok,5.827927199902142e-7,0.02720256036024123,Non-client mitochondrial proteins
DLPFC,MT-ND5,MT-ND5|P03915,braak_num,-0.02754897913052381,0.00482420586310268,-5.710572871947402,1.9964708439146822e-8,478,610,2,ok,2.200192358599854e-7,0.02754897913052381,Non-client mitochondrial proteins
DLPFC,MT-ND6,MT-ND6|P03923,braak_num,-0.01781718240914664,0.00647169534212669,-2.753093504443558,0.00614449777985417,453,585,2,ok,0.01542973526137117,0.01781718240914664,Non-client mitochondrial proteins
DLPFC,MTCH1,MTCH1|Q9NZJ7,braak_num,-0.00878728740513616,0.00350291375708014,-2.50856515875538,0.0124572103662045,478,610,2,ok,0.02858215225237623,0.00878728740513616,Non-client mitochondrial proteins
DLPFC,MTCH2,MTCH2|Q9Y6C9,braak_num,-0.01347870765530707,0.00307028005596609,-4.390058043439904,1.4002649348845806e-5,478,610,2,ok,7.597182093522725e-5,0.01347870765530707,Non-client mitochondrial proteins
DLPFC,MTERF4,MTERF4|Q7Z6M4,braak_num,0.01768289029763496,0.00867080893090276,2.039358777081703,0.04223800419243809,326,417,2,ok,0.08078018301803785,-0.01768289029763496,Non-client mitochondrial proteins
DLPFC,MTFMT,MTFMT|Q96DP5,braak_num,-0.01202291350111288,0.00391205572776134,-3.073298116842764,0.00224509991011463,459,585,2,ok,0.00652215733381403,0.01202291350111288,Non-client mitochondrial proteins
DLPFC,MTFP1,MTFP1|Q9UDX5,braak_num,-0.02448042592138975,0.00541592720401831,-4.520080311128747,7.82867194338533e-6,478,610,2,ok,4.508607806792805e-5,0.02448042592138975,Non-client mitochondrial proteins
DLPFC,MTFR1L,MTFR1L|Q9H019,braak_num,-0.01250932543208756,0.00356871785255266,-3.505271626654318,4.997608486650722e-4,478,610,2,ok,0.00174987722361453,0.01250932543208756,Non-client mitochondrial proteins
DLPFC,MTG1,MTG1|Q9BT17,braak_num,-0.01027341830111445,0.00448624128485069,-2.28998345135963,0.02250918088968937,434,566,2,ok,0.04752398357114729,0.01027341830111445,Hsp60/10 clients
DLPFC,MTG2,MTG2|Q9H4K7,braak_num,0.01472423801306422,0.0083906407573453,1.7548407134668924,0.08076602988900408,214,301,2,ok,0.1387670137340553,-0.01472423801306422,Non-client mitochondrial proteins
DLPFC,MTHFD1L,MTHFD1L|Q6UB35,braak_num,-0.00825025167380551,0.0033920850025968,-2.4322066420769364,0.01537869826081446,478,610,2,ok,0.03429109789513644,0.00825025167380551,Hsp60/10 clients
DLPFC,MTHFD2L,MTHFD2L|Q9H903,braak_num,-0.00155246356296146,0.00311741168843237,-0.4979976076698883,0.6187181658059934,478,610,2,ok,0.7085673871653543,0.00155246356296146,Non-client mitochondrial proteins
DLPFC,MTHFS,MTHFS|P49914,braak_num,0.00274607133796888,0.00436486224117664,0.6291312729330538,0.5295816495788667,458,590,2,ok,0.63022550468421,-0.00274607133796888,Non-client mitochondrial proteins
DLPFC,MTIF2,MTIF2|P46199,braak_num,-0.00929174638054841,0.00305542838184116,-3.0410617495636787,0.00248890225666709,478,610,2,ok,0.00712001331137548,0.00929174638054841,Non-client mitochondrial proteins
DLPFC,MTIF3,MTIF3|Q9H2K0,braak_num,0.01228972525860056,0.00391023906733676,3.1429600714850907,0.00177799487638308,478,610,2,ok,0.00532181055272146,-0.01228972525860056,Non-client mitochondrial proteins
DLPFC,MTO1,MTO1|Q9Y2Z2,braak_num,-0.00870566043844658,0.00408162086310764,-2.132892968363139,0.03352979376007462,415,547,2,ok,0.0666241356531353,0.00870566043844658,Hsp60/10 clients
DLPFC,MTPAP,MTPAP|Q9NVV4,braak_num,-0.007403034795382,0.0030203326287094,-2.4510660597489693,0.01460580457111935,478,610,2,ok,0.03278271050437058,0.007403034795382,Hsp60/10 clients
DLPFC,MTRF1,MTRF1|O75570,braak_num,-0.00757340885029087,0.00531670763237975,-1.4244546388384,0.1550700621226516,420,545,2,ok,0.23789157257452231,0.00757340885029087,Non-client mitochondrial proteins
DLPFC,MTRF1L,MTRF1L|Q9UGC7,braak_num,-0.01335341815269858,0.00473285402562316,-2.821430384373698,0.00499792543788575,446,578,2,ok,0.01297905389527331,0.01335341815269858,Non-client mitochondrial proteins
DLPFC,MTUS1,MTUS1|Q9ULD2,braak_num,-1.0103954467356112e-4,0.00502245883605396,-0.02011754560301099,0.9839619107769012,333,438,2,ok,0.9890255492096742,1.0103954467356112e-4,Hsp60/10 clients
DLPFC,MTX1,MTX1|Q13505,braak_num,-0.01520932190473257,0.00310700627550012,-4.895169354714091,1.351602079491789e-6,478,610,2,ok,9.529728947568836e-6,0.01520932190473257,Non-client mitochondrial proteins
DLPFC,MTX2,MTX2|O75431,braak_num,-0.01869789270209818,0.00317735324503616,-5.88473841594699,7.576179733369532e-9,478,610,2,ok,9.348028219399503e-8,0.01869789270209818,Non-client mitochondrial proteins
DLPFC,MTX3,MTX3|Q5HYI7,braak_num,-0.02413816700507266,0.00384259709355767,-6.28173248908703,7.623659066055112e-10,478,610,2,ok,1.2701486429471132e-8,0.02413816700507266,Non-client mitochondrial proteins
DLPFC,MUL1,MUL1|Q969V5,braak_num,-0.00359648774049204,0.00272591080244212,-1.3193710290410023,0.18771303036448517,459,591,2,ok,0.27852038447486244,0.00359648774049204,Non-client mitochondrial proteins
DLPFC,NADK2,NADK2|Q4G0N4,braak_num,0.01562065001731569,0.00289752453649314,5.391032869810061,1.1099629705351999e-7,478,610,2,ok,1.0138766238321526e-6,-0.01562065001731569,Hsp60/10 clients
DLPFC,NARS2,NARS2|Q96I59,braak_num,0.00407493132652129,0.00293237971001271,1.389632902112675,0.16529687696529327,478,610,2,ok,0.2509385365538932,-0.00407493132652129,Hsp60/10 clients
DLPFC,NAT8L,NAT8L|Q8N9F0,braak_num,-0.03624602897731614,0.00414535389701255,-8.743771913765354,4.007103271075713e-17,478,610,2,ok,5.8389219092817535e-15,0.03624602897731614,Non-client mitochondrial proteins
DLPFC,NBR1,NBR1|Q14596,braak_num,0.01888842551374146,0.0037580123495294,5.0261744126803505,7.380687768534343e-7,433,565,2,ok,5.508513310174413e-6,-0.01888842551374146,Non-client mitochondrial proteins
DLPFC,NDUFA10,NDUFA10|O95299,braak_num,-0.03305191357805854,0.00490263522049028,-6.741662818379793,4.593684782280276e-11,478,610,2,ok,1.1168194917084831e-9,0.03305191357805854,Hsp60/10 clients
DLPFC,NDUFA11,NDUFA11|Q86Y39,braak_num,-0.03220225698682533,0.00459931719989192,-7.001529920045956,8.770510050033344e-12,478,610,2,ok,2.6484632322140156e-10,0.03220225698682533,Non-client mitochondrial proteins
DLPFC,NDUFA12,NDUFA12|Q9UI09,braak_num,-0.0375965233434446,0.00467365035371402,-8.044359440275123,7.093610052657423e-15,478,610,2,ok,5.551502329844536e-13,0.0375965233434446,Non-client mitochondrial proteins
DLPFC,NDUFA13,NDUFA13|Q9P0J0,braak_num,-0.03376630111651595,0.00492990170110218,-6.849284866870017,2.3276052269960372e-11,478,610,2,ok,6.193453908354673e-10,0.03376630111651595,Hsp60/10 clients
DLPFC,NDUFA2,NDUFA2|O43678,braak_num,-0.03803706433158122,0.00552253574081711,-6.8876085401220575,1.8234360567324975e-11,478,610,2,ok,4.996759104717708e-10,0.03803706433158122,Hsp60/10 clients
DLPFC,NDUFA3,NDUFA3|O95167,braak_num,-0.0340667309688021,0.0051533516105853,-6.6105970527659945,1.0393565041235966e-10,478,610,2,ok,2.218905280896422e-9,0.0340667309688021,Non-client mitochondrial proteins
DLPFC,NDUFA4,NDUFA4|O00483,braak_num,-0.0348921701501619,0.00497139301412353,-7.018590172017101,7.853713619469097e-12,478,610,2,ok,2.403236367557544e-10,0.0348921701501619,Hsp60/10 clients
DLPFC,NDUFA5,NDUFA5|Q16718,braak_num,-0.03397151294842891,0.00518743768953701,-6.5488040496272255,1.5206939333177752e-10,478,610,2,ok,3.109124790168636e-9,0.03397151294842891,Non-client mitochondrial proteins
DLPFC,NDUFA6,NDUFA6|P56556,braak_num,-0.03791788551411218,0.0056018547653005,-6.768809100333417,3.8728700010448794e-11,478,610,2,ok,9.740533317696436e-10,0.03791788551411218,Hsp60/10 clients
DLPFC,NDUFA7,NDUFA7|O95182,braak_num,-0.03600917052758617,0.00498040251839074,-7.2301727409818595,1.963073841986043e-12,478,610,2,ok,6.957921957309604e-11,0.03600917052758617,Non-client mitochondrial proteins
DLPFC,NDUFA8,NDUFA8|P51970,braak_num,-0.0341216251229292,0.00525378362448008,-6.494676515404822,2.11741710086392e-10,478,610,2,ok,4.1357210608363375e-9,0.0341216251229292,Hsp60/10 clients
DLPFC,NDUFA9,NDUFA9|Q16795,braak_num,-0.03603341094517547,0.00477252362054204,-7.550179697399374,2.2719779101567986e-13,478,610,2,ok,1.1587087341799672e-11,0.03603341094517547,Hsp60/10 clients
DLPFC,NDUFAB1,NDUFAB1|O14561,braak_num,-0.02753482750458522,0.00466464048816884,-5.902883099870859,6.839410292702412e-9,478,610,2,ok,8.553921864715008e-8,0.02753482750458522,Non-client mitochondrial proteins
DLPFC,NDUFAF1,NDUFAF1|Q9Y375,braak_num,-0.01352706715691662,0.00440288159668073,-3.0723213558853115,0.00224705207389632,478,610,2,ok,0.00652576337816142,0.01352706715691662,Non-client mitochondrial proteins
DLPFC,NDUFAF2,NDUFAF2|Q8N183,braak_num,-0.00986209288162438,0.00353454193711752,-2.7902039520479063,0.00548119568933228,478,610,2,ok,0.01399259633706073,0.00986209288162438,Non-client mitochondrial proteins
DLPFC,NDUFAF3,NDUFAF3|Q9BU61,braak_num,-0.02491896244112341,0.00453135621485772,-5.4992283236125585,6.265925520436289e-8,478,610,2,ok,6.08689907699525e-7,0.02491896244112341,Hsp60/10 clients
DLPFC,NDUFAF4,NDUFAF4|Q9P032,braak_num,-0.02506367846516375,0.00532058221802329,-4.710702219817479,3.2535424285218113e-6,478,610,2,ok,2.094496458192863e-5,0.02506367846516375,Non-client mitochondrial proteins
DLPFC,NDUFAF5,NDUFAF5|Q5TEU4,braak_num,-0.02339975319162299,0.00390337332559303,-5.99475152381636,4.058406613754139e-9,478,610,2,ok,5.3838399876102595e-8,0.02339975319162299,Non-client mitochondrial proteins
DLPFC,NDUFAF6,NDUFAF6|Q330K2,braak_num,-0.00564320022090152,0.00355030478435267,-1.589497399145252,0.11261912074490474,478,610,2,ok,0.18278704533914877,0.00564320022090152,Non-client mitochondrial proteins
DLPFC,NDUFAF7,NDUFAF7|Q7L592,braak_num,-0.02102865534491055,0.00390276565098775,-5.388141955074443,1.1269061145233785e-7,478,610,2,ok,1.0283298341276953e-6,0.02102865534491055,Hsp60/10 clients
DLPFC,NDUFB1,NDUFB1|O75438,braak_num,-0.03757479988746329,0.00561288130387688,-6.694387045297023,6.175878273992637e-11,478,610,2,ok,1.4353053811456302e-9,0.03757479988746329,Hsp60/10 clients
DLPFC,NDUFB10,NDUFB10|O96000,braak_num,-0.03144889386332412,0.00501392924924067,-6.272305072531063,8.062167964819284e-10,478,610,2,ok,1.3359332476000187e-8,0.03144889386332412,Hsp60/10 clients
DLPFC,NDUFB11,NDUFB11|Q9NX14,braak_num,-0.03085031612598947,0.00510837739732422,-6.039161504032364,3.146078003537211e-9,478,610,2,ok,4.3170397716698955e-8,0.03085031612598947,Non-client mitochondrial proteins
DLPFC,NDUFB2,NDUFB2|O95178,braak_num,-0.0326640356452181,0.00572822885702804,-5.702292359555803,2.0893588586870552e-8,478,610,2,ok,2.287811980874406e-7,0.0326640356452181,Non-client mitochondrial proteins
DLPFC,NDUFB3,NDUFB3|O43676,braak_num,-0.03599612627352775,0.00471720582771419,-7.630815272474612,1.3049604156501272e-13,478,610,2,ok,7.130676556945339e-12,0.03599612627352775,Non-client mitochondrial proteins
DLPFC,NDUFB4,NDUFB4|O95168,braak_num,-0.03303979749666067,0.00472339931690041,-6.994919395962062,9.153352595199758e-12,478,610,2,ok,2.746005778559927e-10,0.03303979749666067,Non-client mitochondrial proteins
DLPFC,NDUFB5,NDUFB5|O43674,braak_num,-0.03395984585746862,0.00501243706589114,-6.77511665703697,3.7219924004571947e-11,478,610,2,ok,9.412641938346294e-10,0.03395984585746862,Non-client mitochondrial proteins
DLPFC,NDUFB6,NDUFB6|O95139,braak_num,-0.03143627233109302,0.00444646972770431,-7.069939582681785,5.626099988649783e-12,478,610,2,ok,1.7933193713821184e-10,0.03143627233109302,Non-client mitochondrial proteins
DLPFC,NDUFB7,NDUFB7|P17568,braak_num,-0.03349320748264799,0.00457252468604122,-7.324882812529009,1.0446471690412344e-12,478,610,2,ok,4.1335607809476434e-11,0.03349320748264799,Non-client mitochondrial proteins
DLPFC,NDUFB8,NDUFB8|O95169,braak_num,-0.0299581079651428,0.00446753199591963,-6.70573999078343,5.7530236438218705e-11,478,610,2,ok,1.3611535322238343e-9,0.0299581079651428,Non-client mitochondrial proteins
DLPFC,NDUFB9,NDUFB9|Q9Y6M9,braak_num,-0.03087677550175925,0.00456676325327903,-6.761194699460077,4.063021293782323e-11,478,610,2,ok,1.0080685264032902e-9,0.03087677550175925,Non-client mitochondrial proteins
DLPFC,NDUFC1,NDUFC1|O43677,braak_num,-0.03451090863891475,0.00460754560159378,-7.490085095843037,3.4246521323683563e-13,478,610,2,ok,1.6205312667598715e-11,0.03451090863891475,Non-client mitochondrial proteins
DLPFC,NDUFC2,NDUFC2|O95298,braak_num,-0.03384546070007678,0.0053528724442223,-6.3228595586297445,5.96848834845033e-10,478,610,2,ok,1.0222149820666798e-8,0.03384546070007678,Non-client mitochondrial proteins
DLPFC,NDUFS1,NDUFS1|P28331,braak_num,-0.03599088691803508,0.00507533392030167,-7.09133378871273,4.8933843570429316e-12,478,610,2,ok,1.5929527800586562e-10,0.03599088691803508,Hsp60/10 clients
DLPFC,NDUFS2,NDUFS2|O75306,braak_num,-0.03356103629998604,0.00457266808615655,-7.339486633982856,9.472912616138297e-13,478,610,2,ok,3.830895939037425e-11,0.03356103629998604,Hsp60/10 clients
DLPFC,NDUFS3,NDUFS3|O75489,braak_num,-0.03388681718607413,0.00474535189238898,-7.14105464769111,3.533724459549297e-12,478,610,2,ok,1.1970328612052601e-10,0.03388681718607413,Hsp60/10 clients
DLPFC,NDUFS4,NDUFS4|O43181,braak_num,-0.03535547941417024,0.00527323891792677,-6.704698945836985,5.7905845550522776e-11,478,610,2,ok,1.3630145183430746e-9,0.03535547941417024,Hsp60/10 clients
DLPFC,NDUFS5,NDUFS5|O43920,braak_num,-0.03163439962987912,0.0053532683013709,-5.909361879317347,6.593665442146574e-9,478,610,2,ok,8.291760103959664e-8,0.03163439962987912,Non-client mitochondrial proteins
DLPFC,NDUFS6,NDUFS6|O75380,braak_num,-0.04043181735335278,0.00540926374209474,-7.474550933561159,3.806350660488108e-13,478,610,2,ok,1.7514214668989958e-11,0.04043181735335278,Non-client mitochondrial proteins
DLPFC,NDUFS7,NDUFS7|O75251,braak_num,-0.03684332062205166,0.00504925501985648,-7.296783481357788,1.260480465353378e-12,478,610,2,ok,4.8213377799766695e-11,0.03684332062205166,Non-client mitochondrial proteins
DLPFC,NDUFS8,NDUFS8|O00217,braak_num,-0.03643370966275711,0.00482707975911166,-7.547774530550143,2.3097091077443343e-13,478,610,2,ok,1.1714436248117669e-11,0.03643370966275711,Non-client mitochondrial proteins
DLPFC,NDUFV1,NDUFV1|P49821,braak_num,-0.03516912066511957,0.00513942779349478,-6.843003166546042,2.4223842249196272e-11,478,610,2,ok,6.390082524356947e-10,0.03516912066511957,Hsp60/10 clients
DLPFC,NDUFV2,NDUFV2|P19404,braak_num,-0.03484653752541014,0.00501692886305183,-6.945790637384629,1.2561909649095727e-11,478,610,2,ok,3.6263625968144265e-10,0.03484653752541014,Hsp60/10 clients
DLPFC,NDUFV3,NDUFV3|P56181,braak_num,-0.03539925060704798,0.00517350418374073,-6.842412676170355,2.4314860864818182e-11,478,610,2,ok,6.395714118596874e-10,0.03539925060704798,Non-client mitochondrial proteins
DLPFC,NFS1,NFS1|Q9Y697,braak_num,-0.02447224913793135,0.00398967373038641,-6.1338973539475665,1.8183041446756019e-9,478,610,2,ok,2.7185719948081476e-8,0.02447224913793135,Hsp60/10 clients
DLPFC,NFU1,NFU1|Q9UMS0,braak_num,-0.01856364331954107,0.00425584997369575,-4.361912058526003,1.585112641849471e-5,478,610,2,ok,8.51453133538803e-5,0.01856364331954107,Hsp60/10 clients
DLPFC,NGRN,NGRN|Q9NPE2,braak_num,-0.00812299975150609,0.00423204956866586,-1.9194009001333197,0.05578283081540255,342,450,2,ok,0.10167668468650486,0.00812299975150609,Non-client mitochondrial proteins
DLPFC,NIF3L1,NIF3L1|Q9GZT8,braak_num,0.00873849121095791,0.00263091504189514,3.3214646128075915,9.650957322245107e-4,478,610,2,ok,0.00311847195417846,-0.00873849121095791,Non-client mitochondrial proteins
DLPFC,NIPSNAP1,NIPSNAP1|Q9BPW8,braak_num,-0.01959525623604176,0.00386986067939608,-5.063555993209485,5.915178957406734e-7,478,610,2,ok,4.510078308055965e-6,0.01959525623604176,Hsp60/10 clients
DLPFC,NIPSNAP3A,NIPSNAP3A|Q9UFN0,braak_num,0.00385632378067586,0.00453712496209506,0.8499487699574335,0.3957854016822786,478,610,2,ok,0.5036470733910892,-0.00385632378067586,Hsp60/10 clients
DLPFC,NIPSNAP3B,NIPSNAP3B|Q9BS92,braak_num,-0.01895443880144704,0.00717823728450723,-2.6405422459851464,0.00855223117682974,478,610,2,ok,0.02062975866102847,0.01895443880144704,Non-client mitochondrial proteins
DLPFC,NIT1,NIT1|Q86X76,braak_num,-0.00263124183505413,0.00289333994746764,-0.9094133018683432,0.3635971215431103,478,610,2,ok,0.47157693921528016,0.00263124183505413,Non-client mitochondrial proteins
DLPFC,NIT2,NIT2|Q9NQR4,braak_num,-0.00908035221812209,0.00440172326691596,-2.06290847186406,0.03966891103384464,478,610,2,ok,0.07658477461423634,0.00908035221812209,Non-client mitochondrial proteins
DLPFC,NLN,NLN|Q9BYT8,braak_num,-0.01000006203772919,0.00451040750282657,-2.2171083281194393,0.0270924166377031,478,610,2,ok,0.05554675860873667,0.01000006203772919,Non-client mitochondrial proteins
DLPFC,NLRX1,NLRX1|Q86UT6,braak_num,-0.001700651680183,0.00273984016808585,-0.6207120035659375,0.5350893668166303,478,610,2,ok,0.6358731893044229,0.001700651680183,Non-client mitochondrial proteins
DLPFC,NME3,NME3|Q13232,braak_num,-0.00764159838232887,0.00290952671185543,-2.626405989397412,0.00891025663797733,478,610,2,ok,0.02139020814242467,0.00764159838232887,Non-client mitochondrial proteins
DLPFC,NMNAT3,NMNAT3|Q96T66,braak_num,0.01233039185030363,0.00293002326329347,4.2082914510527605,3.082106671695909e-5,478,610,2,ok,1.521987049282864e-4,-0.01233039185030363,Non-client mitochondrial proteins
DLPFC,NNT,NNT|Q13423,braak_num,-0.02522822850486961,0.004200276225644,-6.006326048473521,3.798369690392878e-9,478,610,2,ok,5.127799082030386e-8,0.02522822850486961,Non-client mitochondrial proteins
DLPFC,NOA1,NOA1|Q8NC60,braak_num,-0.01080115949915233,0.00439295915456524,-2.4587434390159437,0.01431463939919446,461,586,2,ok,0.03227121554140599,0.01080115949915233,Non-client mitochondrial proteins
DLPFC,NSUN2,NSUN2|Q08J23,braak_num,0.00260394826215446,0.00259308391379537,1.004189740371026,0.31580277784424077,478,610,2,ok,0.4223586102287486,-0.00260394826215446,Hsp60/10 clients
DLPFC,NSUN4,NSUN4|Q96CB9,braak_num,-0.00812414162870952,0.0052387507747014,-1.550778416095312,0.1218432978448881,363,495,2,ok,0.19505085074418935,0.00812414162870952,Hsp60/10 clients
DLPFC,NT5DC2,NT5DC2|Q9H857,braak_num,0.01280250243757208,0.00558789133760611,2.291115138802385,0.02240609709818567,469,594,2,ok,0.04734990132627634,-0.01280250243757208,Hsp60/10 clients
DLPFC,NT5DC3,NT5DC3|Q86UY8,braak_num,-0.02928160065590063,0.00672548658145669,-4.353826344198643,1.6423901961590253e-5,478,610,2,ok,8.755599303565536e-5,0.02928160065590063,Non-client mitochondrial proteins
DLPFC,NTHL1,NTHL1|P78549,braak_num,0.00466227204162654,0.00407891448253299,1.1430178449662638,0.25379073652777434,367,499,2,ok,0.35487879291691193,-0.00466227204162654,Non-client mitochondrial proteins
DLPFC,NUBPL,NUBPL|Q8TB37,braak_num,7.668559998058658e-4,0.00427046728687816,0.1795719176124308,0.8575658782133162,478,610,2,ok,0.9000176931517369,-7.668559998058658e-4,Non-client mitochondrial proteins
DLPFC,NUDT19,NUDT19|A8MXV4,braak_num,-0.00449731280177044,0.00407029723542977,-1.104910167892341,0.2697626185807927,478,610,2,ok,0.3723381203686178,0.00449731280177044,Hsp60/10 clients
DLPFC,NUDT2,NUDT2|P50583,braak_num,-0.00507600167744129,0.00357254378903478,-1.420836797864052,0.15602588822011035,478,610,2,ok,0.23919800498674232,0.00507600167744129,Non-client mitochondrial proteins
DLPFC,NUDT5,NUDT5|Q9UKK9,braak_num,0.01370159727977245,0.00427504879420015,3.2050154137096714,0.00144226846003456,478,610,2,ok,0.00443715509895473,-0.01370159727977245,Non-client mitochondrial proteins
DLPFC,NUDT6,NUDT6|P53370,braak_num,0.01421792715711654,0.00595280227093124,2.388442704798982,0.01731880734839036,471,603,2,ok,0.03782694538620593,-0.01421792715711654,Non-client mitochondrial proteins
DLPFC,NUDT8,NUDT8|Q8WV74,braak_num,-0.00369689595966345,0.00431636212399631,-0.8564841997641932,0.39249803220054535,273,377,2,ok,0.5005740393999731,0.00369689595966345,Non-client mitochondrial proteins
DLPFC,NUDT9,NUDT9|Q9BW91,braak_num,-0.00625966057834663,0.00276749554308929,-2.2618502833645446,0.0241617003094903,478,610,2,ok,0.05043301701708071,0.00625966057834663,Non-client mitochondrial proteins
DLPFC,OAT,OAT|P04181,braak_num,-0.01029595937604614,0.00334542326340849,-3.077625330301574,0.00220822724419081,478,610,2,ok,0.00643540511164179,0.01029595937604614,Hsp60/10 clients
DLPFC,OCIAD1,OCIAD1|Q9NX40,braak_num,-0.01065617827253141,0.00274344624900339,-3.884230746785164,1.173417573921516e-4,478,610,2,ok,4.954909534774386e-4,0.01065617827253141,Non-client mitochondrial proteins
DLPFC,OCIAD2,OCIAD2|Q56VL3,braak_num,-0.02581805503659464,0.00634181101658341,-4.071085525740538,5.4881292541886825e-5,478,610,2,ok,2.534256868885921e-4,0.02581805503659464,Non-client mitochondrial proteins
DLPFC,OGDH,OGDH|Q02218,braak_num,-0.02060543655886263,0.00397610275919718,-5.182319926515948,3.2568284177406913e-7,478,610,2,ok,2.6318384572939742e-6,0.02060543655886263,Hsp60/10 clients
DLPFC,OGDHL,OGDHL|Q9ULD0,braak_num,-0.02676486229058861,0.0048943682611945,-5.468501931658178,7.377672797775185e-8,478,610,2,ok,7.084418021294582e-7,0.02676486229058861,Non-client mitochondrial proteins
DLPFC,OMA1,OMA1|Q96E52,braak_num,5.516435840865888e-5,0.00362416730203041,0.01522125051394659,0.9878632194220088,409,536,2,ok,0.9914271733130036,-5.516435840865888e-5,Non-client mitochondrial proteins
DLPFC,OPA1,OPA1|O60313,braak_num,-0.01786124752964733,0.00386434076299211,-4.622068452321884,4.912508114060844e-6,478,610,2,ok,2.9964667433274785e-5,0.01786124752964733,Non-client mitochondrial proteins
DLPFC,OPA3,OPA3|Q9H6K4,braak_num,-0.0239221621087271,0.00421840401340422,-5.670903505855062,2.4812276091066947e-8,478,610,2,ok,2.636304334675863e-7,0.0239221621087271,Non-client mitochondrial proteins
DLPFC,OSBPL1A,OSBPL1A|Q9BXW6,braak_num,-0.00479624531265456,0.0025180569555068,-1.9047405985657015,0.05742266246640692,478,610,2,ok,0.10423967598212688,0.00479624531265456,Non-client mitochondrial proteins
DLPFC,OSGEPL1,OSGEPL1|Q9H4B0,braak_num,-0.01331856874086533,0.00447984605809283,-2.972996966448293,0.00313116652425316,399,531,2,ok,0.00867615716650891,0.01331856874086533,Non-client mitochondrial proteins
DLPFC,OXA1L,OXA1L|Q15070,braak_num,-0.00849867433709149,0.00291472509812897,-2.915772174380011,0.00371732315551931,478,610,2,ok,0.01004563631665213,0.00849867433709149,Non-client mitochondrial proteins
DLPFC,OXCT1,OXCT1|P55809,braak_num,-0.01100315271539183,0.00456697313143661,-2.409287814647293,0.01636640186595357,478,610,2,ok,0.0361597037616014,0.01100315271539183,Non-client mitochondrial proteins
DLPFC,OXLD1,OXLD1|Q5BKU9,braak_num,4.936387716380249e-4,0.00350755330918401,0.14073592847341898,0.888141816595898,455,587,2,ok,0.9214498242525282,-4.936387716380249e-4,Non-client mitochondrial proteins
DLPFC,OXNAD1,OXNAD1|Q96HP4,braak_num,-0.00821312046038546,0.00455457503727127,-1.8032682287974973,0.07199468555182292,471,603,2,ok,0.12603188660673806,0.00821312046038546,Non-client mitochondrial proteins
DLPFC,OXR1,OXR1|Q8N573,braak_num,-0.02136109146736744,0.00493295787007443,-4.330280539583267,1.820674058844762e-5,478,610,2,ok,9.608404128448164e-5,0.02136109146736744,Non-client mitochondrial proteins
DLPFC,OXSM,OXSM|Q9NWU1,braak_num,-0.01291227713475206,0.00308468274850633,-4.185933591065222,3.3896403548322426e-5,478,610,2,ok,1.649888571440084e-4,0.01291227713475206,Non-client mitochondrial proteins
DLPFC,P4HB,P4HB|P07237,braak_num,-0.00400949362258382,0.00244425470338019,-1.640374719148148,0.10159489763264784,478,610,2,ok,0.16753029643752596,0.00400949362258382,Hsp60/10 clients
DLPFC,PAICS,PAICS|P22234,braak_num,0.01757564158803241,0.0025086158808114,7.006111107910067,8.514472960546477e-12,478,610,2,ok,2.5796324019081404e-10,-0.01757564158803241,Non-client mitochondrial proteins
DLPFC,PANK2,PANK2|Q9BZ23,braak_num,0.00565536931056225,0.00197574388086067,2.862400013152848,0.00439179226688781,478,610,2,ok,0.01161193923099947,-0.00565536931056225,Non-client mitochondrial proteins
DLPFC,PARK7,PARK7|Q99497,braak_num,0.00997486843741694,0.00184176043252163,5.415942411011584,9.73863231617506e-8,478,610,2,ok,9.021255768162164e-7,-0.00997486843741694,Non-client mitochondrial proteins
DLPFC,PARL,PARL|Q9H300,braak_num,-0.00432953006175052,0.00366167968316988,-1.1823890772451426,0.2376841605404321,451,583,2,ok,0.33639077803202205,0.00432953006175052,Non-client mitochondrial proteins
DLPFC,PARS2,PARS2|Q7L3T8,braak_num,-0.01757408109205329,0.00288595833588727,-6.08951309986609,2.3528331344309622e-9,478,610,2,ok,3.380126474816312e-8,0.01757408109205329,Non-client mitochondrial proteins
DLPFC,PC,PC|P11498,braak_num,-0.0021065952268753,0.00229182586702076,-0.9191776989644284,0.3584731195893861,478,610,2,ok,0.4663808443637421,0.0021065952268753,Hsp60/10 clients
DLPFC,PCBD2,PCBD2|Q9H0N5,braak_num,0.01920584389957025,0.00378109626828429,5.079437955777063,5.465104445029006e-7,478,610,2,ok,4.208863993738781e-6,-0.01920584389957025,Non-client mitochondrial proteins
DLPFC,PCCA,PCCA|P05165,braak_num,-0.00717287290343013,0.00325014548868768,-2.2069390211594295,0.02779992720213401,478,610,2,ok,0.05678756825002009,0.00717287290343013,Non-client mitochondrial proteins
DLPFC,PCCB,PCCB|P05166,braak_num,-0.00796383050145233,0.00340488782468208,-2.3389406381386175,0.01975573306765808,478,610,2,ok,0.04238378126667801,0.00796383050145233,Hsp60/10 clients
DLPFC,PCK2,PCK2|Q16822,braak_num,-5.603963086290983e-4,0.00474425874770581,-0.11812094121133045,0.9060221876207136,478,610,2,ok,0.9338966631886538,5.603963086290983e-4,Hsp60/10 clients
DLPFC,PCMT1,PCMT1|P22061,braak_num,-0.00297473939290437,0.00233800826709007,-1.272339125047997,0.2038804203268522,478,610,2,ok,0.29817146066600336,0.00297473939290437,Hsp60/10 clients
DLPFC,PDE12,PDE12|Q6L8Q7,braak_num,-0.00738474835354288,0.00143879509956999,-5.132592094419788,4.187167447852086e-7,478,610,2,ok,3.313637687179496e-6,0.00738474835354288,Non-client mitochondrial proteins
DLPFC,PDE2A,PDE2A|O00408,braak_num,-0.00333119044668571,0.00593399034358155,-0.5613744299885606,0.5748093050352829,478,610,2,ok,0.6708300813912913,0.00333119044668571,Non-client mitochondrial proteins
DLPFC,PDF,PDF|Q9HBH1,braak_num,-0.02252097458427642,0.00412327531102548,-5.461913863490073,7.639867941322156e-8,478,610,2,ok,7.313241678971575e-7,0.02252097458427642,Non-client mitochondrial proteins
DLPFC,PDHA1,PDHA1|P08559,braak_num,-0.03595331634861332,0.00485350440469874,-7.407702425036726,5.986540196353376e-13,478,610,2,ok,2.544279583450185e-11,0.03595331634861332,Hsp60/10 clients
DLPFC,PDHB,PDHB|P11177,braak_num,-0.03571855242089199,0.00483282052887838,-7.390829476794502,6.708172822040199e-13,478,610,2,ok,2.8378353228723048e-11,0.03571855242089199,Hsp60/10 clients
DLPFC,PDHX,PDHX|O00330,braak_num,-0.03416161450465931,0.00460007258946249,-7.426320746093044,5.278803373546266e-13,478,610,2,ok,2.2865371064128648e-11,0.03416161450465931,Hsp60/10 clients
DLPFC,PDIA6,PDIA6|Q15084,braak_num,0.00321133924605554,0.00286239516352091,1.121906327603421,0.2624738889922067,478,610,2,ok,0.36419442275520825,-0.00321133924605554,Hsp60/10 clients
DLPFC,PDK1,PDK1|Q15118,braak_num,-0.01157366148579162,0.00331597590048014,-3.4902731000294014,5.279111219438071e-4,478,610,2,ok,0.00183752871083027,0.01157366148579162,Hsp60/10 clients
DLPFC,PDK2,PDK2|Q15119,braak_num,-0.02203371065616364,0.00341723699259846,-6.447814624472157,2.8151941536708177e-10,478,610,2,ok,5.317588956933767e-9,0.02203371065616364,Hsp60/10 clients
DLPFC,PDK3,PDK3|Q15120,braak_num,-0.03561859911656637,0.00472211856481946,-7.542927740512624,2.3876291317000544e-13,478,610,2,ok,1.204309638956401e-11,0.03561859911656637,Hsp60/10 clients
DLPFC,PDP1,PDP1|Q9P0J1,braak_num,-0.01739161087652893,0.00317668212886017,-5.474772158827624,7.136259938542416e-8,478,610,2,ok,6.881393512165901e-7,0.01739161087652893,Non-client mitochondrial proteins
DLPFC,PDPR,PDPR|Q8NCN5,braak_num,0.00928268909012107,0.00275320017147293,3.371599779159872,8.088657272283887e-4,478,610,2,ok,0.0026739271528052,-0.00928268909012107,Non-client mitochondrial proteins
DLPFC,PET100,PET100|P0DJ07,braak_num,-0.00935783213657922,0.00598246498072826,-1.564210098466814,0.11843983704724728,478,610,2,ok,0.19051650676252496,0.00935783213657922,Non-client mitochondrial proteins
DLPFC,PEX11B,PEX11B|O96011,braak_num,4.670604059876912e-4,0.0047222177526901,0.09890700311768146,0.9212541882716389,478,610,2,ok,0.9452457190492506,-4.670604059876912e-4,Non-client mitochondrial proteins
DLPFC,PGAM5,PGAM5|Q96HS1,braak_num,-0.01504647364961248,0.00409708369672836,-3.6724838356676752,2.677424648097098e-4,478,610,2,ok,0.00101859752463868,0.01504647364961248,Hsp60/10 clients
DLPFC,PGS1,PGS1|Q32NB8,braak_num,-0.00440147968113215,0.00297715593426363,-1.4784175831961603,0.13996445831342955,478,610,2,ok,0.2187763881010188,0.00440147968113215,Non-client mitochondrial proteins
DLPFC,PHB,PHB|P35232,braak_num,-0.01828566060941592,0.00351978049213836,-5.195113914136974,3.051954328178215e-7,478,610,2,ok,2.485975220290684e-6,0.01828566060941592,Hsp60/10 clients
DLPFC,PHB2,PHB2|Q99623,braak_num,-0.01654180194056726,0.00338266095623557,-4.890174378864139,1.3846503395809052e-6,478,610,2,ok,9.747768494902384e-6,0.01654180194056726,Hsp60/10 clients
DLPFC,PHYH,PHYH|O14832,braak_num,-0.00293603996850684,0.00343922927223148,-0.8536912593215535,0.3937100315440193,478,610,2,ok,0.5017712188774256,0.00293603996850684,Non-client mitochondrial proteins
DLPFC,PICK1,PICK1|Q9NRD5,braak_num,-0.01713909551395492,0.00314490771169009,-5.449792835015898,8.146113893248601e-8,478,610,2,ok,7.709415004125996e-7,0.01713909551395492,Non-client mitochondrial proteins
DLPFC,PIN4,PIN4|Q9Y237,braak_num,0.00685478568529051,0.00379600021741683,1.8057916998632797,0.07158918364182038,478,610,2,ok,0.1254416311952493,-0.00685478568529051,Hsp60/10 clients
DLPFC,PISD,PISD|Q9UG56,braak_num,-0.01950972429501585,0.00504967835290304,-3.86355782122237,1.2739949252332675e-4,478,610,2,ok,5.333002012604377e-4,0.01950972429501585,Non-client mitochondrial proteins
DLPFC,PITRM1,PITRM1|Q5JRX3,braak_num,-0.02487642829173273,0.00842145460526142,-2.9539348554097566,0.00329452218458649,478,610,2,ok,0.00907269514096406,0.02487642829173273,Hsp60/10 clients
DLPFC,PLGRKT,PLGRKT|Q9HBL7,braak_num,0.00718875847768972,0.00432846627768539,1.660809630133897,0.0974171756354444,478,610,2,ok,0.16203835338528347,-0.00718875847768972,Non-client mitochondrial proteins
DLPFC,PMPCA,PMPCA|Q10713,braak_num,-0.00760270120451454,0.00395687463167701,-1.921390469046107,0.05528566101379157,478,610,2,ok,0.1009793808409484,0.00760270120451454,Hsp60/10 clients
DLPFC,PMPCB,PMPCB|O75439,braak_num,-0.01443211667049598,0.00343330958760867,-4.203558200106294,3.1449061370358614e-5,478,610,2,ok,1.5463437781461814e-4,0.01443211667049598,Hsp60/10 clients
DLPFC,PNKD,PNKD|Q8N490,braak_num,-0.01669429788038327,0.00320529855442403,-5.20834412050054,2.853241235961397e-7,478,610,2,ok,2.3590052840321727e-6,0.01669429788038327,Non-client mitochondrial proteins
DLPFC,PNPLA8,PNPLA8|Q9NP80,braak_num,-0.00688186862991774,0.00248813441678663,-2.765874939668863,0.0059001067762339,478,610,2,ok,0.0149045074864687,0.00688186862991774,Non-client mitochondrial proteins
DLPFC,PNPO,PNPO|Q9NVS9,braak_num,0.01629135460812512,0.00373367013088788,4.363362063871171,1.5750451842791125e-5,478,610,2,ok,8.470366017388548e-5,-0.01629135460812512,Non-client mitochondrial proteins
DLPFC,PNPT1,PNPT1|Q8TCS8,braak_num,-0.00673870083242985,0.00215206352670884,-3.1312741230903045,0.00184876815248781,478,610,2,ok,0.00550492755103411,0.00673870083242985,Hsp60/10 clients
DLPFC,POLB,POLB|P06746,braak_num,0.00275728393172083,0.00497249033996037,0.5545076497308599,0.5795119321829284,449,567,2,ok,0.674603035434857,-0.00275728393172083,Non-client mitochondrial proteins
DLPFC,POLDIP2,POLDIP2|Q9Y2S7,braak_num,-0.01068135843965753,0.00255359664350656,-4.182868295515153,3.434016331811576e-5,478,610,2,ok,1.667950789737051e-4,0.01068135843965753,Hsp60/10 clients
DLPFC,POLG,POLG|P54098,braak_num,-0.00894593967128616,0.00538203824051734,-1.6621843382566222,0.09727114966746823,401,533,2,ok,0.16191281123252194,0.00894593967128616,Hsp60/10 clients
DLPFC,POLG2,POLG2|Q9UHN1,braak_num,-0.00675557204397024,0.00595187359030717,-1.1350328499872575,0.25697117029325367,453,585,2,ok,0.35829212382929354,0.00675557204397024,Non-client mitochondrial proteins
DLPFC,POLRMT,POLRMT|O00411,braak_num,-0.01542755542553793,0.00401622515217999,-3.8413074070720112,1.3947409595827263e-4,469,594,2,ok,5.749589213523262e-4,0.01542755542553793,Hsp60/10 clients
DLPFC,PPA2,PPA2|Q9H2U2,braak_num,-0.00582341772531475,0.00312882042831602,-1.861218263794384,0.06333614785103771,478,610,2,ok,0.11283249316369612,0.00582341772531475,Hsp60/10 clients
DLPFC,PPIA,PPIA|P62937,braak_num,0.0114039585599081,0.00165438274201078,6.893180320563191,1.7596989246075756e-11,478,610,2,ok,4.895162462999256e-10,-0.0114039585599081,Hsp60/10 clients
DLPFC,PPIF,PPIF|P30405,braak_num,-0.00531397563246744,0.00274809221316114,-1.93369625917856,0.05374930530408797,478,610,2,ok,0.09866399173995752,0.00531397563246744,Hsp60/10 clients
DLPFC,PPM1K,PPM1K|Q8N3J5,braak_num,0.00591237759476076,0.00349677882878932,1.6908068494591613,0.09153527052623608,478,610,2,ok,0.15423894703209384,-0.00591237759476076,Non-client mitochondrial proteins
DLPFC,PPOX,PPOX|P50336,braak_num,-0.00768350558668678,0.00314536066777826,-2.4428058967603365,0.01493999013803369,478,610,2,ok,0.0334183989929701,0.00768350558668678,Hsp60/10 clients
DLPFC,PPTC7,PPTC7|Q8NI37,braak_num,-0.01472464017012515,0.00389862044582261,-3.7768847659696254,1.791309963804368e-4,478,610,2,ok,7.177750095034525e-4,0.01472464017012515,Non-client mitochondrial proteins
DLPFC,PRDX2,PRDX2|P32119,braak_num,0.00473304505173121,0.00188142045404395,2.515676409043994,0.0122120178096321,478,610,2,ok,0.02813913742279687,-0.00473304505173121,Non-client mitochondrial proteins
DLPFC,PRDX3,PRDX3|P30048,braak_num,-0.01875464697151774,0.00299360236888806,-6.264909183140411,8.423369199638807e-10,478,610,2,ok,1.3833010599764625e-8,0.01875464697151774,Hsp60/10 clients
DLPFC,PRDX4,PRDX4|Q13162,braak_num,0.00692422503689006,0.00247059959522652,2.8026496281584587,0.00527748138553285,478,610,2,ok,0.01355547820906312,-0.00692422503689006,Hsp60/10 clients
DLPFC,PRDX5,PRDX5|P30044,braak_num,-0.00774060386854535,0.00245149107893949,-3.157508479245174,0.00169337841294712,478,610,2,ok,0.00509178310869788,0.00774060386854535,Non-client mitochondrial proteins
DLPFC,PRDX6,PRDX6|P30041,braak_num,0.04930623450416999,0.00681769911604995,7.232093066133587,1.938245550928823e-12,478,610,2,ok,6.896548123072323e-11,-0.04930623450416999,Non-client mitochondrial proteins
DLPFC,PREPL,PREPL|Q4J6C6,braak_num,0.00603266239773313,0.00303642805226381,1.9867628324786029,0.04752763844862829,478,610,2,ok,0.08902340766341721,-0.00603266239773313,Non-client mitochondrial proteins
DLPFC,PRKACA,PRKACA|P17612,braak_num,-0.00833614309103244,0.0032821049627502,-2.5398770562313944,0.01140942050110842,478,610,2,ok,0.02656314486436097,0.00833614309103244,Non-client mitochondrial proteins
DLPFC,PRODH,PRODH|O43272,braak_num,-7.070078637924029e-4,0.00680805760391674,-0.10384869002660226,0.91733363016595,478,610,2,ok,0.9421708128130926,7.070078637924029e-4,Non-client mitochondrial proteins
DLPFC,PTCD3,PTCD3|Q96EY7,braak_num,-0.01392546104116173,0.00382533685687264,-3.6403228165757735,3.024574616915364e-4,478,610,2,ok,0.00113144233835709,0.01392546104116173,Hsp60/10 clients
DLPFC,PTGES2,PTGES2|Q9H7Z7,braak_num,-0.01397510778941939,0.00382054587625518,-3.6578824707419817,2.8301125869271965e-4,478,610,2,ok,0.00106919446288735,0.01397510778941939,Non-client mitochondrial proteins
DLPFC,PTPMT1,PTPMT1|Q8WUK0,braak_num,-0.01341952751985408,0.003814427811973,-3.518097125270498,4.76809093292554e-4,478,610,2,ok,0.00168156261099717,0.01341952751985408,Hsp60/10 clients
DLPFC,PTRH1,PTRH1|Q86Y79,braak_num,-0.02329521836209568,0.00621147185700837,-3.7503540060012983,2.0386938310832124e-4,390,522,2,ok,8.053016079752105e-4,0.02329521836209568,Non-client mitochondrial proteins
DLPFC,PTRH2,PTRH2|Q9Y3E5,braak_num,-0.01015976856571324,0.00235458109353402,-4.314894311184801,1.94701122555226e-5,478,610,2,ok,1.0202528668469146e-4,0.01015976856571324,Non-client mitochondrial proteins
DLPFC,PUS1,PUS1|Q9Y606,braak_num,-0.0136325267114384,0.00289426734555088,-4.710182261633342,3.261478518784299e-6,478,610,2,ok,2.0981340436187712e-5,0.0136325267114384,Non-client mitochondrial proteins
DLPFC,PUSL1,PUSL1|Q8N0Z8,braak_num,0.00497287683449095,0.00472666082385676,1.0520908987993118,0.293450069554131,374,499,2,ok,0.39730269090429526,-0.00497287683449095,Non-client mitochondrial proteins
DLPFC,PYCR2,PYCR2|Q96C36,braak_num,-0.01732460193856098,0.00342770581934167,-5.054284950827068,6.194262084173604e-7,478,610,2,ok,4.699448424191213e-6,0.01732460193856098,Hsp60/10 clients
DLPFC,PYURF,PYURF|Q96I23,braak_num,-0.02784340394104937,0.00591980863432213,-4.703429732443991,3.38574190704263e-6,468,596,2,ok,2.1629165418685693e-5,0.02784340394104937,Non-client mitochondrial proteins
DLPFC,QDPR,QDPR|P09417,braak_num,0.01874109302546144,0.00764458544514101,2.4515512528378514,0.01458638205770446,478,610,2,ok,0.03275513387713478,-0.01874109302546144,Non-client mitochondrial proteins
DLPFC,QRSL1,QRSL1|Q9H0R6,braak_num,-0.00369831393070454,0.00319224067193936,-1.158532300905032,0.24723394684802039,478,610,2,ok,0.3473003262532253,0.00369831393070454,Hsp60/10 clients
DLPFC,QTRT1,QTRT1|Q9BXR0,braak_num,6.324583793645282e-4,0.00208001585275903,0.3040642111095479,0.7612132571255119,478,610,2,ok,0.8247300484376489,-6.324583793645282e-4,Non-client mitochondrial proteins
DLPFC,RAB24,RAB24|Q969Q5,braak_num,-0.00583454923329046,0.00329200922718779,-1.7723368407064377,0.07698502457202534,478,610,2,ok,0.13313347571631756,0.00583454923329046,Non-client mitochondrial proteins
DLPFC,RARS2,RARS2|Q5T160,braak_num,-0.00987938485520691,0.00412594534972947,-2.394453638571506,0.01703511394230532,478,610,2,ok,0.03735841996903079,0.00987938485520691,Non-client mitochondrial proteins
DLPFC,RDH13,RDH13|Q8NBN7,braak_num,-0.02776011602469168,0.00493661910692112,-5.623305226399193,3.215348603543023e-8,478,610,2,ok,3.309069526964681e-7,0.02776011602469168,Non-client mitochondrial proteins
DLPFC,RDH14,RDH14|Q9HBH5,braak_num,-0.00754508137812987,0.00213701549577648,-3.530662923615523,4.5528177157040634e-4,478,610,2,ok,0.00161494847875437,0.00754508137812987,Non-client mitochondrial proteins
DLPFC,REXO2,REXO2|Q9Y3B8,braak_num,0.00107094833080022,0.00203707221242279,0.5257291932358604,0.5993238008660279,478,610,2,ok,0.6915274625377245,-0.00107094833080022,Non-client mitochondrial proteins
DLPFC,RFK,RFK|Q969G6,braak_num,-0.01495030232236816,0.00324297411968336,-4.610059091013617,5.191953072349351e-6,478,610,2,ok,3.138890497217727e-5,0.01495030232236816,Non-client mitochondrial proteins
DLPFC,RHOT1,RHOT1|Q8IXI2,braak_num,-0.00409660309981068,0.00251468615128457,-1.629071324752803,0.10396652770100312,478,610,2,ok,0.17074481855889592,0.00409660309981068,Non-client mitochondrial proteins
DLPFC,RHOT2,RHOT2|Q8IXI1,braak_num,-0.01098377608569321,0.00539204173446567,-2.037034694202279,0.04220514809058218,478,610,2,ok,0.0807341653410178,0.01098377608569321,Non-client mitochondrial proteins
DLPFC,RMDN1,RMDN1|Q96DB5,braak_num,2.7493947731155403e-4,0.00393049581102396,0.06995032955904035,0.9442628826475294,478,610,2,ok,0.9617589329528814,-2.7493947731155403e-4,Non-client mitochondrial proteins
DLPFC,RMDN3,RMDN3|Q96TC7,braak_num,-0.00193925755797988,0.00221222375275585,-0.8766100425257914,0.3811453538760222,478,610,2,ok,0.48922180489120304,0.00193925755797988,Non-client mitochondrial proteins
DLPFC,RMND1,RMND1|Q9NWS8,braak_num,-0.00534368362679718,0.00319306167870111,-1.6735297230371409,0.09488700219274276,478,610,2,ok,0.15860573199733768,0.00534368362679718,Non-client mitochondrial proteins
DLPFC,ROMO1,ROMO1|P60602,braak_num,-0.00457091887679952,0.00302259887044527,-1.5122479272700031,0.13114145509662292,478,610,2,ok,0.2074937190256805,0.00457091887679952,Non-client mitochondrial proteins
DLPFC,RPIA,RPIA|P49247,braak_num,-0.00233998117247906,0.00299151725201429,-0.7822054747982743,0.4345283810586861,433,565,2,ok,0.5401449611535191,0.00233998117247906,Non-client mitochondrial proteins
DLPFC,RPL11,RPL11|P62913,braak_num,-5.200353378767865e-4,0.00175094046008125,-0.2970034388563127,0.7665948185887919,478,610,2,ok,0.8287999569715121,5.200353378767865e-4,Hsp60/10 clients
DLPFC,RPL23,RPL23|P62829,braak_num,-0.00430153722729759,0.00187032566206411,-2.299886760121962,0.02189106274204879,478,610,2,ok,0.04640035926391316,0.00430153722729759,Hsp60/10 clients
DLPFC,RPL23A,RPL23A|P62750,braak_num,-0.00840162743558523,0.00289484835902626,-2.902268579764669,0.00387840332181022,478,610,2,ok,0.01042434891183377,0.00840162743558523,Hsp60/10 clients
DLPFC,RPL31,RPL31|P62899,braak_num,-0.00375147384912544,0.00205168711731724,-1.8284824315857728,0.06810944497068598,478,610,2,ok,0.12010078848077169,0.00375147384912544,Hsp60/10 clients
DLPFC,RPL9,RPL9|P32969,braak_num,-0.00540765849736058,0.00189528748104325,-2.8532127982948343,0.00451853331140082,478,610,2,ok,0.01189565121842831,0.00540765849736058,Hsp60/10 clients
DLPFC,RPS10,RPS10|P46783,braak_num,-0.00784394024405741,0.00234077905432136,-3.3509955711439545,8.699821993076423e-4,478,610,2,ok,0.0028492460184246,0.00784394024405741,Hsp60/10 clients
DLPFC,RPS11,RPS11|P62280,braak_num,0.00129683193991739,0.00226655436520339,0.5721600857348169,0.5674865036983694,478,610,2,ok,0.6643188129714721,-0.00129683193991739,Hsp60/10 clients
DLPFC,RPS15A,RPS15A|P62244,braak_num,-0.0033552707484989,0.00180425279898914,-1.8596455831348735,0.06355894872580678,478,610,2,ok,0.1131415841192372,0.0033552707484989,Hsp60/10 clients
DLPFC,RPS16,RPS16|P62249,braak_num,-0.00330414883968647,0.00180477587643541,-1.8307806984945107,0.06776491122123451,478,610,2,ok,0.11956215356735209,0.00330414883968647,Hsp60/10 clients
DLPFC,RPS18,RPS18|P62269,braak_num,0.00665009694189687,0.00645245257783275,1.0306308898329792,0.3032428820159256,478,610,2,ok,0.4081773690478294,-0.00665009694189687,Hsp60/10 clients
DLPFC,RPS3,RPS3|P23396,braak_num,-0.002746141563102,0.00166728430404764,-1.647074560970334,0.10020969069850864,478,610,2,ok,0.1656626977511812,0.002746141563102,Hsp60/10 clients
DLPFC,RPS4X,RPS4X|P62701,braak_num,1.4034122434533604e-5,0.00257370894833479,0.00545287859515495,0.9956515626622262,478,610,2,ok,0.9969547715138783,-1.4034122434533604e-5,Hsp60/10 clients
DLPFC,RPS6,RPS6|P62753,braak_num,-0.0081883378615211,0.00345465679204738,-2.370231937473687,0.01817877339905077,478,610,2,ok,0.03942384592565227,0.0081883378615211,Hsp60/10 clients
DLPFC,RPS8,RPS8|P62241,braak_num,-0.00721636904222851,0.00304221869052832,-2.3720743892265364,0.01808946813718981,478,610,2,ok,0.03928585699063225,0.00721636904222851,Hsp60/10 clients
DLPFC,RPS9,RPS9|P46781,braak_num,0.00458780800394106,0.0054474723044004,0.8421902393583681,0.4001089035530896,478,610,2,ok,0.5071803002785643,-0.00458780800394106,Hsp60/10 clients
DLPFC,RPUSD3,RPUSD3|Q6P087,braak_num,-0.00524189791282193,0.00681020950421199,-0.769711696766438,0.44195550132529926,382,510,2,ok,0.5477455787992773,0.00524189791282193,Hsp60/10 clients
DLPFC,RPUSD4,RPUSD4|Q96CM3,braak_num,-0.00638492081627343,0.00536986558322788,-1.1890280524369068,0.23549700472727433,270,381,2,ok,0.3338268226368713,0.00638492081627343,Non-client mitochondrial proteins
DLPFC,RTN4IP1,RTN4IP1|Q8WWV3,braak_num,-0.01321340211694998,0.00372032576511703,-3.551678791369046,4.212993526808028e-4,478,610,2,ok,0.00150663344667306,0.01321340211694998,Non-client mitochondrial proteins
DLPFC,SAMM50,SAMM50|Q9Y512,braak_num,-0.01933771563600555,0.00349650553468037,-5.530583448017691,5.299841229505678e-8,478,610,2,ok,5.225837001811184e-7,0.01933771563600555,Hsp60/10 clients
DLPFC,SARDH,SARDH|Q9UL12,braak_num,1.9584016691222443e-4,0.00523179474760502,0.03743269305468736,0.9701558654665918,478,610,2,ok,0.977825081794391,-1.9584016691222443e-4,Non-client mitochondrial proteins
DLPFC,SARS2,SARS2|Q9NP81,braak_num,-0.01535151694705227,0.00426858067894176,-3.596398452250432,3.5673905929902355e-4,478,610,2,ok,0.00130316934515122,0.01535151694705227,Hsp60/10 clients
DLPFC,SCO1,SCO1|O75880,braak_num,-0.0164188684932531,0.00399729911878396,-4.107490584354361,4.716466686154089e-5,478,610,2,ok,2.2124253540569517e-4,0.0164188684932531,Non-client mitochondrial proteins
DLPFC,SCO2,SCO2|O43819,braak_num,-0.0157720049139698,0.00464077474974348,-3.3985715240416705,7.34893463521179e-4,478,610,2,ok,0.00245678149858864,0.0157720049139698,Non-client mitochondrial proteins
DLPFC,SCP2,SCP2|P22307,braak_num,0.00971383637652321,0.00345291194540952,2.813230261906122,0.00510971730871921,478,610,2,ok,0.01320957614588633,-0.00971383637652321,Non-client mitochondrial proteins
DLPFC,SDHA,SDHA|P31040,braak_num,-0.02618758345244594,0.00387126961606732,-6.764598193770059,3.976920649881332e-11,478,610,2,ok,9.92068792551919e-10,0.02618758345244594,Hsp60/10 clients
DLPFC,SDHAF2,SDHAF2|Q9NX18,braak_num,-0.02383963019055633,0.0050462098606944,-4.724264517067818,3.052983705362945e-6,478,610,2,ok,1.9750803675286703e-5,0.02383963019055633,Non-client mitochondrial proteins
DLPFC,SDHB,SDHB|P21912,braak_num,-0.02791167073804097,0.0040023116249254,-6.973887431506827,1.0483958104019222e-11,478,610,2,ok,3.0946217168776995e-10,0.02791167073804097,Hsp60/10 clients
DLPFC,SDHC,SDHC|Q99643,braak_num,-0.02777810106263523,0.00516256984635003,-5.380673170412314,1.1718498848102958e-7,478,610,2,ok,1.0651071230255955e-6,0.02777810106263523,Non-client mitochondrial proteins
DLPFC,SDHD,SDHD|O14521,braak_num,-0.03234561296251255,0.0045178527619268,-7.159510206950078,3.2350356354744154e-12,466,598,2,ok,1.1081204154348931e-10,0.03234561296251255,Non-client mitochondrial proteins
DLPFC,SDR39U1,SDR39U1|Q9NRG7,braak_num,-0.02857351064725622,0.00481069749150753,-5.9395775140087075,5.556795865155377e-9,478,610,2,ok,7.104649866591416e-8,0.02857351064725622,Non-client mitochondrial proteins
DLPFC,SDSL,SDSL|Q96GA7,braak_num,-0.00185679159349977,0.00469336890091752,-0.3956202107055306,0.6925643561444754,478,610,2,ok,0.767750367033726,0.00185679159349977,Non-client mitochondrial proteins
DLPFC,SERAC1,SERAC1|Q96JX3,braak_num,-0.0180868098809107,0.00321054519521489,-5.633563392245008,3.041130160346741e-8,478,610,2,ok,3.150967818508249e-7,0.0180868098809107,Non-client mitochondrial proteins
DLPFC,SERPINH1,SERPINH1|P50454,braak_num,0.01599550613905671,0.00585044152491683,2.7340682016788618,0.00649138054458424,478,610,2,ok,0.01618877299627367,-0.01599550613905671,Hsp60/10 clients
DLPFC,SFXN1,SFXN1|Q9H9B4,braak_num,-0.02475070521282333,0.00376009531890847,-6.5824674944698645,1.2363872723172174e-10,478,610,2,ok,2.5678812578896053e-9,0.02475070521282333,Non-client mitochondrial proteins
DLPFC,SFXN3,SFXN3|Q9BWM7,braak_num,-0.0069551814425079,0.00507212748578745,-1.3712552497934911,0.17094835177579512,478,610,2,ok,0.25777034646875807,0.0069551814425079,Non-client mitochondrial proteins
DLPFC,SFXN4,SFXN4|Q6P4A7,braak_num,-0.01390438739606491,0.00310153316332047,-4.48306907064602,9.251186390422977e-6,478,610,2,ok,5.2391049391784655e-5,0.01390438739606491,Non-client mitochondrial proteins
DLPFC,SFXN5,SFXN5|Q8TD22,braak_num,0.00408394289992332,0.00437894066798563,0.9326326181537384,0.3514875132902886,478,610,2,ok,0.45885315301547913,-0.00408394289992332,Non-client mitochondrial proteins
DLPFC,SHMT2,SHMT2|P34897,braak_num,-0.01282487671727434,0.00388936795006923,-3.2974192418709154,0.00104958376871839,478,610,2,ok,0.00336071817120155,0.01282487671727434,Hsp60/10 clients
DLPFC,SIRT3,SIRT3|Q9NTG7,braak_num,0.00773745985809073,0.00407704868838385,1.89780904018536,0.05833241972484612,478,610,2,ok,0.10564048393649386,-0.00773745985809073,Non-client mitochondrial proteins
DLPFC,SIRT5,SIRT5|Q9NXA8,braak_num,-0.00980039666217943,0.00322625171015413,-3.0377036705890528,0.00251625681081615,478,610,2,ok,0.00718930517376044,0.00980039666217943,Non-client mitochondrial proteins
DLPFC,SLC25A1,SLC25A1|P53007,braak_num,0.0095319286885226,0.00374589540096338,2.544632903009286,0.01125733556277026,478,610,2,ok,0.02626234827604345,-0.0095319286885226,Non-client mitochondrial proteins
DLPFC,SLC25A10,SLC25A10|Q9UBX3,braak_num,-0.01883300626678968,0.00320713012970911,-5.872230157526485,8.128586381997296e-9,478,610,2,ok,9.962673295959301e-8,0.01883300626678968,Non-client mitochondrial proteins
DLPFC,SLC25A11,SLC25A11|Q02978,braak_num,-0.03058419904381829,0.00398244479737738,-7.679754673300013,9.300655341750295e-14,478,610,2,ok,5.2060985388577864e-12,0.03058419904381829,Non-client mitochondrial proteins
DLPFC,SLC25A12,SLC25A12|O75746,braak_num,-0.02320916033061963,0.00500791156155652,-4.634498841550215,4.638508826347795e-6,478,610,2,ok,2.855902818636671e-5,0.02320916033061963,Non-client mitochondrial proteins
DLPFC,SLC25A13,SLC25A13|Q9UJS0,braak_num,-0.00104349794828258,0.00342974124537476,-0.3042497592755178,0.761071991360792,478,610,2,ok,0.824674324916439,0.00104349794828258,Hsp60/10 clients
DLPFC,SLC25A14,SLC25A14|O95258,braak_num,-0.02051577086670832,0.00345166258300908,-5.943735916626907,5.4271843032097854e-9,478,610,2,ok,6.958317304953328e-8,0.02051577086670832,Non-client mitochondrial proteins
DLPFC,SLC25A15,SLC25A15|Q9Y619,braak_num,-0.01079598269188317,0.00640351442538935,-1.685946493550181,0.0926378914286117,382,500,2,ok,0.15561131625153804,0.01079598269188317,Non-client mitochondrial proteins
DLPFC,SLC25A16,SLC25A16|P16260,braak_num,-0.02332820374086863,0.00493251757861706,-4.729471992557846,3.1407964944613236e-6,401,512,2,ok,2.027602800221867e-5,0.02332820374086863,Non-client mitochondrial proteins
DLPFC,SLC25A18,SLC25A18|Q9H1K4,braak_num,0.01613046444873757,0.00311645559461533,5.175900621400825,3.364579407076262e-7,478,610,2,ok,2.714133476007037e-6,-0.01613046444873757,Non-client mitochondrial proteins
DLPFC,SLC25A19,SLC25A19|Q9HC21,braak_num,-0.00921766618716457,0.00385841809634114,-2.388975470518732,0.01728807952021602,478,610,2,ok,0.03779580138022937,0.00921766618716457,Non-client mitochondrial proteins
DLPFC,SLC25A20,SLC25A20|O43772,braak_num,0.01403057424016138,0.00288122477288183,4.869656255984448,1.528769287482618e-6,478,610,2,ok,1.0631895499310935e-5,-0.01403057424016138,Non-client mitochondrial proteins
DLPFC,SLC25A22,SLC25A22|Q9H936,braak_num,-0.02674306603860084,0.00537682556169651,-4.97376486027618,9.217136037148826e-7,478,610,2,ok,6.742096320400495e-6,0.02674306603860084,Non-client mitochondrial proteins
DLPFC,SLC25A23,SLC25A23|Q9BV35,braak_num,-0.02130442123569326,0.00381262996575447,-5.587854427797159,3.8954495396872935e-8,478,610,2,ok,3.925381643724408e-7,0.02130442123569326,Non-client mitochondrial proteins
DLPFC,SLC25A24,SLC25A24|Q6NUK1,braak_num,0.00209529213190721,0.00386698091871286,0.5418418595674471,0.5881836806585888,478,610,2,ok,0.6821890320209534,-0.00209529213190721,Non-client mitochondrial proteins
DLPFC,SLC25A25,SLC25A25|Q6KCM7,braak_num,-0.00959047550523513,0.003572893164045,-2.684232375528799,0.00752583300252677,478,610,2,ok,0.01842323919018555,0.00959047550523513,Non-client mitochondrial proteins
DLPFC,SLC25A26,SLC25A26|Q70HW3,braak_num,-0.01041978054236107,0.00464810345231358,-2.241727330138199,0.02546667096742728,456,588,2,ok,0.05269324852066717,0.01041978054236107,Non-client mitochondrial proteins
DLPFC,SLC25A27,SLC25A27|O95847,braak_num,-0.02249453380712667,0.0045002081325677,-4.998554098939386,8.160229551040895e-7,478,610,2,ok,6.0314740159867485e-6,0.02249453380712667,Non-client mitochondrial proteins
DLPFC,SLC25A29,SLC25A29|Q8N8R3,braak_num,0.01414749558898993,0.00369746974498702,3.82626405751417,1.481156329296571e-4,466,598,2,ok,6.059275892576881e-4,-0.01414749558898993,Non-client mitochondrial proteins
DLPFC,SLC25A3,SLC25A3|Q00325,braak_num,-0.02780648564844575,0.00395944073023535,-7.022831642890354,7.64081889475251e-12,478,610,2,ok,2.3617076583780484e-10,0.02780648564844575,Non-client mitochondrial proteins
DLPFC,SLC25A32,SLC25A32|Q9H2D1,braak_num,-0.02095760199335375,0.00352504841770616,-5.945337342909849,5.437484044822355e-9,470,602,2,ok,6.961799655713978e-8,0.02095760199335375,Non-client mitochondrial proteins
DLPFC,SLC25A33,SLC25A33|Q9BSK2,braak_num,-0.01901794671097252,0.00465281840800908,-4.08740359998494,5.291302639895854e-5,400,532,2,ok,2.4557208409627877e-4,0.01901794671097252,Non-client mitochondrial proteins
DLPFC,SLC25A36,SLC25A36|Q96CQ1,braak_num,-0.01496863257609629,0.00368335895068367,-4.063853883509757,5.655072420479445e-5,478,610,2,ok,2.6074115931693274e-4,0.01496863257609629,Non-client mitochondrial proteins
DLPFC,SLC25A4,SLC25A4|P12235,braak_num,-0.02872845694690467,0.00449427952854102,-6.392227444791527,3.938388302713606e-10,478,610,2,ok,7.131046275919312e-9,0.02872845694690467,Non-client mitochondrial proteins
DLPFC,SLC25A40,SLC25A40|Q8TBP6,braak_num,-0.01602807646529131,0.00386983505905748,-4.141798350753233,4.084619318717869e-5,478,610,2,ok,1.948898406747923e-4,0.01602807646529131,Non-client mitochondrial proteins
DLPFC,SLC25A42,SLC25A42|Q86VD7,braak_num,-0.0072351443442747,0.00279409500653321,-2.58944106315545,0.00991074520571152,478,610,2,ok,0.02348493572236236,0.0072351443442747,Non-client mitochondrial proteins
DLPFC,SLC25A44,SLC25A44|Q96H78,braak_num,-0.01209355997642749,0.00354250437082238,-3.413844757972736,7.011299291127973e-4,438,570,2,ok,0.00235678240543957,0.01209355997642749,Non-client mitochondrial proteins
DLPFC,SLC25A46,SLC25A46|Q96AG3,braak_num,-0.02718226614520645,0.0038048675665338,-7.144076809477298,3.4642956456733296e-12,478,610,2,ok,1.1822391831703037e-10,0.02718226614520645,Non-client mitochondrial proteins
DLPFC,SLC25A5,SLC25A5|P05141,braak_num,-0.03171345957581249,0.00482628443004301,-6.570988518289591,1.326924881955332e-10,478,610,2,ok,2.7373416665954935e-9,0.03171345957581249,Hsp60/10 clients
DLPFC,SLC25A51,SLC25A51|Q9H1U9,braak_num,-0.01583658753785152,0.00869603461098941,-1.8211274731862723,0.06922175242841208,478,610,2,ok,0.12185152201204658,0.01583658753785152,Non-client mitochondrial proteins
DLPFC,SLC25A6,SLC25A6|P12236,braak_num,-0.03084831888918942,0.00542945691247198,-5.681658292255323,2.3395156132006216e-8,478,610,2,ok,2.5207456959133457e-7,0.03084831888918942,Hsp60/10 clients
DLPFC,SLC30A9,SLC30A9|Q6PML9,braak_num,-0.00784185464138806,0.00307865996089808,-2.5471649162255936,0.0111771044538382,478,610,2,ok,0.02608843602497705,0.00784185464138806,Non-client mitochondrial proteins
DLPFC,SLIRP,SLIRP|Q9GZT3,braak_num,-0.03595742082135582,0.00448328284730619,-8.02033287794033,8.427311257642713e-15,478,610,2,ok,6.446893112096677e-13,0.03595742082135582,Hsp60/10 clients
DLPFC,SMDT1,SMDT1|Q9H4I9,braak_num,-0.01590852597616855,0.00458016412694675,-3.473352817767593,5.704346294774953e-4,405,537,2,ok,0.00196716374853621,0.01590852597616855,Non-client mitochondrial proteins
DLPFC,SMIM20,SMIM20|Q8N5G0,braak_num,-0.01066908863546946,0.00405747280936908,-2.6294910987039852,0.00883099467348099,478,610,2,ok,0.02123324544330946,0.01066908863546946,Non-client mitochondrial proteins
DLPFC,SNAP29,SNAP29|O95721,braak_num,-0.00326542234600363,0.0023852303875082,-1.36901758551506,0.1716462726458481,478,610,2,ok,0.25869525248545155,0.00326542234600363,Non-client mitochondrial proteins
DLPFC,SND1,SND1|Q7KZF4,braak_num,0.0045541458790679,0.00206395813379148,2.2065107835796782,0.02783006850192403,478,610,2,ok,0.05683649140103729,-0.0045541458790679,Non-client mitochondrial proteins
DLPFC,SOD1,SOD1|P00441,braak_num,0.01285095422294376,0.0029266706159659,4.3909807112689005,1.3945690455550576e-5,478,610,2,ok,7.570753304669088e-5,-0.01285095422294376,Non-client mitochondrial proteins
DLPFC,SOD2,SOD2|P04179,braak_num,0.00251658103188665,0.00387733824029489,0.6490486194197121,0.5166233017191622,478,610,2,ok,0.6182508029959468,-0.00251658103188665,Hsp60/10 clients
DLPFC,SPATA20,SPATA20|Q8TB22,braak_num,-7.074384708042142e-4,0.00556479375762506,-0.12712752738317715,0.8988937189452825,478,610,2,ok,0.9283789925778132,7.074384708042142e-4,Non-client mitochondrial proteins
DLPFC,SPG7,SPG7|Q9UQ90,braak_num,-0.01401084823232251,0.00324303444824547,-4.320289671885105,1.9017848426130814e-5,478,610,2,ok,9.987634356514923e-5,0.01401084823232251,Non-client mitochondrial proteins
DLPFC,SPHK2,SPHK2|Q9NRA0,braak_num,-0.00505159126090096,0.00199890437033756,-2.527180057166954,0.0118244522608059,478,610,2,ok,0.0273973931736997,0.00505159126090096,Non-client mitochondrial proteins
DLPFC,SPHKAP,SPHKAP|Q2M3C7,braak_num,-0.01931800141381913,0.00478907644414088,-4.033763427905479,6.40294707616587e-5,478,610,2,ok,2.8998053359251453e-4,0.01931800141381913,Non-client mitochondrial proteins
DLPFC,SPIRE1,SPIRE1|Q08AE8,braak_num,7.689238418830883e-4,0.00187260685491027,0.41061680398469463,0.6815402721018122,478,610,2,ok,0.7583138236449438,-7.689238418830883e-4,Non-client mitochondrial proteins
DLPFC,SPR,SPR|P35270,braak_num,0.0146866686035455,0.00334006595091185,4.397119344166229,1.3572340970838115e-5,478,610,2,ok,7.389922307965237e-5,-0.0146866686035455,Non-client mitochondrial proteins
DLPFC,SPRYD4,SPRYD4|Q8WW59,braak_num,-0.00921706224876189,0.00373641943569259,-2.466816803465586,0.01398684617209645,478,610,2,ok,0.03159662854833751,0.00921706224876189,Hsp60/10 clients
DLPFC,SPTLC2,SPTLC2|O15270,braak_num,-0.00174070048790118,0.00319677808187902,-0.5445171492410963,0.5863433478990489,478,610,2,ok,0.6806311847454035,0.00174070048790118,Non-client mitochondrial proteins
DLPFC,SSBP1,SSBP1|Q04837,braak_num,-0.01481908074393061,0.00413130591049675,-3.5870209238871777,3.6945484181885065e-4,478,610,2,ok,0.00134267436575496,0.01481908074393061,Hsp60/10 clients
DLPFC,ST13,ST13|P50502,braak_num,-0.00957174963903489,0.00243253076092004,-3.934893565504032,9.577517209590932e-5,478,610,2,ok,4.14079299661978e-4,0.00957174963903489,Hsp60/10 clients
DLPFC,STARD7,STARD7|Q9NQZ5,braak_num,0.01700212669864952,0.00252991934696869,6.720422419402876,5.2480663606497586e-11,478,610,2,ok,1.254615864342833e-9,-0.01700212669864952,Non-client mitochondrial proteins
DLPFC,STOM,STOM|P27105,braak_num,0.01706703824247535,0.00516869620043811,3.30200065560609,0.00103297466585589,478,610,2,ok,0.00331911355707284,-0.01706703824247535,Non-client mitochondrial proteins
DLPFC,STOML2,STOML2|Q9UJZ1,braak_num,-0.01218563193034189,0.00305131937459527,-3.993561615279349,7.549595578294519e-5,478,610,2,ok,3.3600711631809994e-4,0.01218563193034189,Hsp60/10 clients
DLPFC,STX17,STX17|P56962,braak_num,-0.02196070936990209,0.00360325598939012,-6.094684761384128,2.2834072376843035e-9,478,610,2,ok,3.2958613902424386e-8,0.02196070936990209,Non-client mitochondrial proteins
DLPFC,SUCLA2,SUCLA2|Q9P2R7,braak_num,-0.0272141149893991,0.00425220157571342,-6.40000585692676,3.7581623515481676e-10,478,610,2,ok,6.8452242831770205e-9,0.0272141149893991,Hsp60/10 clients
DLPFC,SUCLG1,SUCLG1|P53597,braak_num,-0.0195158458749766,0.00360235219410056,-5.417528554519721,9.657688305140089e-8,478,610,2,ok,8.964365888896462e-7,0.0195158458749766,Hsp60/10 clients
DLPFC,SUCLG2,SUCLG2|Q96I99,braak_num,0.02292212227268554,0.00397882884308237,5.761022445722477,1.5115724301129142e-8,478,610,2,ok,1.7088959246843041e-7,-0.02292212227268554,Hsp60/10 clients
DLPFC,SUOX,SUOX|P51687,braak_num,-0.00856136499890783,0.00291338656084685,-2.9386299483784435,0.00345850629372913,478,610,2,ok,0.00942668876972488,0.00856136499890783,Non-client mitochondrial proteins
DLPFC,SUPV3L1,SUPV3L1|Q8IYB8,braak_num,-0.00391840542336835,0.00219656348838156,-1.783879885145251,0.07508688309738368,478,610,2,ok,0.13042527660056427,0.00391840542336835,Hsp60/10 clients
DLPFC,SURF1,SURF1|Q15526,braak_num,-0.00420202394437682,0.00554828464799694,-0.757355509129086,0.4492156169762358,478,610,2,ok,0.5553938537160733,0.00420202394437682,Non-client mitochondrial proteins
DLPFC,SYNE1,SYNE1|Q8NF91,braak_num,-0.0053864124018759,0.00290095128915269,-1.8567745077336903,0.0639673678382732,478,610,2,ok,0.11375831785264394,0.0053864124018759,Hsp60/10 clients
DLPFC,TACO1,TACO1|Q9BSH4,braak_num,-0.01753028531129208,0.00400497879599638,-4.377123127047861,1.482496903953101e-5,478,610,2,ok,8.005483281346746e-5,0.01753028531129208,Hsp60/10 clients
DLPFC,TAMM41,TAMM41|Q96BW9,braak_num,-0.02133656004005982,0.00402303591093539,-5.303596714626107,1.7498846981468744e-7,478,610,2,ok,1.5197674105003127e-6,0.02133656004005982,Hsp60/10 clients
DLPFC,TARS2,TARS2|Q9BW92,braak_num,-0.01209588581108026,0.0039861144472522,-3.0345053989652655,0.00254256582908421,478,610,2,ok,0.00724868146304134,0.01209588581108026,Hsp60/10 clients
DLPFC,TBRG4,TBRG4|Q969Z0,braak_num,-0.025254491772313,0.00397483825114612,-6.353589800800326,4.966789756056918e-10,478,610,2,ok,8.684786659162382e-9,0.025254491772313,Hsp60/10 clients
DLPFC,TDRKH,TDRKH|Q9Y2W6,braak_num,-0.0104650391371747,0.00283972685058009,-3.68522737848428,2.550528424678092e-4,478,610,2,ok,9.76798120089482e-4,0.0104650391371747,Non-client mitochondrial proteins
DLPFC,TEFM,TEFM|Q96QE5,braak_num,-0.00513677690416812,0.00415444928511337,-1.2364519462482602,0.21703092618653896,399,531,2,ok,0.3133601608040936,0.00513677690416812,Non-client mitochondrial proteins
DLPFC,TFAM,TFAM|Q00059,braak_num,-0.01057607594142275,0.00347164330655583,-3.0464177933980015,0.00244583681762765,478,610,2,ok,0.00702307850666933,0.01057607594142275,Hsp60/10 clients
DLPFC,TFB1M,TFB1M|Q8WVM0,braak_num,-0.01989363270094133,0.00477611674995395,-4.16523166045577,3.719555752310276e-5,464,596,2,ok,1.796187364871559e-4,0.01989363270094133,Non-client mitochondrial proteins
DLPFC,TFB2M,TFB2M|Q9H5Q4,braak_num,-0.00829143634683187,0.00374318488242991,-2.215075292099766,0.02729462535114957,424,551,2,ok,0.05590465433367985,0.00829143634683187,Non-client mitochondrial proteins
DLPFC,THEM4,THEM4|Q5T1C6,braak_num,-0.01122201083730426,0.00464244492878035,-2.4172631037009373,0.01601653390148428,478,610,2,ok,0.03554067711279326,0.01122201083730426,Non-client mitochondrial proteins
DLPFC,THG1L,THG1L|Q9NWX6,braak_num,9.195664930586242e-4,0.00253805949913534,0.3623108494390681,0.7172887142364086,460,592,2,ok,0.7887055653824449,-9.195664930586242e-4,Non-client mitochondrial proteins
DLPFC,THNSL1,THNSL1|Q8IYQ7,braak_num,-0.01152149062583175,0.00364437107331555,-3.161448270236052,0.00167111190491652,478,610,2,ok,0.0050347250696205,0.01152149062583175,Non-client mitochondrial proteins
DLPFC,TIMM10,TIMM10|P62072,braak_num,-0.01761871154606003,0.0033383528943609,-5.277665993856218,2.0004481200445856e-7,478,610,2,ok,1.7067020206328342e-6,0.01761871154606003,Non-client mitochondrial proteins
DLPFC,TIMM10B,TIMM10B|Q9Y5J6,braak_num,-0.01706091626208795,0.00322056678224891,-5.297488738977299,1.8060105499334616e-7,478,610,2,ok,1.5570350327531566e-6,0.01706091626208795,Non-client mitochondrial proteins
DLPFC,TIMM13,TIMM13|Q9Y5L4,braak_num,-0.0213334146760221,0.00330013027103499,-6.464415924202724,2.5454645405444777e-10,478,610,2,ok,4.868200933791314e-9,0.0213334146760221,Hsp60/10 clients
DLPFC,TIMM17A,TIMM17A|Q99595,braak_num,-0.01269917054920692,0.0043051641797032,-2.949752905842117,0.00335682699242893,430,562,2,ok,0.0091904777186095,0.01269917054920692,Non-client mitochondrial proteins
DLPFC,TIMM17B,TIMM17B|O60830,braak_num,-0.00900403346319381,0.00326398575554935,-2.758600722409817,0.00603580884042177,468,600,2,ok,0.01521799647214278,0.00900403346319381,Non-client mitochondrial proteins
DLPFC,TIMM21,TIMM21|Q9BVV7,braak_num,-0.00357149738719136,0.00314171272237824,-1.136799479389628,0.25620014871707925,478,610,2,ok,0.35748857960522684,0.00357149738719136,Non-client mitochondrial proteins
DLPFC,TIMM22,TIMM22|Q9Y584,braak_num,-0.01371509715347931,0.00295076547850827,-4.647979398353543,4.3579724491784384e-6,478,610,2,ok,2.699472812648992e-5,0.01371509715347931,Non-client mitochondrial proteins
DLPFC,TIMM23,TIMM23|O14925,braak_num,-0.00948981554511687,0.00334421666209537,-2.8376796433909517,0.00474827639326037,460,592,2,ok,0.01242564917050463,0.00948981554511687,Non-client mitochondrial proteins
DLPFC,TIMM44,TIMM44|O43615,braak_num,-0.01975081401418498,0.00321949609535195,-6.134753212684307,1.8092636654317642e-9,478,610,2,ok,2.7094682624247304e-8,0.01975081401418498,Hsp60/10 clients
DLPFC,TIMM50,TIMM50|Q3ZCQ8,braak_num,-0.01380107001334853,0.0033428110464215,-4.128582148884143,4.3178371289222606e-5,478,610,2,ok,2.0442364540230196e-4,0.01380107001334853,Non-client mitochondrial proteins
DLPFC,TIMM8A,TIMM8A|O60220,braak_num,-0.03046197974630332,0.00406373660742309,-7.496051710305099,3.2882912821613524e-13,478,610,2,ok,1.5722142692833967e-11,0.03046197974630332,Non-client mitochondrial proteins
DLPFC,TIMM8B,TIMM8B|Q9Y5J9,braak_num,-0.02305920735610684,0.00404600253858672,-5.699256769166893,2.1244545165026228e-8,478,610,2,ok,2.3162105061156867e-7,0.02305920735610684,Hsp60/10 clients
DLPFC,TIMM9,TIMM9|Q9Y5J7,braak_num,-0.02138245354001698,0.00377243408515494,-5.668078767541606,2.519812807736822e-8,478,610,2,ok,2.66803709054487e-7,0.02138245354001698,Non-client mitochondrial proteins
DLPFC,TIMMDC1,TIMMDC1|Q9NPL8,braak_num,-0.00436568227825857,0.00545500915133614,-0.8003070493821718,0.4239363928812725,478,610,2,ok,0.5302092761103653,0.00436568227825857,Non-client mitochondrial proteins
DLPFC,TK2,TK2|O00142,braak_num,-0.00709727800506329,0.0024812181108879,-2.860400693481773,0.00441909518069721,478,610,2,ok,0.01167740177282683,0.00709727800506329,Non-client mitochondrial proteins
DLPFC,TMEM11,TMEM11|P17152,braak_num,-0.0152207512672761,0.00336857677535511,-4.5184516436237505,7.886591385118965e-6,478,610,2,ok,4.539116546419568e-5,0.0152207512672761,Non-client mitochondrial proteins
DLPFC,TMEM126A,TMEM126A|Q9H061,braak_num,-0.02444913106216117,0.00433699435726724,-5.637344448279768,2.9792612232189e-8,478,610,2,ok,3.097351985181144e-7,0.02444913106216117,Non-client mitochondrial proteins
DLPFC,TMEM126B,TMEM126B|Q8IUX1,braak_num,-0.00344719183690298,0.00324618261300485,-1.061921724025273,0.28881540659120375,478,610,2,ok,0.3927878797843161,0.00344719183690298,Non-client mitochondrial proteins
DLPFC,TMEM143,TMEM143|Q96AN5,braak_num,-0.01640325683961516,0.00389555843087199,-4.2107587732789895,3.049846740512614e-5,478,610,2,ok,1.5093042090515252e-4,0.01640325683961516,Non-client mitochondrial proteins
DLPFC,TMEM14C,TMEM14C|Q9P0S9,braak_num,-0.00672307732292862,0.00266927582865212,-2.5186896201444706,0.01213773624082237,441,573,2,ok,0.02798905267288355,0.00672307732292862,Non-client mitochondrial proteins
DLPFC,TMEM177,TMEM177|Q53S58,braak_num,-0.01895159958084201,0.00434703383931435,-4.359662307996023,1.6008546718033096e-5,478,610,2,ok,8.579011025776054e-5,0.01895159958084201,Non-client mitochondrial proteins
DLPFC,TMEM186,TMEM186|Q96B77,braak_num,-0.01166619974758733,0.00316637253510542,-3.684405299201123,2.5688868491722524e-4,461,593,2,ok,9.825992198083866e-4,0.01166619974758733,Non-client mitochondrial proteins
DLPFC,TMEM205,TMEM205|Q6UW68,braak_num,0.01285954682857281,0.00470990935955111,2.730317262368381,0.00656452315222648,478,610,2,ok,0.01634454096486008,-0.01285954682857281,Non-client mitochondrial proteins
DLPFC,TMEM65,TMEM65|Q6PI78,braak_num,-0.01806761629021984,0.00499498147534766,-3.617153813160491,3.300405451852081e-4,478,610,2,ok,0.00122006466475867,0.01806761629021984,Non-client mitochondrial proteins
DLPFC,TMEM70,TMEM70|Q9BUB7,braak_num,-0.01380173544671215,0.00366794705477544,-3.762795711225744,1.8921871669843585e-4,478,610,2,ok,7.524514683540833e-4,0.01380173544671215,Non-client mitochondrial proteins
DLPFC,TMLHE,TMLHE|Q9NVH6,braak_num,-0.00605792302217284,0.00481039208343328,-1.2593408015608505,0.20853098530157016,478,610,2,ok,0.303618468686505,0.00605792302217284,Non-client mitochondrial proteins
DLPFC,TOMM20,TOMM20|Q15388,braak_num,-0.01997164070113617,0.00460522977223084,-4.3367305626232895,1.770077267584802e-5,478,610,2,ok,9.360201219140833e-5,0.01997164070113617,Non-client mitochondrial proteins
DLPFC,TOMM22,TOMM22|Q9NS69,braak_num,-0.01721307191917831,0.00358096212092871,-4.806828818036793,2.06574657496265e-6,478,610,2,ok,1.3862246753038836e-5,0.01721307191917831,Non-client mitochondrial proteins
DLPFC,TOMM34,TOMM34|Q15785,braak_num,0.00589773607583488,0.00406810054227267,1.4497517980566097,0.14779326756481587,478,610,2,ok,0.2292033293126303,-0.00589773607583488,Non-client mitochondrial proteins
DLPFC,TOMM40,TOMM40|O96008,braak_num,-0.01005847999928153,0.0036868913518445,-2.7281736941473467,0.00660665540831772,478,610,2,ok,0.01643161653978778,0.01005847999928153,Non-client mitochondrial proteins
DLPFC,TOMM40L,TOMM40L|Q969M1,braak_num,-0.01043326556082157,0.00348429670635208,-2.994367713232082,0.00289489928288381,478,610,2,ok,0.00810960494869498,0.01043326556082157,Non-client mitochondrial proteins
DLPFC,TOMM5,TOMM5|Q8N4H5,braak_num,-0.02362519601113827,0.00455521426335795,-5.186407190805238,3.1899713198157593e-7,478,610,2,ok,2.5827643707209997e-6,0.02362519601113827,Non-client mitochondrial proteins
DLPFC,TOMM6,TOMM6|Q96B49,braak_num,-0.00849590844417909,0.00372443733764237,-2.281125355046822,0.02298665559436315,478,610,2,ok,0.04834306949742354,0.00849590844417909,Non-client mitochondrial proteins
DLPFC,TRAP1,TRAP1|Q12931,braak_num,-0.01093312763772666,0.00377905974476752,-2.893081447803156,0.00399160254846071,478,610,2,ok,0.01068929737306573,0.01093312763772666,Hsp60/10 clients
DLPFC,TRIAP1,TRIAP1|O43715,braak_num,-0.01727985129248039,0.00336279614014064,-5.138536673756765,4.063695493782434e-7,478,610,2,ok,3.224263148912942e-6,0.01727985129248039,Non-client mitochondrial proteins
DLPFC,TRMT1,TRMT1|Q9NXH9,braak_num,-0.01330004236906954,0.00396518074779605,-3.354208348878428,8.635586425415062e-4,455,587,2,ok,0.0028312386923325,0.01330004236906954,Non-client mitochondrial proteins
DLPFC,TRMT10C,TRMT10C|Q7L0Y3,braak_num,-0.01959944525619832,0.00361187613994348,-5.426389083349075,9.217396995813749e-8,478,610,2,ok,8.590405349496125e-7,0.01959944525619832,Non-client mitochondrial proteins
DLPFC,TRMT5,TRMT5|Q32P41,braak_num,0.00242085357741323,0.00427936530931455,0.5657038842054353,0.5718789454053748,454,575,2,ok,0.6681747128447678,-0.00242085357741323,Non-client mitochondrial proteins
DLPFC,TRMT61B,TRMT61B|Q9BVS5,braak_num,-0.00199636052309552,0.00610180224826154,-0.32717555270892446,0.7436836191621017,468,600,2,ok,0.8103282639653523,0.00199636052309552,Non-client mitochondrial proteins
DLPFC,TRMU,TRMU|O75648,braak_num,-0.00457353493125776,0.00336707020457395,-1.3583129110420369,0.1751436228478336,400,532,2,ok,0.26301626987454807,0.00457353493125776,Hsp60/10 clients
DLPFC,TRNT1,TRNT1|Q96Q11,braak_num,-0.0015161618594115,0.00209657109462398,-0.7231626264900997,0.4699389363753801,478,610,2,ok,0.5748986455125252,0.0015161618594115,Non-client mitochondrial proteins
DLPFC,TRUB1,TRUB1|Q8WWH5,braak_num,-0.01561296268250044,0.00552382403065274,-2.826477200551856,0.00491547060661413,458,590,2,ok,0.01280477303312081,0.01561296268250044,Hsp60/10 clients
DLPFC,TRUB2,TRUB2|O95900,braak_num,-0.00262612116571298,0.00566929337540948,-0.46321842808554625,0.6435938239958265,268,370,2,ok,0.7280147298389319,0.00262612116571298,Hsp60/10 clients
DLPFC,TSFM,TSFM|P43897,braak_num,-0.02315619088446419,0.00473146140498215,-4.894088507217048,1.358688128534431e-6,478,610,2,ok,9.572338465039198e-6,0.02315619088446419,Hsp60/10 clients
DLPFC,TSPO,TSPO|P30536,braak_num,0.03608877769502226,0.00543929932350021,6.634821058495997,8.946199907510983e-11,478,610,2,ok,1.960050480929614e-9,-0.03608877769502226,Non-client mitochondrial proteins
DLPFC,TST,TST|Q16762,braak_num,0.01038504312544179,0.00464404987003966,2.236204049495509,0.02580591886171901,478,610,2,ok,0.05328347619221336,-0.01038504312544179,Hsp60/10 clients
DLPFC,TSTD1,TSTD1|Q8NFU3,braak_num,-0.01269485420739235,0.00476700170248054,-2.66306894767554,0.00800831134959145,478,610,2,ok,0.01947967625576299,0.01269485420739235,Non-client mitochondrial proteins
DLPFC,TTC19,TTC19|Q6DKK2,braak_num,-0.02221184923191012,0.00525984290910575,-4.222911143117475,2.8955979104242184e-5,478,610,2,ok,1.4407365212842452e-4,0.02221184923191012,Non-client mitochondrial proteins
DLPFC,TUBA1B,TUBA1B|P68363,braak_num,-0.01747459670744447,0.0031368684754964,-5.57071386446292,4.2726036382932385e-8,478,610,2,ok,4.291302122487081e-7,0.01747459670744447,Hsp60/10 clients
DLPFC,TUBB,TUBB|P07437,braak_num,-0.01151538268242335,0.00277071389064438,-4.1561067424920015,3.84566376256021e-5,478,610,2,ok,1.8493029512992525e-4,0.01151538268242335,Hsp60/10 clients
DLPFC,TUBB4B,TUBB4B|P68371,braak_num,-0.00737320387594198,0.00317301454656292,-2.323722052875174,0.02056510863927556,478,610,2,ok,0.04386331257168904,0.00737320387594198,Hsp60/10 clients
DLPFC,TUFM,TUFM|P49411,braak_num,-0.02020239322248973,0.00316982202544099,-6.3733525290521955,4.411643466133876e-10,478,610,2,ok,7.863861557108542e-9,0.02020239322248973,Hsp60/10 clients
DLPFC,TXN2,TXN2|Q99757,braak_num,-0.01047055908292647,0.00334037297645828,-3.1345478953156145,0.00182868389110155,478,610,2,ok,0.00545396949977656,0.01047055908292647,Non-client mitochondrial proteins
DLPFC,TXNRD1,TXNRD1|Q16881,braak_num,0.01290383698103877,0.00281244321476461,4.588123562209866,5.742259034920019e-6,478,610,2,ok,3.443105025510501e-5,-0.01290383698103877,Non-client mitochondrial proteins
DLPFC,TXNRD2,TXNRD2|Q9NNW7,braak_num,-0.01058798396490336,0.00443408179369048,-2.3878639270862387,0.01733980878752932,478,610,2,ok,0.03786380700987611,0.01058798396490336,Non-client mitochondrial proteins
DLPFC,UNG,UNG|P13051,braak_num,0.00124324058721843,0.00546024391970108,0.22768956945910532,0.8199912258515718,456,588,2,ok,0.8714424002451296,-0.00124324058721843,Non-client mitochondrial proteins
DLPFC,UQCC1,UQCC1|Q9NVA1,braak_num,-0.00587662081457637,0.00305972341049693,-1.920637922504878,0.05538079455540021,478,610,2,ok,0.10104455961912193,0.00587662081457637,Non-client mitochondrial proteins
DLPFC,UQCC2,UQCC2|Q9BRT2,braak_num,-8.064602425552382e-4,0.00344478798218813,-0.23411026940560015,0.8150010994476709,478,610,2,ok,0.867243548502332,8.064602425552382e-4,Non-client mitochondrial proteins
DLPFC,UQCR10,UQCR10|Q9UDW1,braak_num,-0.03421053962494051,0.00531144877947515,-6.44090549402248,2.935528265641754e-10,478,610,2,ok,5.499622342569653e-9,0.03421053962494051,Non-client mitochondrial proteins
DLPFC,UQCR11,UQCR11|O14957,braak_num,-0.02960370858126691,0.00621308185961073,-4.764738216908293,2.5607982808091814e-6,454,586,2,ok,1.6803522671785767e-5,0.02960370858126691,Non-client mitochondrial proteins
DLPFC,UQCRB,UQCRB|P14927,braak_num,-0.03076886462591567,0.00462045207216854,-6.659275790620793,7.686028279780297e-11,478,610,2,ok,1.754929772037554e-9,0.03076886462591567,Non-client mitochondrial proteins
DLPFC,UQCRC1,UQCRC1|P31930,braak_num,-0.02960227669227607,0.00443217072126224,-6.67895678076353,6.799829107680359e-11,478,610,2,ok,1.572353430944728e-9,0.02960227669227607,Hsp60/10 clients
DLPFC,UQCRC2,UQCRC2|P22695,braak_num,-0.03200081238832054,0.00472945573365132,-6.766278022358119,3.935087500349237e-11,478,610,2,ok,9.869973566449724e-10,0.03200081238832054,Hsp60/10 clients
DLPFC,UQCRFS1,UQCRFS1|P47985,braak_num,-0.03112700555806467,0.00482352233972831,-6.453169150206088,2.7252725884353025e-10,478,610,2,ok,5.190456921542754e-9,0.03112700555806467,Hsp60/10 clients
DLPFC,UQCRH,UQCRH|P07919,braak_num,-0.02884068635080706,0.0045859383283707,-6.288938988207804,7.304277717877301e-10,478,610,2,ok,1.2235998074838252e-8,0.02884068635080706,Non-client mitochondrial proteins
DLPFC,UQCRQ,UQCRQ|O14949,braak_num,-0.03455685429443329,0.00445075767798432,-7.764263254629379,5.162742280048874e-14,478,610,2,ok,3.1595982753899113e-12,0.03455685429443329,Non-client mitochondrial proteins
DLPFC,USP30,USP30|Q70CQ3,braak_num,0.00848228647213473,0.00233191584994089,3.6374753713131303,3.057267176811618e-4,478,610,2,ok,0.00114088262939555,-0.00848228647213473,Non-client mitochondrial proteins
DLPFC,VARS2,VARS2|Q5ST30,braak_num,-0.00821036280849578,0.00331108943121969,-2.479656010218775,0.01349960457556293,478,610,2,ok,0.03060666090483274,0.00821036280849578,Hsp60/10 clients
DLPFC,VDAC1,VDAC1|P21796,braak_num,-0.02640819384543181,0.00483809575525114,-5.458385939709662,7.783973256021194e-8,478,610,2,ok,7.415046060024794e-7,0.02640819384543181,Non-client mitochondrial proteins
DLPFC,VDAC2,VDAC2|P45880,braak_num,-0.02092121080712137,0.00437326992486216,-4.783882807732429,2.3039397142653872e-6,478,610,2,ok,1.5270878394914264e-5,0.02092121080712137,Non-client mitochondrial proteins
DLPFC,VDAC3,VDAC3|Q9Y277,braak_num,-0.01757740675230306,0.00447421358159035,-3.9286025201450494,9.823292503103284e-5,478,610,2,ok,4.2318643957129054e-4,0.01757740675230306,Non-client mitochondrial proteins
DLPFC,VPS13D,VPS13D|Q5THJ4,braak_num,-0.00378216560529964,0.0019302092533605,-1.9594588507514803,0.05064847576112499,478,610,2,ok,0.09399101515150755,0.00378216560529964,Non-client mitochondrial proteins
DLPFC,VWA8,VWA8|A3KMH1,braak_num,-0.00539704701115972,0.00417734027051605,-1.291981658581285,0.19699706002263256,478,610,2,ok,0.28962732399227525,0.00539704701115972,Non-client mitochondrial proteins
DLPFC,WARS2,WARS2|Q9UGM6,braak_num,-0.00314089227933389,0.0032290471043327,-0.9726994304664895,0.33120197663263684,478,610,2,ok,0.43803978468341825,0.00314089227933389,Non-client mitochondrial proteins
DLPFC,XPNPEP3,XPNPEP3|Q9NQH7,braak_num,-0.00271263631408537,0.00245819644257026,-1.1035067283919242,0.2703930201923752,460,592,2,ok,0.37308275064934926,0.00271263631408537,Hsp60/10 clients
DLPFC,YARS2,YARS2|Q9Y2Z4,braak_num,-0.01177242176805394,0.00324535753684992,-3.6274652744365143,3.174850519684136e-4,478,610,2,ok,0.00117901002308658,0.01177242176805394,Hsp60/10 clients
DLPFC,YME1L1,YME1L1|Q96TA2,braak_num,-0.01385949476291103,0.00295213974258808,-4.69472856009204,3.5060350072686988e-6,478,610,2,ok,2.2276769180549364e-5,0.01385949476291103,Non-client mitochondrial proteins
DLPFC,YRDC,YRDC|Q86U90,braak_num,-0.00546704954625392,0.00391369419634052,-1.3969025866573468,0.1631787446977685,428,546,2,ok,0.24817443279084075,0.00546704954625392,Non-client mitochondrial proteins
DLPFC,YWHAE,YWHAE|P62258,braak_num,-0.00172360553408726,0.00177318284254783,-0.9720404984353822,0.3315293226406567,478,610,2,ok,0.4384095623510845,0.00172360553408726,Hsp60/10 clients
DLPFC,ZADH2,ZADH2|Q8N4Q0,braak_num,-0.01951870451971878,0.00385180283845709,-5.067420462138019,5.802473981949236e-7,478,610,2,ok,4.438892596191166e-6,0.01951870451971878,Hsp60/10 clients
STG,AADAT,AADAT|Q8N5Z0,braak_num,-0.01534452900231232,0.00717727634968872,-2.1379320308570557,0.03417579574993627,153,257,2,ok,0.07114354059663806,0.01534452900231232,Non-client mitochondrial proteins
STG,AARS2,AARS2|Q5JTZ9,braak_num,-0.01056616898764856,0.00641021223151898,-1.6483337221963967,0.10141988114871656,153,257,2,ok,0.1736842229242799,0.01056616898764856,Hsp60/10 clients
STG,AASS,AASS|Q9UDR5,braak_num,0.04664909636562905,0.00976986138861541,4.774796131702352,4.306168707029589e-6,153,257,2,ok,3.7626791915822274e-5,-0.04664909636562905,Non-client mitochondrial proteins
STG,ABAT,ABAT|P80404,braak_num,0.00940723056871374,0.00808466274653541,1.1635897332569751,0.24647552442231135,153,257,2,ok,0.3527383513977465,-0.00940723056871374,Non-client mitochondrial proteins
STG,ABCB10,ABCB10|Q9NRK6,braak_num,-0.01956992200761724,0.00457293270158301,-4.279512357757355,3.3607495590530574e-5,153,257,2,ok,2.136743057336542e-4,0.01956992200761724,Non-client mitochondrial proteins
STG,ABCB6,ABCB6|Q9NP58,braak_num,0.01274664522526656,0.00461470971311669,2.7621770420436063,0.00647517496010398,153,257,2,ok,0.01776475565435518,-0.01274664522526656,Non-client mitochondrial proteins
STG,ABCB7,ABCB7|O75027,braak_num,0.01660046096323478,0.00850521917694678,1.9517969634727317,0.05286305887169203,153,257,2,ok,0.10205652817474224,-0.01660046096323478,Non-client mitochondrial proteins
STG,ABCB8,ABCB8|Q9NUT2,braak_num,-0.00864583647068518,0.008465849387731,-1.0212603691266964,0.3088088696121132,153,257,2,ok,0.4231937965372814,0.00864583647068518,Non-client mitochondrial proteins
STG,ABCD2,ABCD2|Q9UBJ2,braak_num,0.00194767210778151,0.0071502376245269,0.2723926406446356,0.7857023713435375,153,257,2,ok,0.8503075730017641,-0.00194767210778151,Non-client mitochondrial proteins
STG,ABCD3,ABCD3|P28288,braak_num,0.0114322453309117,0.00431881293881211,2.6470804577278435,0.0090041447215122,153,257,2,ok,0.02344739024055639,-0.0114322453309117,Non-client mitochondrial proteins
STG,ABHD10,ABHD10|Q9NUJ1,braak_num,-0.01352560659839439,0.00612513584772859,-2.2082133253273306,0.02877822304287899,153,257,2,ok,0.06196134109696619,0.01352560659839439,Hsp60/10 clients
STG,ABHD11,ABHD11|Q8NFV4,braak_num,-0.02343554737029152,0.008467187052294,-2.7678079184446704,0.00636988903731414,153,257,2,ok,0.01753520924468775,0.02343554737029152,Hsp60/10 clients
STG,ACAA1,ACAA1|P09110,braak_num,0.01824818113987289,0.00478734451063529,3.8117543242049488,2.023848502317153e-4,153,257,2,ok,9.689032201568864e-4,-0.01824818113987289,Non-client mitochondrial proteins
STG,ACAA2,ACAA2|P42765,braak_num,0.01780914062032779,0.00679713104295718,2.620096700766223,0.00971328000142661,153,257,2,ok,0.02488788300444502,-0.01780914062032779,Hsp60/10 clients
STG,ACACA,ACACA|Q13085,braak_num,-0.01079749103453135,0.00336326572098655,-3.210418661587079,0.00162794223491389,153,257,2,ok,0.00555039919952779,0.01079749103453135,Non-client mitochondrial proteins
STG,ACAD10,ACAD10|Q6JQN1,braak_num,-0.01144319125898239,0.00740395462869071,-1.5455512402303813,0.12436310964758808,153,257,2,ok,0.2036935065303083,0.01144319125898239,Non-client mitochondrial proteins
STG,ACAD11,ACAD11|Q709F0,braak_num,-6.776420530123005e-4,0.00641154150146956,-0.10569097195377757,0.9159716303016908,153,257,2,ok,0.9470790313553212,6.776420530123005e-4,Non-client mitochondrial proteins
STG,ACAD8,ACAD8|Q9UKU7,braak_num,0.01225008520867482,0.00674739238380356,1.8155288016271165,0.07148075454674281,153,257,2,ok,0.13088669389729016,-0.01225008520867482,Non-client mitochondrial proteins
STG,ACAD9,ACAD9|Q9H845,braak_num,-0.02159330887621207,0.00718727235245421,-3.0043816092260207,0.00312941908222682,153,257,2,ok,0.00961242200896053,0.02159330887621207,Hsp60/10 clients
STG,ACADM,ACADM|P11310,braak_num,0.02016096148693993,0.00840982161627314,2.3973114302363014,0.01777163693779307,153,257,2,ok,0.0414047663840301,-0.02016096148693993,Non-client mitochondrial proteins
STG,ACADS,ACADS|P16219,braak_num,0.02140037031445491,0.00972742005929243,2.2000047478171267,0.02936781044469706,153,257,2,ok,0.0630077731692046,-0.02140037031445491,Non-client mitochondrial proteins
STG,ACADSB,ACADSB|P45954,braak_num,-0.02644324856247925,0.00776023707422075,-3.4075310212265055,8.458673818833848e-4,153,257,2,ok,0.00320875802620922,0.02644324856247925,Non-client mitochondrial proteins
STG,ACADVL,ACADVL|P49748,braak_num,-0.00173002618078743,0.00978056143231977,-0.1768841382735534,0.8598428742805055,153,257,2,ok,0.9059985260991256,0.00173002618078743,Hsp60/10 clients
STG,ACAT1,ACAT1|P24752,braak_num,0.01044934253288869,0.00619026894566302,1.6880272286407898,0.093526473774469,153,257,2,ok,0.1630932812111575,-0.01044934253288869,Hsp60/10 clients
STG,ACLY,ACLY|P53396,braak_num,-0.00285993856030243,0.00438665827151726,-0.6519629255992251,0.5154431727410314,153,257,2,ok,0.6246668131799302,0.00285993856030243,Non-client mitochondrial proteins
STG,ACO2,ACO2|Q99798,braak_num,-0.04054120467170284,0.00760824357958426,-5.328589213480221,3.6452623355034546e-7,153,257,2,ok,4.9488122139178e-6,0.04054120467170284,Hsp60/10 clients
STG,ACOT11,ACOT11|Q8WXI4,braak_num,-0.01329194770074546,0.00858088011544882,-1.5490191590970872,0.1238269817835541,135,228,2,ok,0.20298616380618317,0.01329194770074546,Non-client mitochondrial proteins
STG,ACOT13,ACOT13|Q9NPJ3,braak_num,-0.02169305230808321,0.00732109380927641,-2.963088969109556,0.0035536616447554,153,257,2,ok,0.01069945637180609,0.02169305230808321,Hsp60/10 clients
STG,ACOT7,ACOT7|O00154,braak_num,-0.02361675404431166,0.00624771877793953,-3.780060352220327,2.273441011039943e-4,153,257,2,ok,0.00107217416673753,0.02361675404431166,Non-client mitochondrial proteins
STG,ACOT9,ACOT9|Q9Y305,braak_num,0.0129854768901609,0.00672734696208185,1.930252291631825,0.05550095796439149,153,257,2,ok,0.10636864044603007,-0.0129854768901609,Non-client mitochondrial proteins
STG,ACP6,ACP6|Q9NPH0,braak_num,0.00977175343380611,0.00851100354350386,1.1481317548345444,0.25290053106935395,144,244,2,ok,0.3597448150561291,-0.00977175343380611,Non-client mitochondrial proteins
STG,ACSF2,ACSF2|Q96CM8,braak_num,0.02800121567017306,0.00663022027359353,4.22327079866331,4.202622329356476e-5,153,257,2,ok,2.5728506763494295e-4,-0.02800121567017306,Non-client mitochondrial proteins
STG,ACSF3,ACSF3|Q4G176,braak_num,-0.00367055703575087,0.0096682415064014,-0.3796509461747082,0.7047524461042188,153,257,2,ok,0.7869749122838667,0.00367055703575087,Hsp60/10 clients
STG,ACSL1,ACSL1|P33121,braak_num,0.0146918629680633,0.00372230839034173,3.946976291965558,1.222715601363211e-4,153,257,2,ok,6.357859863071312e-4,-0.0146918629680633,Non-client mitochondrial proteins
STG,ACSL6,ACSL6|Q9UKU0,braak_num,8.873089765947811e-4,0.00777537548982971,0.1141178297762458,0.9093001039014036,153,257,2,ok,0.9426473187419246,-8.873089765947811e-4,Non-client mitochondrial proteins
STG,ACSS1,ACSS1|Q9NUB1,braak_num,0.01695955574359786,0.00722871835701908,2.3461359131705746,0.02030465933853054,153,257,2,ok,0.04625451766937897,-0.01695955574359786,Non-client mitochondrial proteins
STG,ACSS3,ACSS3|Q9H6R3,braak_num,0.05310416974928257,0.00845508878940958,6.28073472342457,3.6011676892425442e-9,153,257,2,ok,1.0044059108047829e-7,-0.05310416974928257,Non-client mitochondrial proteins
STG,ADCK1,ADCK1|Q86TW2,braak_num,-0.02194864965984995,0.00656634792271809,-3.3425962069284414,0.00105278201644159,153,257,2,ok,0.00384532088106661,0.02194864965984995,Non-client mitochondrial proteins
STG,ADCK5,ADCK5|Q3MIX3,braak_num,-0.02222897246466259,0.00581097586871115,-3.8253424152650735,1.925007420340357e-4,153,257,2,ok,9.299266615182646e-4,0.02222897246466259,Non-client mitochondrial proteins
STG,ADHFE1,ADHFE1|Q8IWW8,braak_num,0.03923133001232544,0.0100022837473756,3.922237261327338,1.3420550487204625e-4,153,257,2,ok,6.843286423257798e-4,-0.03923133001232544,Non-client mitochondrial proteins
STG,AFG3L2,AFG3L2|Q9Y4W6,braak_num,-0.0261325713790895,0.00685654114263701,-3.8113344375031257,2.026978210056758e-4,153,257,2,ok,9.69562943326412e-4,0.0261325713790895,Hsp60/10 clients
STG,AGK,AGK|Q53H12,braak_num,-0.02245257868357145,0.0078676109287202,-2.853798807158825,0.00494410521457226,153,257,2,ok,0.01411317306705174,0.02245257868357145,Non-client mitochondrial proteins
STG,AGPAT4,AGPAT4|Q9NRZ5,braak_num,-0.0092180347884749,0.00654996162040616,-1.4073418017834574,0.1614370030028871,153,257,2,ok,0.251227463985628,0.0092180347884749,Non-client mitochondrial proteins
STG,AGPAT5,AGPAT5|Q9NUQ2,braak_num,-0.00190716283343032,0.00430577866351349,-0.4429309963355355,0.6584667629159324,153,257,2,ok,0.751320533375183,0.00190716283343032,Non-client mitochondrial proteins
STG,AHCYL1,AHCYL1|O43865,braak_num,-0.00158135573005872,0.00567447891148495,-0.2786785808399287,0.7808831441852824,153,257,2,ok,0.8464513617371711,0.00158135573005872,Non-client mitochondrial proteins
STG,AIFM1,AIFM1|O95831,braak_num,-0.01928836491357348,0.00615529630410817,-3.133620862524527,0.00208470911518196,153,257,2,ok,0.00683251128861321,0.01928836491357348,Hsp60/10 clients
STG,AIFM2,AIFM2|Q9BRQ8,braak_num,0.00715666090126949,0.00557789907460408,1.283038793916771,0.201644760340236,143,242,2,ok,0.3006295140376562,-0.00715666090126949,Non-client mitochondrial proteins
STG,AIFM3,AIFM3|Q96NN9,braak_num,0.02710189316988451,0.00752870539649575,3.59980790090407,4.346402707989252e-4,153,257,2,ok,0.00184428439230895,-0.02710189316988451,Non-client mitochondrial proteins
STG,AK2,AK2|P54819,braak_num,0.0245493694426457,0.00612807642905867,4.006048182792768,9.772894214153004e-5,153,257,2,ok,5.24417598018552e-4,-0.0245493694426457,Hsp60/10 clients
STG,AK3,AK3|Q9UIJ7,braak_num,0.03157244068599708,0.00785619249250632,4.018796728327705,9.308720610404728e-5,153,257,2,ok,5.033949245648869e-4,-0.03157244068599708,Hsp60/10 clients
STG,AK4,AK4|P27144,braak_num,-0.0010132180753897,0.0053576471431593,-0.18911623858681992,0.8502625727555264,153,257,2,ok,0.8985821067457774,0.0010132180753897,Hsp60/10 clients
STG,AKAP1,AKAP1|Q92667,braak_num,0.00914851693430311,0.00433876089101957,2.108555222123176,0.03667887831400809,153,257,2,ok,0.07541871599251264,-0.00914851693430311,Non-client mitochondrial proteins
STG,AKAP10,AKAP10|O43572,braak_num,0.00276056389136928,0.00543021500291759,0.5083710110715809,0.6119552459891742,153,257,2,ok,0.7125336004253404,-0.00276056389136928,Non-client mitochondrial proteins
STG,AKR7A2,AKR7A2|O43488,braak_num,0.03793977731563676,0.00907311047810475,4.181562365761233,4.9538215466112494e-5,153,257,2,ok,2.9765740083156726e-4,-0.03793977731563676,Hsp60/10 clients
STG,ALDH18A1,ALDH18A1|P54886,braak_num,0.00376706968022128,0.00581328707018401,0.6480102624799581,0.5179891737659317,153,257,2,ok,0.6268158400593709,-0.00376706968022128,Hsp60/10 clients
STG,ALDH1B1,ALDH1B1|P30837,braak_num,-0.01163149808556188,0.01033888402415529,-1.125024524734641,0.26241221207281945,153,257,2,ok,0.3703523955802268,0.01163149808556188,Hsp60/10 clients
STG,ALDH1L1,ALDH1L1|O75891,braak_num,0.08929764137285025,0.00986749641018828,9.049675587482314,7.942789219280999e-16,153,257,2,ok,2.7612539378743297e-13,-0.08929764137285025,Non-client mitochondrial proteins
STG,ALDH1L2,ALDH1L2|Q3SY69,braak_num,0.08855722782857464,0.00959464965823518,9.229855282163964,2.745812551363958e-16,153,257,2,ok,1.1136558072906989e-13,-0.08855722782857464,Non-client mitochondrial proteins
STG,ALDH2,ALDH2|P05091,braak_num,-1.1005235804966024e-4,0.00672648590534805,-0.01636104789309978,0.986968539858675,153,257,2,ok,0.9923377933500688,1.1005235804966024e-4,Hsp60/10 clients
STG,ALDH3A2,ALDH3A2|P51648,braak_num,0.03550403451906104,0.005597840496969,6.342451975593974,2.631410004971016e-9,153,257,2,ok,7.930075847798105e-8,-0.03550403451906104,Non-client mitochondrial proteins
STG,ALDH4A1,ALDH4A1|P30038,braak_num,0.02125206317783176,0.0083112903532522,2.5570112791831217,0.01157109781054902,153,257,2,ok,0.02888027335586774,-0.02125206317783176,Non-client mitochondrial proteins
STG,ALDH5A1,ALDH5A1|P51649,braak_num,-0.016403091483179,0.00659063305160563,-2.488849152234747,0.01393087460657722,153,257,2,ok,0.03381624274823508,0.016403091483179,Hsp60/10 clients
STG,ALDH6A1,ALDH6A1|Q02252,braak_num,0.00642288488443897,0.00634400942591898,1.0124330613693195,0.31299457272488157,153,257,2,ok,0.427725560986101,-0.00642288488443897,Non-client mitochondrial proteins
STG,ALDH7A1,ALDH7A1|P49419,braak_num,0.029268932766765,0.01027389011130674,2.848865663314191,0.00501727006215363,153,257,2,ok,0.01429686966774107,-0.029268932766765,Hsp60/10 clients
STG,ALDH9A1,ALDH9A1|P49189,braak_num,0.05584388776331817,0.00978938595843268,5.704534278292874,6.205429512833647e-8,153,257,2,ok,1.0982481977804131e-6,-0.05584388776331817,Hsp60/10 clients
STG,ALKBH7,ALKBH7|Q9BT30,braak_num,-0.01968279409036784,0.00863645097344854,-2.279037321103263,0.02446261401632097,124,205,2,ok,0.05416726988221664,0.01968279409036784,Non-client mitochondrial proteins
STG,ALYREF,ALYREF|Q86V81,braak_num,0.00851029951713559,0.00722777153792101,1.1774444546961265,0.24092098138659057,153,257,2,ok,0.3466043205464192,-0.00851029951713559,Hsp60/10 clients
STG,AMACR,AMACR|Q9UHK6,braak_num,-0.01590326788057379,0.00768177668297179,-2.0702590737669575,0.0401775976281369,153,257,2,ok,0.08136513248496008,0.01590326788057379,Non-client mitochondrial proteins
STG,AMT,AMT|P48728,braak_num,0.02716719156298163,0.0061264174999384,4.434433592430616,1.796595759762761e-5,153,257,2,ok,1.2645020336609337e-4,-0.02716719156298163,Non-client mitochondrial proteins
STG,ANGEL2,ANGEL2|Q5VTE6,braak_num,0.00150093500848739,0.00585994899164006,0.25613448353026025,0.7982050841272965,153,257,2,ok,0.8596734110306599,-0.00150093500848739,Non-client mitochondrial proteins
STG,APEX1,APEX1|P27695,braak_num,0.0328608908747367,0.00611218446299033,5.376292399830451,2.923599989918544e-7,153,257,2,ok,4.082973070569168e-6,-0.0328608908747367,Non-client mitochondrial proteins
STG,APOO,APOO|Q9BUR5,braak_num,-0.03876227107808724,0.00850576146352152,-4.557178242574299,1.0821520081478674e-5,153,257,2,ok,8.235862116740689e-5,0.03876227107808724,Non-client mitochondrial proteins
STG,APOOL,APOOL|Q6UXV4,braak_num,-0.02073028719332682,0.0055141614364468,-3.759463235208599,2.451003148903828e-4,153,257,2,ok,0.00114372313765243,0.02073028719332682,Non-client mitochondrial proteins
STG,ARF5,ARF5|P84085,braak_num,-0.01844959773774306,0.00497446777825721,-3.708858627727772,2.9446986823357e-4,153,257,2,ok,0.0013288686589641,0.01844959773774306,Non-client mitochondrial proteins
STG,ARG2,ARG2|P78540,braak_num,0.02610156731777949,0.0088128458940185,2.961763728955624,0.00356811420292685,153,257,2,ok,0.0107296952892462,-0.02610156731777949,Non-client mitochondrial proteins
STG,ARL2,ARL2|P36404,braak_num,0.00133624021363711,0.0057227753871742,0.23349513535545685,0.8157017861843936,153,257,2,ok,0.873139205239333,-0.00133624021363711,Hsp60/10 clients
STG,ARMC10,ARMC10|Q8N2F6,braak_num,0.00322736650062455,0.006215766620868,0.5192225991544501,0.6043863781292096,153,257,2,ok,0.7057458019085564,-0.00322736650062455,Non-client mitochondrial proteins
STG,ARMCX1,ARMCX1|Q9P291,braak_num,0.00699844205004785,0.00764828425677305,0.915034250178434,0.3616721905679747,153,257,2,ok,0.4779415018990858,-0.00699844205004785,Non-client mitochondrial proteins
STG,ARMCX2,ARMCX2|Q7L311,braak_num,-0.00762020007520757,0.0075439056512502,-1.0101133852256918,0.31410074188196,153,257,2,ok,0.42875566140499216,0.00762020007520757,Non-client mitochondrial proteins
STG,ARMCX3,ARMCX3|Q9UH62,braak_num,-0.01211748128158222,0.00495673169172856,-2.444651442764798,0.01568180273638743,153,257,2,ok,0.03721274203705393,0.01211748128158222,Non-client mitochondrial proteins
STG,ATAD1,ATAD1|Q8NBU5,braak_num,-0.02718061419697303,0.00641360748968786,-4.237960343016853,3.965055216679154e-5,153,257,2,ok,2.452086879234745e-4,0.02718061419697303,Non-client mitochondrial proteins
STG,ATAD3A,ATAD3A|Q9NVI7,braak_num,-0.01898889877830091,0.00626699374637874,-3.029985276317414,0.00289033009577533,153,257,2,ok,0.00897717713856959,0.01898889877830091,Hsp60/10 clients
STG,ATAD3B,ATAD3B|Q5T9A4,braak_num,-0.01957390765292089,0.00642983956421453,-3.044229557742009,0.00276472306544409,153,257,2,ok,0.00862834700834653,0.01957390765292089,Hsp60/10 clients
STG,ATPAF1,ATPAF1|Q5TC12,braak_num,-0.02631032969268429,0.00631257845504977,-4.167921219519616,5.2262680810573954e-5,153,257,2,ok,3.105768834005659e-4,0.02631032969268429,Non-client mitochondrial proteins
STG,ATPAF2,ATPAF2|Q8N5M1,braak_num,0.00926563958353216,0.00405208676650067,2.2866340523931696,0.02364538147848064,153,257,2,ok,0.05260894704263555,-0.00926563958353216,Non-client mitochondrial proteins
STG,AUH,AUH|Q13825,braak_num,-0.02852271304934984,0.00764814088346002,-3.7293655391512814,2.734249800862219e-4,153,257,2,ok,0.00124836714641617,0.02852271304934984,Non-client mitochondrial proteins
STG,BAD,BAD|Q92934,braak_num,-0.01424488118087014,0.00956319053274811,-1.489553212611428,0.1384841566983024,153,257,2,ok,0.22196686667236548,0.01424488118087014,Non-client mitochondrial proteins
STG,BAX,BAX|Q07812,braak_num,0.00974610292667319,0.00391461432949929,2.4896712948781845,0.0139000260677982,153,257,2,ok,0.03376662184775337,-0.00974610292667319,Non-client mitochondrial proteins
STG,BCAT2,BCAT2|O15382,braak_num,0.00253479423063215,0.00973497930377737,0.2603800328212924,0.7949350159521263,153,257,2,ok,0.857289767923554,-0.00253479423063215,Hsp60/10 clients
STG,BCKDHA,BCKDHA|P12694,braak_num,-0.00191666104965503,0.004128554619502,-0.4642450509438145,0.643158982912829,153,257,2,ok,0.7391081790273908,0.00191666104965503,Hsp60/10 clients
STG,BCKDHB,BCKDHB|P21953,braak_num,-0.00423053239861397,0.00422744524742335,-1.0007302640270754,0.31860168685175505,153,257,2,ok,0.43338021517816994,0.00423053239861397,Hsp60/10 clients
STG,BCKDK,BCKDK|O14874,braak_num,-0.01945289569364595,0.00640876483226043,-3.035358014031655,0.00284234738270155,153,257,2,ok,0.0088450797388800809,0.01945289569364595,Hsp60/10 clients
STG,BCL2L1,BCL2L1|Q07817,braak_num,0.00221234538307814,0.0034873615575283,0.6343894507589178,0.526812723013923,153,257,2,ok,0.6351244792937238,-0.00221234538307814,Non-client mitochondrial proteins
STG,BCL2L13,BCL2L13|Q9BXK5,braak_num,-0.00257838993815186,0.00642328956207658,-0.40141268943794856,0.6886992455136371,153,257,2,ok,0.7739319390244452,0.00257838993815186,Non-client mitochondrial proteins
STG,BCL2L2,BCL2L2|Q92843,braak_num,-0.02442677640242432,0.0044770600529562,-5.455985873206084,2.016941714004866e-7,153,257,2,ok,2.9928217445310008e-6,0.02442677640242432,Non-client mitochondrial proteins
STG,BCS1L,BCS1L|Q9Y276,braak_num,-0.00998649292643058,0.00452380550559654,-2.207542502451968,0.02882601610134442,153,257,2,ok,0.06203679874651483,0.00998649292643058,Hsp60/10 clients
STG,BDH1,BDH1|Q02338,braak_num,-0.02818210047017296,0.01173227401991834,-2.4021004301746713,0.01754955470721143,153,257,2,ok,0.04095597351234621,0.02818210047017296,Non-client mitochondrial proteins
STG,BID,BID|P55957,braak_num,0.00313110946167052,0.0040448377033204,0.7741001472321614,0.44011477406429544,153,257,2,ok,0.5542143869006276,-0.00313110946167052,Non-client mitochondrial proteins
STG,BLOC1S1,BLOC1S1|P78537,braak_num,0.01457778141499044,0.00294580201485289,4.948662992790577,2.0209477157487733e-6,153,257,2,ok,1.983054946078484e-5,-0.01457778141499044,Non-client mitochondrial proteins
STG,BNIP3,BNIP3|Q12983,braak_num,-0.02605652791441277,0.00700673371987287,-3.7187838094246217,2.840998318896537e-4,153,257,2,ok,0.00128864294669799,0.02605652791441277,Non-client mitochondrial proteins
STG,BNIP3L,BNIP3L|O60238,braak_num,-0.0159686720345407,0.00533897966996754,-2.990959513175626,0.0032619100580538,153,257,2,ok,0.00993785054932574,0.0159686720345407,Non-client mitochondrial proteins
STG,BOLA1,BOLA1|Q9Y3E2,braak_num,-0.00876649361371842,0.00589443828902406,-1.4872483490144215,0.13909107924222872,153,257,2,ok,0.2226097608260201,0.00876649361371842,Non-client mitochondrial proteins
STG,BOLA3,BOLA3|Q53S33,braak_num,-0.01598481361625071,0.00630885580336308,-2.533710408744743,0.01233407706371738,153,257,2,ok,0.03052629192428809,0.01598481361625071,Non-client mitochondrial proteins
STG,BPHL,BPHL|Q86WA6,braak_num,0.00584065168992018,0.01675336206042532,0.34862564713007266,0.7278691805117448,153,257,2,ok,0.8042999890000367,-0.00584065168992018,Non-client mitochondrial proteins
STG,C15ORF61,C15orf61|A6NNL5,braak_num,0.00194213752841094,0.00942135366724276,0.20614208923751465,0.8370609755424885,116,188,2,ok,0.8880229939527464,-0.00194213752841094,Non-client mitochondrial proteins
STG,C1QBP,C1QBP|Q07021,braak_num,-0.01134655576870227,0.00516749842475514,-2.195754083706358,0.02967722288674794,153,257,2,ok,0.06358751652643727,0.01134655576870227,Hsp60/10 clients
STG,C2ORF69,C2orf69|Q8N8R5,braak_num,-0.0049037205725874,0.00458726941936252,-1.0689846451767508,0.2868288184931525,153,257,2,ok,0.39845189252139335,0.0049037205725874,Non-client mitochondrial proteins
STG,C3ORF33,C3orf33|Q6P1S2,braak_num,-0.0167683720232254,0.00774440855272819,-2.1652230650096893,0.03198398689619732,153,257,2,ok,0.06753677203023203,0.0167683720232254,Non-client mitochondrial proteins
STG,C6ORF136,C6orf136|Q5SQH8,braak_num,-0.02362197038764423,0.00710445351152609,-3.324952489212649,0.00111668337852753,153,257,2,ok,0.00403931475532776,0.02362197038764423,Non-client mitochondrial proteins
STG,C8ORF82,C8orf82|Q6P1X6,braak_num,1.51504633351282e-5,0.00643311175393031,0.00235507541523307,0.9981241164034268,153,257,2,ok,0.9986370797688312,-1.51504633351282e-5,Non-client mitochondrial proteins
STG,CA5B,CA5B|Q9Y2D0,braak_num,0.00156314051166785,0.01140711869507617,0.13703201951800326,0.8912009609779403,147,243,2,ok,0.9294921412363948,-0.00156314051166785,Non-client mitochondrial proteins
STG,CARS2,CARS2|Q9HA77,braak_num,-8.899546616884715e-4,0.00842739228610228,-0.10560261483924352,0.9160416149794892,153,257,2,ok,0.9470790313553212,8.899546616884715e-4,Hsp60/10 clients
STG,CASP3,CASP3|P42574,braak_num,0.00942935293921016,0.0082117255714401,1.148279111031778,0.2527185182368832,153,257,2,ok,0.3596321491468713,-0.00942935293921016,Non-client mitochondrial proteins
STG,CASP9,CASP9|P55211,braak_num,0.00886096200654821,0.01069744894178167,0.8283247767548964,0.4091876127140658,122,202,2,ok,0.5254623512348646,-0.00886096200654821,Non-client mitochondrial proteins
STG,CAT,CAT|P04040,braak_num,0.0511624611395419,0.01236256300747918,4.138499525429259,5.86354353817932e-5,153,257,2,ok,3.421806522819994e-4,-0.0511624611395419,Non-client mitochondrial proteins
STG,CBR3,CBR3|O75828,braak_num,0.02768976957123457,0.0109511520847655,2.528480050035529,0.01251141098053805,153,257,2,ok,0.03091801840176629,-0.02768976957123457,Non-client mitochondrial proteins
STG,CBR4,CBR4|Q8N4T8,braak_num,0.00287247241448041,0.00636972728615431,0.45095689115674026,0.6526851172199547,153,257,2,ok,0.7464736142661309,-0.00287247241448041,Hsp60/10 clients
STG,CCDC127,CCDC127|Q96BQ5,braak_num,-0.00591678983367527,0.00561583762916521,-1.053589904905208,0.29379940970537155,153,257,2,ok,0.4064009455836417,0.00591678983367527,Non-client mitochondrial proteins
STG,CCDC51,CCDC51|Q96ER9,braak_num,-0.00430729409575931,0.00545660488706853,-0.789372546648385,0.4311656581834895,153,257,2,ok,0.5459823750173133,0.00430729409575931,Non-client mitochondrial proteins
STG,CCDC58,CCDC58|Q4VC31,braak_num,-0.00300011882790314,0.00549459891182922,-0.5460123434022159,0.5858851377346892,153,257,2,ok,0.6897684966992579,0.00300011882790314,Non-client mitochondrial proteins
STG,CCDC90B,CCDC90B|Q9GZT6,braak_num,-0.01179196250709032,0.00742061217192652,-1.5890821719131725,0.1141903183400862,153,257,2,ok,0.1903628290327794,0.01179196250709032,Hsp60/10 clients
STG,CCT3,CCT3|P49368,braak_num,-0.00845592173490569,0.00312587794908352,-2.705134964525691,0.0076343990250286,153,257,2,ok,0.02038772019468544,0.00845592173490569,Hsp60/10 clients
STG,CCT6A,CCT6A|P40227,braak_num,-0.01043764887506776,0.00390198606019435,-2.674958012163652,0.00832089242050468,153,257,2,ok,0.02194407120595845,0.01043764887506776,Hsp60/10 clients
STG,CDK5RAP1,CDK5RAP1|Q96SZ6,braak_num,0.00359050085783211,0.00853025200559415,0.4209138083467472,0.6745646957861257,127,217,2,ok,0.762422706909003,-0.00359050085783211,Hsp60/10 clients
STG,CHCHD1,CHCHD1|Q96BP2,braak_num,-0.00161498111012149,0.00808652993872149,-0.19971249996717716,0.8420491923885065,124,214,2,ok,0.8924040866335677,0.00161498111012149,Hsp60/10 clients
STG,CHCHD10,CHCHD10|Q8WYQ3,braak_num,-0.04098409428654511,0.01260592149089195,-3.2511779734751634,0.00145870093648372,138,230,2,ok,0.00506745000561475,0.04098409428654511,Non-client mitochondrial proteins
STG,CHCHD2,CHCHD2|Q9Y6H1,braak_num,-0.02735948401821851,0.01111504227529343,-2.461482677311385,0.01499319014306251,153,257,2,ok,0.03591134666647896,0.02735948401821851,Non-client mitochondrial proteins
STG,CHCHD3,CHCHD3|Q9NX63,braak_num,-0.02183294178324706,0.00778709137197091,-2.803735148380716,0.00573397317013953,153,257,2,ok,0.01604787085627897,0.02183294178324706,Non-client mitochondrial proteins
STG,CHCHD4,CHCHD4|Q8N4Q1,braak_num,-0.01235175358989509,0.00695886350341699,-1.7749670738375671,0.07797289665828151,153,257,2,ok,0.1404233443240911,0.01235175358989509,Non-client mitochondrial proteins
STG,CHCHD5,CHCHD5|Q9BSY4,braak_num,-0.00735518180750178,0.00631900490417206,-1.1639778602870825,0.2466858333283024,129,214,2,ok,0.35291591734534034,0.00735518180750178,Non-client mitochondrial proteins
STG,CHCHD6,CHCHD6|Q9BRQ6,braak_num,-0.03610321931148155,0.00780382641377782,-4.6263483318568595,8.099116753168655e-6,153,257,2,ok,6.409496136206804e-5,0.03610321931148155,Non-client mitochondrial proteins
STG,CHCHD7,CHCHD7|Q9BUK0,braak_num,-6.633330761316575e-4,0.00750759060753092,-0.0883549877461702,0.9297147903834356,153,257,2,ok,0.955528944870868,6.633330761316575e-4,Non-client mitochondrial proteins
STG,CHDH,CHDH|Q8NE62,braak_num,0.0456903593199796,0.01186699978287122,3.850203097326155,1.7559160025168617e-4,153,257,2,ok,8.58036464282085e-4,-0.0456903593199796,Non-client mitochondrial proteins
STG,CISD1,CISD1|Q9NZ45,braak_num,-0.02623964826892091,0.0079375530608578,-3.3057603606224237,0.00119029610376142,153,257,2,ok,0.00426281908536193,0.02623964826892091,Non-client mitochondrial proteins
STG,CISD3,CISD3|P0C7P0,braak_num,0.01382228543306953,0.01345742117681898,1.0271124943967005,0.30605463042731773,153,257,2,ok,0.42012914575934435,-0.01382228543306953,Non-client mitochondrial proteins
STG,CKMT1A,CKMT1A|P12532,braak_num,-0.01652651533148616,0.00935364100042766,-1.7668537129798496,0.0793280325393263,153,257,2,ok,0.14241591087012215,0.01652651533148616,Non-client mitochondrial proteins
STG,CKMT2,CKMT2|P17540,braak_num,-0.01279019623049355,0.00841264094751974,-1.5203544654148613,0.1305699395197766,153,257,2,ok,0.21165158889017577,0.01279019623049355,Non-client mitochondrial proteins
STG,CLPB,CLPB|Q9H078,braak_num,0.0037588891978548,0.00571428823815814,0.6578053190866674,0.5116920068367845,153,257,2,ok,0.6213585322541493,-0.0037588891978548,Non-client mitochondrial proteins
STG,CLPP,CLPP|Q16740,braak_num,0.018444973191306,0.00593452697265044,3.1080780787265,0.00226123081649199,153,257,2,ok,0.00732961064526575,-0.018444973191306,Hsp60/10 clients
STG,CLPX,CLPX|O76031,braak_num,-0.00882684661425939,0.00783544856600591,-1.126527286842857,0.2617780489679045,153,257,2,ok,0.3696181503704066,0.00882684661425939,Hsp60/10 clients
STG,CLYBL,CLYBL|Q8N0X4,braak_num,0.01250429380729205,0.01160276741609992,1.0776992556052778,0.2829333256347779,153,257,2,ok,0.3939455001757872,-0.01250429380729205,Non-client mitochondrial proteins
STG,CMC1,CMC1|Q7Z7K0,braak_num,3.270101194814254e-5,0.00583939219867402,0.00560007117788185,0.9955394056216034,153,257,2,ok,0.997009871026396,-3.270101194814254e-5,Non-client mitochondrial proteins
STG,CMC2,CMC2|Q9NRP2,braak_num,-0.04058556683860753,0.01223514778466062,-3.317129269945575,0.00114616106583695,153,257,2,ok,0.0041290643282224,0.04058556683860753,Non-client mitochondrial proteins
STG,CMC4,CMC4|P56277,braak_num,0.02425863348950065,0.00594965592194935,4.077317042823633,7.632206797076548e-5,145,243,2,ok,4.286895612391409e-4,-0.02425863348950065,Non-client mitochondrial proteins
STG,CMPK2,CMPK2|Q5EBM0,braak_num,0.01038234377844482,0.00472884891980871,2.195532983714944,0.02969339429662314,153,257,2,ok,0.06360816463101446,-0.01038234377844482,Non-client mitochondrial proteins
STG,CNP,CNP|P09543,braak_num,0.00348161127133972,0.02592079681242903,0.13431729342788906,0.893335402692342,153,257,2,ok,0.9312194056336748,-0.00348161127133972,Hsp60/10 clients
STG,COA1,COA1|Q9GZY4,braak_num,-0.02952536240450919,0.00917792370332963,-3.216998022526355,0.00159348781568032,153,257,2,ok,0.00546033053902197,0.02952536240450919,Non-client mitochondrial proteins
STG,COA3,COA3|Q9Y2R0,braak_num,-0.01595065132985357,0.00582523316427149,-2.738199635970859,0.00694143512283053,153,257,2,ok,0.018805435426004,0.01595065132985357,Non-client mitochondrial proteins
STG,COA4,COA4|Q9NYJ1,braak_num,-0.01388890344044117,0.00771817689397716,-1.799505716340773,0.07429444041338976,134,229,2,ok,0.13514895963071125,0.01388890344044117,Non-client mitochondrial proteins
STG,COA5,COA5|Q86WW8,braak_num,-0.00394564648957717,0.00660386512115466,-0.5974753295517481,0.5511093228855791,153,257,2,ok,0.6583821979587907,0.00394564648957717,Non-client mitochondrial proteins
STG,COA6,COA6|Q5JTJ3,braak_num,-0.04499527565744238,0.00898164766939118,-5.009690572786893,1.5432496828147692e-6,153,257,2,ok,1.5779403794662775e-5,0.04499527565744238,Non-client mitochondrial proteins
STG,COA7,COA7|Q96BR5,braak_num,-0.05139952653115485,0.00824710682028232,-6.23243128180984,4.598212183897908e-9,153,257,2,ok,1.216277103208213e-7,0.05139952653115485,Non-client mitochondrial proteins
STG,COASY,COASY|Q13057,braak_num,0.0188177116542297,0.00434575820112459,4.330133151301435,2.7434446401412067e-5,153,257,2,ok,1.799507420965937e-4,-0.0188177116542297,Non-client mitochondrial proteins
STG,COMT,COMT|P21964,braak_num,0.0312180915763489,0.00756599742154094,4.126103914266312,6.153725598709635e-5,153,257,2,ok,3.568439345687374e-4,-0.0312180915763489,Non-client mitochondrial proteins
STG,COMTD1,COMTD1|Q86VU5,braak_num,0.02107162793831036,0.00734689548752729,2.868099590375736,0.00473748092215276,153,257,2,ok,0.01363531617274837,-0.02107162793831036,Non-client mitochondrial proteins
STG,COQ10A,COQ10A|Q96MF6,braak_num,-0.00124223721535255,0.007325155639621,-0.1695850950433631,0.865569597134605,153,257,2,ok,0.9100728514266846,0.00124223721535255,Non-client mitochondrial proteins
STG,COQ10B,COQ10B|Q9H8M1,braak_num,0.00192720351070342,0.00821733549610532,0.23452900415430797,0.8149006674707493,153,257,2,ok,0.8728260450220372,-0.00192720351070342,Non-client mitochondrial proteins
STG,COQ3,COQ3|Q9NZJ6,braak_num,-0.01296544133380712,0.0099311596984331,-1.3055314512617044,0.1937515165954617,153,257,2,ok,0.2912256427640864,0.01296544133380712,Non-client mitochondrial proteins
STG,COQ5,COQ5|Q5HYK3,braak_num,-0.01347276817386744,0.00659807080592991,-2.041925370330824,0.04294678641224767,153,257,2,ok,0.08585829101187488,0.01347276817386744,Non-client mitochondrial proteins
STG,COQ6,COQ6|Q9Y2Z9,braak_num,-0.01675328574331856,0.00693235029289819,-2.416681938372525,0.01688842071870928,153,257,2,ok,0.03966028643568545,0.01675328574331856,Non-client mitochondrial proteins
STG,COQ7,COQ7|Q99807,braak_num,-0.02198662313450402,0.00800592340188793,-2.7462944660848483,0.00678072314535829,153,257,2,ok,0.01844189971973111,0.02198662313450402,Non-client mitochondrial proteins
STG,COQ9,COQ9|O75208,braak_num,-0.03086923423338497,0.00763321153913171,-4.044069010158258,8.44999164278119e-5,153,257,2,ok,4.670767668985355e-4,0.03086923423338497,Non-client mitochondrial proteins
STG,COX11,COX11|Q9Y6N1,braak_num,-0.00105447281877514,0.00796071015145532,-0.13245964225721463,0.8948018819980705,153,257,2,ok,0.9323675771578064,0.00105447281877514,Non-client mitochondrial proteins
STG,COX14,COX14|Q96I36,braak_num,0.00658112621951902,0.00986141885757032,0.6673609867475496,0.5062304165667499,97,153,2,ok,0.616186929456139,-0.00658112621951902,Non-client mitochondrial proteins
STG,COX15,COX15|Q7KZN9,braak_num,0.00828179430982263,0.00508839829369545,1.6275837369263726,0.10575470234666803,153,257,2,ok,0.1794345951965255,-0.00828179430982263,Non-client mitochondrial proteins
STG,COX17,COX17|Q14061,braak_num,-0.00826927125326979,0.00948954021046046,-0.8714090535339589,0.38495179323633055,153,257,2,ok,0.501555448448995,0.00826927125326979,Non-client mitochondrial proteins
STG,COX18,COX18|Q8N8Q8,braak_num,-0.00719017559629362,0.00533020262574024,-1.3489497681704137,0.17942738367164812,153,257,2,ok,0.27353894325134265,0.00719017559629362,Non-client mitochondrial proteins
STG,COX19,COX19|Q49B96,braak_num,-0.01115362097987378,0.00761202858870339,-1.4652626234780932,0.14498487464621534,153,257,2,ok,0.2301880231293851,0.01115362097987378,Non-client mitochondrial proteins
STG,COX20,COX20|Q5RI15,braak_num,-0.01214948951565936,0.0056472860238418,-2.1513855442006053,0.03307961186831337,153,257,2,ok,0.06921688347509938,0.01214948951565936,Non-client mitochondrial proteins
STG,COX4I1,COX4I1|P13073,braak_num,-0.03716070551897548,0.0094107603725213,-3.948746333769362,1.2145761916081376e-4,153,257,2,ok,6.326954097671612e-4,0.03716070551897548,Hsp60/10 clients
STG,COX5A,COX5A|P20674,braak_num,-0.0415056531674824,0.00945953031189557,-4.387707613272099,2.1736167782074743e-5,153,257,2,ok,1.4785454730308563e-4,0.0415056531674824,Non-client mitochondrial proteins
STG,COX5B,COX5B|P10606,braak_num,-0.03543909595577518,0.00945649290556228,-3.747593987505665,2.5592125198029095e-4,153,257,2,ok,0.00118625593656007,0.03543909595577518,Non-client mitochondrial proteins
STG,COX6A1,COX6A1|P12074,braak_num,-0.02689970930172006,0.00902792605780805,-2.979611167556595,0.00337793787578242,153,257,2,ok,0.01024325460525424,0.02689970930172006,Non-client mitochondrial proteins
STG,COX6B1,COX6B1|P14854,braak_num,-0.03765443643995494,0.00873192876061598,-4.312270229435387,2.94768058217561e-5,153,257,2,ok,1.909030125542075e-4,0.03765443643995494,Non-client mitochondrial proteins
STG,COX6C,COX6C|P09669,braak_num,-0.04203702249816615,0.01091580916833509,-3.851022113881252,1.7505929453290146e-4,153,257,2,ok,8.558649788966664e-4,0.04203702249816615,Non-client mitochondrial proteins
STG,COX7A1,COX7A1|P24310,braak_num,0.00393521731376392,0.0119272237652138,0.3299357328434751,0.7419182271687028,153,257,2,ok,0.816302930175218,-0.00393521731376392,Non-client mitochondrial proteins
STG,COX7A2,COX7A2|P14406,braak_num,-0.05035124950750334,0.0097494761789746,-5.164508183125691,7.713022875849886e-7,153,257,2,ok,9.034724990796963e-6,0.05035124950750334,Non-client mitochondrial proteins
STG,COX7A2L,COX7A2L|O14548,braak_num,-0.04373907237405668,0.01084665641882997,-4.032493580060758,8.833483344523481e-5,153,257,2,ok,4.836058879392102e-4,0.04373907237405668,Hsp60/10 clients
STG,COX7B,COX7B|P24311,braak_num,-0.03763883816497238,0.01068902146387252,-3.5212613513956037,5.723366314312476e-4,153,257,2,ok,0.00232906553944471,0.03763883816497238,Non-client mitochondrial proteins
STG,COX7C,COX7C|P15954,braak_num,-0.03647088582259419,0.00982106343719806,-3.713537343059796,2.895376018402301e-4,153,257,2,ok,0.00130983119144736,0.03647088582259419,Non-client mitochondrial proteins
STG,CPOX,CPOX|P36551,braak_num,-0.01138047353530174,0.00682693880500807,-1.666995099905292,0.09764455482131744,153,257,2,ok,0.1688827463807221,0.01138047353530174,Hsp60/10 clients
STG,CPS1,CPS1|P31327,braak_num,0.02532529930912198,0.00429620209172375,5.894810990830459,2.4655085164883465e-8,153,257,2,ok,5.001850720408583e-7,-0.02532529930912198,Non-client mitochondrial proteins
STG,CPT1A,CPT1A|P50416,braak_num,0.01544791069246764,0.00600408945781294,2.5728981556671724,0.01107542814011114,153,257,2,ok,0.02784303138322362,-0.01544791069246764,Non-client mitochondrial proteins
STG,CPT1C,CPT1C|Q8TCG5,braak_num,-0.01305583058002434,0.00609304798710503,-2.1427421230974932,0.03378032242381916,153,257,2,ok,0.07042571395876113,0.01305583058002434,Non-client mitochondrial proteins
STG,CPT2,CPT2|P23786,braak_num,0.01471395259513286,0.00893695221450621,1.6464172843231264,0.10181415095964176,153,257,2,ok,0.17414495614850692,-0.01471395259513286,Hsp60/10 clients
STG,CRAT,CRAT|P43155,braak_num,-0.01056788961116755,0.0059134459599212,-1.787094983668097,0.07598278616157875,153,257,2,ok,0.13762866402992324,0.01056788961116755,Non-client mitochondrial proteins
STG,CROT,CROT|Q9UKG9,braak_num,0.00136606533344208,0.00608082309216128,0.22465138563281983,0.8225780376981527,146,244,2,ok,0.8775728429366307,-0.00136606533344208,Non-client mitochondrial proteins
STG,CRYZ,CRYZ|Q08257,braak_num,0.00416790143292018,0.01204897182624715,0.34591345162256476,0.729902323355049,153,257,2,ok,0.8060673238319059,-0.00416790143292018,Hsp60/10 clients
STG,CS,CS|O75390,braak_num,-0.02842425408267268,0.00863744959765323,-3.290815623444617,0.00125072783839597,153,257,2,ok,0.00444490134317139,0.02842425408267268,Hsp60/10 clients
STG,CYB5B,CYB5B|O43169,braak_num,0.01233543857171414,0.00544932003584169,2.2636656482974984,0.02505847916759926,153,257,2,ok,0.05519783575863571,-0.01233543857171414,Non-client mitochondrial proteins
STG,CYB5R3,CYB5R3|P00387,braak_num,0.02063199863083741,0.00601917320612027,3.427713063624565,7.897564155762885e-4,153,257,2,ok,0.00303134422287838,-0.02063199863083741,Non-client mitochondrial proteins
STG,CYC1,CYC1|P08574,braak_num,-0.03140136912697361,0.00917991174708331,-3.4206613300994544,8.089529137745684e-4,153,257,2,ok,0.00309040332130362,0.03140136912697361,Hsp60/10 clients
STG,CYCS,CYCS|P99999,braak_num,-0.05083115747314947,0.01026199685007609,-4.953339804696253,1.9797598244133064e-6,153,257,2,ok,1.95843314337796e-5,0.05083115747314947,Non-client mitochondrial proteins
STG,CYP27A1,CYP27A1|Q02318,braak_num,0.0141774982348878,0.0076664460839628,1.8492921074010111,0.06642400955620172,153,257,2,ok,0.12320337443217748,-0.0141774982348878,Non-client mitochondrial proteins
STG,D2HGDH,D2HGDH|Q8N465,braak_num,-0.016831676161747,0.01109034580052316,-1.517687226754734,0.1312409393663649,153,257,2,ok,0.21256228016509085,0.016831676161747,Non-client mitochondrial proteins
STG,DAP3,DAP3|P51398,braak_num,-0.01981396815873276,0.00648179291803832,-3.056865347177638,0.00265753579345824,153,257,2,ok,0.00832854263152689,0.01981396815873276,Hsp60/10 clients
STG,DARS2,DARS2|Q6PI48,braak_num,0.00164199654785265,0.00635837087528094,0.2582417068869236,0.7965815771854114,153,257,2,ok,0.8583499355505796,-0.00164199654785265,Hsp60/10 clients
STG,DBI,DBI|P07108,braak_num,0.0959582537110742,0.01200830363126049,7.990991621936663,3.5919221528544163e-13,153,257,2,ok,5.5991066275026594e-11,-0.0959582537110742,Non-client mitochondrial proteins
STG,DBT,DBT|P11182,braak_num,-0.03740922244625655,0.00649222186792508,-5.7621601983563355,4.7007855388103955e-8,153,257,2,ok,8.547775767207667e-7,0.03740922244625655,Non-client mitochondrial proteins
STG,DCAKD,DCAKD|Q8WVC6,braak_num,0.0038611845498378,0.00440718688241086,0.8761109190190769,0.3823991314913821,153,257,2,ok,0.4994328654148816,-0.0038611845498378,Non-client mitochondrial proteins
STG,DCXR,DCXR|Q7Z4W1,braak_num,0.00995608804766097,0.00658668571790684,1.5115474571063758,0.1327957906422789,153,257,2,ok,0.2144128823726411,-0.00995608804766097,Hsp60/10 clients
STG,DDX28,DDX28|Q9NUL7,braak_num,-0.00562239316644691,0.00737265288920099,-0.7626010950118437,0.44707231982998485,137,228,2,ok,0.5612331649761507,0.00562239316644691,Non-client mitochondrial proteins
STG,DECR1,DECR1|Q16698,braak_num,0.00466984229187763,0.0070439564774627,0.6629572892477262,0.5083961160225721,153,257,2,ok,0.6181273786364873,-0.00466984229187763,Non-client mitochondrial proteins
STG,DGUOK,DGUOK|Q16854,braak_num,1.7508014188282503e-5,0.00622740884593408,0.00281144447416738,0.9977606065389504,153,257,2,ok,0.9983760016498912,-1.7508014188282503e-5,Non-client mitochondrial proteins
STG,DHODH,DHODH|Q02127,braak_num,0.00707321299475098,0.00478576703721227,1.4779685136682197,0.1415556242601819,153,257,2,ok,0.22596655010374048,-0.00707321299475098,Non-client mitochondrial proteins
STG,DHRS1,DHRS1|Q96LJ7,braak_num,0.02609977684830824,0.01132908114723701,2.3037858506886573,0.0226361789108024,153,257,2,ok,0.0506996239111253,-0.02609977684830824,Non-client mitochondrial proteins
STG,DHRS4,DHRS4|Q9BTZ2,braak_num,0.02447462219762153,0.01473804780983891,1.6606420682990743,0.09891687255191137,153,257,2,ok,0.170447307031387,-0.02447462219762153,Non-client mitochondrial proteins
STG,DHRS7B,DHRS7B|Q6IAN0,braak_num,-0.01796423591992215,0.00569777116324665,-3.1528531780637428,0.00196032048483444,153,257,2,ok,0.00649260278985317,0.01796423591992215,Non-client mitochondrial proteins
STG,DHTKD1,DHTKD1|Q96HY7,braak_num,0.02590868871024232,0.01085843073398024,2.3860435586851403,0.01830400643147483,153,257,2,ok,0.04236119795624728,-0.02590868871024232,Non-client mitochondrial proteins
STG,DHX30,DHX30|Q7L2E3,braak_num,-0.00126488487997736,0.00565980816824857,-0.22348546847812809,0.8234679668551461,153,257,2,ok,0.878041098627231,0.00126488487997736,Hsp60/10 clients
STG,DIABLO,DIABLO|Q9NR28,braak_num,-0.01753595502594442,0.00576313833430229,-3.0427787793275978,0.00277728182876883,153,257,2,ok,0.00865643974423179,0.01753595502594442,Non-client mitochondrial proteins
STG,DLAT,DLAT|P10515,braak_num,-0.04541117674250707,0.00883793211046919,-5.138212895832739,8.685482658098822e-7,153,257,2,ok,9.969868890794096e-6,0.04541117674250707,Hsp60/10 clients
STG,DLD,DLD|P09622,braak_num,-0.03888954815740172,0.00831437874185265,-4.677384728896309,6.527809604417859e-6,153,257,2,ok,5.357647444300458e-5,0.03888954815740172,Hsp60/10 clients
STG,DLST,DLST|P36957,braak_num,-0.01907121243110779,0.00840458135384392,-2.2691448423407055,0.02471483392006578,153,257,2,ok,0.05466352951100212,0.01907121243110779,Hsp60/10 clients
STG,DNAJA3,DNAJA3|Q96EY1,braak_num,-0.0082941327807371,0.00581402160195466,-1.4265741252059736,0.15582312354252256,153,257,2,ok,0.24409113044140887,0.0082941327807371,Hsp60/10 clients
STG,DNAJC11,DNAJC11|Q9NVH1,braak_num,-0.01438667525465737,0.00557669270129775,-2.579786268536805,0.01086650541254771,153,257,2,ok,0.02740983770037301,0.01438667525465737,Non-client mitochondrial proteins
STG,DNAJC19,DNAJC19|Q96DA6,braak_num,-0.02716773486212761,0.00600764445835537,-4.522194189495181,1.251562534233002e-5,153,257,2,ok,9.332044502260356e-5,0.02716773486212761,Non-client mitochondrial proteins
STG,DNAJC28,DNAJC28|Q9NX36,braak_num,0.00290608321222935,0.0098948144250844,0.29369759627448155,0.7700557589346504,63,109,2,ok,0.8383928719433019,-0.00290608321222935,Non-client mitochondrial proteins
STG,DNAJC30,DNAJC30|Q96LL9,braak_num,-0.03657624407294694,0.00685479189305172,-5.335864989573496,3.5249218352117745e-7,153,257,2,ok,4.819043419094299e-6,0.03657624407294694,Non-client mitochondrial proteins
STG,DNLZ,DNLZ|Q5SXM8,braak_num,-0.00628479502024766,0.00814867962927009,-0.7712654449774469,0.4419280408423076,138,230,2,ok,0.5561380154568872,0.00628479502024766,Non-client mitochondrial proteins
STG,DNM1L,DNM1L|O00429,braak_num,-0.03262624285804154,0.00697633147583843,-4.6767047940652,6.546661841410103e-6,153,257,2,ok,5.368593627993761e-5,0.03262624285804154,Non-client mitochondrial proteins
STG,DTYMK,DTYMK|P23919,braak_num,0.01673636804910101,0.00445933761970452,3.753106285370244,2.508407015156203e-4,153,257,2,ok,0.00116492528079821,-0.01673636804910101,Non-client mitochondrial proteins
STG,DUS2,DUS2|Q9NX74,braak_num,-0.00920700761272217,0.00503226806902007,-1.8295940292614477,0.06933673612790958,153,257,2,ok,0.12756072377037836,0.00920700761272217,Non-client mitochondrial proteins
STG,DUT,DUT|P33316,braak_num,0.00272143518912761,0.00533171986076337,0.5104235144000924,0.61052039959684,153,257,2,ok,0.7114565418475373,-0.00272143518912761,Non-client mitochondrial proteins
STG,EARS2,EARS2|Q5JPH6,braak_num,-0.02860684159191942,0.00891141192697012,-3.210135703113629,0.0016294394364173,153,257,2,ok,0.00555355863938585,0.02860684159191942,Hsp60/10 clients
STG,ECH1,ECH1|Q13011,braak_num,-0.00523481867115706,0.00629570671324086,-0.831490237648367,0.4070453510256118,153,257,2,ok,0.5234746263553052,0.00523481867115706,Hsp60/10 clients
STG,ECHDC1,ECHDC1|Q9NTX5,braak_num,0.01761936864955962,0.00660525571601234,2.6674771435187705,0.00849948532962058,153,257,2,ok,0.02232433626511784,-0.01761936864955962,Hsp60/10 clients
STG,ECHDC2,ECHDC2|Q86YB7,braak_num,0.02202698838578144,0.00754821336101107,2.9181724644348095,0.00418750655751062,129,218,2,ok,0.0122737695967505,-0.02202698838578144,Non-client mitochondrial proteins
STG,ECHS1,ECHS1|P30084,braak_num,-0.02495494212753775,0.01175834566392219,-2.122317445055754,0.03548725729050486,153,257,2,ok,0.07340266945724061,0.02495494212753775,Hsp60/10 clients
STG,ECI1,ECI1|P42126,braak_num,0.01906842284248231,0.00687768313501763,2.772506739281967,0.00628322446626794,153,257,2,ok,0.01734569113858541,-0.01906842284248231,Hsp60/10 clients
STG,ECI2,ECI2|O75521,braak_num,0.01192091565476446,0.00559522998926732,2.1305497142442693,0.03479052483515241,153,257,2,ok,0.07222242882179006,-0.01192091565476446,Hsp60/10 clients
STG,ECSIT,ECSIT|Q9BQ95,braak_num,-0.01556107954965271,0.00790876042288644,-1.967575032949781,0.05099904497284493,153,257,2,ok,0.0988893832202535,0.01556107954965271,Non-client mitochondrial proteins
STG,EEF1A1,EEF1A1|P68104,braak_num,0.03085270953468433,0.00521723278415252,5.913615667754032,2.248443600660374e-8,153,257,2,ok,4.642703982862774e-7,-0.03085270953468433,Hsp60/10 clients
STG,EEF1B2,EEF1B2|P24534,braak_num,-0.02167805218258602,0.00511628044469913,-4.237072697030549,3.9790374696687384e-5,153,257,2,ok,2.45761108691342e-4,0.02167805218258602,Hsp60/10 clients
STG,EFHD1,EFHD1|Q9BUP0,braak_num,-0.00672444044700272,0.00790144667417745,-0.8510391481826646,0.39613177459098625,153,257,2,ok,0.5128952771839134,0.00672444044700272,Non-client mitochondrial proteins
STG,EHHADH,EHHADH|Q08426,braak_num,0.02240381200270558,0.0077414260951395,2.894016131830274,0.00438303292544584,153,257,2,ok,0.01276614078285155,-0.02240381200270558,Non-client mitochondrial proteins
STG,ELAC2,ELAC2|Q9BQ52,braak_num,0.00100057117981768,0.00418486634591785,0.23909274445376044,0.8113666877789923,153,257,2,ok,0.8699460242849801,-0.00100057117981768,Non-client mitochondrial proteins
STG,ENDOG,ENDOG|Q14249,braak_num,0.00264059488873808,0.00958523099909502,0.2754857852656228,0.7833771095809521,137,229,2,ok,0.8483970610437236,-0.00264059488873808,Non-client mitochondrial proteins
STG,ENO1,ENO1|P06733,braak_num,0.03235445980565475,0.00561631169171367,5.760802031943962,4.731740858722389e-8,153,257,2,ok,8.577051307039801e-7,-0.03235445980565475,Hsp60/10 clients
STG,EPHX2,EPHX2|P34913,braak_num,0.00816827412216121,0.01479170942489096,0.552219752803955,0.5816364245976531,153,257,2,ok,0.6864880122128666,-0.00816827412216121,Non-client mitochondrial proteins
STG,ERAL1,ERAL1|O75616,braak_num,-0.00373936623334239,0.01012160475678366,-0.3694440084549056,0.7125201785660229,114,201,2,ok,0.7921050043583449,0.00373936623334239,Hsp60/10 clients
STG,ETFA,ETFA|P13804,braak_num,-0.00865659180112428,0.00550229749384259,-1.573268586587971,0.11780648338037744,153,257,2,ok,0.1950881778197676,0.00865659180112428,Hsp60/10 clients
STG,ETFB,ETFB|P38117,braak_num,-0.00803428885462161,0.0054135981476448,-1.4840940600877326,0.13992502555825564,153,257,2,ok,0.22376050579662568,0.00803428885462161,Hsp60/10 clients
STG,ETFDH,ETFDH|Q16134,braak_num,-0.01189462901804709,0.00523169677095552,-2.2735700364137608,0.02444031102759046,153,257,2,ok,0.05415478887834409,0.01189462901804709,Non-client mitochondrial proteins
STG,ETHE1,ETHE1|O95571,braak_num,0.01487455465273286,0.00722465336952371,2.0588606666555496,0.04127266595892209,153,257,2,ok,0.08316413108406828,-0.01487455465273286,Non-client mitochondrial proteins
STG,EXD2,EXD2|Q9NVH0,braak_num,0.01776988784110113,0.00303882352306732,5.847620865842382,3.1047604344369974e-8,153,257,2,ok,6.00829782680114e-7,-0.01776988784110113,Non-client mitochondrial proteins
STG,EXOG,EXOG|Q9Y2C4,braak_num,-0.0041052220419484,0.00784446998831243,-0.5233268848073643,0.6015347858644003,153,257,2,ok,0.7032684527319523,0.0041052220419484,Non-client mitochondrial proteins
STG,FABP1,FABP1|P07148,braak_num,-0.01219937864969135,0.02104767647887116,-0.5796069063460649,0.5632313142063526,130,217,2,ok,0.6693314140501326,0.01219937864969135,Non-client mitochondrial proteins
STG,FAHD1,FAHD1|Q6P587,braak_num,-0.03075159487633033,0.00729052885632072,-4.218019773650494,4.290808740862568e-5,153,257,2,ok,2.623538460022376e-4,0.03075159487633033,Hsp60/10 clients
STG,FAHD2A,FAHD2A|Q96GK7,braak_num,-0.00430021500166017,0.00635788979998199,-0.6763588449853846,0.49987564132963513,153,257,2,ok,0.6107430014688928,0.00430021500166017,Non-client mitochondrial proteins
STG,FAM136A,FAM136A|Q96C01,braak_num,0.00333383484875022,0.00623174687836334,0.5349759728408282,0.5934747912843295,153,257,2,ok,0.6966815748144795,-0.00333383484875022,Non-client mitochondrial proteins
STG,FAM162A,FAM162A|Q96A26,braak_num,-0.04066462244555872,0.00770103392639119,-5.28041076487176,4.549451651960502e-7,153,257,2,ok,5.873257610103915e-6,0.04066462244555872,Non-client mitochondrial proteins
STG,FAM185A,FAM185A|Q8N0U4,braak_num,-0.00198977695489952,0.0052907614683852,-0.3760851754117782,0.7073957902762145,153,257,2,ok,0.78856970024606865,0.00198977695489952,Non-client mitochondrial proteins
STG,FAM210A,FAM210A|Q96ND0,braak_num,-0.03297217843126727,0.00681885665105208,-4.835440913130206,3.314135181123347e-6,153,257,2,ok,3.0149338180424913e-5,0.03297217843126727,Non-client mitochondrial proteins
STG,FAM210B,FAM210B|Q96KR6,braak_num,-0.01240018918400436,0.00842096949759547,-1.4725370027222071,0.1430137762362987,153,257,2,ok,0.227578240621895,0.01240018918400436,Non-client mitochondrial proteins
STG,FARS2,FARS2|O95363,braak_num,0.00209950236864314,0.00458210883699965,0.45819565691894215,0.6474885027056849,153,257,2,ok,0.7425368856429237,-0.00209950236864314,Non-client mitochondrial proteins
STG,FASN,FASN|P49327,braak_num,0.01683072750324896,0.00400625851038792,4.201108705194172,4.587027716090891e-5,153,257,2,ok,2.776749240573926e-4,-0.01683072750324896,Non-client mitochondrial proteins
STG,FASTKD1,FASTKD1|Q53R41,braak_num,-0.00694785038214979,0.00825391881954124,-0.8417638377664538,0.4013978961776424,142,243,2,ok,0.5179639787820303,0.00694785038214979,Non-client mitochondrial proteins
STG,FASTKD2,FASTKD2|Q9NYY8,braak_num,-0.00232646170844902,0.00602169900897184,-0.3863463957568762,0.6997987776688992,153,257,2,ok,0.7827903127820116,0.00232646170844902,Non-client mitochondrial proteins
STG,FASTKD5,FASTKD5|Q7L8L6,braak_num,-0.01615880875697483,0.00660409230880165,-2.4467872345513793,0.0155928918809371,153,257,2,ok,0.03705595936744185,0.01615880875697483,Hsp60/10 clients
STG,FBXL4,FBXL4|Q9UKA2,braak_num,-0.00176167255123556,0.00608747071236238,-0.289393187166877,0.772745096712484,135,230,2,ok,0.8397558928216823,0.00176167255123556,Non-client mitochondrial proteins
STG,FDPS,FDPS|P14324,braak_num,0.00993500738978241,0.00545614899770018,1.82088271305826,0.0706582535244779,153,257,2,ok,0.1296000451869734,-0.00993500738978241,Non-client mitochondrial proteins
STG,FDX1,FDX1|P10109,braak_num,0.00329654830069044,0.00479685957545301,0.6872305200593914,0.4930202714265709,153,257,2,ok,0.6047201766716533,-0.00329654830069044,Non-client mitochondrial proteins
STG,FDXR,FDXR|P22570,braak_num,0.01281993226693139,0.00676952528388913,1.8937712364324395,0.0602201004642015,153,257,2,ok,0.11375557110780854,-0.01281993226693139,Hsp60/10 clients
STG,FECH,FECH|P22830,braak_num,-0.02495627061054576,0.00629354186232233,-3.9653777088465776,1.1405773729119554e-4,153,257,2,ok,5.975446796515056e-4,0.02495627061054576,Hsp60/10 clients
STG,FH,FH|P07954,braak_num,-0.00607788266125438,0.00766074570449284,-0.7933800305745492,0.4288351820295918,153,257,2,ok,0.5438094921672807,0.00607788266125438,Hsp60/10 clients
STG,FHIT,FHIT|P49789,braak_num,-7.597336543929895e-4,0.00535790711828563,-0.14179671980504222,0.8874347220624603,153,257,2,ok,0.9262394278719254,7.597336543929895e-4,Non-client mitochondrial proteins
STG,FIS1,FIS1|Q9Y3D6,braak_num,-0.02074530135332783,0.00480980296025985,-4.313129149932377,2.9375346164929172e-5,153,257,2,ok,1.9037258293569945e-4,0.02074530135332783,Non-client mitochondrial proteins
STG,FKBP10,FKBP10|Q96AY3,braak_num,0.00995825170009485,0.00791440551135985,1.2582438043895263,0.21029844073885787,153,257,2,ok,0.3118118845623827,-0.00995825170009485,Non-client mitochondrial proteins
STG,FKBP8,FKBP8|Q14318,braak_num,-0.01153719825278344,0.00568918610857102,-2.0279171805264253,0.04437504814364707,153,257,2,ok,0.08818838681712138,0.01153719825278344,Non-client mitochondrial proteins
STG,FLAD1,FLAD1|Q8NFF5,braak_num,-0.00688484918423197,0.00317414425129467,-2.169041051434186,0.03168727411429426,153,257,2,ok,0.06700932570683041,0.00688484918423197,Hsp60/10 clients
STG,FOXRED1,FOXRED1|Q96CU9,braak_num,-0.04578551867349632,0.00872037873578805,-5.250404834550885,5.219368245862245e-7,153,257,2,ok,6.598094870808194e-6,0.04578551867349632,Hsp60/10 clients
STG,FTH1,FTH1|P02794,braak_num,0.03701426503196205,0.01546258292369946,2.393795733520716,0.01793625172539611,153,257,2,ok,0.04170842673077061,-0.03701426503196205,Non-client mitochondrial proteins
STG,FUNDC1,FUNDC1|Q8IVP5,braak_num,-0.0220085494416089,0.00647564086325421,-3.3986673915929493,8.716725519620564e-4,153,257,2,ok,0.0032779470041301,0.0220085494416089,Non-client mitochondrial proteins
STG,FUNDC2,FUNDC2|Q9BWH2,braak_num,-0.01751581633705146,0.00665964173635959,-2.630143937236216,0.00944356264489789,153,257,2,ok,0.02436999967800532,0.01751581633705146,Non-client mitochondrial proteins
STG,FXN,FXN|Q16595,braak_num,-0.00905541816069024,0.00679736217644403,-1.332195920363255,0.18485744417284192,153,257,2,ok,0.2805429313343379,0.00905541816069024,Non-client mitochondrial proteins
STG,GADD45GIP1,GADD45GIP1|Q8TAE8,braak_num,-0.01097156192753264,0.00538657083128177,-2.036836100588671,0.04346107715693258,153,257,2,ok,0.08670836750268124,0.01097156192753264,Hsp60/10 clients
STG,GAPDH,GAPDH|P04406,braak_num,0.02124753862932505,0.00327146098783863,6.494816446936365,1.2045829817037067e-9,153,257,2,ok,4.157947072306341e-8,-0.02124753862932505,Hsp60/10 clients
STG,GATB,GATB|O75879,braak_num,-0.00467337103349584,0.00548835186832633,-0.8515071820497137,0.39587269196934727,153,257,2,ok,0.5126280143181624,0.00467337103349584,Non-client mitochondrial proteins
STG,GATC,GATC|O43716,braak_num,0.00589343506181784,0.00578873583537414,1.0180867169311645,0.3103094167524762,153,257,2,ok,0.4249510217597922,-0.00589343506181784,Non-client mitochondrial proteins
STG,GATM,GATM|P50440,braak_num,0.03059803039570492,0.00892727086216994,3.4274786626410796,7.903875887980801e-4,153,257,2,ok,0.00303141458280074,-0.03059803039570492,Non-client mitochondrial proteins
STG,GCAT,GCAT|O75600,braak_num,0.00819249333788635,0.01702804838509732,0.48111757452229775,0.6311482955778818,153,257,2,ok,0.7292969502795704,-0.00819249333788635,Hsp60/10 clients
STG,GCDH,GCDH|Q92947,braak_num,-0.01019722193742487,0.00655581068147345,-1.555447896969013,0.12198976910178363,153,257,2,ok,0.20078699906135705,0.01019722193742487,Non-client mitochondrial proteins
STG,GCSH,GCSH|P23434,braak_num,-0.00379444571261488,0.00541861269556405,-0.7002614738863333,0.4848708337766231,153,257,2,ok,0.597056634532783,0.00379444571261488,Non-client mitochondrial proteins
STG,GDAP1,GDAP1|Q8TB36,braak_num,-0.02592352368396822,0.00796639293262201,-3.2541105997687607,0.00141150985848853,153,257,2,ok,0.0049299020317644,0.02592352368396822,Non-client mitochondrial proteins
STG,GFER,GFER|P55789,braak_num,1.1226946017261378e-4,0.00872809393685787,0.01286299860941127,0.9897545358899597,153,257,2,ok,0.9935310562393384,-1.1226946017261378e-4,Non-client mitochondrial proteins
STG,GFM1,GFM1|Q96RP9,braak_num,-0.01561581116509485,0.00712105257910927,-2.192907718573277,0.0298859938668243,153,257,2,ok,0.06395037685198236,0.01561581116509485,Hsp60/10 clients
STG,GFM2,GFM2|Q969S9,braak_num,-0.04124460562823957,0.01058973274093065,-3.894773044538127,1.4875055810060808e-4,153,257,2,ok,7.463597590470717e-4,0.04124460562823957,Hsp60/10 clients
STG,GHITM,GHITM|Q9H3K2,braak_num,-0.02208106336113068,0.00688528188676363,-3.206994822329588,0.00164614478429221,153,257,2,ok,0.00559677727219715,0.02208106336113068,Non-client mitochondrial proteins
STG,GLDC,GLDC|P23378,braak_num,-0.00802694484794755,0.00520603772941549,-1.5418529916894737,0.12525927901264824,153,257,2,ok,0.2048855355249736,0.00802694484794755,Hsp60/10 clients
STG,GLOD4,GLOD4|Q9HC38,braak_num,0.02184122212431563,0.00487530279383584,4.479972434108271,1.4902026597735874e-5,153,257,2,ok,1.07848570187629e-4,-0.02184122212431563,Non-client mitochondrial proteins
STG,GLRX2,GLRX2|Q9NS18,braak_num,-0.01056116663203893,0.00669025938575401,-1.5785885154957495,0.1165799515428535,153,257,2,ok,0.193617001931093,0.01056116663203893,Non-client mitochondrial proteins
STG,GLRX5,GLRX5|Q86SX6,braak_num,-0.01745553555431664,0.00952146850831893,-1.833281866034182,0.06878349782456904,153,257,2,ok,0.1267345386758196,0.01745553555431664,Hsp60/10 clients
STG,GLS,GLS|O94925,braak_num,-0.03194472567776118,0.00887915231039222,-3.5977224582996348,4.378526441871868e-4,153,257,2,ok,0.00185440742340252,0.03194472567776118,Hsp60/10 clients
STG,GLS2,GLS2|Q9UI32,braak_num,-0.0379124418980661,0.00899627151678435,-4.214239402104839,4.355391786914011e-5,153,257,2,ok,2.651368583728642e-4,0.0379124418980661,Non-client mitochondrial proteins
STG,GLUD1,GLUD1|P00366,braak_num,0.02270245906339984,0.00667210513142684,3.4025931270877403,8.601536790774762e-4,153,257,2,ok,0.00325302197110496,-0.02270245906339984,Hsp60/10 clients
STG,GLUD1,GLUD1|P00367,braak_num,0.0227793285232931,0.00658905625222233,3.4571458569063154,7.141522964377652e-4,153,257,2,ok,0.00279403474820144,-0.0227793285232931,Hsp60/10 clients
STG,GLUD2,GLUD2|P49448,braak_num,0.02208213280776975,0.00659991927687605,3.3458186201061997,0.00104148680306097,153,257,2,ok,0.00381121524097574,-0.02208213280776975,Non-client mitochondrial proteins
STG,GNG12,GNG12|Q9UBI6,braak_num,0.09977790254497926,0.0158057166569219,6.312773075131828,3.060549574241077e-9,153,257,2,ok,8.814020578598417e-8,-0.09977790254497926,Hsp60/10 clients
STG,GOLPH3,GOLPH3|Q9H4A6,braak_num,0.01492963533363488,0.00568048472343457,2.6282326351558294,0.00949434566597029,153,257,2,ok,0.02446861549180693,-0.01492963533363488,Non-client mitochondrial proteins
STG,GOT2,GOT2|P00505,braak_num,-0.01935785696973454,0.01441825242626477,-1.342593845456029,0.18147311631645563,153,257,2,ok,0.27613870786687184,0.01935785696973454,Hsp60/10 clients
STG,GPD2,GPD2|P43304,braak_num,-0.01441888937728438,0.00740920084132649,-1.9460788938072455,0.05355264058808783,153,257,2,ok,0.10316275548870908,0.01441888937728438,Non-client mitochondrial proteins
STG,GPT2,GPT2|Q8TD30,braak_num,0.02110582874803577,0.00803424336656459,2.6269839965104915,0.00952765454838198,153,257,2,ok,0.02452199613272085,-0.02110582874803577,Hsp60/10 clients
STG,GPX1,GPX1|P07203,braak_num,0.02021960210629725,0.00548933564233774,3.683433374040562,3.2269283455688255e-4,153,257,2,ok,0.00143297995053681,-0.02021960210629725,Non-client mitochondrial proteins
STG,GPX4,GPX4|P36969,braak_num,-0.00811391352987536,0.00396078081476128,-2.048564136555079,0.04228373140017613,153,257,2,ok,0.0847764863953274,0.00811391352987536,Non-client mitochondrial proteins
STG,GRHPR,GRHPR|Q9UBQ7,braak_num,0.02676070286040337,0.00532378957386471,5.026626708120794,1.4314310293661126e-6,153,257,2,ok,1.4838089089038224e-5,-0.02676070286040337,Non-client mitochondrial proteins
STG,GRPEL1,GRPEL1|Q9HAV7,braak_num,-0.01620891787208614,0.00655669744491564,-2.4721161847501847,0.01457213936702222,153,257,2,ok,0.03511889195310579,0.01620891787208614,Hsp60/10 clients
STG,GRSF1,GRSF1|Q12849,braak_num,-0.01117946246408983,0.00431719770658589,-2.589518299575565,0.01057735526537212,153,257,2,ok,0.02677762708794077,0.01117946246408983,Hsp60/10 clients
STG,GSR,GSR|P00390,braak_num,0.01005655073239423,0.00375647113943607,2.6771271118840363,0.00826974692712823,153,257,2,ok,0.02182101290015349,-0.01005655073239423,Hsp60/10 clients
STG,GSTK1,GSTK1|Q9Y2Q3,braak_num,-0.00874299232540293,0.0049042092347198,-1.7827527144449944,0.07669045879932809,153,257,2,ok,0.1385752600617523,0.00874299232540293,Hsp60/10 clients
STG,GSTZ1,GSTZ1|O43708,braak_num,0.00560778294852807,0.00989614130702228,0.5666635888221201,0.5718069524842173,153,257,2,ok,0.67761978031183,-0.00560778294852807,Non-client mitochondrial proteins
STG,GTPBP10,GTPBP10|A4D1E9,braak_num,-0.02832471983265744,0.0091877752129184,-3.082870355037821,0.00244891124248335,153,257,2,ok,0.00781307834622515,0.02832471983265744,Non-client mitochondrial proteins
STG,GTPBP3,GTPBP3|Q969Y2,braak_num,-0.01055502322788364,0.00584541594211373,-1.805692414775686,0.07301253744200269,153,257,2,ok,0.1332403523547908,0.01055502322788364,Non-client mitochondrial proteins
STG,GTPBP6,GTPBP6|O43824,braak_num,-0.00249656271606083,0.00879719123392808,-0.2837908884408873,0.7770556611174902,127,217,2,ok,0.8436158605083259,0.00249656271606083,Non-client mitochondrial proteins
STG,GUF1,GUF1|Q8N442,braak_num,-0.02074400809396532,0.00610653092894773,-3.3970200651288427,8.765490305681534e-4,153,257,2,ok,0.00329052381934068,0.02074400809396532,Hsp60/10 clients
STG,GUK1,GUK1|Q16774,braak_num,-0.01212822788621118,0.00360393726392506,-3.365271645434328,9.756707655267748e-4,153,257,2,ok,0.00361384293441309,0.01212822788621118,Non-client mitochondrial proteins
STG,HADH,HADH|Q16836,braak_num,-0.00256870903359751,0.00443669687613089,-0.5789687926206959,0.5634963273542031,153,257,2,ok,0.6695646057697525,0.00256870903359751,Hsp60/10 clients
STG,HADHA,HADHA|P40939,braak_num,0.02881505518387198,0.00714022058872089,4.03559733566074,8.729057620857747e-5,153,257,2,ok,4.7842706577381366e-4,-0.02881505518387198,Hsp60/10 clients
STG,HADHB,HADHB|P55084,braak_num,0.02482036082097765,0.00679349536607631,3.653547913629183,3.591355231102743e-4,153,257,2,ok,0.00156412759819034,-0.02482036082097765,Hsp60/10 clients
STG,HAGH,HAGH|Q16775,braak_num,-0.01588590426424867,0.00500939720709474,-3.1712207292625294,0.00184798368229966,153,257,2,ok,0.00617517101390488,0.01588590426424867,Hsp60/10 clients
STG,HARS,HARS|P12081,braak_num,-0.01098508208373198,0.00280705070590489,-3.913389259632476,1.3873680806891287e-4,153,257,2,ok,7.041001510650666e-4,0.01098508208373198,Hsp60/10 clients
STG,HARS2,HARS2|P49590,braak_num,-0.0080859776296033,0.00286526821327442,-2.8220665668023623,0.00543229826367188,153,257,2,ok,0.01530034470445086,0.0080859776296033,Hsp60/10 clients
STG,HCCS,HCCS|P53701,braak_num,-0.01635215011563695,0.00685627298851493,-2.384991108584609,0.01835444421095855,153,257,2,ok,0.04244765026121894,0.01635215011563695,Non-client mitochondrial proteins
STG,HDHD3,HDHD3|Q9BSH5,braak_num,0.00294437165080325,0.00645001818387351,0.45649044186648063,0.6487111044750401,153,257,2,ok,0.743588541092798,-0.00294437165080325,Non-client mitochondrial proteins
STG,HEBP1,HEBP1|Q9NRV9,braak_num,0.02180754924130439,0.00858329182987016,2.540697633676317,0.01210068745717991,153,257,2,ok,0.02999442111234766,-0.02180754924130439,Non-client mitochondrial proteins
STG,HIBADH,HIBADH|P31937,braak_num,0.01014790802147267,0.0048611297291479,2.087561654778441,0.03856291516990851,153,257,2,ok,0.07887611184364139,-0.01014790802147267,Non-client mitochondrial proteins
STG,HIBCH,HIBCH|Q6NVY1,braak_num,0.00812517033429286,0.00802029622708917,1.0130760889915105,0.3126883955234699,153,257,2,ok,0.4273787141653684,-0.00812517033429286,Hsp60/10 clients
STG,HINT1,HINT1|P49773,braak_num,0.00648221981640144,0.00499066932953123,1.2988678248114496,0.19602299163916528,153,257,2,ok,0.29373272792728367,-0.00648221981640144,Non-client mitochondrial proteins
STG,HINT2,HINT2|Q9BX68,braak_num,-0.01301351567306697,0.00586486049584866,-2.2188960303963525,0.02802636628248341,153,257,2,ok,0.06059721221539171,0.01301351567306697,Hsp60/10 clients
STG,HINT3,HINT3|Q9NQE9,braak_num,0.00330668185513416,0.00510924898858415,0.6471952849670171,0.5185149353809198,153,257,2,ok,0.6271402063864155,-0.00330668185513416,Non-client mitochondrial proteins
STG,HMGCL,HMGCL|P35914,braak_num,0.01021960210018444,0.00468218322392846,2.1826574508995695,0.03064841729216989,153,257,2,ok,0.06532334003108863,-0.01021960210018444,Non-client mitochondrial proteins
STG,HOGA1,HOGA1|Q86XE5,braak_num,0.05469441499120742,0.01115201997100004,4.904440194102589,2.4538230150689115e-6,153,257,2,ok,2.3475154477342723e-5,-0.05469441499120742,Non-client mitochondrial proteins
STG,HSCB,HSCB|Q8IWL3,braak_num,-0.0050771267749157,0.0045378079685952,-1.118850072557709,0.2650290666268332,153,257,2,ok,0.3733419586896663,0.0050771267749157,Non-client mitochondrial proteins
STG,HSD17B10,HSD17B10|Q99714,braak_num,0.00293068098011797,0.00397943789812504,0.736456015936018,0.4626268782411619,153,257,2,ok,0.575494617374172,-0.00293068098011797,Hsp60/10 clients
STG,HSD17B4,HSD17B4|P51659,braak_num,0.02445554714944102,0.00562531617412255,4.347408464246126,2.5589005546957477e-5,153,257,2,ok,1.6887008813158244e-4,-0.02445554714944102,Non-client mitochondrial proteins
STG,HSD17B8,HSD17B8|Q92506,braak_num,0.01200138177817327,0.00716651730850302,1.6746463116657406,0.09612982439293676,153,257,2,ok,0.16665462793660257,-0.01200138177817327,Hsp60/10 clients
STG,HSDL1,HSDL1|Q3SXM5,braak_num,-0.00897981435923053,0.00721157450944028,-1.2451947001969594,0.21504146751950787,153,257,2,ok,0.31715358255074083,0.00897981435923053,Non-client mitochondrial proteins
STG,HSDL2,HSDL2|Q6YN16,braak_num,0.02178422591202597,0.00512968488961701,4.246698653190059,3.829899892595515e-5,153,257,2,ok,2.3841518209295144e-4,-0.02178422591202597,Non-client mitochondrial proteins
STG,HSP90AA1,HSP90AA1|P07900,braak_num,-0.00405923896943405,0.00588572175618832,-0.6896756485584993,0.4914854816892976,153,257,2,ok,0.6033698674187947,0.00405923896943405,Hsp60/10 clients
STG,HSP90AB1,HSP90AB1|P08238,braak_num,4.026826812453926e-4,0.00629618246540026,0.06395664094207484,0.9490916395185394,153,257,2,ok,0.9684933451172516,-4.026826812453926e-4,Hsp60/10 clients
STG,HSPA5,HSPA5|P11021,braak_num,-0.00196565486728458,0.00429809782592357,-0.45733134677133747,0.6481080743126288,153,257,2,ok,0.7429882203145979,0.00196565486728458,Hsp60/10 clients
STG,HSPA9,HSPA9|P38646,braak_num,-0.0150274982355794,0.00612252103336991,-2.454462492439666,0.01527706575738776,153,257,2,ok,0.03646565916684956,0.0150274982355794,Hsp60/10 clients
STG,HSPD1,HSPD1|P10809,braak_num,-0.02299471075647194,0.00573583835742418,-4.008953761172282,9.665199170989712e-5,153,257,2,ok,5.192948332434459e-4,0.02299471075647194,Non-client mitochondrial proteins
STG,HSPE1,HSPE1|P61604,braak_num,-0.01482806052137272,0.00494601611790185,-2.997980630856282,0.00319197314360061,153,257,2,ok,0.0097526373542144,0.01482806052137272,Non-client mitochondrial proteins
STG,HTATIP2,HTATIP2|Q9BUP3,braak_num,-0.0145292746275809,0.01348327046824183,-1.0775779260530896,0.28298731100089175,153,257,2,ok,0.3939643142566762,0.0145292746275809,Non-client mitochondrial proteins
STG,HTRA2,HTRA2|O43464,braak_num,-5.073760217856868e-4,0.00565221713460376,-0.08976584050167685,0.9285954837006888,153,257,2,ok,0.9547976156921948,5.073760217856868e-4,Non-client mitochondrial proteins
STG,IARS2,IARS2|Q9NSE4,braak_num,-0.01697262509346248,0.00533330666708129,-3.1823831166923933,0.00178266398454764,153,257,2,ok,0.00599307961840224,0.01697262509346248,Hsp60/10 clients
STG,IBA57,IBA57|Q5T440,braak_num,-0.0125022103697451,0.0047499406116581,-2.632077196725378,0.00939244532951975,153,257,2,ok,0.024276702824627,0.0125022103697451,Hsp60/10 clients
STG,IDE,IDE|P14735,braak_num,7.840674532184601e-4,0.00297320542938386,0.2637111601740016,0.7923718097483934,153,257,2,ok,0.8554906700367927,-7.840674532184601e-4,Non-client mitochondrial proteins
STG,IDH2,IDH2|P48735,braak_num,-0.03377701157559338,0.00601388920841909,-5.616500471659422,9.454493862548284e-8,153,257,2,ok,1.573163132616154e-6,0.03377701157559338,Hsp60/10 clients
STG,IDH3A,IDH3A|P50213,braak_num,-0.03175580169259971,0.00907889981490566,-3.497758796772192,6.209291287689797e-4,153,257,2,ok,0.00249654033020952,0.03175580169259971,Hsp60/10 clients
STG,IDH3B,IDH3B|O43837,braak_num,-0.02772730583431795,0.00880233338835564,-3.149994962812658,0.00197836048074467,153,257,2,ok,0.00653456427538809,0.02772730583431795,Non-client mitochondrial proteins
STG,IDH3G,IDH3G|P51553,braak_num,-0.02680219035702071,0.0087606189736013,-3.059394597320662,0.00263654689718213,153,257,2,ok,0.00827608755149013,0.02680219035702071,Hsp60/10 clients
STG,IDI1,IDI1|Q13907,braak_num,-0.02444853541338628,0.00585345585664523,-4.176769418296832,5.047960796847767e-5,153,257,2,ok,3.0219465188509326e-4,0.02444853541338628,Non-client mitochondrial proteins
STG,IGHG2,IGHG2|P01859,braak_num,0.08959994696837165,0.02294105356886283,3.9056596376193817,1.4281415658329752e-4,153,257,2,ok,7.199135164069488e-4,-0.08959994696837165,Hsp60/10 clients
STG,IMMT,IMMT|Q16891,braak_num,-0.02931248315626178,0.00646846507480961,-4.531597962925468,1.203666599329158e-5,153,257,2,ok,9.026572170932222e-5,0.02931248315626178,Hsp60/10 clients
STG,ISCA1,ISCA1|Q9BUE6,braak_num,-0.01694752842297714,0.00660446992488469,-2.5660694371733452,0.01128610060989377,153,257,2,ok,0.02829227487424826,0.01694752842297714,Non-client mitochondrial proteins
STG,ISCA2,ISCA2|Q86U28,braak_num,-0.01519252420001956,0.00573534046857177,-2.6489315295701785,0.00895725433795437,153,257,2,ok,0.02334114166796744,0.01519252420001956,Non-client mitochondrial proteins
STG,ISCU,ISCU|Q9H1K1,braak_num,-0.03648365796966942,0.00814891818695102,-4.477116732880105,1.5078363616557718e-5,153,257,2,ok,1.087205862544984e-4,0.03648365796966942,Non-client mitochondrial proteins
STG,ISOC2,ISOC2|Q96AB3,braak_num,0.0099773467984277,0.00706277019269442,1.4126676256220334,0.15986717658758345,153,257,2,ok,0.249222789382373,-0.0099773467984277,Non-client mitochondrial proteins
STG,IVD,IVD|P26440,braak_num,0.0022149499418606,0.00705522790969106,0.31394449197284524,0.7540082753703459,153,257,2,ok,0.8259640504675835,-0.0022149499418606,Non-client mitochondrial proteins
STG,KIAA0391,KIAA0391|O15091,braak_num,-0.02799307992027933,0.00860864822923617,-3.251739317818904,0.00146112962483304,136,230,2,ok,0.00507226667907447,0.02799307992027933,Hsp60/10 clients
STG,KPNB1,KPNB1|Q14974,braak_num,0.01065803495867147,0.00224737372113359,4.7424399682378935,4.947410553697795e-6,153,257,2,ok,4.231818482398448e-5,-0.01065803495867147,Hsp60/10 clients
STG,L2HGDH,L2HGDH|Q9H9P8,braak_num,-0.0191960897739558,0.00611015399843877,-3.1416703701511723,0.00203178305873299,153,257,2,ok,0.00668154604517128,0.0191960897739558,Non-client mitochondrial proteins
STG,LACTB,LACTB|P83111,braak_num,0.00354874029680652,0.00791045285863648,0.4486140503235639,0.654370681569167,153,257,2,ok,0.7478741592572821,-0.00354874029680652,Non-client mitochondrial proteins
STG,LACTB2,LACTB2|Q53H82,braak_num,0.0271708941055482,0.00581223228567618,4.6747777394425265,6.6003787155419075e-6,153,257,2,ok,5.3944656941297176e-5,-0.0271708941055482,Non-client mitochondrial proteins
STG,LAP3,LAP3|P28838,braak_num,0.02966458023445415,0.01367528270064739,2.169211480582395,0.03167408508410007,153,257,2,ok,0.06699821972891666,-0.02966458023445415,Hsp60/10 clients
STG,LARS2,LARS2|Q15031,braak_num,-0.0140801605108038,0.00570481513792519,-2.468118627928874,0.01472917763505843,153,257,2,ok,0.03540094199991574,0.0140801605108038,Non-client mitochondrial proteins
STG,LDHB,LDHB|P07195,braak_num,0.02001628322613261,0.00323083396975223,6.195392091803349,5.542218204823074e-9,153,257,2,ok,1.4150519586083425e-7,-0.02001628322613261,Non-client mitochondrial proteins
STG,LDHD,LDHD|Q86WU2,braak_num,-0.00369888381248835,0.00675069694477343,-0.5479262130633982,0.5845736229197003,153,257,2,ok,0.6885575563286982,0.00369888381248835,Non-client mitochondrial proteins
STG,LETM1,LETM1|O95202,braak_num,-0.02452763527577322,0.00712179214400763,-3.4440257142875343,7.469739874985941e-4,153,257,2,ok,0.00290377188271218,0.02452763527577322,Hsp60/10 clients
STG,LETMD1,LETMD1|Q6P1Q0,braak_num,-0.011390506427870071,0.00512869495492397,-2.2209366179858767,0.02788471027258868,153,257,2,ok,0.06035796526426023,0.011390506427870071,Non-client mitochondrial proteins
STG,LIAS,LIAS|O43766,braak_num,-0.01432907294815758,0.00555993701469375,-2.577200588835597,0.01094451297812666,153,257,2,ok,0.02757801950015141,0.01432907294815758,Non-client mitochondrial proteins
STG,LIG3,LIG3|P49916,braak_num,0.01004500749490428,0.00423318307689935,2.372920639723871,0.0189417587054524,153,257,2,ok,0.04359874183941208,-0.01004500749490428,Non-client mitochondrial proteins
STG,LIPT2,LIPT2|A6NK58,braak_num,-0.00970985179500603,0.00722731324835806,-1.343493973671608,0.18150770764538895,133,227,2,ok,0.2761481754017218,0.00970985179500603,Non-client mitochondrial proteins
STG,LONP1,LONP1|P36776,braak_num,-4.89925677984767e-4,0.00558926416898517,-0.08765477228708637,0.9302703619182656,153,257,2,ok,0.955699388170174,4.89925677984767e-4,Hsp60/10 clients
STG,LRPPRC,LRPPRC|P42704,braak_num,-0.045392622604774,0.00807362623710694,-5.62233391436259,9.19544563615117e-8,153,257,2,ok,1.5405932499534502e-6,0.045392622604774,Hsp60/10 clients
STG,LUC7L2,LUC7L2|Q9Y383,braak_num,0.03832737334279075,0.00491759254328678,7.793930262708138,1.0890138292257669e-12,153,257,2,ok,1.32114607970719e-10,-0.03832737334279075,Hsp60/10 clients
STG,LYPLA1,LYPLA1|O75608,braak_num,0.00576989280587498,0.00542554110550477,1.063468637261053,0.28931333410319593,153,257,2,ok,0.40122182563905245,-0.00576989280587498,Non-client mitochondrial proteins
STG,LYPLAL1,LYPLAL1|Q5VWZ2,braak_num,0.01223399776777466,0.00796267510571632,1.5364180511386178,0.12658550654700898,153,257,2,ok,0.20649963477938416,-0.01223399776777466,Non-client mitochondrial proteins
STG,LYRM1,LYRM1|O43325,braak_num,-0.02995917058943643,0.00770035344850668,-3.890622786314613,1.5107487166512472e-4,153,257,2,ok,7.556848924914307e-4,0.02995917058943643,Non-client mitochondrial proteins
STG,LYRM2,LYRM2|Q9NU23,braak_num,-0.01757709231061133,0.00668671149580944,-2.628660189934453,0.00948296428200121,153,257,2,ok,0.02444575591128173,0.01757709231061133,Non-client mitochondrial proteins
STG,LYRM4,LYRM4|Q9HD34,braak_num,-0.02847317629366607,0.012115450263743,-2.350154197642625,0.02009483648626806,153,257,2,ok,0.04586240055271589,0.02847317629366607,Non-client mitochondrial proteins
STG,LYRM7,LYRM7|Q5U5X0,braak_num,-0.01701165701564569,0.00862309229891845,-1.9728023806238704,0.05039388114637273,153,257,2,ok,0.09793053285661651,0.01701165701564569,Hsp60/10 clients
STG,LYRM9,LYRM9|A8MSI8,braak_num,-0.04015689459354109,0.01215845185719949,-3.3027966936236735,0.00120205920479531,153,257,2,ok,0.00429704160832815,0.04015689459354109,Non-client mitochondrial proteins
STG,MACROD1,MACROD1|Q9BQ69,braak_num,0.08868618754985287,0.00858333083947071,10.332374367072829,3.754953515935161e-19,153,257,2,ok,4.061190836012539e-16,-0.08868618754985287,Non-client mitochondrial proteins
STG,MALSU1,MALSU1|Q96EH3,braak_num,-0.00799830631683912,0.0116574320866874,-0.6861121949810078,0.493999765606395,123,204,2,ok,0.6054638275513282,0.00799830631683912,Non-client mitochondrial proteins
STG,MAOA,MAOA|P21397,braak_num,0.03947019069997358,0.00721342577611786,5.471767773732573,1.8732463573424095e-7,153,257,2,ok,2.8121772133783745e-6,-0.03947019069997358,Non-client mitochondrial proteins
STG,MAOB,MAOB|P27338,braak_num,0.06799149521925796,0.01239637485177728,5.484788579905674,1.762260070135728e-7,153,257,2,ok,2.671937620358439e-6,-0.06799149521925796,Non-client mitochondrial proteins
STG,MARS2,MARS2|Q96GW9,braak_num,-0.00935070662734257,0.0045167632438982,-2.070222883604683,0.04018103470877369,153,257,2,ok,0.08136513248496008,0.00935070662734257,Hsp60/10 clients
STG,MAVS,MAVS|Q7Z434,braak_num,0.02824297130426831,0.0067086832970234,4.209912743503563,4.430450609534251e-5,153,257,2,ok,2.693537099416428e-4,-0.02824297130426831,Non-client mitochondrial proteins
STG,MCAT,MCAT|Q8IVS2,braak_num,-0.0114537626614408,0.00547631035137914,-2.091510876215463,0.0382022821023305,153,257,2,ok,0.0782535803838563,0.0114537626614408,Non-client mitochondrial proteins
STG,MCCC1,MCCC1|Q96RQ3,braak_num,0.01235347180280637,0.00573481526403151,2.154118525889884,0.0328606838610155,153,257,2,ok,0.0689366156687769,-0.01235347180280637,Non-client mitochondrial proteins
STG,MCCC2,MCCC2|Q9HCC0,braak_num,-0.00243150241835951,0.00487311844854163,-0.4989623059721005,0.6185518021563736,153,257,2,ok,0.7184086913483047,0.00243150241835951,Hsp60/10 clients
STG,MCEE,MCEE|Q96PE7,braak_num,-0.01228375197758216,0.00709207254368559,-1.7320398095080076,0.08536411278050912,153,257,2,ok,0.15149211919881053,0.01228375197758216,Non-client mitochondrial proteins
STG,MCU,MCU|Q8NE86,braak_num,-0.03118752962311916,0.00824733624573572,-3.781527597985911,2.261269078901307e-4,153,257,2,ok,0.00106850452495268,0.03118752962311916,Non-client mitochondrial proteins
STG,MCUR1,MCUR1|Q96AQ8,braak_num,-0.00820907614006232,0.00716750337381583,-1.145318768882836,0.2539383460854774,153,257,2,ok,0.36101005707551287,0.00820907614006232,Non-client mitochondrial proteins
STG,MDH2,MDH2|P40926,braak_num,-0.03842788967461905,0.00890693902603222,-4.314376640763591,2.9228583753764652e-5,153,257,2,ok,1.8967402283943008e-4,0.03842788967461905,Hsp60/10 clients
STG,ME2,ME2|P23368,braak_num,-0.01343950023818326,0.00547504675648561,-2.454682276870628,0.01526810633372032,153,257,2,ok,0.03646215580285417,0.01343950023818326,Hsp60/10 clients
STG,ME3,ME3|Q16798,braak_num,-0.02379523091495533,0.00974706273450294,-2.441271956804409,0.01582340797285729,153,257,2,ok,0.03752132843064382,0.02379523091495533,Non-client mitochondrial proteins
STG,MECR,MECR|Q9BV79,braak_num,-0.02394224667486806,0.00836001426014798,-2.863900219524776,0.00479732123523237,153,257,2,ok,0.0137749630984519,0.02394224667486806,Non-client mitochondrial proteins
STG,METAP1D,METAP1D|Q6UB28,braak_num,0.02446975538398285,0.00620157495806188,3.945732422724779,1.4114762855259964e-4,115,188,2,ok,7.137303980940285e-4,-0.02446975538398285,Non-client mitochondrial proteins
STG,METTL17,METTL17|Q9H7H0,braak_num,-0.0206941149306957,0.00725272460609633,-2.8532883922410504,0.00499883321584389,143,242,2,ok,0.01424850439912868,0.0206941149306957,Hsp60/10 clients
STG,METTL5,METTL5|Q9NRN9,braak_num,0.01137959669193221,0.00686460926490867,1.6577195078099771,0.09980400691260524,135,228,2,ok,0.1715508040415503,-0.01137959669193221,Non-client mitochondrial proteins
STG,MFF,MFF|Q9GZY8,braak_num,-0.02251155157107427,0.00553912619478767,-4.064097978532729,7.823689617991373e-5,153,257,2,ok,4.386854535802305e-4,0.02251155157107427,Non-client mitochondrial proteins
STG,MFN1,MFN1|Q8IWA4,braak_num,-0.0138137340145519,0.00484509481458636,-2.851076097203518,0.00498436506306762,153,257,2,ok,0.01421975660137758,0.0138137340145519,Non-client mitochondrial proteins
STG,MFN2,MFN2|O95140,braak_num,-0.02159515275779478,0.00583950520320972,-3.698113454188696,3.0609998574272887e-4,153,257,2,ok,0.00137371012504367,0.02159515275779478,Non-client mitochondrial proteins
STG,MGARP,MGARP|Q8TDB4,braak_num,0.01570461302644843,0.009676576697255,1.6229513305984982,0.10698569926378028,138,231,2,ok,0.18108134178988652,-0.01570461302644843,Non-client mitochondrial proteins
STG,MGST1,MGST1|P10620,braak_num,0.05363319124267839,0.01360458381727169,3.9422882730589968,1.24452485710092e-4,153,257,2,ok,6.447155380000189e-4,-0.05363319124267839,Non-client mitochondrial proteins
STG,MGST3,MGST3|O14880,braak_num,-0.02814789783659176,0.00767858878008841,-3.665764457862746,3.437920299279589e-4,153,257,2,ok,0.00151014062243626,0.02814789783659176,Non-client mitochondrial proteins
STG,MICU1,MICU1|Q9BPX6,braak_num,-0.02081851745049455,0.00693802279143783,-3.000641259954715,0.00316583342771278,153,257,2,ok,0.00969673460835629,0.02081851745049455,Non-client mitochondrial proteins
STG,MICU2,MICU2|Q8IYU8,braak_num,0.01681093377648142,0.00681587203028737,2.4664391734145603,0.01496904951765159,134,229,2,ok,0.03587147152155717,-0.01681093377648142,Non-client mitochondrial proteins
STG,MICU3,MICU3|Q86XE3,braak_num,-0.02427899712221478,0.00818111683129896,-2.967687373602738,0.00350392942649904,153,257,2,ok,0.01057917153769904,0.02427899712221478,Non-client mitochondrial proteins
STG,MIEF1,MIEF1|Q9NQG6,braak_num,-0.00990862867482776,0.00398247030641311,-2.4880609050296103,0.01396050863405374,153,257,2,ok,0.03387128390924207,0.00990862867482776,Non-client mitochondrial proteins
STG,MIPEP,MIPEP|Q99797,braak_num,-0.00557137239466544,0.00460847392225023,-1.2089408530156205,0.22862649679299812,153,257,2,ok,0.33256105178951667,0.00557137239466544,Hsp60/10 clients
STG,MLYCD,MLYCD|O95822,braak_num,-0.01027607364428936,0.00621093453027613,-1.6545132772205366,0.10015691795579376,153,257,2,ok,0.17200554682104735,0.01027607364428936,Non-client mitochondrial proteins
STG,MMAA,MMAA|Q8IVH4,braak_num,-0.01666753300234986,0.00546352017426722,-3.050694876327664,0.00270939018885843,153,257,2,ok,0.00847740408175763,0.01666753300234986,Non-client mitochondrial proteins
STG,MMAB,MMAB|Q96EY8,braak_num,0.00397056147526725,0.0126825763999591,0.3130721511190787,0.7546695879883552,153,257,2,ok,0.8262235709682431,-0.00397056147526725,Hsp60/10 clients
STG,MOCS1,MOCS1|Q9NZB8,braak_num,0.00116363295076505,0.00723352108148122,0.16086673940083085,0.8724192237786967,153,257,2,ok,0.9160194471922734,-0.00116363295076505,Non-client mitochondrial proteins
STG,MOGS,MOGS|Q13724,braak_num,-0.00152364973059881,0.00327543579550044,-0.4651746594123113,0.6424947458839838,153,257,2,ok,0.7387247645209897,0.00152364973059881,Hsp60/10 clients
STG,MPC1,MPC1|Q9Y5U8,braak_num,-0.03001904009778996,0.00856589356443086,-3.504484368384103,6.066415640065688e-4,153,257,2,ok,0.00244515485881571,0.03001904009778996,Non-client mitochondrial proteins
STG,MPC2,MPC2|O95563,braak_num,-0.02825298335074687,0.00696555312804423,-4.056100474920883,8.068260554683186e-5,153,257,2,ok,4.505820323539078e-4,0.02825298335074687,Non-client mitochondrial proteins
STG,MPST,MPST|P25325,braak_num,0.04032477430806476,0.00722827032695298,5.578758469740755,1.1311538514133045e-7,153,257,2,ok,1.829011891969619e-6,-0.04032477430806476,Non-client mitochondrial proteins
STG,MPV17,MPV17|P39210,braak_num,-0.02303892431432382,0.00569212840211552,-4.0475060797576585,8.3392171463637e-5,153,257,2,ok,4.625295709555798e-4,0.02303892431432382,Non-client mitochondrial proteins
STG,MRM1,MRM1|Q6IN84,braak_num,0.00252877136836805,0.00906175554067398,0.2790597646358457,0.7808848601191489,90,159,2,ok,0.8464513617371711,-0.00252877136836805,Non-client mitochondrial proteins
STG,MRPL1,MRPL1|Q9BYD6,braak_num,-0.02895185188933828,0.00745376890572922,-3.8841896301728474,1.54746084460469e-4,153,257,2,ok,7.712741352474169e-4,0.02895185188933828,Non-client mitochondrial proteins
STG,MRPL10,MRPL10|Q7Z7H8,braak_num,-0.01875079699566846,0.00709363346970974,-2.6433275803909977,0.0090998907998384709,153,257,2,ok,0.02366506466621097,0.01875079699566846,Hsp60/10 clients
STG,MRPL11,MRPL11|Q9Y3B7,braak_num,-0.0241220565829066,0.00716361851912494,-3.3673005504839715,9.690350624000898e-4,153,257,2,ok,0.0035947360127296,0.0241220565829066,Non-client mitochondrial proteins
STG,MRPL12,MRPL12|P52815,braak_num,-0.02845923489470998,0.00879914388882178,-3.2343186171627343,0.00150599991215602,153,257,2,ok,0.00520760324864181,0.02845923489470998,Non-client mitochondrial proteins
STG,MRPL13,MRPL13|Q9BYD1,braak_num,-0.02030564226718636,0.00600266057728305,-3.382773689392444,9.198004546692446e-4,153,257,2,ok,0.00343039755775878,0.02030564226718636,Hsp60/10 clients
STG,MRPL14,MRPL14|Q6P1L8,braak_num,-0.02306567701237856,0.00751591826396884,-3.0689100389708783,0.00255894710420187,153,257,2,ok,0.00808989643140663,0.02306567701237856,Hsp60/10 clients
STG,MRPL15,MRPL15|Q9P015,braak_num,-0.0269048730074571,0.00717815460464406,-3.7481601455129434,2.553949803281114e-4,153,257,2,ok,0.0011849450612554,0.0269048730074571,Hsp60/10 clients
STG,MRPL16,MRPL16|Q9NX20,braak_num,-0.01786282021866373,0.00861682608255308,-2.0730162182142062,0.03991648354502102,153,257,2,ok,0.08098104435748948,0.01786282021866373,Hsp60/10 clients
STG,MRPL17,MRPL17|Q9NRX2,braak_num,-0.03619097786364527,0.00916053695692758,-3.950748524220094,1.2192713438362477e-4,149,245,2,ok,6.343338995671852e-4,0.03619097786364527,Non-client mitochondrial proteins
STG,MRPL18,MRPL18|Q9H0U6,braak_num,-0.03404750557415136,0.00769618353031155,-4.423946679552882,1.9508258797285916e-5,144,244,2,ok,1.349633199237961e-4,0.03404750557415136,Non-client mitochondrial proteins
STG,MRPL19,MRPL19|P49406,braak_num,-0.01774400235277808,0.0067495818313402,-2.628903952299338,0.00947648090194976,153,257,2,ok,0.02443551393366331,0.01774400235277808,Hsp60/10 clients
STG,MRPL2,MRPL2|Q5T653,braak_num,-0.03241721329829276,0.00682277252934928,-4.751325529151788,4.762654719051473e-6,153,257,2,ok,4.0989992073604815e-5,0.03241721329829276,Non-client mitochondrial proteins
STG,MRPL20,MRPL20|Q9BYC9,braak_num,-0.01556154357256196,0.00667229236883908,-2.3322634429566396,0.0210439516892648,153,257,2,ok,0.04766407164364416,0.01556154357256196,Non-client mitochondrial proteins
STG,MRPL21,MRPL21|Q7Z2W9,braak_num,-0.02773966522620984,0.00616412789459126,-4.500176780976612,1.3709966990269523e-5,153,257,2,ok,1.0034046517540116e-4,0.02773966522620984,Non-client mitochondrial proteins
STG,MRPL22,MRPL22|Q9NWU5,braak_num,-0.01103012468784734,0.00500650253367941,-2.203159713521807,0.02913997194581047,153,257,2,ok,0.06258792738758145,0.01103012468784734,Hsp60/10 clients
STG,MRPL23,MRPL23|Q16540,braak_num,-0.02518101346995029,0.00628862044998287,-4.00421899687377,9.841278869051156e-5,153,257,2,ok,5.269252393363254e-4,0.02518101346995029,Hsp60/10 clients
STG,MRPL24,MRPL24|Q96A35,braak_num,-0.02116786664124164,0.00724275592360925,-2.9226259816709605,0.00402006800085672,153,257,2,ok,0.01185798240010284,0.02116786664124164,Non-client mitochondrial proteins
STG,MRPL27,MRPL27|Q9P0M9,braak_num,-0.01487201615525038,0.00642576278609469,-2.314435912174242,0.02202874136023324,153,257,2,ok,0.04954430878015489,0.01487201615525038,Non-client mitochondrial proteins
STG,MRPL28,MRPL28|Q13084,braak_num,-0.01874270518059989,0.0069023228137901,-2.715419966037226,0.0074124136818162,153,257,2,ok,0.01987122962787081,0.01874270518059989,Non-client mitochondrial proteins
STG,MRPL3,MRPL3|P09001,braak_num,-0.02736893243981491,0.00797082181534639,-3.4336399776395616,7.739531520429292e-4,153,257,2,ok,0.00298362771563796,0.02736893243981491,Hsp60/10 clients
STG,MRPL30,MRPL30|Q8TCC3,braak_num,-0.0073839096965403,0.00678330280303466,-1.0885419552901203,0.27813733849461836,153,257,2,ok,0.3887692206930808,0.0073839096965403,Non-client mitochondrial proteins
STG,MRPL32,MRPL32|Q9BYC8,braak_num,-0.01836362685892603,0.00865763531833795,-2.1210903651750694,0.03570217099272623,144,244,2,ok,0.07375316902444762,0.01836362685892603,Non-client mitochondrial proteins
STG,MRPL33,MRPL33|O75394,braak_num,-0.02216934849070416,0.00911851364424342,-2.4312458538349415,0.01640995196391475,136,230,2,ok,0.03870474252889416,0.02216934849070416,Non-client mitochondrial proteins
STG,MRPL34,MRPL34|Q9BQ48,braak_num,-0.01220405288077504,0.01052412501699969,-1.1596263690389226,0.24890829675740384,108,177,2,ok,0.3554685094830647,0.01220405288077504,Non-client mitochondrial proteins
STG,MRPL37,MRPL37|Q9BZE1,braak_num,-0.01182690281911103,0.00520029053550952,-2.2742773193829313,0.02439668210037771,153,257,2,ok,0.05408273822935017,0.01182690281911103,Hsp60/10 clients
STG,MRPL38,MRPL38|Q96DV4,braak_num,-0.02745360624682504,0.00682244147540975,-4.0240149139830015,9.124859027399058e-5,153,257,2,ok,4.963844856066465e-4,0.02745360624682504,Hsp60/10 clients
STG,MRPL39,MRPL39|Q9NYK5,braak_num,-0.02315236308952169,0.00652727880425386,-3.5470161125081967,5.232053553410795e-4,153,257,2,ok,0.00215434895469122,0.02315236308952169,Hsp60/10 clients
STG,MRPL4,MRPL4|Q9BYD3,braak_num,-0.01234327794170017,0.00571765635600508,-2.1588002449179036,0.0324885620703541,153,257,2,ok,0.06830316699629088,0.01234327794170017,Hsp60/10 clients
STG,MRPL40,MRPL40|Q9NQ50,braak_num,-0.02143520496849935,0.00713510351478128,-3.004189767407518,0.00313127734231368,153,257,2,ok,0.00961509578866922,0.02143520496849935,Non-client mitochondrial proteins
STG,MRPL41,MRPL41|Q8IXM3,braak_num,-0.02985197928754509,0.00770481303083038,-3.874458623213051,1.604608851643227e-4,153,257,2,ok,7.940652039601002e-4,0.02985197928754509,Non-client mitochondrial proteins
STG,MRPL42,MRPL42|Q9Y6G3,braak_num,-0.02130733627340466,0.00681372266706294,-3.1271211516140553,0.00214466456305606,147,243,2,ok,0.00700307442361211,0.02130733627340466,Non-client mitochondrial proteins
STG,MRPL43,MRPL43|Q8N983,braak_num,-0.02142508179073895,0.00772054905416781,-2.77507229607886,0.00623635943275693,153,257,2,ok,0.01722119793431376,0.02142508179073895,Non-client mitochondrial proteins
STG,MRPL44,MRPL44|Q9H9J2,braak_num,-0.01200011722673955,0.00583193232362039,-2.057657147038019,0.04138976752153155,153,257,2,ok,0.0833618864172539,0.01200011722673955,Hsp60/10 clients
STG,MRPL45,MRPL45|Q9BRJ2,braak_num,-0.01339376483253306,0.00689259282954412,-1.9432113812269007,0.05390130107784891,153,257,2,ok,0.10369076377307931,0.01339376483253306,Hsp60/10 clients
STG,MRPL46,MRPL46|Q9H2W6,braak_num,-0.01743333870613605,0.00689853374040444,-2.52710784090678,0.01255831145273626,153,257,2,ok,0.03100243562793173,0.01743333870613605,Non-client mitochondrial proteins
STG,MRPL47,MRPL47|Q9HD33,braak_num,-0.02553201397969412,0.00695348476866197,-3.6718300002269415,3.3640611925906874e-4,153,257,2,ok,0.0014830512522046,0.02553201397969412,Hsp60/10 clients
STG,MRPL48,MRPL48|Q96GC5,braak_num,-0.03004135695999907,0.00770916773756803,-3.8968352982647687,1.476082997584743e-4,153,257,2,ok,7.410104125059252e-4,0.03004135695999907,Hsp60/10 clients
STG,MRPL49,MRPL49|Q13405,braak_num,-0.02182226371344526,0.00704800067716567,-3.096234622131308,0.00234768695629594,153,257,2,ok,0.0075445311431445,0.02182226371344526,Hsp60/10 clients
STG,MRPL50,MRPL50|Q8N5N7,braak_num,-0.02191627181932597,0.00644139422971063,-3.4024111920115323,8.606843457642795e-4,153,257,2,ok,0.00325355395016291,0.02191627181932597,Non-client mitochondrial proteins
STG,MRPL52,MRPL52|Q86TS9,braak_num,-0.00282822661886111,0.01407850139478637,-0.2008897495232322,0.8411809428574157,109,174,2,ok,0.8916536314683747,0.00282822661886111,Non-client mitochondrial proteins
STG,MRPL53,MRPL53|Q96EL3,braak_num,-0.02351192364584678,0.00821080274455648,-2.863535317717198,0.004802553516825,153,257,2,ok,0.01378185611225666,0.02351192364584678,Hsp60/10 clients
STG,MRPL54,MRPL54|Q6P161,braak_num,-0.02310681627432731,0.00700675146109331,-3.2977930504076705,0.00122216569052757,153,257,2,ok,0.00435931140769344,0.02310681627432731,Non-client mitochondrial proteins
STG,MRPL55,MRPL55|Q7Z7F7,braak_num,-0.05143552563168437,0.01084326426955127,-4.743546256279975,4.924035298610226e-6,153,257,2,ok,4.219239401115488e-5,0.05143552563168437,Non-client mitochondrial proteins
STG,MRPL57,MRPL57|Q9BQC6,braak_num,-0.00803407962912926,0.00765582948992201,-1.0494068134230483,0.2959682692819349,134,229,2,ok,0.40876207905652023,0.00803407962912926,Non-client mitochondrial proteins
STG,MRPL9,MRPL9|Q9BYD2,braak_num,-0.02380247112937493,0.00604526346758971,-3.937375311595005,1.2677778526388266e-4,153,257,2,ok,6.546710672459596e-4,0.02380247112937493,Hsp60/10 clients
STG,MRPS10,MRPS10|P82664,braak_num,-0.02167971858403361,0.0065611742395083,-3.3042436906321666,0.00119630243613049,153,257,2,ok,0.00428117937988758,0.02167971858403361,Non-client mitochondrial proteins
STG,MRPS11,MRPS11|P82912,braak_num,-0.02056533382797666,0.00675802022153843,-3.0431003687193847,0.00277449343577196,153,257,2,ok,0.00865051861108401,0.02056533382797666,Non-client mitochondrial proteins
STG,MRPS12,MRPS12|O15235,braak_num,-0.02315618447398153,0.00742368859070989,-3.1192289642859614,0.00218253274196729,153,257,2,ok,0.00710527548839788,0.02315618447398153,Hsp60/10 clients
STG,MRPS14,MRPS14|O60783,braak_num,-0.02549865099930197,0.00897372155108595,-2.841480076481341,0.00519275203644152,140,232,2,ok,0.01470650227603194,0.02549865099930197,Non-client mitochondrial proteins
STG,MRPS15,MRPS15|P82914,braak_num,-0.02399554793141817,0.00636643519606766,-3.7690712608273182,2.366598941573496e-4,153,257,2,ok,0.0011101915227603,0.02399554793141817,Hsp60/10 clients
STG,MRPS16,MRPS16|Q9Y3D3,braak_num,-0.02446163119633518,0.00733030578278857,-3.3370546770055145,0.00107247435814971,153,257,2,ok,0.00390114551652813,0.02446163119633518,Hsp60/10 clients
STG,MRPS17,MRPS17|Q9Y2R5,braak_num,-0.02475533889976675,0.0080847280540306,-3.061987828696981,0.00261518607327524,153,257,2,ok,0.00822229368128592,0.02475533889976675,Non-client mitochondrial proteins
STG,MRPS18A,MRPS18A|Q9NVS2,braak_num,-0.01605193838908759,0.00694583196426843,-2.3110173801589027,0.02222214120084532,153,257,2,ok,0.04989857495940678,0.01605193838908759,Non-client mitochondrial proteins
STG,MRPS18B,MRPS18B|Q9Y676,braak_num,-0.01740920161943155,0.00865336987788483,-2.011840689246826,0.04606390252156073,153,257,2,ok,0.09087677891059429,0.01740920161943155,Non-client mitochondrial proteins
STG,MRPS2,MRPS2|Q9Y399,braak_num,-0.01488981716287739,0.00643775672416489,-2.312889070036878,0.02211606834194131,153,257,2,ok,0.04969538029206993,0.01488981716287739,Hsp60/10 clients
STG,MRPS21,MRPS21|P82921,braak_num,-0.00808253613035991,0.00730521443380822,-1.1064064174426262,0.270434748711365,147,243,2,ok,0.38007678948259127,0.00808253613035991,Non-client mitochondrial proteins
STG,MRPS22,MRPS22|P82650,braak_num,-0.03096223340120804,0.00740217893307193,-4.18285395167536,4.928742219162083e-5,153,257,2,ok,2.966999181281615e-4,0.03096223340120804,Hsp60/10 clients
STG,MRPS23,MRPS23|Q9Y3D9,braak_num,-0.03394601659183464,0.00804840589388557,-4.2177316899019255,4.295697820096763e-5,153,257,2,ok,2.624563749819785e-4,0.03394601659183464,Hsp60/10 clients
STG,MRPS24,MRPS24|Q96EL2,braak_num,-0.01467651925359351,0.00703124876269382,-2.08732755004541,0.0386581738124202,147,243,2,ok,0.07900454837079536,0.01467651925359351,Non-client mitochondrial proteins
STG,MRPS25,MRPS25|P82663,braak_num,-0.02081639868742889,0.00744827497511118,-2.794794601030176,0.00588657430645591,153,257,2,ok,0.01641361051247259,0.02081639868742889,Hsp60/10 clients
STG,MRPS26,MRPS26|Q9BYN8,braak_num,-0.01900971931992224,0.00666022879022738,-2.8542141597020496,0.0049379897139323,153,257,2,ok,0.01410812793525596,0.01900971931992224,Hsp60/10 clients
STG,MRPS27,MRPS27|Q92552,braak_num,-0.02992484645870737,0.00709659921016728,-4.2167868823469865,4.311769673632667e-5,153,257,2,ok,2.6281005637533115e-4,0.02992484645870737,Hsp60/10 clients
STG,MRPS28,MRPS28|Q9Y2Q9,braak_num,-0.01643240486935528,0.00618998006488751,-2.654678156811465,0.00881308409987515,153,257,2,ok,0.02301141647751737,0.01643240486935528,Non-client mitochondrial proteins
STG,MRPS30,MRPS30|Q9NP92,braak_num,-0.02256133420374463,0.00597150129609978,-3.778167848423696,2.289232541173935e-4,153,257,2,ok,0.00107805464711113,0.02256133420374463,Hsp60/10 clients
STG,MRPS31,MRPS31|Q92665,braak_num,-0.01817966326883774,0.00656942957642354,-2.767312299698158,0.00637909324766161,153,257,2,ok,0.01755558203922481,0.01817966326883774,Hsp60/10 clients
STG,MRPS33,MRPS33|Q9Y291,braak_num,-0.03663799033009566,0.00991568854067499,-3.694951710090886,3.1695785007566853e-4,143,242,2,ok,0.00141137589782093,0.03663799033009566,Hsp60/10 clients
STG,MRPS34,MRPS34|P82930,braak_num,-0.03141905071775775,0.00842080942223047,-3.73112003162228,2.7169217047872166e-4,153,257,2,ok,0.00124312018030868,0.03141905071775775,Hsp60/10 clients
STG,MRPS35,MRPS35|P82673,braak_num,-0.02106977901215637,0.00757815181415914,-2.7803321349130594,0.00614127053811669,153,257,2,ok,0.01699728524742,0.02106977901215637,Hsp60/10 clients
STG,MRPS36,MRPS36|P82909,braak_num,-0.02390567561034117,0.00720641234778812,-3.3172783427635215,0.00114559263583863,153,257,2,ok,0.00412854450842402,0.02390567561034117,Hsp60/10 clients
STG,MRPS5,MRPS5|P82675,braak_num,-0.01300272334867831,0.0057865654290987,-2.247053715713983,0.02612601767527616,153,257,2,ok,0.05714846203396363,0.01300272334867831,Hsp60/10 clients
STG,MRPS6,MRPS6|P82932,braak_num,-0.00868097161138297,0.00637052089460273,-1.362678461464229,0.17506781857126189,153,257,2,ok,0.268026131798154,0.00868097161138297,Hsp60/10 clients
STG,MRPS7,MRPS7|Q9Y2R9,braak_num,-0.02454088035307289,0.00692889416130374,-3.5418177535641946,5.327904189413338e-4,153,257,2,ok,0.00218549597049091,0.02454088035307289,Non-client mitochondrial proteins
STG,MRPS9,MRPS9|P82933,braak_num,-0.02211049569372549,0.0069103221915607,-3.1996331112792613,0.00168592523016675,153,257,2,ok,0.00571008914072484,0.02211049569372549,Hsp60/10 clients
STG,MRRF,MRRF|Q96E11,braak_num,0.00581725125890564,0.00608868467461051,0.9554200241578068,0.34093388042003414,153,257,2,ok,0.4571143790645471,-0.00581725125890564,Non-client mitochondrial proteins
STG,MRS2,MRS2|Q9HD23,braak_num,-0.00539777831937428,0.00719337190742852,-0.7503822114077059,0.45422393585299703,153,257,2,ok,0.5676487086395009,0.00539777831937428,Non-client mitochondrial proteins
STG,MSRA,MSRA|Q9UJ68,braak_num,0.02576014839395546,0.00509036027888222,5.060574690719547,1.2304971632323614e-6,153,257,2,ok,1.3133398450552418e-5,-0.02576014839395546,Non-client mitochondrial proteins
STG,MSRB2,MSRB2|Q9Y3D2,braak_num,0.01124322020803974,0.00501370118388842,2.242499063201042,0.02642556549620952,153,257,2,ok,0.05767409294621155,-0.01124322020803974,Non-client mitochondrial proteins
STG,MT-ATP6,MT-ATP6|P00846,braak_num,-0.02523083202835459,0.00852019674555617,-2.9612968786799527,0.00357321834424358,153,257,2,ok,0.01073178258650635,0.02523083202835459,Hsp60/10 clients
STG,MT-ATP8,MT-ATP8|P03928,braak_num,0.00998955474588574,0.00682442839754239,1.4637936196214132,0.14538546219756307,153,257,2,ok,0.23067352714443015,-0.00998955474588574,Non-client mitochondrial proteins
STG,MT-CO1,MT-CO1|P00395,braak_num,-0.01766180605465128,0.01071721637280186,-1.6479844616623942,0.101491643037242,153,257,2,ok,0.173776544120407,0.01766180605465128,Non-client mitochondrial proteins
STG,MT-CO2,MT-CO2|P00403,braak_num,-0.04849579134926624,0.01085716205541731,-4.46670972596091,1.5738151054047777e-5,153,257,2,ok,1.1252714154836796e-4,0.04849579134926624,Hsp60/10 clients
STG,MT-CO3,MT-CO3|P00414,braak_num,-0.01956022270546077,0.00780476846564342,-2.5061887218775065,0.01329303139065924,153,257,2,ok,0.03251931831029833,0.01956022270546077,Non-client mitochondrial proteins
STG,MT-CYB,MT-CYB|P00156,braak_num,-0.03624365814161918,0.00991143200127222,-3.656752943163709,3.5504870087128354e-4,153,257,2,ok,0.0015504908274029,0.03624365814161918,Non-client mitochondrial proteins
STG,MT-ND1,MT-ND1|P03886,braak_num,-0.04205235083437991,0.00868302596889507,-4.843052523972944,3.206494585849225e-6,153,257,2,ok,2.9334603664150708e-5,0.04205235083437991,Non-client mitochondrial proteins
STG,MT-ND2,MT-ND2|P03891,braak_num,-0.06939226659818284,0.02292865406452564,-3.0264430874529165,0.00292237196016765,153,257,2,ok,0.00905358646093952,0.06939226659818284,Non-client mitochondrial proteins
STG,MT-ND3,MT-ND3|P03897,braak_num,-0.01347590210551762,0.00677818089690183,-1.988129604460273,0.04865440409055233,153,257,2,ok,0.09506261931301412,0.01347590210551762,Non-client mitochondrial proteins
STG,MT-ND4,MT-ND4|P03905,braak_num,-0.03499843054106769,0.00865902030894592,-4.041846455182654,8.522369470756272e-5,153,257,2,ok,4.6990864145718224e-4,0.03499843054106769,Non-client mitochondrial proteins
STG,MT-ND5,MT-ND5|P03915,braak_num,-0.0355966129250181,0.00828282311998228,-4.297642531945587,3.125723041562141e-5,153,257,2,ok,2.006978105974003e-4,0.0355966129250181,Non-client mitochondrial proteins
STG,MT-ND6,MT-ND6|P03923,braak_num,-0.04078985475369377,0.01014638291203872,-4.020137531503611,9.261143159210548e-5,153,257,2,ok,5.013791296538124e-4,0.04078985475369377,Non-client mitochondrial proteins
STG,MTCH1,MTCH1|Q9NZJ7,braak_num,-0.00509350434395234,0.00592735078080353,-0.8593222389416019,0.3915619187886547,153,257,2,ok,0.5081951623318354,0.00509350434395234,Non-client mitochondrial proteins
STG,MTCH2,MTCH2|Q9Y6C9,braak_num,-0.0137823811716339,0.00468534203980261,-2.9415955237740845,0.00379483111314562,153,257,2,ok,0.01130320870727033,0.0137823811716339,Non-client mitochondrial proteins
STG,MTERF4,MTERF4|Q7Z6M4,braak_num,0.01960630557155987,0.01403878093230247,1.3965817734534791,0.1655127703348769,110,189,2,ok,0.25613693266131826,-0.01960630557155987,Non-client mitochondrial proteins
STG,MTFMT,MTFMT|Q96DP5,braak_num,-0.01150585035008049,0.00754708481044022,-1.5245423417216584,0.1295218199716224,153,257,2,ok,0.2102677444302489,0.01150585035008049,Non-client mitochondrial proteins
STG,MTFP1,MTFP1|Q9UDX5,braak_num,-0.02744343753027691,0.01132613330234903,-2.423019118500501,0.01660804052700864,153,257,2,ok,0.03909526858398388,0.02744343753027691,Non-client mitochondrial proteins
STG,MTFR1L,MTFR1L|Q9H019,braak_num,-0.00500409977836211,0.00635167078429101,-0.7878399161899707,0.4320588880019364,153,257,2,ok,0.5468289189716355,0.00500409977836211,Non-client mitochondrial proteins
STG,MTG1,MTG1|Q9BT17,braak_num,-0.00108167168955719,0.00758208488647757,-0.1426615114117654,0.886802904685304,123,215,2,ok,0.9256986031320912,0.00108167168955719,Hsp60/10 clients
STG,MTG2,MTG2|Q9H4K7,braak_num,-2.328971383977611e-4,0.00959784197642469,-0.02426557334136459,0.9807043736536588,82,136,2,ok,0.9890360933635222,2.328971383977611e-4,Non-client mitochondrial proteins
STG,MTHFD1L,MTHFD1L|Q6UB35,braak_num,0.00856065360569225,0.00443266832893088,1.9312641890707385,0.05537462802494307,153,257,2,ok,0.10614742599346118,-0.00856065360569225,Hsp60/10 clients
STG,MTHFD2L,MTHFD2L|Q9H903,braak_num,0.00927279487661707,0.00470987766458318,1.968797394961149,0.05085698556819251,153,257,2,ok,0.09867289167247076,-0.00927279487661707,Non-client mitochondrial proteins
STG,MTHFS,MTHFS|P49914,braak_num,0.02024141141798965,0.0070061819429649,2.88907875684196,0.00453349435658695,135,228,2,ok,0.01314146339101173,-0.02024141141798965,Non-client mitochondrial proteins
STG,MTIF2,MTIF2|P46199,braak_num,-0.00751016865060151,0.00545420656837954,-1.3769498013040622,0.17062108899704914,153,257,2,ok,0.26258487102858485,0.00751016865060151,Non-client mitochondrial proteins
STG,MTIF3,MTIF3|Q9H2K0,braak_num,0.00273320963443292,0.0050394803871479,0.5423594149514648,0.5883921966065933,153,257,2,ok,0.692313401865344,-0.00273320963443292,Non-client mitochondrial proteins
STG,MTO1,MTO1|Q9Y2Z2,braak_num,-0.0150816767961863,0.00839950510094962,-1.7955435010666536,0.07473961675071311,145,243,2,ok,0.13578115517944034,0.0150816767961863,Hsp60/10 clients
STG,MTPAP,MTPAP|Q9NVV4,braak_num,-0.00921707340878536,0.00463486042043361,-1.9886409886585257,0.04859725645938231,153,257,2,ok,0.09497002497001154,0.00921707340878536,Hsp60/10 clients
STG,MTRF1,MTRF1|O75570,braak_num,-0.00511007237118954,0.0094648601314898,-0.5398994068795819,0.5901429133604741,143,242,2,ok,0.6936067518293715,0.00511007237118954,Non-client mitochondrial proteins
STG,MTRF1L,MTRF1L|Q9UGC7,braak_num,-0.0105000546684177,0.00747406030654959,-1.4048661955826605,0.16227599793936115,146,245,2,ok,0.25225080867801686,0.0105000546684177,Non-client mitochondrial proteins
STG,MTUS1,MTUS1|Q9ULD2,braak_num,0.00778437747112599,0.00823366148507925,0.945433266261014,0.34688763770008046,99,165,2,ok,0.462802119705672,-0.00778437747112599,Hsp60/10 clients
STG,MTX1,MTX1|Q13505,braak_num,-0.01663092542048823,0.00568592278484694,-2.924929875025713,0.00399207298479264,153,257,2,ok,0.01178612024081637,0.01663092542048823,Non-client mitochondrial proteins
STG,MTX2,MTX2|O75431,braak_num,-0.01725046161161847,0.00578591665316522,-2.9814569835155655,0.00335881096123091,153,257,2,ok,0.01020114380549818,0.01725046161161847,Non-client mitochondrial proteins
STG,MTX3,MTX3|Q5HYI7,braak_num,-0.02771494870726393,0.00674055914517414,-4.111669093076093,6.508960326305141e-5,153,257,2,ok,3.733542711623703e-4,0.02771494870726393,Non-client mitochondrial proteins
STG,MUL1,MUL1|Q969V5,braak_num,0.00158598119084498,0.00395036697676091,0.40147692611216657,0.6886520641209595,153,257,2,ok,0.7739319390244452,-0.00158598119084498,Non-client mitochondrial proteins
STG,NADK2,NADK2|Q4G0N4,braak_num,0.01537838514384773,0.00516889647679791,2.9751776250265505,0.00342428963894735,153,257,2,ok,0.01035477954194271,-0.01537838514384773,Hsp60/10 clients
STG,NARS2,NARS2|Q96I59,braak_num,0.01014782470979537,0.00506992930898037,2.001571243177002,0.04717109901892166,153,257,2,ok,0.09274156288632264,-0.01014782470979537,Hsp60/10 clients
STG,NAT8L,NAT8L|Q8N9F0,braak_num,-0.03255816413822459,0.00832876253983451,-3.9091238323228135,1.4097290486907448e-4,153,257,2,ok,7.132173887710868e-4,0.03255816413822459,Non-client mitochondrial proteins
STG,NBR1,NBR1|Q14596,braak_num,0.02254557448259111,0.00654242596626936,3.446057257480453,7.418008687868538e-4,153,257,2,ok,0.00288712101430277,-0.02254557448259111,Non-client mitochondrial proteins
STG,NDUFA10,NDUFA10|O95299,braak_num,-0.04660728180664778,0.00908791989440865,-5.128487304924742,9.074554311271216e-7,153,257,2,ok,1.0259199961197914e-5,0.04660728180664778,Hsp60/10 clients
STG,NDUFA11,NDUFA11|Q86Y39,braak_num,-0.03878322428310021,0.00810264396373211,-4.786489997178218,4.094833254654839e-6,153,257,2,ok,3.623555172800928e-5,0.03878322428310021,Non-client mitochondrial proteins
STG,NDUFA12,NDUFA12|Q9UI09,braak_num,-0.04149765144559671,0.00880953656576775,-4.710537397262072,5.669619772775199e-6,153,257,2,ok,4.749404377641462e-5,0.04149765144559671,Non-client mitochondrial proteins
STG,NDUFA13,NDUFA13|Q9P0J0,braak_num,-0.04959089625276592,0.00947529249052365,-5.233706115390351,5.632837589378557e-7,153,257,2,ok,7.029492448078317e-6,0.04959089625276592,Hsp60/10 clients
STG,NDUFA2,NDUFA2|O43678,braak_num,-0.05851244834372761,0.01069390334381686,-5.471570713004348,1.8749774106046485e-7,153,257,2,ok,2.8121772133783745e-6,0.05851244834372761,Hsp60/10 clients
STG,NDUFA3,NDUFA3|O95167,braak_num,-0.04946350637920892,0.01008631038629149,-4.904023818901683,2.4582978920239298e-6,153,257,2,ok,2.3482896644711417e-5,0.04946350637920892,Non-client mitochondrial proteins
STG,NDUFA4,NDUFA4|O00483,braak_num,-0.04367514444138602,0.01069067635226586,-4.085349046426718,7.207742178696844e-5,153,257,2,ok,4.0814521447024474e-4,0.04367514444138602,Hsp60/10 clients
STG,NDUFA5,NDUFA5|Q16718,braak_num,-0.04593721224989831,0.00977323126877558,-4.700309548251734,5.922013964557803e-6,153,257,2,ok,4.914312355584455e-5,0.04593721224989831,Non-client mitochondrial proteins
STG,NDUFA6,NDUFA6|P56556,braak_num,-0.05220012481221962,0.01039091454248291,-5.023631423278588,1.4506169928970618e-6,153,257,2,ok,1.4960586183717793e-5,0.05220012481221962,Hsp60/10 clients
STG,NDUFA7,NDUFA7|O95182,braak_num,-0.05099905003882597,0.01009524610261178,-5.051788685531084,1.2797016984151728e-6,153,257,2,ok,1.359892612704508e-5,0.05099905003882597,Non-client mitochondrial proteins
STG,NDUFA8,NDUFA8|P51970,braak_num,-0.04712442839705026,0.00999613229483832,-4.714266178868381,5.5802171266028935e-6,153,257,2,ok,4.67853863138265e-5,0.04712442839705026,Hsp60/10 clients
STG,NDUFA9,NDUFA9|Q16795,braak_num,-0.04457475007622689,0.00905591394644074,-4.922170234816127,2.2704339646140674e-6,153,257,2,ok,2.196859265561961e-5,0.04457475007622689,Hsp60/10 clients
STG,NDUFAB1,NDUFAB1|O14561,braak_num,-0.03576742812364671,0.00845903176356356,-4.228312308473808,4.119590835660133e-5,153,257,2,ok,2.53317101669714e-4,0.03576742812364671,Non-client mitochondrial proteins
STG,NDUFAF1,NDUFAF1|Q9Y375,braak_num,-0.01118843163818591,0.00744975403679568,-1.501852488407566,0.1352802632266994,153,257,2,ok,0.21754800631896443,0.01118843163818591,Non-client mitochondrial proteins
STG,NDUFAF2,NDUFAF2|Q8N183,braak_num,-0.01294543697996255,0.0071919638802182,-1.7999863730641803,0.07391348548668611,153,257,2,ok,0.13455654904196793,0.01294543697996255,Non-client mitochondrial proteins
STG,NDUFAF3,NDUFAF3|Q9BU61,braak_num,-0.03898215967579941,0.00874593259324555,-4.457175865488053,1.6366916388837357e-5,153,257,2,ok,1.162039125666979e-4,0.03898215967579941,Hsp60/10 clients
STG,NDUFAF4,NDUFAF4|Q9P032,braak_num,-0.05208939697578074,0.00963669556495958,-5.405317271325383,2.554855483055405e-7,153,257,2,ok,3.6572004811854865e-6,0.05208939697578074,Non-client mitochondrial proteins
STG,NDUFAF5,NDUFAF5|Q5TEU4,braak_num,-0.02199362000104236,0.00608397067322861,-3.615010851025504,4.118848533306263e-4,153,257,2,ok,0.00176309901597199,0.02199362000104236,Non-client mitochondrial proteins
STG,NDUFAF6,NDUFAF6|Q330K2,braak_num,-0.00643593920612065,0.00748078668642383,-0.8603291974359625,0.39100858267669136,153,257,2,ok,0.5075446784604499,0.00643593920612065,Non-client mitochondrial proteins
STG,NDUFAF7,NDUFAF7|Q7L592,braak_num,-0.03757642978558529,0.00637442643148873,-5.894872297837374,2.4647685088598368e-8,153,257,2,ok,5.001850720408583e-7,0.03757642978558529,Hsp60/10 clients
STG,NDUFB1,NDUFB1|O75438,braak_num,-0.03912198533487113,0.01120061192525518,-3.492843569257026,6.315702531060622e-4,153,257,2,ok,0.00253304690718352,0.03912198533487113,Hsp60/10 clients
STG,NDUFB10,NDUFB10|O96000,braak_num,-0.04589222165228789,0.00913661116629897,-5.022893151189859,1.4553841466618313e-6,153,257,2,ok,1.4991226755138906e-5,0.04589222165228789,Hsp60/10 clients
STG,NDUFB11,NDUFB11|Q9NX14,braak_num,-0.04318312267287401,0.00930239918796681,-4.642148955372058,7.577242920834889e-6,153,257,2,ok,6.045646114049739e-5,0.04318312267287401,Non-client mitochondrial proteins
STG,NDUFB2,NDUFB2|O95178,braak_num,-0.04705362123030264,0.01012507496783008,-4.647236823411564,7.68799580945244e-6,146,244,2,ok,6.118965757089946e-5,0.04705362123030264,Non-client mitochondrial proteins
STG,NDUFB3,NDUFB3|O43676,braak_num,-0.04407765416876594,0.00908771321729987,-4.850247043982117,3.1078711795545716e-6,153,257,2,ok,2.853963968092849e-5,0.04407765416876594,Non-client mitochondrial proteins
STG,NDUFB4,NDUFB4|O95168,braak_num,-0.04983441332100065,0.00953518519433524,-5.22637078413608,5.824390822347205e-7,153,257,2,ok,7.222244619710534e-6,0.04983441332100065,Non-client mitochondrial proteins
STG,NDUFB5,NDUFB5|O43674,braak_num,-0.04710441735387585,0.00968722055708271,-4.862531732018418,2.946225603822691e-6,153,257,2,ok,2.741736140306891e-5,0.04710441735387585,Non-client mitochondrial proteins
STG,NDUFB6,NDUFB6|O95139,braak_num,-0.03559796181792742,0.00854801730293378,-4.164470023441548,5.297437462019503e-5,153,257,2,ok,3.1403931945979196e-4,0.03559796181792742,Non-client mitochondrial proteins
STG,NDUFB7,NDUFB7|P17568,braak_num,-0.03914511432984657,0.00772094252580798,-5.069991675109651,1.1798006802888525e-6,153,257,2,ok,1.2661719759571876e-5,0.03914511432984657,Non-client mitochondrial proteins
STG,NDUFB8,NDUFB8|O95169,braak_num,-0.03936704763205122,0.00853635403931788,-4.61169340572441,8.614054285463907e-6,153,257,2,ok,6.783916214782013e-5,0.03936704763205122,Non-client mitochondrial proteins
STG,NDUFB9,NDUFB9|Q9Y6M9,braak_num,-0.04000888847822774,0.00861976207061393,-4.6415304912677415,7.597044719523239e-6,153,257,2,ok,6.0564810237378545e-5,0.04000888847822774,Non-client mitochondrial proteins
STG,NDUFC1,NDUFC1|O43677,braak_num,-0.02978724159687497,0.00887560700827229,-3.3560793722742015,0.00100627088124569,153,257,2,ok,0.00370603131216253,0.02978724159687497,Non-client mitochondrial proteins
STG,NDUFC2,NDUFC2|O95298,braak_num,-0.04930177780036678,0.00998303970673538,-4.938553711962472,2.112839229313152e-6,153,257,2,ok,2.0642957749024416e-5,0.04930177780036678,Non-client mitochondrial proteins
STG,NDUFS1,NDUFS1|P28331,braak_num,-0.05061509767965819,0.00976571732526898,-5.182937002353184,7.095515681315663e-7,153,257,2,ok,8.464185005138071e-6,0.05061509767965819,Hsp60/10 clients
STG,NDUFS2,NDUFS2|O75306,braak_num,-0.04483009194183511,0.00889978545356741,-5.03721041093921,1.3655925747273991e-6,153,257,2,ok,1.426253017424518e-5,0.04483009194183511,Hsp60/10 clients
STG,NDUFS3,NDUFS3|O75489,braak_num,-0.04808921422435641,0.00939650449897575,-5.117776959463838,9.522637529817248e-7,153,257,2,ok,1.0691274938320772e-5,0.04808921422435641,Hsp60/10 clients
STG,NDUFS4,NDUFS4|O43181,braak_num,-0.04974047449787994,0.0098697181582881,-5.039705663338559,1.3505042075129557e-6,153,257,2,ok,1.4150492955792368e-5,0.04974047449787994,Hsp60/10 clients
STG,NDUFS5,NDUFS5|O43920,braak_num,-0.04467216632007544,0.00950088119064963,-4.70189716339574,5.882136052459723e-6,153,257,2,ok,4.8895569884409e-5,0.04467216632007544,Non-client mitochondrial proteins
STG,NDUFS6,NDUFS6|O75380,braak_num,-0.05976145736997815,0.01095966133632972,-5.452856209331705,2.046689824078655e-7,153,257,2,ok,3.0231378979638283e-6,0.05976145736997815,Non-client mitochondrial proteins
STG,NDUFS7,NDUFS7|O75251,braak_num,-0.05319813054403613,0.01002529472432871,-5.306390685446731,4.037705376213363e-7,153,257,2,ok,5.354635440335269e-6,0.05319813054403613,Non-client mitochondrial proteins
STG,NDUFS8,NDUFS8|O00217,braak_num,-0.05014338335341944,0.00974643849882209,-5.144790413388393,8.431599153911506e-7,153,257,2,ok,9.701322241628205e-6,0.05014338335341944,Non-client mitochondrial proteins
STG,NDUFV1,NDUFV1|P49821,braak_num,-0.05170823142902267,0.01003477537135931,-5.152903728827392,8.128367056035161e-7,153,257,2,ok,9.452989835537188e-6,0.05170823142902267,Hsp60/10 clients
STG,NDUFV2,NDUFV2|P19404,braak_num,-0.04772623791853551,0.0093938451872263,-5.08058595466672,1.1251915944848851e-6,153,257,2,ok,1.2251247182008806e-5,0.04772623791853551,Hsp60/10 clients
STG,NDUFV3,NDUFV3|P56181,braak_num,-0.0468025837478634,0.00969986877484909,-4.825073909166523,3.466387553684769e-6,153,257,2,ok,3.1387736230295386e-5,0.0468025837478634,Non-client mitochondrial proteins
STG,NFS1,NFS1|Q9Y697,braak_num,-0.03284586370394336,0.00702397223867156,-4.676251925243294,6.559247506612925e-6,153,257,2,ok,5.3743868038190416e-5,0.03284586370394336,Hsp60/10 clients
STG,NFU1,NFU1|Q9UMS0,braak_num,-0.01838459286798167,0.00796259670413809,-2.3088690223915713,0.0223444441468428,153,257,2,ok,0.05015006209946227,0.01838459286798167,Hsp60/10 clients
STG,NGRN,NGRN|Q9NPE2,braak_num,-0.0068954997075129304,0.00725821929945327,-0.9500263663888392,0.34414440441814054,118,200,2,ok,0.46015132316018953,0.0068954997075129304,Non-client mitochondrial proteins
STG,NIF3L1,NIF3L1|Q9GZT8,braak_num,0.02219795610978359,0.00427761798165139,5.189326444063149,6.892869579271415e-7,153,257,2,ok,8.256157597345657e-6,-0.02219795610978359,Non-client mitochondrial proteins
STG,NIPSNAP1,NIPSNAP1|Q9BPW8,braak_num,-0.02356683012530574,0.0068744314040664,-3.4281860913420954,7.884841292836956e-4,153,257,2,ok,0.00303004520901993,0.02356683012530574,Hsp60/10 clients
STG,NIPSNAP3A,NIPSNAP3A|Q9UFN0,braak_num,-0.00666781177392321,0.00715833741405725,-0.9314749205352116,0.3531352295299528,153,257,2,ok,0.468888054050547,0.00666781177392321,Hsp60/10 clients
STG,NIPSNAP3B,NIPSNAP3B|Q9BS92,braak_num,-0.01876275809046152,0.01123085599179686,-1.6706436360831305,0.09691985799219276,153,257,2,ok,0.16777839190752347,0.01876275809046152,Non-client mitochondrial proteins
STG,NIT1,NIT1|Q86X76,braak_num,-0.00963919097818296,0.00538705195497047,-1.7893257868599477,0.07562132338681753,153,257,2,ok,0.13710469726092095,0.00963919097818296,Non-client mitochondrial proteins
STG,NIT2,NIT2|Q9NQR4,braak_num,-0.02808347394091093,0.0080801832194817,-3.4755986563770405,6.702751909729332e-4,153,257,2,ok,0.00265221898737013,0.02808347394091093,Non-client mitochondrial proteins
STG,NLN,NLN|Q9BYT8,braak_num,-0.01184484527786659,0.00587656794735451,-2.0156059427848265,0.04566353016655634,153,257,2,ok,0.09019659144506076,0.01184484527786659,Non-client mitochondrial proteins
STG,NLRX1,NLRX1|Q86UT6,braak_num,0.00335025511311061,0.00487841065908265,0.6867513514617901,0.4933213458532484,153,257,2,ok,0.604860811252742,-0.00335025511311061,Non-client mitochondrial proteins
STG,NME3,NME3|Q13232,braak_num,-0.00218188222759569,0.00575979705444728,-0.3788123447702039,0.705373787923207,153,257,2,ok,0.787307470662137,0.00218188222759569,Non-client mitochondrial proteins
STG,NMNAT3,NMNAT3|Q96T66,braak_num,0.00869231189538309,0.00562272463060463,1.5459252349066883,0.1242727642992702,153,257,2,ok,0.20357978587833991,-0.00869231189538309,Non-client mitochondrial proteins
STG,NNT,NNT|Q13423,braak_num,-0.03702863258307859,0.00783503838774927,-4.726030780011989,5.306991131507688e-6,153,257,2,ok,4.488119172380177e-5,0.03702863258307859,Non-client mitochondrial proteins
STG,NOA1,NOA1|Q8NC60,braak_num,-0.01117647373800174,0.00657701711551434,-1.6993225867753745,0.09154464563646084,142,243,2,ok,0.16024016914679193,0.01117647373800174,Non-client mitochondrial proteins
STG,NSUN2,NSUN2|Q08J23,braak_num,0.0049041211989238,0.00446436457944401,1.0985037426165023,0.27378054171155564,153,257,2,ok,0.3839475281688925,-0.0049041211989238,Hsp60/10 clients
STG,NSUN4,NSUN4|Q96CB9,braak_num,-0.01403410508422003,0.01004526492716374,-1.397086606075458,0.16474954806962633,137,228,2,ok,0.2552804999856324,0.01403410508422003,Hsp60/10 clients
STG,NT5DC2,NT5DC2|Q9H857,braak_num,0.02065773723137074,0.00779338920810088,2.65067439592237,0.00891330644349401,153,257,2,ok,0.02324193006187269,-0.02065773723137074,Hsp60/10 clients
STG,NT5DC3,NT5DC3|Q86UY8,braak_num,-0.04565225169006915,0.01311063344263476,-3.4820782603540392,6.554780183468345e-4,153,257,2,ok,0.002607447090555,0.04565225169006915,Non-client mitochondrial proteins
STG,NTHL1,NTHL1|P78549,braak_num,-5.620589906609534e-4,0.00673807145012726,-0.08341540970901067,0.9336505394694468,135,228,2,ok,0.95826174095272,5.620589906609534e-4,Non-client mitochondrial proteins
STG,NUBPL,NUBPL|Q8TB37,braak_num,9.324501330476328e-4,0.00705838858967587,0.13210524203945137,0.8950816963882146,153,257,2,ok,0.9324406284934588,-9.324501330476328e-4,Non-client mitochondrial proteins
STG,NUDT19,NUDT19|A8MXV4,braak_num,-0.00703989801500479,0.0079785609142572,-0.8823518540072711,0.3790271384333525,153,257,2,ok,0.49602718009011193,0.00703989801500479,Hsp60/10 clients
STG,NUDT2,NUDT2|P50583,braak_num,-0.01308459529675898,0.0066135813335787,-1.978443242290743,0.04974767594202189,153,257,2,ok,0.09681005150332687,0.01308459529675898,Non-client mitochondrial proteins
STG,NUDT5,NUDT5|Q9UKK9,braak_num,0.03432665090078994,0.00786163645044282,4.366349311262851,2.370280692811535e-5,153,257,2,ok,1.5792137073119427e-4,-0.03432665090078994,Non-client mitochondrial proteins
STG,NUDT6,NUDT6|P53370,braak_num,0.00206540787355681,0.00927228675260369,0.22275064702640213,0.8241051592684785,127,217,2,ok,0.878528049536674,-0.00206540787355681,Non-client mitochondrial proteins
STG,NUDT8,NUDT8|Q8WV74,braak_num,-0.003769723363189,0.01354262444435452,-0.27835988354240165,0.7824729194654483,39,80,2,ok,0.8477007677325179,0.003769723363189,Non-client mitochondrial proteins
STG,NUDT9,NUDT9|Q9BW91,braak_num,0.00362613193997515,0.00518210007984949,0.6997417811507171,0.48519442727982687,153,257,2,ok,0.5973795288567968,-0.00362613193997515,Non-client mitochondrial proteins
STG,OAT,OAT|P04181,braak_num,-0.02253238448702574,0.00599348459543965,-3.759479836516186,2.450854880312594e-4,153,257,2,ok,0.00114372313765243,0.02253238448702574,Hsp60/10 clients
STG,OCIAD1,OCIAD1|Q9NX40,braak_num,-0.00398233902054838,0.00417919255492832,-0.9528967541474498,0.3422066193953327,153,257,2,ok,0.4583157998340903,0.00398233902054838,Non-client mitochondrial proteins
STG,OCIAD2,OCIAD2|Q56VL3,braak_num,-0.02323691766409147,0.01031177978446468,-2.253434242176048,0.02571137478118377,153,257,2,ok,0.0564571446244175,0.02323691766409147,Non-client mitochondrial proteins
STG,OGDH,OGDH|Q02218,braak_num,-0.02094604282723372,0.00742216563193503,-2.8220931552793824,0.00543187141962968,153,257,2,ok,0.01530034470445086,0.02094604282723372,Hsp60/10 clients
STG,OGDHL,OGDHL|Q9ULD0,braak_num,-0.02983786260764748,0.00937107748709932,-3.184037550508328,0.00177316709347475,153,257,2,ok,0.00596612806356146,0.02983786260764748,Non-client mitochondrial proteins
STG,OMA1,OMA1|Q96E52,braak_num,0.00544521865108474,0.00556760241938048,0.9780185869828416,0.32992446801036124,133,227,2,ok,0.4460411965696952,-0.00544521865108474,Non-client mitochondrial proteins
STG,OPA1,OPA1|O60313,braak_num,-0.02132428533635457,0.00763861686080212,-2.791642220698489,0.00594125621345588,153,257,2,ok,0.01652348228050845,0.02132428533635457,Non-client mitochondrial proteins
STG,OPA3,OPA3|Q9H6K4,braak_num,-0.04104563736531015,0.00754379199165217,-5.440982122880711,2.1635006824085587e-7,153,257,2,ok,3.17639753281522e-6,0.04104563736531015,Non-client mitochondrial proteins
STG,OSBPL1A,OSBPL1A|Q9BXW6,braak_num,-0.00486856935386679,0.00415971934485528,-1.1704081333968408,0.2437307076130972,153,257,2,ok,0.34987091990943636,0.00486856935386679,Non-client mitochondrial proteins
STG,OSGEPL1,OSGEPL1|Q9H4B0,braak_num,-0.01069555256010872,0.00761861433696515,-1.4038711092402203,0.16291861661389953,127,216,2,ok,0.2529669507289357,0.01069555256010872,Non-client mitochondrial proteins
STG,OXA1L,OXA1L|Q15070,braak_num,-0.01299060589323054,0.00496533474535627,-2.61625984136915,0.00981809703862818,153,257,2,ok,0.02508382062309888,0.01299060589323054,Non-client mitochondrial proteins
STG,OXCT1,OXCT1|P55809,braak_num,-0.02484845619516805,0.00790176445946304,-3.144671841668208,0.00201236900678034,153,257,2,ok,0.00662665761569683,0.02484845619516805,Non-client mitochondrial proteins
STG,OXLD1,OXLD1|Q5BKU9,braak_num,-0.00447978874189463,0.00528372383236869,-0.8478468754273145,0.39797044095257594,146,244,2,ok,0.5146597943712468,0.00447978874189463,Non-client mitochondrial proteins
STG,OXNAD1,OXNAD1|Q96HP4,braak_num,-0.00563988731065669,0.00522457061839762,-1.0794929808770468,0.28213603336954757,153,257,2,ok,0.3930040281653085,0.00563988731065669,Non-client mitochondrial proteins
STG,OXR1,OXR1|Q8N573,braak_num,-0.02970702681050619,0.00797969693955654,-3.7228264476115696,2.7997587358585287e-4,153,257,2,ok,0.0012746890334353,0.02970702681050619,Non-client mitochondrial proteins
STG,OXSM,OXSM|Q9NWU1,braak_num,-0.01681902273748275,0.00565223281397096,-2.9756422445852104,0.00341940484565376,153,257,2,ok,0.01034643667006334,0.01681902273748275,Non-client mitochondrial proteins
STG,P4HB,P4HB|P07237,braak_num,-0.00656038844983635,0.00324505898762988,-2.0216546062319507,0.0450265571089301,153,257,2,ok,0.08920995458952283,0.00656038844983635,Hsp60/10 clients
STG,PAICS,PAICS|P22234,braak_num,0.03336873242840434,0.0055733316597855,5.987214554119777,1.5650979345305232e-8,153,257,2,ok,3.388646940930675e-7,-0.03336873242840434,Non-client mitochondrial proteins
STG,PANK2,PANK2|Q9BZ23,braak_num,0.00937318595521216,0.00392089378775702,2.3905737983721727,0.01808829526193502,153,257,2,ok,0.04196174120106662,-0.00937318595521216,Non-client mitochondrial proteins
STG,PARK7,PARK7|Q99497,braak_num,0.02069090158555758,0.00330730945100566,6.256112980073886,4.079470118557819e-9,153,257,2,ok,1.1123126648190985e-7,-0.02069090158555758,Non-client mitochondrial proteins
STG,PARL,PARL|Q9H300,braak_num,-0.00129977614779316,0.00502361306147104,-0.25873333234239126,0.7962029327474924,153,257,2,ok,0.8581817459156341,0.00129977614779316,Non-client mitochondrial proteins
STG,PARS2,PARS2|Q7L3T8,braak_num,-0.03115086616367001,0.0047622780796693,-6.541169088100202,9.47932583218095e-10,153,257,2,ok,3.3923440312665226e-8,0.03115086616367001,Non-client mitochondrial proteins
STG,PC,PC|P11498,braak_num,0.00346662761122031,0.00516995821193917,0.670533004157501,0.5035701763163496,153,257,2,ok,0.6138700183172632,-0.00346662761122031,Hsp60/10 clients
STG,PCBD2,PCBD2|Q9H0N5,braak_num,0.04464870442981763,0.00668175221792393,6.6821849978283545,4.5490209118700765e-10,153,257,2,ok,1.9260343674718724e-8,-0.04464870442981763,Non-client mitochondrial proteins
STG,PCCA,PCCA|P05165,braak_num,-4.83060962879456e-4,0.00597464151034111,-0.0808518740485697,0.9356697272522904,153,257,2,ok,0.9596258692523226,4.83060962879456e-4,Non-client mitochondrial proteins
STG,PCCB,PCCB|P05166,braak_num,-0.00176480444433633,0.00585800682986617,-0.3012636372048496,0.7636391938871193,153,257,2,ok,0.8336059115506582,0.00176480444433633,Hsp60/10 clients
STG,PCK2,PCK2|Q16822,braak_num,-0.00507236470564461,0.00941243534308291,-0.5389003505211046,0.5907708092111841,153,257,2,ok,0.6940933080098571,0.00507236470564461,Hsp60/10 clients
STG,PCMT1,PCMT1|P22061,braak_num,-0.0117437492248574,0.00589715401614901,-1.991426575039047,0.04828696364764931,153,257,2,ok,0.09453072838162618,0.0117437492248574,Hsp60/10 clients
STG,PDE12,PDE12|Q6L8Q7,braak_num,-0.01091288692315673,0.00228847401920201,-4.768630463614374,4.4218086964017485e-6,153,257,2,ok,3.839597310506211e-5,0.01091288692315673,Non-client mitochondrial proteins
STG,PDE2A,PDE2A|O00408,braak_num,-0.00210091279567832,0.01222046428149956,-0.1719175922684768,0.8637387633238015,153,257,2,ok,0.908344114325182,0.00210091279567832,Non-client mitochondrial proteins
STG,PDF,PDF|Q9HBH1,braak_num,-0.02368542099420324,0.00723026314770611,-3.2758726080001264,0.00131400428926539,153,257,2,ok,0.00463424556221352,0.02368542099420324,Non-client mitochondrial proteins
STG,PDHA1,PDHA1|P08559,braak_num,-0.05781947734536449,0.00931531656459734,-6.206925652436349,5.229493671656366e-9,153,257,2,ok,1.3475844275423348e-7,0.05781947734536449,Hsp60/10 clients
STG,PDHB,PDHB|P11177,braak_num,-0.05255852935667551,0.00878887583068549,-5.980119684154894,1.6209012969985487e-8,153,257,2,ok,3.482969806839707e-7,0.05255852935667551,Hsp60/10 clients
STG,PDHX,PDHX|O00330,braak_num,-0.0487041301666793,0.00878879075221609,-5.541619039501939,1.3485158850505198e-7,153,257,2,ok,2.14134643149784e-6,0.0487041301666793,Hsp60/10 clients
STG,PDIA6,PDIA6|Q15084,braak_num,-0.00208644554648562,0.00557300332433155,-0.37438440730445416,0.7086578464654131,153,257,2,ok,0.7894341356711296,0.00208644554648562,Hsp60/10 clients
STG,PDK1,PDK1|Q15118,braak_num,-0.02384898834045045,0.00601187430953504,-3.966980530951073,1.1336773264860436e-4,153,257,2,ok,5.948903016719757e-4,0.02384898834045045,Hsp60/10 clients
STG,PDK2,PDK2|Q15119,braak_num,-0.02774112956684216,0.0067713830325185,-4.096818837986236,6.894837842451417e-5,153,257,2,ok,3.931713623809144e-4,0.02774112956684216,Hsp60/10 clients
STG,PDK3,PDK3|Q15120,braak_num,-0.05562136773800252,0.00850123110753092,-6.542742696258383,9.402388181612306e-10,153,257,2,ok,3.3772268103252475e-8,0.05562136773800252,Hsp60/10 clients
STG,PDP1,PDP1|Q9P0J1,braak_num,-0.02272579812183538,0.00576365755466168,-3.942947322304843,1.2414366533808707e-4,153,257,2,ok,6.438009794357696e-4,0.02272579812183538,Non-client mitochondrial proteins
STG,PDPR,PDPR|Q8NCN5,braak_num,0.02425223498317262,0.00526919443972095,4.602645672050197,8.947599339106685e-6,153,257,2,ok,7.018205637942343e-5,-0.02425223498317262,Non-client mitochondrial proteins
STG,PET100,PET100|P0DJ07,braak_num,-0.00755692117225692,0.00946318006172779,-0.7985604334867931,0.4258336091030333,153,257,2,ok,0.5412017692921955,0.00755692117225692,Non-client mitochondrial proteins
STG,PEX11B,PEX11B|O96011,braak_num,0.00504382996586375,0.00727089193879792,0.693701681763356,0.488964026070734,153,257,2,ok,0.6011083391983486,-0.00504382996586375,Non-client mitochondrial proteins
STG,PGAM5,PGAM5|Q96HS1,braak_num,-0.01795799175058903,0.00694537163113104,-2.5856055952566197,0.01069276497177344,153,257,2,ok,0.02700867174310964,0.01795799175058903,Hsp60/10 clients
STG,PGS1,PGS1|Q32NB8,braak_num,0.00138045181087775,0.00562476967220633,0.2454237046716733,0.8064706803246734,153,257,2,ok,0.8658929629693769,-0.00138045181087775,Non-client mitochondrial proteins
STG,PHB,PHB|P35232,braak_num,-0.02445179437773926,0.00643802728018555,-3.798025903524053,2.128589428889295e-4,153,257,2,ok,0.00101318775065077,0.02445179437773926,Hsp60/10 clients
STG,PHB2,PHB2|Q99623,braak_num,-0.02198751432483056,0.00605555800238358,-3.630964201181107,3.892175839998519e-4,153,257,2,ok,0.00167787597991787,0.02198751432483056,Hsp60/10 clients
STG,PHYH,PHYH|O14832,braak_num,0.00496625196688341,0.00529772130421207,0.9374317148270684,0.35007414549787574,153,257,2,ok,0.4661589237040113,-0.00496625196688341,Non-client mitochondrial proteins
STG,PICK1,PICK1|Q9NRD5,braak_num,-0.02875091802944824,0.0063049081449438,-4.560085154056518,1.0691164612292243e-5,153,257,2,ok,8.161645815734537e-5,0.02875091802944824,Non-client mitochondrial proteins
STG,PIN4,PIN4|Q9Y237,braak_num,-2.816560947939219e-4,0.00616275570693837,-0.04570294656931116,0.9636090430535468,153,257,2,ok,0.9788948471178486,2.816560947939219e-4,Hsp60/10 clients
STG,PISD,PISD|Q9UG56,braak_num,-0.02400166249918522,0.00809808172926032,-2.9638701240148553,0.00354516789257458,153,257,2,ok,0.01067718572596566,0.02400166249918522,Non-client mitochondrial proteins
STG,PITRM1,PITRM1|Q5JRX3,braak_num,-0.03025384751036847,0.01503618569166615,-2.0120692927553256,0.04603950944548144,153,257,2,ok,0.09086548762009658,0.03025384751036847,Hsp60/10 clients
STG,PLGRKT,PLGRKT|Q9HBL7,braak_num,0.01053654060014104,0.00916770040588485,1.149311183137869,0.25229421759704873,153,257,2,ok,0.35919729619565194,-0.01053654060014104,Non-client mitochondrial proteins
STG,PMPCA,PMPCA|Q10713,braak_num,-0.02288464127035944,0.00638744116053203,-3.5827557068961395,4.6157259964535794e-4,153,257,2,ok,0.00193745048941264,0.02288464127035944,Hsp60/10 clients
STG,PMPCB,PMPCB|O75439,braak_num,-0.03679130683070952,0.00877671120811493,-4.191924054273581,4.7560178198529126e-5,153,257,2,ok,2.8703625848068375e-4,0.03679130683070952,Hsp60/10 clients
STG,PNKD,PNKD|Q8N490,braak_num,-0.01456629694022192,0.00673673125829837,-2.162220278904403,0.03221903413451176,153,257,2,ok,0.0678978303237362,0.01456629694022192,Non-client mitochondrial proteins
STG,PNPLA8,PNPLA8|Q9NP80,braak_num,-0.01585904112731309,0.0045537447897001,-3.482637227097993,6.542160142149214e-4,153,257,2,ok,0.00260349087586592,0.01585904112731309,Non-client mitochondrial proteins
STG,PNPO,PNPO|Q9NVS9,braak_num,0.03778245503687481,0.00740706111854971,5.100869890523133,1.0274091461061174e-6,153,257,2,ok,1.1377475117402669e-5,-0.03778245503687481,Non-client mitochondrial proteins
STG,PNPT1,PNPT1|Q8TCS8,braak_num,-0.01288761201445943,0.00380888841529836,-3.383562501515258,9.173543308582732e-4,153,257,2,ok,0.0034245725038589,0.01288761201445943,Hsp60/10 clients
STG,POLB,POLB|P06746,braak_num,0.00606801647103739,0.00530310812833671,1.1442377421296503,0.2544776305404611,146,245,2,ok,0.36142676142141367,-0.00606801647103739,Non-client mitochondrial proteins
STG,POLDIP2,POLDIP2|Q9Y2S7,braak_num,-0.01274854064911146,0.00468314564021652,-2.722217421476995,0.00726892882741224,153,257,2,ok,0.01952960342424256,0.01274854064911146,Hsp60/10 clients
STG,POLG,POLG|P54098,braak_num,-0.02611344993420519,0.00827379088387694,-3.1561650881329664,0.00193960778584644,153,257,2,ok,0.00643933908166074,0.02611344993420519,Hsp60/10 clients
STG,POLG2,POLG2|Q9UHN1,braak_num,-0.00502042743802344,0.0053007603864826,-0.9471145782831392,0.34513471358043213,153,257,2,ok,0.4612853634480195,0.00502042743802344,Non-client mitochondrial proteins
STG,POLRMT,POLRMT|O00411,braak_num,-0.00715412082145364,0.00728441269554059,-0.9821136061982438,0.32765752472226195,153,257,2,ok,0.443606578893779,0.00715412082145364,Hsp60/10 clients
STG,PPA2,PPA2|Q9H2U2,braak_num,0.01066217382613768,0.00603311717873407,1.7672744470670012,0.07925728679567441,153,257,2,ok,0.14234140768802486,-0.01066217382613768,Hsp60/10 clients
STG,PPIA,PPIA|P62937,braak_num,0.0191430790554589,0.00302197158962173,6.334632370867222,2.738362908337523e-9,153,257,2,ok,8.151444816439588e-8,-0.0191430790554589,Hsp60/10 clients
STG,PPIF,PPIF|P30405,braak_num,-0.00370142295912381,0.00630799497211672,-0.5867828011095825,0.5582496550116793,153,257,2,ok,0.6649293277088137,0.00370142295912381,Hsp60/10 clients
STG,PPM1K,PPM1K|Q8N3J5,braak_num,-0.00582375176693312,0.00575288911806911,-1.0123177498139917,0.31304949933055853,153,257,2,ok,0.42774057081466266,0.00582375176693312,Non-client mitochondrial proteins
STG,PPOX,PPOX|P50336,braak_num,-0.00910506502731954,0.00543355511324755,-1.6757104395831888,0.09592066904529156,153,257,2,ok,0.1663445203076551,0.00910506502731954,Hsp60/10 clients
STG,PPTC7,PPTC7|Q8NI37,braak_num,-0.00916153952884113,0.00806088277798286,-1.136542954558843,0.2575787828948375,153,257,2,ok,0.3646410518758505,0.00916153952884113,Non-client mitochondrial proteins
STG,PRDX2,PRDX2|P32119,braak_num,0.01949820364241575,0.00312041799623886,6.24858710144523,4.237754044326025e-9,153,257,2,ok,1.145841607429709e-7,-0.01949820364241575,Non-client mitochondrial proteins
STG,PRDX3,PRDX3|P30048,braak_num,-0.02178174822554166,0.00557327278727099,-3.908250871066248,1.4143475157143837e-4,153,257,2,ok,7.140436369213806e-4,0.02178174822554166,Hsp60/10 clients
STG,PRDX4,PRDX4|Q13162,braak_num,0.06686432897766843,0.0096531608244105,6.9266771986834375,1.25093665050948e-10,153,257,2,ok,6.309128163761285e-9,-0.06686432897766843,Hsp60/10 clients
STG,PRDX5,PRDX5|P30044,braak_num,0.00166976800517411,0.00426646839265767,0.39137006336380725,0.696090428568312,153,257,2,ok,0.7798968959120568,-0.00166976800517411,Non-client mitochondrial proteins
STG,PRDX6,PRDX6|P30041,braak_num,0.08678827395844571,0.01536383297320836,5.648868619555299,8.102085726781393e-8,153,257,2,ok,1.3787710221064697e-6,-0.08678827395844571,Non-client mitochondrial proteins
STG,PREPL,PREPL|Q4J6C6,braak_num,0.02596998744040062,0.00652217774458219,3.981796948415463,1.071749389113495e-4,153,257,2,ok,5.669787257408022e-4,-0.02596998744040062,Non-client mitochondrial proteins
STG,PRKACA,PRKACA|P17612,braak_num,-0.01054291358693054,0.00508916493462374,-2.071639202573811,0.04004671079872329,153,257,2,ok,0.08117756828712464,0.01054291358693054,Non-client mitochondrial proteins
STG,PRODH,PRODH|O43272,braak_num,0.05296766825091176,0.01306681351755373,4.053602523657041,8.14613473180925e-5,153,257,2,ok,4.5440960160132515e-4,-0.05296766825091176,Non-client mitochondrial proteins
STG,PTCD3,PTCD3|Q96EY7,braak_num,-0.01654227993590094,0.00645011636248814,-2.5646482956657435,0.01133039345579524,153,257,2,ok,0.02837682392460489,0.01654227993590094,Hsp60/10 clients
STG,PTGES2,PTGES2|Q9H7Z7,braak_num,-0.00496754161988561,0.00758236068394796,-0.6551444631751707,0.5133986485956357,153,257,2,ok,0.6231200056645783,0.00496754161988561,Non-client mitochondrial proteins
STG,PTPMT1,PTPMT1|Q8WUK0,braak_num,-0.00677793924140117,0.0061411883515464,-1.1036852891337272,0.27153311351885584,153,257,2,ok,0.3812351546217428,0.00677793924140117,Hsp60/10 clients
STG,PTRH1,PTRH1|Q86Y79,braak_num,-0.01891150369100613,0.00908374538036745,-2.0819059648984934,0.03915857137464409,147,243,2,ok,0.07969256403110717,0.01891150369100613,Non-client mitochondrial proteins
STG,PTRH2,PTRH2|Q9Y3E5,braak_num,-0.00290424930886594,0.0039940707058186,-0.7271401842323421,0.4682965188286051,153,257,2,ok,0.5809096870495275,0.00290424930886594,Non-client mitochondrial proteins
STG,PUS1,PUS1|Q9Y606,braak_num,-0.0200373696076001,0.00552452757572701,-3.6269833633626543,3.947608401941525e-4,153,257,2,ok,0.00169876304971259,0.0200373696076001,Non-client mitochondrial proteins
STG,PUSL1,PUSL1|Q8N0Z8,braak_num,0.00600823268056971,0.00845517039765801,0.7105986512387643,0.47868920662305536,128,215,2,ok,0.5912397839447813,-0.00600823268056971,Non-client mitochondrial proteins
STG,PYCR2,PYCR2|Q96C36,braak_num,-0.01597908340449145,0.00639063284704744,-2.5003913989322673,0.01358481435880259,143,242,2,ok,0.03310830820445278,0.01597908340449145,Hsp60/10 clients
STG,PYURF,PYURF|Q96I23,braak_num,-0.03321124857336828,0.00962566660500592,-3.4502803739427703,7.311545069197443e-4,153,257,2,ok,0.00285138540479038,0.03321124857336828,Non-client mitochondrial proteins
STG,QDPR,QDPR|P09417,braak_num,0.03188251213191136,0.01423294991629457,2.240049485132433,0.0265879042611619,153,257,2,ok,0.05795043888897222,-0.03188251213191136,Non-client mitochondrial proteins
STG,QRSL1,QRSL1|Q9H0R6,braak_num,-0.00279243827909186,0.00445612456570906,-0.6266517548859253,0.5318595020722505,153,257,2,ok,0.6398616231827075,0.00279243827909186,Hsp60/10 clients
STG,QTRT1,QTRT1|Q9BXR0,braak_num,0.00334045653428446,0.00339665853649063,0.9834537379597076,0.3270000512249842,153,257,2,ok,0.44294718878708544,-0.00334045653428446,Non-client mitochondrial proteins
STG,RAB24,RAB24|Q969Q5,braak_num,-0.01551481256533402,0.00534476651553866,-2.902804550999248,0.00426846380748034,153,257,2,ok,0.01248474360036467,0.01551481256533402,Non-client mitochondrial proteins
STG,RARS2,RARS2|Q5T160,braak_num,-0.0158357343754209,0.0069232450468872,-2.287328307487958,0.02360377841422715,153,257,2,ok,0.05255630711561279,0.0158357343754209,Non-client mitochondrial proteins
STG,RDH13,RDH13|Q8NBN7,braak_num,-0.03959125238023457,0.00962633140462824,-4.112807955188359,6.48023577691141e-5,153,257,2,ok,3.72145221548411e-4,0.03959125238023457,Non-client mitochondrial proteins
STG,RDH14,RDH14|Q9HBH5,braak_num,-0.01575466838162962,0.00420187748720355,-3.7494354439435904,2.542132808981488e-4,153,257,2,ok,0.00118002483369698,0.01575466838162962,Non-client mitochondrial proteins
STG,REXO2,REXO2|Q9Y3B8,braak_num,0.00307940164143722,0.00306296124503539,1.00536748430248,0.3163719740024451,153,257,2,ok,0.43106726091946534,-0.00307940164143722,Non-client mitochondrial proteins
STG,RFK,RFK|Q969G6,braak_num,-0.02251525688600859,0.00559455652266024,-4.024493593873366,9.10816746234175e-5,153,257,2,ok,4.961326361412121e-4,0.02251525688600859,Non-client mitochondrial proteins
STG,RHOT1,RHOT1|Q8IXI2,braak_num,-0.00382369035453349,0.00507090325247901,-0.7540452191952589,0.45202823382236146,153,257,2,ok,0.5657036292140482,0.00382369035453349,Non-client mitochondrial proteins
STG,RHOT2,RHOT2|Q8IXI1,braak_num,-0.01033746940192314,0.00524363123563741,-1.9714333326238416,0.05055178366951466,153,257,2,ok,0.09817858384657936,0.01033746940192314,Non-client mitochondrial proteins
STG,RMDN1,RMDN1|Q96DB5,braak_num,0.00612649815765111,0.00671391015162037,0.9125082134398996,0.3629953465431968,153,257,2,ok,0.4794947351406537,-0.00612649815765111,Non-client mitochondrial proteins
STG,RMDN3,RMDN3|Q96TC7,braak_num,0.00445893596181143,0.00434792383121694,1.025532216042392,0.30679674485790015,153,257,2,ok,0.4209104319163918,-0.00445893596181143,Non-client mitochondrial proteins
STG,RMND1,RMND1|Q9NWS8,braak_num,0.00291001291965993,0.00621463906093005,0.4682513161471418,0.6402984308568085,153,257,2,ok,0.7365145984970713,-0.00291001291965993,Non-client mitochondrial proteins
STG,ROMO1,ROMO1|P60602,braak_num,0.0010603491251424,0.00498189282602141,0.2128406134319045,0.8317461587444923,153,257,2,ok,0.8842024046632215,-0.0010603491251424,Non-client mitochondrial proteins
STG,RPIA,RPIA|P49247,braak_num,0.00496233794141978,0.00573920127074264,0.8646391209029106,0.388645652206437,153,257,2,ok,0.5049488492495272,-0.00496233794141978,Non-client mitochondrial proteins
STG,RPL11,RPL11|P62913,braak_num,-0.00626812917133729,0.00349615350302458,-1.7928644053856977,0.07505086082818503,153,257,2,ok,0.13627030018682207,0.00626812917133729,Hsp60/10 clients
STG,RPL23,RPL23|P62829,braak_num,-0.00752130897487896,0.00397089761970792,-1.8941080066003304,0.06017504549619575,153,257,2,ok,0.11373471101495763,0.00752130897487896,Hsp60/10 clients
STG,RPL23A,RPL23A|P62750,braak_num,-0.01594074231529022,0.00486470253373194,-3.2768174836501895,0.00130991642386301,153,257,2,ok,0.00462317856050856,0.01594074231529022,Hsp60/10 clients
STG,RPL31,RPL31|P62899,braak_num,-0.00911010559622034,0.00365559397783974,-2.4920999573382407,0.01380925301060832,153,257,2,ok,0.0335880231897205,0.00911010559622034,Hsp60/10 clients
STG,RPL9,RPL9|P32969,braak_num,-0.00411676944308542,0.00330636397274001,-1.2451047365102454,0.21507443523601255,153,257,2,ok,0.31715415127819213,0.00411676944308542,Hsp60/10 clients
STG,RPS10,RPS10|P46783,braak_num,-0.0087831973444734,0.00367476811118115,-2.3901364871837543,0.01810901967884191,153,257,2,ok,0.04199980880482421,0.0087831973444734,Hsp60/10 clients
STG,RPS11,RPS11|P62280,braak_num,-0.00150726941454221,0.00496080412633535,-0.30383570408285165,0.7616827032476299,153,257,2,ok,0.8323812677795095,0.00150726941454221,Hsp60/10 clients
STG,RPS15A,RPS15A|P62244,braak_num,-0.00659698098628462,0.00323804685585341,-2.037333392615756,0.04341059321086396,153,257,2,ok,0.0866254026885096,0.00659698098628462,Hsp60/10 clients
STG,RPS16,RPS16|P62249,braak_num,-0.01060272830009121,0.00429450874095964,-2.4689036487377014,0.01469822084622388,153,257,2,ok,0.03536118827965843,0.01060272830009121,Hsp60/10 clients
STG,RPS18,RPS18|P62269,braak_num,-0.01244585292709563,0.00398693249043017,-3.1216613165558744,0.00216570670391384,153,257,2,ok,0.00706142624084057,0.01244585292709563,Hsp60/10 clients
STG,RPS3,RPS3|P23396,braak_num,-0.00623557747763251,0.00324897535895049,-1.9192443120426668,0.05689098760193946,153,257,2,ok,0.1084968558802016,0.00623557747763251,Hsp60/10 clients
STG,RPS4X,RPS4X|P62701,braak_num,-0.01241465386262048,0.00396280175051709,-3.1327971077535066,0.00209019681219577,153,257,2,ok,0.00684588686740029,0.01241465386262048,Hsp60/10 clients
STG,RPS6,RPS6|P62753,braak_num,-0.01906612333879266,0.00645872186988012,-2.951996342760389,0.00367631097728954,153,257,2,ok,0.01100744726328404,0.01906612333879266,Hsp60/10 clients
STG,RPS8,RPS8|P62241,braak_num,-0.02123512554419457,0.00487563097664708,-4.355359469554797,2.4780283327143095e-5,153,257,2,ok,1.6431285960927174e-4,0.02123512554419457,Hsp60/10 clients
STG,RPS9,RPS9|P46781,braak_num,-0.00161671224382493,0.00431116181117902,-0.37500616182689595,0.7081963791475367,153,257,2,ok,0.7890103644983544,0.00161671224382493,Hsp60/10 clients
STG,RPUSD3,RPUSD3|Q6P087,braak_num,0.0017999406786035,0.01256575942625447,0.1432416949542081,0.8864231167068575,95,162,2,ok,0.9254013961845292,-0.0017999406786035,Hsp60/10 clients
STG,RPUSD4,RPUSD4|Q96CM3,braak_num,-0.00380630193716042,0.00875406991625894,-0.4348036940041994,0.6647693348505695,94,162,2,ok,0.7560742760552751,0.00380630193716042,Non-client mitochondrial proteins
STG,RTN4IP1,RTN4IP1|Q8WWV3,braak_num,-0.02028222894305323,0.00634861977417224,-3.1947462069734227,0.00171282395995132,153,257,2,ok,0.00578910709241882,0.02028222894305323,Non-client mitochondrial proteins
STG,SAMM50,SAMM50|Q9Y512,braak_num,-0.02166484538345165,0.00669708003986379,-3.234968860233643,0.00150280421394097,153,257,2,ok,0.00520008410070511,0.02166484538345165,Hsp60/10 clients
STG,SARDH,SARDH|Q9UL12,braak_num,0.0194123972431194,0.00827003478555183,2.3473174837225392,0.0202427617342933,153,257,2,ok,0.04614591164440539,-0.0194123972431194,Non-client mitochondrial proteins
STG,SARS2,SARS2|Q9NP81,braak_num,-0.01903639105763574,0.00796969879170743,-2.3885960505111345,0.01818218923953281,153,257,2,ok,0.04211933128453413,0.01903639105763574,Hsp60/10 clients
STG,SCO1,SCO1|O75880,braak_num,-0.02465377482002603,0.00641730292089925,-3.841765789134872,1.8116553772934237e-4,153,257,2,ok,8.817326721287093e-4,0.02465377482002603,Non-client mitochondrial proteins
STG,SCO2,SCO2|O43819,braak_num,-0.01366266277355918,0.00729153802085617,-1.8737696675899536,0.06294713648875866,153,257,2,ok,0.11805923440878165,0.01366266277355918,Non-client mitochondrial proteins
STG,SCP2,SCP2|P22307,braak_num,0.03333052664436233,0.00669331696796902,4.979672530654997,1.7626243780236752e-6,153,257,2,ok,1.774290144331174e-5,-0.03333052664436233,Non-client mitochondrial proteins
STG,SDHA,SDHA|P31040,braak_num,-0.03268937884268892,0.00716886046085072,-4.5599128370828534,1.0698849456417989e-5,153,257,2,ok,8.161645815734537e-5,0.03268937884268892,Hsp60/10 clients
STG,SDHAF2,SDHAF2|Q9NX18,braak_num,-0.02015813518751501,0.00768861233910715,-2.6218170845970743,0.00966660982031125,153,257,2,ok,0.02480094359275427,0.02015813518751501,Non-client mitochondrial proteins
STG,SDHB,SDHB|P21912,braak_num,-0.03399651906034384,0.00768447699366078,-4.424051121291515,1.874499039701287e-5,153,257,2,ok,1.3108027049175527e-4,0.03399651906034384,Hsp60/10 clients
STG,SDHC,SDHC|Q99643,braak_num,-0.01628006306194277,0.00860307682116605,-1.8923535614478215,0.06041007475094857,153,257,2,ok,0.11409229096347176,0.01628006306194277,Non-client mitochondrial proteins
STG,SDHD,SDHD|O14521,braak_num,-0.02598885512122008,0.00828701899178537,-3.136092139644171,0.00206832593770427,153,257,2,ok,0.00679024778334348,0.02598885512122008,Non-client mitochondrial proteins
STG,SDR39U1,SDR39U1|Q9NRG7,braak_num,-0.02849438943406501,0.00864496372851406,-3.296068130405304,0.0012291694824108,153,257,2,ok,0.00437819412793637,0.02849438943406501,Non-client mitochondrial proteins
STG,SDSL,SDSL|Q96GA7,braak_num,0.02216798784028382,0.0085895544383672,2.5808076541508904,0.01083582895681623,153,257,2,ok,0.02733954356289508,-0.02216798784028382,Non-client mitochondrial proteins
STG,SERAC1,SERAC1|Q96JX3,braak_num,-0.01576728386035853,0.00537971023798993,-2.930879761704375,0.00392060003082653,153,257,2,ok,0.01161738834096362,0.01576728386035853,Non-client mitochondrial proteins
STG,SERPINH1,SERPINH1|P50454,braak_num,0.02612172692746744,0.00905256224873603,2.885561701728667,0.00449589867687931,153,257,2,ok,0.01304802555776482,-0.02612172692746744,Hsp60/10 clients
STG,SFXN1,SFXN1|Q9H9B4,braak_num,-0.03732391945326516,0.00657255538709046,-5.678753126459036,7.022604404356944e-8,153,257,2,ok,1.223695648982719e-6,0.03732391945326516,Non-client mitochondrial proteins
STG,SFXN3,SFXN3|Q9BWM7,braak_num,-0.02288795438992218,0.00812209785960993,-2.817985548258513,0.00549817764634371,153,257,2,ok,0.01546799456922246,0.02288795438992218,Non-client mitochondrial proteins
STG,SFXN4,SFXN4|Q6P4A7,braak_num,-0.01571647010936377,0.00607379551929943,-2.587586305700418,0.01063420102371801,153,257,2,ok,0.02688657474412236,0.01571647010936377,Non-client mitochondrial proteins
STG,SFXN5,SFXN5|Q8TD22,braak_num,0.01141122389311994,0.00695076415359904,1.641722210817831,0.10278528122918214,153,257,2,ok,0.175528408330677,-0.01141122389311994,Non-client mitochondrial proteins
STG,SHMT2,SHMT2|P34897,braak_num,-0.01282579591126453,0.00640827415623343,-2.0014430716558316,0.04718505942762444,153,257,2,ok,0.09275027634662689,0.01282579591126453,Hsp60/10 clients
STG,SIRT3,SIRT3|Q9NTG7,braak_num,0.00773701629620024,0.00715187703363871,1.0818161805368496,0.2811056850118124,153,257,2,ok,0.3917930609829584,-0.00773701629620024,Non-client mitochondrial proteins
STG,SIRT5,SIRT5|Q9NXA8,braak_num,-0.01064858243454764,0.00575753048497065,-1.849505176280785,0.06639306870914269,153,257,2,ok,0.12320171171607558,0.01064858243454764,Non-client mitochondrial proteins
STG,SLC25A1,SLC25A1|P53007,braak_num,0.01359339232256414,0.00521627857280295,2.605955976630246,0.01010463957977743,153,257,2,ok,0.02573484083452475,-0.01359339232256414,Non-client mitochondrial proteins
STG,SLC25A10,SLC25A10|Q9UBX3,braak_num,-0.01865045271396209,0.00564915303328839,-3.301459989499629,0.00120740014326497,153,257,2,ok,0.00430980307830628,0.01865045271396209,Non-client mitochondrial proteins
STG,SLC25A11,SLC25A11|Q02978,braak_num,-0.04001255799312611,0.00797798585363315,-5.015370887741606,1.5048322877669698e-6,153,257,2,ok,1.5451516338738064e-5,0.04001255799312611,Non-client mitochondrial proteins
STG,SLC25A12,SLC25A12|O75746,braak_num,-0.02407806984538764,0.01209112245519259,-1.9913841692213765,0.04829167469616021,153,257,2,ok,0.09453072838162618,0.02407806984538764,Non-client mitochondrial proteins
STG,SLC25A13,SLC25A13|Q9UJS0,braak_num,-0.02459890523511461,0.01088994919419628,-2.258863177086668,0.02536311093585803,153,257,2,ok,0.05575130685458728,0.02459890523511461,Hsp60/10 clients
STG,SLC25A14,SLC25A14|O95258,braak_num,-0.02859431140856041,0.00631278831919841,-4.529585020552575,1.2137680271795926e-5,153,257,2,ok,9.088321520435505e-5,0.02859431140856041,Non-client mitochondrial proteins
STG,SLC25A15,SLC25A15|Q9Y619,braak_num,-0.019391275022023,0.01533530397574403,-1.2644858590800894,0.2083179918729552,136,229,2,ok,0.3092994711548728,0.019391275022023,Non-client mitochondrial proteins
STG,SLC25A16,SLC25A16|P16260,braak_num,-0.01930730949296713,0.00812554231936505,-2.3761256460326754,0.01907829612570952,126,204,2,ok,0.04381254143736935,0.01930730949296713,Non-client mitochondrial proteins
STG,SLC25A18,SLC25A18|Q9H1K4,braak_num,-0.04500647728815473,0.0084855828828647,-5.3038757513096995,4.084682140264258e-7,153,257,2,ok,5.394884118498275e-6,0.04500647728815473,Non-client mitochondrial proteins
STG,SLC25A19,SLC25A19|Q9HC21,braak_num,-0.01498004790777001,0.00544201975108531,-2.75266327447314,0.00665666168232435,153,257,2,ok,0.01816207714683512,0.01498004790777001,Non-client mitochondrial proteins
STG,SLC25A20,SLC25A20|O43772,braak_num,0.03319851766568778,0.00563889792547347,5.88741241718793,2.5564308798199733e-8,153,257,2,ok,5.13078313075621e-7,-0.03319851766568778,Non-client mitochondrial proteins
STG,SLC25A22,SLC25A22|Q9H936,braak_num,-0.05637414253992415,0.00975335300364894,-5.779975616470906,4.312643129727956e-8,153,257,2,ok,7.935589456478625e-7,0.05637414253992415,Non-client mitochondrial proteins
STG,SLC25A23,SLC25A23|Q9BV35,braak_num,-0.01822260675147071,0.00633520814917993,-2.876402214792195,0.00462117413894016,153,257,2,ok,0.0133479255395975,0.01822260675147071,Non-client mitochondrial proteins
STG,SLC25A24,SLC25A24|Q6NUK1,braak_num,3.5534207915310006e-4,0.0057043201593805,0.06229350198178401,0.9504137227624032,153,257,2,ok,0.9696391549490864,-3.5534207915310006e-4,Non-client mitochondrial proteins
STG,SLC25A25,SLC25A25|Q6KCM7,braak_num,-0.00314820883046101,0.00717205895021002,-0.43895467847051456,0.6613388866429735,153,257,2,ok,0.7532731947791602,0.00314820883046101,Non-client mitochondrial proteins
STG,SLC25A26,SLC25A26|Q70HW3,braak_num,-0.02039130035918406,0.00920889797135251,-2.2143040809680268,0.02841343687228848,147,243,2,ok,0.06125723023584853,0.02039130035918406,Non-client mitochondrial proteins
STG,SLC25A27,SLC25A27|O95847,braak_num,-0.03274477441131115,0.0083464169669546,-3.9232133430375304,1.337143433336256e-4,153,257,2,ok,6.825251274302631e-4,0.03274477441131115,Non-client mitochondrial proteins
STG,SLC25A29,SLC25A29|Q8N8R3,braak_num,0.00830908163102469,0.00552339873665559,1.5043421681440694,0.13463881163107258,153,257,2,ok,0.21676715058168383,-0.00830908163102469,Non-client mitochondrial proteins
STG,SLC25A3,SLC25A3|Q00325,braak_num,-0.03020658321214103,0.00808113203341456,-3.737914822730311,2.650789682684996e-4,153,257,2,ok,0.0012211446649908,0.03020658321214103,Non-client mitochondrial proteins
STG,SLC25A32,SLC25A32|Q9H2D1,braak_num,-0.01634578853607233,0.00669681469728267,-2.4408303462099465,0.01584199575960141,153,257,2,ok,0.0375520448339065,0.01634578853607233,Non-client mitochondrial proteins
STG,SLC25A33,SLC25A33|Q9BSK2,braak_num,-0.02433060595965876,0.0064317386917645,-3.782897148917568,2.249963379289164e-4,153,257,2,ok,0.00106367865633806,0.02433060595965876,Non-client mitochondrial proteins
STG,SLC25A36,SLC25A36|Q96CQ1,braak_num,-0.01897223800598928,0.00542458879371287,-3.497451830446247,6.215887251067112e-4,153,257,2,ok,0.00249816046663448,0.01897223800598928,Non-client mitochondrial proteins
STG,SLC25A4,SLC25A4|P12235,braak_num,-0.03896623542836188,0.00890954756119119,-4.373536945702343,2.3022622105951413e-5,153,257,2,ok,1.5423413873319412e-4,0.03896623542836188,Non-client mitochondrial proteins
STG,SLC25A40,SLC25A40|Q8TBP6,braak_num,-0.02264961241284836,0.00650575182589373,-3.481475011496744,6.568425658601971e-4,153,257,2,ok,0.00261121067891729,0.02264961241284836,Non-client mitochondrial proteins
STG,SLC25A42,SLC25A42|Q86VD7,braak_num,-0.01015326611093637,0.00529288842880847,-1.918284552471108,0.05701355587999721,153,257,2,ok,0.10868976751584272,0.01015326611093637,Non-client mitochondrial proteins
STG,SLC25A44,SLC25A44|Q96H78,braak_num,-0.01387417607041127,0.00662731751982128,-2.093482925620473,0.03802328646015626,153,257,2,ok,0.07790331938605789,0.01387417607041127,Non-client mitochondrial proteins
STG,SLC25A46,SLC25A46|Q96AG3,braak_num,-0.02711351923846519,0.00717058054508409,-3.7812167463976554,2.2638426616597987e-4,153,257,2,ok,0.00106893192681807,0.02711351923846519,Non-client mitochondrial proteins
STG,SLC25A5,SLC25A5|P05141,braak_num,-0.04221833907640184,0.00919925391608158,-4.589322075630315,9.461566685452036e-6,153,257,2,ok,7.364001326237246e-5,0.04221833907640184,Hsp60/10 clients
STG,SLC25A51,SLC25A51|Q9H1U9,braak_num,-0.02594306846531726,0.01111981364209589,-2.3330488531845077,0.02100147130553943,153,257,2,ok,0.04760789978763877,0.02594306846531726,Non-client mitochondrial proteins
STG,SLC25A6,SLC25A6|P12236,braak_num,-0.04310438003367561,0.00909399839672286,-4.739871083461901,5.002104469470423e-6,153,257,2,ok,4.267351876058291e-5,0.04310438003367561,Hsp60/10 clients
STG,SLC30A9,SLC30A9|Q6PML9,braak_num,-0.00403592839014394,0.00491252079317239,-0.8215595536518105,0.4126580818126178,153,257,2,ok,0.5282501010473465,0.00403592839014394,Non-client mitochondrial proteins
STG,SLIRP,SLIRP|Q9GZT3,braak_num,-0.04902334501216804,0.00828334886086567,-5.918300174917991,2.1973544080280293e-8,153,257,2,ok,4.570309360629238e-7,0.04902334501216804,Hsp60/10 clients
STG,SMDT1,SMDT1|Q9H4I9,braak_num,-0.02399078031383358,0.00770579054521048,-3.113344461295409,0.0022237413047763,153,257,2,ok,0.00722493253027121,0.02399078031383358,Non-client mitochondrial proteins
STG,SMIM20,SMIM20|Q8N5G0,braak_num,-0.01822661774772306,0.0067518199064126,-2.6995118353811804,0.00775829455564217,153,257,2,ok,0.02067887163324778,0.01822661774772306,Non-client mitochondrial proteins
STG,SNAP29,SNAP29|O95721,braak_num,-0.01259293818424837,0.00510278799011252,-2.4678544765428674,0.01473960732039535,153,257,2,ok,0.03541726429442814,0.01259293818424837,Non-client mitochondrial proteins
STG,SND1,SND1|Q7KZF4,braak_num,0.00575572634521744,0.00273093515327859,2.107602715614641,0.03676261187869866,153,257,2,ok,0.07556831777030734,-0.00575572634521744,Non-client mitochondrial proteins
STG,SOD1,SOD1|P00441,braak_num,0.03505813399120876,0.0055827296104038,6.2797478004085105,3.6192322923647102e-9,153,257,2,ok,1.0065602038250883e-7,-0.03505813399120876,Non-client mitochondrial proteins
STG,SOD2,SOD2|P04179,braak_num,0.02921032545290101,0.0087110474687269,3.3532506346415323,0.00101586656542395,153,257,2,ok,0.00373148873503275,-0.02921032545290101,Hsp60/10 clients
STG,SPATA20,SPATA20|Q8TB22,braak_num,0.01681377846864936,0.01005796048558291,1.671688658227505,0.09671309105796742,153,257,2,ok,0.16753763896668614,-0.01681377846864936,Non-client mitochondrial proteins
STG,SPG7,SPG7|Q9UQ90,braak_num,-0.02400372864475354,0.0063656405593685,-3.7708268980765096,2.3514768556058763e-4,153,257,2,ok,0.00110469477376774,0.02400372864475354,Non-client mitochondrial proteins
STG,SPHK2,SPHK2|Q9NRA0,braak_num,-0.00194502260709017,0.00414202402083009,-0.4695826478332159,0.6393490252201548,153,257,2,ok,0.735977224632567,0.00194502260709017,Non-client mitochondrial proteins
STG,SPHKAP,SPHKAP|Q2M3C7,braak_num,-0.03326069956070781,0.01021410751667195,-3.2563490746908745,0.00140117779986187,153,257,2,ok,0.00489733023477755,0.03326069956070781,Non-client mitochondrial proteins
STG,SPIRE1,SPIRE1|Q08AE8,braak_num,0.00631022078196341,0.00346249481033993,1.8224491667451497,0.07041909331115344,153,257,2,ok,0.1293754531361255,-0.00631022078196341,Non-client mitochondrial proteins
STG,SPR,SPR|P35270,braak_num,0.0374354806345528,0.00582994092148007,6.421245281684416,1.758810942967084e-9,153,257,2,ok,5.638820013893541e-8,-0.0374354806345528,Non-client mitochondrial proteins
STG,SPRYD4,SPRYD4|Q8WW59,braak_num,-0.0183468563337814,0.00615630509349147,-2.980173343452056,0.00337210185217403,153,257,2,ok,0.01022874397914054,0.0183468563337814,Hsp60/10 clients
STG,SPTLC2,SPTLC2|O15270,braak_num,-0.00576602171402065,0.00658236454611074,-0.8759803067163092,0.3824698995706457,153,257,2,ok,0.49945827775968143,0.00576602171402065,Non-client mitochondrial proteins
STG,SSBP1,SSBP1|Q04837,braak_num,-0.02532842027427071,0.00815246272449075,-3.1068428191866224,0.00227010847691592,153,257,2,ok,0.0073534894889516304,0.02532842027427071,Hsp60/10 clients
STG,ST13,ST13|P50502,braak_num,-0.01653648382120824,0.00430959989811067,-3.8371273928370577,1.843009732165307e-4,153,257,2,ok,8.946574763335642e-4,0.01653648382120824,Hsp60/10 clients
STG,STARD7,STARD7|Q9NQZ5,braak_num,0.03294720399831571,0.00704634748678157,4.675784732462063,6.572255751174324e-6,153,257,2,ok,5.380516188556002e-5,-0.03294720399831571,Non-client mitochondrial proteins
STG,STOM,STOM|P27105,braak_num,0.04524154442250523,0.01211589194921133,3.734066349564148,2.688056340558617e-4,153,257,2,ok,0.00123480606035854,-0.04524154442250523,Non-client mitochondrial proteins
STG,STOML2,STOML2|Q9UJZ1,braak_num,-0.01806800322675098,0.00582971267619094,-3.0992956652121597,0.00232505327118615,153,257,2,ok,0.00749902867519086,0.01806800322675098,Hsp60/10 clients
STG,STX17,STX17|P56962,braak_num,-0.04551797344342129,0.0071811530698378,-6.33853268420156,2.6844923101292104e-9,153,257,2,ok,8.051421620581122e-8,0.04551797344342129,Non-client mitochondrial proteins
STG,SUCLA2,SUCLA2|Q9P2R7,braak_num,-0.03296790431573205,0.00777688162370551,-4.2392189968841985,3.9453095517721475e-5,153,257,2,ok,2.4429798458619646e-4,0.03296790431573205,Hsp60/10 clients
STG,SUCLG1,SUCLG1|P53597,braak_num,-0.02382646654594925,0.00652289062473372,-3.652746599123279,3.601642236342165e-4,153,257,2,ok,0.0015665051621338,0.02382646654594925,Hsp60/10 clients
STG,SUCLG2,SUCLG2|Q96I99,braak_num,0.04514574509084738,0.00768352255503555,5.8756572610384525,2.707693687120424e-8,153,257,2,ok,5.357050884233782e-7,-0.04514574509084738,Hsp60/10 clients
STG,SUOX,SUOX|P51687,braak_num,-0.01193907758854724,0.00509083150361732,-2.345211696765815,0.02035319142469951,153,257,2,ok,0.04635422679644947,0.01193907758854724,Non-client mitochondrial proteins
STG,SUPV3L1,SUPV3L1|Q8IYB8,braak_num,-0.00390217998891219,0.00379112179601468,-1.0292942825034672,0.30503201820869347,153,257,2,ok,0.4189617137354906,0.00390217998891219,Hsp60/10 clients
STG,SURF1,SURF1|Q15526,braak_num,-0.00380695412952196,0.0088322312711035,-0.4310297152178537,0.66707815699670725,153,257,2,ok,0.7576569900622977,0.00380695412952196,Non-client mitochondrial proteins
STG,SYNE1,SYNE1|Q8NF91,braak_num,-0.00591521325073753,0.00488516532367419,-1.2108522145753366,0.22789519939612596,153,257,2,ok,0.33178759660811996,0.00591521325073753,Hsp60/10 clients
STG,TACO1,TACO1|Q9BSH4,braak_num,-0.0257462326077331,0.00746776604647084,-3.447648526683611,7.377723587545481e-4,153,257,2,ok,0.00287489036834138,0.0257462326077331,Hsp60/10 clients
STG,TAMM41,TAMM41|Q96BW9,braak_num,-0.0372185587182328,0.00657556865695817,-5.660127763832056,7.677564488752638e-8,153,257,2,ok,1.3157290974210948e-6,0.0372185587182328,Hsp60/10 clients
STG,TARS2,TARS2|Q9BW92,braak_num,-0.0103674268591573,0.00600939473991839,-1.725203170677068,0.08659245154296608,153,257,2,ok,0.15322503605148732,0.0103674268591573,Hsp60/10 clients
STG,TBRG4,TBRG4|Q969Z0,braak_num,-0.03087955595716009,0.00695956424576773,-4.436995602984574,1.7778568702388233e-5,153,257,2,ok,1.2531251828316225e-4,0.03087955595716009,Hsp60/10 clients
STG,TDRKH,TDRKH|Q9Y2W6,braak_num,-0.01519754330386524,0.00536782103567426,-2.8312313698357587,0.00528696785698248,153,257,2,ok,0.01495158196393594,0.01519754330386524,Non-client mitochondrial proteins
STG,TEFM,TEFM|Q96QE5,braak_num,-0.02256750698146956,0.01101490713730317,-2.0488150013577746,0.04279668961354787,119,202,2,ok,0.08566378299368187,0.02256750698146956,Non-client mitochondrial proteins
STG,TFAM,TFAM|Q00059,braak_num,-0.01592477562256141,0.0064458716359235,-2.4705387451110576,0.01463392781650197,153,257,2,ok,0.03523290956364833,0.01592477562256141,Hsp60/10 clients
STG,TFB1M,TFB1M|Q8WVM0,braak_num,-0.03249933240191177,0.00867395398376337,-3.746772517210343,2.6040900305534067e-4,147,243,2,ok,0.00120419061080317,0.03249933240191177,Non-client mitochondrial proteins
STG,TFB2M,TFB2M|Q9H5Q4,braak_num,-0.00726175885655696,0.007819882241861,-0.9286276483402368,0.35513396935409414,115,200,2,ok,0.4711563387887083,0.00726175885655696,Non-client mitochondrial proteins
STG,THEM4,THEM4|Q5T1C6,braak_num,-3.229488473616112e-5,0.00884078256465834,-0.00365294412570016,0.9970906925648948,143,242,2,ok,0.9979768531484914,3.229488473616112e-5,Non-client mitochondrial proteins
STG,THG1L,THG1L|Q9NWX6,braak_num,-5.960023092094925e-4,0.00585239839720547,-0.10183898442287936,0.9190232625523964,153,257,2,ok,0.9482480854022712,5.960023092094925e-4,Non-client mitochondrial proteins
STG,THNSL1,THNSL1|Q8IYQ7,braak_num,-0.02051017436686858,0.00602289988835247,-3.4053653135647624,8.521056102057438e-4,153,257,2,ok,0.00323116322935049,0.02051017436686858,Non-client mitochondrial proteins
STG,TIMM10,TIMM10|P62072,braak_num,-0.01452033884909535,0.00589843774286195,-2.4617262200770482,0.01498342679565455,153,257,2,ok,0.03589679459239513,0.01452033884909535,Non-client mitochondrial proteins
STG,TIMM10B,TIMM10B|Q9Y5J6,braak_num,-0.00844335368911386,0.0058352102255284,-1.4469664952558388,0.15003539251179956,153,257,2,ok,0.2361650243709342,0.00844335368911386,Non-client mitochondrial proteins
STG,TIMM13,TIMM13|Q9Y5L4,braak_num,-0.02531852129769246,0.00619984778833673,-4.083732724103669,7.252912696503467e-5,153,257,2,ok,4.10464256905609e-4,0.02531852129769246,Hsp60/10 clients
STG,TIMM17A,TIMM17A|Q99595,braak_num,0.00282866132397084,0.00653628388360311,0.4327629237565404,0.6658212674477653,153,257,2,ok,0.7568730838884208,-0.00282866132397084,Non-client mitochondrial proteins
STG,TIMM17B,TIMM17B|O60830,braak_num,-0.00929392895503996,0.00562536248578319,-1.6521475688950211,0.10063891131075006,153,257,2,ok,0.17271141796523998,0.00929392895503996,Non-client mitochondrial proteins
STG,TIMM21,TIMM21|Q9BVV7,braak_num,4.1828972082934713e-4,0.00538480263354903,0.0776796754301205,0.938188494624546,153,257,2,ok,0.960892972082842,-4.1828972082934713e-4,Non-client mitochondrial proteins
STG,TIMM22,TIMM22|Q9Y584,braak_num,-0.00947769845608693,0.00506788551487278,-1.8701484925562393,0.06345171635154362,153,257,2,ok,0.11877673210883186,0.00947769845608693,Non-client mitochondrial proteins
STG,TIMM23,TIMM23|O14925,braak_num,-0.014520831021964749,0.00498676862204573,-2.9118718197131512,0.00415314067662382,153,257,2,ok,0.01220980711152411,0.014520831021964749,Non-client mitochondrial proteins
STG,TIMM44,TIMM44|O43615,braak_num,-0.02611003442035519,0.00644292688260842,-4.052511365732667,8.180376571167076e-5,153,257,2,ok,4.557972841656572e-4,0.02611003442035519,Hsp60/10 clients
STG,TIMM50,TIMM50|Q3ZCQ8,braak_num,-0.01295140747856531,0.00595324628225464,-2.1755201892403977,0.03118920685876265,153,257,2,ok,0.06620055376432525,0.01295140747856531,Non-client mitochondrial proteins
STG,TIMM8A,TIMM8A|O60220,braak_num,-0.03232971496281513,0.00750074223476842,-4.310202104127271,2.9722484624123473e-5,153,257,2,ok,1.922404725350866e-4,0.03232971496281513,Non-client mitochondrial proteins
STG,TIMM8B,TIMM8B|Q9Y5J9,braak_num,-0.02588047008257834,0.00605067591904243,-4.277285782424472,3.390756258706535e-5,153,257,2,ok,2.154413930956228e-4,0.02588047008257834,Hsp60/10 clients
STG,TIMM9,TIMM9|Q9Y5J7,braak_num,-0.02190670620197409,0.00707391694144827,-3.096828303653937,0.0023432813423613498,153,257,2,ok,0.00753534872366879,0.02190670620197409,Non-client mitochondrial proteins
STG,TIMMDC1,TIMMDC1|Q9NPL8,braak_num,-0.01767431265585732,0.0065443392811902704,-2.7007023774969605,0.00773191223271116,153,257,2,ok,0.02061419711673801,0.01767431265585732,Non-client mitochondrial proteins
STG,TK2,TK2|O00142,braak_num,-0.00763506374625896,0.00447851307623891,-1.7048211351145464,0.09034027591519884,153,257,2,ok,0.15853114219551928,0.00763506374625896,Non-client mitochondrial proteins
STG,TMEM11,TMEM11|P17152,braak_num,-0.01060737810716804,0.00638680598086019,-1.660826732322219,0.0988797022668681,153,257,2,ok,0.1704436022429067,0.01060737810716804,Non-client mitochondrial proteins
STG,TMEM126A,TMEM126A|Q9H061,braak_num,-0.03699871971755646,0.00779895791364997,-4.744059415014943,4.913228847208125e-6,153,257,2,ok,4.214556818451599e-5,0.03699871971755646,Non-client mitochondrial proteins
STG,TMEM126B,TMEM126B|Q8IUX1,braak_num,0.0040885539537694,0.00701901778830299,0.5824965938372278,0.5611246331839119,153,257,2,ok,0.6673982379535922,-0.0040885539537694,Non-client mitochondrial proteins
STG,TMEM143,TMEM143|Q96AN5,braak_num,-0.02246461900694147,0.00609857975638137,-3.683582064075681,3.2252058647024224e-4,153,257,2,ok,0.00143286873058025,0.02246461900694147,Non-client mitochondrial proteins
STG,TMEM14C,TMEM14C|Q9P0S9,braak_num,0.00177117782625362,0.00565674958335986,0.31310875621289574,0.7546418343874164,153,257,2,ok,0.8262235709682431,-0.00177117782625362,Non-client mitochondrial proteins
STG,TMEM177,TMEM177|Q53S58,braak_num,-0.02514316818491973,0.00786572977135762,-3.1965461458485898,0.00170287060154227,153,257,2,ok,0.00575946575240184,0.02514316818491973,Non-client mitochondrial proteins
STG,TMEM186,TMEM186|Q96B77,braak_num,-0.00919714987881718,0.0058384633576369,-1.5752689218794194,0.11734410311404872,153,257,2,ok,0.19468680751868936,0.00919714987881718,Non-client mitochondrial proteins
STG,TMEM205,TMEM205|Q6UW68,braak_num,0.01302851731560101,0.00447500461559735,2.9113975145837614,0.00415910168064134,153,257,2,ok,0.01221626305351927,-0.01302851731560101,Non-client mitochondrial proteins
STG,TMEM65,TMEM65|Q6PI78,braak_num,-0.03434654894280231,0.00799059998551066,-4.298369209456464,3.1166396935564386e-5,153,257,2,ok,2.0024667179589689e-4,0.03434654894280231,Non-client mitochondrial proteins
STG,TMEM70,TMEM70|Q9BUB7,braak_num,-0.01906984526418241,0.00643703801572744,-2.962518664266015,0.00355987456238046,153,257,2,ok,0.01071153600933894,0.01906984526418241,Non-client mitochondrial proteins
STG,TMLHE,TMLHE|Q9NVH6,braak_num,0.00660969826170799,0.00875727860629091,0.754766241759149,0.4515967492431723,153,257,2,ok,0.565381705097497,-0.00660969826170799,Non-client mitochondrial proteins
STG,TOMM20,TOMM20|Q15388,braak_num,-0.02748607087361693,0.00836326573871377,-3.2865236777522444,0.00126860496784828,153,257,2,ok,0.00449366839775664,0.02748607087361693,Non-client mitochondrial proteins
STG,TOMM22,TOMM22|Q9NS69,braak_num,-0.01517144803498863,0.00607226957757989,-2.4984806489825235,0.01357328457766376,153,257,2,ok,0.0330967815829106,0.01517144803498863,Non-client mitochondrial proteins
STG,TOMM34,TOMM34|Q15785,braak_num,0.02074556336169338,0.00643490755124555,3.2239100867389814,0.00155802241539889,153,257,2,ok,0.00536652165304062,-0.02074556336169338,Non-client mitochondrial proteins
STG,TOMM40,TOMM40|O96008,braak_num,-0.01289046251874025,0.00480724896188694,-2.6814634775396553,0.00816835018425393,153,257,2,ok,0.02157685771873209,0.01289046251874025,Non-client mitochondrial proteins
STG,TOMM40L,TOMM40L|Q969M1,braak_num,-0.01291870062559466,0.00602291684811257,-2.1449242869164045,0.03360221806102265,153,257,2,ok,0.07012950055874669,0.01291870062559466,Non-client mitochondrial proteins
STG,TOMM5,TOMM5|Q8N4H5,braak_num,-0.02332350912815193,0.0067340211618707,-3.4635336847787195,6.986668820358799e-4,153,257,2,ok,0.0027389542608688,0.02332350912815193,Non-client mitochondrial proteins
STG,TOMM6,TOMM6|Q96B49,braak_num,-0.00124923332543432,0.00634945128837726,-0.19674665867916183,0.8442975490744419,153,257,2,ok,0.8942755541556711,0.00124923332543432,Non-client mitochondrial proteins
STG,TRAP1,TRAP1|Q12931,braak_num,-0.0172662832405189,0.0058729700470529,-2.93995765382513,0.00381381159467156,153,257,2,ok,0.01133529730155715,0.0172662832405189,Hsp60/10 clients
STG,TRIAP1,TRIAP1|O43715,braak_num,-0.00557924992953093,0.00757113527211636,-0.7369106123461668,0.4623512028716634,153,257,2,ok,0.5753677587257443,0.00557924992953093,Non-client mitochondrial proteins
STG,TRMT1,TRMT1|Q9NXH9,braak_num,-0.00885896980396872,0.00592631988796764,-1.494851775037543,0.1370967424349102,153,257,2,ok,0.22003292512142059,0.00885896980396872,Non-client mitochondrial proteins
STG,TRMT10C,TRMT10C|Q7L0Y3,braak_num,-0.02713571501379388,0.00609312243893924,-4.453499053355303,1.661580990585239e-5,153,257,2,ok,1.1771345969691934e-4,0.02713571501379388,Non-client mitochondrial proteins
STG,TRMT5,TRMT5|Q32P41,braak_num,-0.00892202494208883,0.00776328974669712,-1.149258269779856,0.2524519298436271,143,242,2,ok,0.3593692724623963,0.00892202494208883,Non-client mitochondrial proteins
STG,TRMT61B,TRMT61B|Q9BVS5,braak_num,0.01079850005756946,0.00778898959754959,1.38638008464752,0.16773000438967808,153,257,2,ok,0.25899172949383353,-0.01079850005756946,Non-client mitochondrial proteins
STG,TRMU,TRMU|O75648,braak_num,-0.00230663519995606,0.00522530070643236,-0.44143587700447345,0.6595883607608974,144,244,2,ok,0.7519834933618251,0.00230663519995606,Hsp60/10 clients
STG,TRNT1,TRNT1|Q96Q11,braak_num,-0.00148385477979681,0.00393305537486142,-0.3772778764522459,0.7065112296331019,153,257,2,ok,0.7880004755685742,0.00148385477979681,Non-client mitochondrial proteins
STG,TRUB1,TRUB1|Q8WWH5,braak_num,-0.02097357516155348,0.00577398047290798,-3.632429181214468,3.871961807139679e-4,153,257,2,ok,0.00167064167689262,0.02097357516155348,Hsp60/10 clients
STG,TRUB2,TRUB2|O95900,braak_num,-0.02056960821763508,0.00995998466818669,-2.0652248876784634,0.04209988549419985,87,147,2,ok,0.08454246634146391,0.02056960821763508,Hsp60/10 clients
STG,TSFM,TSFM|P43897,braak_num,-0.03209613081189097,0.00862892293351585,-3.719598733142632,2.8326391629530874e-4,153,257,2,ok,0.00128604988862804,0.03209613081189097,Hsp60/10 clients
STG,TSPO,TSPO|P30536,braak_num,0.06446863502353206,0.00967417311560481,6.663994354157427,5.00311314972045e-10,153,257,2,ok,2.0635721779397824e-8,-0.06446863502353206,Non-client mitochondrial proteins
STG,TST,TST|Q16762,braak_num,0.03359915753509716,0.00940482103376568,3.572546188222794,4.784424256429883e-4,153,257,2,ok,0.0019970662826796,-0.03359915753509716,Hsp60/10 clients
STG,TSTD1,TSTD1|Q8NFU3,braak_num,-0.02271202523017064,0.0080432781803333,-2.8237274306518514,0.00540569386160692,153,257,2,ok,0.01525631314841454,0.02271202523017064,Non-client mitochondrial proteins
STG,TTC19,TTC19|Q6DKK2,braak_num,-0.03543547368271645,0.00820687008790054,-4.317781724723443,2.8831563840372743e-5,153,257,2,ok,1.8772337285765105e-4,0.03543547368271645,Non-client mitochondrial proteins
STG,TUBA1B,TUBA1B|P68363,braak_num,-0.03211234206279086,0.0054398099283411204,-5.90321031172197,2.3661269164420046e-8,153,257,2,ok,4.828486248353558e-7,0.03211234206279086,Hsp60/10 clients
STG,TUBB,TUBB|P07437,braak_num,-0.03016518697288582,0.00521223753074775,-5.787377646344193,4.1607688421234796e-8,153,257,2,ok,7.670629528263248e-7,0.03016518697288582,Hsp60/10 clients
STG,TUBB4B,TUBB4B|P68371,braak_num,-0.02948593115566108,0.005212487753257,-5.656786653788665,7.801215792886206e-8,153,257,2,ok,1.334570026853327e-6,0.02948593115566108,Hsp60/10 clients
STG,TUFM,TUFM|P49411,braak_num,-0.02964994397700562,0.005785109034031,-5.125217831261144,9.20911705502469e-7,153,257,2,ok,1.0399251208075446e-5,0.02964994397700562,Hsp60/10 clients
STG,TXN2,TXN2|Q99757,braak_num,-0.01388108288626218,0.00529184242159003,-2.623109643180067,0.00963167854395876,153,257,2,ok,0.02472435626236671,0.01388108288626218,Non-client mitochondrial proteins
STG,TXNRD1,TXNRD1|Q16881,braak_num,0.02688149583954644,0.00505956675659699,5.313003490762636,3.916682515762474e-7,153,257,2,ok,5.229765104037301e-6,-0.02688149583954644,Non-client mitochondrial proteins
STG,TXNRD2,TXNRD2|Q9NNW7,braak_num,-0.01090595965397461,0.00692789234451019,-1.5742103242433785,0.11758861982381584,153,257,2,ok,0.19495956827883212,0.01090595965397461,Non-client mitochondrial proteins
STG,UNG,UNG|P13051,braak_num,0.0035937371487045,0.00665290807602186,0.5401753800953456,0.5898935199259178,153,257,2,ok,0.6933973581643381,-0.0035937371487045,Non-client mitochondrial proteins
STG,UQCC1,UQCC1|Q9NVA1,braak_num,0.00250959338598009,0.00589485305489697,0.4257261992129431,0.6709300188096405,153,257,2,ok,0.7600588285458,-0.00250959338598009,Non-client mitochondrial proteins
STG,UQCC2,UQCC2|Q9BRT2,braak_num,0.00708976775636049,0.00656655600704731,1.079678258854666,0.282053767023751,153,257,2,ok,0.3929456659809922,-0.00708976775636049,Non-client mitochondrial proteins
STG,UQCR10,UQCR10|Q9UDW1,braak_num,-0.03632435338081363,0.00923787178888716,-3.9321127431656464,1.2931441723166713e-4,153,257,2,ok,6.64947985912862e-4,0.03632435338081363,Non-client mitochondrial proteins
STG,UQCR11,UQCR11|O14957,braak_num,-0.03609637857211478,0.00896107091359859,-4.028132231086112,8.982237235507626e-5,153,257,2,ok,4.90645888049558e-4,0.03609637857211478,Non-client mitochondrial proteins
STG,UQCRB,UQCRB|P14927,braak_num,-0.0320871711521977,0.00892336202783767,-3.5958611846182267,4.407386085077329e-4,153,257,2,ok,0.0018652824413975,0.0320871711521977,Non-client mitochondrial proteins
STG,UQCRC1,UQCRC1|P31930,braak_num,-0.03684818474593692,0.00895456927808526,-4.115014759684351,6.42492002811426e-5,153,257,2,ok,3.697766581584053e-4,0.03684818474593692,Hsp60/10 clients
STG,UQCRC2,UQCRC2|P22695,braak_num,-0.03865019799339327,0.00936737182968496,-4.126045031212679,6.155136286633554e-5,153,257,2,ok,3.568439345687374e-4,0.03865019799339327,Hsp60/10 clients
STG,UQCRFS1,UQCRFS1|P47985,braak_num,-0.03839172859554311,0.00913410739739763,-4.203117713120075,4.55083803504471e-5,153,257,2,ok,2.758272567442416e-4,0.03839172859554311,Hsp60/10 clients
STG,UQCRH,UQCRH|P07919,braak_num,-0.02779609654039409,0.0094963722514243391,-2.92702263606242,0.00396679857317155,153,257,2,ok,0.01172572648382992,0.02779609654039409,Non-client mitochondrial proteins
STG,UQCRQ,UQCRQ|O14949,braak_num,-0.03165960222136573,0.00930562536320283,-3.402200388010145,8.612996006230072e-4,153,257,2,ok,0.00325461580452808,0.03165960222136573,Non-client mitochondrial proteins
STG,USP30,USP30|Q70CQ3,braak_num,0.01870000228652454,0.00400549001137454,4.6685929145801,6.775674105678327e-6,153,257,2,ok,5.51559196457672e-5,-0.01870000228652454,Non-client mitochondrial proteins
STG,VARS2,VARS2|Q5ST30,braak_num,-0.00307703790204939,0.00496439541882233,-0.6198212757958218,0.5363350395340758,153,257,2,ok,0.6436549469639617,0.00307703790204939,Hsp60/10 clients
STG,VDAC1,VDAC1|P21796,braak_num,-0.03731647922468528,0.00775904767348826,-4.809414865717509,3.70928000605653e-6,153,257,2,ok,3.330823946397995e-5,0.03731647922468528,Non-client mitochondrial proteins
STG,VDAC2,VDAC2|P45880,braak_num,-0.02711509588724759,0.00770602367814318,-3.518688368964515,5.774765715066953e-4,153,257,2,ok,0.00234410214639123,0.02711509588724759,Non-client mitochondrial proteins
STG,VDAC3,VDAC3|Q9Y277,braak_num,-0.02699452006650149,0.00750890211488221,-3.595002259118531,4.420764399433786e-4,153,257,2,ok,0.00186931888201948,0.02699452006650149,Non-client mitochondrial proteins
STG,VPS13D,VPS13D|Q5THJ4,braak_num,-8.105057973595746e-4,0.00359085994825433,-0.2257135641710548,0.8217377178057061,153,257,2,ok,0.8771570287444614,8.105057973595746e-4,Non-client mitochondrial proteins
STG,VWA8,VWA8|A3KMH1,braak_num,-0.00963401411280862,0.00768708658046312,-1.2532724865222216,0.21209629386234288,153,257,2,ok,0.31371301085793124,0.00963401411280862,Non-client mitochondrial proteins
STG,WARS2,WARS2|Q9UGM6,braak_num,-4.015814609755262e-4,0.00516194039316829,-0.07779660948952637,0.9380956361960856,153,257,2,ok,0.960892972082842,4.015814609755262e-4,Non-client mitochondrial proteins
STG,XPNPEP3,XPNPEP3|Q9NQH7,braak_num,-0.01482224125048323,0.00778350287374607,-1.9043149968478803,0.05882283547619748,153,257,2,ok,0.1116578550166354,0.01482224125048323,Hsp60/10 clients
STG,YARS2,YARS2|Q9Y2Z4,braak_num,-0.00721853700264663,0.00625268948770586,-1.15446913153769,0.25018122517772934,153,257,2,ok,0.3569198367111267,0.00721853700264663,Hsp60/10 clients
STG,YME1L1,YME1L1|Q96TA2,braak_num,-0.01084784375257461,0.00522587271426949,-2.0757956317906587,0.03965473396687142,153,257,2,ok,0.08055074716893289,0.01084784375257461,Non-client mitochondrial proteins
STG,YRDC,YRDC|Q86U90,braak_num,0.00217145345281094,0.00569654629246981,0.381187712927279,0.7036501881425432,144,244,2,ok,0.786014566373596,-0.00217145345281094,Non-client mitochondrial proteins
STG,YWHAE,YWHAE|P62258,braak_num,-0.00969948624836661,0.00393206478665449,-2.46676664160948,0.01478262844697105,153,257,2,ok,0.03550311011665834,0.00969948624836661,Hsp60/10 clients
STG,ZADH2,ZADH2|Q8N4Q0,braak_num,-0.02403129935475672,0.00760575378589488,-3.159620996320381,0.00191821107927746,153,257,2,ok,0.00637918231830776,0.02403129935475672,Hsp60/10 clients
