gene,braak_beta_adjusted,braak_se_adjusted,braak_p_adjusted,n_adjusted,braak_beta_cerad_adjusted,braak_se_cerad_adjusted,braak_p_cerad_adjusted,n_cerad_adjusted,inverse_braak_beta_adjusted,inverse_braak_beta_cerad_adjusted
AARS2,-0.03342059769244286,0.11473389360875721,0.7713698961902831,117,-0.10166312537660473,0.16141167889113756,0.5300952741175318,117,0.03342059769244286,0.10166312537660473
ABHD10,-0.1071189267457489,0.12310128757867729,0.3860692151834253,117,-0.22094192616219233,0.17278114095368718,0.20365616725009564,117,0.1071189267457489,0.22094192616219233
ABHD11,0.0025771538097815907,0.11168147883688752,0.9816307695047692,117,0.04154726893925729,0.15728602510611486,0.7921533392206042,117,-0.0025771538097815907,-0.04154726893925729
ACAA2,-0.2878263468204781,0.10480698144429092,0.007025305275553541,117,-0.2490265671428941,0.14759394112699475,0.09436528647288486,117,0.2878263468204781,0.2490265671428941
ACAD9,-0.06131130800737623,0.10661938451539889,0.566411966719802,117,0.016797986606347393,0.14986888361689227,0.9109588070505211,117,0.06131130800737623,-0.016797986606347393
ACADVL,0.054495071083714035,0.11964953986728318,0.6496631470615165,117,-0.14042485063450058,0.16652596091658414,0.40089598478891597,117,-0.054495071083714035,0.14042485063450058
ACAT1,-0.04794184910449133,0.12661777227328785,0.7056761252202575,117,-0.18484076208411432,0.17745711852603682,0.2998568171562308,117,0.04794184910449133,0.18484076208411432
ACO2,-0.1299126582058916,0.1155838175254485,0.26342934025998843,117,-0.18732024736632055,0.16268793835189607,0.2520383889301455,117,0.1299126582058916,0.18732024736632055
ACOT13,-5.811270911173947e-4,0.1115919061289139,0.9958542117858098,117,-0.1497920880657799,0.15594615341898246,0.33887259034882444,117,5.811270911173947e-4,0.1497920880657799
ACSF3,0.028441225576821,0.11084042109918416,0.7979612984386484,117,-0.06153599442266517,0.1557138319561723,0.6934637193999637,117,-0.028441225576821,0.06153599442266517
AFG3L2,0.020822636030031615,0.11773276135473186,0.8599349932524423,117,-0.09594994435534449,0.1651470575166279,0.5624203135706454,117,-0.020822636030031615,0.09594994435534449
AIFM1,0.0227010650424237,0.10769039296409032,0.8334268965417136,117,-0.031127680726865684,0.15157547448060218,0.8376662793929336,117,-0.0227010650424237,0.031127680726865684
AK2,-0.07348920670521795,0.11666625020279688,0.5300366317081454,117,0.011242460021743454,0.16399821286296107,0.945469301179227,117,0.07348920670521795,-0.011242460021743454
AK3,-0.023582923148832927,0.09997625804419946,0.8139525362754032,117,0.024277499772029296,0.1407311899642573,0.86335096309505,117,0.023582923148832927,-0.024277499772029296
AK4,0.2291375051343326,0.11352050763158526,0.045932001227075005,117,0.10389355906304897,0.15906529062851552,0.5150099237749266,117,-0.2291375051343326,-0.10389355906304897
AKR7A2,0.13273390148247297,0.11708074704232445,0.2593431977349023,117,0.035082582913350875,0.16445254704994708,0.8314612794770762,117,-0.13273390148247297,-0.035082582913350875
ALDH18A1,0.11322304984095496,0.10004544915928047,0.2601710885358104,117,0.11885630905660506,0.14097561375552836,0.4009865466335266,117,-0.11322304984095496,-0.11885630905660506
ALDH1B1,-0.013636550068584061,0.10677101803681344,0.8986014084346265,117,0.015991498734165322,0.1504014759036677,0.9155160920114115,117,0.013636550068584061,-0.015991498734165322
ALDH2,-0.24798190786777244,0.11291497309666604,0.0301399502331983,117,-0.32638031669406287,0.15875842434120527,0.04214490068458135,117,0.24798190786777244,0.32638031669406287
ALDH5A1,0.08339393719145387,0.10426102948051369,0.42548674876300085,117,-0.010720128825636548,0.14636482597996633,0.9417449507870768,117,-0.08339393719145387,0.010720128825636548
ALDH7A1,-0.09865954182256333,0.11491855822562505,0.3924406329654354,117,-0.09672753621252221,0.16193570221567846,0.5515098853905717,117,0.09865954182256333,0.09672753621252221
ALDH9A1,-0.046472391275750154,0.09353105431663315,0.6202575184347032,117,-0.05679331451341466,0.1317906028872746,0.6673506010875156,117,0.046472391275750154,0.05679331451341466
ALYREF,-0.11214582244747456,0.09317053045961438,0.23125814577184753,117,-0.028539771688401515,0.13080147842027792,0.8276805324570575,117,0.11214582244747456,0.028539771688401515
ARL2,-0.15217615906730889,0.09990118838963692,0.13051060108392099,117,-0.23984124581784155,0.14027353453292762,0.0900948393631803,117,0.15217615906730889,0.23984124581784155
ATAD3A,0.02786023904753541,0.10473558603983396,0.7907240549501349,117,-0.025671544038648256,0.14740878736452487,0.8620631871980096,117,-0.02786023904753541,0.025671544038648256
BCAT2,-0.24837365580542892,0.09692496173575957,0.011718249416153183,117,-0.02004454853349933,0.13303877308474782,0.8805118903112393,117,0.24837365580542892,0.02004454853349933
BCKDHB,-0.23712768083109395,0.11310785383207715,0.03829178761192118,117,-0.2085586333025279,0.15933747880015645,0.19326774362840118,117,0.23712768083109395,0.2085586333025279
BCKDK,-0.17277928441359858,0.11447154871623427,0.13402165679509095,117,-0.11914138784337716,0.16114258878816423,0.46125288293512623,117,0.17277928441359858,0.11914138784337716
BCS1L,-0.20739607569230087,0.10027223857733247,0.040911717863033756,117,-0.06880771678509681,0.14004682912193148,0.6241706767958488,117,0.20739607569230087,0.06880771678509681
C1QBP,-0.03851738073260115,0.11399398614506571,0.7360788964917566,117,-0.1565214680604767,0.15983718496479968,0.3295831662732279,117,0.03851738073260115,0.1565214680604767
CARS2,0.009369748823252923,0.1080693177255502,0.931063769849472,117,0.10989577848380298,0.15167544903614436,0.4702553300723761,117,-0.009369748823252923,-0.10989577848380298
CBR4,-0.03240308616318518,0.10877654249978988,0.7663415107435957,117,-0.037306680712457664,0.15327953926549756,0.8081526576239328,117,0.03240308616318518,0.037306680712457664
CCDC90B,0.09444939109344927,0.10853452565244683,0.3860390932165295,117,-0.13805520096753526,0.14966785826341822,0.3583151371784389,117,-0.09444939109344927,0.13805520096753526
CCT3,-0.06758839692575638,0.11182650485336308,0.5467974506482596,117,-0.2353485344159397,0.15593455750721316,0.13406914180132262,117,0.06758839692575638,0.2353485344159397
CCT6A,0.0376652785147464,0.11275807776779487,0.7389768950747837,117,-0.15844109141758284,0.1566591861139762,0.31403682498077023,117,-0.0376652785147464,0.15844109141758284
CHCHD1,0.13974491367354352,0.12637605978328068,0.27127620831861093,113,0.023128922633122537,0.17447164997452658,0.8947859891617906,113,-0.13974491367354352,-0.023128922633122537
CLPP,-0.10917334141692842,0.10667184962349019,0.3083004540747199,117,-0.03811921030533876,0.15000726078285545,0.7998762583491148,117,0.10917334141692842,0.03811921030533876
CLPX,-0.11042258165126007,0.10949475692836017,0.3154008959863881,117,-0.09740999794763062,0.15428298702749804,0.5290951969872535,117,0.11042258165126007,0.09740999794763062
CNP,0.04456156412258611,0.11665598478958375,0.7031916865218626,117,-0.14511855612962282,0.16236736328859006,0.3733804520078302,117,-0.04456156412258611,0.14511855612962282
COX4I1,-0.08780849666606179,0.11568077508254702,0.4494120138262042,117,-0.0868703459157027,0.1630099313176089,0.5951581316949598,117,0.08780849666606179,0.0868703459157027
COX7A2L,-0.03520006738982342,0.12065432413490407,0.771022723622492,117,-0.04765344950266803,0.17001003521301863,0.7797707119772004,117,0.03520006738982342,0.04765344950266803
CPOX,0.0150709484836678,0.11206914638598006,0.8932651700009515,117,-0.16793631620174745,0.1559663433944134,0.28392788015554554,117,-0.0150709484836678,0.16793631620174745
CPT2,0.11599302297190721,0.10338390172754304,0.26427733211739035,117,0.017028016097146853,0.14506500397032124,0.9067695042602586,117,-0.11599302297190721,-0.017028016097146853
CRYZ,0.10137426103751952,0.09712047686701193,0.2988260881874438,117,0.013865213136086369,0.1363425752337432,0.919183090295296,117,-0.10137426103751952,-0.013865213136086369
CS,0.15570003187543474,0.13249679589384566,0.24243771443698053,117,0.07386059587779717,0.18637722433987935,0.692647280780448,117,-0.15570003187543474,-0.07386059587779717
CYC1,-0.19697745258640514,0.1019729097611272,0.055927518411636776,117,-0.18972156164488932,0.14369037445890248,0.18943434900295228,117,0.19697745258640514,0.18972156164488932
DAP3,-0.1585886699092075,0.11585382291249499,0.17377949492880393,117,-0.25005550995722337,0.16278382540807587,0.12735455134395451,117,0.1585886699092075,0.25005550995722337
DARS2,0.2970407895632069,0.09845814513863892,0.0031609405066013625,117,0.22836639246376222,0.1384292850771482,0.10183204846392462,117,-0.2970407895632069,-0.22836639246376222
DCXR,0.00956298477613773,0.09380142175944345,0.9189792559266489,117,-0.04452635880348833,0.13197612515816354,0.7364661565669572,117,-0.00956298477613773,0.04452635880348833
DHX30,0.0945568548024577,0.1158085103010286,0.41595140949900766,117,-0.0566005748668392,0.16190263715639078,0.7273040284918407,117,-0.0945568548024577,0.0566005748668392
DLAT,-0.09107389597685815,0.10206676384259564,0.3741467191483886,117,-0.14071309716175368,0.1436689972733462,0.3294995915408673,117,0.09107389597685815,0.14071309716175368
DLD,0.063334986275163,0.11016384691405094,0.5665010395660355,117,0.19023340612852305,0.15428293437753426,0.22017452752537056,117,-0.063334986275163,-0.19023340612852305
DLST,-0.0583146510483402,0.10202636739186341,0.5687623164354192,117,-0.03706006800275552,0.14374027881870152,0.7970181296159639,117,0.0583146510483402,0.03706006800275552
DNAJA3,-0.017424334222314722,0.10870548705144491,0.8729418700284287,117,0.018222535090230994,0.15310485894556464,0.9054746723019165,117,0.017424334222314722,-0.018222535090230994
EARS2,0.1533050666311411,0.09806660290838862,0.12080915567341356,117,0.12667519585282047,0.13814220559191834,0.3611352867907971,117,-0.1533050666311411,-0.12667519585282047
ECH1,-0.1840392946326781,0.1115608929089423,0.10181121846849224,117,-0.20959229762028522,0.15716646148751273,0.18507532131778434,117,0.1840392946326781,0.20959229762028522
ECHDC1,0.1274954468461028,0.11627824885093055,0.2752257605081065,117,-0.09226793522470475,0.16112987213765206,0.5680527570443226,117,-0.1274954468461028,0.09226793522470475
ECHS1,-0.21375337146374113,0.11568193645237046,0.06727459812089835,117,-0.11602479588148248,0.16247414944878952,0.47665669216705464,117,0.21375337146374113,0.11602479588148248
ECI1,-0.20946903892846,0.0991206293159523,0.03679782376708031,117,-0.13625389917966893,0.13932255835547863,0.3302136260636359,117,0.20946903892846,0.13625389917966893
ECI2,-0.09522408226201322,0.11114496265257738,0.39340934043823206,117,-0.0972819085546899,0.15661815514522315,0.535780526010194,117,0.09522408226201322,0.0972819085546899
EEF1A1,-0.05723478704077026,0.10116410333915585,0.5726874509550278,117,0.07850246400272462,0.14136538779059024,0.5797959657360165,117,0.05723478704077026,-0.07850246400272462
EEF1B2,0.0019731113736394658,0.11452963566339494,0.9862854136503874,117,-0.16936977160078287,0.15971318871187037,0.2912364819184189,117,-0.0019731113736394658,0.16936977160078287
ENO1,-0.03500291008680215,0.10737261069243668,0.7450366196263151,117,-0.0868378391398856,0.15113992369486948,0.5667565218691273,117,0.03500291008680215,0.0868378391398856
ERAL1,0.005895745653988565,0.11313261659856894,0.9585353599383396,112,-0.08108912485834345,0.15817680657700645,0.6092637597293755,112,-0.005895745653988565,0.08108912485834345
ETFA,-0.04882807766529039,0.11079104259282442,0.6602635880013341,117,-0.09141893701360265,0.1560132338730594,0.5590858713112962,117,0.04882807766529039,0.09141893701360265
ETFB,0.029849101088593014,0.1057601209665406,0.7782849778182057,117,0.03934904529557879,0.14902488072559528,0.792236030353213,117,-0.029849101088593014,-0.03934904529557879
FAHD1,-0.03592519021863305,0.11564523576994419,0.7566441048965004,117,-0.12724170351578534,0.16249059616799974,0.4352528627527361,117,0.03592519021863305,0.12724170351578534
FASTKD5,0.018227795363861845,0.11651070945187948,0.8759620479128325,117,0.08262238541607025,0.16394799992209105,0.615291914740346,117,-0.018227795363861845,-0.08262238541607025
FDXR,0.2164949018748861,0.10374298633991806,0.03917197189310022,117,0.23996011661657826,0.1461535106866285,0.1034542787935791,117,-0.2164949018748861,-0.23996011661657826
FECH,0.0225335473472236,0.1069233901734562,0.8334693715754704,117,-0.05672850265454866,0.15028727593252067,0.7065472694078679,117,-0.0225335473472236,0.05672850265454866
FH,-0.0781795654162558,0.11286277994377457,0.4899343229964239,117,-0.20083918942843035,0.15817028379616324,0.20682367080839043,117,0.0781795654162558,0.20083918942843035
FLAD1,-0.019536238655463146,0.11508726017208579,0.8655145373080925,116,0.0958634708405775,0.16044386945037992,0.5514088512412916,116,0.019536238655463146,-0.0958634708405775
FOXRED1,0.0377793304239907,0.11933602319471076,0.752152039825168,117,0.07605995464386053,0.1680808969592849,0.6517776501898478,117,-0.0377793304239907,-0.07605995464386053
GADD45GIP1,-0.07743413871647614,0.12121123005624306,0.5242336980002636,117,-0.06047780401620966,0.17078772871914674,0.723927518844266,117,0.07743413871647614,0.06047780401620966
GAPDH,-0.08141144879126334,0.10148981759135145,0.4241570472461814,117,-0.23887079396871647,0.1414163589371146,0.09400145516316041,117,0.08141144879126334,0.23887079396871647
GCAT,-0.031998099560224355,0.10012996326615244,0.7498929104589807,117,0.07797119964669774,0.1403096302044003,0.5795287676258671,117,0.031998099560224355,-0.07797119964669774
GFM1,0.012214244326217743,0.11619724298832208,0.9164714117406553,117,0.011726383376761056,0.16373774113254133,0.9430356993132649,117,-0.012214244326217743,-0.011726383376761056
GFM2,-0.10812569110150543,0.1048978800999682,0.3048690237735638,117,-0.034507294078439145,0.14747924226424888,0.8154309790931489,117,0.10812569110150543,0.034507294078439145
GLDC,0.014620533603624815,0.09954011680033718,0.8834901613872852,117,0.02970547400162108,0.1402507347366491,0.8326494329859482,117,-0.014620533603624815,-0.02970547400162108
GLRX5,0.04961742177091953,0.11312246117674864,0.6617840756338143,117,-0.1539991570893938,0.15700493283278022,0.3287970226852712,117,-0.04961742177091953,0.1539991570893938
GLS,-0.044124668382624195,0.10653356294567372,0.6795303237369239,117,-0.15123786428790353,0.14941873738791767,0.3136558114867166,117,0.044124668382624195,0.15123786428790353
GLUD1,0.009996582043467593,0.10917585866354997,0.9272079963474844,117,-0.11428146306594318,0.1529214688299857,0.45644986278226674,117,-0.009996582043467593,0.11428146306594318
GNG12,0.23789317236943247,0.10026941682966571,0.01937112071922716,117,0.08262103360903911,0.13972183280915026,0.5555048872380767,117,-0.23789317236943247,-0.08262103360903911
GOT2,-0.0962350567507299,0.11105391799861379,0.3880349356051602,117,-0.08946687080116879,0.15648742758622528,0.5686681485613011,117,0.0962350567507299,0.08946687080116879
GPT2,-0.04752123505445939,0.099760657851675,0.6347512747614452,117,-0.08082014037986972,0.14050411003843613,0.566309750391033,117,0.04752123505445939,0.08082014037986972
GRPEL1,-0.0021973572519873976,0.10505506286720435,0.9833496869556013,117,0.07774898284487936,0.14764097267144907,0.599516277952055,117,0.0021973572519873976,-0.07774898284487936
GRSF1,-0.18026708048179235,0.11338751197163492,0.11469159596883474,117,-0.12625769087396937,0.1596111746450869,0.43061175332971025,117,0.18026708048179235,0.12625769087396937
GSR,-0.12025186051997924,0.10988368277806769,0.276146864261282,117,-0.09338372478280424,0.15479838432635495,0.5475662188423953,117,0.12025186051997924,0.09338372478280424
GSTK1,-0.2324610880898167,0.11516003631655108,0.04591892193964351,117,-0.22602304906089019,0.1622738496631597,0.1664487775549935,117,0.2324610880898167,0.22602304906089019
GUF1,0.1844407094442468,0.11375989266067695,0.10776189957958497,117,0.005173786333240527,0.1584565728636423,0.9740114344802628,117,-0.1844407094442468,-0.005173786333240527
HADH,-0.2345411706504405,0.11888058385750523,0.05096919306711512,117,-0.18093047704527276,0.16736174694013983,0.28200726303191537,117,0.2345411706504405,0.18093047704527276
HADHA,-0.10401524885004079,0.10328543542749909,0.3160738436483516,117,-0.16215688390757424,0.1453303890299539,0.2669256099044852,117,0.10401524885004079,0.16215688390757424
HADHB,-0.12375719321479489,0.10594630028657832,0.24524194444354067,117,-0.22967735325599845,0.14860296118249167,0.12505306202954483,117,0.12375719321479489,0.22967735325599845
HAGH,-0.07566622762835667,0.10938671162491514,0.4905374703320251,117,-0.00960289603021448,0.15388126162696167,0.950352877830638,117,0.07566622762835667,0.00960289603021448
HARS,-0.07845548982248934,0.11920779914147571,0.5117983447553842,117,-0.17348699489058156,0.1674869477769058,0.3025356146605384,117,0.07845548982248934,0.17348699489058156
HARS2,-0.03831869114356293,0.11090346661341621,0.7303561525744038,117,-0.18900424373123142,0.15494176098714166,0.22511080140787978,117,0.03831869114356293,0.18900424373123142
HIBCH,0.14300479363769772,0.11211184248646261,0.20475225423752433,117,0.15962813972897313,0.15796484812851383,0.3144394158526646,117,-0.14300479363769772,-0.15962813972897313
HINT2,0.2253493112710647,0.11132753616489549,0.045329218956209616,117,0.056096360698698965,0.15519430932183148,0.7184435511262175,117,-0.2253493112710647,-0.056096360698698965
HSD17B10,0.10298795945985448,0.09351840795384382,0.27314517707006575,117,0.06737210800733279,0.13169199978486149,0.6099552921749929,117,-0.10298795945985448,-0.06737210800733279
HSD17B8,0.006371750605507267,0.10177037263636138,0.9501893872055398,117,-0.14949783574975908,0.1418483140823075,0.2942048577456703,117,-0.006371750605507267,0.14949783574975908
HSP90AA1,-0.008839997569561714,0.11313643157961847,0.9378595101820368,117,0.061364558217056886,0.15914127170989723,0.7005323928622478,117,0.008839997569561714,-0.061364558217056886
HSP90AB1,-0.03834628184488338,0.1122520165255664,0.7332853810313992,117,-0.011959821171589573,0.15813807616965397,0.9398504202430502,117,0.03834628184488338,0.011959821171589573
HSPA5,-0.07126531610364427,0.11047901823144664,0.5202091161006671,117,-0.03964243424608932,0.15562115754003783,0.7993977491536151,117,0.07126531610364427,0.03964243424608932
HSPA9,-0.040501259828736584,0.11376663324826514,0.7225080315107422,117,-0.008291679402423036,0.1602534159540563,0.9588280294568896,117,0.040501259828736584,0.008291679402423036
IARS2,-0.1334321338606414,0.11461379226339011,0.2468213008636243,117,-0.07998906639584684,0.16134441656539864,0.6210397186878025,117,0.1334321338606414,0.07998906639584684
IBA57,-0.008330839835827612,0.09369235651535791,0.9293067044910253,117,-0.16172061377473188,0.1303829861201921,0.21746120507600347,117,0.008330839835827612,0.16172061377473188
IDH2,-0.2964213892634288,0.10980270634751267,0.008019282070190745,117,-0.23280322684031574,0.15448723866009856,0.13466640699595508,117,0.2964213892634288,0.23280322684031574
IDH3A,-0.07803606964606608,0.10394339888774931,0.4543743010434109,117,-0.1864033314465347,0.1457342948512013,0.20354238261128563,117,0.07803606964606608,0.1864033314465347
IDH3G,-0.07573489501554163,0.11248285079659938,0.5021423762563892,117,-0.11485125619471284,0.15841523739848162,0.46997681950388104,117,0.07573489501554163,0.11485125619471284
IGHG2,0.07141675895039885,0.10477611146241317,0.496890739438842,117,0.09197747721996473,0.14761759854697637,0.534510496638908,117,-0.07141675895039885,-0.09197747721996473
IMMT,-0.040732579610327044,0.1071948209551207,0.7046750876914296,117,0.033663077681525606,0.15071617373131707,0.8236704456806769,117,0.040732579610327044,-0.033663077681525606
KIAA0391,9.543061548499309e-4,0.11221373873154412,0.9932315262570764,105,-0.003560351272111544,0.15565349808935786,0.9817971626483306,105,-9.543061548499309e-4,0.003560351272111544
KPNB1,-0.16671412477013764,0.10413117587828782,0.11219362621004111,117,-0.35354480235509583,0.14454002149453768,0.016015533994162997,117,0.16671412477013764,0.35354480235509583
LAP3,-0.03791239461679806,0.1079576013150941,0.726114141187183,117,-0.27312595226898,0.1487590384582754,0.06902977180228057,117,0.03791239461679806,0.27312595226898
LETM1,0.037108100001219405,0.11338012387091512,0.7440600287111079,117,0.1244955760782636,0.1593297046636787,0.4362478525046266,117,-0.037108100001219405,-0.1244955760782636
LONP1,-0.12702095620511222,0.11284981505516876,0.2627515557065213,117,0.04378863263018862,0.15733151855948152,0.7812839153441958,117,0.12702095620511222,-0.04378863263018862
LRPPRC,-0.17519665261074674,0.10788635993105557,0.10720836869761277,117,-0.15869611598676464,0.15201018479425887,0.29876134909933577,117,0.17519665261074674,0.15869611598676464
LYRM7,0.05620238297464559,0.10052373904964772,0.57721270429523,117,0.002870759101912058,0.14146764087649757,0.9838463191241006,117,-0.05620238297464559,-0.002870759101912058
MARS2,0.13200271074048978,0.11851698113487995,0.26779824752879405,115,0.15404919617862847,0.16547753679813224,0.3539433428203851,115,-0.13200271074048978,-0.15404919617862847
MCCC2,-0.053398904636851166,0.10285880106636079,0.6046821395077489,117,-0.13815964397357597,0.14448741021773903,0.34104639157623073,117,0.053398904636851166,0.13815964397357597
MDH2,-0.22363869824446372,0.11589841102720201,0.05618481134507314,117,-0.2542767546285553,0.16326401251781053,0.1222085959498884,117,0.22363869824446372,0.2542767546285553
ME2,-0.02005066230569072,0.11157392935984815,0.8577069991128592,117,0.10812628965207176,0.1562629369843973,0.49041300587347414,117,0.02005066230569072,-0.10812628965207176
METTL17,0.05367536612780983,0.11315792498679697,0.6362238411911487,112,0.016429140863271286,0.15905124326784714,0.9179243038865429,112,-0.05367536612780983,-0.016429140863271286
MIPEP,0.1751612263323771,0.11501194298137629,0.13058155042072075,117,0.23068535014562438,0.16189319912140077,0.15698512964052533,117,-0.1751612263323771,-0.23068535014562438
MMAB,-0.11301300324731617,0.10187399703736495,0.2696593829903019,117,-0.13763132510604453,0.14351567880689925,0.3396437133971548,117,0.11301300324731617,0.13763132510604453
MOGS,0.24705317404000665,0.10691772775413502,0.022681162134191465,117,0.23523248538111086,0.1506531586849735,0.12127191066590505,117,-0.24705317404000665,-0.23523248538111086
MRPL10,-0.2506734544851047,0.09981686261894708,0.013453942445874794,117,-0.22444620866233442,0.14061077072172373,0.11328211487413536,117,0.2506734544851047,0.22444620866233442
MRPL13,0.17211460469926756,0.11126485578495673,0.12471058218548167,117,0.22976651974774387,0.1565930824625339,0.14512654046779813,117,-0.17211460469926756,-0.22976651974774387
MRPL14,0.0806474626744751,0.11907080637657627,0.4996079975531371,117,0.15400974937323006,0.16749297520974762,0.3598281243759588,117,-0.0806474626744751,-0.15400974937323006
MRPL15,-0.04959217351428043,0.11257026380062472,0.6603921420366174,117,-0.03171238914971158,0.15860838837535834,0.8418922244962027,117,0.04959217351428043,0.03171238914971158
MRPL16,-1.0223704794836384e-4,0.11167342081307892,0.9992711652233861,117,0.30224078337253274,0.15195001092322377,0.049152394012069375,117,1.0223704794836384e-4,-0.30224078337253274
MRPL19,0.0139410041224693,0.11443278159438593,0.9032543351100051,117,0.016741456173390918,0.1612509424087001,0.9174976629453224,117,-0.0139410041224693,-0.016741456173390918
MRPL22,-0.061218447686089736,0.10703935670526141,0.5685191315336409,117,-0.02466411487328022,0.1507518904360195,0.8703377903920654,117,0.061218447686089736,0.02466411487328022
MRPL23,0.07666864420102777,0.10626593268048873,0.47228171695227816,106,0.07323554628996744,0.14754423028733898,0.6207274030790655,106,-0.07666864420102777,-0.07323554628996744
MRPL3,-8.211997845143288e-4,0.11060450576941169,0.9940892492149219,117,0.061657681766010074,0.155627278169383,0.692726799759483,117,8.211997845143288e-4,-0.061657681766010074
MRPL37,-0.004811998033511022,0.1122317672642066,0.9658770889268973,117,0.1085771411518621,0.15740356215959905,0.4917589540264654,117,0.004811998033511022,-0.1085771411518621
MRPL38,-0.07512739503112627,0.10756928109288579,0.4863688250646424,117,0.03704907660291044,0.1508175836251832,0.8064030341669298,117,0.07512739503112627,-0.03704907660291044
MRPL39,-0.08374342376803229,0.11421559272635187,0.46496539882935606,117,0.061875045050149055,0.15973417482232585,0.6992295270395774,117,0.08374342376803229,-0.061875045050149055
MRPL4,0.09108490214957875,0.11109066230839124,0.4140060408380428,117,0.024848540376807147,0.15628500622807726,0.8739617121296195,117,-0.09108490214957875,-0.024848540376807147
MRPL44,-0.05133096452304551,0.11736537067478921,0.6626921871901243,117,-0.007243021598698626,0.1652761344130754,0.9651236263379472,117,0.05133096452304551,0.007243021598698626
MRPL45,-0.033898162828100174,0.11456977497699716,0.76787454679945,117,-0.049048265095045535,0.16143140939567055,0.7618235727241524,117,0.033898162828100174,0.049048265095045535
MRPL47,-0.06156475817797237,0.11221720622286863,0.584357296803369,117,0.014902884177390196,0.15779032419648564,0.9249240549427571,117,0.06156475817797237,-0.014902884177390196
MRPL48,-0.046388395580108537,0.10202170561878997,0.6502113174743964,117,-0.03022282836369343,0.14374584158400838,0.8338565721613781,117,0.046388395580108537,0.03022282836369343
MRPL49,0.036326573807198566,0.11547675660753469,0.7536665220537044,117,-0.016681860334333477,0.16256426963598564,0.9184520942556541,117,-0.036326573807198566,0.016681860334333477
MRPL53,0.009900728927261532,0.11479686752018871,0.931425149084927,117,0.07820176775414339,0.16150010973268705,0.629182970276202,117,-0.009900728927261532,-0.07820176775414339
MRPL9,0.05727682081214872,0.11280323875279526,0.6126210985983727,117,0.06221284495475,0.15895373607240734,0.6962595647418854,117,-0.05727682081214872,-0.06221284495475
MRPS12,-0.06858095627453374,0.11840695736685976,0.5636193633514596,117,-0.2718766663511499,0.16456741524885238,0.10134669820157757,117,0.06858095627453374,0.2718766663511499
MRPS15,-0.15241598960921196,0.11479142181926504,0.18695567189868748,117,-0.3132237599437244,0.16028600058590584,0.053198313779102106,117,0.15241598960921196,0.3132237599437244
MRPS16,-0.1974384958914042,0.11537073356446742,0.08978651035435677,117,-0.33955590351414733,0.16143130323607865,0.03768924529102842,117,0.1974384958914042,0.33955590351414733
MRPS2,-0.2049363371152771,0.11113995457747733,0.06783389920630978,117,-0.22309818988291247,0.1565920555738573,0.1570467405086248,117,0.2049363371152771,0.22309818988291247
MRPS22,-0.12568785662386486,0.11710127798562867,0.28543194706612046,117,-0.3006508747578233,0.16330384146699875,0.06828445848109606,117,0.12568785662386486,0.3006508747578233
MRPS23,-0.03895114988514621,0.11547830487231345,0.7365199890358235,117,-0.20972194891973972,0.16107502140035343,0.1956069695525934,117,0.03895114988514621,0.20972194891973972
MRPS25,-0.13642795138811942,0.11066672015698287,0.22023845801783773,117,-0.2229741541325738,0.1555039885696616,0.1544173736231502,117,0.13642795138811942,0.2229741541325738
MRPS26,-0.0012932035276321504,0.11814314807670862,0.9912859457633453,117,-0.16376434927571884,0.16502129176860478,0.32316905068025836,117,0.0012932035276321504,0.16376434927571884
MRPS27,0.031002272122508518,0.1141074654436525,0.7863577737178167,117,-0.1813669285057877,0.1582033368296407,0.2540881552237429,117,-0.031002272122508518,0.1813669285057877
MRPS30,-0.019530355371430254,0.10888515710961486,0.85799556289505,110,0.03584804154058627,0.15148156788505346,0.8133941792322035,110,0.019530355371430254,-0.03584804154058627
MRPS31,-0.026629650224443597,0.11789181003221988,0.8217048039461369,117,-0.19169778476366484,0.16461666912018946,0.24671404269823352,117,0.026629650224443597,0.19169778476366484
MRPS33,-0.23309988952387975,0.12100419048660899,0.05668551620538242,113,-0.2779920451557221,0.169072028602952,0.10306528833232974,113,0.23309988952387975,0.2779920451557221
MRPS34,-0.010055176098137017,0.1224159649098302,0.9346824623671819,117,-0.24739269043174641,0.16948383516214519,0.14720156780434498,117,0.010055176098137017,0.24739269043174641
MRPS35,-0.10058173834144007,0.112906761571157,0.37492529135723496,117,-0.2514664796295478,0.1577850997326454,0.1138406757876046,117,0.10058173834144007,0.2514664796295478
MRPS36,0.03218717022141861,0.107476369291216,0.7651278378826364,117,0.2028979484013083,0.14967623198566102,0.17798494140773205,117,-0.03218717022141861,-0.2028979484013083
MRPS5,-0.04176602293745915,0.11776513731456355,0.7235147992336655,117,-0.17120620690372992,0.16501988546580773,0.301763141068806,117,0.04176602293745915,0.17120620690372992
MRPS6,-0.01711234694051535,0.12299957239976407,0.8896010296514449,117,-0.21203081080532737,0.17130387724162788,0.21842173479857593,117,0.01711234694051535,0.21203081080532737
MRPS9,-0.12482632063465679,0.11636713044495495,0.2857143069343128,117,-0.2662737696384392,0.16285589081860757,0.10487623074293906,117,0.12482632063465679,0.2662737696384392
MT-ATP6,0.08556404469790281,0.0970289265001429,0.37982145989846894,113,0.03723720642296907,0.13549869787817426,0.7839875524105125,113,-0.08556404469790281,-0.03723720642296907
MT-CO2,0.10427630601682117,0.11670004452420991,0.37348339271119413,117,-0.04284001106540755,0.16323648183382253,0.7934676090698476,117,-0.10427630601682117,0.04284001106540755
MTG1,0.12352313662657961,0.12253675018483251,0.3161943751078764,93,0.07536501474600582,0.17550635138356446,0.6686830201470876,93,-0.12352313662657961,-0.07536501474600582
MTHFD1L,0.11453205873831111,0.09540998999232315,0.23250911252503517,117,0.19445974676254396,0.13400980480820837,0.14957620365638397,117,-0.11453205873831111,-0.19445974676254396
MTO1,0.08803749144038837,0.12260626780637436,0.474452054687291,102,0.20903846945197124,0.16975227738782742,0.221169291705248,102,-0.08803749144038837,-0.20903846945197124
MTPAP,-0.03449601475737181,0.11477209205778324,0.7643064782953207,117,0.04138960496702268,0.16140310044820336,0.7980886797258793,117,0.03449601475737181,-0.04138960496702268
NADK2,0.14612340670956445,0.1179387323933326,0.21794414439486512,117,-0.0077321094968760135,0.16488213865028217,0.9626813666728264,117,-0.14612340670956445,0.0077321094968760135
NARS2,0.028569636204200246,0.10642289568228021,0.7888438341631112,117,0.0770947940063784,0.14982049828166763,0.6078688764528584,117,-0.028569636204200246,-0.0770947940063784
NDUFA10,-0.11971555812985224,0.11715214270170787,0.30903937898325434,117,-0.15968154962121703,0.16499470317242718,0.3352492316679375,117,0.11971555812985224,0.15968154962121703
NDUFA13,-0.06721119696985925,0.11970238114523418,0.5755881506832068,117,-0.20097746831952243,0.16770264448474323,0.23330769593271894,117,0.06721119696985925,0.20097746831952243
NDUFA2,0.10033933365800743,0.10964734445013477,0.36210013724880385,117,0.08872531124076148,0.15450005923780008,0.5669446052690598,117,-0.10033933365800743,-0.08872531124076148
NDUFA4,0.1090863122075088,0.11554118499161367,0.34713365799231066,117,0.13451726331947472,0.16277689657057565,0.4103554860520453,117,-0.1090863122075088,-0.13451726331947472
NDUFA6,0.07814249542910254,0.10760929038653985,0.46925020555127184,117,-0.004238352880257375,0.15122571898441814,0.9776912095704833,117,-0.07814249542910254,0.004238352880257375
NDUFA8,0.04710339294710935,0.1103826826876494,0.6703965133825618,117,0.03475360737377047,0.15553526612991256,0.8235997431860409,117,-0.04710339294710935,-0.03475360737377047
NDUFA9,-0.01406537827193727,0.10190386831937503,0.8904677562361989,117,0.1620300738362421,0.14160491488625906,0.2549854057769812,117,0.01406537827193727,-0.1620300738362421
NDUFAF3,-0.032338393990039495,0.12117762196036838,0.7900617653885083,117,0.04207257192812008,0.17045856051240732,0.8055034816000994,117,0.032338393990039495,-0.04207257192812008
NDUFAF7,-0.0362292767544314,0.11040187645310552,0.7434047774608046,117,-0.00998348418629248,0.15553073675976006,0.9489345692480637,117,0.0362292767544314,0.00998348418629248
NDUFB1,0.03187291366384161,0.09920521133381957,0.7485949797332682,117,0.06863880186614076,0.13970508237681004,0.624175763476148,117,-0.03187291366384161,-0.06863880186614076
NDUFB10,0.030696338777274713,0.11326343373345994,0.7868766569303235,117,-0.11276928781296851,0.15841817562507177,0.47805380685494414,117,-0.030696338777274713,0.11276928781296851
NDUFS1,-0.044203768863079605,0.11461854788050081,0.7004801594178451,117,-0.11758784810915449,0.16120751215920312,0.467281704110027,117,0.044203768863079605,0.11758784810915449
NDUFS2,-0.09395731701550482,0.10716545604392037,0.38249909981287233,117,-0.09614687828994772,0.15101044475066366,0.5256374757049669,117,0.09395731701550482,0.09614687828994772
NDUFS3,0.04018323329962248,0.10765253811151926,0.7096546418532449,117,0.013880807971065041,0.15165532850900745,0.927237515733208,117,-0.04018323329962248,-0.013880807971065041
NDUFS4,0.01995830567635575,0.11841850934453735,0.8664621375240202,117,-0.010393264577448514,0.16681725456006793,0.9504333547000847,117,-0.01995830567635575,0.010393264577448514
NDUFV1,0.07700176168847536,0.11383582968318677,0.5001633786567748,117,0.047844567063666334,0.16036165709695405,0.7659906558594952,117,-0.07700176168847536,-0.047844567063666334
NDUFV2,0.11782148824087274,0.10833613344859015,0.2791265582782259,117,-0.007190812884206792,0.15171994130242072,0.9622833403165562,117,-0.11782148824087274,0.007190812884206792
NFS1,-0.17667580298146598,0.10808977813165808,0.10495570372227533,117,-0.08885538988274604,0.15184879378285548,0.5596298114396939,117,0.17667580298146598,0.08885538988274604
NFU1,0.08912071255138614,0.10673282801636323,0.4055016281929612,117,0.1164204010045508,0.15035571561518993,0.44039966228709426,117,-0.08912071255138614,-0.1164204010045508
NIPSNAP1,-0.22839025589965076,0.09709443752203042,0.020406493863719614,117,-0.23609227183868017,0.1368153267917818,0.08719723136453789,117,0.22839025589965076,0.23609227183868017
NIPSNAP3A,0.05739308461509248,0.10606014252136359,0.5894877650392041,117,0.10883339809479503,0.14929096136526834,0.4675358680205832,117,-0.05739308461509248,-0.10883339809479503
NSUN2,-0.16689981235115728,0.09701228391473127,0.08812170775529718,117,-0.1522993873274069,0.13668925009327654,0.26759945420133807,117,0.16689981235115728,0.1522993873274069
NSUN4,0.005172253087452213,0.12456841382560899,0.9669638692998123,104,-0.023242391268128902,0.17441236810640798,0.894260119216026,104,-0.005172253087452213,0.023242391268128902
NT5DC2,0.032082507151814085,0.11418659242619814,0.7794038782346117,92,0.09933560543260161,0.16447374470162107,0.5474599579369979,92,-0.032082507151814085,-0.09933560543260161
NUDT19,0.03667486801761418,0.11236123873284293,0.7447297976972682,117,0.03366182834470898,0.15833177644327515,0.8320264862753415,117,-0.03667486801761418,-0.03366182834470898
OAT,0.029998929497769958,0.10691551874572133,0.7795460797296084,117,0.02070506177014086,0.15065328906566586,0.89093581418174,117,-0.029998929497769958,-0.02070506177014086
OGDH,-0.06988923619582775,0.10948860351252575,0.524565667212753,117,-0.09791183467761093,0.15423774699954568,0.5268579443074044,117,0.06988923619582775,0.09791183467761093
P4HB,-0.20279490642390396,0.10305865633149705,0.0515673523204593,117,-0.237828980760021,0.14514627172865124,0.10413920385310727,117,0.20279490642390396,0.237828980760021
PC,-0.06546997014931599,0.11073538817967475,0.5555583709152554,117,-0.14748612012521004,0.1556459616908253,0.34540455907193135,117,0.06546997014931599,0.14748612012521004
PCCB,0.019919697848134976,0.09967660358174801,0.8419655585626691,117,-0.15280821360475416,0.1384989445522459,0.2722758443557151,117,-0.019919697848134976,0.15280821360475416
PCK2,0.32754645126042153,0.10666009876259426,0.0026784280281744017,117,0.2721113738963508,0.1501112497504937,0.07257598352761332,117,-0.32754645126042153,-0.2721113738963508
PCMT1,0.0018629594027872907,0.09870121656363966,0.9849746175193991,117,-0.03683665287012085,0.1389848169250286,0.7914695619200748,117,-0.0018629594027872907,0.03683665287012085
PDHA1,-0.17762179370668496,0.10083829372972901,0.08089081776134749,117,-0.15609436627736165,0.14206502943558302,0.27425337184463544,117,0.17762179370668496,0.15609436627736165
PDHB,-0.2059453834067679,0.11334162650004992,0.07188609335156987,117,-0.2828537391562926,0.15937427180956282,0.07867600325952262,117,0.2059453834067679,0.2828537391562926
PDHX,-0.025538228465346747,0.10626713454855953,0.8105207093051895,117,0.04970657893090479,0.14939820870783993,0.7399792246009884,117,0.025538228465346747,-0.04970657893090479
PDIA6,-0.027562701275568223,0.11211358989809343,0.8062512445434076,117,0.02937087517537677,0.15779531427940102,0.852680398704206,117,0.027562701275568223,-0.02937087517537677
PDK1,-0.08288003300935913,0.1164556602078653,0.4781380809912219,117,-0.22601650010282937,0.16295448775608212,0.1682232374422273,117,0.08288003300935913,0.22601650010282937
PDK2,-0.19939456918666199,0.11648292038757084,0.08970269409483067,117,-0.25581469208113944,0.16396260797988846,0.12155895800841249,117,0.19939456918666199,0.25581469208113944
PDK3,-0.06089146175640054,0.08549050395807108,0.4777849545868498,117,-0.07817411658694695,0.12044506423001708,0.5176507667463413,117,0.06089146175640054,0.07817411658694695
PGAM5,-0.012173413644217656,0.10407362523731756,0.9070939159921536,117,-0.1696160002371575,0.14509769903212716,0.24491683830178276,117,0.012173413644217656,0.1696160002371575
PHB,0.16335761954702083,0.11014305978678982,0.14084567468537618,117,0.03169800201787895,0.15418035542290112,0.8374874461859164,117,-0.16335761954702083,-0.03169800201787895
PHB2,0.10824003126451763,0.11895629352655676,0.3648217469424486,117,-0.03282480705618031,0.1665348864043298,0.8441060781166452,117,-0.10824003126451763,0.03282480705618031
PIN4,0.05361639597752954,0.10253406498417637,0.6020677355558344,117,0.17043079894946492,0.14361693568786288,0.23787803805716773,117,-0.05361639597752954,-0.17043079894946492
PITRM1,0.0805490088748377,0.10332965425868673,0.4373091820817172,117,0.0832717476715238,0.1456051016393644,0.56854520928209,117,-0.0805490088748377,-0.0832717476715238
PMPCA,0.05759869526655224,0.11612813995939016,0.6208715806134759,117,-0.05018651344535068,0.16298889361704164,0.7587250396751495,117,-0.05759869526655224,0.05018651344535068
PMPCB,0.013457850355552374,0.1133523130682976,0.905705233462271,117,-0.07077684608061927,0.15932151376436826,0.6577346112674425,117,-0.013457850355552374,0.07077684608061927
PNPT1,-0.05903408616344738,0.10237325014642468,0.5653294458380976,117,-0.2184609836713618,0.14263514044715322,0.12846457171241182,117,0.05903408616344738,0.2184609836713618
POLDIP2,-0.021183894603872544,0.11453446602177131,0.8535976606283423,117,0.024535768027588632,0.16127601954615037,0.8793564421156158,117,0.021183894603872544,-0.024535768027588632
POLG,0.026212646355890334,0.1139142402939475,0.81856026166011,90,0.13406649678570792,0.15520695352422736,0.3901620833903391,90,-0.026212646355890334,-0.13406649678570792
POLRMT,-0.06800452078666483,0.11449679883188485,0.5537590596268218,116,-0.0354589495743789,0.1603297094671678,0.8253757757366548,116,0.06800452078666483,0.0354589495743789
PPA2,-0.048724251170800426,0.10843521127146266,0.6540549147691662,117,0.01402441673700514,0.15256381930822255,0.9269233888404093,117,0.048724251170800426,-0.01402441673700514
PPIA,-0.0592107628712161,0.10169031077988351,0.5615581472190294,117,-0.19782535348184724,0.14206220696306157,0.1665463169922328,117,0.0592107628712161,0.19782535348184724
PPIF,-0.12646224006441076,0.12054436774776973,0.29639389658290977,117,-0.2416131958197044,0.16914703302002002,0.1559784991444727,117,0.12646224006441076,0.2416131958197044
PPOX,0.22636574222602074,0.11287292039685211,0.04732161620538605,117,0.038733216067000836,0.15701310029768797,0.8056054976697883,117,-0.22636574222602074,-0.038733216067000836
PRDX3,-0.08559953137758125,0.12137462980030947,0.4821184563768537,117,-0.09312073495328298,0.171030369135154,0.5872109068602844,117,0.08559953137758125,0.09312073495328298
PRDX4,-0.08535886915446846,0.1383966885810856,0.5386384403025698,117,-0.052808598116468534,0.1949700373978038,0.7870056237623824,117,0.08535886915446846,0.052808598116468534
PTCD3,-0.1357007833927873,0.11694617730212994,0.2483658354205059,117,-0.2734652332244046,0.1637349648332154,0.09770335180978788,117,0.1357007833927873,0.2734652332244046
PTPMT1,-0.03172404107536907,0.11928289714927469,0.7907618094499247,117,-0.006330609315956556,0.16805072447144595,0.9700178049521171,117,0.03172404107536907,0.006330609315956556
PYCR2,-0.20536185790300124,0.10792703710091267,0.05963637026163642,117,-0.24005484359910462,0.15201141086686001,0.1171381519129384,117,0.20536185790300124,0.24005484359910462
QRSL1,-0.06534508597736485,0.10967753143169293,0.5525157465592816,117,-0.08108213541175353,0.1545359161395709,0.6008509314394701,117,0.06534508597736485,0.08108213541175353
RPL11,-0.21447735100865362,0.10965062696908137,0.05295449210435328,117,-0.1353859338750524,0.15414146300842604,0.3816659409097284,117,0.21447735100865362,0.1353859338750524
RPL23,-0.1336437045034922,0.1161149291264347,0.25219974603697703,117,-0.21758919248171668,0.16322686092708683,0.1852457351780111,117,0.1336437045034922,0.21758919248171668
RPL23A,-0.06323210686347489,0.11227720032022392,0.5744390655565973,117,-0.036678963241200145,0.15817306169787784,0.8170493812800679,117,0.06323210686347489,0.036678963241200145
RPL31,-0.03777302672734114,0.11585430156416308,0.7450032094964683,117,0.06833113397170673,0.1626217221266855,0.6751629147229402,117,0.03777302672734114,-0.06833113397170673
RPL9,-0.2793186662579909,0.1064995653178718,0.009937223199772544,117,-0.2637627681275582,0.15005763668482486,0.08154795615097142,117,0.2793186662579909,0.2637627681275582
RPS10,-0.08402731691677255,0.0961487468282355,0.38402617283997653,117,0.11078337835580121,0.13289662089494303,0.40629346430966695,117,0.08402731691677255,-0.11078337835580121
RPS11,0.022752268155056623,0.11919532870107523,0.8489634607899047,117,0.14027866208094306,0.16720763981084738,0.4033011203120854,117,-0.022752268155056623,-0.14027866208094306
RPS15A,0.06151003101446382,0.11663589903972822,0.5990001766373363,115,0.08602835787972878,0.16467397425635744,0.602440717738436,115,-0.06151003101446382,-0.08602835787972878
RPS16,-0.1499801993984608,0.1018055238410152,0.14350122617140332,117,-0.026273588546461616,0.1424775599317698,0.8540321520460387,117,0.1499801993984608,0.026273588546461616
RPS18,-0.038573161305885686,0.11755662436663719,0.7434304623852226,117,-0.16471902122682688,0.16477121366849337,0.31963813533398405,117,0.038573161305885686,0.16471902122682688
RPS3,-0.30209574977924314,0.1057252389952457,0.005093965987346034,117,-0.17094642748132102,0.1479201615308458,0.2502989675002858,117,0.30209574977924314,0.17094642748132102
RPS4X,-0.2989949082207977,0.09995860054722795,0.003418052062954091,117,-0.1945956388851625,0.14014484992654036,0.16775516093785423,117,0.2989949082207977,0.1945956388851625
RPS6,-0.1227998769361859,0.09979147653535723,0.22106386929393673,117,-0.10831886857094669,0.14060613532075286,0.4427164832451328,117,0.1227998769361859,0.10831886857094669
RPS8,-0.33547655050310743,0.11629957646275456,0.004701741600439485,117,-0.1787966796199615,0.16250431583888972,0.27360011092386743,117,0.33547655050310743,0.1787966796199615
RPS9,0.027805726790235567,0.12206305808323668,0.8202185837438645,117,-0.05260788983648827,0.17165884517272612,0.7598226954249716,117,-0.027805726790235567,0.05260788983648827
SAMM50,-0.09712129784213407,0.1044468255880327,0.3544415874222856,117,-0.10833464637152146,0.14717199030909683,0.4632170511076774,117,0.09712129784213407,0.10833464637152146
SARS2,-0.016938811395144436,0.11498735877076907,0.8831520331544185,117,-0.04262415649817631,0.16199556951292762,0.7929464332899813,117,0.016938811395144436,0.04262415649817631
SDHA,-0.15801763097841798,0.10683633651735959,0.1419306974513836,117,0.008581046097842356,0.14884895776193738,0.9541315883984355,117,0.15801763097841798,-0.008581046097842356
SDHB,-0.3074776697795552,0.10860654757508563,0.005500351125564378,117,-0.17341921947834602,0.15196217316310423,0.2562428140752255,117,0.3074776697795552,0.17341921947834602
SERPINH1,-0.1829778943803523,0.11240665939726258,0.10637287852753882,117,0.01850494057449619,0.1560314940088613,0.9058086295783084,117,0.1829778943803523,-0.01850494057449619
SHMT2,0.0017958107892494168,0.09988309130851744,0.9856874946304673,117,0.0025004668478907912,0.1407488586051981,0.9858578609443658,117,-0.0017958107892494168,-0.0025004668478907912
SLC25A13,-0.015169578316312386,0.10016309055286474,0.8798941656966757,117,-0.10589704047560634,0.14060832674346097,0.4529632573479432,117,0.015169578316312386,0.10589704047560634
SLC25A5,0.008035751405561087,0.10714441006404432,0.9403490966036832,117,0.04143720886208927,0.15091339001171877,0.7841523146889975,117,-0.008035751405561087,-0.04143720886208927
SLC25A6,-0.09573979229954212,0.10193373586936183,0.3496309802233297,117,-0.10154803091173396,0.14363637766650278,0.4810605278034792,117,0.09573979229954212,0.10154803091173396
SLIRP,-0.06480374702382231,0.10315266409521144,0.5311313237579984,117,-0.04957352803128223,0.14534154920775788,0.7336858932154788,117,0.06480374702382231,0.04957352803128223
SOD2,0.10630331814962653,0.10158904750909105,0.2976269941210167,117,0.1542465909147938,0.14300568953332055,0.28310235399525474,117,-0.10630331814962653,-0.1542465909147938
SPRYD4,0.15648978374901676,0.09998883224290427,0.12038705107180947,117,0.0037091907111574075,0.13937243505771993,0.9788157797390282,117,-0.15648978374901676,-0.0037091907111574075
SSBP1,0.06518726052748058,0.11555068225732074,0.5737839014125827,117,0.021928446170535364,0.1627213750610158,0.8930451378131445,117,-0.06518726052748058,-0.021928446170535364
ST13,-0.15372807816305584,0.11579535349728388,0.1870151246102175,117,-0.10784256226541468,0.16305322149419416,0.5097296984030675,117,0.15372807816305584,0.10784256226541468
STOML2,0.08759749755662169,0.10768983764365658,0.41770089905442964,117,0.016984874794570975,0.15144844360048798,0.9109073895470138,117,-0.08759749755662169,-0.016984874794570975
SUCLA2,0.00212094575794598,0.11716211063672807,0.9855891661604002,117,-0.026626748113778333,0.16505153467940056,0.8721316079738803,117,-0.00212094575794598,0.026626748113778333
SUCLG1,-0.09429768488515068,0.11572970407987825,0.41691047202807485,117,-0.0135514537823079,0.16271236727522675,0.9337751608786712,117,0.09429768488515068,0.0135514537823079
SUCLG2,0.003423284194752916,0.102359695143512,0.9733803118406286,117,-0.10895402308123402,0.14343468413043414,0.4490996361833466,117,-0.003423284194752916,0.10895402308123402
SUPV3L1,-0.1566824723747226,0.09772892016495226,0.11169916386900393,117,-0.20096845370839567,0.13758288122495876,0.14692036189655364,117,0.1566824723747226,0.20096845370839567
SYNE1,-0.1287432017541,0.11848928072402318,0.27957360682559806,117,0.138956895400937,0.16298939824732936,0.39574374836172954,117,0.1287432017541,-0.138956895400937
TACO1,0.01866491302636767,0.10421082501659087,0.8581771081511336,117,0.018607522873344568,0.14684725742514168,0.8993964494388424,117,-0.01866491302636767,-0.018607522873344568
TAMM41,-0.05796888018528635,0.10946761415253939,0.5974701554905928,117,-0.011081011978105909,0.1541242098259483,0.9428135539743874,117,0.05796888018528635,0.011081011978105909
TARS2,-0.042297388633283986,0.11365007180971924,0.7104679643070702,117,0.009032219415896511,0.15999770288541945,0.9550830800950936,117,0.042297388633283986,-0.009032219415896511
TBRG4,0.00770530378187893,0.11878749652510183,0.9483961011503041,117,0.05270380359086782,0.1672769523789232,0.7533006981228548,117,-0.00770530378187893,-0.05270380359086782
TFAM,-0.0809912390798927,0.1078600468489319,0.4542924618206995,117,-0.2223515665751544,0.15078062805002665,0.14313217018659394,117,0.0809912390798927,0.2223515665751544
TIMM13,-0.2768561508630879,0.11488034628388502,0.017583466511321127,117,-0.22651223293947337,0.16173861795978708,0.16415782615522473,117,0.2768561508630879,0.22651223293947337
TIMM44,-0.05611856534113156,0.10313112592783856,0.5874214931916928,117,0.09719051559083779,0.1438370203447471,0.5006371472547536,117,0.05611856534113156,-0.09719051559083779
TIMM8B,-0.2134494386099407,0.09830298346334387,0.032015012647087344,117,-0.14451095547259749,0.13820773995839755,0.298014251794586,117,0.2134494386099407,0.14451095547259749
TRAP1,-0.051136528013510395,0.10910278977533731,0.6401947432600081,117,-0.06360296978559662,0.1537314447360662,0.6798717562075745,117,0.051136528013510395,0.06360296978559662
TRMU,-0.13405445433778118,0.1078053438711959,0.21645795328953857,110,-0.034044246211889874,0.15072713667955237,0.8217483550986382,110,0.13405445433778118,0.034044246211889874
TRUB1,-0.1358321305274447,0.11119132398460771,0.2244212466967457,117,-0.16412925429757946,0.15663692238813526,0.2969920363651624,117,0.1358321305274447,0.16412925429757946
TRUB2,0.11216603356491718,0.12033788237995895,0.3537551455402562,96,0.3306273218100266,0.1680369383032,0.052194545233130926,96,-0.11216603356491718,-0.3306273218100266
TSFM,0.06728743727902663,0.10558349960273666,0.5252357710796438,117,-0.07181454520850017,0.1475856902165656,0.6275043495445825,117,-0.06728743727902663,0.07181454520850017
TST,0.029161540611309014,0.11868233818382423,0.8063557569968941,117,-0.21060856894219757,0.16406118923767313,0.20191339795989724,117,-0.029161540611309014,0.21060856894219757
TUBB,-0.050321523781737466,0.11011272270391159,0.6485561332937453,117,-0.26757600234543716,0.15235251381330994,0.08179598150445733,117,0.050321523781737466,0.26757600234543716
TUBB4B,-0.17411129119736696,0.10846329800098634,0.11125367442377335,117,-0.3497122115468478,0.1509805761559244,0.02237949468635103,117,0.17411129119736696,0.3497122115468478
TUFM,-0.09151778443003727,0.10554104488026239,0.38772489475027727,117,-0.0859340543714007,0.14871979879921365,0.5645524497236398,117,0.09151778443003727,0.0859340543714007
UQCRC1,-0.193964493063253,0.11521060314312816,0.0950511731484026,117,-0.20639833524451412,0.16233872297083107,0.20624212266664024,117,0.193964493063253,0.20639833524451412
UQCRC2,-0.06627435845916442,0.11259822322509076,0.5573204875471187,117,-0.1064099686560541,0.15857323839008086,0.5035851004701368,117,0.06627435845916442,0.1064099686560541
UQCRFS1,-0.0848865870225063,0.11368995854309893,0.45683945000002,117,-0.13589458453747,0.16005584491455344,0.3976837596745423,117,0.0848865870225063,0.13589458453747
VARS2,0.011405348497570623,0.11611916458199537,0.9219339015023092,116,-0.07068282636283786,0.16227609897598536,0.6640012462875788,116,-0.011405348497570623,0.07068282636283786
XPNPEP3,-0.15292500017327776,0.1059749307780652,0.1518030624461796,117,0.019497497203543525,0.14749861822971927,0.8950751797276442,117,0.15292500017327776,-0.019497497203543525
YARS2,0.07134021641437195,0.11927684469791196,0.5509766568969605,117,0.037543703374418015,0.16801508489382308,0.823592625498462,117,-0.07134021641437195,-0.037543703374418015
YWHAE,-0.1579980067598246,0.1038191489842439,0.13086304791926182,117,-0.1334738338899489,0.14625767746241455,0.36343411695536654,117,0.1579980067598246,0.1334738338899489
ZADH2,-0.21545769564093922,0.12405361352730808,0.08516991200619056,117,-0.2321314062054271,0.17479388574560129,0.18689276096466048,117,0.21545769564093922,0.2321314062054271
AADAT,-0.2319663078647361,0.10062998979661875,0.023106494092136894,111,-0.15461137546219866,0.14395008931714268,0.2852568090390369,111,0.2319663078647361,0.15461137546219866
AASS,-0.04286272045354809,0.10800681401216337,0.6922317848913314,117,-0.16574202994198664,0.15128501198483796,0.27564212052352616,117,0.04286272045354809,0.16574202994198664
ABAT,-0.22807788978279606,0.10918684299668112,0.038984347916902175,117,-0.18475625820485922,0.15374739323133613,0.23204237971937847,117,0.22807788978279606,0.18475625820485922
ABCB10,0.05586792113524054,0.11525300127276335,0.6288063668174713,117,0.07394853563004232,0.16238875356252483,0.6497256416659821,117,-0.05586792113524054,-0.07394853563004232
ABCB6,0.1555339266708737,0.11641655266024509,0.18425359835067887,117,0.17097990062486745,0.16403347204695262,0.29951545035187654,117,-0.1555339266708737,-0.17097990062486745
ABCB7,0.04222646327442232,0.11969374061246293,0.7249107666144528,117,0.03434336983186365,0.16866142190468592,0.8390208353433433,117,-0.04222646327442232,-0.03434336983186365
ABCB8,-0.008078047050189028,0.10702070212469299,0.9399665445936396,117,-0.1781812190392646,0.1490392228146932,0.23442695091419213,117,0.008078047050189028,0.1781812190392646
ABCD2,0.08211159258587154,0.10445700231325203,0.4334804035043196,117,0.13835290751839313,0.14699722025289835,0.3486492562645699,117,-0.08211159258587154,-0.13835290751839313
ABCD3,-0.18251138320405746,0.1084507636818729,0.09518088193816232,117,-0.15991117367104055,0.15279129699088131,0.297558397527774,117,0.18251138320405746,0.15991117367104055
ACAA1,0.0193992880263325,0.11442293709790333,0.8656775964636702,117,-0.16466063093066796,0.1593016342944179,0.303551004336898,117,-0.0193992880263325,0.16466063093066796
ACACA,0.08165288376067911,0.08668042349484407,0.3482205225744788,117,0.06231871934284877,0.12211650132272876,0.6108393279666415,117,-0.08165288376067911,-0.06231871934284877
ACAD10,-0.19079883683308982,0.1472603312171757,0.1992322562082527,77,-0.0710701346616982,0.201789079043301,0.7257314812767482,77,0.19079883683308982,0.0710701346616982
ACAD11,-0.2639040882084286,0.09940880797300307,0.00910366466729117,116,-0.04491922631057886,0.1359952650501591,0.7418015967970901,116,0.2639040882084286,0.04491922631057886
ACAD8,0.12593639368522166,0.1200133152223953,0.29627450888873497,117,-0.05919602985564272,0.16724875369623868,0.724055245646839,117,-0.12593639368522166,0.05919602985564272
ACADM,-0.014531849474665088,0.10905090531223277,0.8942288854273805,117,-0.06584314321954127,0.1535105987512312,0.6688156755476264,117,0.014531849474665088,0.06584314321954127
ACADS,-0.19658480951971752,0.10220905816418993,0.056973512923609367,117,-0.3754828748532863,0.141976836590668,0.009361820449629793,117,0.19658480951971752,0.3754828748532863
ACADSB,-0.07526507008379985,0.11373433304299765,0.5094829456548304,117,-0.0390611063631136,0.16019226158281857,0.8078056915114346,117,0.07526507008379985,0.0390611063631136
ACLY,-0.14190389698647635,0.1262737411530202,0.26350932397233656,117,-0.03395739026170992,0.17733616050024975,0.8484946910013098,117,0.14190389698647635,0.03395739026170992
ACOT11,0.0067221602822685545,0.10745422368371672,0.9502296933521093,117,0.04460588038944642,0.15133081949939253,0.7687297701655612,117,-0.0067221602822685545,-0.04460588038944642
ACOT7,-0.3036624940693482,0.10577402847472418,0.0048959445168794006,117,-0.3019325062831274,0.1490498404932039,0.045192675668658776,117,0.3036624940693482,0.3019325062831274
ACOT9,0.020239938594629477,0.10468725785018515,0.8470450975885258,117,-0.15894999903792223,0.1455115755600382,0.27704318887611656,117,-0.020239938594629477,0.15894999903792223
ACP6,0.06602323165369318,0.13084997335260762,0.6151499055132552,91,0.2302518661519329,0.17802654252041894,0.199391536163148,91,-0.06602323165369318,-0.2302518661519329
ACSF2,0.11834430070723817,0.11233832269560158,0.29439611181412423,117,0.12600183695579298,0.15829661728752029,0.4277393971503848,117,-0.11834430070723817,-0.12600183695579298
ACSL1,0.05407880092351656,0.10626485778385852,0.6118193533146672,117,-0.05117400144681573,0.14906258828106617,0.7320180349202332,117,-0.05407880092351656,0.05117400144681573
ACSL6,-0.14673043218975262,0.11260051080273627,0.19521113793490197,117,-0.0779069920033756,0.15839583746444988,0.623796671049464,117,0.14673043218975262,0.0779069920033756
ACSS1,-0.09125980814430912,0.11187453524797665,0.4163840063231353,117,-0.1591730127726188,0.1573783031515476,0.3140228287032296,117,0.09125980814430912,0.1591730127726188
ACSS3,0.2725100969709822,0.1023684235447665,0.008909340243136108,117,0.215150358460693,0.14404202664321294,0.13810072447495425,117,-0.2725100969709822,-0.215150358460693
ADCK1,-0.10153182825107986,0.1110196279963882,0.3623981737084587,117,-0.18457376683066873,0.15603757178132957,0.23938401804839282,117,0.10153182825107986,0.18457376683066873
ADCK5,-5.002525691657561e-5,0.10120383805947863,0.999606483457389,117,0.0978024531731957,0.14199377096493557,0.49239894805749274,117,5.002525691657561e-5,-0.0978024531731957
ADHFE1,-0.1616758376156864,0.1010510725925978,0.11242864360284757,117,-0.2502673809268798,0.14188905807531918,0.08051287005538671,117,0.1616758376156864,0.2502673809268798
AGK,-0.0625832576816738,0.110786712885115,0.5732724800391668,117,-0.11789929811532368,0.15593397322411434,0.4512000157204873,117,0.0625832576816738,0.11789929811532368
AGPAT4,-0.07485789069897834,0.11274323413538632,0.5080753867441004,117,-0.12705928674012149,0.1587134233607639,0.42509777701166684,117,0.07485789069897834,0.12705928674012149
AGPAT5,-0.01940045397007232,0.10336887144847279,0.8514657121828565,117,0.04054324739571678,0.14543473428708997,0.7809378876523831,117,0.01940045397007232,-0.04054324739571678
AHCYL1,-0.2490024421170439,0.10594590311901872,0.020509548856363465,117,-0.02405966286194364,0.14615528696388044,0.8695447555491146,117,0.2490024421170439,0.02405966286194364
AIFM2,-0.04463044087142896,0.13055437045688187,0.7332952613351353,91,-0.10667613056162968,0.1752471858956721,0.5443347004083479,91,0.04463044087142896,0.10667613056162968
AIFM3,0.08023221715779072,0.08766605767487079,0.3620514384396345,117,0.0352129220022482,0.12338308032732312,0.7758733496597322,117,-0.08023221715779072,-0.0352129220022482
AKAP1,-0.0036113824281240603,0.10758762789472831,0.9732822711646281,117,0.07948468352536017,0.1511879416994792,0.6001215777290405,117,0.0036113824281240603,-0.07948468352536017
AKAP10,-0.04539050429691648,0.10298648376393599,0.6602490833212518,117,-0.0368360214512353,0.14511737571520866,0.8000918111032014,117,0.04539050429691648,0.0368360214512353
ALDH1L1,0.16922608054849017,0.10803293675546893,0.12006899789040443,117,0.00934437782958618,0.15068748804924348,0.9506650881492731,117,-0.16922608054849017,-0.00934437782958618
ALDH1L2,6.932843492294198e-4,0.14267291064072715,0.9961382435402302,68,-0.10223545297570373,0.19892266736821201,0.6091169092206169,68,-6.932843492294198e-4,0.10223545297570373
ALDH3A2,0.13634931584823765,0.1123186070194667,0.22731995147734463,117,0.01834727745483037,0.15746444347971714,0.9074533995618661,117,-0.13634931584823765,-0.01834727745483037
ALDH4A1,-0.030798061587920825,0.11000964427683162,0.7800262561201431,117,-0.06132019843285567,0.1549635373001732,0.693080522164201,117,0.030798061587920825,0.06132019843285567
ALDH6A1,-0.15962367096837843,0.10790340841329991,0.14186201719000344,117,-0.24589911590527994,0.15160161826715748,0.10763859360017408,117,0.15962367096837843,0.24589911590527994
ALKBH7,0.004185611745161109,0.1494520741313138,0.9777367545012406,75,0.05563970532084594,0.21805021804142996,0.799351457356825,75,-0.004185611745161109,-0.05563970532084594
AMACR,-0.1411690981823729,0.11268019354336711,0.21297351622003455,113,-0.056787990510231784,0.15832317035658414,0.7205382350009488,113,0.1411690981823729,0.056787990510231784
AMT,-0.04034138406870331,0.09207034758169846,0.6621154764961286,117,-0.042282107115228756,0.1297394041644287,0.7451134015805074,117,0.04034138406870331,0.042282107115228756
ANGEL2,0.14362884705814494,0.09799498688069304,0.14553856590781655,117,0.0950198051014465,0.1379314983067792,0.4923291167410666,117,-0.14362884705814494,-0.0950198051014465
APEX1,-0.09210794690863636,0.07811866147004566,0.24086607032177432,117,-0.0012613973613228866,0.10939106133894551,0.9908204306929588,117,0.09210794690863636,0.0012613973613228866
APOO,0.18674253272381086,0.11390245654883584,0.10391611332811884,117,0.22391910458461345,0.16042520686053727,0.1655649335090032,117,-0.18674253272381086,-0.22391910458461345
APOOL,-0.057169207430838614,0.11073534956865809,0.6066844788692258,117,-0.0022622173653436936,0.15586416112455778,0.9884459401109553,117,0.057169207430838614,0.0022622173653436936
ARF5,-0.18142277898602105,0.10667124374853139,0.09176203039133028,117,-0.18393675384484307,0.1503139379439303,0.2236626947255066,117,0.18142277898602105,0.18393675384484307
ARG2,0.22306512674335507,0.10077435595429253,0.028889244618030472,117,0.20752920983426673,0.1419892372549185,0.1466804575325981,117,-0.22306512674335507,-0.20752920983426673
ARMC10,-0.0683395976473635,0.11209519541295249,0.5433240427851271,117,-0.22631468827329862,0.15650378817062566,0.15097662843361562,117,0.0683395976473635,0.22631468827329862
ARMCX1,-0.068597731039961,0.12188350250906824,0.5747069121457801,115,-0.23546627712524995,0.1686442483961492,0.1654820732460539,115,0.068597731039961,0.23546627712524995
ARMCX2,-0.10259113499601283,0.11798859071209768,0.38643304561431857,117,-0.17868993095531266,0.16594271330214688,0.2838968170109195,117,0.10259113499601283,0.17868993095531266
ARMCX3,-0.04699900715926507,0.12094749202481539,0.6983170480003571,117,0.11946150214129855,0.1689359782438641,0.4809610066875889,117,0.04699900715926507,-0.11946150214129855
ATAD1,-0.16400646837097457,0.10249000382892781,0.11236707205139755,117,-0.16294544714981604,0.1444223146206399,0.2616442426291357,117,0.16400646837097457,0.16294544714981604
ATP5F1A,-0.11129283417988066,0.11400764884075852,0.33107536643380886,117,-0.06543945456565797,0.16053241506897759,0.6843230371521986,117,0.11129283417988066,0.06543945456565797
ATP5F1B,-0.13084551843471642,0.11504881779008913,0.25783837699976137,117,-0.09509023399474363,0.1620472308398696,0.5585258132314732,117,0.13084551843471642,0.09509023399474363
ATP5F1C,-0.06496041928504481,0.10133768730727256,0.5228132304522397,117,0.09012293010122562,0.14124771956354076,0.5247560765462418,117,0.06496041928504481,-0.09012293010122562
ATPAF1,-0.039126467698019834,0.11256439158698205,0.7287990792597792,117,-0.03427777025723641,0.15861721421459374,0.8293035325686977,117,0.039126467698019834,0.03427777025723641
ATPAF2,0.09945567546551168,0.10470348529990843,0.3442187937041581,117,-0.06896522314532175,0.1457701344940812,0.637064171910187,117,-0.09945567546551168,0.06896522314532175
AUH,-0.039783205492993315,0.11376673552192325,0.7272272793127277,117,-0.029484231359021392,0.16030677858393058,0.8544088122623289,117,0.039783205492993315,0.029484231359021392
AURKAIP1,-0.007934495289044987,0.11700470383194868,0.9461054601875667,84,-0.07308029022508998,0.17319528799312145,0.6742199778401071,84,0.007934495289044987,0.07308029022508998
BAD,-0.21623472548567466,0.12336534344082789,0.08242251007708924,115,-0.09379899700369684,0.17144682131234099,0.585426653757688,115,0.21623472548567466,0.09379899700369684
BAX,-0.052761495540627305,0.11103340475244064,0.6355799422645063,117,0.07999689455738172,0.1554261376320438,0.6077902406484723,117,0.052761495540627305,-0.07999689455738172
BCL2L1,-0.08561477179217766,0.11994164453066278,0.47694754172523135,109,-0.1033920982727512,0.17262406445078313,0.5505254672561668,109,0.08561477179217766,0.1033920982727512
BCL2L13,0.010349243601361153,0.10556611247345042,0.9220792109956802,117,0.08670306597466582,0.14839769023405144,0.5602299094802405,117,-0.010349243601361153,-0.08670306597466582
BCL2L2,-0.10003164598285019,0.10041483138149473,0.3213081575421595,117,-0.22434155433086267,0.1404944594165262,0.11315338915557512,117,0.10003164598285019,0.22434155433086267
BDH1,-0.034475259088748274,0.08725538831221115,0.6935150354997797,117,0.013073268498802873,0.12278622132353074,0.9154002265567005,117,0.034475259088748274,-0.013073268498802873
BID,-0.15364722279651435,0.11438559163172242,0.1819343947593097,116,0.05119619615191194,0.15776635558060323,0.74617094756009394,116,0.15364722279651435,-0.05119619615191194
BLOC1S1,0.03824021371169758,0.1127806337579528,0.7351940122421079,117,-0.1948403221155812,0.15576116828068132,0.2136042856364062,117,-0.03824021371169758,0.1948403221155812
BNIP3,-0.1091840708184436,0.10770262583401621,0.3128847158586133,117,0.10814928704108345,0.14889013925439476,0.4691411009586949,117,0.1091840708184436,-0.10814928704108345
BNIP3L,-0.14703382575990281,0.10812289384426171,0.17712165718416797,99,0.08755567281677541,0.15343399788884113,0.5696195087785734,99,0.14703382575990281,-0.08755567281677541
BOLA1,-0.007534196560227222,0.11521290273457019,0.9479771317485828,117,-0.11242045454173495,0.16172891904430936,0.48843483968297996,117,0.007534196560227222,0.11242045454173495
BOLA3,0.1837378003305468,0.11505178245327674,0.11308321273690644,117,0.133496266651738,0.16198099109067463,0.4116230105013281,117,-0.1837378003305468,-0.133496266651738
BPHL,-0.06707414571506601,0.102451051268999,0.5140066992552165,117,0.11093054209030566,0.14234326477448075,0.4374513276212174,117,0.06707414571506601,-0.11093054209030566
C15ORF61,-0.18172454538454938,0.15744434916151165,0.2526383486850327,70,-0.03999144160814121,0.22018055418744087,0.8564469651724247,70,0.18172454538454938,0.03999144160814121
C2ORF69,-0.09766871410962812,0.09988833682631477,0.3302909373691194,117,-0.06959636912459866,0.14070499877811057,0.621841627717966,117,0.09766871410962812,0.06959636912459866
C3ORF33,0.040055159571011065,0.10393441149683463,0.7006803359781058,117,-0.09769058575829925,0.14526644193247354,0.5026677582109764,117,-0.040055159571011065,0.09769058575829925
C6ORF136,-0.023197477177038656,0.08760080133525742,0.791643360213633,117,-0.008763281192966533,0.12342601178559383,0.9435252983392186,117,0.023197477177038656,0.008763281192966533
C8ORF82,0.07669180699288301,0.10476068691143027,0.4656570044264574,117,-0.042701704244201916,0.14673507866762095,0.7715850271220793,117,-0.07669180699288301,0.042701704244201916
CA5B,-0.03863966411250176,0.11809784810398646,0.7441996336745875,107,-0.07485791759334293,0.16645200858435288,0.6538711949089324,107,0.03863966411250176,0.07485791759334293
CASP3,-0.11367134215763616,0.0936213574974427,0.2273347786460198,113,-8.436533105622228e-4,0.1307576387529138,0.9948640678957703,113,0.11367134215763616,8.436533105622228e-4
CASP9,-0.21321989205080025,0.14084854348657677,0.13450961560246794,76,-0.06755001524141678,0.20459607897513418,0.7422630380493433,76,0.21321989205080025,0.06755001524141678
CAT,-0.0893365608241289,0.11378035655303395,0.4340135218566932,117,0.02923027786602914,0.15952700731152764,0.8549511186426454,117,0.0893365608241289,-0.02923027786602914
CBR3,-0.05445008309642317,0.09634885641682378,0.5731124262535525,117,-0.11889407747151126,0.1354882415702385,0.3820978963421594,117,0.05445008309642317,0.11889407747151126
CCDC127,-0.14212171941937346,0.11573221332773131,0.22201315481472328,117,-0.22638401323088136,0.1626832532388172,0.16683721708502386,117,0.14212171941937346,0.22638401323088136
CCDC51,0.09863388858632802,0.09271942278864057,0.2897125418947118,117,0.18339594309010387,0.13014972551258505,0.16159646279832263,117,-0.09863388858632802,-0.18339594309010387
CCDC58,-0.08272164452065409,0.11001827292112613,0.4536943690753097,117,0.06264685032154013,0.15377733296915552,0.6845085392243995,117,0.08272164452065409,-0.06264685032154013
CHCHD10,-0.1608433319936895,0.12485328261006201,0.20115172323167768,90,-0.311383943408516,0.17605025966607002,0.0805704324086128,90,0.1608433319936895,0.311383943408516
CHCHD2,0.008373362909138721,0.10869752046465495,0.9387342494041604,117,-0.027789723424867397,0.15309140981182315,0.8562875718048484,117,-0.008373362909138721,0.027789723424867397
CHCHD3,0.03477331763571713,0.11017469352919827,0.7528784506525932,117,0.12951999101180323,0.15472070819031025,0.4043231425498641,117,-0.03477331763571713,-0.12951999101180323
CHCHD4,-0.061272688388949115,0.11326355551836116,0.5895995466542474,117,-0.10415516491952106,0.1594982356777045,0.5150951754679817,117,0.061272688388949115,0.10415516491952106
CHCHD5,0.008708031460875723,0.12725056956644876,0.9455885393220835,98,-0.023646417734053043,0.18164156324626132,0.896706848568456,98,-0.008708031460875723,0.023646417734053043
CHCHD6,-0.19234192205607747,0.11102308997169058,0.08594630007797276,117,-0.11407355913327344,0.1560876496144249,0.46642276413807626,117,0.19234192205607747,0.11407355913327344
CHCHD7,-0.10622874221907803,0.10908448740372245,0.3322440883748534,117,-0.07219847156282173,0.1536459004238416,0.6393471107125448,117,0.10622874221907803,0.07219847156282173
CHDH,0.21666190731568105,0.10902473694519706,0.049333094212517505,117,0.05354213244771155,0.15203628365186275,0.7253809039905406,117,-0.21666190731568105,-0.05354213244771155
CISD1,-0.13045497203256975,0.10559137226237666,0.21924087515387822,117,-0.0026571619619311843,0.1477839617983007,0.9856870535777933,117,0.13045497203256975,0.0026571619619311843
CISD3,0.1347800504398409,0.10660425669891867,0.20874617093019385,117,0.38687420538424094,0.1462941891851657,0.009366560307841576,117,-0.1347800504398409,-0.38687420538424094
CKMT1A,0.16410593984685468,0.09190144383992899,0.07685853847254222,117,0.08285090889136518,0.1290339032569109,0.522140978747377,117,-0.16410593984685468,-0.08285090889136518
CKMT2,-0.11153161250294368,0.10069492943942876,0.27051009411222576,112,-0.2499405687013462,0.14029898427665397,0.07769710289306185,112,0.11153161250294368,0.2499405687013462
CLPB,0.18221291867371675,0.09174484992970694,0.0494669201898182,117,0.08332264274548444,0.12858637171196516,0.5183297435025451,117,-0.18221291867371675,-0.08332264274548444
CLYBL,-0.00799325566116122,0.09976016047086757,0.9362810515190925,117,-0.09739907841831107,0.14005394222155584,0.4882331460059801,117,0.00799325566116122,0.09739907841831107
CMC1,-0.04394527720495974,0.10382195167105514,0.672906030355024,117,-0.04684812893021509,0.14629875458202074,0.7494018000285525,117,0.04394527720495974,0.04684812893021509
CMC2,0.06639364498180035,0.10583908212158866,0.531734506833156,117,0.13971743299678266,0.1488111846434572,0.3498254386242432,117,-0.06639364498180035,-0.13971743299678266
CMC4,0.1675833098618587,0.10437833205146912,0.11119159730626034,117,-0.04684021215876731,0.14419206919813324,0.7459090904228899,117,-0.1675833098618587,0.04684021215876731
CMPK2,0.024342360952361964,0.10753730907221068,0.8213324789111469,117,-0.17614972858335345,0.1490855649352384,0.23991569447010697,117,-0.024342360952361964,0.17614972858335345
COA1,-0.06912040412263526,0.10120086657403225,0.4960159113175694,117,0.004670533401517418,0.14225569854528816,0.9738675563252265,117,0.06912040412263526,-0.004670533401517418
COA3,0.06596204661502864,0.10579032706454211,0.534212727261797,117,0.06888493406837991,0.14907246646855604,0.6449210306965696,117,-0.06596204661502864,-0.06888493406837991
COA4,-0.04085133822227484,0.0973373799697795,0.6755245245508603,116,-0.024257238983445596,0.13633504412083788,0.8591101218907502,116,0.04085133822227484,0.024257238983445596
COA5,0.02736084222084759,0.10954810739569691,0.8032297177104898,117,0.16751429080529606,0.15319842119335716,0.27656507778395906,117,-0.02736084222084759,-0.16751429080529606
COA6,0.009228128149380399,0.10383297602530893,0.9293401896177511,117,0.03282757160349487,0.14627995280807696,0.8228461436778757,117,-0.009228128149380399,-0.03282757160349487
COA7,-0.1812618329437203,0.10470949459813117,0.08618906360113776,117,-0.009987350556256977,0.14571779535331317,0.9454798976710674,117,0.1812618329437203,0.009987350556256977
COASY,0.1985899685834964,0.10758433754044419,0.06754758268406813,117,0.11416516663899447,0.1511698078414468,0.45172162351150313,117,-0.1985899685834964,-0.11416516663899447
COMT,-0.03194467133694235,0.09856768370047768,0.7464753429016322,117,0.002231521956306064,0.13881826666077926,0.9872033112030763,117,0.03194467133694235,-0.002231521956306064
COMTD1,0.06957417987564106,0.11268597498932835,0.5382133086170054,117,0.09350240622218906,0.15875687330627838,0.557080765467071,117,-0.06957417987564106,-0.09350240622218906
COQ10A,-0.0398488526695936,0.11526001676626121,0.7302119634975675,114,-0.21328760996429721,0.16064174656172736,0.18706940562318553,114,0.0398488526695936,0.21328760996429721
COQ10B,-0.249854064181577,0.0989405469724287,0.012959175307934195,117,-0.2691695696911569,0.1393962079687529,0.056037496408074046,117,0.249854064181577,0.2691695696911569
COQ3,-0.1060209675940459,0.11045783697415744,0.33920728995612637,117,0.09104803220851432,0.1533480605363864,0.5538977396194547,117,0.1060209675940459,-0.09104803220851432
COQ5,0.04544409742078987,0.11256340844579808,0.6871884221998561,117,0.0057959723747766055,0.1585263977625657,0.9709002652646751,117,-0.04544409742078987,-0.0057959723747766055
COQ6,-0.08197856095556702,0.10581755416302562,0.44013992517328293,117,-0.025475471549018712,0.14891514362436736,0.8644772429164522,117,0.08197856095556702,0.025475471549018712
COQ7,0.06383973605726766,0.11038275784100053,0.5641897833666342,117,0.1385918235794401,0.15521499764033353,0.37384124435817656,117,-0.06383973605726766,-0.1385918235794401
COQ9,-0.07419393032875486,0.1072792931179086,0.4906222170573741,117,-0.021938663901133144,0.1510056312964666,0.8847503343220666,117,0.07419393032875486,0.021938663901133144
COX11,0.1722301647285715,0.122013839692255,0.16092702335595505,114,0.1495281877290624,0.17053931877020484,0.38254361396716885,114,-0.1722301647285715,-0.1495281877290624
COX14,0.07796129579944336,0.11525678907538474,0.5003394192086575,105,-0.020464269426352332,0.16374634421220882,0.9007964272287831,105,-0.07796129579944336,0.020464269426352332
COX15,-0.08843420924851603,0.10199122216859965,0.38775387387929194,117,-0.08873307858238055,0.14371952896739576,0.5382324878001766,117,0.08843420924851603,0.08873307858238055
COX17,0.2714189746047528,0.10848635881030011,0.013798806357171206,117,0.3141615769813797,0.15276258102400284,0.042075717716116595,117,-0.2714189746047528,-0.3141615769813797
COX18,-0.029723014272694945,0.12129484672132608,0.8069071082403977,108,0.03392750624451018,0.16768423391472703,0.8400619710509865,108,0.029723014272694945,-0.03392750624451018
COX19,0.0396779868430122,0.10501597669844094,0.7062733892395314,117,0.07080113004497958,0.1479218666207113,0.633137146606803,117,-0.0396779868430122,-0.07080113004497958
COX20,-0.1906732425710884,0.12396155481350489,0.1268288932498336,117,-0.22172971691434282,0.17462815286994332,0.2068381233158599,117,0.1906732425710884,0.22172971691434282
COX5A,-0.1304030056987741,0.11743400878456546,0.2691893208374505,117,-0.1729319404434084,0.1653803958836513,0.29798903267615523,117,0.1304030056987741,0.1729319404434084
COX5B,-0.032069175662803776,0.11703546556074594,0.7845797689270098,117,0.01593318026782943,0.16479091706559343,0.9231491240360016,117,0.032069175662803776,-0.01593318026782943
COX6A1,0.14036667509716727,0.11593118709305907,0.2285301491315865,117,0.1403903952610668,0.16336284539031984,0.39198429689254677,117,-0.14036667509716727,-0.1403903952610668
COX6B1,0.18124893715956236,0.12373480746533419,0.14577213485910973,117,0.1543375181092057,0.1743211661770616,0.37787480532437334,117,-0.18124893715956236,-0.1543375181092057
COX6C,0.12850174109806678,0.09692001511265674,0.1875860147569549,117,0.17599224621919826,0.13642219168180167,0.19971239888818898,117,-0.12850174109806678,-0.17599224621919826
COX7A1,-0.003122351639422186,0.10225570251257679,0.975694931091741,117,-0.06743173365604281,0.14382912635988876,0.6401090197770621,117,0.003122351639422186,0.06743173365604281
COX7A2,0.029255550566967138,0.11754634753192628,0.8039053809242909,117,-0.09868738241136782,0.1647312710822822,0.5503395835620536,117,-0.029255550566967138,0.09868738241136782
COX7B,0.1289497401447382,0.11232444583626829,0.2534320141235437,116,0.06326506443822306,0.15709161834767144,0.6879305415306398,116,-0.1289497401447382,-0.06326506443822306
COX7C,0.08479930220702739,0.11984652914508796,0.4806847206446725,117,0.09455775686945883,0.1688749318981143,0.5766569716270672,117,-0.08479930220702739,-0.09455775686945883
CPS1,0.14742597511457223,0.11709828553606672,0.21065043748122028,117,-0.05480620451614645,0.16272170636200892,0.7368965343614284,117,-0.14742597511457223,0.05480620451614645
CPT1A,-0.0969739035430587,0.10234922691617572,0.34543377118768426,117,0.0839829132677812,0.14212947158427153,0.5557952589323167,117,0.0969739035430587,-0.0839829132677812
CPT1C,0.17789097850972185,0.11233810666502847,0.11612000994777359,117,0.19412712249356626,0.15828445362929577,0.2226266984090525,117,-0.17789097850972185,-0.19412712249356626
CRAT,-0.032218693794633574,0.11348765508087602,0.7770142241904459,117,-0.14205540312713616,0.15922719348585307,0.37423960876743867,117,0.032218693794633574,0.14205540312713616
CROT,-0.002043004025726599,0.11355230685251376,0.9856795834594363,110,-0.10494629883962919,0.1569586390859399,0.5052167982619244,110,0.002043004025726599,0.10494629883962919
CYB5B,0.2670299159002931,0.11047541931419448,0.017259199340509946,117,0.14057010916605212,0.1547312639353391,0.3655934375872639,117,-0.2670299159002931,-0.14057010916605212
CYB5R3,0.1955874004871193,0.1081063591273943,0.07310029633482809,117,0.1192736194616423,0.15198607605372372,0.43426202307330597,117,-0.1955874004871193,-0.1192736194616423
CYCS,0.09397560232853948,0.11521192967596214,0.416416790496131,117,0.02346618842706355,0.16206862124500443,0.8851379262732535,117,-0.09397560232853948,-0.02346618842706355
CYP27A1,-0.004222732203801768,0.10212200428719691,0.9670905952465909,117,0.03997111782097176,0.14377947317795703,0.781527260697423,117,0.004222732203801768,-0.03997111782097176
D2HGDH,-0.009688612071290379,0.10981626533053725,0.9298548843742922,117,-0.0931405349066198,0.15433337816482767,0.5474059236179558,117,0.009688612071290379,0.0931405349066198
DBI,0.15556542384941646,0.0801397935563392,0.054749500563946556,117,-0.01836914397937637,0.11044716901381563,0.8682107585141641,117,-0.15556542384941646,0.01836914397937637
DBT,-0.11916028247137962,0.09733115802801863,0.2234168233032369,117,-0.0713748122276613,0.13700030937410543,0.6034165065295721,117,0.11916028247137962,0.0713748122276613
DCAKD,-0.19696481370558067,0.110630455304063,0.07772440801151755,117,-0.20521889245605202,0.15588938932317067,0.1907385053247692,117,0.19696481370558067,0.20521889245605202
DDX28,0.08562426987462265,0.11648085434055508,0.4638471583274525,115,-0.13536151446153366,0.15978240425253876,0.39876132197691316,115,-0.08562426987462265,0.13536151446153366
DECR1,-0.08762082279657053,0.10028472327388133,0.3841400049440453,117,-0.1874865264290841,0.1406670272758936,0.18531395301644987,117,0.08762082279657053,0.1874865264290841
DGUOK,0.08688863596743936,0.10424943245886335,0.4063544205967641,117,0.23722996440373667,0.14548573833688283,0.10580777050174431,117,-0.08688863596743936,-0.23722996440373667
DHODH,-0.061798150598227256,0.10773431563409851,0.5673776005206064,117,-0.03562832215018461,0.15177101574429455,0.8148348807770406,117,0.061798150598227256,0.03562832215018461
DHRS1,-0.09382899961870841,0.09322798000506868,0.3163701581590485,117,-0.19069935110271918,0.1307151201671954,0.1474186253017527,117,0.09382899961870841,0.19069935110271918
DHRS4,0.13497915210076972,0.08817775249105302,0.12864789771471352,117,0.01023697358045101,0.12310222930903195,0.9338754412405562,117,-0.13497915210076972,-0.01023697358045101
DHRS7B,-0.3455813384863855,0.09386436465874425,3.5811271842992005e-4,117,-0.3960379391431951,0.13209129086014976,0.0033519993060393796,117,0.3455813384863855,0.3960379391431951
DHTKD1,-0.17555939009543894,0.10551650530827111,0.0989460702218665,117,-0.3218182040067382,0.14736365355232373,0.03107850438954974,117,0.17555939009543894,0.3218182040067382
DIABLO,-0.11265791856852425,0.1068252363888563,0.29387790893244053,117,-0.14358838685857547,0.15047310375004466,0.342032533970684,117,0.11265791856852425,0.14358838685857547
DNAJC11,-0.09238453185082143,0.10712863562600954,0.39032663210012997,117,-0.0648916120902377,0.15091298772070771,0.6680339607592782,117,0.09238453185082143,0.0648916120902377
DNAJC19,-0.1179150006900313,0.10001058722725634,0.2408867701433727,117,-0.03130484383963313,0.14044023164064276,0.8240190377838237,117,0.1179150006900313,0.03130484383963313
DNAJC28,-0.19181246077096167,0.11234038579499267,0.09152747217726406,87,-0.0546670953318212,0.15810741856960114,0.7304200933862776,87,0.19181246077096167,0.0546670953318212
DNAJC30,-0.023160187503570368,0.10794392538380737,0.8305024348762867,117,-0.00951831749325221,0.15209649960223182,0.9502128861258179,117,0.023160187503570368,0.00951831749325221
DNLZ,-0.0052141876537990664,0.11212290205559726,0.962995875441319,111,0.08143048659083478,0.15494690561109817,0.6003173374761474,111,0.0052141876537990664,-0.08143048659083478
DNM1L,-0.1693476680910253,0.10019777670421509,0.09378386056360649,117,-0.21974094618035545,0.1410275096581667,0.1220461714269476,117,0.1693476680910253,0.21974094618035545
DTYMK,0.139831901638404,0.09730359134910527,0.15348639276841372,117,0.32554025389187097,0.13479082021602848,0.017361823335365657,117,-0.139831901638404,-0.32554025389187097
DUS2,-0.20284498102252127,0.11325167549668701,0.0762433446577222,107,-0.05713548798747342,0.15686592720578618,0.7164466825616862,107,0.20284498102252127,0.05713548798747342
DUT,0.019991356352842667,0.11403429657749739,0.8611525770353268,117,-0.1856573462054074,0.15826119399224325,0.24326405381611266,117,-0.019991356352842667,0.1856573462054074
ECHDC2,0.07341188273921961,0.09493710045035758,0.44110077048486396,110,0.18714491145803427,0.13279039210606347,0.1617220780433051,110,-0.07341188273921961,-0.18714491145803427
ECSIT,0.0916367620647612,0.10423949519801187,0.3812301798733655,117,0.03229595639678342,0.14666794376107387,0.8261215966785969,117,-0.0916367620647612,-0.03229595639678342
EFHD1,0.013009947495445016,0.11691834890395977,0.9115984073767172,117,0.007342288851697847,0.16475210537036242,0.9645335766973994,117,-0.013009947495445016,-0.007342288851697847
EHHADH,-0.3571566241338681,0.10496435748813318,9.342659330189489e-4,114,-0.2526217212461749,0.1478903123015287,0.09047764955281541,114,0.3571566241338681,0.2526217212461749
ELAC2,-0.10859360599733026,0.09172673054329018,0.23908322498087795,112,-0.116311527434827,0.12899187772232854,0.3692623818645726,112,0.10859360599733026,0.116311527434827
ENDOG,0.04404167127630169,0.11651370987566907,0.7061492942253105,117,-0.0595913713418288,0.16358353214602112,0.7163366578934511,117,-0.04404167127630169,0.0595913713418288
EPHX2,0.012499888434634255,0.09575401815234941,0.8963720784263455,117,-0.06753492551993041,0.13449499162563472,0.6165657309762509,117,-0.012499888434634255,0.06753492551993041
ETFDH,0.04405266517491903,0.10824470494676881,0.6848045814894703,117,0.06730218067540873,0.15249908602255968,0.6598337322897486,117,-0.04405266517491903,-0.06730218067540873
ETHE1,-0.026232638833424908,0.11305202170700492,0.8169300660928509,117,0.07109214929157723,0.15876023862818117,0.6551733916940827,117,0.026232638833424908,-0.07109214929157723
EXD2,0.12180634167424065,0.10702822510199579,0.2575170726186757,117,0.06280379560905866,0.15060581171186005,0.6774780936234627,117,-0.12180634167424065,-0.06280379560905866
EXOG,-0.005966556099409769,0.12039056062258717,0.9605612976638057,117,-0.02661582441731026,0.1696236906230427,0.8756000355747753,117,0.005966556099409769,0.02661582441731026
FABP1,0.06123311641610344,0.11274670918846327,0.5884316831770046,93,0.24928917782780743,0.15526724541228779,0.11199695791669964,93,-0.06123311641610344,-0.24928917782780743
FAHD2A,0.02817952620517772,0.10894840678147688,0.7963798945340582,117,-0.03973908371336656,0.15324773022021085,0.79587428739932,117,-0.02817952620517772,0.03973908371336656
FAM136A,0.05083622263534856,0.11738627797408674,0.6657983409443149,117,-0.033434740184741775,0.16501961341978816,0.839810231871954,117,-0.05083622263534856,0.033434740184741775
FAM162A,-0.031578145007812454,0.10182838413712438,0.7570525244758953,117,-0.05302120235506953,0.14346072372867877,0.7123944754884604,117,0.031578145007812454,0.05302120235506953
FAM185A,0.07808350708491556,0.11129905744047855,0.4844058215527691,117,0.17064121764679321,0.15633448721550205,0.2774105236721886,117,-0.07808350708491556,-0.17064121764679321
FAM210A,0.010602586306578626,0.11151856278691133,0.9244254418044514,117,-0.04045261114008023,0.1569928711251156,0.7971374272969144,117,-0.010602586306578626,0.04045261114008023
FAM210B,0.1575999278239797,0.11144672347248372,0.16009813364424533,117,0.21075717763737484,0.1568787539667334,0.18186966953665515,117,-0.1575999278239797,-0.21075717763737484
FARS2,0.285137776890147,0.09303031681973152,0.0027279287958789557,117,0.14473063545882428,0.12970783758698595,0.2669088578111808,117,-0.285137776890147,-0.14473063545882428
FASN,0.11751444199946512,0.08774762539121665,0.18320663165794787,117,0.09909655383884372,0.12362323787269983,0.4244962891488654,117,-0.11751444199946512,-0.09909655383884372
FASTKD1,-0.17695361569285548,0.13483685616483942,0.19340308519887253,80,-0.22421788744341584,0.2000860042719472,0.2660786012031233,80,0.17695361569285548,0.22421788744341584
FASTKD2,-0.0713739936020827,0.10726690976549981,0.5072620713631908,110,-0.12756138958946506,0.14921811678335917,0.3945907545312509,110,0.0713739936020827,0.12756138958946506
FBXL4,0.2397862554046589,0.12662929353120367,0.06180376655444587,87,0.23942285123656218,0.17737075336699573,0.18082630185692034,87,-0.2397862554046589,-0.23942285123656218
FDPS,0.2190742978038377,0.109241964316695,0.04733113909450276,117,0.1339649646802087,0.15350526743040888,0.3847072982367946,117,-0.2190742978038377,-0.1339649646802087
FDX1,0.2600802845083441,0.11325411829702585,0.023511126703499835,117,0.2811533146257192,0.1595650050810867,0.08082249055995173,117,-0.2600802845083441,-0.2811533146257192
FHIT,0.047307250001650945,0.11236154686480326,0.6745421731017996,117,0.06445282278520782,0.15831573109539884,0.6847070084645379,117,-0.047307250001650945,-0.06445282278520782
FIS1,-0.21412513484350987,0.12342153839275129,0.0855078104955233,117,-0.11478993917669233,0.17339738745170843,0.5093400662385879,117,0.21412513484350987,0.11478993917669233
FKBP10,-0.23102481353360488,0.12924671491624506,0.07722744926033503,95,-0.20909288059089662,0.1766165031274173,0.23961258756171822,95,0.23102481353360488,0.20909288059089662
FKBP8,-0.009232327070350009,0.12160031507165528,0.9396153778991242,117,-0.14228461361418898,0.17040262454465996,0.4055165050678585,117,0.009232327070350009,0.14228461361418898
FTH1,-0.007634338189748767,0.11021341415696935,0.9448992740667831,117,-0.14232639238630734,0.1542322007477712,0.3581098868823175,117,0.007634338189748767,0.14232639238630734
FUNDC1,-0.23423339958650397,0.131248276461929,0.07731901594209513,106,-0.23853036536608227,0.184293909225817,0.19854510542769047,106,0.23423339958650397,0.23853036536608227
FUNDC2,0.2884011942656975,0.119933590440647,0.01782645026580566,117,0.2983013200875322,0.16899746595373574,0.08029323831816733,117,-0.2884011942656975,-0.2983013200875322
FXN,0.20532108784659525,0.10877941762150167,0.06168154939072094,117,0.03542485483497609,0.15155065217489466,0.8156101906085438,117,-0.20532108784659525,-0.03542485483497609
GATB,-0.01231867961023436,0.11135792572140878,0.9121137803500624,117,0.06722653290325807,0.15654877310020307,0.6684436839173585,117,0.01231867961023436,-0.06722653290325807
GATC,-0.14740133312772954,0.11189309615420055,0.1904130788043475,117,-0.04215617094254893,0.15702793903617476,0.7888413554898082,117,0.14740133312772954,0.04215617094254893
GATM,-0.07855135833430353,0.10781564753142771,0.4677847528701069,117,-0.06895149774163872,0.1519213885470343,0.6508135872105157,117,0.07855135833430353,0.06895149774163872
GCDH,-0.0014132509010782418,0.10506349806555539,0.989291593032233,117,-0.18904202573327836,0.1458547966186107,0.19763034086546857,117,0.0014132509010782418,0.18904202573327836
GCSH,-0.2530144601048955,0.10630569614828422,0.018999128269943828,117,-0.354585228994218,0.14916715926404175,0.01916044736612643,117,0.2530144601048955,0.354585228994218
GDAP1,-0.017536284187895473,0.096510880988885,0.8561445175932322,117,0.06566408101063013,0.1355300278787929,0.6289868654357018,117,0.017536284187895473,-0.06566408101063013
GFER,-0.07577485968156283,0.10581746760873072,0.47542601680106933,117,-0.242656422715194,0.14739083245521378,0.10252091351864169,117,0.07577485968156283,0.242656422715194
GHITM,-0.26599397309794887,0.11185673545691632,0.019101159847651906,117,-0.17335377417179942,0.15712194715870842,0.27228000153758686,117,0.26599397309794887,0.17335377417179942
GLOD4,-0.1669700119788492,0.11080185563312044,0.1346454787532172,117,-0.3147404467187306,0.15484880620006303,0.04448323484844206,117,0.1669700119788492,0.3147404467187306
GLRX2,-0.21039079449762044,0.12236091806770472,0.08866152374856778,104,-0.10323023268723035,0.16753156883820117,0.5392018803042409,104,0.21039079449762044,0.10323023268723035
GLS2,0.08192940303950653,0.11536902756963069,0.47908667493198487,117,-0.02313407028845322,0.16194766083742565,0.8866683791213423,117,-0.08192940303950653,0.02313407028845322
GLUD2,-0.10283840200185489,0.10451174222125471,0.32724182475343444,117,-0.06381163944433267,0.14717654561201995,0.6654406778197693,117,0.10283840200185489,0.06381163944433267
GOLPH3,0.140357742777053,0.10732515467929152,0.19362577552748025,117,0.18216876373140842,0.15112987398967648,0.23062042390256493,117,-0.140357742777053,-0.18216876373140842
GPD2,0.012546553447084222,0.1153171573901466,0.9135554901823506,117,0.1078848503465943,0.16198451352853604,0.5067804086911191,117,-0.012546553447084222,-0.1078848503465943
GPX1,0.11201275415593995,0.1034191659881594,0.2810926203631274,117,0.21944629816650219,0.14500455557740036,0.1330265471119704,117,-0.11201275415593995,-0.21944629816650219
GPX4,-0.12745727975947238,0.10304876715539071,0.21872491162540666,117,-0.07168265514870739,0.1450134315629822,0.6220589480250384,117,0.12745727975947238,0.07168265514870739
GRHPR,0.12546745156593378,0.09641576803776157,0.1958206503747179,117,-0.040592154332554406,0.13399124285005465,0.7624977868197392,117,-0.12546745156593378,0.040592154332554406
GSTZ1,-0.11306163209977545,0.10164958621638853,0.268404465491873,117,-0.2427502083786468,0.14215869006928106,0.09050607131545506,117,0.11306163209977545,0.2427502083786468
GTPBP10,-0.0881280657318314,0.10760220512573719,0.414515882324885,117,-0.09364257454374168,0.15162433772551687,0.5381066926500155,117,0.0881280657318314,0.09364257454374168
GTPBP3,-0.018363200501626854,0.10734561869367866,0.8644948394988834,112,-0.06339641668130842,0.14820522579019652,0.6696929237690782,112,0.018363200501626854,0.06339641668130842
GTPBP6,0.03584993179704721,0.12012749193524087,0.7659802914798888,107,-0.10617206714967992,0.16725867939305064,0.5270088046004379,107,-0.03584993179704721,0.10617206714967992
GUK1,-0.07402080909185568,0.10655246400645935,0.48868893351068654,117,-0.11263356886412293,0.1500559782713354,0.4544754352445931,117,0.07402080909185568,0.11263356886412293
HCCS,0.06579724666923123,0.11517727509246675,0.5689616623282717,117,-0.016046184437229587,0.16192206786918648,0.9212390523284555,117,-0.06579724666923123,0.016046184437229587
HDHD3,0.16076048556048278,0.12022974919326948,0.18389590040810327,117,0.08034095065634496,0.1690701454532532,0.63558313686745,117,-0.16076048556048278,-0.08034095065634496
HEBP1,-0.26025227967513975,0.10407393925268107,0.013843991694546207,117,-0.17086214125263316,0.14615452082146074,0.24488735710004897,117,0.26025227967513975,0.17086214125263316
HIBADH,-0.276968184251836,0.10775082322945467,0.011468682351824059,117,-0.1272145620086824,0.15047684627612865,0.399700886861856,117,0.276968184251836,0.1272145620086824
HINT1,-0.06181942210279647,0.10358813681297664,0.5518581040284243,117,-0.21802422615999137,0.14443082652115039,0.13400197937602512,117,0.06181942210279647,0.21802422615999137
HINT3,-0.14768532273874244,0.10787343372289374,0.17371950886270565,117,-0.349051370786704,0.14954546000436486,0.021390938223301004,117,0.14768532273874244,0.349051370786704
HMGCL,-0.036218914428250086,0.11236652028804511,0.7478048551601583,117,-0.06855751290330071,0.15827924518403835,0.6657515597483629,117,0.036218914428250086,0.06855751290330071
HOGA1,0.23047984887622822,0.09463226229451129,0.01644712100185186,117,0.12900973493450102,0.13264074846800056,0.33285437558476294,117,-0.23047984887622822,-0.12900973493450102
HSCB,-0.18349072443087533,0.11031936551327873,0.09905457628945674,117,-0.0891579259276493,0.15492989464687576,0.5661364323255489,117,0.18349072443087533,0.0891579259276493
HSD17B4,0.30338040952162254,0.118923503274673,0.01208890395490651,117,0.14923659653935406,0.1662758539923083,0.3713818873942911,117,-0.30338040952162254,-0.14923659653935406
HSDL1,0.17731237083423954,0.11246594391399033,0.11771099017039886,117,0.03316723558637626,0.15727455441156796,0.8333617355227851,117,-0.17731237083423954,-0.03316723558637626
HSDL2,-0.08582693796465204,0.10612144179779821,0.42036701129955956,117,-0.12298353086127584,0.14945500059617592,0.4123405592876167,117,0.08582693796465204,0.12298353086127584
HSPD1,-0.1379352889761837,0.1122807898622542,0.2218400498502336,117,-0.08990111765081889,0.15808532876408063,0.5707171765927377,117,0.1379352889761837,0.08990111765081889
HSPE1,0.29780414982863906,0.11281338451423065,0.009478546037444885,117,0.13086378835677803,0.15735570859769024,0.4073959350751535,117,-0.29780414982863906,-0.13086378835677803
HTATIP2,-0.10737954318184925,0.11526977091887484,0.3535728920561989,117,-0.20578490063630323,0.16188391454214596,0.20631914214663385,117,0.10737954318184925,0.20578490063630323
HTRA2,0.28531206205425336,0.1154832712732909,0.014995883417879524,117,0.2500448285108732,0.1626616584905366,0.12708807781559736,117,-0.28531206205425336,-0.2500448285108732
IDE,-0.04051570669405668,0.11712472635842387,0.7300522770752675,117,-0.08922968139725618,0.16491297325626783,0.5895426551942542,117,0.04051570669405668,0.08922968139725618
IDH3B,-0.18975137013126747,0.10786762537052295,0.08128917913161347,117,-0.1630535563354294,0.15195723613073633,0.2855881982872399,117,0.18975137013126747,0.1630535563354294
IDI1,-0.16758528048359173,0.10944968447139963,0.12854889347170742,117,-0.14661534250162955,0.1542034106316437,0.34377573603432054,117,0.16758528048359173,0.14661534250162955
ISCA1,0.026724588986067294,0.10896339463564089,0.8067023447972074,117,0.06783918718991108,0.1534434175603873,0.6592683116361815,117,-0.026724588986067294,-0.06783918718991108
ISCA2,0.1039126696234494,0.10104356396978172,0.30598002321157397,117,0.08530583312567729,0.14236188464292732,0.5502484541932351,117,-0.1039126696234494,-0.08530583312567729
ISCU,-0.08137459412780264,0.09977119829210898,0.4164531905572266,117,-0.07192549576092719,0.14058540215395102,0.6099372979820483,117,0.08137459412780264,0.07192549576092719
ISOC2,-0.15267721098870035,0.11262804249462643,0.1779575865468171,117,-0.2335055905903665,0.15833081714955757,0.14309825909977772,117,0.15267721098870035,0.2335055905903665
IVD,-0.24274689767163343,0.1015867185685125,0.018539114917699922,117,-0.35570189713173384,0.14233092614831694,0.013913962489359848,117,0.24274689767163343,0.35570189713173384
L2HGDH,-0.20590968088154488,0.11004347308266002,0.06393165580536793,117,0.0012611954087567996,0.15251034434313523,0.9934167549854154,117,0.20590968088154488,-0.0012611954087567996
LACTB,-0.05322911130124141,0.09980550169623806,0.5948630252564047,117,0.04657058564169991,0.1399894759877277,0.7400093142957597,117,0.05322911130124141,-0.04657058564169991
LACTB2,-0.05535880076534839,0.10986797941066274,0.6153448379237725,117,-0.25203951688593357,0.15251350524305324,0.10124396519846358,117,0.05535880076534839,0.25203951688593357
LARS2,0.08091007047143668,0.10441404070796434,0.4400337600499048,117,0.09264733979446757,0.1471250410012533,0.5301729347585561,117,-0.08091007047143668,-0.09264733979446757
LDHB,-0.16382544084149325,0.11289438811433589,0.14953635461716785,117,-0.00870787217105658,0.15769231240508777,0.9560619479223305,117,0.16382544084149325,0.00870787217105658
LDHD,-0.12631409291443293,0.1131133752477272,0.26651110712165316,117,-0.334754595636367,0.15687593530267654,0.03505401471392696,117,0.12631409291443293,0.334754595636367
LETMD1,-0.2610867753606222,0.09543106496558294,0.007236226663562508,117,-0.06157292505872471,0.1317365816605926,0.6411340759997814,117,0.2610867753606222,0.06157292505872471
LIAS,-0.056848023469291215,0.10799010949059376,0.5996767038653938,113,-0.1421308503684646,0.15052487819821453,0.34717685634958895,113,0.056848023469291215,0.1421308503684646
LIG3,-0.060309898697641556,0.0821463039789874,0.46437532174826024,117,8.357498593365748e-4,0.11545915869141425,0.9942375651161737,117,0.060309898697641556,-8.357498593365748e-4
LIPT2,-0.15218467731529894,0.10446548782611842,0.14847068659972937,100,-0.35958551395265265,0.14085130748027502,0.01229195295773522,100,0.15218467731529894,0.35958551395265265
LYPLA1,-0.0240322966276813,0.10107280665251943,0.812492265026389,117,0.1271351599712841,0.14094830084358798,0.3690107462649228,117,0.0240322966276813,-0.1271351599712841
LYPLAL1,0.030836743186139177,0.10888274304605541,0.7775382370186599,117,-0.15877990845930773,0.1512692926127353,0.296158746914387,117,-0.030836743186139177,0.15877990845930773
LYRM1,0.056690977834419454,0.10145580896325483,0.5774307327843222,117,-0.061459028467931574,0.14206802082198267,0.6661426657394742,117,-0.056690977834419454,0.061459028467931574
LYRM2,0.013919164152281322,0.12036187591891237,0.9081512113078705,112,0.040782127999822455,0.16730985221621747,0.8078939546167672,112,-0.013919164152281322,-0.040782127999822455
LYRM4,-0.12620778240094147,0.10567522713654304,0.23488438044004417,117,-0.09688167767271745,0.14885789795731505,0.51649909696744,117,0.12620778240094147,0.09688167767271745
LYRM9,0.02104084330664734,0.10412598209989202,0.8402277897716779,117,0.09662493009938593,0.14637068558891195,0.5105324610251473,117,-0.02104084330664734,-0.09662493009938593
MACROD1,0.15070414477570068,0.10988250823532307,0.17295977259569412,117,0.13776475279568706,0.15482952929838834,0.3755065579813903,117,-0.15070414477570068,-0.13776475279568706
MALSU1,0.029253317884224896,0.11155439876309169,0.7939340906258197,73,0.006569029576562638,0.16561055130922975,0.9684777459845132,73,-0.029253317884224896,-0.006569029576562638
MAOA,0.03931981227505665,0.10828620129073703,0.717207054451469,117,0.08611162484786664,0.15245855273383285,0.5733359821828881,117,-0.03931981227505665,-0.08611162484786664
MAOB,0.05922847650003046,0.10821870345143471,0.585259171100653,117,-0.13780595407127638,0.15014527721506074,0.3607044371835826,117,-0.05922847650003046,0.13780595407127638
MAVS,0.03666256054410669,0.10754700167634115,0.7338189989365277,117,0.24901503586162876,0.1487983830955441,0.09704356269733179,117,-0.03666256054410669,-0.24901503586162876
MCAT,0.11859802887199371,0.11575300654341235,0.3077700218149623,117,0.08443878989451299,0.16304623632068055,0.6055709282133628,117,-0.11859802887199371,-0.08443878989451299
MCCC1,-0.040553003743329756,0.11544773422032002,0.7260478180983501,117,-0.14486088995070923,0.16206793542268913,0.3733477339231456,117,0.040553003743329756,0.14486088995070923
MCEE,0.21244520754295929,0.10526306980905473,0.04595704290595766,117,0.075295180549956,0.14716405201681518,0.6099185530943247,117,-0.21244520754295929,-0.075295180549956
MCU,-0.1093188183928827,0.09709033895315247,0.2625937731191562,117,0.009734778984751138,0.13586142524415606,0.9430075882096967,117,0.1093188183928827,-0.009734778984751138
MCUR1,0.18588992918685018,0.11263045432051916,0.10165437056163325,117,0.10064916487798284,0.15829183446772346,0.526185886044607,117,-0.18588992918685018,-0.10064916487798284
ME3,-0.05071871180459797,0.08751389134027789,0.5633817875366569,117,-0.09422878883674068,0.12317832970972083,0.44590764525337767,117,0.05071871180459797,0.09422878883674068
MECR,-0.03808883725231786,0.10558197715811983,0.7189648754213401,117,-0.00182267645210632,0.14869841563438962,0.9902421485457226,117,0.03808883725231786,0.00182267645210632
METAP1D,0.09630964395195116,0.13278885835048646,0.47076641982509726,73,-0.13714309608744021,0.18508249373229765,0.46129254705609335,73,-0.09630964395195116,0.13714309608744021
METTL5,0.14333539447147825,0.14821985830837278,0.3371055859042996,70,0.24152441250436799,0.19608010979758175,0.22254396888871372,70,-0.14333539447147825,-0.24152441250436799
MFF,-0.021769577000420086,0.11756301333472324,0.8534277200016694,117,0.20695017626696513,0.16274463977077414,0.20616429649356985,117,0.021769577000420086,-0.20695017626696513
MFN1,0.0015235736006933066,0.09891028087823892,0.9877376038166011,117,0.005320996778174093,0.13937712087458512,0.9696151563921751,117,-0.0015235736006933066,-0.005320996778174093
MFN2,-0.09808789726006643,0.10621095094186095,0.3577218294048903,117,-0.04775558340589997,0.14951060908109076,0.7500139607194267,117,0.09808789726006643,0.04775558340589997
MGARP,-0.023702551576355965,0.07656710254157277,0.7575692004215653,100,0.04893666344156883,0.10678414162483887,0.6478115200418871,100,0.023702551576355965,-0.04893666344156883
MGST1,0.057768158291137746,0.10601695310695197,0.5869087888490556,117,0.05893717902334495,0.14939225452920102,0.6939593470112295,117,-0.057768158291137746,-0.05893717902334495
MGST3,-0.18577731858969093,0.1069117532007172,0.08501774486504175,117,-0.1674805001759379,0.15063288131579053,0.2686069108930453,117,0.18577731858969093,0.1674805001759379
MICU1,0.04044538105364108,0.10151634958734142,0.6910846519929059,117,0.16108727882236196,0.14211552845905404,0.2594485705382224,117,-0.04044538105364108,-0.16108727882236196
MICU2,0.21773943001886517,0.15152465827126116,0.15600299234856357,64,0.07737249602244596,0.21647881622299572,0.7220794123666732,64,-0.21773943001886517,-0.07737249602244596
MICU3,0.0825905384849871,0.10258166165880366,0.42245639159476434,117,0.15057300805651783,0.14425843952313433,0.29885846909238833,117,-0.0825905384849871,-0.15057300805651783
MIEF1,-0.0046872149115403045,0.11914425049126769,0.9686888203000887,117,0.05575851764288252,0.16769106704504924,0.7401332914536634,117,0.0046872149115403045,-0.05575851764288252
MLYCD,0.03358532137345577,0.10142697863930433,0.7411664648550991,117,0.08847445867492974,0.14273125455892982,0.5366154697083997,117,-0.03358532137345577,-0.08847445867492974
MMAA,-0.1209139591214916,0.09847847765583555,0.22208831109582755,117,-0.0743035236059541,0.13862614639239204,0.5930314691080463,117,0.1209139591214916,0.0743035236059541
MOCS1,0.19978136222575452,0.11129229422470627,0.07533393069608442,117,0.05783733921122549,0.15564496957804075,0.7109006583706996,117,-0.19978136222575452,-0.05783733921122549
MPC1,0.11841105937987204,0.11591196844770849,0.309293225193459,112,0.16779113826423658,0.16286411440102902,0.30523661233857585,112,-0.11841105937987204,-0.16779113826423658
MPC2,-0.1694396931686456,0.10846803204198378,0.12108182020095831,117,-0.0939158156799343,0.1525040966100499,0.5392708356936483,117,0.1694396931686456,0.0939158156799343
MPST,0.15425261031510956,0.11146431201040032,0.1691485847030519,117,-0.0054259218313390915,0.15557463296353377,0.9722407421145897,117,-0.15425261031510956,0.0054259218313390915
MPV17,0.1058078320893822,0.10747259293403633,0.3269868934285628,117,0.23076297243444557,0.15049636068871747,0.12803599605951255,117,-0.1058078320893822,-0.23076297243444557
MRM1,-0.21020493838019735,0.12348711939811885,0.09240830070687203,89,-0.3043678200829714,0.17817663333708117,0.09133004313604699,89,0.21020493838019735,0.3043678200829714
MRPL1,-0.044989246173510994,0.11258562053864862,0.6902119630394623,117,-0.04667891169742445,0.15864832129839015,0.7691325511332583,117,0.044989246173510994,0.04667891169742445
MRPL11,-0.03956721413038379,0.1109755840513172,0.7221071438160724,117,-0.002760016472246944,0.1563003643197567,0.9859430582688351,117,0.03956721413038379,0.002760016472246944
MRPL12,-0.0057314880766585335,0.11882680668786108,0.9616156881171478,117,0.07699588857453259,0.1670684293254767,0.6457976101343649,117,0.0057314880766585335,-0.07699588857453259
MRPL17,0.03150602216527653,0.11767636390703912,0.7893961296198828,117,0.06936836113080752,0.16574284427555333,0.6763682982605329,117,-0.03150602216527653,-0.06936836113080752
MRPL18,-0.03905832663344943,0.10710128827536032,0.7160335844039211,117,0.0744612721746593,0.1501362803588666,0.6209047210398421,117,0.03905832663344943,-0.0744612721746593
MRPL2,-0.06318310607474976,0.11673576788191527,0.5894110133638419,117,0.06298651403323884,0.16360794318078037,0.7009856214136072,117,0.06318310607474976,-0.06298651403323884
MRPL20,-0.026123935841184057,0.11789670151356907,0.8250567410900682,113,0.0364209460380343,0.16461285682085686,0.8253177920608039,113,0.026123935841184057,-0.0364209460380343
MRPL21,0.017919066556791742,0.09514462076997235,0.8509548345371833,117,0.023516141727336348,0.1340696000835479,0.8610829544599508,117,-0.017919066556791742,-0.023516141727336348
MRPL24,-0.022947939427428742,0.11312165259268267,0.839611972507164,117,0.045287319164994795,0.1591360994973415,0.7764944054217673,117,0.022947939427428742,-0.045287319164994795
MRPL27,-0.05163732675975317,0.10852453947558065,0.635134778763106,117,0.015233860148020657,0.15265783572507832,0.9206903542221861,117,0.05163732675975317,-0.015233860148020657
MRPL28,-0.030712342203646263,0.10607289431115646,0.7727035122966215,117,0.07929122667191403,0.1487278936213477,0.5950097626569952,117,0.030712342203646263,-0.07929122667191403
MRPL30,-0.07887168617844113,0.10334510601554749,0.4469853053033611,115,0.014951655523231473,0.14373733393019356,0.9173440925242307,115,0.07887168617844113,-0.014951655523231473
MRPL32,0.05405002062858824,0.120786479844027,0.655430214196598,112,-0.007237022861874814,0.16965020141160372,0.9660540146969672,112,-0.05405002062858824,0.007237022861874814
MRPL33,-0.051237696040561546,0.11349122332803978,0.6525573112144428,113,0.04771880986665975,0.1580852714505027,0.7633486049937134,113,0.051237696040561546,-0.04771880986665975
MRPL34,0.09883515637518409,0.13753376056464264,0.474193389888094,97,0.20813723051405159,0.19133614067310678,0.27955206401632604,97,-0.09883515637518409,-0.20813723051405159
MRPL40,-0.04826441274444791,0.11242087270655346,0.6685158547643726,117,-0.00257963111227729,0.15829563041893194,0.9870272748148897,117,0.04826441274444791,0.00257963111227729
MRPL41,0.04357028144807673,0.11564293089824536,0.707060652767394,117,0.08542376198498028,0.16285817641068942,0.6009569276597012,117,-0.04357028144807673,-0.08542376198498028
MRPL42,-0.2130654041388286,0.1123320939286684,0.06074727575274333,105,-0.19073956843008028,0.1572404598591644,0.22799954266160025,105,0.2130654041388286,0.19073956843008028
MRPL43,0.06841324716684075,0.10883545409863254,0.5308951392021404,117,0.18892582103751526,0.1524942575400942,0.217994266243968,117,-0.06841324716684075,-0.18892582103751526
MRPL46,-0.05483849673647045,0.11375032484735233,0.6306790312273169,117,-0.03153903503119677,0.16025869340363005,0.8443433333714612,117,0.05483849673647045,0.03153903503119677
MRPL50,0.13089199670610088,0.11551279432464033,0.2595759373370183,117,0.21840677383793036,0.16234178664446552,0.18125371108954752,117,-0.13089199670610088,-0.21840677383793036
MRPL52,0.04147989144863726,0.12494558022767244,0.740709341024997,91,0.21079736740106653,0.17447404982843137,0.23032579248076127,91,-0.04147989144863726,-0.21079736740106653
MRPL54,-0.06063100983948136,0.11291112911597324,0.59234663666595,117,-0.034663090812377326,0.15906835265678176,0.8278968537775667,117,0.06063100983948136,0.034663090812377326
MRPL55,0.08097422880205066,0.0921750181510066,0.3816498586321624,112,0.17641700439598534,0.12894793421669437,0.1741658466416862,112,-0.08097422880205066,-0.17641700439598534
MRPL57,-0.09243372873662038,0.11835899531660087,0.4364879870213274,116,-0.06022712781167488,0.16574327939652422,0.7170214331358007,116,0.09243372873662038,0.06022712781167488
MRPS10,-0.16841234272030792,0.11494370885809573,0.14567553205885414,117,-0.29284936796407723,0.1610934420440178,0.07177877510221416,117,0.16841234272030792,0.29284936796407723
MRPS11,-0.04100298429883739,0.11553586675218662,0.7233364181218158,117,-0.2132255193620944,0.16112866505690307,0.18844679360923527,117,0.04100298429883739,0.2132255193620944
MRPS14,-0.022051916806470447,0.1416611663917839,0.8767935107107809,68,-0.12982403745325716,0.19540624988548083,0.5089105014548108,68,0.022051916806470447,0.12982403745325716
MRPS17,-0.1529372187513475,0.11904363610925968,0.20154241700780387,117,-0.3923302675947156,0.16459019319768398,0.018838102232501288,117,0.1529372187513475,0.3923302675947156
MRPS18A,0.06934840723976624,0.11295176777314926,0.5404836744852426,117,0.17738515702580865,0.15849141818956675,0.26546670961332675,117,-0.06934840723976624,-0.17738515702580865
MRPS18B,-0.15934905023884505,0.11531146654028707,0.1697521371494556,117,-0.1589716115318415,0.16248956665836153,0.33002890458291956,117,0.15934905023884505,0.1589716115318415
MRPS21,-0.18735521167697902,0.12265055136477217,0.1303804722204972,89,-0.08252959530724134,0.17874299460250107,0.6454884885657588,89,0.18735521167697902,0.08252959530724134
MRPS24,-0.05688418661980071,0.11698347776807344,0.6278374461902518,106,-0.22045812367362705,0.16211867254149923,0.1769334356429256,106,0.05688418661980071,0.22045812367362705
MRPS28,-0.16831659545069064,0.11544807017541124,0.14765493518204584,117,-0.20990103670724408,0.16258468925595512,0.1993770250029314,117,0.16831659545069064,0.20990103670724408
MRPS7,-0.23623932384430957,0.11632474908186903,0.044637540380152434,117,-0.31795588554024296,0.1635439185617366,0.05440664087835477,117,0.23623932384430957,0.31795588554024296
MRRF,0.16981374093736368,0.10677591864906269,0.11456913178576143,117,0.2566325002549977,0.1500023344622784,0.08990088393794446,117,-0.16981374093736368,-0.2566325002549977
MRS2,-0.031045202538649522,0.10722468217367613,0.7727277849412997,113,-0.02248274819928803,0.1499160157218511,0.881071435183199,113,0.031045202538649522,0.02248274819928803
MSRA,0.26807651299195934,0.106821969857537,0.013517872127437826,117,0.05652050009393804,0.1477786259182054,0.7028460838831561,117,-0.26807651299195934,-0.05652050009393804
MSRB2,-0.001380428000374405,0.11659727037220236,0.9905749034607303,117,-0.19726281712065463,0.16214858941833254,0.22635376937878446,117,0.001380428000374405,0.19726281712065463
MSRB3,0.1318649593361875,0.12083560975627003,0.27813049203614176,93,0.22258596547758633,0.1701112141028009,0.19415907932345525,93,-0.1318649593361875,-0.22258596547758633
MT-ATP8,0.0173867674628476,0.10889534404966003,0.8734326155605254,117,0.030089742278474885,0.15343875245627983,0.8448884074220149,117,-0.0173867674628476,-0.030089742278474885
MT-CO1,-0.025803257601611087,0.11378916448850868,0.8210361130991837,113,0.10911915611855857,0.15798989497441415,0.4912674156064478,113,0.025803257601611087,-0.10911915611855857
MT-CO3,0.047669969451532776,0.10555452625044555,0.652460689955644,112,0.17183704087946458,0.1513577418025385,0.25880856133979446,112,-0.047669969451532776,-0.17183704087946458
MT-CYB,0.24984175062779357,0.12122092105954756,0.04209055233487676,98,0.16899859501105913,0.16521152331621938,0.3090267249326318,98,-0.24984175062779357,-0.16899859501105913
MT-ND1,-0.08512306048065063,0.11702612832973434,0.4685639780555525,113,-0.17796243076079377,0.16311535843363248,0.2777139598217903,113,0.08512306048065063,0.17796243076079377
MT-ND2,0.0036212327424659757,0.11411293045666919,0.9747429407166619,113,-0.17836045933361258,0.15834212289696759,0.26250581682686913,113,-0.0036212327424659757,0.17836045933361258
MT-ND3,-0.2722934050964641,0.10707371981372343,0.012353681975360097,117,-0.15806284580796948,0.15008734971330143,0.294564402033813,117,0.2722934050964641,0.15806284580796948
MT-ND4,0.022258085892800164,0.09935122332488011,0.8231461609521955,115,-0.07393258791546443,0.1382730046016115,0.5939562782950369,115,-0.022258085892800164,0.07393258791546443
MT-ND5,-0.06599780958662649,0.1187755460129548,0.579557377432267,117,-0.0812821657905853,0.1673581515831562,0.6281528362941695,117,0.06599780958662649,0.0812821657905853
MT-ND6,0.04760776089817266,0.09579304835908603,0.6201734072774735,117,-0.00438145175690322,0.13480195862351596,0.9741293932125453,117,-0.04760776089817266,0.00438145175690322
MTCH1,-0.030041696485701107,0.10194371060747993,0.7687769403775366,117,-0.07767834869899957,0.1435078408404967,0.5893972913408743,117,0.030041696485701107,0.07767834869899957
MTCH2,-0.03155068468547293,0.11181882351658134,0.7783423477359781,117,0.08971842360912251,0.1567108742801485,0.5681348292281563,117,0.03155068468547293,-0.08971842360912251
MTERF4,0.14002023562962226,0.09935187898333232,0.16180727286181826,106,0.2141885243133552,0.1391683713684174,0.12694794425747555,106,-0.14002023562962226,-0.2141885243133552
MTFMT,-0.17201068644801892,0.10618073563186776,0.10826496718895827,109,-0.0412654880562172,0.14580118389845456,0.7777251379883872,109,0.17201068644801892,0.0412654880562172
MTFP1,-0.04283768544352388,0.11289237683289101,0.7050678031905575,117,0.08180443449997334,0.15818383641623884,0.6060819148568373,117,0.04283768544352388,-0.08180443449997334
MTFR1L,0.1250634750888647,0.11428965043815889,0.2761853727264158,117,0.16290069528868956,0.16096826365157707,0.3137365525031243,117,-0.1250634750888647,-0.16290069528868956
MTG2,-0.016380338562807788,0.12776408420241334,0.898323266474683,81,-0.036089516383338745,0.18315156416094744,0.8443235655316509,81,0.016380338562807788,0.036089516383338745
MTHFD2L,0.17642213690073968,0.10323472410871441,0.09023140207939988,117,0.13806251827913224,0.14537913260259758,0.34434198116761017,117,-0.17642213690073968,-0.13806251827913224
MTHFS,-0.0784817636774275,0.1393599552278733,0.5751791407682877,73,-0.14811775442841627,0.19638216007006748,0.4533525440382047,73,0.0784817636774275,0.14811775442841627
MTIF2,0.1237221023342954,0.11689464723765355,0.2921473592511614,117,-0.12439750831688304,0.16126133614917895,0.44210705558850605,117,-0.1237221023342954,0.12439750831688304
MTIF3,0.0920145383109357,0.1153571034706081,0.4267618031543843,117,-0.14885155923301555,0.15925171577876077,0.35197516783777083,117,-0.0920145383109357,0.14885155923301555
MTRF1,-0.0024883621890270957,0.12309730091823756,0.9839305266593215,74,-0.041320785830849756,0.16589080420954885,0.8040464364288306,74,0.0024883621890270957,0.041320785830849756
MTRF1L,-0.008714323685467077,0.12526654509374285,0.9446778236599691,105,0.07623658053863645,0.17121115629015052,0.6570909121476054,105,0.008714323685467077,-0.07623658053863645
MTX1,0.016532183626396118,0.09577999437916099,0.8632728119461217,117,0.015418266317429019,0.13496698384369826,0.9092560475008132,117,-0.016532183626396118,-0.015418266317429019
MTX2,-0.2147278553504409,0.10558340054237186,0.04434254499015686,117,-0.12816909354415795,0.14831949141474743,0.38937345952473135,117,0.2147278553504409,0.12816909354415795
MTX3,0.0961239143685145,0.11036854014680235,0.3856521807440987,117,0.21777731789551139,0.15465037379157123,0.16186910287218975,117,-0.0961239143685145,-0.21777731789551139
MUL1,0.24354044689018733,0.10892442180902709,0.02734272939070945,117,0.27445556935815374,0.15343232115510355,0.07637907260448948,117,-0.24354044689018733,-0.27445556935815374
NAT8L,-0.14832290601693376,0.10024789680821992,0.14179766386602058,117,-0.03114521844618156,0.14036995912731823,0.8248153793682262,117,0.14832290601693376,0.03114521844618156
NBR1,-0.0028100867743398017,0.11150555428772757,0.9799495684153714,96,0.14376151684839844,0.1575483479704568,0.363947920322349,96,0.0028100867743398017,-0.14376151684839844
NDUFA11,0.09406864409619738,0.1113064637393533,0.39983899664679456,117,-0.04462569783747867,0.1557187333196752,0.7749690188541892,117,-0.09406864409619738,0.04462569783747867
NDUFA12,-0.04345237134254642,0.11141309200204817,0.6972688594894776,117,-0.08631740764199204,0.1568890133124811,0.5833004463965674,117,0.04345237134254642,0.08631740764199204
NDUFA3,-0.2084867772336884,0.12125976734083475,0.08831494896712831,117,-0.26723527178132495,0.17068645670149063,0.12027707482567482,117,0.2084867772336884,0.26723527178132495
NDUFA5,0.08330118852178248,0.10991184703695184,0.4501080291812223,117,0.16028242428864328,0.1545299617347566,0.3018850199426312,117,-0.08330118852178248,-0.16028242428864328
NDUFA7,-0.03002839603432943,0.10716398323365038,0.7798334602867119,117,0.056921946482798566,0.15054944842012213,0.7060823438988584,117,0.03002839603432943,-0.056921946482798566
NDUFAB1,-0.22609783896199545,0.10972045448939616,0.041736988742700924,113,-0.1969854490223816,0.15335692867311976,0.20174454968764852,113,0.22609783896199545,0.1969854490223816
NDUFAF1,0.015228010342470724,0.10532465481460111,0.8853010518380633,117,-0.010029550706486768,0.1483774253434592,0.9462297582881716,117,-0.015228010342470724,0.010029550706486768
NDUFAF2,0.04648149246618346,0.11542770598261817,0.6879444529158563,117,0.15720403355879028,0.16196162877727316,0.33384527092639305,117,-0.04648149246618346,-0.15720403355879028
NDUFAF4,-0.03632955700746115,0.12230691441051873,0.7669892076838367,117,0.07771000410026103,0.1716546589998731,0.6516402429404475,117,0.03632955700746115,-0.07771000410026103
NDUFAF5,0.09647408494629886,0.1047264940479822,0.35892585608853667,117,0.09326738479709842,0.1475732674425572,0.528681670704439,117,-0.09647408494629886,-0.09326738479709842
NDUFAF6,0.1595822279367408,0.11684979648515512,0.17476830772033158,117,0.07970455131922628,0.1643020282518733,0.6285543854622723,117,-0.1595822279367408,-0.07970455131922628
NDUFB11,-0.01517373682972333,0.11642269846518831,0.8965366567973976,117,-0.09695902463173625,0.16368162883752418,0.5548119645998588,117,0.01517373682972333,0.09695902463173625
NDUFB2,-0.001307320466886568,0.10891670512095394,0.9904446255326601,117,-0.05131657930042545,0.15332917860402495,0.7384962627737888,117,0.001307320466886568,0.05131657930042545
NDUFB3,-0.0797140617778646,0.11940599377391001,0.5057695870873347,117,-0.1171869101467451,0.16818287401406934,0.48739548417013323,117,0.0797140617778646,0.1171869101467451
NDUFB4,0.06703625531453403,0.1083028870043792,0.5371929716944295,117,-0.026831946976632864,0.15208385558823243,0.860278704896926,117,-0.06703625531453403,0.026831946976632864
NDUFB5,0.091311388710447,0.11657734601733191,0.4351224946383897,117,0.025579647285024938,0.1640323180495013,0.8763614168075017,117,-0.091311388710447,-0.025579647285024938
NDUFB6,0.10790778120997457,0.10828341469658255,0.32114034871656477,117,0.05496669480217136,0.15241777706652107,0.7190601064195131,117,-0.10790778120997457,-0.05496669480217136
NDUFB7,-0.20350915354493726,0.09748837948686964,0.03910898752226475,117,-0.12800101443193304,0.13699379246759294,0.3521482931565014,117,0.20350915354493726,0.12800101443193304
NDUFB8,-0.04083381518441363,0.09529887100498888,0.6691234343939194,117,-0.073560321917836,0.13421603821185463,0.584741618654637,117,0.04083381518441363,0.073560321917836
NDUFB9,-0.16456093048983678,0.11335834792593655,0.1493838778671797,117,-0.16282939684584583,0.1597371924301638,0.31024962575138076,117,0.16456093048983678,0.16282939684584583
NDUFC1,0.08143284704424061,0.11633792008724311,0.48539853420944656,117,0.018394660699317333,0.1637138414861881,0.9107420086812889,117,-0.08143284704424061,-0.018394660699317333
NDUFC2,-0.007666904058971186,0.11709088777702296,0.9479099723819868,117,-0.04204749922653765,0.16493139992683614,0.7992417118688011,117,0.007666904058971186,0.04204749922653765
NDUFS5,0.09958979582588717,0.11061345241992873,0.3698707989537213,117,0.028255305748967327,0.15557016000750964,0.8562089067758752,117,-0.09958979582588717,-0.028255305748967327
NDUFS6,0.10214093435897666,0.11358128510590913,0.3704349864805069,117,0.09332649675986363,0.16004706743398991,0.5609960035604599,117,-0.10214093435897666,-0.09332649675986363
NDUFS7,0.07731720195427387,0.11569990235113685,0.5053447889664671,117,-0.008847061412047648,0.1626193570128584,0.9567114919531519,117,-0.07731720195427387,0.008847061412047648
NDUFS8,-0.14544889338339714,0.11157570020209306,0.19504685006613162,117,-0.14754830574601135,0.15722511395281413,0.3500494583747291,117,0.14544889338339714,0.14754830574601135
NDUFV3,0.027271840022233682,0.10881186027764682,0.8025570897127041,117,0.09675340838378879,0.15304212092613517,0.5285554720202666,117,-0.027271840022233682,-0.09675340838378879
NGRN,-0.19538027026779145,0.12901605191513177,0.13372662558617116,88,-0.08967566780254968,0.1802417505669446,0.6201469522340232,88,0.19538027026779145,0.08967566780254968
NIF3L1,0.03572784690157787,0.11755809276927758,0.7617553879664978,117,-0.10220753381009388,0.16460015829044164,0.5359092516405148,117,-0.03572784690157787,0.10220753381009388
NIPSNAP3B,-0.0066517496850019555,0.094368821797287325,0.9439319665531182,117,-0.046590841443342364,0.1328686314888563,0.7265129571056539,117,0.0066517496850019555,0.046590841443342364
NIT1,-0.08481698479399641,0.11544727509273667,0.4640689163033007,117,-0.10117717719803875,0.16266587889603185,0.5352214204397874,117,0.08481698479399641,0.10117717719803875
NIT2,0.14548724858783416,0.09879713973256152,0.14366746917226111,117,0.25018589194094276,0.1384956588812886,0.07355708251250632,117,-0.14548724858783416,-0.25018589194094276
NLN,-0.0661309325758354,0.10607701624901726,0.5342736294181099,117,-0.1989637054705303,0.14839198334961853,0.1827234469902372,117,0.0661309325758354,0.1989637054705303
NLRX1,-0.13455916857556074,0.11072471231919638,0.22682303375996876,117,-0.18988441623829455,0.15584644542484827,0.22565262796330418,117,0.13455916857556074,0.18988441623829455
NME3,0.06774740554761154,0.11101714201022767,0.5429372683778846,117,0.09068147568932393,0.15640749154505282,0.5632399208464465,117,-0.06774740554761154,-0.09068147568932393
NMNAT3,0.013292944152881772,0.10555554224002514,0.9000106106371292,117,-0.1338897012528191,0.14740231365065307,0.36567266509588736,117,-0.013292944152881772,0.1338897012528191
NNT,-0.12701655516924137,0.10593403942223706,0.23305256483514353,117,-0.14046849387462185,0.149264399431051,0.3487116912445627,117,0.12701655516924137,0.14046849387462185
NOA1,-0.020523610016699834,0.11916265964031848,0.8635964977128517,107,-0.3301095114888002,0.1589947374250757,0.04041207483080987,107,0.020523610016699834,0.3301095114888002
NT5DC3,-0.09574741651343509,0.10057009785037892,0.3431234546054348,117,-0.13707773779226293,0.1416065444367053,0.33513966975129883,117,0.09574741651343509,0.13707773779226293
NTHL1,-0.0258793997907731,0.08717370918894769,0.7672803580443665,91,-0.04572884798417593,0.12199051790027697,0.7087014066200281,91,0.0258793997907731,0.04572884798417593
NUBPL,-0.02986433884964639,0.11165243671214695,0.7895946786989076,117,0.012316410141495107,0.15722990241990542,0.937703596977328,117,0.02986433884964639,-0.012316410141495107
NUDT2,-0.15360199501836047,0.10097687027990822,0.13103792111837956,117,-0.33173721779934096,0.14023292495885853,0.01973478679531761,117,0.15360199501836047,0.33173721779934096
NUDT5,0.13486315326342513,0.11241859416113803,0.23280629492836338,117,0.027083338976492698,0.1577401177327894,0.8639892003126581,117,-0.13486315326342513,-0.027083338976492698
NUDT6,-0.1871413905681743,0.11395586704317723,0.10342503145996301,114,-0.15846555424341902,0.15809183431151436,0.31840839563840206,114,0.1871413905681743,0.15846555424341902
NUDT8,-0.09075795859686014,0.13290376305326548,0.49641449191697873,96,-0.01899749553991514,0.18593592205419854,0.9188472356708713,96,0.09075795859686014,0.01899749553991514
NUDT9,-0.11173778688568545,0.10408431068195935,0.2853402282435083,117,-0.205231099917309,0.14612216153127353,0.16295696851486893,117,0.11173778688568545,0.205231099917309
OCIAD1,-0.204177942472234,0.0920826365640641,0.02861948719897815,117,-0.21508900785203078,0.12974858398789368,0.10019422293029373,117,0.204177942472234,0.21508900785203078
OCIAD2,-0.047187498426052035,0.1187602459128308,0.6918772930619667,117,0.005795622818019961,0.16719567919884867,0.972410155748626,117,0.047187498426052035,-0.005795622818019961
OGDHL,-0.013897983293700508,0.11711254353060424,0.9057477807722321,117,0.008223820450193141,0.16500037755159516,0.9603384923555631,117,0.013897983293700508,-0.008223820450193141
OMA1,-0.16981397233051387,0.13235445762901712,0.20333201937431328,82,-0.07979096766403983,0.18427969065300143,0.6662495443087822,82,0.16981397233051387,0.07979096766403983
OPA1,-0.19706721948256434,0.10766989099870757,0.06986557190513548,117,-0.10539861253604706,0.15121347191200046,0.4872483519951506,117,0.19706721948256434,0.10539861253604706
OPA3,0.12010299511200569,0.09661623759497003,0.21642947456237818,117,0.1134980065473327,0.13614251406539404,0.40625704813147556,117,-0.12010299511200569,-0.1134980065473327
OSBPL1A,-0.23790186121035306,0.09510096828933388,0.013809888549444855,117,-0.1485909533865623,0.13346400670387976,0.26796714976079444,117,0.23790186121035306,0.1485909533865623
OSGEPL1,-0.03960065526773801,0.1166518776986566,0.7349095130157789,113,-0.24247967677598706,0.15899193605681092,0.1301828651737625,113,0.03960065526773801,0.24247967677598706
OXA1L,-0.14957586104665635,0.11028597546120726,0.17774605386953174,117,-0.006223650518022162,0.1541922096969265,0.9678762877339047,117,0.14957586104665635,0.006223650518022162
OXCT1,-0.2976374022444357,0.11347237261598356,0.009929727145218052,117,-0.1348811020261511,0.15837357001121646,0.3962341744912996,117,0.2976374022444357,0.1348811020261511
OXLD1,-0.042369698426348,0.09988099932435315,0.6722323389537606,117,-0.09014712285977437,0.1405973322545824,0.5227323672585977,117,0.042369698426348,0.09014712285977437
OXNAD1,0.13165428996574371,0.10665651175960233,0.21976675001454302,112,-0.0032174550837429233,0.14881923421366913,0.982791814714572,112,-0.13165428996574371,0.0032174550837429233
OXR1,0.03216663840711639,0.08984178058209423,0.7209898809357792,117,0.07372315316904386,0.12647432609710185,0.561136228967053,117,-0.03216663840711639,-0.07372315316904386
OXSM,-0.056368280268314114,0.11576283660945882,0.6272602476369902,117,-0.05915051835569452,0.16312518205366383,0.7175871449850982,117,0.056368280268314114,0.05915051835569452
PAICS,-0.07736655936608594,0.10880665749407176,0.4785338061586847,117,-0.23489796187295936,0.1518338730283175,0.12469227540453544,117,0.07736655936608594,0.23489796187295936
PANK2,-0.05151110662919009,0.10650437696674173,0.6295767789938103,117,-0.1464603093051545,0.14952803254043026,0.3294709095557252,117,0.05151110662919009,0.1464603093051545
PARK7,0.07059830638524563,0.09206720237709747,0.44480618811175454,117,0.029778760822062118,0.12961756232410315,0.8187141074428028,117,-0.07059830638524563,-0.029778760822062118
PARL,0.1545787523269787,0.11441825451424485,0.17946865611121393,115,0.024317454759738524,0.1605979906529736,0.879925741649277,115,-0.1545787523269787,-0.024317454759738524
PARS2,-0.08248087576631563,0.11279858288629704,0.46617026443379506,117,0.01075162218765767,0.15844695870114114,0.9460221174517525,117,0.08248087576631563,-0.01075162218765767
PCBD2,0.12926141168985505,0.11714736024506824,0.27221489094941637,117,0.1543497844389196,0.1650416757516812,0.35170660997527214,117,-0.12926141168985505,-0.1543497844389196
PCCA,-0.04565483470094034,0.10115655592249473,0.6526255106081323,117,-0.20825170684035468,0.14083454276755472,0.1420533646692813,117,0.04565483470094034,0.20825170684035468
PDE12,-0.09247303652499542,0.11404244701278843,0.41916289870016565,117,-0.04910814680273635,0.16059414864590288,0.7603370005839266,117,0.09247303652499542,0.04910814680273635
PDE2A,-0.020469271841708703,0.0819226424922726,0.8031525696078567,117,-0.07499475569937963,0.1152040693252539,0.5164091571335931,117,0.020469271841708703,0.07499475569937963
PDF,0.1954273071339378,0.12440826307100337,0.11903728568021538,117,0.035971135204041646,0.1739748437907285,0.8365756649310574,117,-0.1954273071339378,-0.035971135204041646
PDP1,-0.028562968952693835,0.10008603621518677,0.7758769406474274,117,0.01643589081187376,0.1409033180677594,0.9073509078294868,117,0.028562968952693835,-0.01643589081187376
PDPR,-0.004753923056654626,0.10758682886982399,0.9648341482350833,117,-0.01867039480848337,0.15159280756135432,0.902201955217786,117,0.004753923056654626,0.01867039480848337
PET100,0.044059968258241794,0.12170149191481092,0.7180218564230122,115,0.24958109871874723,0.1675730966967846,0.1392734599128477,115,-0.044059968258241794,-0.24958109871874723
PEX11B,-0.003919814177088123,0.10933867876793459,0.9714656178049785,117,0.0033609815346307774,0.1540699515666614,0.9826349771158052,117,0.003919814177088123,-0.0033609815346307774
PGS1,0.061487299583021904,0.10850078842501695,0.5720525582396507,117,0.2248385053774705,0.15128561418270897,0.14006487514519084,117,-0.061487299583021904,-0.2248385053774705
PHYH,-0.04959520256312144,0.11620213158790603,0.670343467385551,117,-0.06286416887861725,0.16373479552320488,0.7017581472572461,117,0.04959520256312144,0.06286416887861725
PICK1,-0.1660811780456653,0.0808740071271953,0.04234533861270993,117,-0.12231211259683883,0.11380844450663481,0.2848311137932103,117,0.1660811780456653,0.12231211259683883
PISD,-0.12049995468712157,0.10304394521039834,0.24472378235324763,117,-0.20274786105357032,0.14477567264126165,0.1641744261604199,117,0.12049995468712157,0.20274786105357032
PLGRKT,-0.1745401147519858,0.10314281325205402,0.09338473106681307,117,-0.025930761072075266,0.14394396578513297,0.8573673400396227,117,0.1745401147519858,0.025930761072075266
PNKD,0.14196065748001205,0.11581736985750296,0.2228719843336952,117,0.28231149004124323,0.16209330467270208,0.08433816537498456,117,-0.14196065748001205,-0.28231149004124323
PNPLA8,-0.16187241449320036,0.09756196310988594,0.09987822583071826,117,-0.023843182933780165,0.1362030213351614,0.8613543978738509,117,0.16187241449320036,0.023843182933780165
PNPO,0.09004526100275573,0.10444787288284615,0.39047066059613156,117,0.030748050584376154,0.14696233762272395,0.8346568594226509,117,-0.09004526100275573,-0.030748050584376154
POLB,-0.007894519364201588,0.08925384561048263,0.9297221603467389,92,0.05147552293927916,0.12459304262786178,0.680525589088183,92,0.007894519364201588,-0.05147552293927916
POLG2,0.22494975893340535,0.1201245116687686,0.06398228333597901,107,0.014170675450949525,0.16610956690285344,0.932184451268586,107,-0.22494975893340535,-0.014170675450949525
PPM1K,0.11359704455637536,0.09628765644296594,0.24059254784765263,117,-0.03519378299578362,0.13417980483017594,0.793585389556767,117,-0.11359704455637536,0.03519378299578362
PPTC7,0.08044180054527401,0.11455545592435563,0.48400602614318156,117,0.13788586024977514,0.16123693236301434,0.3942961469744407,117,-0.08044180054527401,-0.13788586024977514
PRDX2,0.0456443012297109,0.09396537758274955,0.628088721433826,117,-0.04965043499611131,0.13178042948574156,0.7070665112954808,117,-0.0456443012297109,0.04965043499611131
PRDX5,0.07473915655023426,0.10527981729978923,0.4792356175141249,117,-0.06026833874901851,0.14722411563888263,0.6830609828738614,117,-0.07473915655023426,0.06026833874901851
PRDX6,0.11746353804130535,0.08996431244479552,0.19434102786928636,117,0.06875604612026798,0.126600475750212,0.5881535467768008,117,-0.11746353804130535,-0.06875604612026798
PREPL,0.0637817713161558,0.10667841855286804,0.5511215583413784,117,0.0774629655920828,0.15031302957283593,0.6073372743361318,117,-0.0637817713161558,-0.0774629655920828
PRKACA,-0.20968415326072046,0.09370981244562103,0.027226541394572843,117,-0.20555703566089167,0.13204871818072952,0.12239417439405352,117,0.20968415326072046,0.20555703566089167
PRODH,0.0730315761073897,0.1007587528655696,0.4700763501843248,117,0.11973612920050758,0.1418420476568749,0.4004005858814732,117,-0.0730315761073897,-0.11973612920050758
PTGES2,0.013530274084673997,0.11257736200761131,0.904550781901487,117,-0.14217698829810008,0.15723095096700093,0.36781819717787323,117,-0.013530274084673997,0.14217698829810008
PTRH1,-0.06419296989410947,0.12330259158936077,0.6038474669367202,100,0.04955119130246381,0.17078141974038044,0.7723452277383562,100,0.06419296989410947,-0.04955119130246381
PTRH2,-0.16201197676749443,0.10599081225570783,0.1291960809931222,117,-0.007104084249198753,0.14787675998897767,0.9617702391017173,117,0.16201197676749443,0.007104084249198753
PUS1,-0.15656733335055878,0.11988001741169478,0.19421713791444759,117,-0.04393186189334573,0.16823808007883811,0.7944768105055774,117,0.15656733335055878,0.04393186189334573
PUSL1,0.2752795252459466,0.12357945371016181,0.02822188544617656,102,0.34115552090117596,0.17451147449181997,0.05350138487872319,102,-0.2752795252459466,-0.34115552090117596
PYURF,-0.23477358897380596,0.12008169625722627,0.053202402930241956,111,-0.24095046717506352,0.17207933478791926,0.16439276866320646,111,0.23477358897380596,0.24095046717506352
QDPR,0.007859334883720976,0.11599414864681448,0.9461004401530712,117,-0.15797561917770903,0.16190333445117366,0.3313148369701202,117,-0.007859334883720976,0.15797561917770903
QTRT1,-0.1038630134592595,0.10784110835434645,0.3375663930468604,117,-0.16009952749790804,0.15177210734367094,0.2937763902246327,117,0.1038630134592595,0.16009952749790804
RAB24,0.25590656963791064,0.10426888649778264,0.01565562130066559,117,0.17841086016941418,0.14655426240235747,0.22604497557521488,117,-0.25590656963791064,-0.17841086016941418
RARS2,-0.1590120948992333,0.12797272253537922,0.21685631227926708,108,-0.18831970999874517,0.18267415495133943,0.3050236256093251,108,0.1590120948992333,0.18831970999874517
RDH13,0.12075605789518513,0.10094749728326452,0.23413449874180683,117,0.1184961350456362,0.14224845520951643,0.406620987878903,117,-0.12075605789518513,-0.1184961350456362
RDH14,-0.003485939583723794,0.1220183100271876,0.977259190735504,117,0.12924670174810915,0.17099945478095357,0.451351489533812,117,0.003485939583723794,-0.12924670174810915
REXO2,0.21077060701084574,0.11372330515948728,0.06646220282875094,117,0.13737386566825316,0.15994347602048825,0.3922521523416488,117,-0.21077060701084574,-0.13737386566825316
RFK,-0.038590469572660185,0.10795663414932931,0.721418157801354,117,0.05014317477804943,0.15165086452995719,0.7415331005214933,117,0.038590469572660185,-0.05014317477804943
RHOT1,-0.09314958661351212,0.11388939249701965,0.41515367054177166,117,-0.13417517317069283,0.16038960256519508,0.4046385358075322,117,0.09314958661351212,0.13417517317069283
RHOT2,0.15175347713316203,0.1192880363293825,0.20595121977017014,117,0.014967275489467082,0.16707059028197324,0.928777231370455,117,-0.15175347713316203,-0.014967275489467082
RMDN1,0.008659576108656183,0.12069616749187638,0.9429312930990067,117,-0.007825671199285114,0.1700627179422658,0.9633798779956599,117,-0.008659576108656183,0.007825671199285114
RMDN3,-0.19140067237541025,0.10743797220651881,0.07754130049006394,117,-0.11884746227811274,0.15107598245736703,0.4331493942898845,117,0.19140067237541025,0.11884746227811274
RMND1,-0.016525060812169853,0.09089495601615992,0.8560652262786221,117,-0.20726336527743708,0.12545509292754642,0.10134191116466956,117,0.016525060812169853,0.20726336527743708
ROMO1,-0.5441832171926083,0.1632478869812648,0.001365213151077591,76,-0.4900918900788799,0.23140072349392635,0.03773325191988655,76,0.5441832171926083,0.4900918900788799
RPIA,-0.08011000382687579,0.10538217862368551,0.4487410030222301,117,-0.048489554455381625,0.14843617835504155,0.7445331255508856,117,0.08011000382687579,0.048489554455381625
RPUSD4,0.12217123893502593,0.10092578461400906,0.2302152003317467,74,0.17582280002986697,0.14468339654761606,0.2284830512072344,74,-0.12217123893502593,-0.17582280002986697
RTN4IP1,0.1087232044231032,0.11726738806557314,0.35584784796413516,117,0.03742833843951744,0.16496378721665955,0.8209279978679177,117,-0.1087232044231032,-0.03742833843951744
SARDH,0.09284121556408068,0.10534256490755671,0.38002844498339894,117,-0.024295531372275758,0.1475930788507359,0.86954910062471,117,-0.09284121556408068,0.024295531372275758
SCO1,0.09779550720169876,0.10591264062594562,0.35780455795881283,117,0.037751641854510666,0.14902395164337934,0.8004848976212088,117,-0.09779550720169876,-0.037751641854510666
SCO2,0.07023107120202832,0.10653845508597411,0.5111148989974048,117,-0.018283144549300048,0.14964849736601554,0.9029821922125151,117,-0.07023107120202832,0.018283144549300048
SCP2,-0.031757118698036234,0.11299783197152155,0.7791968418927993,117,-0.11029579442191197,0.15887417514207525,0.48898615600542317,117,0.031757118698036234,0.11029579442191197
SDHAF2,-0.08930784375369831,0.11618760227759864,0.44377747486085706,113,-0.08602008284260414,0.166543209206727,0.6065689298611465,113,0.08930784375369831,0.08602008284260414
SDHC,-0.2934289155764235,0.1098841481017293,0.008748301301592416,113,-0.21527736754167545,0.1532546543885493,0.163005805846987,113,0.2934289155764235,0.21527736754167545
SDHD,-0.31528671388072194,0.1178885778293579,0.008671411127399088,111,-0.26905504563652566,0.16188704797646752,0.09949705183145995,111,0.31528671388072194,0.26905504563652566
SDR39U1,-0.005804185531499826,0.11690657725996355,0.960491273776645,117,0.05841709001903628,0.16450785748684466,0.7231869262944653,117,0.005804185531499826,-0.05841709001903628
SDSL,-0.25580070845662395,0.10974636652331655,0.021551890216906688,117,-0.20110996422971955,0.15447035708931547,0.19563480041805476,117,0.25580070845662395,0.20110996422971955
SERAC1,0.0688513038979043,0.09342899265600664,0.46270145173196364,117,-0.003167473911518225,0.13129288902136912,0.9807960189232907,117,-0.0688513038979043,0.003167473911518225
SFXN1,0.019648529387281805,0.10348155457678178,0.8497510161630318,117,-0.05147863774254573,0.14550153324522344,0.7241589021774523,117,-0.019648529387281805,0.05147863774254573
SFXN3,0.15223794993707443,0.11383862041382127,0.1838298552712053,117,0.13866849725336436,0.1604036211900066,0.38917915072182585,117,-0.15223794993707443,-0.13866849725336436
SFXN4,-0.10165703771846585,0.09509762034285581,0.2873791625772247,117,-0.21572414499544562,0.1331133192813654,0.10793980423270792,117,0.10165703771846585,0.21572414499544562
SFXN5,0.23543363059916023,0.1130341312934933,0.039541027898276855,117,0.04602956887427171,0.15720430906750743,0.7702209610033708,117,-0.23543363059916023,-0.04602956887427171
SIRT3,0.20373561308592247,0.1075433217001787,0.06074413539420941,117,0.10485962864235351,0.15095122164209915,0.48872049588777455,117,-0.20373561308592247,-0.10485962864235351
SIRT5,0.0922899204114649,0.09773805533702896,0.3470704740585524,117,0.008262606799275492,0.13725593983050868,0.9521057615418556,117,-0.0922899204114649,-0.008262606799275492
SLC25A1,0.040737780219078146,0.10049588875427692,0.6859805915948844,117,0.02800826575135609,0.1416019263237513,0.8435666091584562,117,-0.040737780219078146,-0.02800826575135609
SLC25A10,-0.15695506920940142,0.09823910258005736,0.11293084220630334,117,-0.056676651875383406,0.13776542432094585,0.6815727341820977,117,0.15695506920940142,0.056676651875383406
SLC25A11,-0.2115399074349111,0.11255104167761858,0.06277488845714137,117,-0.2325648753351259,0.15857423191394543,0.14531248844179587,117,0.2115399074349111,0.2325648753351259
SLC25A12,0.07468150324516143,0.09217076710877674,0.4195138977592,117,-0.010846059974548163,0.12936435130505713,0.9333337251816171,117,-0.07468150324516143,0.010846059974548163
SLC25A14,-0.0025581610420425515,0.10345275324406598,0.9803160686363046,117,0.11690989383387743,0.14487961292415172,0.4214237929279475,117,0.0025581610420425515,-0.11690989383387743
SLC25A15,-0.15379873093367027,0.08888316612659969,0.08699584511718472,95,-0.06811676699865844,0.12405570036534465,0.5843240944151875,95,0.15379873093367027,0.06811676699865844
SLC25A16,-0.22550090948591456,0.1343144142497664,0.09693206687637725,88,-0.23098280018654435,0.19091775518167506,0.22981084390522347,88,0.22550090948591456,0.23098280018654435
SLC25A18,0.020154480865490345,0.10559814951322054,0.8489806893206551,117,0.021737036715975384,0.14880203281345272,0.8841230065111614,117,-0.020154480865490345,-0.021737036715975384
SLC25A19,-0.04884735354976672,0.11935441249565813,0.6831646911549649,112,-0.07046273298024486,0.16782262413042293,0.6754343722142633,112,0.04884735354976672,0.07046273298024486
SLC25A20,0.23980058272381044,0.11846559502399649,0.04532709608655378,117,0.17704305299323814,0.16671795999836989,0.2905717818931722,117,-0.23980058272381044,-0.17704305299323814
SLC25A22,-0.035874932537842866,0.0983630957391652,0.7160085984629676,117,-0.12213514265208177,0.13811449496174616,0.3784437973219419,117,0.035874932537842866,0.12213514265208177
SLC25A23,0.18584874121657732,0.09871187178268523,0.06233034233076683,117,0.02327774494172655,0.13734735682930965,0.8657269297540461,117,-0.18584874121657732,-0.02327774494172655
SLC25A24,-0.0715217229869638,0.10848865707899769,0.5110850547726742,117,-0.040224112081603806,0.15281661401047728,0.7928703920394237,117,0.0715217229869638,0.040224112081603806
SLC25A25,0.06820253666808895,0.11591744314748517,0.5574675076425089,117,0.016483365167135812,0.16319343655730642,0.9197286517026234,117,-0.06820253666808895,-0.016483365167135812
SLC25A26,0.12374025372941595,0.0982005116653878,0.21035736417076212,113,0.021614527553684766,0.13764299602766905,0.8755145713161343,113,-0.12374025372941595,-0.021614527553684766
SLC25A27,-0.1486681378235922,0.0949649795427618,0.12028572961670596,117,-0.19206308201074973,0.13368966259706908,0.15363469613591704,117,0.1486681378235922,0.19206308201074973
SLC25A29,0.2508811529865724,0.10999021446819358,0.024551642992329804,111,0.15780015043057327,0.1515736790162901,0.30023019512432525,111,-0.2508811529865724,-0.15780015043057327
SLC25A3,-0.27963107565788864,0.10794909250893071,0.010860829960143167,117,-0.12238593086680509,0.15061897541018973,0.4182135675612467,117,0.27963107565788864,0.12238593086680509
SLC25A32,-0.11142285390146972,0.11497797183126983,0.3345933546828951,117,-0.03471080787195325,0.16168665580096456,0.8304111284438378,117,0.11142285390146972,0.03471080787195325
SLC25A33,-0.24681679957383407,0.11505256971787106,0.03421593574657569,111,-0.19134555708414588,0.16203598134933678,0.24031715966756229,111,0.24681679957383407,0.19134555708414588
SLC25A36,-0.09609822348784124,0.11065617168338068,0.38701070576627516,117,0.016515164667696817,0.15518300255094536,0.9154382121831107,117,0.09609822348784124,-0.016515164667696817
SLC25A4,-0.12992213658078375,0.09981937897043765,0.19573352362621202,117,-0.059069276157169434,0.14033187353726284,0.6746232992503616,117,0.12992213658078375,0.059069276157169434
SLC25A40,0.047676708308321096,0.11237797183632381,0.6721949963803361,117,0.060645507952136676,0.15834615352978726,0.7024572288574883,117,-0.047676708308321096,-0.060645507952136676
SLC25A42,-0.13663386129956,0.11095572491955012,0.22074268432632332,117,0.02482703349863834,0.15481719530885102,0.8728861842740833,117,0.13663386129956,-0.02482703349863834
SLC25A44,0.039672613572239335,0.10505746484313347,0.7064282519968719,116,0.1898696540144625,0.14572713848135077,0.1953256733107435,116,-0.039672613572239335,-0.1898696540144625
SLC25A46,-0.15375699348005673,0.08619320391317115,0.07715379196825566,117,0.02941362099628836,0.118901199995785,0.8050721708826467,117,0.15375699348005673,-0.02941362099628836
SLC25A51,-0.029094723588637555,0.10886337412501679,0.7897612095253006,117,0.16727440886379433,0.15108370207687752,0.27061663861643237,117,0.029094723588637555,-0.16727440886379433
SLC30A9,0.12816806692420393,0.10958014158719734,0.24463354087976288,117,0.15946586498131304,0.15435524860002756,0.3037983473174057,117,-0.12816806692420393,-0.15946586498131304
SMDT1,-0.12708059479493591,0.10707008205007962,0.23800059219777742,108,0.07402731181005082,0.14707445156051782,0.6158159486645545,108,0.12708059479493591,-0.07402731181005082
SMIM20,0.22087446322062637,0.1058791211106129,0.0392401618492343,117,0.350364933464282,0.14816528277750338,0.019781752878266837,117,-0.22087446322062637,-0.350364933464282
SNAP29,0.10036956997152445,0.11499463520274406,0.3846288430921786,117,0.16490459544764613,0.16180756375838543,0.31035256355198465,117,-0.10036956997152445,-0.16490459544764613
SND1,0.08821731960544948,0.08477867626714478,0.3003207548690338,117,0.09068177619401743,0.11946424560615396,0.4494193547335845,117,-0.08821731960544948,-0.09068177619401743
SOD1,0.06629461961698226,0.10104079900499754,0.5130943163689938,117,-0.07428097212240374,0.14110342875130952,0.599640334837461,117,-0.06629461961698226,0.07428097212240374
SPATA20,-0.010498324792442887,0.10407635972727251,0.9198329251120696,117,-0.2211305887240563,0.14386061643300654,0.1271104045305487,117,0.010498324792442887,0.2211305887240563
SPG7,-0.08293871920423537,0.11076608771713986,0.4555633219056263,117,-0.10540322901636659,0.15605490304868505,0.5008110535301507,117,0.08293871920423537,0.10540322901636659
SPHK2,0.13836768139952993,0.12236975894140853,0.2607431025994012,110,0.0620539523674319,0.17134085083611322,0.7179623288863859,110,-0.13836768139952993,-0.0620539523674319
SPHKAP,0.026307905653660014,0.09269957561296269,0.7770895528253726,117,0.05679786970593954,0.13056114482231046,0.6643861064798672,117,-0.026307905653660014,-0.05679786970593954
SPIRE1,0.19355131210269613,0.09949798412796007,0.05424783588972892,117,0.17669597364722653,0.14018766369270283,0.21015943972969275,117,-0.19355131210269613,-0.17669597364722653
SPR,0.06255868462677952,0.10284634434305093,0.5442378173973355,117,0.043042809219543884,0.14490044805945437,0.7669828113296571,117,-0.06255868462677952,-0.043042809219543884
SPTLC2,-0.010134948151798804,0.1118682128339275,0.9279744748528763,117,-0.0431104375484962,0.15757437481028722,0.7849097801082425,117,0.010134948151798804,0.0431104375484962
STARD7,0.2557982897725671,0.10382125890775272,0.015266409263258004,117,0.045283101880944115,0.1434972843562792,0.7529232322853215,117,-0.2557982897725671,-0.045283101880944115
STOM,0.1268978296034658,0.1061850890608354,0.2345869972577085,117,0.09430741277480259,0.14956424148306144,0.5296322613638695,117,-0.1268978296034658,-0.09430741277480259
STX17,-0.007552250600106221,0.1049991767454798,0.9427884793498947,117,0.06870320218314835,0.14759778696194623,0.6425027227550721,117,0.007552250600106221,-0.06870320218314835
SUOX,0.2329716044514051,0.11198331960048533,0.03976857910972502,117,0.2809917816284906,0.15766587547760785,0.07745110942118157,117,-0.2329716044514051,-0.2809917816284906
SURF1,-0.006151318411671319,0.09660178735679935,0.9493408751826553,117,-0.0515854764501886,0.1359861359442755,0.7051574230848232,117,0.006151318411671319,0.0515854764501886
TDRKH,0.07819662751701062,0.1021256201837201,0.4454710476367385,117,0.12773826887667372,0.14375264089894785,0.37614090331460026,117,-0.07819662751701062,-0.12773826887667372
TEFM,-0.09466658627077101,0.1512914401300894,0.5340383926982768,61,-0.22463492003464997,0.21052833073209323,0.29063060827267406,61,0.09466658627077101,0.22463492003464997
TFB1M,-0.01686238280432632,0.12194142790111563,0.890281894757146,110,-0.10192653808368599,0.17081245787753754,0.5519937305535665,110,0.01686238280432632,0.10192653808368599
TFB2M,0.02116091630065168,0.12888570981730438,0.869981054104275,89,0.017921596815551975,0.17705323007863805,0.9196187377884146,89,-0.02116091630065168,-0.017921596815551975
THEM4,-0.21291575704589413,0.10206810783327018,0.03924790175791582,117,-0.0916687326767743,0.1428887363233531,0.5224949335169766,117,0.21291575704589413,0.0916687326767743
THG1L,-0.12425178236089457,0.10678530814829129,0.24728822373742615,108,-0.030900583062351775,0.14699770953835456,0.8339220794125681,108,0.12425178236089457,0.030900583062351775
THNSL1,-0.24609632823285593,0.1106004637046791,0.028078727867889716,117,-0.21447030930379554,0.15579234373504955,0.17139336200477887,117,0.24609632823285593,0.21447030930379554
TIMM10,-0.21926720059599705,0.10481893226356186,0.038710556955575716,117,-0.09600887681200534,0.14675913996628664,0.5143402717844703,117,0.21926720059599705,0.09600887681200534
TIMM10B,0.015479773344243455,0.10288291106764236,0.8806722657067465,117,0.06194887196450394,0.1448395724502326,0.6696932284533761,117,-0.015479773344243455,-0.06194887196450394
TIMM17A,-0.04277712981248857,0.16002493043532007,0.7901911770746574,62,0.19155375508163147,0.2202438358003359,0.38815802781760955,62,0.04277712981248857,-0.19155375508163147
TIMM17B,0.06693784007115793,0.11649471715734672,0.5667143575526936,117,0.024184051744642554,0.1640549276172543,0.8830724051046929,117,-0.06693784007115793,-0.024184051744642554
TIMM21,0.277149252505981,0.09949988498855726,0.006279055765263848,117,0.10813456362740477,0.13833043333346376,0.436048066204893,117,-0.277149252505981,-0.10813456362740477
TIMM22,-0.29970376859775844,0.11780471352885097,0.012319450302556562,117,-0.242566672713173,0.16582269415600442,0.14634585819147686,117,0.29970376859775844,0.242566672713173
TIMM23,0.0416926392923169,0.10568772384623329,0.693983882802308,115,-0.10989671128479502,0.1461020866959151,0.4535573186923233,115,-0.0416926392923169,0.10989671128479502
TIMM50,0.19776176147302107,0.10241405254583932,0.056010341395565,117,0.10138339359182744,0.14372468662692903,0.4820390420084224,117,-0.19776176147302107,-0.10138339359182744
TIMM8A,-0.11721454263455663,0.10291162287219942,0.25714070544074563,117,-0.1203344013193637,0.14501589001022047,0.4084320870917437,117,0.11721454263455663,0.1203344013193637
TIMM9,-0.053939711927178155,0.10436098248108017,0.6062750773867059,117,0.07101506234225761,0.146083256563359,0.6278352351742322,117,0.053939711927178155,-0.07101506234225761
TIMMDC1,0.07352653229248413,0.11978362960550484,0.5405738155304207,117,0.019798442230776845,0.1686347633817767,0.9067518708866493,117,-0.07352653229248413,-0.019798442230776845
TK2,0.01816798285051952,0.11518006357206248,0.8749492691383625,117,-0.148809818151178,0.16072345744475225,0.35651962677484494,117,-0.01816798285051952,0.148809818151178
TMEM11,0.0891145562349176,0.10819322687718334,0.41188260062642235,117,0.08532657899616652,0.15245814276672273,0.5768307086664564,117,-0.0891145562349176,-0.08532657899616652
TMEM126A,0.16177673976189072,0.08655988867275435,0.06424124022023439,117,0.16993540482616606,0.12196968437444101,0.1663251568036756,117,-0.16177673976189072,-0.16993540482616606
TMEM126B,-0.03236261703945534,0.11095354473372145,0.7710981841891495,112,-0.036120763506087124,0.15697492488226678,0.8184534177666991,112,0.03236261703945534,0.036120763506087124
TMEM143,-0.12045081754841812,0.10575862111614291,0.2571658649084703,117,-0.05092822066905246,0.14873099067683865,0.7326836129268619,117,0.12045081754841812,0.05092822066905246
TMEM14C,-0.18035930728284533,0.12401473603991829,0.14908091195928674,102,-0.045600986099337576,0.17397550018748392,0.7937970552712351,102,0.18035930728284533,0.045600986099337576
TMEM177,0.10538810937189695,0.10769246974770857,0.3298855604351447,117,0.0573390154539295,0.1516139760178214,0.7060111285975919,117,-0.10538810937189695,-0.0573390154539295
TMEM186,-0.24207728416726584,0.10356755820712296,0.021195655451949222,117,-0.21079170190020619,0.14587937220164443,0.15128272360656986,117,0.24207728416726584,0.21079170190020619
TMEM205,0.03576763320643824,0.11458805495401123,0.7555137182132732,117,-0.0034060847117594936,0.16138312774595034,0.9831993254581782,117,-0.03576763320643824,0.0034060847117594936
TMEM65,0.18777033541570426,0.10040994950785527,0.06408977655565878,117,0.1845653180344231,0.14149064105374104,0.19478359075059035,117,-0.18777033541570426,-0.1845653180344231
TMEM70,-0.1749972263478511,0.12204053082647938,0.1543790807040824,117,-0.15163631427255414,0.17194267850384812,0.379736435038745,117,0.1749972263478511,0.15163631427255414
TMLHE,0.040107968789713226,0.11792451593133088,0.7344065138478675,117,0.03286053638736612,0.1661688226174827,0.843599293446871,117,-0.040107968789713226,-0.03286053638736612
TOMM20,0.009665408756472635,0.09984477383559844,0.9230547800658959,117,0.043085612542005124,0.14062217476726444,0.7598796079957252,117,-0.009665408756472635,-0.043085612542005124
TOMM22,-0.26506331281705975,0.1080479880994957,0.015700851692339157,117,-0.2794715088339627,0.15224185587388275,0.06907775935132787,117,0.26506331281705975,0.2794715088339627
TOMM34,0.2239873037039428,0.09511458865423524,0.020267413634346795,117,0.11698277449582391,0.13324474771391587,0.38186502437622416,117,-0.2239873037039428,-0.11698277449582391
TOMM40,-0.13481807394228768,0.10778148072397979,0.21359726566890616,117,-0.20967199802282582,0.15154055649347364,0.1692561798741397,117,0.13481807394228768,0.20967199802282582
TOMM40L,0.2243861184951002,0.10469532739085687,0.03425858113030132,117,0.11441985374715255,0.14677739631294953,0.43731661539511746,117,-0.2243861184951002,-0.11441985374715255
TOMM5,0.030810450720314284,0.12250079595902383,0.8018789966440869,117,0.0868254573534286,0.17245377245994412,0.6156309173747647,117,-0.030810450720314284,-0.0868254573534286
TOMM6,-0.11595212477472877,0.11494261525270065,0.3152532906713444,117,-0.2252314839807073,0.16129316672713437,0.16537706020899404,117,0.11595212477472877,0.2252314839807073
TRIAP1,-0.2007892720539094,0.10152766347721269,0.05053626220195813,112,-0.2572588207532261,0.14090663821374605,0.07070474027410369,112,0.2007892720539094,0.2572588207532261
TRMT1,0.06038978975807756,0.10028760354700327,0.5482807589059088,117,-0.004120698836491199,0.14104895166843345,0.9767458421921804,117,-0.06038978975807756,0.004120698836491199
TRMT10C,-0.06393444071046428,0.11194054814616293,0.5690447084716239,117,-0.033829496681614356,0.15768686291249573,0.8305227916228496,117,0.06393444071046428,0.033829496681614356
TRMT5,0.026754348702619973,0.11209197187438746,0.8118173060196934,110,0.045777906679466365,0.1578843901826647,0.7724350475310194,110,-0.026754348702619973,-0.045777906679466365
TRMT61B,5.454847203977857e-4,0.09765166698433769,0.9955530465464837,116,0.12742654589929556,0.13568853143790177,0.3497314922014001,116,-5.454847203977857e-4,-0.12742654589929556
TRNT1,0.0373529833459367,0.07941315877432176,0.6390106198988363,117,0.11794814365305117,0.111371098395211,0.2918738032045984,117,-0.0373529833459367,-0.11794814365305117
TSPO,0.14641851010659393,0.10943497774584564,0.18362303408233932,117,0.10971095133072793,0.15412875746696708,0.4780735497056554,117,-0.14641851010659393,-0.10971095133072793
TSTD1,0.022659915247056614,0.09653584213311933,0.8148464409373832,117,0.008046936851815314,0.13601778349214508,0.9529303168813925,117,-0.022659915247056614,-0.008046936851815314
TTC19,-0.1022080273315394,0.11717964258414644,0.3849469660707364,117,-0.17797791350432984,0.16480336242841548,0.282509389063029,117,0.1022080273315394,0.17797791350432984
TXN2,-0.07509845556613111,0.10780173838088805,0.4874746186704011,117,-0.18403364252592186,0.1511902183677501,0.22609732893512977,117,0.07509845556613111,0.18403364252592186
TXNRD1,0.02103935540613596,0.106486815384789,0.8437340954661754,117,-0.10940509980964647,0.14901230210857758,0.4643738602909082,117,-0.02103935540613596,0.10940509980964647
TXNRD2,-0.09150175317142692,0.09773934308682664,0.35119405440731133,117,-0.010303308316043432,0.1372889435033729,0.940311333010615,117,0.09150175317142692,0.010303308316043432
UNG,0.07450191383230086,0.102423166338917,0.4685029227322023,117,0.003595560680633263,0.1440088202840302,0.9801256040725443,117,-0.07450191383230086,-0.003595560680633263
UQCC1,-0.1827128393233314,0.09492705395394548,0.056794633251422,117,-0.10479836692536663,0.13334888316734325,0.4336028017255553,117,0.1827128393233314,0.10479836692536663
UQCC2,-0.008094468260622049,0.09959204189476849,0.9353673202518568,117,0.026105872270870356,0.140262411968615,0.8526890751748707,117,0.008094468260622049,-0.026105872270870356
UQCR10,0.07914331966604084,0.10887936849168466,0.4688099476453649,117,0.11746884465497377,0.15333816903249034,0.4452565413712942,117,-0.07914331966604084,-0.11746884465497377
UQCR11,-0.054461477040602974,0.1274153617092058,0.6700116500563713,102,-0.10446556571029042,0.18123672148777892,0.5656911683123539,102,0.054461477040602974,0.10446556571029042
UQCRB,-0.18394230882124787,0.11141910536489968,0.10155948674875175,117,-0.21325334670334012,0.15695458498410814,0.17699804056724025,117,0.18394230882124787,0.21325334670334012
UQCRH,-0.19304714174532464,0.11589543934450168,0.09856769856088253,117,-0.18454222232688408,0.16330841559905487,0.26090258998642674,117,0.19304714174532464,0.18454222232688408
UQCRQ,-0.009611808110776674,0.10883300846748935,0.9297824262813679,117,0.024738396677731138,0.15329006574858708,0.8720852011033111,117,0.009611808110776674,-0.024738396677731138
USP30,-0.28748947035855066,0.10261827727908415,0.005993534472639474,117,-0.2260758158954773,0.14436407211599925,0.12019240609655887,117,0.28748947035855066,0.2260758158954773
VDAC1,0.11410765642499976,0.1058567831577077,0.2833750551513836,117,0.002176625864699442,0.1483954410077615,0.9883235869897491,117,-0.11410765642499976,-0.002176625864699442
VDAC2,-0.06388689715867689,0.10182748433470216,0.5316719373431014,117,-0.12934754747171903,0.14321504670215712,0.36839146709254633,117,0.06388689715867689,0.12934754747171903
VDAC3,-0.24607976737932333,0.10693142540917065,0.02322550004394952,117,-0.15529278494160617,0.15017916224849734,0.3033603526517232,117,0.24607976737932333,0.15529278494160617
VPS13D,0.008233775601868162,0.1180935999235844,0.9445389044294656,117,0.044491588223442485,0.16633761468617259,0.7895978089393089,117,-0.008233775601868162,-0.044491588223442485
VWA8,0.15086599837398493,0.11226389503880004,0.18171251663520957,117,0.02808082216215322,0.15731991925839112,0.8586596034885712,117,-0.15086599837398493,-0.02808082216215322
WARS2,0.08942307042281616,0.11183165606885101,0.42562239988966155,117,-0.048954193682625,0.15646927499325236,0.7549681876891364,117,-0.08942307042281616,0.048954193682625
YME1L1,-0.06739171620578138,0.09201229981605882,0.4654417926303691,117,-0.10470881709548784,0.12955947327446507,0.42070926966728583,117,0.06739171620578138,0.10470881709548784
YRDC,0.12271994437453804,0.09729364793162534,0.21034270832590443,98,0.11537253377173322,0.13506968595185223,0.3952292635881748,98,-0.12271994437453804,-0.11537253377173322
