contrast,gene_symbol,rna_effect,rna_std_error,rna_conf_low,rna_conf_high,rna_p_value,rna_fdr,rna_significant_fdr05,protein_effect,protein_std_error,protein_conf_low,protein_conf_high,protein_p_value,protein_fdr,protein_significant_fdr05,is_hsp60_10_client,significance_class,direction_concordant
MCI_vs_NCI,AARS2,-0.02653546324210037,0.02648141554994248,-0.07843903771998764,0.02536811123578689,0.3163238073314557,0.9847424460055086,FALSE,0.01706692415969996,0.01672367156514995,-0.01583517722233398,0.0499690255417339,0.30824964284876694,0.9843273350061036,FALSE,TRUE,Neither,FALSE
MCI_vs_NCI,ABHD10,4.316521841487505e-4,0.02341181474579854,-0.04545550471761639,0.04631880908591389,0.9852899441899974,0.999386941517418,FALSE,-0.02540183703485155,0.01401020645246972,-0.05296547527580932,0.00216180120610622,0.07075296355101442,0.9843273350061036,FALSE,TRUE,Neither,FALSE
MCI_vs_NCI,ABHD11,-0.01137942698409773,0.04581952209145874,-0.10118569028335687,0.07842683631516141,0.803861105742557,0.999386941517418,FALSE,-0.02483350011489243,0.0208973253647458,-0.06594683549018274,0.01627983526039787,0.2355727171138792,0.9843273350061036,FALSE,TRUE,Neither,TRUE
MCI_vs_NCI,ACAA2,0.07195525684625043,0.04879047614042838,-0.0236740763889892,0.16758459008149007,0.14027148798553904,0.9808495610186558,FALSE,-0.03925294326229901,0.01750488371094283,-0.07369199908173751,-0.00481388744286051,0.02561934646246637,0.9843273350061036,FALSE,TRUE,Neither,FALSE
MCI_vs_NCI,ACAD9,0.02958592794210761,0.02399888959603084,-0.01745189566611283,0.07662375155032806,0.21764888537252736,0.9823341948993984,FALSE,0.00174475236641714,0.02240711977126207,-0.04233894800532187,0.04582845273815617,0.9379832732734648,0.9985985325836124,FALSE,TRUE,Neither,TRUE
MCI_vs_NCI,ACADVL,0.03975812419958587,0.02985427926630057,-0.01875626316236325,0.098272511561535,0.18294579074954267,0.9808495610186558,FALSE,0.01814198342206707,0.01899302010024483,-0.01922482747557691,0.05550879431971106,0.3402007908024721,0.9843273350061036,FALSE,TRUE,Neither,TRUE
MCI_vs_NCI,ACAT1,0.02690977750235418,0.02018171746387155,-0.01264638872683406,0.06646594373154242,0.18240909771583264,0.9808495610186558,FALSE,-0.0024247220071431,0.01142660559475323,-0.02490539165354658,0.02005594763926036,0.8320862133949827,0.9929345140903668,FALSE,TRUE,Neither,FALSE
MCI_vs_NCI,ACO2,0.02381663576866683,0.03623721114314279,-0.04720829807189304,0.0948415696092267,0.5110249929160349,0.9919911954668876,FALSE,-0.02330180019042471,0.01289063014883715,-0.04866278736259419,0.00205918698174475,0.07159824202203609,0.9843273350061036,FALSE,TRUE,Neither,FALSE
MCI_vs_NCI,ACOT13,0.02647561052811175,0.02222591320928899,-0.01708717936209467,0.07003840041831817,0.2335732657866685,0.9823523133705192,FALSE,-0.00261216999200519,0.01817761475480845,-0.03837475485360889,0.0331504148695985,0.8858256949948862,0.994898813974576,FALSE,TRUE,Neither,FALSE
MCI_vs_NCI,ACSF3,-0.01582356842131937,0.02520009546320358,-0.0652157555291984,0.03356861868655964,0.53005831179952545,0.995250106371848,FALSE,0.01026914492036013,0.02595183502049846,-0.04078841762311972,0.06132670746383998,0.6925896463973082,0.989066684373769,FALSE,TRUE,Neither,FALSE
MCI_vs_NCI,AFG3L2,-0.00190946461051124,0.03090049739997709,-0.06247443951446635,0.05865551029344386,0.9507269003701164,0.999386941517418,FALSE,-0.00950794645651188,0.01139999653291324,-0.03193626551429433,0.01292037260127055,0.40488519850015514,0.9843273350061036,FALSE,TRUE,Neither,TRUE
MCI_vs_NCI,AIFM1,0.02288338952511998,0.02038430863228901,-0.01706985539416648,0.06283663444440646,0.2616081521467774,0.9823523133705192,FALSE,-0.01560527336830575,0.00994772504581113,-0.03517639784912435,0.00396585111251285,0.11769858038619674,0.9843273350061036,FALSE,TRUE,Neither,FALSE
MCI_vs_NCI,AK2,0.02364889984648039,0.01877968416208892,-0.0131592811112139,0.06045708080417469,0.20792884587937113,0.982276330430283,FALSE,-0.01055304844901905,0.01385270054654142,-0.03780681004208083,0.01670071314404272,0.4467372332923236,0.9843273350061036,FALSE,TRUE,Neither,FALSE
MCI_vs_NCI,AK3,0.02018593805821477,0.0398531421317933,-0.05792622052010009,0.09829809663652964,0.6125000267349355,0.9993299023322568,FALSE,0.00317607162973518,0.02083849789854123,-0.0378215267646194,0.04417367002408976,0.8789566380825486,0.994898813974576,FALSE,TRUE,Neither,TRUE
MCI_vs_NCI,AK4,0.11138602533849938,0.04375734973226881,0.02562161986325252,0.19715043081374625,0.01091092817253896,0.818488308432499,FALSE,0.00284243798764582,0.01305918032746076,-0.02285015430146402,0.02853503027675568,0.8278339898141316,0.9929345140903668,FALSE,TRUE,Neither,TRUE
MCI_vs_NCI,AKR7A2,0.02372284795550286,0.02905395126860426,-0.03322289653096148,0.08066859244196722,0.41420838437553,0.988208858598697,FALSE,-4.972920474599074e-4,0.01335346492589589,-0.02676885897471447,0.02577427487979465,0.9703163032070656,0.9985985325836124,FALSE,TRUE,Neither,FALSE
MCI_vs_NCI,ALDH18A1,0.00533313355628121,0.01818481766736515,-0.03030910907175448,0.04097537618431692,0.7693127530995947,0.999386941517418,FALSE,0.00426630158893126,0.01576293166587727,-0.02674564299084241,0.03527824616870494,0.7868314063255257,0.9926008725573188,FALSE,TRUE,Neither,TRUE
MCI_vs_NCI,ALDH1B1,0.04974576347637266,0.03642786206857083,-0.02165284617802615,0.12114437313077148,0.17206562389481947,0.9808495610186558,FALSE,-0.11230904902720495,0.05443741627196805,-0.2194090588652789,-0.005209039189131,0.03991000496903175,0.9843273350061036,FALSE,TRUE,Neither,FALSE
MCI_vs_NCI,ALDH2,0.04927703133494325,0.03946561192190214,-0.02807556803198495,0.12662963070187144,0.2118089247045936,0.982276330430283,FALSE,-0.01615398818528901,0.01696274627501867,-0.0495264444359496,0.01721846806537157,0.34165194310273983,0.9843273350061036,FALSE,TRUE,Neither,FALSE
MCI_vs_NCI,ALDH5A1,-0.01543133192340941,0.02694780742313267,-0.06824903447274944,0.03738637062593061,0.5668899912663845,0.9977684833685546,FALSE,0.00835319006729044,0.01627433286351189,-0.02366488369804625,0.04037126383262714,0.6081135449214137,0.9843273350061036,FALSE,TRUE,Neither,FALSE
MCI_vs_NCI,ALDH7A1,0.03683471437573077,0.04811801570575028,-0.05747659640753978,0.1311460251590013,0.4439692479096282,0.9905418052539958,FALSE,0.00624656197139472,0.03847136348135823,-0.06944188339406396,0.08193500733685341,0.871117545918525,0.994898813974576,FALSE,TRUE,Neither,TRUE
MCI_vs_NCI,ALDH9A1,0.01441816885233588,0.04323606194692019,-0.07032451256362769,0.09916085026829945,0.7387753545004269,0.999386941517418,FALSE,-0.00589270218527412,0.01697727336342941,-0.03929373898619329,0.02750833461564503,0.7287489463946012,0.989066684373769,FALSE,TRUE,Neither,FALSE
MCI_vs_NCI,ALYREF,-0.0071113525178,0.03516111783876406,-0.07602714348177755,0.06180443844617755,0.8397209209597607,0.999386941517418,FALSE,-0.01991879289088968,0.02410427798280445,-0.06734147724829143,0.02750389146651205,0.4092153852128725,0.9843273350061036,FALSE,TRUE,Neither,TRUE
MCI_vs_NCI,ARL2,0.01942503875653908,0.02847856731880595,-0.03639295318832059,0.07524303070139875,0.4951799836679954,0.9919911954668876,FALSE,0.03103241228560796,0.01868868996414598,-0.00573566041315876,0.06780048498437469,0.09779404716743675,0.9843273350061036,FALSE,TRUE,Neither,TRUE
MCI_vs_NCI,ATAD3A,0.02607212108576994,0.02816182653504729,-0.02912505892292275,0.08126930109446265,0.3545517345124543,0.9852322978322308,FALSE,-0.00859358399670443,0.01013359919195648,-0.02853039671631371,0.01134322872290485,0.3970551142986291,0.9843273350061036,FALSE,TRUE,Neither,FALSE
MCI_vs_NCI,ATP5F1A,0.03589496897687585,0.03334510977628604,-0.02946144618464478,0.10125138413839647,0.2817176650702853,0.982385205890818,FALSE,-0.01220798026704463,0.01256393746177347,-0.036926233224501497,0.01251027269041224,0.33194866995870287,0.9843273350061036,FALSE,TRUE,Neither,FALSE
MCI_vs_NCI,ATP5F1B,0.01867587634028957,0.04194048488703808,-0.06352747403830507,0.1008792267188842,0.6561067853713408,0.9993299023322568,FALSE,-0.02267907301711425,0.01557038199394741,-0.05331219594864916,0.00795404991442067,0.14621948632712228,0.9843273350061036,FALSE,TRUE,Neither,FALSE
MCI_vs_NCI,ATP5F1C,0.02456373197965292,0.03411278289302975,-0.04229732249068539,0.09142478644999125,0.4714793634825823,0.9919911954668876,FALSE,-0.1483045135975376,0.08863879823761729,-0.3226922199474491,0.02608319275237394,0.09527728744333222,0.9843273350061036,FALSE,TRUE,Neither,FALSE
MCI_vs_NCI,BCKDHB,-0.04651003428446674,0.04786605966710941,-0.14032751123200118,0.04730744266306771,0.3312145371636793,0.9852322978322308,FALSE,-0.03507449969931281,0.01581063882628604,-0.06618030320368348,-0.00396869619494213,0.02722758998563102,0.9843273350061036,FALSE,TRUE,Neither,TRUE
MCI_vs_NCI,BCKDK,-0.0018290509837496601,0.02909500110348178,-0.05885525314657395,0.05519715117907462,0.949874176996628,0.999386941517418,FALSE,-0.0240346836261398,0.01510205908478187,-0.05374642946790913,0.00567706221562951,0.11248701056485276,0.9843273350061036,FALSE,TRUE,Neither,TRUE
MCI_vs_NCI,BCS1L,0.00846669346424227,0.01788131031034232,-0.02658067474402868,0.04351406167251323,0.6358607678521542,0.9993299023322568,FALSE,0.00219653721079599,0.00888235521896111,-0.01527858186141215,0.01967165628300414,0.8048405063093464,0.9929345140903668,FALSE,TRUE,Neither,TRUE
MCI_vs_NCI,C1QBP,0.01446852919745926,0.0284340047625649,-0.04126212013716794,0.07019917853208647,0.6108601828411993,0.9993299023322568,FALSE,-0.03366122660441506,0.0223630433787891,-0.07765821121352681,0.01033575800469668,0.1332537111996594,0.9843273350061036,FALSE,TRUE,Neither,FALSE
MCI_vs_NCI,CARS2,0.01874984825111583,0.02295411999394121,-0.02624022693700894,0.06373992343924062,0.41401974851077017,0.988208858598697,FALSE,0.00877129432749798,0.0217562064977454,-0.03403180121815808,0.05157438987315405,0.6870973698550866,0.989066684373769,FALSE,TRUE,Neither,TRUE
MCI_vs_NCI,CBR4,2.7289727665289517e-4,0.01981441270968247,-0.03856335163432475,0.03910914618763055,0.9890113503044624,0.999386941517418,FALSE,0.00839476435203001,0.01689279867495655,-0.02484007719962693,0.04162960590368696,0.6195698543066213,0.9843273350061036,FALSE,TRUE,Neither,TRUE
MCI_vs_NCI,CCDC90B,0.01855969174043058,0.02055473993568547,-0.02172759853351293,0.0588469820143741,0.36655787243962035,0.9852322978322308,FALSE,0.00739426117413158,0.01669150409548488,-0.02544455402436302,0.04023307637262619,0.6580679911965972,0.989066684373769,FALSE,TRUE,Neither,TRUE
MCI_vs_NCI,CCT3,0.00665108189408572,0.02833064179641262,-0.04887697602688301,0.06217913981505446,0.8143900722438606,0.999386941517418,FALSE,4.125609408144882e-4,0.00915198953208426,-0.01759303587199578,0.01841815775362476,0.9640725661615808,0.9985985325836124,FALSE,TRUE,Neither,TRUE
MCI_vs_NCI,CCT6A,-0.00509949029571328,0.02789168613921733,-0.05976719512857925,0.04956821453715268,0.8549299087586032,0.999386941517418,FALSE,0.00455034600912778,0.00834004226629775,-0.01185782818319505,0.02095852020145063,0.5857190710771121,0.9843273350061036,FALSE,TRUE,Neither,FALSE
MCI_vs_NCI,CLPP,-0.01230631459647743,0.02060469062351189,-0.05269150821856075,0.02807887902560587,0.5503351965691468,0.9961290046557923,FALSE,-0.0209115735732373,0.01563356713668194,-0.05166900676547013,0.00984585961899552,0.1819733538074547,0.9843273350061036,FALSE,TRUE,Neither,TRUE
MCI_vs_NCI,CLPX,-0.05393012834331711,0.03582763974472269,-0.12415230224297358,0.01629204555633936,0.13225570006920806,0.9799510870602794,FALSE,0.00518349429788272,0.01501411713233416,-0.02435523480985804,0.0347222234056235,0.730139504965001,0.989066684373769,FALSE,TRUE,Neither,FALSE
MCI_vs_NCI,CNP,0.07047399580250974,0.04767497570292848,-0.02296895657523008,0.16391694818024954,0.13934950166237903,0.9808495610186558,FALSE,0.04757871520407741,0.05010564151495755,-0.05099897394239085,0.1461564043505457,0.34304761351172475,0.9843273350061036,FALSE,TRUE,Neither,TRUE
MCI_vs_NCI,COX4I1,0.03327766762659781,0.0258413490788271,-0.0173713765679033,0.08392671182109893,0.1978266644708168,0.9816370903251233,FALSE,-0.01272173606520268,0.01585807633177203,-0.04392086797588238,0.018477395845477,0.4230178765937452,0.9843273350061036,FALSE,TRUE,Neither,FALSE
MCI_vs_NCI,COX7A2L,-0.00718124583017335,0.02838452774682217,-0.06281492021394482,0.04845242855359811,0.8002692937293534,0.999386941517418,FALSE,0.00617909055233911,0.01635292622920249,-0.02599360756542126,0.0383517886700995,0.7057860301575252,0.989066684373769,FALSE,TRUE,Neither,FALSE
MCI_vs_NCI,CPOX,-0.02143603429833397,0.03329179465513351,-0.08668795182239564,0.04381588322572771,0.5196510398513896,0.993496169802946,FALSE,-0.00620856923015181,0.01859880286574824,-0.04279979832056987,0.03038265986026624,0.7387371744177954,0.9895621412840256,FALSE,TRUE,Neither,TRUE
MCI_vs_NCI,CPT2,-0.03968221997111389,0.04093896935054586,-0.11992259989818378,0.040558159955956,0.3323945913903015,0.9852322978322308,FALSE,0.02129871360911629,0.02217817958993131,-0.02233457053510826,0.06493199775334084,0.33760567451916235,0.9843273350061036,FALSE,TRUE,Neither,FALSE
MCI_vs_NCI,CRYZ,-0.03175482183527522,0.05563928414338267,-0.14080781875630527,0.0772981750857548,0.5681849558479004,0.9977684833685546,FALSE,0.02781447331897517,0.04110424463711916,-0.05305389455191069,0.10868284118986105,0.49909649926941313,0.9843273350061036,FALSE,TRUE,Neither,FALSE
MCI_vs_NCI,CS,0.01898968894144509,0.02255662011467711,-0.02522128648332204,0.06320066436621224,0.39986203556795175,0.988208858598697,FALSE,0.00459907331308295,0.01610444989104817,-0.02708477320070149,0.0362829198268674,0.7753860763012523,0.9925381468241056,FALSE,TRUE,Neither,TRUE
MCI_vs_NCI,CYC1,0.01625607360926284,0.02531182141149781,-0.03335509635727288,0.06586724357579855,0.5207222528309707,0.9937921134886412,FALSE,-0.00292321093799938,0.01223751903421975,-0.02699926925808266,0.02115284738208389,0.8113569301314354,0.9929345140903668,FALSE,TRUE,Neither,FALSE
MCI_vs_NCI,DAP3,0.0175009976082897,0.01728287213653405,-0.01637343177931704,0.05137542699589644,0.31124127106949917,0.9831458315580331,FALSE,6.260909684689953e-4,0.02318702249886106,-0.0449919876952391,0.04624416963217709,0.978475124354365,0.9985985325836124,FALSE,TRUE,Neither,TRUE
MCI_vs_NCI,DARS2,0.01307694208980039,0.02722538631674001,-0.04028481509101003,0.06643869927061082,0.6309987067411191,0.9993299023322568,FALSE,0.00901690421036655,0.01582095735868429,-0.02210919994376027,0.04014300836449337,0.5691218230906576,0.9843273350061036,FALSE,TRUE,Neither,TRUE
MCI_vs_NCI,DCXR,0.03032353555008538,0.04159275047238736,-0.05119825537579385,0.1118453264759646,0.46596606580974975,0.9919911954668876,FALSE,-0.00488089104108085,0.01367530541210074,-0.0317856459776014,0.02202386389543968,0.72139210577465,0.989066684373769,FALSE,TRUE,Neither,FALSE
MCI_vs_NCI,DHX30,-0.00180403976117045,0.02446105147513891,-0.04974770065244272,0.04613962113010182,0.9412081022360302,0.999386941517418,FALSE,0.00190804397981431,0.01287788689901813,-0.02342787216080276,0.02724396012043138,0.8823062695821609,0.994898813974576,FALSE,TRUE,Neither,FALSE
MCI_vs_NCI,DLAT,-0.0096437449017067,0.03081831133688517,-0.07004763512200163,0.05076014531858822,0.7543394967399579,0.999386941517418,FALSE,-0.02513941028673161,0.01355310126139367,-0.05180374114291752,0.0015249205694543,0.06453165361160836,0.9843273350061036,FALSE,TRUE,Neither,TRUE
MCI_vs_NCI,DLD,-0.00992181024154145,0.03402377310085756,-0.07660840551922228,0.05676478503613937,0.7705817324402344,0.999386941517418,FALSE,-0.00538521591973887,0.01127131883453686,-0.02756037485887792,0.01678994301940017,0.6331323166297886,0.9878575135411908,FALSE,TRUE,Neither,TRUE
MCI_vs_NCI,DLST,0.00793871564161319,0.02009686200353202,-0.03145113388530956,0.04732856516853594,0.6928261738252804,0.9993299023322568,FALSE,-0.0096361178185611,0.01087747929419968,-0.03103643802483299,0.01176420238771077,0.3763478717709579,0.9843273350061036,FALSE,TRUE,Neither,FALSE
MCI_vs_NCI,DNAJA3,0.01895006486555127,0.02113760080179247,-0.02247963270596198,0.06037976243706451,0.3699805840355114,0.9852322978322308,FALSE,0.0138147293825139,0.00971007647379692,-0.00528884600902449,0.03291830477405231,0.15579011107223825,0.9843273350061036,FALSE,TRUE,Neither,TRUE
MCI_vs_NCI,EARS2,-0.05275211303519599,0.03159865498012244,-0.11468547679623596,0.00918125072584398,0.09502987060663272,0.970212583359905,FALSE,0.03948674055121318,0.02450024219501383,-0.00871496261213777,0.08768844371456413,0.10801467482169848,0.9843273350061036,FALSE,TRUE,Neither,FALSE
MCI_vs_NCI,ECH1,0.04538716934428385,0.02675017143169264,-0.00704316666183373,0.09781750535040144,0.08975230743514985,0.9643741039870624,FALSE,-0.03663014369198814,0.01945317788879154,-0.07490226764553107,0.00164198026155479,0.060607609429333,0.9843273350061036,FALSE,TRUE,Neither,FALSE
MCI_vs_NCI,ECHDC1,0.00834251387556831,0.02810946727930541,-0.0467520419918703,0.06343706974300693,0.7666294186870728,0.999386941517418,FALSE,0.00587739871088557,0.01357746485338411,-0.02083486500326021,0.03258966242503137,0.6653940110538905,0.989066684373769,FALSE,TRUE,Neither,TRUE
MCI_vs_NCI,ECHS1,0.00748839298778986,0.02390984805823301,-0.03937490920634684,0.05435169518192657,0.7541341651412687,0.999386941517418,FALSE,-0.0112326618192218,0.01426364516609542,-0.0392949146268051,0.01682959098836149,0.4315698117152127,0.9843273350061036,FALSE,TRUE,Neither,FALSE
MCI_vs_NCI,ECI1,0.05675180374957249,0.0308552284558278,-0.00372444402385001,0.117228051522995,0.06587211143646253,0.9474893339285684,FALSE,-0.03691559809277683,0.02448911233552666,-0.08509540440388527,0.0112642082183316,0.1326862475636064,0.9843273350061036,FALSE,TRUE,Neither,FALSE
MCI_vs_NCI,ECI2,-0.01382380770675073,0.03720383694222238,-0.0867433281135066,0.05909571270000513,0.71021346892358,0.9993299023322568,FALSE,-0.02595202445964928,0.0219627494737474,-0.06916147203809259,0.01725742311879403,0.2382257243316439,0.9843273350061036,FALSE,TRUE,Neither,TRUE
MCI_vs_NCI,EEF1A1,0.01575312990739523,0.02670043582940911,-0.03657972431824662,0.06808598413303708,0.5551938442031752,0.9962845145837664,FALSE,-0.01493170545980959,0.01817482143498483,-0.05068879475235293,0.02082538383273374,0.41193840517737657,0.9843273350061036,FALSE,TRUE,Neither,FALSE
MCI_vs_NCI,EEF1B2,0.01996252371738262,0.02481873209676028,-0.02868219119226752,0.06860723862703277,0.4212047196288325,0.988208858598697,FALSE,0.00946998300590273,0.01172011532580542,-0.01358813680687548,0.03252810281868096,0.4196838119469233,0.9843273350061036,FALSE,TRUE,Neither,TRUE
MCI_vs_NCI,ENO1,0.0609972568164806,0.02876290367693515,0.0046219656096877,0.11737254802327347,0.03394773870723321,0.9061846796701548,FALSE,6.241604616040175e-4,0.02049726704892816,-0.03970210138055213,0.04095042230376017,0.9757264048782136,0.9985985325836124,FALSE,TRUE,Neither,TRUE
MCI_vs_NCI,ETFA,0.02802520427240024,0.03003537065471596,-0.03084412221084304,0.08689453075564352,0.350782091713597,0.9852322978322308,FALSE,-0.00998048831490967,0.01342969575057553,-0.03640203153847421,0.01644105490865487,0.45792607143311614,0.9843273350061036,FALSE,TRUE,Neither,FALSE
MCI_vs_NCI,ETFB,0.04610507792432088,0.03178784546135702,-0.01619909917993887,0.10840925502858063,0.14694712225267162,0.9808495610186558,FALSE,0.00169248179006309,0.01252593444436181,-0.02295100414468405,0.02633596772481023,0.8926032755272658,0.994898813974576,FALSE,TRUE,Neither,TRUE
MCI_vs_NCI,FAHD1,-0.01464195374727207,0.03347634540236493,-0.08025559073590734,0.05097168324136318,0.6618342743480621,0.9993299023322568,FALSE,-0.0075217971110329,0.0198870121581236,-0.04664744530756022,0.03160385108549442,0.7055127756835067,0.989066684373769,FALSE,TRUE,Neither,TRUE
MCI_vs_NCI,FASTKD5,0.00365605006350775,0.03629929645831949,-0.06749057099479844,0.07480267112181396,0.9197730641042468,0.999386941517418,FALSE,0.00488881130770696,0.02384035243097758,-0.04201462670898017,0.0517922493243941,0.8376519260177389,0.9929345140903668,FALSE,TRUE,Neither,TRUE
MCI_vs_NCI,FDXR,0.06959076515153557,0.04243811682275372,-0.01358794382106172,0.1527694741241329,0.1010431256874178,0.970758583289205,FALSE,-0.02121635982471564,0.02350311314251393,-0.06745631427466267,0.02502359462523137,0.367361146967333,0.9843273350061036,FALSE,TRUE,Neither,FALSE
MCI_vs_NCI,FECH,-0.00911705145621951,0.02857446792749608,-0.06512300859411183,0.04688890568167279,0.7496788464133773,0.999386941517418,FALSE,-0.00340016076319113,0.01438103974706236,-0.03169337531799773,0.02489305379161546,0.8132473452612561,0.9929345140903668,FALSE,TRUE,Neither,TRUE
MCI_vs_NCI,FH,0.03850518552741291,0.03480109609390044,-0.02970496281663195,0.10671533387145776,0.2685378512036462,0.9823523133705192,FALSE,-0.01106578103032873,0.01001962971323058,-0.03077837053861213,0.00864680847795465,0.2702441018359505,0.9843273350061036,FALSE,TRUE,Neither,FALSE
MCI_vs_NCI,FOXRED1,-0.0101392226671,0.02320015772331499,-0.05561153180479738,0.03533308647059737,0.6620877866776422,0.9993299023322568,FALSE,-0.0071176037064578,0.03005600415320516,-0.0662496963175293,0.05201448890461368,0.8129544855877481,0.9929345140903668,FALSE,TRUE,Neither,TRUE
MCI_vs_NCI,GADD45GIP1,0.02508728311898397,0.03582654086655457,-0.04513273697946297,0.09530730321743092,0.4837755852445541,0.9919911954668876,FALSE,-0.00488521648819761,0.01733967823905834,-0.03899924755672332,0.02922881458032808,0.7783276450192115,0.9926008725573188,FALSE,TRUE,Neither,FALSE
MCI_vs_NCI,GAPDH,0.04339935313719096,0.03726546699520753,-0.02964096217341579,0.11643966844779773,0.24418104950336816,0.9823523133705192,FALSE,-0.01166293413319941,0.01413401834432535,-0.03947015951961535,0.01614429125321654,0.4098904875880337,0.9843273350061036,FALSE,TRUE,Neither,FALSE
MCI_vs_NCI,GFM1,-0.01666058776852018,0.0337888802853193,-0.08288679312774602,0.04956561759070566,0.6219567586896189,0.9993299023322568,FALSE,-0.00169808264948728,0.01464041163661162,-0.03050158468347297,0.0271054193844984,0.9077363191773472,0.9980560058626456,FALSE,TRUE,Neither,TRUE
MCI_vs_NCI,GFM2,-0.01396040450195028,0.03281781678229645,-0.07828332539525132,0.05036251639135075,0.6705516523921161,0.9993299023322568,FALSE,-0.05569837727901966,0.03447409239849074,-0.12352260348018627,0.01212584892214695,0.10715246066747083,0.9843273350061036,FALSE,TRUE,Neither,TRUE
MCI_vs_NCI,GLDC,0.05626099592054653,0.0326609664628209,-0.00775449834658243,0.1202764901876755,0.08496523398506918,0.962078023255738,FALSE,0.00683302559881197,0.01520241212944139,-0.02307615452265608,0.03674220572028003,0.6533967225629079,0.989066684373769,FALSE,TRUE,Neither,TRUE
MCI_vs_NCI,GLRX5,-0.00295957663831081,0.02097401512587921,-0.04406864628503408,0.03814949300841244,0.8877855536742335,0.999386941517418,FALSE,-0.01783092233354646,0.02691460843491755,-0.07078264241089918,0.03512079774380624,0.5081273261232016,0.9843273350061036,FALSE,TRUE,Neither,TRUE
MCI_vs_NCI,GLS,-0.00763918395332994,0.04797141582097861,-0.101663158962448,0.08638479105578811,0.8734762480735675,0.999386941517418,FALSE,-0.01490754707524255,0.01740976830797922,-0.04915947313557821,0.0193443789850931,0.39248580964713986,0.9843273350061036,FALSE,TRUE,Neither,TRUE
MCI_vs_NCI,GLUD1,0.02909196604085036,0.04168032190415806,-0.05260146489129944,0.11078539697300016,0.48519067770043695,0.9919911954668876,FALSE,-0.03026664210221619,0.01677597945702543,-0.06327165387416439,0.00273836966973201,0.0721445736967853,0.9843273350061036,FALSE,TRUE,Neither,FALSE
MCI_vs_NCI,GNG12,0.07209600692438707,0.0516211503609296,-0.02908144778303495,0.1732734616318091,0.1625227675876041,0.9808495610186558,FALSE,0.02623380293912769,0.0197253021661169,-0.01257369750313615,0.06504130338139154,0.1844785942532737,0.9843273350061036,FALSE,TRUE,Neither,TRUE
MCI_vs_NCI,GOT2,0.02175114149832198,0.03515134940601865,-0.04714550333747457,0.09064778633411852,0.5360577472906887,0.9952794590016198,FALSE,0.01965520564366005,0.02300188451688289,-0.0255986331084365,0.06490904439575661,0.3934642924435985,0.9843273350061036,FALSE,TRUE,Neither,TRUE
MCI_vs_NCI,GPT2,0.03273535718396186,0.05124110893832734,-0.06769721633515972,0.13316793070308347,0.5229208383683179,0.9943345602039436,FALSE,-0.01269378916248492,0.02329044794866065,-0.05851534674656836,0.03312776842159851,0.5861181389170631,0.9843273350061036,FALSE,TRUE,Neither,FALSE
MCI_vs_NCI,GRPEL1,0.0109065536936958,0.02809325205328909,-0.04415622033075083,0.06596932771814244,0.6978481928318621,0.9993299023322568,FALSE,-0.01253580944745039,0.01352514068401516,-0.03914513074738998,0.0140735118524892,0.35470092219001736,0.9843273350061036,FALSE,TRUE,Neither,FALSE
MCI_vs_NCI,GRSF1,-0.00389393403985528,0.02194436577212762,-0.04690489095322543,0.03911702287351485,0.8591582885591504,0.999386941517418,FALSE,-0.02287067870848802,0.01267213463210366,-0.04780179845501001,0.00206044103803396,0.07204481792667997,0.9843273350061036,FALSE,TRUE,Neither,TRUE
MCI_vs_NCI,GSR,-0.03974658154491529,0.02360265369281813,-0.08600778278283883,0.00651461969300824,0.09218402097607371,0.965675294497363,FALSE,-0.01194784196507975,0.01094400652503396,-0.03347904764617385,0.00958336371601434,0.2757745383875633,0.9843273350061036,FALSE,TRUE,Neither,TRUE
MCI_vs_NCI,GSTK1,0.01085206621619853,0.01558785600453651,-0.01970013155269303,0.0414042639850901,0.4863115869678129,0.9919911954668876,FALSE,-0.01100527883491414,0.01294279530130651,-0.03646889557191751,0.01445833790208921,0.3957925371018885,0.9843273350061036,FALSE,TRUE,Neither,FALSE
MCI_vs_NCI,GUF1,-0.03229539504097316,0.0278961973505081,-0.08697194184796903,0.02238115176602271,0.2469869614973313,0.9823523133705192,FALSE,0.00813274879793888,0.01779384713072732,-0.02687481278869377,0.04314031038457154,0.6479420253318005,0.989066684373769,FALSE,TRUE,Neither,FALSE
MCI_vs_NCI,HADH,0.02890559173058812,0.02953753233161242,-0.02898797163937222,0.08679915510054848,0.3277749384198742,0.9852322978322308,FALSE,-0.0164952186987449,0.01526601717652031,-0.0465295351994612,0.01353909780197139,0.28072401509642314,0.9843273350061036,FALSE,TRUE,Neither,FALSE
MCI_vs_NCI,HADHA,0.02589637733927917,0.029731869730914,-0.032378087333312273,0.08417084201187061,0.383755644229119,0.9862987150400844,FALSE,-0.00520885242049773,0.01317138267677433,-0.0311221912758168,0.02070448643482133,0.6927612047230242,0.989066684373769,FALSE,TRUE,Neither,FALSE
MCI_vs_NCI,HADHB,0.04919137423842302,0.04357874526049656,-0.03622296647215024,0.13460571494899629,0.25898524722354743,0.9823523133705192,FALSE,-0.00980876687542866,0.01443070240105571,-0.03819968758705762,0.01858215383620029,0.4971757205009903,0.9843273350061036,FALSE,TRUE,Neither,FALSE
MCI_vs_NCI,HAGH,0.01736579791289956,0.02578865928966815,-0.03317997429485,0.06791157012064913,0.5006998837800964,0.9919911954668876,FALSE,0.00275347039676193,0.01113243364762242,-0.01914844624133575,0.02465538703485963,0.804805340387984,0.9929345140903668,FALSE,TRUE,Neither,TRUE
MCI_vs_NCI,HARS2,0.00666698463212907,0.01491546791140088,-0.02256733247421665,0.0359013017384748,0.6548861706935316,0.9993299023322568,FALSE,5.39265899463232e-4,0.01256314119982552,-0.02417742049462051,0.02525595229354698,0.9657885025239256,0.9985985325836124,FALSE,TRUE,Neither,TRUE
MCI_vs_NCI,HIBCH,-0.01257914595760456,0.04066020900388519,-0.09227315560521952,0.06711486369001039,0.7570382719742996,0.999386941517418,FALSE,-0.05737742860893349,0.02398294942399856,-0.10456141152288628,-0.0101934456949807,0.01731329327405366,0.9843273350061036,FALSE,TRUE,Neither,TRUE
MCI_vs_NCI,HINT2,0.07514162153403543,0.03379840128459274,0.00889675501623367,0.14138648805183718,0.02620029121006089,0.8720272239403176,FALSE,0.00308735643517946,0.01160963721314183,-0.01975340906941395,0.02592812193977288,0.7904638180438766,0.9926008725573188,FALSE,TRUE,Neither,TRUE
MCI_vs_NCI,HSD17B10,0.03872129415245556,0.03146098007973781,-0.02294222680383054,0.10038481510874168,0.2184081413572267,0.9823341948993984,FALSE,0.00319586453745544,0.01148942589987359,-0.01940839758921578,0.02580012666412667,0.7810712707640776,0.9926008725573188,FALSE,TRUE,Neither,TRUE
MCI_vs_NCI,HSD17B8,0.03309593882142331,0.05988400329805756,-0.08427670764276951,0.15046858528561613,0.5804911525956102,0.9988231107225995,FALSE,0.00212636409715843,0.01856511254599819,-0.03439858275902109,0.03865131095333797,0.9088850756674904,0.9980560058626456,FALSE,TRUE,Neither,TRUE
MCI_vs_NCI,HSP90AA1,-0.00597265466482998,0.04857365041564495,-0.1011770094794941,0.08923170014983411,0.9021381434764852,0.999386941517418,FALSE,-0.00785925631786377,0.01715143904368163,-0.04160294615681981,0.02588443352109226,0.6470998907845025,0.989066684373769,FALSE,TRUE,Neither,TRUE
MCI_vs_NCI,HSP90AB1,-0.00521792194693472,0.0356063790985912,-0.07500642498017347,0.06457058108630402,0.8834914983034208,0.999386941517418,FALSE,0.00205879970984912,0.01830499587482199,-0.03395439438600766,0.03807199380570591,0.9105196056305116,0.9980560058626456,FALSE,TRUE,Neither,FALSE
MCI_vs_NCI,HSPA5,-0.04086163072664763,0.06507868224803315,-0.16841584793279257,0.08669258647949733,0.530082274673231,0.995250106371848,FALSE,-0.00909762083792764,0.01250126245168966,-0.03369256716813677,0.01549732549228147,0.46730666518273567,0.9843273350061036,FALSE,TRUE,Neither,TRUE
MCI_vs_NCI,HSPA9,0.03264296980531044,0.02660991667786998,-0.01951246688331472,0.08479840649393561,0.2199271016857151,0.9823341948993984,FALSE,-0.01496115266231241,0.0120641061088862,-0.03869603891213276,0.00877373358750792,0.21583207112450248,0.9843273350061036,FALSE,TRUE,Neither,FALSE
MCI_vs_NCI,IARS2,0.01943706581032733,0.03483728959878616,-0.04884402180329353,0.0877181534239482,0.5768863665789116,0.9978040551039904,FALSE,-0.01250395857720287,0.00891387324664841,-0.03004108612274713,0.00503316896834137,0.16165904816586166,0.9843273350061036,FALSE,TRUE,Neither,FALSE
MCI_vs_NCI,IBA57,-0.01603884698526399,0.03490890595624665,-0.08446030265950744,0.05238260868897945,0.6459120751268816,0.9993299023322568,FALSE,-0.01556948392204042,0.01163039533620595,-0.03845108889581951,0.00731212105173866,0.18162114329590076,0.9843273350061036,FALSE,TRUE,Neither,TRUE
MCI_vs_NCI,IDH2,-0.01303509223287837,0.04586247745311855,-0.10292554804099072,0.076855363575234,0.7762408054353876,0.999386941517418,FALSE,-0.04658664259099807,0.0164284149950156,-0.07890785708067544,-0.01426542810132069,0.00486281420877765,0.9843273350061036,FALSE,TRUE,Neither,TRUE
MCI_vs_NCI,IDH3A,0.02917723622003883,0.04851713540617432,-0.06591634917606284,0.1242708216161405,0.5475868982915832,0.996073213431669,FALSE,-0.03013457101174377,0.01757889090873124,-0.06471922837060193,0.00445008634711437,0.08745051412452515,0.9843273350061036,FALSE,TRUE,Neither,FALSE
MCI_vs_NCI,IDH3G,0.03034287088391325,0.03014608328797896,-0.02874345236052551,0.08942919412835203,0.31416174580159467,0.9834808550683296,FALSE,-0.02170738088610224,0.01324411308121412,-0.04776380932142841,0.00434904754922392,0.10219055273453376,0.9843273350061036,FALSE,TRUE,Neither,FALSE
MCI_vs_NCI,IGHG2,0.3122211572540568,0.19227965170064132,-0.06464696007920018,0.6890892745873138,0.10442132162913366,0.970758583289205,FALSE,0.05566904977498477,0.08617528393116662,-0.11387194590190455,0.2252100454518741,0.5187432251067062,0.9843273350061036,FALSE,TRUE,Neither,TRUE
MCI_vs_NCI,IMMT,-0.00299429117833089,0.0321269917027415,-0.06596319491570424,0.05997461255904243,0.9257433007262016,0.999386941517418,FALSE,-0.01020574372542368,0.01122781564286408,-0.03229531461547412,0.01188382716462675,0.3640494902930238,0.9843273350061036,FALSE,TRUE,Neither,TRUE
MCI_vs_NCI,KPNB1,0.01349501327223082,0.01301766050059898,-0.01201960130894318,0.03900962785340484,0.2998898511942019,0.982385205890818,FALSE,-0.01003877521896082,0.00907530628808301,-0.02789350564704192,0.00781595520912028,0.2694856406195893,0.9843273350061036,FALSE,TRUE,Neither,FALSE
MCI_vs_NCI,LAP3,-0.0264835298465927,0.05940641789146483,-0.14292010891386375,0.08995304922067836,0.6557399129310788,0.9993299023322568,FALSE,-0.02808221925182308,0.02752574211823349,-0.0822362819085612,0.02607184340491504,0.3083955974651822,0.9843273350061036,FALSE,TRUE,Neither,TRUE
MCI_vs_NCI,LETM1,-0.00230020266386134,0.02225636124386267,-0.04592267070183217,0.04132226537410949,0.917684918163663,0.999386941517418,FALSE,0.00791891841566922,0.01238089995377035,-0.01643922709638771,0.03227706392772616,0.5228848389555515,0.9843273350061036,FALSE,TRUE,Neither,FALSE
MCI_vs_NCI,LONP1,0.04022372931180199,0.02529824185734318,-0.00936082472859065,0.08980828335219464,0.11183903952307232,0.9729132312908256,FALSE,-0.0153413143448544,0.01241491650994755,-0.03976638392772019,0.00908375523801138,0.21746945197181924,0.9843273350061036,FALSE,TRUE,Neither,FALSE
MCI_vs_NCI,LRPPRC,-0.00116479645610125,0.03023612473871292,-0.06042760094397857,0.05809800803177607,0.969270424180548,0.999386941517418,FALSE,-0.01909711160314289,0.01775631920532559,-0.05403084086166417,0.01583661765537838,0.28295549791865604,0.9843273350061036,FALSE,TRUE,Neither,TRUE
MCI_vs_NCI,LYRM7,-0.07095994959432723,0.03616313126028061,-0.14183968686447723,-8.021232417723678e-5,0.04973710112472544,0.9322490735224904,FALSE,-0.02647766687374414,0.01917160406108972,-0.06419582332143875,0.01124048957395047,0.16821464855183887,0.9843273350061036,FALSE,TRUE,Neither,TRUE
MCI_vs_NCI,MCCC2,-0.00435826567730077,0.03484593933267886,-0.07265630676935135,0.06393977541474978,0.9004662238803189,0.999386941517418,FALSE,-0.00769316097212835,0.01177470926008649,-0.03085868872780728,0.01547236678355057,0.5139908692839712,0.9843273350061036,FALSE,TRUE,Neither,TRUE
MCI_vs_NCI,MDH2,0.00296116712764695,0.03769895884829542,-0.07092879221501205,0.07685112647030598,0.9373923752525304,0.999386941517418,FALSE,-0.01139489911140684,0.01416762618403561,-0.0392682444610779,0.01647844623826421,0.42182520316674454,0.9843273350061036,FALSE,TRUE,Neither,FALSE
MCI_vs_NCI,ME2,-0.01431782044254462,0.03628776077944249,-0.0854418315702519,0.05680619068516265,0.6931651662007137,0.9993299023322568,FALSE,-0.00201582849465066,0.01312578570147585,-0.02783945999724278,0.02380780300794145,0.8780393897279325,0.994898813974576,FALSE,TRUE,Neither,TRUE
MCI_vs_NCI,MIPEP,-0.00744308892032619,0.0294244024249234,-0.06511491767317606,0.05022873983252368,0.8003019576550231,0.999386941517418,FALSE,0.01565958824116142,0.01804904139097744,-0.01985004176927116,0.05116921825159401,0.3862555235531714,0.9843273350061036,FALSE,TRUE,Neither,FALSE
MCI_vs_NCI,MMAB,0.02195463179877472,0.0272680760668916,-0.03149079729233282,0.07540006088988227,0.4207386197133855,0.988208858598697,FALSE,-9.315388877108032e-4,0.03590760745831773,-0.07157605832695961,0.069712980551538,0.9793192260642902,0.9985985325836124,FALSE,TRUE,Neither,FALSE
MCI_vs_NCI,MOGS,0.03396327905293556,0.01934572811905851,-0.00395434806041912,0.07188090616629024,0.07915744972392882,0.9525627319494424,FALSE,0.01446087431943894,0.00749481489159557,-2.8440206572572825e-4,0.0292061507046036,0.05455790386753364,0.9843273350061036,FALSE,TRUE,Neither,TRUE
MCI_vs_NCI,MRPL14,0.04033781792465366,0.02609959161917005,-0.01081738164891964,0.09149301749822696,0.12221704320946968,0.9765723360577504,FALSE,0.00455436750034243,0.02227854832917313,-0.03927638180105504,0.04838511680173991,0.8381485749168973,0.9929345140903668,FALSE,TRUE,Neither,TRUE
MCI_vs_NCI,MRPL15,4.6898900601291034e-4,0.03014632332370476,-0.05861780470844843,0.05955578272047425,0.9875877403196464,0.999386941517418,FALSE,-0.00898825775929401,0.02025035435472019,-0.04882874430589418,0.03085222878730615,0.6574457679856868,0.989066684373769,FALSE,TRUE,Neither,FALSE
MCI_vs_NCI,MRPL19,-0.00260236756008539,0.02624538901133566,-0.0540433300223033,0.04883859490213251,0.9210150216211866,0.999386941517418,FALSE,-0.01669786820725172,0.02082732427293895,-0.05767348364403989,0.02427774722953645,0.42330408718373536,0.9843273350061036,FALSE,TRUE,Neither,TRUE
MCI_vs_NCI,MRPL22,0.03126762469188633,0.0237107463445365,-0.01520543814340522,0.07774068752717789,0.1872657102481531,0.9808495610186558,FALSE,-0.00746677793341407,0.0156044522359534,-0.03816693055709672,0.02323337469026857,0.6326186179427701,0.9878575135411908,FALSE,TRUE,Neither,FALSE
MCI_vs_NCI,MRPL3,-0.00899036853619765,0.03122308585821024,-0.07018761681828972,0.05220687974589442,0.7733928342068971,0.999386941517418,FALSE,-0.02259441375985815,0.02151567317712304,-0.06492428477045661,0.0197354572507403,0.2944465048407209,0.9843273350061036,FALSE,TRUE,Neither,TRUE
MCI_vs_NCI,MRPL37,0.0108031477321844,0.02705169223600323,-0.04221816905038193,0.06382446451475074,0.6896338476025545,0.9993299023322568,FALSE,-0.00545381850794662,0.01714799326767289,-0.03919072913749653,0.02828309212160328,0.7506586965073152,0.9895621412840256,FALSE,TRUE,Neither,FALSE
MCI_vs_NCI,MRPL39,0.04234928544103308,0.02302474647491264,-0.00277921764979569,0.08747778853186186,0.06587190784648601,0.9474893339285684,FALSE,-0.00871716682756823,0.01784049146274732,-0.04381649633340694,0.02638216267827047,0.6254472216184945,0.986671684318765,FALSE,TRUE,Neither,FALSE
MCI_vs_NCI,MRPL4,-0.03007501344073043,0.02367762970195262,-0.07648316765655758,0.01633314077509671,0.20401808734769997,0.9816370903251233,FALSE,-0.04537094675802589,0.02166327763366465,-0.08799121433463276,-0.00275067918141901,0.03701232742159623,0.9843273350061036,FALSE,TRUE,Neither,TRUE
MCI_vs_NCI,MRPL44,-0.05397464460756402,0.03361535914376992,-0.11986074852935304,0.01191145931422501,0.10834989644750814,0.9721800704084946,FALSE,-0.00828965957539129,0.02012403392402599,-0.04788162368473051,0.03130230453394792,0.6806674551873328,0.989066684373769,FALSE,TRUE,Neither,TRUE
MCI_vs_NCI,MRPL47,0.01077429146135468,0.02499526492909801,-0.03821642779967742,0.05976501072238678,0.6664296148967531,0.9993299023322568,FALSE,-0.01764592674666462,0.02139906822603788,-0.05974638952550577,0.02445453603217651,0.4102055326819915,0.9843273350061036,FALSE,TRUE,Neither,FALSE
MCI_vs_NCI,MRPL48,0.04145369050431092,0.02318834158805385,-0.00399545900827463,0.08690284001689647,0.07382517185596103,0.9474893339285684,FALSE,-0.02076485885362855,0.01984257040804426,-0.05980307248406737,0.01827335477681026,0.2961283004662049,0.9843273350061036,FALSE,TRUE,Neither,FALSE
MCI_vs_NCI,MRPL49,0.01575113433765296,0.02254835671064734,-0.02844364481521583,0.05994591349052176,0.4848338614654474,0.9919911954668876,FALSE,-0.0020637895981902,0.01780459258531412,-0.03709249176001494,0.03296491256363453,0.9077938603656326,0.9980560058626456,FALSE,TRUE,Neither,FALSE
MCI_vs_NCI,MRPL53,-0.0427538546179728,0.0376381321173019,-0.11652459356788453,0.03101688433193891,0.25599063003104877,0.9823523133705192,FALSE,-0.00325213695031628,0.02362362155430532,-0.04972917928893068,0.04322490538829811,0.8905919678393643,0.994898813974576,FALSE,TRUE,Neither,TRUE
MCI_vs_NCI,MRPS12,7.516641162615178e-4,0.02749076404037106,-0.05313023340286576,0.0546335616353888,0.978186620342452,0.999386941517418,FALSE,0.00916648764082442,0.02238234526714778,-0.03486847144567213,0.05320144672732098,0.6824164070518057,0.989066684373769,FALSE,TRUE,Neither,TRUE
MCI_vs_NCI,MRPS15,0.01305915788807186,0.02118937077755063,-0.02847200883592739,0.05459032461207111,0.5376919087770043,0.9953673040877696,FALSE,-0.00411721222942074,0.02051709208935265,-0.04448247779677014,0.03624805333792866,0.8410821585461493,0.9929345140903668,FALSE,TRUE,Neither,FALSE
MCI_vs_NCI,MRPS16,-0.03698099523890522,0.03418455585166792,-0.10398272470817436,0.03002073423036389,0.2793395511052662,0.982385205890818,FALSE,-0.01330841098560409,0.02103176693666829,-0.05468624630710068,0.02806942433589249,0.5273309317613768,0.9843273350061036,FALSE,TRUE,Neither,TRUE
MCI_vs_NCI,MRPS2,0.02497645015565244,0.02022469972973394,-0.01466396131462607,0.06461686162593097,0.21684990042296717,0.9823341948993984,FALSE,0.02862280255182603,0.02081589535441101,-0.01233032766485791,0.06957593276850998,0.170078267510923,0.9843273350061036,FALSE,TRUE,Neither,TRUE
MCI_vs_NCI,MRPS22,0.00459366769329425,0.0248830418237769,-0.04417709428130848,0.05336442966789698,0.8535346474007862,0.999386941517418,FALSE,-0.0089302404382503,0.02428941530703178,-0.05671716341320657,0.03885668253670597,0.7133697450958159,0.989066684373769,FALSE,TRUE,Neither,FALSE
MCI_vs_NCI,MRPS23,0.02370670627169175,0.03357283579384626,-0.04209605188424691,0.08950946442763043,0.4801087835415073,0.9919911954668876,FALSE,-0.01067446594455379,0.02190904032514652,-0.05377824630479535,0.03242931441568777,0.6264374923178062,0.986671684318765,FALSE,TRUE,Neither,FALSE
MCI_vs_NCI,MRPS25,-0.0141584299487418,0.01693793719884141,-0.04735678685847096,0.01903992696098735,0.40321088858415105,0.988208858598697,FALSE,-0.00348884623545497,0.01890376434308808,-0.04068005562361816,0.0337023631527082,0.8536922933178135,0.9939634015931288,FALSE,TRUE,Neither,TRUE
MCI_vs_NCI,MRPS26,-0.00549200916013499,0.02732504509835217,-0.05904909755290524,0.04806507923263527,0.8407078714914038,0.999386941517418,FALSE,0.00322303758746592,0.01647542338089841,-0.02919066105989755,0.03563673623482939,0.8450261568423085,0.9929345140903668,FALSE,TRUE,Neither,FALSE
MCI_vs_NCI,MRPS27,-0.00360329427933251,0.02611574887988776,-0.05479016208391252,0.04758357352524751,0.8902609676999975,0.999386941517418,FALSE,0.00873208420965804,0.02178734700173354,-0.03413227707033835,0.05159644548965443,0.6888441699267779,0.989066684373769,FALSE,TRUE,Neither,FALSE
MCI_vs_NCI,MRPS31,-0.03553995046124211,0.01892883834693138,-0.07264047362122761,0.00156057269874339,0.06044195541002165,0.9474893339285684,FALSE,-0.01835667445735978,0.02102881496888757,-0.05972870208628004,0.02301535317156048,0.38335531797689415,0.9843273350061036,FALSE,TRUE,Neither,TRUE
MCI_vs_NCI,MRPS35,-8.414745481744479e-4,0.02555908177168374,-0.05093727482067457,0.04925432572432568,0.973736212941788,0.999386941517418,FALSE,0.00896987872518961,0.02366561054399076,-0.03758977262605563,0.05552953007643486,0.7049197496744707,0.989066684373769,FALSE,TRUE,Neither,FALSE
MCI_vs_NCI,MRPS5,0.02283574299298029,0.02666541866180196,-0.02942847758415155,0.07509996357011214,0.3917873797782397,0.9866354261154828,FALSE,0.01207899733369741,0.01885092550840888,-0.02500825708926862,0.04916625175666345,0.522134029895279,0.9843273350061036,FALSE,TRUE,Neither,TRUE
MCI_vs_NCI,MRPS6,0.0463713259040768,0.05190189639130088,-0.05535639102287294,0.14809904283102654,0.37162060395291335,0.9852322978322308,FALSE,-0.00892581376528911,0.01574008664874881,-0.03989281312674116,0.02204118559616293,0.571060190912011,0.9843273350061036,FALSE,TRUE,Neither,FALSE
MCI_vs_NCI,MRPS9,0.0182607036634341,0.02478779367425158,-0.030323371938099,0.06684477926496721,0.46131619129351326,0.9919911954668876,FALSE,-0.01259400296744139,0.02032742711609583,-0.05258612223408727,0.02739811629920447,0.5359897814333341,0.9843273350061036,FALSE,TRUE,Neither,FALSE
MCI_vs_NCI,MTHFD1L,0.02779280202209985,0.0332184863962521,-0.03731543131455425,0.09290103535875396,0.40277993137309953,0.988208858598697,FALSE,0.00721198525615807,0.01660590712540834,-0.02545842671960631,0.03988239723192246,0.6643612418305722,0.989066684373769,FALSE,TRUE,Neither,TRUE
MCI_vs_NCI,MTPAP,-0.05257128094690365,0.02802045552123112,-0.10749137376851664,0.00234881187470934,0.06063123999107638,0.9474893339285684,FALSE,-0.0074467343021029,0.01522545444404234,-0.03740124780434942,0.02250777920014361,0.6251072507023587,0.986671684318765,FALSE,TRUE,Neither,TRUE
MCI_vs_NCI,NADK2,0.03333913844293444,0.03388502620318896,-0.03307551291531592,0.0997537898011848,0.32516960087972746,0.9852322978322308,FALSE,-0.01153393991838031,0.01181778831539795,-0.03478422127854005,0.01171634144177943,0.32981018407018936,0.9843273350061036,FALSE,TRUE,Neither,FALSE
MCI_vs_NCI,NARS2,-4.6385700100960465e-5,0.03202103380762906,-0.06280761196305393,0.06271484056285201,0.9988441840687944,0.9997908275386664,FALSE,0.00471899822449564,0.01369305571858702,-0.02222067861187794,0.03165867506086924,0.730600862747502,0.989066684373769,FALSE,TRUE,Neither,FALSE
MCI_vs_NCI,NDUFA10,-0.02112363554632336,0.02150023112324736,-0.06326408854788819,0.02101681745524146,0.3258614049719123,0.9852322978322308,FALSE,-0.0304624386827311,0.01706011909199936,-0.06402646592207512,0.00310158855661291,0.07511098927553728,0.9843273350061036,FALSE,TRUE,Neither,TRUE
MCI_vs_NCI,NDUFA13,0.01511991392500287,0.05255288988757527,-0.08788375025464466,0.11812357810465042,0.7735698712367027,0.999386941517418,FALSE,-0.01978846085938133,0.01560951650189792,-0.05049857690472549,0.01092165518596282,0.2058194480855138,0.9843273350061036,FALSE,TRUE,Neither,FALSE
MCI_vs_NCI,NDUFA2,0.02811141889075904,0.02604708124683281,-0.02294086035303327,0.07916369813455135,0.2804744742410539,0.982385205890818,FALSE,-0.01744518992180799,0.01612026314079172,-0.04916014737580763,0.01426976753219163,0.2799819875746956,0.9843273350061036,FALSE,TRUE,Neither,FALSE
MCI_vs_NCI,NDUFA6,0.02675994372057592,0.02165966465765948,-0.01569299900843665,0.0692128864495885,0.21665429840540112,0.9823341948993984,FALSE,-0.01823225477706855,0.01747340560114383,-0.05260938065750492,0.01614487110336782,0.2975365084108039,0.9843273350061036,FALSE,TRUE,Neither,FALSE
MCI_vs_NCI,NDUFA8,0.03351788253360977,0.02957127972210467,-0.02444182572171539,0.09147759078893494,0.25702084847133494,0.9823523133705192,FALSE,-0.02041376789454926,0.01801667314955909,-0.05585971672369604,0.0150321809345975,0.25804110880793085,0.9843273350061036,FALSE,TRUE,Neither,FALSE
MCI_vs_NCI,NDUFA9,0.02772782408554369,0.02521459336185468,-0.02169277890369148,0.07714842707477887,0.2714743365922181,0.9823523133705192,FALSE,-0.01566933869326769,0.02349252087915712,-0.06188845395598998,0.03054977656945459,0.5052569682152788,0.9843273350061036,FALSE,TRUE,Neither,FALSE
MCI_vs_NCI,NDUFAF3,0.0403042749352688,0.02528262960768805,-0.00924967909579977,0.08985822896633738,0.11090269961091602,0.972737084041218,FALSE,-0.02614022943102417,0.01883324498225235,-0.06319269923974905,0.01091224037770068,0.1661067015444397,0.9843273350061036,FALSE,TRUE,Neither,FALSE
MCI_vs_NCI,NDUFAF7,-0.06383145838072754,0.022170926562321,-0.1072864744428767,-0.02037644231857837,0.00398860698851292,0.7120807219960791,FALSE,-0.03454858142973366,0.01879971361058182,-0.07153508171819592,0.00243791885872859,0.06702985507386863,0.9843273350061036,FALSE,TRUE,Neither,TRUE
MCI_vs_NCI,NDUFB1,0.01187655174706158,0.03272874465101184,-0.05227178776892163,0.07602489126304479,0.7166957855029589,0.9993299023322568,FALSE,-3.901320320634505e-4,0.01847229666673094,-0.03673247320517771,0.03595220914105081,0.98316320358336,0.9985985325836124,FALSE,TRUE,Neither,FALSE
MCI_vs_NCI,NDUFB10,0.0373897889230884,0.02347625230138474,-0.00862366558762568,0.0834032434338025,0.11123552051026164,0.9729132312908256,FALSE,-0.02088995934752666,0.0139836071711591,-0.0484012662420476,0.00662134754699428,0.13618890196636538,0.9843273350061036,FALSE,TRUE,Neither,FALSE
MCI_vs_NCI,NDUFS1,-0.06618818744484975,0.03309074751849665,-0.1310460525811032,-0.00133032230859631,0.04547842960573743,0.9224662108809822,FALSE,-0.02799546510433076,0.0150738599203108,-0.05765173199432198,0.00166080178566044,0.06419756807996907,0.9843273350061036,FALSE,TRUE,Neither,TRUE
MCI_vs_NCI,NDUFS2,0.0637228141259372,0.0250636828100649,0.01459799581820997,0.1128476324336644,0.01100827007666381,0.8189101678459164,FALSE,-0.02655122789035863,0.01535302636601649,-0.05675672601006448,0.00365427022934721,0.08470429755815168,0.9843273350061036,FALSE,TRUE,Neither,FALSE
MCI_vs_NCI,NDUFS3,0.03700088428297576,0.02485406692884985,-0.01171308689756995,0.08571485546352148,0.1365596559499501,0.9808495610186558,FALSE,-0.01690039835763146,0.01518112601541185,-0.04676770024206878,0.01296690352680585,0.26643544006322045,0.9843273350061036,FALSE,TRUE,Neither,FALSE
MCI_vs_NCI,NDUFS4,-0.00136817140466855,0.03287712963797787,-0.06580734549510517,0.06307100268576807,0.9668058661774438,0.999386941517418,FALSE,-0.02322547658731756,0.01638602285906543,-0.0554632889156095,0.00901233574097437,0.15733917703893952,0.9843273350061036,FALSE,TRUE,Neither,TRUE
MCI_vs_NCI,NDUFV1,0.03121145830228185,0.0273281865139181,-0.02235178726499762,0.08477470386956133,0.25341342142862705,0.9823523133705192,FALSE,-0.02086401281507781,0.01547678287314132,-0.05131298911648825,0.00958496348633262,0.1785836330085085,0.9843273350061036,FALSE,TRUE,Neither,FALSE
MCI_vs_NCI,NDUFV2,-0.04912770703180826,0.03969101359024242,-0.1269220936686834,0.02866667960506688,0.21580732515333104,0.9823341948993984,FALSE,-0.02166874520120731,0.01732920106313591,-0.05576216350518223,0.01242467310276759,0.2120594864130475,0.9843273350061036,FALSE,TRUE,Neither,TRUE
MCI_vs_NCI,NFS1,0.00985967433931683,0.02145859394275702,-0.03219916978848693,0.05191851846712059,0.6458935395098124,0.9993299023322568,FALSE,-0.02710798898924767,0.01255658364179284,-0.05181177406328519,-0.00240420391521014,0.0316027531765445,0.9843273350061036,FALSE,TRUE,Neither,FALSE
MCI_vs_NCI,NFU1,0.01506596651492292,0.02822268979891763,-0.04025050549095564,0.07038243852080149,0.5934628819267823,0.9991426287801564,FALSE,-0.03032489659852882,0.01605231306004813,-0.06190616926705337,0.00125637606999572,0.05977750645779603,0.9843273350061036,FALSE,TRUE,Neither,FALSE
MCI_vs_NCI,NIPSNAP1,0.01964396506897436,0.03185130072315888,-0.04278458434841704,0.08207251448636578,0.5374063601969155,0.9953673040877696,FALSE,-0.0190403571179471,0.01669516084479845,-0.05188636659409631,0.0138056523582021,0.2549418043334365,0.9843273350061036,FALSE,TRUE,Neither,FALSE
MCI_vs_NCI,NIPSNAP3A,0.0326992807009227,0.03036733790043831,-0.02682070158393638,0.0922192629857818,0.2815735799391382,0.982385205890818,FALSE,-0.00437543892947589,0.03459333278035586,-0.07243425830102825,0.06368338044207646,0.8994296310534309,0.9958338746021304,FALSE,TRUE,Neither,FALSE
MCI_vs_NCI,NSUN2,-0.00229525091436684,0.0372024631173976,-0.07521207862446615,0.07062157679573246,0.9508047595443176,0.999386941517418,FALSE,0.00531506207432308,0.01449029583808358,-0.02319310258694671,0.03382322673559288,0.7140092639033586,0.989066684373769,FALSE,TRUE,Neither,FALSE
MCI_vs_NCI,OAT,-0.00182357890426554,0.03808959746838762,-0.07647918994230528,0.07283203213377419,0.9618150387261154,0.999386941517418,FALSE,-0.00267156702282678,0.01652023372407811,-0.03517342540524117,0.02983029135958761,0.871632361790332,0.994898813974576,FALSE,TRUE,Neither,TRUE
MCI_vs_NCI,OGDH,0.03355557922939013,0.01604269161422542,0.00211190366550829,0.06499925479327197,0.03647048741868745,0.9125361110935968,FALSE,-0.03097212044935271,0.0302682367304998,-0.09052175879776514,0.02857751789905972,0.3069594533749665,0.9843273350061036,FALSE,TRUE,Neither,FALSE
MCI_vs_NCI,P4HB,0.0203580115627,0.01947028677490136,-0.01780375051610667,0.05851977364150667,0.2957486028876033,0.982385205890818,FALSE,-0.00949332458834231,0.01008593321508364,-0.02933635940771992,0.01034971023103528,0.3472890480858536,0.9843273350061036,FALSE,TRUE,Neither,FALSE
MCI_vs_NCI,PC,0.04257478889874645,0.02850757501221515,-0.01330005812519524,0.09844963592268816,0.1353180475769895,0.9808495610186558,FALSE,0.00392075530688396,0.01169264688293367,-0.01908332317360355,0.02692483378737147,0.7376046765151419,0.9895621412840256,FALSE,TRUE,Neither,TRUE
MCI_vs_NCI,PCCB,0.00800609797988111,0.03894585300060787,-0.06832777390131031,0.08433996986107253,0.8371268340175406,0.999386941517418,FALSE,-0.00898204576665827,0.01237727219222236,-0.03333305403150387,0.01536896249818732,0.4685594917061364,0.9843273350061036,FALSE,TRUE,Neither,FALSE
MCI_vs_NCI,PCK2,0.02464070401415371,0.0482461778415062,-0.06992180455519845,0.11920321258350589,0.6095410946499196,0.9993299023322568,FALSE,0.02268480626725597,0.02274972162032512,-0.02207292795689586,0.0674425404914078,0.3194459906706669,0.9843273350061036,FALSE,TRUE,Neither,TRUE
MCI_vs_NCI,PCMT1,0.00404315325232634,0.04928243418181385,-0.0925504177440288,0.10063672424868148,0.934614544581476,0.999386941517418,FALSE,-0.01298577231638872,0.01190244453269886,-0.03640260606508368,0.01043106143230622,0.27608521777516715,0.9843273350061036,FALSE,TRUE,Neither,FALSE
MCI_vs_NCI,PDHA1,0.01628343985003286,0.02463002742035329,-0.03199141389385959,0.06455829359392531,0.5085344197034327,0.9919911954668876,FALSE,-0.02486397232738084,0.0127953754154842,-0.05003755562225651,3.096109674948222e-4,0.05286772259590542,0.9843273350061036,FALSE,TRUE,Neither,FALSE
MCI_vs_NCI,PDHB,0.0140762273656356,0.02551187708474847,-0.0359270517204714,0.06407950645174261,0.5811183271150105,0.9988786495857194,FALSE,-0.03734457476600653,0.0156016814832449,-0.06803927621910356,-0.00664987331290949,0.01725781872730969,0.9843273350061036,FALSE,TRUE,Neither,FALSE
MCI_vs_NCI,PDHX,-0.0040789782364331504,0.02729530837143435,-0.05757778264444449,0.04941982617157818,0.8812073943582461,0.999386941517418,FALSE,-0.01614596632813511,0.01214164994506811,-0.04003341208916505,0.00774147943289482,0.1845302550965599,0.9843273350061036,FALSE,TRUE,Neither,TRUE
MCI_vs_NCI,PDIA6,0.0056522277592224,0.05739537772511118,-0.10684271258199551,0.11814716810044032,0.9215521075504144,0.999386941517418,FALSE,-0.01578129257827422,0.01334688491193845,-0.04203991400576341,0.01047732884921496,0.2379258082212324,0.9843273350061036,FALSE,TRUE,Neither,FALSE
MCI_vs_NCI,PDK1,0.00317174928652788,0.04352982229125651,-0.08214670240433489,0.08849020097739066,0.9419144820909798,0.999386941517418,FALSE,-0.03396754654643247,0.01226419264460724,-0.05809608244775592,-0.00983901064510902,0.00593883593244888,0.9843273350061036,FALSE,TRUE,Neither,FALSE
MCI_vs_NCI,PDK2,-0.00160153555022922,0.03399083498062151,-0.06822357211224739,0.06502050101178894,0.9624202273926912,0.999386941517418,FALSE,-0.01372582378765113,0.01387612378938298,-0.04102566819857181,0.01357402062326954,0.3233272819973112,0.9843273350061036,FALSE,TRUE,Neither,TRUE
MCI_vs_NCI,PDK3,-0.0192056193990891,0.04340709851637275,-0.1042835324911797,0.0658722936930015,0.6581611264665685,0.9993299023322568,FALSE,-0.02405451478246087,0.01425097520826212,-0.05209184075292508,0.00398281118800334,0.09239974364152637,0.9843273350061036,FALSE,TRUE,Neither,TRUE
MCI_vs_NCI,PGAM5,-0.11982192558554727,0.04724555486822979,-0.2124232131272777,-0.02722063804381688,0.01120779593118177,0.8189101678459164,FALSE,-0.01009416238325425,0.01484204723547783,-0.03929436169093839,0.01910603692442988,0.4969286749373838,0.9843273350061036,FALSE,TRUE,Neither,TRUE
MCI_vs_NCI,PHB2,0.01004759413142779,0.01808912870440006,-0.02540709812919633,0.04550228639205191,0.5785873699254007,0.998316251761734,FALSE,0.00640653919889858,0.0115097552308399,-0.0162377187926685,0.02905079719046566,0.5781769497153937,0.9843273350061036,FALSE,TRUE,Neither,TRUE
MCI_vs_NCI,PIN4,0.03277923685063488,0.02640178773075994,-0.0189682671016546,0.08452674080292438,0.214401278994542,0.9823341948993984,FALSE,-0.01743802864191329,0.01851600114008456,-0.0538663538650926,0.01899029658126601,0.34701414724238955,0.9843273350061036,FALSE,TRUE,Neither,FALSE
MCI_vs_NCI,PITRM1,-0.01124620292555047,0.0243014236233652,-0.05887699322734627,0.03638458737624532,0.6435223603884692,0.9993299023322568,FALSE,-0.0099515972970824,0.05273869962006284,-0.11370955707858832,0.0938063624844235,0.8504503408206288,0.9939634015931288,FALSE,TRUE,Neither,TRUE
MCI_vs_NCI,PMPCA,0.01346468612340718,0.02072406278164944,-0.02715447692862572,0.05408384917544009,0.5158778394759584,0.9932007295831748,FALSE,-0.01955416098284819,0.01101335574567541,-0.0412218041130647,0.0021134821473683,0.07676549572325467,0.9843273350061036,FALSE,TRUE,Neither,FALSE
MCI_vs_NCI,PMPCB,0.01036396734155051,0.02382526363138164,-0.03633354937595751,0.05706148405905853,0.663563107986394,0.9993299023322568,FALSE,-0.02042967109369903,0.01141283924027169,-0.04288325685549927,0.0020239146681012,0.07438853648326317,0.9843273350061036,FALSE,TRUE,Neither,FALSE
MCI_vs_NCI,PNPT1,-0.00345632727004261,0.0347877920903399,-0.07164039976710881,0.0647277452270236,0.920856725965244,0.999386941517418,FALSE,-0.01449173437772595,0.00850687998720068,-0.03122814460279502,0.00224467584734311,0.08943855235592335,0.9843273350061036,FALSE,TRUE,Neither,TRUE
MCI_vs_NCI,POLDIP2,0.0296349695785792,0.01761954462099229,-0.00489933787856568,0.06416927703572409,0.09258099581853028,0.965675294497363,FALSE,-0.03810977848995417,0.0146225094133457,-0.06687805974346922,-0.00934149723643911,0.0095819211596288,0.9843273350061036,FALSE,TRUE,Neither,FALSE
MCI_vs_NCI,PPA2,0.04764101101331321,0.02297891536707058,0.00260233689385486,0.09267968513277156,0.03814912161164978,0.9125361110935968,FALSE,0.01538453641763334,0.01440028957342363,-0.01294655018794017,0.04371562302320687,0.2861674698920065,0.9843273350061036,FALSE,TRUE,Neither,TRUE
MCI_vs_NCI,PPIA,0.02410790595353434,0.03329503882467681,-0.0411503701428322,0.08936618204990088,0.4690233661964148,0.9919911954668876,FALSE,-0.00296282389733149,0.01175788978303351,-0.02609526106419839,0.02016961326953541,0.8012134558872592,0.9929345140903668,FALSE,TRUE,Neither,FALSE
MCI_vs_NCI,PPIF,0.04115736812930596,0.02579722880041333,-0.00940520031950416,0.09171993657811608,0.110618750588793,0.972737084041218,FALSE,0.00102442007074915,0.01269875619520143,-0.02395907485933099,0.0260079150008293,0.9357540562563093,0.9985985325836124,FALSE,TRUE,Neither,TRUE
MCI_vs_NCI,PPOX,-0.0175320158880716,0.03229134322159974,-0.08082304860240709,0.04575901682626389,0.5871763595144126,0.9991426287801564,FALSE,-0.02554857814089448,0.01436030929601814,-0.05380100766836451,0.00270385138657556,0.0761697645172852,0.9843273350061036,FALSE,TRUE,Neither,TRUE
MCI_vs_NCI,PRDX3,-0.01522474244679142,0.02958142051354489,-0.07320432665333942,0.04275484175975658,0.6067819217011201,0.9993299023322568,FALSE,-0.02492280234901278,0.01493274459632585,-0.05430143937296509,0.00445583467493953,0.09609365868570464,0.9843273350061036,FALSE,TRUE,Neither,TRUE
MCI_vs_NCI,PRDX4,-0.00614909733060929,0.04496599545724004,-0.09428244842679978,0.08198425376558119,0.8912284512473315,0.999386941517418,FALSE,0.05844823439410474,0.02705893015194352,0.00521257620264119,0.11168389258556828,0.03151139998867373,0.9843273350061036,FALSE,TRUE,Neither,FALSE
MCI_vs_NCI,PTCD3,-0.00665832354145348,0.01629293913807173,-0.03859248425207408,0.02527583716916711,0.6827868932275816,0.9993299023322568,FALSE,-0.01116118084985851,0.02441135928265324,-0.05918801603746469,0.03686565433774767,0.6478281551482246,0.989066684373769,FALSE,TRUE,Neither,TRUE
MCI_vs_NCI,PTPMT1,0.00583985660134408,0.0250352092154607,-0.0432291534609589,0.05490886666364707,0.8155550604205763,0.999386941517418,FALSE,-0.00917135205306107,0.01630039369021685,-0.04124069781085504,0.02289799370473289,0.5740694631414367,0.9843273350061036,FALSE,TRUE,Neither,FALSE
MCI_vs_NCI,QRSL1,0.01223631569259758,0.02486870722330399,-0.03650635046507824,0.0609789818502734,0.6226934262381297,0.9993299023322568,FALSE,-0.00160400375000336,0.01517480417108971,-0.03145886805684308,0.02825086055683635,0.9158851284044758,0.9985985325836124,FALSE,TRUE,Neither,FALSE
MCI_vs_NCI,RPL11,0.02221901466862223,0.02751868411573711,-0.03171760619822251,0.07615563553546698,0.4194270859420997,0.988208858598697,FALSE,-0.00711952575987469,0.00901723863204031,-0.02486001405525836,0.01062096253550897,0.4303768911356059,0.9843273350061036,FALSE,TRUE,Neither,FALSE
MCI_vs_NCI,RPL23,0.02832558227511241,0.02408413736757739,-0.01887932696533927,0.0755304915155641,0.23955113015498908,0.9823523133705192,FALSE,5.617013015960237e-4,0.00935734115308421,-0.01784790367573627,0.01897130627892832,0.9521708647300672,0.9985985325836124,FALSE,TRUE,Neither,TRUE
MCI_vs_NCI,RPL23A,0.02314467042746192,0.02665650525574986,-0.02910207987380782,0.07539142072873166,0.38525420781029635,0.9862987150400844,FALSE,0.00500231721197123,0.01235062400967992,-0.01929626349830043,0.0293008979222429,0.6857291290242209,0.989066684373769,FALSE,TRUE,Neither,TRUE
MCI_vs_NCI,RPL31,0.03209767149352736,0.02935023323619697,-0.025428785649418702,0.08962412863647343,0.27412661579596076,0.982385205890818,FALSE,-0.00162247309328367,0.01096804979867796,-0.0232009814389816,0.01995603525241426,0.8824932737001969,0.994898813974576,FALSE,TRUE,Neither,FALSE
MCI_vs_NCI,RPL9,-0.02634404319569394,0.08584565707094488,-0.1946015310547459,0.141913444663358,0.7589371249308884,0.999386941517418,FALSE,-0.01263557669894378,0.00956900867526898,-0.03146161572588515,0.00619046232799758,0.18762120454652145,0.9843273350061036,FALSE,TRUE,Neither,TRUE
MCI_vs_NCI,RPS10,0.01077366980513352,0.03439188406818656,-0.05663442296851212,0.07818176257877918,0.7540816306573837,0.999386941517418,FALSE,-0.01326476839675669,0.01330541180805705,-0.03944179576380183,0.01291225897028844,0.3195434929705085,0.9843273350061036,FALSE,TRUE,Neither,FALSE
MCI_vs_NCI,RPS11,0.02546462421715519,0.02930415408213162,-0.03197151778382279,0.08290076621813318,0.3848599291725585,0.9862987150400844,FALSE,0.00505060908215654,0.00889326662485904,-0.01244597705735651,0.0225471952216696,0.5704913088171842,0.9843273350061036,FALSE,TRUE,Neither,TRUE
MCI_vs_NCI,RPS16,0.01235428983917506,0.02690141746458151,-0.0403724883914047,0.06508106806975482,0.6460596168183816,0.9993299023322568,FALSE,-0.00862300199574309,0.00862468963349693,-0.02559119056632203,0.00834518657483584,0.31815982696073364,0.9843273350061036,FALSE,TRUE,Neither,FALSE
MCI_vs_NCI,RPS18,0.02058770002622337,0.02942110472060461,-0.03707766522616167,0.07825306527860842,0.4840774582080847,0.9919911954668876,FALSE,0.00172827725042234,0.01438695864561994,-0.02657658212769071,0.03003313662853541,0.9044570203598908,0.9975888401454855,FALSE,TRUE,Neither,TRUE
MCI_vs_NCI,RPS3,0.01321288136680027,0.02552597628764716,-0.03681803215698815,0.0632437948905887,0.6047199932245768,0.9993299023322568,FALSE,-0.00598657677521236,0.0095937145909654,-0.02486122214674812,0.0128880685963234,0.5330649262374646,0.9843273350061036,FALSE,TRUE,Neither,FALSE
MCI_vs_NCI,RPS4X,0.02343264539287204,0.02391963262417498,-0.02344983455051093,0.07031512533625502,0.3272635124405589,0.9852322978322308,FALSE,-0.00170826637236665,0.00865492111265488,-0.01873593226455577,0.01531939951982247,0.8436591491153267,0.9929345140903668,FALSE,TRUE,Neither,FALSE
MCI_vs_NCI,RPS6,0.03246653411613497,0.02524953509472534,-0.0170225546695267,0.08195562290179664,0.1985034429059983,0.9816370903251233,FALSE,0.0118495863054233,0.01368904163038336,-0.01508219322583288,0.03878136583667949,0.3873432659679211,0.9843273350061036,FALSE,TRUE,Neither,TRUE
MCI_vs_NCI,RPS8,0.0195685831276286,0.0216435014155735,-0.02285267964689546,0.06198984590215266,0.3659253898640994,0.9852322978322308,FALSE,0.00639974584068681,0.01151469327167369,-0.01625422723763674,0.02905371891901036,0.5787427093551865,0.9843273350061036,FALSE,TRUE,Neither,TRUE
MCI_vs_NCI,RPS9,0.01420646973818406,0.0304680584996696,-0.04551092492116834,0.07392386439753648,0.6410192404667476,0.9993299023322568,FALSE,0.0036277986434030598,0.01189099891541907,-0.01976651703211325,0.02702211431891938,0.7604974154011223,0.9895621412840256,FALSE,TRUE,Neither,TRUE
MCI_vs_NCI,SAMM50,0.03273990029313525,0.02345872591146383,-0.01323920249333386,0.07871900307960436,0.1628233922546181,0.9808495610186558,FALSE,-0.00643970659141712,0.0112645879213456,-0.02860162315208984,0.01572220996925559,0.5679416727575117,0.9843273350061036,FALSE,TRUE,Neither,FALSE
MCI_vs_NCI,SARS2,-0.00716965314344787,0.03150203527442041,-0.06891364228131187,0.05457433599441613,0.819962404945534,0.999386941517418,FALSE,-0.01065089823335757,0.0130163926159753,-0.03625931010695786,0.01495751364024271,0.4138123917398592,0.9843273350061036,FALSE,TRUE,Neither,TRUE
MCI_vs_NCI,SDHA,0.06032218497238453,0.03180470510650617,-0.00201503703636757,0.12265940698113664,0.05787501459076401,0.9474893339285684,FALSE,0.00616760340365181,0.009861635518289,-0.01323414879839236,0.02556935560569599,0.5321447556087447,0.9843273350061036,FALSE,TRUE,Neither,TRUE
MCI_vs_NCI,SDHB,0.020507252943357,0.02684761110567436,-0.03211406482376473,0.07312857071047875,0.4449631808979433,0.9905418052539958,FALSE,-0.01322131322424055,0.01233906946466664,-0.03749716155723674,0.01105453510875562,0.28475125026233683,0.9843273350061036,FALSE,TRUE,Neither,FALSE
MCI_vs_NCI,SERPINH1,-0.16234372655152113,0.11082572600143904,-0.3795621495143416,0.05487469641129938,0.1429602172401958,0.9808495610186558,FALSE,0.01391184074696882,0.03272343758801846,-0.05046815241991982,0.07829183391385748,0.6710245402012733,0.989066684373769,FALSE,TRUE,Neither,FALSE
MCI_vs_NCI,SHMT2,0.0627295189714638,0.0378981583345903,-0.01155087136433319,0.1370099093072608,0.09788132792234984,0.970758583289205,FALSE,-0.03234517265593439,0.02128508242398722,-0.07422138010898939,0.0095310347971206,0.12959361206782669,0.9843273350061036,FALSE,TRUE,Neither,FALSE
MCI_vs_NCI,SLC25A13,0.05326705327174485,0.03768958481113729,-0.02060453295808422,0.12713863950157392,0.1575647028840959,0.9808495610186558,FALSE,-0.00578527986229562,0.01615200042849102,-0.03756267716112272,0.02599211743653146,0.7204465418985924,0.989066684373769,FALSE,TRUE,Neither,FALSE
MCI_vs_NCI,SLC25A5,0.03440038819071637,0.04051751771750354,-0.04501394653559058,0.11381472291702333,0.395867344144869,0.987055099605252,FALSE,-0.00492105356434349,0.01696983296629514,-0.0383074521502104,0.0284653450215234,0.7720127804251435,0.9924533487370888,FALSE,TRUE,Neither,FALSE
MCI_vs_NCI,SLC25A6,-0.00400418811810567,0.02256577941769796,-0.04823311577679368,0.04022473954058234,0.8591587452378633,0.999386941517418,FALSE,-0.0062550690174174,0.01685064322324979,-0.03940697405956099,0.02689683602472618,0.7107290774166637,0.989066684373769,FALSE,TRUE,Neither,TRUE
MCI_vs_NCI,SLIRP,0.0138189066533663,0.02567775744846241,-0.03650949794562003,0.06414731125235262,0.5904621646573798,0.9991426287801564,FALSE,-0.02092172691513829,0.01689979740836598,-0.05417033775395719,0.0123268839236806,0.21662747336129343,0.9843273350061036,FALSE,TRUE,Neither,FALSE
MCI_vs_NCI,SPRYD4,0.01938704126126201,0.02414622147617079,-0.02793955283203275,0.06671363535455677,0.4220315775772802,0.988208858598697,FALSE,-0.00263675479649599,0.01392366036816063,-0.03003012253022317,0.02475661293723117,0.8499210062553475,0.9939634015931288,FALSE,TRUE,Neither,FALSE
MCI_vs_NCI,SSBP1,-0.00960095852056469,0.0236813746062655,-0.05601645274884509,0.0368145357077157,0.6851670858622496,0.9993299023322568,FALSE,0.00346401473046004,0.01374764041751673,-0.02358305187921163,0.03051108134013171,0.8012246076598842,0.9929345140903668,FALSE,TRUE,Neither,FALSE
MCI_vs_NCI,ST13,0.01615820530291377,0.02920699712098334,-0.04108750905421357,0.07340391966004112,0.5801054981496374,0.9985450103046614,FALSE,-0.02148883859575887,0.01389231045537345,-0.04882052860490125,0.00584285141338351,0.12289509817874068,0.9843273350061036,FALSE,TRUE,Neither,FALSE
MCI_vs_NCI,STOML2,0.01179684936649085,0.02084276418914907,-0.02905496844424133,0.05264866717722304,0.5713988412541946,0.9977684833685546,FALSE,-0.00375401856018978,0.01059178521937956,-0.02459226509876502,0.01708422797838545,0.7232518222427622,0.989066684373769,FALSE,TRUE,Neither,FALSE
MCI_vs_NCI,SUCLA2,0.00453268527417889,0.05023217947920245,-0.09392238650505792,0.1029877570534157,0.9281007160546816,0.999386941517418,FALSE,-0.01105413731764634,0.01224216063297879,-0.03513932750523549,0.0130310528699428,0.3672274994175993,0.9843273350061036,FALSE,TRUE,Neither,FALSE
MCI_vs_NCI,SUCLG1,0.02565368670907347,0.01864696019726432,-0.0108943552775646,0.06220172869571154,0.16889686681070104,0.9808495610186558,FALSE,-0.00815725479756304,0.01263183314677974,-0.03300908552248421,0.01669457592735812,0.5188908274998836,0.9843273350061036,FALSE,TRUE,Neither,FALSE
MCI_vs_NCI,SUCLG2,0.03524218069974067,0.05056190763286398,-0.06385915826067273,0.13434351966015406,0.4857962205223321,0.9919911954668876,FALSE,0.00897238798177411,0.01541491799181091,-0.02135487553727324,0.03929965150082148,0.5609365084393685,0.9843273350061036,FALSE,TRUE,Neither,TRUE
MCI_vs_NCI,SUPV3L1,1.7527466095583043e-4,0.02713912064098036,-0.05301740179536568,0.05336795111727734,0.9948469968671856,0.999522020403504,FALSE,-0.0347474307520336,0.01090022908805506,-0.05619250883464466,-0.01330235266942253,0.00157523260943898,0.9843273350061036,FALSE,TRUE,Neither,FALSE
MCI_vs_NCI,SYNE1,-0.01390729589093505,0.01989838834084861,-0.05290813703899832,0.02509354525712821,0.48460471917336057,0.9919911954668876,FALSE,0.00148561150210974,0.01134239211240545,-0.02082937679118016,0.02380059979539964,0.895874392253589,0.994898813974576,FALSE,TRUE,Neither,FALSE
MCI_vs_NCI,TACO1,0.02151841919547799,0.02399285369910715,-0.02550757405477202,0.06854441244572801,0.3697894355101274,0.9852322978322308,FALSE,-0.01322292475794662,0.01332069299715118,-0.03943001629067776,0.01298416677478452,0.3216246728702917,0.9843273350061036,FALSE,TRUE,Neither,FALSE
MCI_vs_NCI,TAMM41,-0.01680377293453613,0.02894087210333237,-0.07352788225706758,0.03992033638799532,0.5614937068080456,0.996861421046452,FALSE,0.02402086755643145,0.0174461376116695,-0.01030261136312831,0.05834434647599123,0.16951736285499902,0.9843273350061036,FALSE,TRUE,Neither,FALSE
MCI_vs_NCI,TARS2,0.0024713847579416,0.02719209269720745,-0.050825116928585,0.05576788644446821,0.9275830511845244,0.999386941517418,FALSE,0.00656444021994312,0.01942928835492044,-0.03166068353616504,0.04478956397605129,0.7356876298924119,0.9895621412840256,FALSE,TRUE,Neither,TRUE
MCI_vs_NCI,TBRG4,0.01854789612560992,0.02229115244106612,-0.02514276265887967,0.06223855491009951,0.4053669802732148,0.988208858598697,FALSE,-0.01599199967459964,0.01947884270802478,-0.05431461651668527,0.02233061716748598,0.4122606150681333,0.9843273350061036,FALSE,TRUE,Neither,FALSE
MCI_vs_NCI,TFAM,-0.02238667814799141,0.01905304752400433,-0.05973065129503991,0.01495729499905707,0.2400084212766347,0.9823523133705192,FALSE,-0.01595276289572661,0.0135237234912596,-0.0425592960148807,0.01065377022342747,0.2390293760609963,0.9843273350061036,FALSE,TRUE,Neither,TRUE
MCI_vs_NCI,TIMM13,0.01123867441638748,0.02585581117974118,-0.03943871549590524,0.06191606432868021,0.6638039713569391,0.9993299023322568,FALSE,-0.0064550581344758,0.01829496807409556,-0.04244852356519741,0.0295384072962458,0.7244461100005717,0.989066684373769,FALSE,TRUE,Neither,FALSE
MCI_vs_NCI,TIMM44,0.0090940117006744,0.03029934790873482,-0.05029271020044584,0.06848073360179464,0.7640712397962379,0.999386941517418,FALSE,-0.01507952108371701,0.01241796310922597,-0.03951058453688445,0.00935154236945041,0.22551565791168465,0.9843273350061036,FALSE,TRUE,Neither,FALSE
MCI_vs_NCI,TIMM8B,-0.00998500885100004,0.02664293415093214,-0.06220515978682703,0.04223514208482695,0.7078305106795476,0.9993299023322568,FALSE,-0.01461614851568163,0.01805409022684587,-0.05013571159069022,0.02090341455932695,0.41878513883188206,0.9843273350061036,FALSE,TRUE,Neither,TRUE
MCI_vs_NCI,TRAP1,0.02145827522298633,0.03486676980105283,-0.0468805935870772,0.08979714403304988,0.5382666358347619,0.9953673040877696,FALSE,-0.00317920586962515,0.01722681500440742,-0.03707119014810703,0.03071277840885672,0.8536989121387526,0.9939634015931288,FALSE,TRUE,Neither,FALSE
MCI_vs_NCI,TRUB1,-0.0296912672292,0.04161246853178781,-0.11125170555150413,0.0518691710931041,0.4755249531463684,0.9919911954668876,FALSE,0.00895875415403135,0.01943730547041674,-0.02928214245110838,0.0471996507591711,0.6451794126327486,0.989066684373769,FALSE,TRUE,Neither,FALSE
MCI_vs_NCI,TSFM,0.00151723656164084,0.02265881638018151,-0.04289404354351492,0.04592851666679662,0.9466134691870208,0.999386941517418,FALSE,-0.0087187601778826,0.01695074975148813,-0.04206761450405572,0.02463009414829051,0.6073561112798784,0.9843273350061036,FALSE,TRUE,Neither,FALSE
MCI_vs_NCI,TST,0.07794300993319807,0.05724306781523985,-0.03425340298467204,0.19013942285106816,0.17331947321839092,0.9808495610186558,FALSE,0.02116792646010401,0.0232369115141754,-0.02454830370301183,0.06688415662321986,0.3630007402082621,0.9843273350061036,FALSE,TRUE,Neither,TRUE
MCI_vs_NCI,TUBB,0.02695930184884898,0.03970653583125913,-0.05086550838041891,0.10478411207811689,0.49716077686017823,0.9919911954668876,FALSE,0.01228403288637669,0.01716188616514439,-0.02148021058807613,0.04604827636082952,0.4746522804904918,0.9843273350061036,FALSE,TRUE,Neither,TRUE
MCI_vs_NCI,TUBB4B,0.01653687013318845,0.03964584696326499,-0.06116898991481093,0.09424273018118784,0.6765944288724743,0.9993299023322568,FALSE,-0.00676039651441773,0.01665746645406159,-0.03953224615905346,0.02601145313021799,0.6851253655835856,0.989066684373769,FALSE,TRUE,Neither,FALSE
MCI_vs_NCI,TUFM,0.01988997708272623,0.02100667484168543,-0.0212831056069772,0.06106305977242968,0.3437199014027941,0.9852322978322308,FALSE,-3.825108253029466e-4,0.01185167565263645,-0.0236994620313183,0.02293444038071241,0.9742729804756836,0.9985985325836124,FALSE,TRUE,Neither,FALSE
MCI_vs_NCI,UQCRC1,0.04838365398097223,0.02910843785681987,-0.00866888421839471,0.10543619218033916,0.09647537539265212,0.970212583359905,FALSE,-0.0105296760245227,0.01134181112905641,-0.03284352129291064,0.01178416924386523,0.35390192340478643,0.9843273350061036,FALSE,TRUE,Neither,FALSE
MCI_vs_NCI,UQCRC2,0.00444506389728095,0.03819244051551414,-0.07041211951312677,0.07930224730768869,0.9073466611744696,0.999386941517418,FALSE,-0.00326092726464842,0.01087281556703437,-0.02465207206805417,0.01813021753875733,0.7644360334102881,0.9896288637742856,FALSE,TRUE,Neither,FALSE
MCI_vs_NCI,UQCRFS1,0.041171863182811,0.03617605058730736,-0.02973319596831142,0.11207692233393345,0.25507988216200295,0.9823523133705192,FALSE,-0.0060223998322901,0.0122102456090962,-0.03004480049741677,0.01800000083283656,0.6221914743512289,0.9858954286823584,FALSE,TRUE,Neither,FALSE
MCI_vs_NCI,XPNPEP3,-0.07707680134608488,0.04321796641058355,-0.16178401551082863,0.00763041281865886,0.07451413724714738,0.9475399922441944,FALSE,-0.01062945188139185,0.01471010109111856,-0.03957006073958857,0.01831115697680485,0.470455669872365,0.9843273350061036,FALSE,TRUE,Neither,TRUE
MCI_vs_NCI,YARS2,0.00296757994137273,0.02268692001822385,-0.04149878329434602,0.0474339431770915,0.8959289619245668,0.999386941517418,FALSE,-0.00187309284380599,0.01313214228285824,-0.02770923026558406,0.02396304457797208,0.8866687417288239,0.994898813974576,FALSE,TRUE,Neither,FALSE
MCI_vs_NCI,YWHAE,0.03350308307339693,0.01526416010833858,0.00358532926105331,0.06342083688574054,0.02817181511188954,0.8720528417753878,FALSE,-0.01393838354954657,0.02246181726391976,-0.05812969560462649,0.03025292850553334,0.5353456696735144,0.9843273350061036,FALSE,TRUE,Neither,FALSE
AD_vs_MCI,AARS2,-0.0198593716130314,0.02560840405232291,-0.07005184355558433,0.03033310032952151,0.43804301368733695,0.7502978881065876,FALSE,-0.01439774691566535,0.01856903487482801,-0.05093041054984485,0.02213491671851413,0.4386970454096608,0.6809306183783875,FALSE,TRUE,Neither,TRUE
AD_vs_MCI,ABHD10,-0.03674039358262751,0.02261975223436526,-0.08107510796198342,0.00759432079672839,0.10432000191249129,0.4191004395082428,FALSE,-0.01263109853724131,0.0155561541140035,-0.04323622958035975,0.01797403250587712,0.4174129655817437,0.6620315364338878,FALSE,TRUE,Neither,TRUE
AD_vs_MCI,ABHD11,-0.0931645343579493,0.04424933380824154,-0.17989322862210272,-0.00643584009379587,0.03525259853656978,0.2560193747513918,FALSE,-0.03963193820395664,0.02320322795008881,-0.08528189942390604,0.00601802301599276,0.08859850746664401,0.2757297518844798,FALSE,TRUE,Neither,TRUE
AD_vs_MCI,ACAA2,-0.01347268489203239,0.04708622453949271,-0.10576168498943812,0.0788163152053733,0.7747801251812543,0.9218465609173382,FALSE,-0.00373692187349718,0.01943644939701324,-0.04197613424238516,0.03450229049539079,0.8476575459052762,0.933120206310265,FALSE,TRUE,Neither,TRUE
AD_vs_MCI,ACAD9,-0.07955226738716123,0.02319526549382287,-0.12501498775505407,-0.03408954701926839,6.043002616076688e-4,0.04460983942074437,TRUE,-0.07623528290344186,0.02487961969691331,-0.12518337222852366,-0.02728719357836006,0.00236817335350493,0.03696093871973345,TRUE,TRUE,FDR-significant in both,TRUE
AD_vs_MCI,ACADVL,0.00325549380143122,0.02881709914714301,-0.05322602052696908,0.05973700812983153,0.910053621101908,0.9716730318681878,FALSE,-0.04169510766861717,0.02108879328596127,-0.08318513645902847,-2.0507887820585963e-4,0.04888498516002847,0.19818868884001983,FALSE,TRUE,Neither,FALSE
AD_vs_MCI,ACAT1,-0.03577465200757532,0.01949112709417337,-0.07397726111215513,0.00242795709700448,0.0664416024714698,0.3395880993865453,FALSE,0.00527852070819967,0.0126874673999241,-0.01968276467984009,0.03023980609623943,0.6776577716769687,0.8430451116379678,FALSE,TRUE,Neither,FALSE
AD_vs_MCI,ACO2,-0.02719260634459899,0.03498330648711711,-0.09575988705934851,0.04137467437015053,0.4369804088840359,0.7495903314732832,FALSE,0.00533660972655836,0.01431303884794512,-0.02282282006285692,0.03349603951597364,0.7095070183539698,0.8599244054552959,FALSE,TRUE,Neither,FALSE
AD_vs_MCI,ACOT13,-0.01775388328238894,0.02146650318850602,-0.05982822953186075,0.02432046296708286,0.4082084101795994,0.7295052050817248,FALSE,-0.02377899137241818,0.02018341253643245,-0.06348777678608108,0.01592979404124472,0.23961315736176944,0.4828323741214586,FALSE,TRUE,Neither,TRUE
AD_vs_MCI,ACSF3,-0.01335304673883839,0.02433906793027277,-0.06105761988217303,0.03435152640449623,0.5832621037365616,0.833549337405084,FALSE,-0.0351061922647182,0.02881547438217092,-0.09179767031725844,0.02158528578782204,0.22400254296207447,0.4640573854198025,FALSE,TRUE,Neither,TRUE
AD_vs_MCI,AFG3L2,-0.02556237064125734,0.02985281567707263,-0.08407388936831972,0.03294914808580502,0.3918428909062687,0.7188515201172451,FALSE,-0.02206317701813924,0.01265792217743103,-0.04696633522387727,0.00283998118759879,0.08228733313603472,0.2656585983478075,FALSE,TRUE,Neither,TRUE
AD_vs_MCI,AIFM1,-0.02328881116585131,0.01971025697276385,-0.06192091483246846,0.01534329250076584,0.23738113987178772,0.5899736310142611,FALSE,-0.01188755283278714,0.01104540068137906,-0.03361824107359405,0.00984313540801976,0.2826277449263359,0.5327936147407177,FALSE,TRUE,Neither,TRUE
AD_vs_MCI,AK2,8.486850303620044e-4,0.01811992689819509,-0.03466637169010038,0.03636374175082439,0.962643051047464,0.9886731836051816,FALSE,-0.03272842988899642,0.01538126831522539,-0.06298949113504551,-0.00246736864294733,0.03411605572987389,0.16223912257876855,FALSE,TRUE,Neither,FALSE
AD_vs_MCI,AK3,0.03877098139991597,0.03846403609973862,-0.03661852935557172,0.11416049215540366,0.31346403512052096,0.6580298259859418,FALSE,-0.0193571347857321,0.02313790920310822,-0.06487858809837595,0.02616431852691174,0.4034420522407776,0.6516474896950252,FALSE,TRUE,Neither,FALSE
AD_vs_MCI,AK4,0.126003173002911,0.04222477482637691,0.04324261434321226,0.20876373166260975,0.00284408905289898,0.08840105630555356,FALSE,0.01185967957504419,0.01450018759293378,-0.01666794609511111,0.0403873052451995,0.4140231662743892,0.6587085272057824,FALSE,TRUE,Neither,TRUE
AD_vs_MCI,AKR7A2,-0.01884854561633792,0.02805239110443864,-0.07383123218103765,0.03613414094836181,0.5016440914982426,0.7903363912196294,FALSE,0.0101216942036042,0.01482694484538151,-0.01904879270700704,0.03929218111421545,0.4953179638766193,0.7218426799561014,FALSE,TRUE,Neither,FALSE
AD_vs_MCI,ALDH18A1,-0.01888655168576888,0.0175800291414777,-0.05334340880306518,0.01557030543152741,0.2826799269402029,0.6310529127502302,FALSE,-0.00905852136805142,0.01750228271901495,-0.043492460003756,0.02537541726765315,0.6051209138757248,0.7956112544334638,FALSE,TRUE,Neither,TRUE
AD_vs_MCI,ALDH1B1,-0.06678317064228069,0.03521940901899929,-0.13581321231951932,0.00224687103495792,0.05793312557526584,0.32049097213192523,FALSE,0.03929002086685771,0.06044427967338169,-0.07962787404815083,0.15820791578186624,0.5161448443766999,0.7369128163658093,FALSE,TRUE,Neither,FALSE
AD_vs_MCI,ALDH2,-0.068508725292958,0.03809643231797604,-0.14317773263619105,0.00616028205027503,0.07212984953533198,0.3531897132498912,FALSE,-0.0106494423441158,0.01883449013732508,-0.04770436186720391,0.0264054771789723,0.5721822960664513,0.7730891832941682,FALSE,TRUE,Neither,TRUE
AD_vs_MCI,ALDH5A1,-0.06776366964806049,0.02602381170097218,-0.11877034058196598,-0.01675699871415501,0.00921668925617841,0.14401809429663284,FALSE,-0.02895177217180979,0.0180701141689996,-0.06450286070265072,0.00659931635903113,0.11009897326409304,0.3122539442406384,FALSE,TRUE,Neither,TRUE
AD_vs_MCI,ALDH7A1,-0.07687234734179971,0.04644898367944861,-0.16791235535351898,0.01416766066991956,0.09792764508133112,0.40716884346924553,FALSE,0.00169746906989348,0.04271646255336637,-0.08234277150392426,0.08573770964371123,0.9683267173893664,0.9867507186214892,FALSE,TRUE,Neither,FALSE
AD_vs_MCI,ALDH9A1,-0.01674652975649237,0.04173646059782188,-0.09854999252822327,0.06505693301523852,0.6882400415113383,0.8857925748797743,FALSE,0.02886899556493319,0.01885062020842088,-0.00821765821175024,0.06595564934161663,0.12664233536338695,0.3377128943023652,FALSE,TRUE,Neither,FALSE
AD_vs_MCI,ALYREF,-0.03303528272283009,0.03397687496544035,-0.09962995765509317,0.03355939220943299,0.3309076591690522,0.6723503651339114,FALSE,1.1628721642714668e-4,0.02676404979322683,-0.05253922423989689,0.05277179867275118,0.99653598386373,0.9985331770414236,FALSE,TRUE,Neither,FALSE
AD_vs_MCI,ARL2,-0.0564763106775111,0.02749401908746973,-0.1103645880889518,-0.00258803326607041,0.0399630363814382,0.2712055574164752,FALSE,-0.03024396280178146,0.02075088202714075,-0.07106918599298381,0.01058126038942089,0.14596394772971277,0.36625790260321306,FALSE,TRUE,Neither,TRUE
AD_vs_MCI,ATAD3A,-0.02348692497492922,0.02719533974589794,-0.07678979087688918,0.02981594092703074,0.3877868602509577,0.7156446981354231,FALSE,-0.03178041498406676,0.01125178499648929,-0.05391714310869733,-0.00964368685943619,0.00503258505510736,0.05557120776550853,FALSE,TRUE,Neither,TRUE
AD_vs_MCI,ATP5F1A,-0.06182482758815686,0.03219026278675462,-0.12491774265019592,0.00126808747388219,0.05478133648921434,0.31234843963796277,FALSE,-0.00674652658223055,0.01395029745615181,-0.03419230004314472,0.0206992468786836,0.628991896483146,0.8084974989938924,FALSE,TRUE,Neither,TRUE
AD_vs_MCI,ATP5F1B,-0.07448564025634793,0.04048741533495068,-0.15384097431285126,0.00486969380015539,0.06580887495316293,0.33859164715485307,FALSE,0.01767143234704571,0.01728848627131067,-0.01634188379735474,0.05168474849144617,0.30748102548558,0.5608314802629065,FALSE,TRUE,Neither,FALSE
AD_vs_MCI,ATP5F1C,-0.07536416148757323,0.03293890076256881,-0.1399244069822081,-0.01080391599293836,0.02213759795055665,0.21101502846436823,FALSE,-0.04291500789592417,0.0984195922124593,-0.23654541903726728,0.15071540324541893,0.6631004576919761,0.8330506490708085,FALSE,TRUE,Neither,TRUE
AD_vs_MCI,BCKDHB,-0.03654486447247313,0.04622848400424816,-0.12715269312079952,0.05406296417585326,0.4292200642293633,0.7446829040127009,FALSE,-0.04761247207679629,0.01755525409685854,-0.0821506264427229,-0.01307431771086968,0.00704581449662443,0.06670372043198791,FALSE,TRUE,Neither,TRUE
AD_vs_MCI,BCKDK,-0.06937224454755907,0.02811179348949898,-0.12447135978697708,-0.01427312930814107,0.01359738048845679,0.16939323748259724,FALSE,-0.01471038791044321,0.01676848655718702,-0.04770065817367616,0.01827988235278973,0.3810007425013455,0.6314435758458782,FALSE,TRUE,Neither,TRUE
AD_vs_MCI,BCS1L,-0.02428671696527099,0.01728881511721149,-0.05817279459500552,0.00959936066446353,0.1600912629193348,0.5023145355124334,FALSE,-0.01553297079140167,0.00986247327262795,-0.03493637118882485,0.0038704296060215,0.11625342776251112,0.32216636190395237,FALSE,TRUE,Neither,TRUE
AD_vs_MCI,C1QBP,-0.02657696968381,0.02746227576235724,-0.08040303017803022,0.02724909081041019,0.33316283174825245,0.6738665391462307,FALSE,-0.00890140445964537,0.02483067972187261,-0.05775320942431324,0.03995040050502248,0.7202171752885562,0.8637834821049655,FALSE,TRUE,Neither,TRUE
AD_vs_MCI,CARS2,0.00953731024674118,0.02215743762036528,-0.03389126748917476,0.05296588798265712,0.6668801070140498,0.8756600089003314,FALSE,6.392868748599234e-4,0.02415688179636717,-0.04688689006789783,0.04816546381761768,0.9789037532259433,0.9918632972766724,FALSE,TRUE,Neither,TRUE
AD_vs_MCI,CBR4,0.01174279753338777,0.01913021048813329,-0.02575241502335347,0.04923801009012903,0.5393242012552883,0.8103136580554816,FALSE,-0.05693348585280883,0.01875682421211816,-0.09383560566710496,-0.02003136603851268,0.00259951036033356,0.03867341729057651,TRUE,TRUE,Protein only,FALSE
AD_vs_MCI,CCDC90B,-0.00927629278539424,0.01985097158951009,-0.04818419710083403,0.02963161153004554,0.6402876434414718,0.8640354373173948,FALSE,0.0036934581843725,0.01853331790539825,-0.03276893599105454,0.04015585235979954,0.842164307265827,0.9305230889281804,FALSE,TRUE,Neither,FALSE
AD_vs_MCI,CCT3,0.00140727660410711,0.02735008742097216,-0.05219889474099831,0.05501344794921255,0.9589636042738096,0.987491423199326,FALSE,0.01533291713334435,0.01016186021910851,-0.00465949624649638,0.0353253305131851,0.13231785908436672,0.3477444561060216,FALSE,TRUE,Neither,TRUE
AD_vs_MCI,CCT6A,-0.03178595369643774,0.02693322570600194,-0.08457507608020155,0.02100316868732606,0.23793011730545824,0.5905654095515395,FALSE,0.01101005982625299,0.00926031912891336,-0.00720866431112,0.02922878396362599,0.23533978342092343,0.47788048699895547,FALSE,TRUE,Neither,FALSE
AD_vs_MCI,CLPP,-0.02902622402545881,0.01992481352040602,-0.06807885852545462,0.01002641047453698,0.14517498161304923,0.48236589414140113,FALSE,0.02842295133809483,0.0173586435399725,-0.00572839200668479,0.06257429468287447,0.10252992525136852,0.2999840481190127,FALSE,TRUE,Neither,FALSE
AD_vs_MCI,CLPX,0.01338321168366051,0.03459376087285307,-0.0544205596271315,0.08118698299445253,0.6988540907068652,0.8906363670229839,FALSE,0.01472431717711886,0.01667084070378692,-0.01807384492639633,0.04752247928063406,0.37777012885409,0.628135429937781,FALSE,TRUE,Neither,TRUE
AD_vs_MCI,CNP,0.02185881496352604,0.0460199901755581,-0.06834036578056785,0.11205799570761991,0.634797510993609,0.8620523342854908,FALSE,0.02857273615683175,0.05563451788037638,-0.08088244780260705,0.13802792011627055,0.6079002017843069,0.7967532783819046,FALSE,TRUE,Neither,TRUE
AD_vs_MCI,COX4I1,-0.05843903211044581,0.02494561054089484,-0.1073324287705997,-0.00954563545029192,0.01914692914233378,0.19876347661679533,FALSE,-0.03711123270708075,0.01760792606487182,-0.07175301374522541,-0.00246945166893609,0.03583853216944387,0.1669311169114297,FALSE,TRUE,Neither,TRUE
AD_vs_MCI,COX7A2L,-0.05481942168874115,0.02741015739584756,-0.10854333018460235,-0.00109551319287992,0.04550378237763833,0.2869247784588649,FALSE,-0.05421996242136578,0.01815737987155502,-0.08994273723422126,-0.01849718760851031,0.00304329160049693,0.04289270820866592,TRUE,TRUE,Protein only,TRUE
AD_vs_MCI,CPOX,0.03033488676520724,0.03213474459596616,-0.03264921264288643,0.09331898617330094,0.3451746119095039,0.6830575107177727,FALSE,-0.00968529698166897,0.02065107639185053,-0.05031416286472733,0.03094356890138937,0.6393906552403479,0.8170989336463403,FALSE,TRUE,Neither,FALSE
AD_vs_MCI,CPT2,-0.05995710744618939,0.03954321529595742,-0.13746180942626593,0.01754759453388715,0.12945802066182568,0.45849743790974024,FALSE,-0.06323457073206931,0.02462541725130685,-0.11168254292651254,-0.01478659853762608,0.01068610300517898,0.08288245745480283,FALSE,TRUE,Neither,TRUE
AD_vs_MCI,CRYZ,0.09643730169073889,0.05371300263620048,-0.00884018347621405,0.20171478685769184,0.07258709730087942,0.35381838175574776,FALSE,0.03036073873168836,0.04563986736983519,-0.05943099972807349,0.1201524771914502,0.5063858299832864,0.7302979316765763,FALSE,TRUE,Neither,TRUE
AD_vs_MCI,CS,-0.03991801953820514,0.02178102388429777,-0.08260882635142877,0.0027727872750185,0.06684762723699263,0.3403459749302152,FALSE,-0.04072064327017274,0.01788148556384976,-0.07590062444782188,-0.00554066209252361,0.02343006853080373,0.12814123132665028,FALSE,TRUE,Neither,TRUE
AD_vs_MCI,CYC1,-0.03832484372781825,0.0244408955345727,-0.08622899897558076,0.00957931151994424,0.11686662368096762,0.43868988516196855,FALSE,-0.04248549289299555,0.01358786058686633,-0.06921820914207903,-0.01575277664391207,0.00192972540366085,0.03397385070528167,TRUE,TRUE,Protein only,TRUE
AD_vs_MCI,DAP3,-0.05289327179867694,0.01670144927819203,-0.08562811238393332,-0.02015843121342056,0.001540272338336,0.0675978002313991,FALSE,-0.0999364832581453,0.02574558031395495,-0.15058826090930774,-0.04928470560698286,1.259759704920462e-4,0.00881513375051294,TRUE,TRUE,Protein only,TRUE
AD_vs_MCI,DARS2,0.03839220557538428,0.02629214344909976,-0.01314039558485126,0.08992480673561982,0.14423075031241647,0.48122974244498967,FALSE,-0.01244419109993305,0.01756671122140285,-0.04700488617839608,0.02211650397852997,0.4792144134055056,0.711065306330479,FALSE,TRUE,Neither,FALSE
AD_vs_MCI,DCXR,-0.03787337223170577,0.04014886249428234,-0.11656514272049914,0.04081839825708761,0.34551537338833965,0.683532670657416,FALSE,-0.0146782948177702,0.01518429862318012,-0.04455183848123495,0.01519524884569455,0.3344353253131165,0.5869634133125686,FALSE,TRUE,Neither,TRUE
AD_vs_MCI,DHX30,-0.01678138425543897,0.02361971034891611,-0.06307601653931455,0.0295132480284366,0.4774051525474869,0.7759542318409606,FALSE,-0.00799084472601041,0.01429888945201934,-0.03612243703623155,0.02014074758421072,0.5766588136319086,0.7757905985613832,FALSE,TRUE,Neither,TRUE
AD_vs_MCI,DLAT,-0.04585093296239469,0.02978792933131882,-0.10423527445177956,0.01253340852699019,0.12374439983832113,0.4511021983894206,FALSE,-0.02017009705040662,0.01504860993021051,-0.0497766871854497,0.00943649308463645,0.18108803892449216,0.40931849935487175,FALSE,TRUE,Neither,TRUE
AD_vs_MCI,DLD,-0.0288857210679789,0.03286037808455859,-0.09329206211371374,0.03552061997775593,0.37937737185906134,0.7093717792505801,FALSE,-0.03922964441386228,0.01251504561713414,-0.0638517077025128,-0.01460758112521175,0.00188018931323666,0.0334489623277907,TRUE,TRUE,Protein only,TRUE
AD_vs_MCI,DLST,-0.00821217882228683,0.01940722268878549,-0.04625033529230638,0.02982597764773272,0.6721853527428387,0.8779020650712915,FALSE,-0.00674669841370473,0.01207774809361382,-0.03050842386344666,0.0170150270360372,0.5768211238023611,0.7758038270965936,FALSE,TRUE,Neither,TRUE
AD_vs_MCI,DNAJA3,-0.01816368158098747,0.02041906025106603,-0.05818503967307689,0.02185767651110195,0.3737100229442752,0.7052371686379725,FALSE,-0.00357591755847985,0.01078152892304575,-0.02478746529173038,0.01763563017477067,0.7403547887665565,0.8732939462616719,FALSE,TRUE,Neither,TRUE
AD_vs_MCI,EARS2,-0.04853617377040924,0.03056793440479005,-0.10844932520379774,0.01137697766297927,0.11232855591753443,0.4311558386499547,FALSE,-0.04463921534127967,0.0272037064342375,-0.0981597059572018,0.00888127527464245,0.10179461843508064,0.2992091384157656,FALSE,TRUE,Neither,TRUE
AD_vs_MCI,ECH1,-0.04924645684119439,0.02582073062761701,-0.09985508887132374,0.00136217518893495,0.05648888147423173,0.3163423941721252,FALSE,-0.00274205771018143,0.02159972690422566,-0.0452372957719023,0.03975318035153943,0.8990606310483851,0.956604240427068,FALSE,TRUE,Neither,TRUE
AD_vs_MCI,ECHDC1,-0.00662789618464047,0.02714991760797523,-0.05984173469627192,0.04658594232699097,0.807136220324215,0.9350829059138136,FALSE,-0.01520148574203714,0.01507566190785693,-0.04486129785693313,0.01445832637285884,0.31404934350912705,0.5668397968485022,FALSE,TRUE,Neither,TRUE
AD_vs_MCI,ECHS1,-0.0678815291347851,0.02308724773859092,-0.11313253470242332,-0.02263052356714687,0.00327981961298954,0.09218077845796438,FALSE,-0.02972045767910958,0.01583755836746624,-0.06087922260822592,0.00143830725000676,0.06148447229929814,0.22538400220376725,FALSE,TRUE,Neither,TRUE
AD_vs_MCI,ECI1,-0.02015425288773039,0.02978010988257836,-0.07852326825758399,0.03821476248212319,0.4985525787314437,0.7885843663790804,FALSE,-0.02086589200856781,0.0271913484572129,-0.07436206957748011,0.03263028556034449,0.44342531057639345,0.6855508903715254,FALSE,TRUE,Neither,TRUE
AD_vs_MCI,ECI2,-0.00983595244044423,0.03591642121168906,-0.0802321380153548,0.06056023313446633,0.7841947514327517,0.9257532859995712,FALSE,-0.0301036629442547,0.02438621563072232,-0.07808103058630887,0.01787370469779946,0.2179385279551961,0.4559503413799497,FALSE,TRUE,Neither,TRUE
AD_vs_MCI,EEF1A1,-0.01262026963120978,0.02577388587967691,-0.06313708595537654,0.03789654669295696,0.6243792159212447,0.8554080276219947,FALSE,0.04679748596616318,0.02018031098944145,0.00709480252676719,0.08650016940555916,0.02102563563538304,0.12074315362621774,FALSE,TRUE,Neither,FALSE
AD_vs_MCI,EEF1B2,-0.08068076514544534,0.02396322142731225,-0.12764867914297734,-0.03371285114791332,7.602981076108962e-4,0.04825761306391964,TRUE,-0.02618116225718544,0.01301336428272147,-0.05178361619700619,-5.787083173647081e-4,0.0450708750010509,0.1902197475176511,FALSE,TRUE,RNA only,TRUE
AD_vs_MCI,ENO1,-0.00533385489902442,0.02776474868548979,-0.05975276232258442,0.04908505252453557,0.8476569156915832,0.9499197994734188,FALSE,0.0646154821327769,0.0227590254441114,0.019839443593555,0.1093915206719988,0.00481288513826771,0.05417690173342061,FALSE,TRUE,Neither,FALSE
AD_vs_MCI,ETFA,-0.03802665645869795,0.02899852709139712,-0.09486376955783632,0.01881045664044041,0.18974608828735084,0.5402528761917764,FALSE,-0.023402462634806,0.01491158731378318,-0.05273947488440925,0.00593454961479724,0.11753856691012383,0.32449062856142713,FALSE,TRUE,Neither,TRUE
AD_vs_MCI,ETFB,-0.07608714406419895,0.03068674198225586,-0.13623315834942043,-0.01594112977897746,0.013157433651578,0.16676731235412812,FALSE,-0.02017466812761914,0.01390810101902874,-0.04753742444443457,0.00718808818919627,0.14787819591164783,0.3677792929423417,FALSE,TRUE,Neither,TRUE
AD_vs_MCI,FAHD1,-0.04598751338466844,0.0323383545796683,-0.10937068836081831,0.01739566159148144,0.15500494803860213,0.4959209066560671,FALSE,-0.03333568335868431,0.02208143235064869,-0.07677862727391618,0.01010726055654756,0.13211325211909122,0.3475657842719422,FALSE,TRUE,Neither,TRUE
AD_vs_MCI,FASTKD5,0.03990353268394169,0.03506283605746604,-0.02881962598869176,0.10862669135657516,0.2550963642806444,0.6069398475412616,FALSE,-0.05110631108776509,0.02647100153781596,-0.10318528028350989,9.72658107979696e-4,0.05440833295879517,0.21028150893773195,FALSE,TRUE,Neither,FALSE
AD_vs_MCI,FDXR,-0.01930190324750906,0.04095162752878204,-0.09956709320392186,0.06096328670890373,0.6374020853073477,0.8634805243689645,FALSE,0.01321670836322985,0.02609654978634212,-0.03812556557742834,0.06455898230388805,0.6128861884478063,0.7979439423803578,FALSE,TRUE,Neither,FALSE
AD_vs_MCI,FECH,-0.01947748860827293,0.02761722549526434,-0.07360725057899103,0.03465227336244518,0.4806447499355457,0.7779549140103094,FALSE,-0.00638266903885934,0.01596790678166457,-0.03779788104792658,0.0250325429702079,0.6896301877480238,0.8502207761869955,FALSE,TRUE,Neither,TRUE
AD_vs_MCI,FH,-0.08428920801956491,0.03361381974583643,-0.1501722947214043,-0.01840612131772551,0.01215624330444589,0.16164292981330253,FALSE,0.00462689222373463,0.0111252396253438,-0.01726087091646435,0.02651465536393362,0.6777678930732114,0.8430451116379678,FALSE,TRUE,Neither,FALSE
AD_vs_MCI,FOXRED1,-0.04954265912332809,0.02240612030131864,-0.09345865491391264,-0.00562666333274355,0.02702740966917998,0.22860856251204675,FALSE,-0.03544549918628109,0.03337251554747559,-0.1011024863878652,0.030211488015303,0.2889828500634756,0.5383906045854866,FALSE,TRUE,Neither,TRUE
AD_vs_MCI,GADD45GIP1,-0.02532982393630088,0.03459013139600112,-0.09312648147246308,0.04246683359986133,0.46399481685950994,0.7678691332969633,FALSE,-0.0436387356206176,0.019253014428383,-0.0815170585812575,-0.00576041265997769,0.02408164973096597,0.1309053780247381,FALSE,TRUE,Neither,TRUE
AD_vs_MCI,GAPDH,-0.06053832462357449,0.0359730581471427,-0.1310455185919742,0.0099688693448252,0.0923984073060001,0.39737318507602915,FALSE,0.06172932697221611,0.01569362795333532,0.0308537303090661,0.09260492363536613,1.027136205013591e-4,0.00842914356630508,TRUE,TRUE,Protein only,FALSE
AD_vs_MCI,GFM1,-0.03655149427964742,0.03263708949455918,-0.1005201896889834,0.02741720112968856,0.26274047678573276,0.6145455952194219,FALSE,-0.02595238137769673,0.01625589890371908,-0.05793418822571133,0.00602942547031787,0.11136539381672284,0.3147572024454898,FALSE,TRUE,Neither,TRUE
AD_vs_MCI,GFM2,-0.03839591501499908,0.03172943400913906,-0.10058560567291164,0.02379377564291347,0.2262389884527793,0.5798879958973756,FALSE,0.0160620726811338,0.03827811503782531,-0.05924617627492574,0.09137032163719334,0.6750479703482923,0.8413953515575554,FALSE,TRUE,Neither,FALSE
AD_vs_MCI,GLDC,-0.04742172490932554,0.03154971783507595,-0.1092591718660744,0.01441572204742332,0.1328186196560013,0.464249951309178,FALSE,-0.04645801405258312,0.01687991299717769,-0.07966750436034577,-0.01324852374482048,0.00625566335221319,0.06265514790563141,FALSE,TRUE,Neither,TRUE
AD_vs_MCI,GLRX5,-0.01245799316136455,0.02026177767669676,-0.0521710774076902,0.02725509108496109,0.5386525091820831,0.8098867646911927,FALSE,0.04079597787887518,0.0298844844401154,-0.01799866736203526,0.09959062311978562,0.17317253435616392,0.3981036246566535,FALSE,TRUE,Neither,FALSE
AD_vs_MCI,GLS,-0.01583772410814048,0.04631073216902062,-0.10660675915942092,0.07493131094313993,0.7323597696843477,0.9048662021907636,FALSE,-0.00425717734611197,0.01933083854308777,-0.04228861123708843,0.03377425654486448,0.8258344585867956,0.9222664015122072,FALSE,TRUE,Neither,TRUE
AD_vs_MCI,GLUD1,-0.02339582038028928,0.0402343835376717,-0.1022552121141258,0.05546357135354723,0.5609114500452745,0.8220780624686006,FALSE,0.030470786114573042,0.01862711464903791,-0.00617614349354975,0.06711771572269584,0.10285735791493622,0.3002514268911047,FALSE,TRUE,Neither,FALSE
AD_vs_MCI,GNG12,0.10433553466629164,0.04979200921626228,0.00674319660241759,0.20192787273016571,0.03613302618326242,0.2588580667970746,FALSE,0.06478015185736641,0.02190187856848532,0.02169046151574438,0.10786984219898844,0.00332949030555514,0.04498203730959037,TRUE,TRUE,Protein only,TRUE
AD_vs_MCI,GOT2,-0.04609697789677798,0.03393880199564236,-0.112617029808237,0.02042307401468104,0.17438810766176852,0.5207961974294074,FALSE,-0.00771461673625917,0.02554001339459666,-0.0579619626455538,0.04253272917303545,0.7628023288359703,0.8889460030044473,FALSE,TRUE,Neither,TRUE
AD_vs_MCI,GPT2,0.06504881380611614,0.04946005937690043,-0.03189290257260871,0.161990530184841,0.18844987083834416,0.5388726322946596,FALSE,-0.05405411615194694,0.0258604181817516,-0.1049318254804939,-0.00317640682339997,0.03738561850289126,0.17283725071542863,FALSE,TRUE,Neither,FALSE
AD_vs_MCI,GRPEL1,-0.02645248496748835,0.02714399694839801,-0.07965471898634846,0.02674974905137175,0.32979627344052004,0.6717926078675237,FALSE,-0.00511844249455627,0.01501756406002348,-0.0346639530775161,0.02442706808840355,0.733454676897288,0.870767341603674,FALSE,TRUE,Neither,TRUE
AD_vs_MCI,GRSF1,-0.02636107598093244,0.02119314732843482,-0.06789964474466471,0.01517749278279981,0.213555127323142,0.5667501328711944,FALSE,-0.00929975300773255,0.01407043357706235,-0.03698188191334941,0.01838237589788429,0.5091239841695531,0.73237852175705,FALSE,TRUE,Neither,TRUE
AD_vs_MCI,GSR,-0.01206753090406044,0.02281810435989121,-0.05679101544944721,0.03265595364132634,0.5969041457809603,0.842067846083961,FALSE,0.00286750900020428,0.01215161623104255,-0.02103954440202189,0.02677456240243046,0.8136008674027129,0.915435916263822,FALSE,TRUE,Neither,FALSE
AD_vs_MCI,GSTK1,-0.03999722851628815,0.01505835755885327,-0.06951160933164055,-0.01048284770093573,0.00790388835020516,0.135468158310204,FALSE,-0.05130661425596744,0.01437096013225645,-0.07957999820677394,-0.02303323030516094,4.114285488356912e-4,0.0152799157407007,TRUE,TRUE,Protein only,TRUE
AD_vs_MCI,GUF1,-0.05239687245496022,0.02696781210062572,-0.10525378417218664,4.600392622661973e-4,0.05202326656223527,0.3054072706211576,FALSE,0.00885185262917344,0.01975729830860687,-0.03001859692805825,0.04772230218640514,0.6544347525834975,0.8270650822515735,FALSE,TRUE,Neither,FALSE
AD_vs_MCI,HADH,-0.01379486922679584,0.02852406539468795,-0.06970203740038423,0.04211229894679253,0.6286540671438464,0.858222440689767,FALSE,-0.01078071152564713,0.01695053650427196,-0.04412914630988542,0.02256772325859115,0.5252239993757617,0.7413831586947764,FALSE,TRUE,Neither,TRUE
AD_vs_MCI,HADHA,-0.01715075433174516,0.02869952503713002,-0.07340182340452,0.03910031474102968,0.550108767203258,0.8174299731891317,FALSE,-0.03046512712376592,0.01462477084185282,-0.05923785750495725,-0.00169239674257459,0.03803315524610393,0.1741973851050066,FALSE,TRUE,Neither,TRUE
AD_vs_MCI,HADHB,-0.00503344530349522,0.04206405350844905,-0.08747899018005537,0.07741209957306491,0.9047513455692368,0.9695042895342816,FALSE,-0.04811819792287098,0.01602304943083623,-0.07964189741487233,-0.01659449843086963,0.00288323101682079,0.04212091145174322,TRUE,TRUE,Protein only,TRUE
AD_vs_MCI,HAGH,-0.05112431490284743,0.02490080345735771,-0.09992988967926857,-0.0023187401264263,0.0400610290633822,0.2713283259874946,FALSE,-0.00372920246142821,0.01236083522921995,-0.02804787269445998,0.02058946777160355,0.7630803214594115,0.8890663328567634,FALSE,TRUE,Neither,TRUE
AD_vs_MCI,HARS2,-0.06017924858147528,0.01443691580238621,-0.08847560355415227,-0.0318828936087983,3.067071907798594e-5,0.01043579879465012,TRUE,-0.02302297084833991,0.01394941333116626,-0.05046700488440374,0.00442106318772391,0.09982861397589536,0.295995330949508,FALSE,TRUE,RNA only,TRUE
AD_vs_MCI,HIBCH,0.04210866429728266,0.03923915376311508,-0.0348000770784229,0.11901740567298824,0.2832133501095823,0.6315171853465414,FALSE,-0.00596187267570308,0.02662933330881116,-0.0583523433238046,0.04642859797239843,0.8229905431099659,0.9211121608762664,FALSE,TRUE,Neither,FALSE
AD_vs_MCI,HINT2,-0.06368332440187022,0.03262989375868921,-0.12763791616890108,2.712673651606434e-4,0.05097543179084363,0.3033377420623549,FALSE,0.01054919937391082,0.01289069553029092,-0.0148119164295351,0.03591031517735676,0.41376131604243693,0.6585367289087676,FALSE,TRUE,Neither,FALSE
AD_vs_MCI,HSD17B10,-0.00820953427929913,0.03035227587722682,-0.06769999499866372,0.05128092644006545,0.7867947851414598,0.926455989033354,FALSE,-0.01141652286532553,0.01275721957318838,-0.03651503847027179,0.01368199273962072,0.3715088019640629,0.6234290185993245,FALSE,TRUE,Neither,TRUE
AD_vs_MCI,HSD17B8,-0.1259610296599287,0.05787820633533439,-0.2394023140771841,-0.01251974524267328,0.02953194573162492,0.23714758321269772,FALSE,-0.04011210385932345,0.02061366853437464,-0.08066737363554835,4.4316591690143903e-4,0.05254122186390822,0.20625702325790657,FALSE,TRUE,Neither,TRUE
AD_vs_MCI,HSP90AA1,0.01070544685592051,0.04688853736466159,-0.0811960863788162,0.10260698009065722,0.8193998646652524,0.940067422131014,FALSE,0.03023112541102979,0.01904400409413059,-0.007235991243586,0.06769824206564559,0.11340059332233184,0.31754662565989233,FALSE,TRUE,Neither,TRUE
AD_vs_MCI,HSP90AB1,-0.06821184825140998,0.0343717587920556,-0.13558049548383894,-8.43201018981013e-4,0.04719658698707679,0.2921600854406794,FALSE,0.01048953914275524,0.02032484944822011,-0.02949750882782709,0.05047658711333758,0.6061445824951803,0.7958873898672201,FALSE,TRUE,Neither,FALSE
AD_vs_MCI,HSPA5,-0.04529401128037386,0.06282339269843772,-0.16842786096931178,0.07783983840856407,0.4709257216699556,0.7719528512237112,FALSE,0.00555913290431714,0.01388070661041601,-0.02174972773498718,0.03286799354362146,0.6890600221614877,0.8499242164260967,FALSE,TRUE,Neither,FALSE
AD_vs_MCI,HSPA9,-0.03416251583585308,0.02568963952887929,-0.0845142093124565,0.01618917764075034,0.18357861870402545,0.5319569872761125,FALSE,-0.0163055622807441,0.01339531251835637,-0.04265946003615234,0.01004833547466413,0.22440171247007823,0.4646951213055589,FALSE,TRUE,Neither,TRUE
AD_vs_MCI,IARS2,0.01991560700839581,0.03363342785162013,-0.04600591158077964,0.08583712559757127,0.5537586542990349,0.8191806920983546,FALSE,-0.01056904961171457,0.00989746913780213,-0.03004130076953611,0.00890320154610695,0.2863905418094542,0.536705368960038,FALSE,TRUE,Neither,FALSE
AD_vs_MCI,IBA57,0.04512349104124731,0.0336998077840424,-0.0209281322154758,0.11117511429797045,0.18057600133673776,0.5281722012925849,FALSE,0.00761453845422116,0.01291374419574765,-0.01779192322465791,0.03302100013310024,0.5558436019746121,0.7621202878689108,FALSE,TRUE,Neither,TRUE
AD_vs_MCI,IDH2,-0.04894897714202196,0.04427348751046541,-0.13572501266253417,0.03782705837849024,0.2688976422549942,0.619850448418997,FALSE,-0.03931724404963785,0.01824119839905842,-0.07520492318262817,-0.00342956491664752,0.03187443978969305,0.15649264256058198,FALSE,TRUE,Neither,TRUE
AD_vs_MCI,IDH3A,-0.0127434447477461,0.04685170461536624,-0.10457278579386396,0.07908589629837173,0.7856256119578875,0.9261907111429846,FALSE,-0.02223908221605119,0.01951862287377446,-0.06063996243716764,0.01616179800506524,0.2553969387327121,0.502576633995134,FALSE,TRUE,Neither,TRUE
AD_vs_MCI,IDH3G,-0.0761153148815495,0.02910991502059363,-0.13317074832191303,-0.01905988144118597,0.00892913086940436,0.1427714945251554,FALSE,-0.00106100566624289,0.01470552663828433,-0.02999261475962524,0.02787060342713944,0.9425274571538652,0.9762987992668702,FALSE,TRUE,Neither,TRUE
AD_vs_MCI,IGHG2,-0.34334227439700227,0.18495721177966576,-0.7058584094851472,0.01917386069114263,0.06340603224598197,0.3327836692415661,FALSE,0.05370655422597426,0.09568424292669316,-0.13454233891766448,0.241955447369613,0.5749926737779674,0.7746197290156167,FALSE,TRUE,Neither,FALSE
AD_vs_MCI,IMMT,-0.06264100002804564,0.03102871741050211,-0.12345728615262978,-0.00182471390346149,0.04350725601976785,0.2818655792614554,FALSE,-0.02912886045608692,0.01246674209238533,-0.05365589153472282,-0.00460182937745103,0.02008004088327368,0.117298792209066,FALSE,TRUE,Neither,TRUE
AD_vs_MCI,KPNB1,-0.03153276685097739,0.01257293768186575,-0.05617572470743428,-0.00688980899452051,0.01214210633264628,0.16161316052556046,FALSE,0.01669377760679669,0.01007671540945192,-0.00313112212937067,0.03651867734296405,0.09856557869535935,0.29344743382211147,FALSE,TRUE,Neither,FALSE
AD_vs_MCI,LAP3,2.6126747966173e-4,0.05734770712164379,-0.11214023847876008,0.11266277343808356,0.9963649711976562,0.9985581617474768,FALSE,4.265484072166203e-4,0.03056305329591164,-0.05970311116957829,0.06055620798401153,0.988873499935238,0.9967092645939958,FALSE,TRUE,Neither,TRUE
AD_vs_MCI,LETM1,0.00773964791418251,0.02148741102568636,-0.03437567769616277,0.04985497352452778,0.7187016650378814,0.8989064442241896,FALSE,-0.01342320559259812,0.01374706278628456,-0.04046913577231252,0.01362272458711627,0.32958240460556776,0.5814546722028879,FALSE,TRUE,Neither,FALSE
AD_vs_MCI,LONP1,-0.00172843502568398,0.02442316627660547,-0.04959784092783072,0.04614097087646274,0.94358056249147,0.9831361776797176,FALSE,-0.0242674463681753,0.01378483287854661,-0.05138768531435726,0.00285279257800666,0.07928654323908493,0.26076118256623987,FALSE,TRUE,Neither,TRUE
AD_vs_MCI,LRPPRC,-0.05746412161544499,0.02919992840906168,-0.1146959812972059,-2.3226193368407896e-4,0.04907330822568884,0.2983973204381938,FALSE,-0.07650830284979865,0.01971562938723097,-0.1152967730958337,-0.03771983260376359,1.265229027858682e-4,0.00881513375051294,TRUE,TRUE,Protein only,TRUE
AD_vs_MCI,LYRM7,-0.0726632092868547,0.03492192341496942,-0.14111017918019475,-0.00421623939351463,0.03745832340537758,0.26350974075690214,FALSE,-0.01561543065772058,0.02128708298473316,-0.05749557400799932,0.02626471269255814,0.463751219570667,0.7020515653909006,FALSE,TRUE,Neither,TRUE
AD_vs_MCI,MCCC2,-0.06664339528166222,0.03365584327589207,-0.1326088481024107,-6.779424609137524e-4,0.04768741982327569,0.29385604672230553,FALSE,-0.00815372287769408,0.01307398235128794,-0.03387543662417792,0.01756799086878975,0.5332945622328955,0.7461852157628243,FALSE,TRUE,Neither,TRUE
AD_vs_MCI,MDH2,-0.07076028123901891,0.03639931464315467,-0.14210293793960205,5.823754615642412e-4,0.05189540613345971,0.3054072706211576,FALSE,0.00347040213001642,0.01573094422956188,-0.02747861046329123,0.03441941472332409,0.8255367223946841,0.9222664015122072,FALSE,TRUE,Neither,FALSE
AD_vs_MCI,ME2,-0.06246251470793144,0.03505958520833249,-0.1311793017162631,0.00625427230040023,0.07481281948955203,0.3590077744258763,FALSE,-0.0447729418772905,0.01457414249620481,-0.0734460662027885,-0.0160998175517925,0.00230803830422872,0.03663499586954082,TRUE,TRUE,Protein only,TRUE
AD_vs_MCI,MIPEP,0.03256873068432221,0.02847104722878404,-0.02323452188409451,0.08837198325273894,0.25265491715108485,0.6048417069102795,FALSE,-0.045161509611159,0.02004065182341252,-0.08458942802532034,-0.00573359119699766,0.02490382928454445,0.1343697597028231,FALSE,TRUE,Neither,FALSE
AD_vs_MCI,MMAB,-0.02119863248522606,0.026322535398587,-0.07279080186645659,0.03039353689600446,0.42062258850300777,0.7388957840892971,FALSE,-0.01492237130545851,0.03986981044010701,-0.09336211703189969,0.06351737442098267,0.7084455223985076,0.8596639203347498,FALSE,TRUE,Neither,TRUE
AD_vs_MCI,MOGS,-0.0502042604660382,0.01868822868394736,-0.08683318868657504,-0.01357533224550136,0.00722242171559651,0.1309775088957909,FALSE,-0.00321107257327072,0.00832182565654031,-0.0195834074620805,0.01316126231553905,0.6998553316709417,0.8565946421798777,FALSE,TRUE,Neither,TRUE
AD_vs_MCI,MRPL14,-0.03825368777583341,0.02521628974606119,-0.08767761567811334,0.01117024012644651,0.1292609146478792,0.4584588004359937,FALSE,-0.07641522448164151,0.02473686111768888,-0.12508245100524465,-0.02774799795803837,0.00218329001939617,0.03606681694379141,TRUE,TRUE,Protein only,TRUE
AD_vs_MCI,MRPL15,-0.05212347825757549,0.02913219799891133,-0.10922258633544173,0.00497562982029072,0.07358178498042346,0.3556802083235202,FALSE,-0.06707365324382569,0.02248486731968733,-0.11131031390963214,-0.02283699257801924,0.00307298319610308,0.0430725578561226,TRUE,TRUE,Protein only,TRUE
AD_vs_MCI,MRPL19,0.05186050034658796,0.0253353753875458,0.00220316458699818,0.10151783610617772,0.04066201079645795,0.2732667943999663,FALSE,-0.0507579497679852,0.0231255026306233,-0.09625499442705604,-0.00526090510891436,0.02888874770054893,0.14642132739410338,FALSE,TRUE,Neither,FALSE
AD_vs_MCI,MRPL22,-0.05258484736258814,0.02292288067091999,-0.09751369347759133,-0.00765600124758496,0.02179110238787026,0.20951421591261332,FALSE,-0.05127305895592096,0.01732631597333145,-0.08536080114284988,-0.01718531676899203,0.00331360312881414,0.04495896725175034,TRUE,TRUE,Protein only,TRUE
AD_vs_MCI,MRPL3,-0.05296963316727806,0.03017864102867877,-0.11211976958348846,0.00618050324893233,0.07922463685459541,0.3677116837163743,FALSE,-0.03205533319552023,0.02388980697360502,-0.07905606793135134,0.01494540154031087,0.1806113138304158,0.4084223843418469,FALSE,TRUE,Neither,TRUE
AD_vs_MCI,MRPL37,-0.04684966673141183,0.02613622655607308,-0.09807667078131509,0.0043773373184914,0.07304996615478915,0.35475161391829896,FALSE,-0.06714371538564207,0.0190401780960758,-0.10460330478313636,-0.02968412598814776,4.826882246034386e-4,0.01637278457854863,TRUE,TRUE,Protein only,TRUE
AD_vs_MCI,MRPL39,-0.04756450840105438,0.02226749424315043,-0.09120879711762922,-0.00392021968447954,0.03267523857274108,0.2483073048729762,FALSE,-0.07364801062802706,0.01980908958091321,-0.11262035417937896,-0.03467566707667516,2.3707321840653103e-4,0.01200596066551304,TRUE,TRUE,Protein only,TRUE
AD_vs_MCI,MRPL4,-0.00466067613269114,0.02287263709742983,-0.04949104484365362,0.04016969257827133,0.8385360094075489,0.9466634986616882,FALSE,0.01174653111502033,0.02405369875362018,-0.0355766438182718,0.05906970604831246,0.6256387902820953,0.8063635532117674,FALSE,TRUE,Neither,FALSE
AD_vs_MCI,MRPL44,0.01467250719137928,0.0324924232517968,-0.04901264238214245,0.07835765676490103,0.6515809234036456,0.8696041677554825,FALSE,-0.0612461310943293,0.02234460813833317,-0.10520684626654614,-0.01728541592211246,0.00646943129625883,0.06346102911159991,FALSE,TRUE,Neither,FALSE
AD_vs_MCI,MRPL47,-0.02726672371897245,0.02415590559661286,-0.07461229868833366,0.02007885125038875,0.2589902917805119,0.610354157726654,FALSE,-0.10408914832014016,0.02376033532051479,-0.1508351609132002,-0.05734313572708011,1.6041570800519217e-5,0.00296754410898751,TRUE,TRUE,Protein only,TRUE
AD_vs_MCI,MRPL48,-0.00854163941956165,0.02238173288023297,-0.05240983586481829,0.03532655702569497,0.7027325572434102,0.8923666702293811,FALSE,-0.08389614153399932,0.02203208670284003,-0.12724200296942778,-0.04055028009857087,1.6794446261305328e-4,0.01041738448459157,TRUE,TRUE,Protein only,TRUE
AD_vs_MCI,MRPL49,-0.00491943014251481,0.02178260250903854,-0.04761333106023036,0.03777447077520073,0.8213241800784958,0.9408430392583772,FALSE,-0.06557723889789902,0.0197692294638075,-0.10447116177416156,-0.02668331602163648,0.00101400752730684,0.02340647932361589,TRUE,TRUE,Protein only,TRUE
AD_vs_MCI,MRPL53,0.02065177275657987,0.03639003339448146,-0.05067269269660378,0.09197623820976354,0.5703665230463835,0.8259010352836205,FALSE,-0.08667896850432838,0.02623035562512262,-0.1382844916517121,-0.03507344535694465,0.00105914110655811,0.02372516525107781,TRUE,TRUE,Protein only,FALSE
AD_vs_MCI,MRPS12,-0.06348229862343474,0.02658413894144002,-0.11558721094865718,-0.01137738629821229,0.01694142579762873,0.1874612162808626,FALSE,-0.0572369922682977,0.02485211146529606,-0.10613096198083,-0.00834302255576541,0.02191327927257325,0.12333491696775742,FALSE,TRUE,Neither,TRUE
AD_vs_MCI,MRPS15,-0.00368229524684912,0.02045685588760222,-0.04377773278654949,0.03641314229285124,0.8571502200515222,0.9528337471868092,FALSE,-0.0546159361718857,0.02278103806649537,-0.09943528227850032,-0.00979659006527107,0.01708284147645034,0.10716389664739429,FALSE,TRUE,Neither,TRUE
AD_vs_MCI,MRPS16,-0.04332402080600742,0.03301670163626124,-0.10803675601307948,0.0213887144010646,0.1894577199761293,0.5397896001466573,FALSE,-0.06730286089260462,0.02335250439503274,-0.11324650814354076,-0.02135921364166847,0.00421791866043321,0.05061502392519859,FALSE,TRUE,Neither,TRUE
AD_vs_MCI,MRPS2,-0.01729170806691091,0.01953219452243269,-0.05557480933087899,0.02099139319705716,0.3759988181498016,0.7068288626294035,FALSE,-0.0766206460343527,0.02311281259507099,-0.1220927243554602,-0.0311485677132452,0.00102127327237474,0.02340647932361589,TRUE,TRUE,Protein only,TRUE
AD_vs_MCI,MRPS22,-0.04018627566977539,0.02406696394302389,-0.0873575249981022,0.00698497365855143,0.09496503196154096,0.4017454108041112,FALSE,-0.07949573654176134,0.02696961598225518,-0.13255567830310425,-0.02643579478041843,0.00343763280535154,0.04590728533760806,TRUE,TRUE,Protein only,TRUE
AD_vs_MCI,MRPS23,-0.07344204896591477,0.03245449344603525,-0.13705285612014387,-0.00983124181168568,0.0236403806554919,0.2180074888472408,FALSE,-0.07503435451118479,0.02432657997897073,-0.122894395150477,-0.02717431387189257,0.00221679721022091,0.03617756979243075,TRUE,TRUE,Protein only,TRUE
AD_vs_MCI,MRPS25,-0.02975734806776147,0.0163622477340101,-0.06182735362642128,0.00231265749089833,0.06896348014697132,0.3447032017796914,FALSE,-0.06519099058721312,0.02098968865687511,-0.10648604122698815,-0.02389593994743807,0.00206687170171072,0.03528940677283269,TRUE,TRUE,Protein only,TRUE
AD_vs_MCI,MRPS26,-0.04308502345111997,0.02638894808718069,-0.09480736170199414,0.00863731479975418,0.10253379863251814,0.4163577240136006,FALSE,-0.03004965136891696,0.01829339389652838,-0.06604001976740452,0.00594071702957059,0.10143647115330622,0.29850131013766457,FALSE,TRUE,Neither,TRUE
AD_vs_MCI,MRPS27,-0.06264039960022516,0.02523920042556302,-0.11210923243432867,-0.01317156676612164,0.01306951610359247,0.16653211748132893,FALSE,-0.07961130696909036,0.02419145848022052,-0.1272055099761705,-0.03201710396201022,0.00111008278801777,0.02403447329972096,TRUE,TRUE,Protein only,TRUE
AD_vs_MCI,MRPS31,-0.01805205451120283,0.01831841385510473,-0.05395614566720811,0.01785203664480244,0.32439842761822524,0.667141723267881,FALSE,-0.03881445300092245,0.02334922669417285,-0.08475165171299726,0.00712274571115235,0.09742190107124228,0.29110909011610175,FALSE,TRUE,Neither,TRUE
AD_vs_MCI,MRPS35,-0.06383633752056173,0.02471260020538391,-0.1122730339231142,-0.01539964111800926,0.00979029272741125,0.14778657420542343,FALSE,-0.10627079036192044,0.02627697786419198,-0.15796803796290526,-0.05457354276093563,6.582041712452725e-5,0.00659259121177185,TRUE,TRUE,Protein only,TRUE
AD_vs_MCI,MRPS5,-0.00991942644181994,0.02573874783343822,-0.06036737219535886,0.04052851931171897,0.6999493418396932,0.8911666973059523,FALSE,-0.073179866701305,0.02093101935330257,-0.11435949152883317,-0.03200024187377683,5.384408083000822e-4,0.01762728032406748,TRUE,TRUE,Protein only,TRUE
AD_vs_MCI,MRPS6,0.2055521994610025,0.05007492425001938,0.10740534793096453,0.3036990509910405,4.045022925320868e-5,0.01234686435834457,TRUE,-0.03575727101085796,0.01747691688244481,-0.07014130497561634,-0.00137323704609958,0.04157541889653894,0.18220131898844977,FALSE,TRUE,RNA only,FALSE
AD_vs_MCI,MRPS9,-0.05446841579468436,0.02396832687180205,-0.1014463364634164,-0.00749049512595233,0.02305533885461268,0.2160870691107313,FALSE,-0.0608304824803858,0.02257044462777475,-0.10523550768598394,-0.01642545727478767,0.00740723390168421,0.06839317233680373,FALSE,TRUE,Neither,TRUE
AD_vs_MCI,MTHFD1L,-0.06304274125255024,0.03212196020912739,-0.12600178326243994,-8.369924266056483e-5,0.04969201133384421,0.2998201797455706,FALSE,0.00162404210655897,0.01843827579001475,-0.03465136649553096,0.03789945070864892,0.9298681807400812,0.9690942793966466,FALSE,TRUE,Neither,FALSE
AD_vs_MCI,MTPAP,-0.00878613570014951,0.02707999419583062,-0.06186292432397754,0.04429065292367851,0.7455964878359647,0.9101319997608126,FALSE,0.00396858586490467,0.01690549790188924,-0.02929124010780987,0.03722841183761922,0.8145518265866593,0.9156959111075834,FALSE,TRUE,Neither,FALSE
AD_vs_MCI,NADK2,0.04091200535485456,0.0327029061439177,-0.02318569068722413,0.10500970139693326,0.21092700543039555,0.5638696151861962,FALSE,0.01230208682682335,0.01312181493860806,-0.01351373260878745,0.03811790626243416,0.349192613134112,0.6016566256777385,FALSE,TRUE,Neither,TRUE
AD_vs_MCI,NARS2,0.02809053372039206,0.03095740610040076,-0.03258598223639344,0.08876704967717755,0.3641990076509243,0.6989142583953807,FALSE,0.00498060728477338,0.01520400757637849,-0.02493171171422342,0.03489292628377019,0.7434393225103004,0.8752011274716355,FALSE,TRUE,Neither,TRUE
AD_vs_MCI,NDUFA10,-0.04028007032830497,0.02076322166225145,-0.08097598478631782,4.15844129707875e-4,0.0523830830255781,0.30608153003191746,FALSE,-0.03237784490157253,0.01894260749823657,-0.06964547419691429,0.00488978439376923,0.08837123081724381,0.2757297518844798,FALSE,TRUE,Neither,TRUE
AD_vs_MCI,NDUFA13,0.08690499397086174,0.05067015465310551,-0.01240850914922507,0.18621849709094856,0.08632468130917996,0.3849468635005225,FALSE,-0.03956035242637452,0.01733193905260402,-0.07365915744263399,-0.00546154741011505,0.02311424339987769,0.12727843118893692,FALSE,TRUE,Neither,FALSE
AD_vs_MCI,NDUFA2,-0.07371174911371511,0.02515335556977987,-0.12301232603048368,-0.02441117219694655,0.00338423895560714,0.09333627966296816,FALSE,-0.03699155803885302,0.01789904371696395,-0.07220608307438611,-0.00177703300331993,0.03956774734208528,0.1773373366004569,FALSE,TRUE,Neither,TRUE
AD_vs_MCI,NDUFA6,-0.06961605174875676,0.02092070895747624,-0.11062064130541022,-0.02861146219210331,8.759302598142353e-4,0.05062876901726279,FALSE,-0.03716345245267835,0.01940149785444232,-0.07533390126132498,0.00100699635596827,0.05631962205195861,0.21420533929298927,FALSE,TRUE,Neither,TRUE
AD_vs_MCI,NDUFA8,-0.03772505277280966,0.02855212275491062,-0.09368721337243448,0.01823710782681516,0.18641147533387295,0.5358220441138497,FALSE,-0.05508568313233306,0.02000471192819317,-0.09444289350421071,-0.01572847276045538,0.00623016827005468,0.06252287210658432,FALSE,TRUE,Neither,TRUE
AD_vs_MCI,NDUFA9,-0.07646591689946412,0.02437508791526726,-0.12424108921338796,-0.02869074458554028,0.00170655890540975,0.06986629034510707,FALSE,-0.02938988684618515,0.02608478872616405,-0.08070902211225078,0.02192924841988047,0.2607101166762003,0.5080402426842233,FALSE,TRUE,Neither,TRUE
AD_vs_MCI,NDUFAF3,-0.08284662922149078,0.02441772605167076,-0.13070537228276546,-0.03498788616021607,6.915970766308643e-4,0.04673613478545786,TRUE,0.00386890150988239,0.02091138788030174,-0.03727210041642247,0.04500990343618726,0.8533350596113202,0.9347436117302488,FALSE,TRUE,RNA only,FALSE
AD_vs_MCI,NDUFAF7,-0.01778921737130681,0.02148170942005266,-0.05989336783461004,0.02431493309199641,0.40760823354121506,0.728924051897877,FALSE,-0.06843191819967387,0.02087415650993398,-0.10949967123935356,-0.02736416515999416,0.00115904717833608,0.02426844462293818,TRUE,TRUE,Protein only,TRUE
AD_vs_MCI,NDUFB1,-0.05204235356401166,0.03159790458964794,-0.11397424655972162,0.00988953943169829,0.09955411230052988,0.4107482761934035,FALSE,-0.05444959255135476,0.02051061094368128,-0.09480210713210888,-0.01409707797060063,0.00833428999956996,0.07248557857891874,FALSE,TRUE,Neither,TRUE
AD_vs_MCI,NDUFB10,-0.03220257219409006,0.02266724797228826,-0.07663037821977506,0.01222523383159492,0.15541409062898004,0.49634619304174665,FALSE,-0.01411784306713254,0.01552661975126633,-0.04466486829340049,0.01642918215913541,0.36389278988696927,0.6161352795157736,FALSE,TRUE,Neither,TRUE
AD_vs_MCI,NDUFS1,-0.02591549257429301,0.03195062216576875,-0.08853871201919976,0.03670772687061373,0.417302082554776,0.7361317126417563,FALSE,-0.03212602959871863,0.01673717577316065,-0.06505469911917369,8.026399217364241e-4,0.0558165712916573,0.21338153321122744,FALSE,TRUE,Neither,TRUE
AD_vs_MCI,NDUFS2,-0.04109014259763473,0.0241967455840639,-0.08851576394239997,0.00633547874713051,0.08947603068026859,0.39085155964948975,FALSE,-0.03368577760491831,0.01704714666956317,-0.06722428293918883,-1.4727227064779275e-4,0.04900839125301141,0.1982151786131336,FALSE,TRUE,Neither,TRUE
AD_vs_MCI,NDUFS3,-0.05444068907526456,0.02399765257599312,-0.10147608812421108,-0.00740529002631805,0.02329363955829058,0.217077605021844,FALSE,-0.0209955849420359,0.01685627807991539,-0.05415857598431783,0.01216740610024601,0.2138345062873173,0.4510737844070773,FALSE,TRUE,Neither,TRUE
AD_vs_MCI,NDUFS4,-0.03284051755049518,0.03175781530997076,-0.09508583555803787,0.02940480045704751,0.3010929379980889,0.6488569533282629,FALSE,-0.04306056418208066,0.01819412852879634,-0.07885563819320113,-0.00726549017096019,0.01854046846634074,0.11191043978379817,FALSE,TRUE,Neither,TRUE
AD_vs_MCI,NDUFV1,-0.0785398678147772,0.02638439367826741,-0.13025327942418136,-0.02682645620537306,0.00291316994810862,0.08851110815824578,FALSE,-0.04611242045807083,0.01718455901276994,-0.0799212704250806,-0.01230357049106107,0.00766711727963923,0.06966123699786506,FALSE,TRUE,Neither,TRUE
AD_vs_MCI,NDUFV2,0.0409310296536198,0.0385505304909298,-0.03462801010860261,0.11649006941584222,0.28834914799052597,0.6362004470516608,FALSE,-0.02461835450542732,0.01924138115489187,-0.06247379019862005,0.01323708118776541,0.20166510926112072,0.4362551343199755,FALSE,TRUE,Neither,FALSE
AD_vs_MCI,NFS1,-0.07574397381397087,0.02074444524886764,-0.11640308650175143,-0.03508486112619029,2.609269773231936e-4,0.03092155536801809,TRUE,-0.03224901091183128,0.01394213218340344,-0.05967872003957959,-0.00481930178408297,0.02135234944299714,0.12206826288311176,FALSE,TRUE,RNA only,TRUE
AD_vs_MCI,NFU1,-0.0348139276830724,0.02727493826480604,-0.08827280668209224,0.01864495131594744,0.20181161105091447,0.5540136927793156,FALSE,0.01708313334734068,0.01782359572612297,-0.01798295553683353,0.0521492222315149,0.3385556456715716,0.5908763703033825,FALSE,TRUE,Neither,FALSE
AD_vs_MCI,NIPSNAP1,-0.09995449649076515,0.03076930659606159,-0.16026233741904589,-0.03964665556248444,0.00116009854457706,0.05901729786887727,FALSE,-0.04504624163197041,0.01853737815647816,-0.0815166239332194,-0.0085758593307214,0.01564686272901059,0.10232806884987904,FALSE,TRUE,Neither,TRUE
AD_vs_MCI,NIPSNAP3A,-0.01909103090265602,0.02933270535945346,-0.07658313340718481,0.03840107160187276,0.515146850158924,0.7969991710732456,FALSE,-0.00835434232817844,0.03841051292669292,-0.083923070494519,0.06721438583816211,0.8279560451446313,0.9231224304763505,FALSE,TRUE,Neither,TRUE
AD_vs_MCI,NSUN2,-0.04109722541853514,0.03592599431422291,-0.11151217427441204,0.02931772343734175,0.25264801887941774,0.6048417069102795,FALSE,-0.01660373541623136,0.01608921866922208,-0.0482576160697834,0.01505014523732067,0.30286045032354364,0.5565019758924485,FALSE,TRUE,Neither,TRUE
AD_vs_MCI,OAT,-0.03408801590954686,0.03677654576565805,-0.10617004561023664,0.03799401379114291,0.3539807778589639,0.6899793220432384,FALSE,-0.02719092435165854,0.01834314880961761,-0.06327918041723754,0.00889733171392046,0.13923085303651955,0.3579618899695864,FALSE,TRUE,Neither,TRUE
AD_vs_MCI,OGDH,-0.03038098086199777,0.0154893996060457,-0.06074020408984736,-2.175763414819995e-5,0.04983183461997786,0.30028884530886635,FALSE,-0.03107862263621497,0.03360816679869791,-0.09719922940413143,0.03504198413170149,0.35580022579034487,0.6078950801951897,FALSE,TRUE,Neither,TRUE
AD_vs_MCI,P4HB,-0.01882362127181983,0.01879772072974227,-0.05566715390211468,0.01801991135847501,0.316644165874527,0.6604695493049293,FALSE,-0.01847414435734469,0.01119885934655373,-0.04050674671670258,0.00355845800201319,0.09999570206035654,0.2961065034117172,FALSE,TRUE,Neither,TRUE
AD_vs_MCI,PC,0.02383747502039914,0.02751547005539773,-0.03009284628818042,0.0777677963289787,0.38630926198151455,0.7146392516847003,FALSE,-0.01928771289864622,0.01298286485132235,-0.04483016234841949,0.00625473655112704,0.1383608662157418,0.3568069373064847,FALSE,TRUE,Neither,FALSE
AD_vs_MCI,PCCB,-0.03978910654074872,0.03761944281954316,-0.11352321446705332,0.03394500138555587,0.2902040929793202,0.6380450299349476,FALSE,-0.00435968648931342,0.01374303472160751,-0.03139769186663851,0.02267831888801166,0.7512766491247633,0.8815231437195902,FALSE,TRUE,Neither,TRUE
AD_vs_MCI,PCK2,0.05200785243735439,0.04653057973762338,-0.03919208384838744,0.14320778872309622,0.26368941826248804,0.6152079092556838,FALSE,-0.03517203485464201,0.02526002573745583,-0.0848685338853025,0.01452446417601845,0.1647673588205197,0.38806961885813773,FALSE,TRUE,Neither,FALSE
AD_vs_MCI,PCMT1,-0.06155208996395116,0.04758041407040968,-0.15480970154195414,0.0317055216140518,0.1957886144576325,0.5470251564930736,FALSE,0.02220641651331081,0.01321581249442633,-0.00379433343227491,0.04820716645889655,0.09387545451172218,0.28447785143278287,FALSE,TRUE,Neither,FALSE
AD_vs_MCI,PDHA1,-0.05048321028075709,0.02378722121315839,-0.09710616385854752,-0.00386025670296664,0.03381399753507271,0.2518067590564105,FALSE,-0.04054402262726534,0.01420727328930372,-0.06849536957317404,-0.01259267568135665,0.00460194619145512,0.05297443941656939,FALSE,TRUE,Neither,TRUE
AD_vs_MCI,PDHB,-0.0183632208948847,0.02464143925676327,-0.06666044183814072,0.02993400004837131,0.4561405117400992,0.7632027630481997,FALSE,-0.02156165554208572,0.01732323948361009,-0.05564334505234502,0.01252003396817357,0.21416419207498297,0.4515820179351484,FALSE,TRUE,Neither,TRUE
AD_vs_MCI,PDHX,-0.06891151971965578,0.02638960100787105,-0.12063513769508304,-0.01718790174422851,0.00901951851531602,0.1434568149807231,FALSE,-0.04313531751212458,0.01348141288171141,-0.0696586088646925,-0.01661202615955668,0.0015138579129549,0.02874070545191993,TRUE,TRUE,Protein only,TRUE
AD_vs_MCI,PDIA6,0.01146301242516781,0.05541130649270944,-0.0971431483005427,0.12006917315087832,0.8361103227954287,0.9462399269959412,FALSE,-0.00630081686817216,0.01481963876380866,-0.03545692981576465,0.02285529607942032,0.6710006156227444,0.8382153528820337,FALSE,TRUE,Neither,FALSE
AD_vs_MCI,PDK1,-0.02882873841013506,0.04204442154912252,-0.1112358046464152,0.05357832782614508,0.49291913020773337,0.7849604954114124,FALSE,0.00497847034968623,0.01361747748047689,-0.02181251408724099,0.03176945478661347,0.7149092153303264,0.8613445625386456,FALSE,TRUE,Neither,FALSE
AD_vs_MCI,PDK2,-0.02571446418445282,0.03282890883834161,-0.09005912550760237,0.03863019713869672,0.43345847625957035,0.7471183913500087,FALSE,-0.02038244473737138,0.01540727618147127,-0.05069467378162906,0.00992978430688628,0.18680875106243564,0.4161483911583505,FALSE,TRUE,Neither,TRUE
AD_vs_MCI,PDK3,-0.00738544727183148,0.04202230512291888,-0.0897491653127525,0.07497827076908951,0.8604898447626792,0.9539970320741172,FALSE,-0.0439269962079698,0.01582349035088551,-0.07505808376337188,-0.01279590865256773,0.00582573459553924,0.06049252575939527,FALSE,TRUE,Neither,TRUE
AD_vs_MCI,PGAM5,0.0038097744816296,0.04562300792595662,-0.08561132105324537,0.09323087001650456,0.933449562591882,0.9795969760347052,FALSE,-0.01957783583863251,0.01647978385941003,-0.0520001132783685,0.01284444160110347,0.2357169791618315,0.4780103586988438,FALSE,TRUE,Neither,FALSE
AD_vs_MCI,PHB2,-0.05545865042976012,0.01747581624266334,-0.08971125026538027,-0.02120605059413997,0.00150638210853452,0.0670858628859816,FALSE,-0.01775316427277567,0.01277979213174555,-0.0428960890618659,0.00738976051631455,0.16574927025042974,0.3889909073035916,FALSE,TRUE,Neither,TRUE
AD_vs_MCI,PIN4,-0.03090821988463368,0.02549267488371466,-0.08087386265671441,0.01905742288744704,0.22534578073164377,0.5791670321393434,FALSE,0.04874014257243031,0.02055913796041489,0.00829215608419959,0.08918812906066104,0.01834454487317486,0.11164718219463358,FALSE,TRUE,Neither,FALSE
AD_vs_MCI,PITRM1,-0.01022008693283499,0.02346901492930499,-0.056219356194272783,0.0357791823286028,0.6632202277621779,0.8741192276856545,FALSE,-0.04241856544847455,0.05855811917155674,-0.1576256338376169,0.07278850294066778,0.4693587248458701,0.7053713653746577,FALSE,TRUE,Neither,TRUE
AD_vs_MCI,PMPCA,-0.05035747044008529,0.02001671764235742,-0.08959023701910585,-0.01112470386106473,0.01187724501963772,0.1607162425684716,FALSE,-0.01166048167712509,0.01222861774901762,-0.03571902763534394,0.01239806428109375,0.3410352620942999,0.5932264661660848,FALSE,TRUE,Neither,TRUE
AD_vs_MCI,PMPCB,-0.00468090460176697,0.02301659574846727,-0.04979343226876283,0.04043162306522889,0.838845183385057,0.9466634986616882,FALSE,-0.02311876501746565,0.0126721820054776,-0.04804997796622173,0.00181244793129042,0.06902735415157997,0.2422608224539796,FALSE,TRUE,Neither,TRUE
AD_vs_MCI,PNPT1,0.05124850423980825,0.03357283369576012,-0.01455424980388159,0.1170512582834981,0.12688855107545954,0.45503711036900346,FALSE,-0.01240870989005527,0.00944556645608159,-0.03099188906443946,0.00617446928432891,0.1898847635701168,0.4200531382771871,FALSE,TRUE,Neither,FALSE
AD_vs_MCI,POLDIP2,-0.06005178903873896,0.01701796686591977,-0.0934070040959417,-0.02669657398153621,4.1756088224682413e-4,0.03898709780714027,TRUE,-0.00770424790409124,0.01623602127057693,-0.03964694755615727,0.02423845174797478,0.6354554700601156,0.8140524183659984,FALSE,TRUE,RNA only,TRUE
AD_vs_MCI,PPA2,-0.04072351026505906,0.02218831171448748,-0.08421260122545454,0.00276558069533641,0.0664525633637221,0.3395880993865453,FALSE,-0.0531867143900944,0.01598928071834135,-0.08464397741820567,-0.02172945136198311,9.820004324886176e-4,0.02318698328132518,TRUE,TRUE,Protein only,TRUE
AD_vs_MCI,PPIA,-0.03617744555225999,0.03214064728140948,-0.09917311422382256,0.02681822311930258,0.2603357512253021,0.6121252270497807,FALSE,0.06135465658857247,0.01305530693932733,0.03566968479168298,0.08703962838546198,3.876480993415819e-6,0.00140882394960712,TRUE,TRUE,Protein only,FALSE
AD_vs_MCI,PPIF,-0.03894953061252563,0.02490344904661465,-0.08776029074389036,0.00986122951883908,0.11781251109297326,0.4403542482597292,FALSE,-0.02035695915862695,0.01409999268025683,-0.04809724255539595,0.00738332423814204,0.1497846606266822,0.37064480106401615,FALSE,TRUE,Neither,TRUE
AD_vs_MCI,PPOX,-0.04212736700460182,0.03118924055292534,-0.10325827848833548,0.01900354447913185,0.17679093796718118,0.5230562645193252,FALSE,0.00494471787288283,0.01594488884167983,-0.02642520870995291,0.03631464445571859,0.7566766500354816,0.8846440246738351,FALSE,TRUE,Neither,FALSE
AD_vs_MCI,PRDX3,-0.00295552632204614,0.02856292058379257,-0.05893885066627957,0.05302779802218729,0.9175865981690766,0.9743711487439274,FALSE,0.01932194252170127,0.01658048916506499,-0.01329846223496152,0.05194234727836407,0.24474752092084948,0.4891705592280922,FALSE,TRUE,Neither,FALSE
AD_vs_MCI,PRDX4,0.03281286364553226,0.04340000556309314,-0.0522511472581303,0.11787687454919482,0.4496152199034491,0.7584290147431553,FALSE,-0.0203051811743502,0.03004473124873098,-0.07941509550689985,0.03880473315819944,0.4996351114279254,0.7239535460458337,FALSE,TRUE,Neither,FALSE
AD_vs_MCI,PTCD3,-0.04120922529334509,0.01573937774096226,-0.07205840566563113,-0.01036004492105906,0.00883886181327369,0.14211042243026706,FALSE,-0.09226847972399832,0.02710501579127849,-0.14559480666435162,-0.03894215278364502,7.481686826651632e-4,0.01975237542640185,TRUE,TRUE,Protein only,TRUE
AD_vs_MCI,PTPMT1,-0.00349632183175167,0.02422733594570752,-0.05098190028533841,0.04398925662183507,0.8852532383057296,0.963184454974906,FALSE,-0.04636730899704713,0.01809905066168699,-0.08197532709699207,-0.01075929089710219,0.01086842927561335,0.08378570932472841,FALSE,TRUE,Neither,TRUE
AD_vs_MCI,QRSL1,0.00379903531906736,0.02401697008535178,-0.04327422604822213,0.05087229668635686,0.8743139462534979,0.9594397448143658,FALSE,0.00178896568766253,0.01684925865554834,-0.03136021536012935,0.03493814673545441,0.9155101671636668,0.962696888774046,FALSE,TRUE,Neither,TRUE
AD_vs_MCI,RPL11,-0.03611524406741923,0.02656385326272092,-0.08818039646235225,0.01594990832751378,0.17396811001488588,0.5207159185394876,FALSE,-0.02512208855957128,0.01001224031342077,-0.04482014018478589,-0.00542403693435666,0.01259591933205785,0.09125455001479182,FALSE,TRUE,Neither,TRUE
AD_vs_MCI,RPL23,-0.04318849562209496,0.0232488538615189,-0.08875624919067202,0.00237925794648209,0.06321713033034197,0.3323058364075213,FALSE,-0.01568747292097686,0.0103898712391226,-0.03612847449913872,0.00475352865718499,0.1320594028380498,0.3475657842719422,FALSE,TRUE,Neither,TRUE
AD_vs_MCI,RPL23A,-0.02027738998842943,0.02572860632025933,-0.07070545837613773,0.03015067839927887,0.43062286281118584,0.7456089230154559,FALSE,-0.03085155531584642,0.01371344606166201,-0.05783134805215589,-0.00387176257953695,0.02514463276942304,0.13514682452420856,FALSE,TRUE,Neither,TRUE
AD_vs_MCI,RPL31,-0.00214026917148857,0.0283314278380549,-0.05766986773407619,0.05338932939109903,0.9397818965769832,0.981703459949226,FALSE,-0.00491817743386252,0.01217831254501052,-0.02887775308428516,0.01904139821656011,0.6865945408573837,0.8480344232181639,FALSE,TRUE,Neither,TRUE
AD_vs_MCI,RPL9,-0.13427814526724757,0.08287173948511597,-0.29670675465807483,0.02815046412357977,0.10516508768174736,0.4207532801122752,FALSE,-0.02969291607647473,0.01062489508457459,-0.05059630286473429,-0.00878952928821518,0.00550864205147778,0.05925575213090687,FALSE,TRUE,Neither,TRUE
AD_vs_MCI,RPS10,0.00495011056632824,0.03327424917151821,-0.06026741780984746,0.07016763894250394,0.8817374829478506,0.9620812864869412,FALSE,-0.03155558461683597,0.01477358933564685,-0.06062110005729242,-0.00249006917637952,0.03344165719419052,0.16051995453211448,FALSE,TRUE,Neither,FALSE
AD_vs_MCI,RPS11,-0.02609271578412518,0.02828641154342476,-0.08153408240923773,0.02934865084098735,0.3562954578261011,0.6920084655254066,FALSE,-0.02625154893168591,0.00987458869093564,-0.04567878516682523,-0.00682431269654658,0.00824312311236365,0.07235902164617584,FALSE,TRUE,Neither,TRUE
AD_vs_MCI,RPS16,-0.02608288135083426,0.02596706453800068,-0.07697832784531561,0.02481256514364709,0.3151568734280717,0.659458947347051,FALSE,-0.0320762906848932,0.00957637573573911,-0.05091682364455332,-0.01323575772523309,9.061387937347112e-4,0.02227262890107348,TRUE,TRUE,Protein only,TRUE
AD_vs_MCI,RPS18,-0.06123754501595833,0.0284006408425319,-0.11690280106732084,-0.0055722889645958,0.03106782281738888,0.2427927407728067,FALSE,-0.03148354547795767,0.01597447879746314,-0.06291168725123647,-5.540370467887329e-5,0.04959989614768487,0.19933986698216477,FALSE,TRUE,Neither,TRUE
AD_vs_MCI,RPS3,-0.0251389099850398,0.02463961174569255,-0.07343254900659721,0.0231547290365176,0.3076032498621932,0.6537080408164234,FALSE,-0.04810460844203093,0.01065232715942693,-0.06906196501224866,-0.0271472518718132,8.874077370844428e-6,0.00248815679575057,TRUE,TRUE,Protein only,TRUE
AD_vs_MCI,RPS4X,-0.0528961265787405,0.02308968502143519,-0.09815190922075348,-0.00764034393672751,0.02196928026458506,0.21027131853281197,FALSE,-0.02718579684390373,0.0096099430889734,-0.0460923701138473,-0.00827922357396017,0.00496490372968424,0.05539787319437162,FALSE,TRUE,Neither,TRUE
AD_vs_MCI,RPS6,-0.02634438138261567,0.02437266305440189,-0.07411480096924339,0.02142603820401203,0.2797421482989013,0.6282010497779275,FALSE,-0.04077612000942201,0.01519955055606725,-0.07067967027999869,-0.01087256973884533,0.00768158296374394,0.06966826046261893,FALSE,TRUE,Neither,TRUE
AD_vs_MCI,RPS8,-0.0614532623901021,0.02089341871426841,-0.1024043630700682,-0.02050216171013601,0.0032686560870801,0.09214317335879373,FALSE,-0.0372517020708282,0.01278527505767476,-0.06240541395198072,-0.01209799018967567,0.00382363617986349,0.04825144568115065,TRUE,TRUE,Protein only,TRUE
AD_vs_MCI,RPS9,-0.01408667442953246,0.02941017949910387,-0.07173062624777604,0.04355727738871112,0.6319580175752708,0.860634652809983,FALSE,-0.04593427501667102,0.01320310391750861,-0.0719100221460666,-0.01995852788727545,5.728292870606967e-4,0.01788070805254493,TRUE,TRUE,Protein only,TRUE
AD_vs_MCI,SAMM50,-0.03210254252554061,0.02265993893729254,-0.07651602284263401,0.01231093779155277,0.15656798469416752,0.4977673919746015,FALSE,-0.02049287029123114,0.01250757198544381,-0.04510022997926328,0.00411448939680098,0.1023123069010286,0.29960342727752065,FALSE,TRUE,Neither,TRUE
AD_vs_MCI,SARS2,-0.01304249303573867,0.0304789102142979,-0.07278115705576256,0.0466961709842852,0.6687103741359619,0.8763283125704767,FALSE,-0.01413961743643743,0.01445267849759593,-0.04257377385462345,0.01429453898174858,0.32864499130351743,0.5812115800320808,FALSE,TRUE,Neither,TRUE
AD_vs_MCI,SDHA,-0.07076542216229226,0.03070627192978776,-0.1309497151446763,-0.01058112917990823,0.02118944626564622,0.20721112212114665,FALSE,-0.02874859798043835,0.01094981165759991,-0.05029122466196749,-0.00720597129890921,0.00906766204368834,0.07600702549964797,FALSE,TRUE,Neither,TRUE
AD_vs_MCI,SDHB,-0.0557376866205792,0.02593429175227024,-0.10656889845502888,-0.00490647478612951,0.0316194451506132,0.2451232029331863,FALSE,-0.01515868047701174,0.01370061653744668,-0.04211323244577971,0.01179587149175622,0.26937355276951375,0.5171089987935343,FALSE,TRUE,Neither,TRUE
AD_vs_MCI,SERPINH1,0.25431860712526244,0.10696864538218846,0.04466006217617305,0.46397715207435186,0.0174301545827105,0.18970656225717697,FALSE,-0.05063264616501106,0.03633428529309462,-0.12211661029932017,0.02085131796929804,0.16442788024712252,0.38785953500398895,FALSE,TRUE,Neither,FALSE
AD_vs_MCI,SHMT2,0.02090527102228539,0.0365700409341385,-0.05077200920862607,0.09258255125319688,0.5675589824935975,0.824905426056448,FALSE,-0.02617278514768911,0.02363377182485725,-0.07266979709820684,0.02032422680282861,0.268938222972873,0.516751389156336,FALSE,TRUE,Neither,FALSE
AD_vs_MCI,SLC25A13,-0.00510962372805056,0.03633990675101236,-0.0763358409600348,0.06611659350393366,0.8881808862757613,0.9645068707278126,FALSE,-0.03797403429055457,0.01793428303626205,-0.07325788905740073,-0.00269017952370841,0.03499623349590855,0.1648377209011193,FALSE,TRUE,Neither,TRUE
AD_vs_MCI,SLC25A5,-0.04170871821578915,0.0391163196381758,-0.11837670470661373,0.03495926827503541,0.2862997574399359,0.6343440844054955,FALSE,-0.03197940960069714,0.01884235880521582,-0.06904980991744197,0.00509099071604767,0.0906285331158996,0.2789729061632141,FALSE,TRUE,Neither,TRUE
AD_vs_MCI,SLC25A6,-0.03046292061388665,0.02178618564522591,-0.07316384447852944,0.01223800325075614,0.16203268085446135,0.5050229242877807,FALSE,-0.03639267369991367,0.01871001714287757,-0.07320270542628304,4.173580264556984e-4,0.05263881024313283,0.20625702325790657,FALSE,TRUE,Neither,TRUE
AD_vs_MCI,SLIRP,-0.05551901454702089,0.02479754805975164,-0.10412220874413412,-0.00691582034990766,0.02516298987304207,0.2237064663565493,FALSE,-0.05120681020055144,0.01876459521648481,-0.08812421866557932,-0.01428940173552357,0.00670543043074745,0.06471220156527947,FALSE,TRUE,Neither,TRUE
AD_vs_MCI,SPRYD4,0.00437169677749068,0.02329594475299028,-0.04128835493837028,0.05003174849335164,0.8511438687559292,0.9512249453880116,FALSE,0.00357266857979124,0.01546005815495798,-0.02684340356112366,0.03398874072070615,0.8173922220611539,0.917470025556398,FALSE,TRUE,Neither,TRUE
AD_vs_MCI,SSBP1,-0.04337556035773309,0.02288389650691692,-0.08822799751129026,0.00147687679582408,0.05803119767657644,0.32068257039907966,FALSE,-0.03595600697191092,0.0152646153905244,-0.06598756560305452,-0.00592444834076733,0.01909959470955226,0.11395092320143618,FALSE,TRUE,Neither,TRUE
AD_vs_MCI,ST13,-0.00697175625654926,0.02819445926785776,-0.06223289642155048,0.04828938390845196,0.8046961918458603,0.9336829997429752,FALSE,-0.02541640948555704,0.01542524895521974,-0.05576399811109357,0.00493117913997948,0.10039169176236976,0.29653696975489036,FALSE,TRUE,Neither,TRUE
AD_vs_MCI,STOML2,-0.02195677858449196,0.02013451810386161,-0.06142043406806073,0.0175068768990768,0.27549105989229367,0.6241134353479133,FALSE,0.00196308319744296,0.01176052928085492,-0.02117454690953755,0.02510071330442349,0.8675372640095894,0.9427245811915006,FALSE,TRUE,Neither,FALSE
AD_vs_MCI,SUCLA2,-0.05047659231915923,0.04850607486388575,-0.1455484990523753,0.04459531441405683,0.29805002422320154,0.6458927017693853,FALSE,-0.018791182872054,0.01359301436000137,-0.0455340386389777,0.0079516728948697,0.16780743560059086,0.3914737424740056,FALSE,TRUE,Neither,TRUE
AD_vs_MCI,SUCLG1,-0.04678039088918882,0.01801103125064988,-0.08208201214046258,-0.01147876963791505,0.00939546650665035,0.14496830326073867,FALSE,-0.03300258790427776,0.01402568504899111,-0.060596678689703067,-0.00540849711885245,0.01922636808273013,0.11441375532740455,FALSE,TRUE,Neither,TRUE
AD_vs_MCI,SUCLG2,-0.04225032853793196,0.04879895911537008,-0.13789628840405732,0.05339563132819339,0.3865977166340157,0.7149866901367146,FALSE,-0.016953416159767,0.01711586768894932,-0.05062712302189051,0.0167202907023565,0.32267309879427286,0.5756524287045092,FALSE,TRUE,Neither,TRUE
AD_vs_MCI,SUPV3L1,-0.0609090650666453,0.02621633208887595,-0.11229307596084218,-0.00952505417244842,0.02016168889708372,0.20219927734301343,FALSE,7.58884707638463e-4,0.01210300819955706,-0.02305253739893075,0.02457030681420768,0.9500427852597114,0.9774576709450324,FALSE,TRUE,Neither,FALSE
AD_vs_MCI,SYNE1,-0.00597225363646529,0.01921153030451455,-0.04362685303331382,0.03168234576038321,0.7559008284882969,0.9146272346721654,FALSE,-0.01395979767540976,0.01259396143237656,-0.03873711970276708,0.01081752435194755,0.26849830854681783,0.5163681085672196,FALSE,TRUE,Neither,TRUE
AD_vs_MCI,TACO1,-0.0402356860929562,0.02320084064771659,-0.08570933376248072,0.00523796157656832,0.08287657705210215,0.3762089493999535,FALSE,0.00795446119211362,0.0147905567182047,-0.02114443582600244,0.0370533582102297,0.5910838962391736,0.786003726765087,FALSE,TRUE,Neither,FALSE
AD_vs_MCI,TAMM41,-0.03125984241431709,0.02801188338196498,-0.08616313384296845,0.02364344901433427,0.26444382561369656,0.6154798634871214,FALSE,-0.0446583041498938,0.01937122099534815,-0.08276918635657954,-0.00654742194320805,0.02178312068429269,0.12325366341241276,FALSE,TRUE,Neither,TRUE
AD_vs_MCI,TARS2,-0.06048327110034555,0.0262705295577805,-0.11197350903359536,-0.00899303316709575,0.0213169064767206,0.2078310089039899,FALSE,-0.04409852988757079,0.02157320129435181,-0.08654158154381902,-0.00165547823132255,0.04175760583064974,0.18252809146593285,FALSE,TRUE,Neither,TRUE
AD_vs_MCI,TBRG4,-0.0338532508213135,0.02153039532636953,-0.07605282566099777,0.00834632401837077,0.1158701166519813,0.4374881986056601,FALSE,-0.02731141072807485,0.02162822369223909,-0.06986271328524024,0.01523989182909053,0.20759127745445452,0.4426917331912302,FALSE,TRUE,Neither,TRUE
AD_vs_MCI,TFAM,0.02393425144249961,0.0184137248462815,-0.01215664925621212,0.06002515214121135,0.19366781476940345,0.5452981645351214,FALSE,-0.01442850695767822,0.01501599048800016,-0.04397092169974917,0.01511390778439273,0.33733915076954546,0.5898218553661331,FALSE,TRUE,Neither,FALSE
AD_vs_MCI,TIMM13,-0.06240305410088404,0.02497097810607142,-0.11134617118878404,-0.01345993701298404,0.01245361509351479,0.16351614675225856,FALSE,-0.05863970759255466,0.02031371513595612,-0.09860484995051468,-0.01867456523459464,0.00415747457965937,0.05036483490787352,FALSE,TRUE,Neither,TRUE
AD_vs_MCI,TIMM44,0.0131978775533878,0.02924814042731204,-0.04412847768414379,0.0705242327909194,0.6518178974318314,0.8696041677554825,FALSE,-0.02410373003558481,0.01378821565295893,-0.05123062424202065,0.00302316417085104,0.08139780093596193,0.26386527227302836,FALSE,TRUE,Neither,FALSE
AD_vs_MCI,TIMM8B,-0.07209365203005881,0.02575653588502129,-0.12257646236470054,-0.02161084169541707,0.00512543080604158,0.11115320055845376,FALSE,-0.05767096059188162,0.02004625776998668,-0.09710990812855394,-0.01823201305520929,0.0042855295143978,0.05100310336546727,FALSE,TRUE,Neither,TRUE
AD_vs_MCI,TRAP1,-0.07393767181166581,0.03368614572514845,-0.1399625174329568,-0.00791282619037485,0.02817087713700266,0.23317795499811528,FALSE,-0.03123411145868606,0.01912769736913831,-0.0688658860120516,0.00639766309467947,0.10346707146237943,0.30099511698146747,FALSE,TRUE,Neither,TRUE
AD_vs_MCI,TRUB1,-0.02299491542900502,0.04023355286950014,-0.1018526790532253,0.05586284819521524,0.567636506752082,0.8249330387290822,FALSE,-0.0474234170395289,0.02158210305355381,-0.08988398199018752,-0.00496285208887029,0.02871110320098739,0.14608209308662384,FALSE,TRUE,Neither,TRUE
AD_vs_MCI,TSFM,-0.03282667304928141,0.02192662044921444,-0.07580284912974172,0.0101495030311789,0.13436332935162554,0.4665414457295551,FALSE,-0.00726848035615414,0.01882116986474335,-0.04429719361483355,0.02976023290252526,0.6996149699698252,0.8565064887407292,FALSE,TRUE,Neither,TRUE
AD_vs_MCI,TST,-0.0535965868633541,0.05523843484758621,-0.16186391916462306,0.05467074543791488,0.3319084023388709,0.6728823625326692,FALSE,-0.02406057307163256,0.0258009743021491,-0.07482133268936969,0.02670018654610457,0.35175718700480296,0.6038261023888115,FALSE,TRUE,Neither,TRUE
AD_vs_MCI,TUBB,-0.06003716481342304,0.03833122355418249,-0.13516636297962073,0.01509203335277464,0.11728469284311722,0.43946978838291345,FALSE,0.04041470930950197,0.01905560399682109,0.00292477104105231,0.07790464757795162,0.03469955791346749,0.16377676313888925,FALSE,TRUE,Neither,FALSE
AD_vs_MCI,TUBB4B,-0.06852988729826591,0.03827381964285161,-0.14354657379825508,0.00648679920172325,0.0733709938730419,0.3554310018534149,FALSE,0.03837672498682659,0.01849552440125153,0.00198868563833892,0.07476476433531426,0.03879197122745478,0.17638523402379866,FALSE,TRUE,Neither,FALSE
AD_vs_MCI,TUFM,-0.04130482324258078,0.02028201192162289,-0.08105756660896166,-0.0015520798761999,0.04169767070621019,0.2764175018069561,FALSE,-0.05262105157363334,0.01315944155334666,-0.07851089749846152,-0.02673120564880516,7.911437375076405e-5,0.00729596345405863,TRUE,TRUE,Protein only,TRUE
AD_vs_MCI,UQCRC1,-0.05021654853357124,0.02810114057784446,-0.1052947840661464,0.0048616869990039,0.0739385795249446,0.3565800552768765,FALSE,-0.03094377074095883,0.01259331634077523,-0.05571982361703051,-0.00616771786488715,0.01453379504762278,0.0984659776328958,FALSE,TRUE,Neither,TRUE
AD_vs_MCI,UQCRC2,-0.07685214171776335,0.03687587956540413,-0.14912886566595546,-0.00457541776957125,0.03715323960613573,0.2625181845072687,FALSE,-0.03159903229566287,0.01207256975032706,-0.05535056988832163,-0.00784749470300411,0.00928002980613887,0.07711621082091578,FALSE,TRUE,Neither,TRUE
AD_vs_MCI,UQCRFS1,-0.0426490376844189,0.03492946610577183,-0.11111079125173168,0.02581271588289387,0.2220842901176586,0.5751878457246968,FALSE,-0.02379588525064704,0.01355757769232955,-0.0504690230236579,0.0028772525223638,0.08018570785729129,0.26203267924078233,FALSE,TRUE,Neither,TRUE
AD_vs_MCI,XPNPEP3,0.02231818519439392,0.04172735302251047,-0.0594674267297266,0.10410379711851445,0.5927484404793046,0.8400932209776593,FALSE,-0.04868337476627606,0.01633327819845743,-0.08081741740715667,-0.01654933212539545,0.0030968238393261,0.04316927649341916,TRUE,TRUE,Protein only,FALSE
AD_vs_MCI,YARS2,-0.04204817468977836,0.02198609887124616,-0.08514092847742084,0.00104457909786412,0.05581348793686435,0.315190616875682,FALSE,-0.03719226174817425,0.01458120049067178,-0.06587927195086143,-0.00850525154548706,0.0112154729635673,0.0849026150487927,FALSE,TRUE,Neither,TRUE
AD_vs_MCI,YWHAE,-0.05954753064564051,0.01473590243074908,-0.08842989940990872,-0.03066516188137231,5.3227626011749705e-5,0.01431665037856626,TRUE,-0.00599688679150617,0.0249403527509421,-0.05506446214530551,0.04307068856229316,0.8101358781047756,0.9135574795649596,FALSE,TRUE,RNA only,TRUE
AD_vs_NCI,AARS2,-0.04639483485513178,0.02524075755624134,-0.0958667196653648,0.00307704995510125,0.06604884798209557,0.22539338697567163,FALSE,0.0026691772440346,0.01669027324647309,-0.03016721638579824,0.03550557087386744,0.8730416397779007,0.9272859842132062,FALSE,TRUE,Neither,FALSE
AD_vs_NCI,ABHD10,-0.03630874139847876,0.02230956930365428,-0.08003549723364117,0.00741801443668364,0.10363173472570372,0.2955455137221792,FALSE,-0.03803293557209286,0.01398222710965584,-0.06554152733774293,-0.01052434380644279,0.00688258523012929,0.03000736388251743,TRUE,TRUE,Protein only,TRUE
AD_vs_NCI,ABHD11,-0.10454396134204703,0.04363495342970549,-0.1900684700642698,-0.01901945261982426,0.01658067399834069,0.09627025424381444,FALSE,-0.06446543831884907,0.02085559197328886,-0.10549666754469823,-0.02343420909299989,0.00216966937444374,0.01268882503122961,TRUE,TRUE,Protein only,TRUE
AD_vs_NCI,ACAA2,0.05848257195421803,0.04644274717247537,-0.03254521250383371,0.14951035641226976,0.20794360323476443,0.44116732158299066,FALSE,-0.04298986513579619,0.01746992525805155,-0.07736014379964976,-0.00861958647194263,0.01439016931148495,0.05233536916142634,FALSE,TRUE,Neither,FALSE
AD_vs_NCI,ACAD9,-0.04996633944505362,0.02288127995866275,-0.09481364816403262,-0.00511903072607461,0.02898273033071698,0.13430269496224947,FALSE,-0.07449053053702472,0.02236237121686505,-0.1184861927367789,-0.03049486833727052,9.662277763488452e-4,0.00691334667177695,TRUE,TRUE,Protein only,TRUE
AD_vs_NCI,ACADVL,0.0430136180010171,0.02841192690237211,-0.01267375872763224,0.09870099472966644,0.13004404514344622,0.33534618619389406,FALSE,-0.02355312424655009,0.01895508973695871,-0.06084531106099347,0.01373906256789328,0.21493321546161295,0.3641625708520435,FALSE,TRUE,Neither,FALSE
AD_vs_NCI,ACAT1,-0.00886487450522114,0.01923010562010483,-0.04655588152062662,0.02882613251018433,0.6448062230208511,0.8170250521592999,FALSE,0.00285379870105656,0.01140378587998177,-0.0195819755068067,0.02528957290891983,0.8025543481003405,0.8779609811082634,FALSE,TRUE,Neither,FALSE
AD_vs_NCI,ACO2,-0.00337597057593216,0.03448919325353235,-0.07097478935285557,0.06422284820099124,0.9220237055765168,0.9668525570460208,FALSE,-0.01796519046386635,0.01286488667665885,-0.04327553000592445,0.00734514907819174,0.1635453875044153,0.2987859718572585,FALSE,TRUE,Neither,TRUE
AD_vs_NCI,ACOT13,0.0087217272457228,0.0211916716544958,-0.03281394919708896,0.05025740368853458,0.6806590887112113,0.8381170726883954,FALSE,-0.02639116136442337,0.01814131281190069,-0.06208232589220486,0.00930000316335811,0.14671630706986974,0.2773822279129077,FALSE,TRUE,Neither,FALSE
AD_vs_NCI,ACSF3,-0.02917661516015777,0.0239997980929121,-0.07621621942226549,0.01786298910194994,0.2240982616546232,0.46038337126279794,FALSE,-0.02483704734435807,0.02590000742672592,-0.07579264443497383,0.02611854974625769,0.3383025605191935,0.4997303982646407,FALSE,TRUE,Neither,TRUE
AD_vs_NCI,AFG3L2,-0.02747183525176859,0.02943105412794057,-0.08515670134253212,0.03021303083899493,0.35059788472764586,0.5948649325190415,FALSE,-0.03157112347465113,0.01137722995826256,-0.05395465164160795,-0.0091875953076943,0.00584540626684215,0.02657857648408659,TRUE,TRUE,Protein only,TRUE
AD_vs_NCI,AIFM1,-4.0542164073132834e-4,0.01945128340548211,-0.03852993711547627,0.03771909383401362,0.9833709559864744,0.9925014036659892,FALSE,-0.02749282620109289,0.00992785875688675,-0.047024865804543,-0.00796078659764278,0.00594581029478484,0.0269868713468914,TRUE,TRUE,Protein only,TRUE
AD_vs_NCI,AK2,0.0244975848768424,0.01789487874683418,-0.0105763774669526,0.05957154722063741,0.17100808116445407,0.3949231193852645,FALSE,-0.04328147833801547,0.01382503575382015,-0.07048081230068029,-0.01608214437535066,0.00190482134609794,0.01153777501065038,TRUE,TRUE,Protein only,FALSE
AD_vs_NCI,AK3,0.05895691945813075,0.03793037916077937,-0.01538662369699682,0.13330046261325834,0.12010199245350052,0.32114612989315355,FALSE,-0.01618106315599692,0.02079688198956746,-0.05709678653559613,0.02473466022360228,0.4371124154630122,0.5908305154871286,FALSE,TRUE,Neither,FALSE
AD_vs_NCI,AK4,0.23738919834141037,0.04164154957423342,0.15577176117591288,0.3190066355069079,1.1926239411082992e-8,6.731006893077817e-6,TRUE,0.01470211756269002,0.01303310024902009,-0.01093916485815535,0.04034339998353539,0.2601387823461754,0.4160448746326208,FALSE,TRUE,RNA only,TRUE
AD_vs_NCI,AKR7A2,0.00487430233916494,0.02767217137469722,-0.04936315355524162,0.05911175823357151,0.8601803775328034,0.9384063668110842,FALSE,0.00962440215614429,0.01332679714093623,-0.01659469865079938,0.03584350296308798,0.4707080906571838,0.6225282340241407,FALSE,TRUE,Neither,TRUE
AD_vs_NCI,ALDH18A1,-0.01355341812948766,0.01735147601880968,-0.04756231112635464,0.02045547486737931,0.4347375739312839,0.6676048589101214,FALSE,-0.00479221977912015,0.0157314520106468,-0.03574223137941446,0.02615779182117414,0.7608483146928006,0.8480166977342758,FALSE,TRUE,Neither,TRUE
AD_vs_NCI,ALDH1B1,-0.01703740716590803,0.03476917549818879,-0.08518499114235807,0.05111017681054201,0.6241234954673924,0.8041746880579959,FALSE,-0.07301902816034725,0.05432870101948816,-0.17990515193608542,0.03386709561539093,0.17989201360435322,0.31991980608841286,FALSE,TRUE,Neither,TRUE
AD_vs_NCI,ALDH2,-0.01923169395801474,0.03755976605653218,-0.09284883542881782,0.05438544751278833,0.6086306296205124,0.7949441792832691,FALSE,-0.02680343052940481,0.01692887050775544,-0.0601092396969445,0.00650237863813486,0.11434049721804064,0.23279889949795549,FALSE,TRUE,Neither,TRUE
AD_vs_NCI,ALDH5A1,-0.0831950015714699,0.02565865790691022,-0.13348597106901394,-0.03290403207392586,0.00118537762682113,0.01860713186273657,TRUE,-0.02059858210451935,0.01624183190502849,-0.0525527135814137,0.011355549372375,0.2056322671338705,0.35263126901824504,FALSE,TRUE,RNA only,TRUE
AD_vs_NCI,ALDH7A1,-0.04003763296606895,0.04579673247933481,-0.12979922862556517,0.04972396269342727,0.38198402910548473,0.6232203624136912,FALSE,0.00794403104128821,0.03839453353092072,-0.06759325930963771,0.08348132139221413,0.836215299889957,0.9027505720008704,FALSE,TRUE,Neither,FALSE
AD_vs_NCI,ALDH9A1,-0.00232836090415648,0.04115419412285467,-0.08299058138495163,0.07833385957663866,0.9548825424410722,0.9807977797466282,FALSE,0.02297629337965906,0.01694336858457465,-0.01035803926082088,0.05631062602013901,0.17603386674046828,0.3145979325519854,FALSE,TRUE,Neither,FALSE
AD_vs_NCI,ALYREF,-0.04014663524063009,0.03349889807337453,-0.10580447546444416,0.02551120498318398,0.23074326116886484,0.4677589718046058,FALSE,-0.01980250567446254,0.0240561400871032,-0.06713048367994207,0.02752547233101699,0.41101867277639303,0.566737942299807,FALSE,TRUE,Neither,TRUE
AD_vs_NCI,ARL2,-0.03705127192097202,0.0271121788082979,-0.0901911423852359,0.01608859854329186,0.1717533966791966,0.395802951965433,FALSE,7.884494838265033e-4,0.01865136736900627,-0.03590619485297178,0.03748309382062478,0.9663073948592776,0.9828582772872744,FALSE,TRUE,Neither,FALSE
AD_vs_NCI,ATAD3A,0.00258519611084072,0.0268195177614618,-0.04998105870162442,0.05515145092330587,0.923208974520234,0.9673065699532392,FALSE,-0.04037399898077119,0.01011336169961887,-0.06027099651852782,-0.02047700144301456,8.123671813815764e-5,0.00114357652190858,TRUE,TRUE,Protein only,FALSE
AD_vs_NCI,ATP5F1A,-0.02592985861128102,0.03173551668117747,-0.08813147130638886,0.03627175408382681,0.4138934678573136,0.6508907914192051,FALSE,-0.01895450684927518,0.01253884641728903,-0.0436233957609128,0.00571438206236242,0.13160551572072066,0.25820059747123575,FALSE,TRUE,Neither,TRUE
AD_vs_NCI,ATP5F1B,-0.05580976391605836,0.03991467654811132,-0.13404252995035656,0.02242300211823983,0.16204502054786404,0.38256573766286905,FALSE,-0.00500764067006853,0.01553928687361283,-0.03557958715492732,0.02556430581479024,0.7474683719802697,0.8395561810803093,FALSE,TRUE,Neither,TRUE
AD_vs_NCI,ATP5F1C,-0.05080042950792032,0.03247745847171524,-0.1144562481124822,0.01285538909664153,0.11777647004357124,0.317527204493758,FALSE,-0.19121952149346175,0.0884617804805332,-0.365258963637914,-0.01718007934900958,0.03138891059771591,0.09178550409263136,FALSE,TRUE,Neither,TRUE
AD_vs_NCI,BCKDHB,-0.08305489875693987,0.0455815763546473,-0.17239478841204858,0.00628499089816883,0.06843745579579756,0.22944611040597285,FALSE,-0.0826869717761091,0.01577906389658547,-0.11373065485829308,-0.05164328869392512,2.9136623726239e-7,1.8155843884925014e-5,TRUE,TRUE,Protein only,TRUE
AD_vs_NCI,BCKDK,-0.07120129553130873,0.02771959484257414,-0.12553170142275405,-0.01687088963986341,0.01021023362875296,0.07152347861856768,FALSE,-0.03874507153658302,0.01507189923740473,-0.06839748098489332,-0.00909266208827271,0.01060112104364056,0.04191025941728297,TRUE,TRUE,Protein only,TRUE
AD_vs_NCI,BCS1L,-0.01582002350102872,0.01707239942479093,-0.04928192637361894,0.0176418793715615,0.3541117971075027,0.5976809211552636,FALSE,-0.01333643358060568,0.00886461654662183,-0.03077665364194674,0.00410378648073538,0.13344904009060196,0.2598050940182941,FALSE,TRUE,Neither,TRUE
AD_vs_NCI,C1QBP,-0.01210844048635074,0.02707499608994605,-0.065175432822645,0.04095855184994351,0.6547172692591413,0.823961078027163,FALSE,-0.04256263106406044,0.02231838284796969,-0.08647175067851048,0.0013464885503896,0.05740633107663339,0.14234084430697402,FALSE,TRUE,Neither,TRUE
AD_vs_NCI,CARS2,0.02828715849785701,0.02185298349598441,-0.01454468915427242,0.07111900614998645,0.19551691685434067,0.4257599819060448,FALSE,0.00941058120235791,0.02171275786178167,-0.03330703362694823,0.05212819603166405,0.665006805038989,0.7814213912328813,FALSE,TRUE,Neither,TRUE
AD_vs_NCI,CBR4,0.01201569481004066,0.01888875909237233,-0.02500627301100911,0.04903766263109044,0.5246920905693124,0.7338228893901244,FALSE,-0.04853872150077881,0.0168590625978462,-0.08170719079530353,-0.01537025220625409,0.00425658923972039,0.02119131707602482,TRUE,TRUE,Protein only,FALSE
AD_vs_NCI,CCDC90B,0.00928339895503633,0.01960120433932689,-0.02913496155004437,0.04770175946011704,0.6357754025641913,0.8116198016071043,FALSE,0.01108771935850408,0.01665817001745032,-0.02168551447463679,0.04386095319164496,0.5061441846871051,0.6509761404671361,FALSE,TRUE,Neither,TRUE
AD_vs_NCI,CCT3,0.00805835849819284,0.02696507552382738,-0.04479318952850883,0.06090990652489451,0.765058865636979,0.8879975139220891,FALSE,0.01574547807415884,0.00913371238153576,-0.00222416032736724,0.03371511647568494,0.08569322583700921,0.18959591200332893,FALSE,TRUE,Neither,TRUE
AD_vs_NCI,CCT6A,-0.03688544399215104,0.02655315838981381,-0.08892963443618612,0.01515874645188403,0.1647971720487044,0.3863033360399657,FALSE,0.01556040583538078,0.00832338663010547,-8.150001081489878e-4,0.03193581177891055,0.06246819588946009,0.15042034107220678,FALSE,TRUE,Neither,FALSE
AD_vs_NCI,CLPP,-0.04133253862193625,0.0196382325277147,-0.07982347437625709,-0.00284160286761542,0.03531764950709699,0.15234378846790683,FALSE,0.00751137776485752,0.0156023458312854,-0.02318463072458593,0.03820738625430098,0.630542326502437,0.7536291654320882,FALSE,TRUE,Neither,FALSE
AD_vs_NCI,CLPX,-0.04054691665965659,0.03410152683741088,-0.10738590926098192,0.02629207594166874,0.2344373446486785,0.4719726452906877,FALSE,0.01990781147500159,0.01498413291106529,-0.00957192676555989,0.04938754971556308,0.18492798682310127,0.326819589078131,FALSE,TRUE,Neither,FALSE
AD_vs_NCI,CNP,0.09233281076603578,0.04536977213785206,0.00340805737584573,0.18125756415622585,0.04183906591312477,0.16946006815436976,FALSE,0.07615145136090917,0.05000557711365034,-0.02222937138192779,0.17453227410374614,0.12878046724420836,0.2534758287576526,FALSE,TRUE,Neither,TRUE
AD_vs_NCI,COX4I1,-0.025161364483848,0.02459372429108521,-0.07336506409437502,0.023042335126679,0.30626969485183025,0.5511628484143558,FALSE,-0.04983296877228344,0.01582640666612073,-0.08096979387755052,-0.01869614366701636,0.00179426558282587,0.01102563198721989,TRUE,TRUE,Protein only,TRUE
AD_vs_NCI,COX7A2L,-0.0620006675189145,0.02702486770970855,-0.11496940822994324,-0.00903192680788573,0.02177855439266032,0.11295464520320256,FALSE,-0.04804087186902667,0.01632026831437952,-0.08014931890291199,-0.01593242483514134,0.00348085046201423,0.01806176692801123,TRUE,TRUE,Protein only,TRUE
AD_vs_NCI,CPOX,0.00889885246687327,0.03168932821358992,-0.05321223083176296,0.07100993576550951,0.7788519648700003,0.896257221668986,FALSE,-0.01589386621182079,0.01856165978130661,-0.05241202010908052,0.02062428768543894,0.39248630297769216,0.5493728499451163,FALSE,TRUE,Neither,FALSE
AD_vs_NCI,CPT2,-0.09963932741730328,0.03899678415341687,-0.17607302435800035,-0.02320563047660621,0.01061678988791928,0.07316163997021924,FALSE,-0.04193585712295303,0.02213388824477235,-0.08548200260727926,0.0016102883613732,0.05903984334198422,0.14528809556352412,FALSE,TRUE,Neither,TRUE
AD_vs_NCI,CRYZ,0.06468247985546367,0.05295240844853602,-0.03910424070366693,0.1684692004145943,0.2218888127850079,0.45791137989155944,FALSE,0.05817521205066353,0.04102215664250542,-0.02253165614531495,0.138882080246642,0.15712157712144445,0.29059781330203904,FALSE,TRUE,Neither,TRUE
AD_vs_NCI,CS,-0.02092833059676004,0.02147590705349875,-0.0630211084216176,0.0211644472280975,0.3298069717299481,0.5737772543764748,FALSE,-0.03612156995708979,0.01607228820050782,-0.06774214165716758,-0.00450099825701199,0.02529184931018283,0.0789478093804971,FALSE,TRUE,Neither,TRUE
AD_vs_NCI,CYC1,-0.02206877011855541,0.02409936788437062,-0.06930353117192183,0.02516599093481099,0.35980295392016814,0.6024534255747782,FALSE,-0.04540870383099493,0.01221307986971411,-0.06943668061197812,-0.02138072705001174,2.3693929080635795e-4,0.00248054961239248,TRUE,TRUE,Protein only,TRUE
AD_vs_NCI,DAP3,-0.03539227419038724,0.01647752803104608,-0.06768822913123757,-0.00309631924953691,0.03172077583312002,0.14254832179946972,FALSE,-0.09931039228967632,0.02314071642524752,-0.1448373685227548,-0.05378341605659782,2.352905074906161e-5,4.76955419168229e-4,TRUE,TRUE,Protein only,TRUE
AD_vs_NCI,DARS2,0.05146914766518467,0.02595594876022895,5.95488095135932e-4,0.1023428072352334,0.04737387961251776,0.18290353737836657,FALSE,-0.0034272868895665,0.01578936182216709,-0.03449123007971728,0.02763665630058427,0.8282973948325214,0.8970577149654895,FALSE,TRUE,Neither,FALSE
AD_vs_NCI,DCXR,-0.00754983668162038,0.03958575362371076,-0.08513791378409348,0.0700382404208527,0.8487441422196854,0.93281094417975,FALSE,-0.01955918585885106,0.01364799488962502,-0.04641021015519536,0.00729183843749323,0.15279935608642012,0.2848820534143296,FALSE,TRUE,Neither,TRUE
AD_vs_NCI,DHX30,-0.01858542401660943,0.02328444177845316,-0.06422292990237762,0.02705208186915876,0.424759855043711,0.6592131004250716,FALSE,-0.0060828007461961,0.01285216887598339,-0.03136811932527066,0.01920251783287845,0.6363287722109245,0.7594747344614553,FALSE,TRUE,Neither,TRUE
AD_vs_NCI,DLAT,-0.05549467786410141,0.02937036877933701,-0.11306060067160197,0.00207124494339913,0.05882775231993848,0.2094436664316892,FALSE,-0.04530950733713823,0.01352603478898512,-0.07192058769651961,-0.01869842697775685,9.052649902594562e-4,0.00661779923913809,TRUE,TRUE,Protein only,TRUE
AD_vs_NCI,DLD,-0.03880753130952037,0.0323970858030416,-0.10230581948348189,0.02469075686444116,0.23096722021978192,0.46798376139995473,FALSE,-0.04461486033360115,0.01124880923807188,-0.06674573396002798,-0.02248398670717433,9.014096713906248e-5,0.00123773323436467,TRUE,TRUE,Protein only,TRUE
AD_vs_NCI,DLST,-2.7346318067363967e-4,0.01914232495112423,-0.03779242008487712,0.03724549372352985,0.9886019786510902,0.9950299769975858,FALSE,-0.01638281623226584,0.01085575622229807,-0.03774039853189734,0.00497476606736565,0.13224959177196857,0.2588942156060283,FALSE,TRUE,Neither,TRUE
AD_vs_NCI,DNAJA3,7.863832845637956e-4,0.02013483064232452,-0.03867788477439227,0.04025065134351986,0.9688458464631572,0.9863622870293366,FALSE,0.01023881182403405,0.00969068478536384,-0.00882661241772193,0.02930423606579003,0.29150754623640013,0.4513193837987311,FALSE,TRUE,Neither,TRUE
AD_vs_NCI,EARS2,-0.10128828680560524,0.03011579932862574,-0.1603152534897117,-0.04226132012149876,7.701829672905579e-4,0.01426245609748428,TRUE,-0.00515247479006648,0.0244513135316338,-0.05325791584753086,0.04295296626739788,0.8332367443967312,0.9007541693055484,FALSE,TRUE,RNA only,TRUE
AD_vs_NCI,ECH1,-0.00385928749691054,0.02546867814949632,-0.05377789666992334,0.04605932167610226,0.8795570684306018,0.94669039009783,FALSE,-0.03937220140216957,0.01941432855885364,-0.07756789330027175,-0.00117650950406739,0.04338780717672375,0.1153984123968481,FALSE,TRUE,Neither,TRUE
AD_vs_NCI,ECHDC1,0.00171461769092784,0.02678001582842086,-0.05077421333277705,0.05420344871463273,0.948949512451519,0.9782988725800636,FALSE,-0.00932408703115156,0.01355034972521201,-0.03598300452328924,0.01733483046098611,0.4918835283185231,0.6409844702398761,FALSE,TRUE,Neither,FALSE
AD_vs_NCI,ECHS1,-0.06039313614699523,0.02276587439643915,-0.10501424996401598,-0.01577202232997448,0.00798289773997072,0.06156499986853817,FALSE,-0.04095311949833138,0.01423515968879487,-0.06895933006313282,-0.01294690893352995,0.00428546197143041,0.02128049098834386,TRUE,TRUE,Protein only,TRUE
AD_vs_NCI,ECI1,0.0365975508618421,0.02937567094621941,-0.02097876419274794,0.09417386591643216,0.21282107910584117,0.4470088689364251,FALSE,-0.05778149010134464,0.02444020589923909,-0.10586507803608168,-0.00969790216660763,0.01866534883282528,0.06337519919302163,FALSE,TRUE,Neither,FALSE
AD_vs_NCI,ECI2,-0.02365976014719496,0.03542122610277327,-0.09308536330863056,0.04576584301424066,0.5041627670287607,0.7193620518307471,FALSE,-0.05605568740390398,0.02191888835730017,-0.09917884275312874,-0.01293253205467923,0.01100557124308691,0.04320705747285972,TRUE,TRUE,Protein only,TRUE
AD_vs_NCI,EEF1A1,0.00313286027618544,0.02540985131262276,-0.04667044829655516,0.05293616884892606,0.9018749753396138,0.95721380293209,FALSE,0.03186578050635358,0.01813852507052826,-0.0038198994273957302,0.06755146044010289,0.07990709132512328,0.17992507674992125,FALSE,TRUE,Neither,TRUE
AD_vs_NCI,EEF1B2,-0.06071824142806271,0.02363131443942789,-0.1070356177293414,-0.01440086512678404,0.010187551012661,0.07142474709904041,FALSE,-0.01671117925128271,0.01169670945197826,-0.03972325041794896,0.00630089191538354,0.15406257020906755,0.28618852034455483,FALSE,TRUE,Neither,TRUE
AD_vs_NCI,ENO1,0.05566340191745617,0.02737317867636059,0.0020119717117894,0.10931483212312294,0.04200187473637931,0.16984734657686168,FALSE,0.06523964259438092,0.02045633260135558,0.0249939150618591,0.10548537012690272,0.0015676265677258,0.00992806737609433,TRUE,TRUE,Protein only,TRUE
AD_vs_NCI,ETFA,-0.01000145218629771,0.02860439599903523,-0.06606606834440679,0.04606316397181135,0.7266033466723543,0.8649923733420217,FALSE,-0.03338295094971567,0.01340287572743266,-0.05975172854002335,-0.007014173359408,0.01325417179363674,0.0492242526175356,TRUE,TRUE,Protein only,TRUE
AD_vs_NCI,ETFB,-0.02998206613987807,0.03026721558567017,-0.08930580868779162,0.02934167640803547,0.3218912285104119,0.5667064113123139,FALSE,-0.01848218633755605,0.01250091929450859,-0.04307645754135425,0.00611208486624214,0.1402656193889296,0.26849942492508416,FALSE,TRUE,Neither,TRUE
AD_vs_NCI,FAHD1,-0.060629467131940513,0.03187799859264122,-0.12311034437351732,0.00185141010963627,0.05718135137615571,0.20564583616568788,FALSE,-0.04085748046971721,0.01984729643140652,-0.0799049920643736,-0.00180996887506081,0.04034170729379682,0.10944805048511648,FALSE,TRUE,Neither,TRUE
AD_vs_NCI,FASTKD5,0.04355958274744945,0.03456754550049464,-0.02419280643352003,0.11131197192841892,0.20762266119478023,0.4406370007221586,FALSE,-0.04621749978005812,0.02379274161269784,-0.09302726841536454,5.922688552483027e-4,0.05295217946118778,0.13503198657135643,FALSE,TRUE,Neither,FALSE
AD_vs_NCI,FDXR,0.0502888619040265,0.04041533980877811,-0.02892520412117858,0.1295029279292316,0.21338867421084787,0.4476331260920751,FALSE,-0.00799965146148579,0.0234561758142141,-0.05414726155222278,0.03814795862925119,0.7332919968714591,0.8296619257464941,FALSE,TRUE,Neither,FALSE
AD_vs_NCI,FECH,-0.02859454006449244,0.02723772689572675,-0.08198048478011688,0.02479140465113199,0.2938037547444505,0.5386180994009373,FALSE,-0.00978282980205047,0.01435231982473515,-0.03801954086763146,0.01845388126353051,0.495971677136095,0.6440796052242092,FALSE,TRUE,Neither,TRUE
AD_vs_NCI,FH,-0.04578402249215201,0.03314509612808735,-0.1107484109032032,0.01918036591889919,0.16718023620362826,0.3898569636251949,FALSE,-0.0064388888065941,0.00999961982575563,-0.02611211092215043,0.01323433330896222,0.520092359725072,0.6630493425911216,FALSE,TRUE,Neither,TRUE
AD_vs_NCI,FOXRED1,-0.0596818817904281,0.02209280526645651,-0.10298378011268286,-0.01637998346817334,0.00690446916819835,0.055956348348774373,FALSE,-0.0425631028927389,0.02999598025229613,-0.10157710466081814,0.01645089887534033,0.1568828387652593,0.2902617758682325,FALSE,TRUE,Neither,TRUE
AD_vs_NCI,GADD45GIP1,-2.4254081731690368e-4,0.03409770144700813,-0.06707403565345285,0.06658895401881904,0.9943246044922878,0.9976591072063428,FALSE,-0.04852395210881521,0.01730504971282077,-0.08256985511846698,-0.01447804909916344,0.00535469392006514,0.02499512171127657,TRUE,TRUE,Protein only,TRUE
AD_vs_NCI,GAPDH,-0.01713897148638353,0.03546406734588624,-0.08664854348432058,0.05237060051155351,0.6288990003730446,0.8071033010989052,FALSE,0.0500663928390167,0.01410579174067498,0.02231470038813807,0.07781808528989534,4.4400372667492726e-4,0.00387494161461754,TRUE,TRUE,Protein only,FALSE
AD_vs_NCI,GFM1,-0.05321208204816759,0.03217937390587304,-0.11628365490367876,0.00985949080734355,0.09820711084858062,0.2860735699358126,FALSE,-0.02765046402718402,0.01461117373083865,-0.05639644349286328,0.00109551543849524,0.05933660848518524,0.14573015357407249,FALSE,TRUE,Neither,TRUE
AD_vs_NCI,GFM2,-0.05235631951694936,0.03127857873166322,-0.11366233383100928,0.00894969479711055,0.09415586890672134,0.2784806973587723,FALSE,-0.03963630459788586,0.03440524527245536,-0.10732508116935524,0.0280524719735835,0.25016264031782637,0.4048433568502228,FALSE,TRUE,Neither,TRUE
AD_vs_NCI,GLDC,0.00883927101122098,0.03113949225291912,-0.0521941338045005,0.06987267582694247,0.7765173086715285,0.8946070204704276,FALSE,-0.03962498845377116,0.01517205187015395,-0.06947443789198769,-0.00977553901555462,0.00943321365185174,0.03815277508793454,TRUE,TRUE,Protein only,FALSE
AD_vs_NCI,GLRX5,-0.01541756979967537,0.01998643310358683,-0.05459097868270556,0.02375583908335481,0.44046882843694773,0.6717437387237324,FALSE,0.02296505554532871,0.02686085811662946,-0.02988091631670286,0.07581102740736029,0.39321026818356686,0.5499323376904861,FALSE,TRUE,Neither,FALSE
AD_vs_NCI,GLS,-0.02347690806147043,0.0456546593304046,-0.11296004034906346,0.06600622422612257,0.6070925339424385,0.7939129616721939,FALSE,-0.01916472442135453,0.0173749998070687,-0.05334824703706364,0.01501879819435458,0.2708526014188599,0.42864635646008065,FALSE,TRUE,Neither,TRUE
AD_vs_NCI,GLUD1,0.00569614566056108,0.03966672081512502,-0.07205062713708398,0.08344291845820613,0.885816250043979,0.9499686879142396,FALSE,2.0414401235685495e-4,0.01674247667590231,-0.03273495448828614,0.03314324251299985,0.9902790819853902,0.9941870499490264,FALSE,TRUE,Neither,TRUE
AD_vs_NCI,GNG12,0.17643154159067873,0.04912631609584678,0.08014396204281903,0.2727191211385384,3.289246216978041e-4,0.00820098908696944,TRUE,0.0910139547964941,0.01968590938534057,0.05228395559322397,0.12974395399976424,5.485179017595989e-6,1.5167712413874127e-4,TRUE,TRUE,FDR-significant in both,TRUE
AD_vs_NCI,GOT2,-0.024345836398456,0.03345977158608029,-0.08992698870717337,0.04123531591026137,0.46684920985446415,0.6924660392017625,FALSE,0.01194058890740087,0.02295594817651228,-0.03322287482614154,0.05710405264094329,0.6033167132248131,0.7305272339095309,FALSE,TRUE,Neither,FALSE
AD_vs_NCI,GPT2,0.097784170990078,0.04876333106534813,0.00220804210199568,0.1933602998781603,0.04493303741798377,0.17691097618356855,FALSE,-0.06674790531443187,0.0232439353273331,-0.11247795410653136,-0.02101785652233238,0.00435575244693471,0.02149570169738491,TRUE,TRUE,Protein only,FALSE
AD_vs_NCI,GRPEL1,-0.01554593127379254,0.02676957896368335,-0.06801430604261191,0.03692244349502682,0.561421591186154,0.7626378411424847,FALSE,-0.01765425194200666,0.01349813005079659,-0.04421043260299696,0.00890192871898363,0.19184380992249392,0.335515599308731,FALSE,TRUE,Neither,TRUE
AD_vs_NCI,GRSF1,-0.03025501002078773,0.02089463977049174,-0.07120850397095156,0.01069848392937608,0.14762278427956255,0.36197722726870263,FALSE,-0.03217043171622058,0.01264682751045216,-0.05705176230735157,-0.00728910112508959,0.01143629348307775,0.04438433351784869,TRUE,TRUE,Protein only,TRUE
AD_vs_NCI,GSR,-0.05181411244897573,0.02248884832831343,-0.09589225517247003,-0.00773596972548139,0.02122312808689762,0.11116514232902948,FALSE,-0.00908033296487546,0.01092215059369132,-0.03056853935206256,0.01240787342231162,0.40638468800746885,0.5628160368804871,FALSE,TRUE,Neither,TRUE
AD_vs_NCI,GSTK1,-0.0291451623000896,0.01486256052231556,-0.05827578092382812,-1.4543676351098931e-5,0.04988152580100258,0.18859743151892464,FALSE,-0.06231189309088159,0.01291694765174233,-0.0877246572394964,-0.03689912894226677,2.179323485256484e-6,7.761069516663832e-5,TRUE,TRUE,Protein only,TRUE
AD_vs_NCI,GUF1,-0.08469226749593338,0.02658627142928255,-0.1368013594973272,-0.03258317549453957,0.0014447217609742,0.02098057046214765,TRUE,0.01698460142711232,0.01775831159807564,-0.01795304765894202,0.05192225051316667,0.33957570125551473,0.5009455401531049,FALSE,TRUE,RNA only,FALSE
AD_vs_NCI,HADH,0.01511072250379227,0.02814479513597523,-0.04005307596271919,0.07027452097030375,0.5913420417455248,0.7833980753623162,FALSE,-0.02727593022439203,0.01523552989359314,-0.05725026613592821,0.00269840568714414,0.07435246448145207,0.1706384029236031,FALSE,TRUE,Neither,FALSE
AD_vs_NCI,HADHA,0.008745623007534,0.02829997200096906,-0.04672232211436535,0.06421356812943338,0.7572964844466612,0.8835718661089992,FALSE,-0.03567397954426365,0.01314507852254958,-0.06153556768529132,-0.00981239140323599,0.00701024430455116,0.03040760700899941,TRUE,TRUE,Protein only,FALSE
AD_vs_NCI,HADHB,0.0441579289349278,0.04147592908235555,-0.03713489206648907,0.12545074993634467,0.28702800255197086,0.5314469420946236,FALSE,-0.05792696479829964,0.01440188329900364,-0.08626118689480916,-0.02959274270179013,7.197679548296474e-5,0.00105843333935642,TRUE,TRUE,Protein only,FALSE
AD_vs_NCI,HAGH,-0.03375851698994787,0.02455069834741785,-0.08187788575088686,0.01436085177099111,0.16911494360268725,0.39226895147445656,FALSE,-9.757320646662792e-4,0.01111020141439757,-0.02283390907366018,0.02088244494432762,0.9300721704691624,0.9594975670923764,FALSE,TRUE,Neither,TRUE
AD_vs_NCI,HARS2,-0.05351226394934621,0.01425721119455909,-0.08145639789068204,-0.02556813000801038,1.7448889906492926e-4,0.00527139030471945,TRUE,-0.02248370494887668,0.01253805174553078,-0.04715103042567563,0.00218362052792226,0.07387814603204118,0.16985630682829891,FALSE,TRUE,RNA only,TRUE
AD_vs_NCI,HIBCH,0.0295295183396781,0.03869938103532826,-0.04632126848956529,0.10538030516892148,0.44543426096623234,0.6753858226019323,FALSE,-0.06333930128463658,0.02393505382974743,-0.11042905454981491,-0.01624954801945825,0.00853960684644863,0.03535756530303174,TRUE,TRUE,Protein only,FALSE
AD_vs_NCI,HINT2,0.01145829713216521,0.03220499027014172,-0.05166348379731255,0.07458007806164298,0.7219958933629189,0.8624645027347289,FALSE,0.01363655580909029,0.01158645197167995,-0.00915859512084624,0.03643170673902682,0.24009331153375144,0.3929220871932221,FALSE,TRUE,Neither,TRUE
AD_vs_NCI,HSD17B10,0.03051175987315643,0.02996292421722442,-0.02821557159260343,0.08923909133891629,0.3085272563388321,0.55346798791174,FALSE,-0.00822065832787008,0.01146648072864589,-0.03077977819334461,0.01433846153760444,0.47393998362337386,0.6254734668548554,FALSE,TRUE,Neither,FALSE
AD_vs_NCI,HSD17B8,-0.0928650908385054,0.05711988002863417,-0.2048200556946284,0.01908987401761758,0.1039937362494142,0.29605370311609563,FALSE,-0.03798573976216501,0.01852803674343489,-0.07443774379535226,-0.00153373572897776,0.04116085394293233,0.11092501316824135,FALSE,TRUE,Neither,TRUE
AD_vs_NCI,HSP90AA1,0.00473279219109052,0.04622456444830922,-0.08586735412759555,0.09533293850977662,0.9184495412452934,0.9652059527991022,FALSE,0.02237186909316602,0.01711718644402275,-0.01130443228374182,0.05604817047007386,0.19215594941137143,0.3356297530398413,FALSE,TRUE,Neither,TRUE
AD_vs_NCI,HSP90AB1,-0.07342977019834471,0.03388502501199407,-0.1398444192218531,-0.00701512117483632,0.03023278169780883,0.13810918844182868,FALSE,0.01254833885260436,0.01826843954308441,-0.02339293442560784,0.04848961213081658,0.4926513817990906,0.6415690377767528,FALSE,TRUE,Neither,FALSE
AD_vs_NCI,HSPA5,-0.08615564200702149,0.06193360454078724,-0.20754550690696447,0.03523422289292149,0.16419606084531788,0.3855044699793683,FALSE,-0.0035384879336105,0.0124762965734973,-0.02808431646978878,0.02100734060256778,0.7768872334364918,0.8591180707943643,FALSE,TRUE,Neither,TRUE
AD_vs_NCI,HSPA9,-0.00151954603054264,0.02532844525162188,-0.05116329872372154,0.04812420666263625,0.9521606873976308,0.979891532682774,FALSE,-0.03126671494305652,0.0120400132618815,-0.05495420099779157,-0.00757922888832147,0.00984077283767292,0.03945614830423942,TRUE,TRUE,Protein only,TRUE
AD_vs_NCI,IARS2,0.03935267281872315,0.03316490974689347,-0.02565055028518804,0.10435589592263436,0.2353950634563788,0.47321020082670245,FALSE,-0.02307300818891745,0.00889607163064699,-0.04057511288842212,-0.00557090348941279,0.00993322519583,0.03967052574284386,TRUE,TRUE,Protein only,FALSE
AD_vs_NCI,IBA57,0.02908464405598332,0.03321433050292575,-0.03601544372975114,0.0941847318417178,0.38121189400269473,0.6225182457926559,FALSE,-0.00795494546781926,0.01160716863934915,-0.03079085430772157,0.01488096337208305,0.49362021663574696,0.6423375095249823,FALSE,TRUE,Neither,FALSE
AD_vs_NCI,IDH2,-0.06198406937490033,0.04364831409874852,-0.14753476500844742,0.02356662625864676,0.1555845822544237,0.37320278207462926,FALSE,-0.08590388664063592,0.01639560632395185,-0.11816055344906136,-0.05364721983221048,2.926059745605054e-7,1.8155843884925014e-5,TRUE,TRUE,Protein only,TRUE
AD_vs_NCI,IDH3A,0.01643379147229273,0.04619239001993292,-0.07410329296677579,0.10697087591136126,0.7220140356522482,0.8624645027347289,FALSE,-0.05237365322779497,0.01754378465839211,-0.08688924265481164,-0.01785806380077829,0.00305104949713606,0.01637525299728721,TRUE,TRUE,Protein only,FALSE
AD_vs_NCI,IDH3G,-0.04577244399763625,0.02870210923194614,-0.10202857809225067,0.01048369009697819,0.11077005936652472,0.30628581274344824,FALSE,-0.02276838655234514,0.01321766367938536,-0.04877277851367853,0.00323600540898824,0.0859309538930703,0.18975445281733175,FALSE,TRUE,Neither,TRUE
AD_vs_NCI,IGHG2,-0.03112111714294549,0.1842881232565476,-0.39232583872577886,0.3300836044398878,0.8658972673112106,0.940795713998044,FALSE,0.10937560400095904,0.08600318598104903,-0.05982680668397144,0.2785780146858895,0.2043801161507769,0.351136617008587,FALSE,TRUE,Neither,FALSE
AD_vs_NCI,IMMT,-0.06563529120637654,0.03059025613695488,-0.1255921932348081,-0.00567838917794496,0.03190271898846019,0.14313283119068326,FALSE,-0.03933460418151061,0.01120539292525541,-0.06138006068405068,-0.01728914767897053,5.117070142387283e-4,0.00432922806734078,TRUE,TRUE,Protein only,TRUE
AD_vs_NCI,KPNB1,-0.01803775357874657,0.01239834078394104,-0.04233850151527101,0.00626299435777786,0.14571017857463786,0.35893471526078585,FALSE,0.00665500238783586,0.00905718227923013,-0.01116407091947463,0.02447407569514637,0.4630133143739893,0.6147734195028334,FALSE,TRUE,Neither,FALSE
AD_vs_NCI,LAP3,-0.02622226236693096,0.05654199817115304,-0.13704457878239093,0.084600054048529,0.6428153287016058,0.815416104922147,FALSE,-0.02765567084460646,0.02747077132408099,-0.0817015841254608,0.02639024243624788,0.31482399229015084,0.47574234415571354,FALSE,TRUE,Neither,TRUE
AD_vs_NCI,LETM1,0.00543944525032116,0.02118741084388838,-0.03608788000370007,0.0469667705043424,0.7973871648253822,0.9062552139551092,FALSE,-0.00550428717692889,0.01235617444773829,-0.02981378780242371,0.01880521344856591,0.6562820699871666,0.7745681215714925,FALSE,TRUE,Neither,FALSE
AD_vs_NCI,LONP1,0.038495294286118,0.02407992745097822,-0.00870136351779931,0.08569195209003533,0.10989914785632134,0.30503713184717246,FALSE,-0.0396087607130297,0.01239012307052066,-0.0639850517573757,-0.01523246966868371,0.00152823058393222,0.00978067573716621,TRUE,TRUE,Protein only,FALSE
AD_vs_NCI,LRPPRC,-0.05862891807154624,0.02878799942513046,-0.11505339694480196,-0.00220443919829053,0.04169265665507051,0.16917544815610558,FALSE,-0.09560541445294156,0.01772085861851383,-0.13046937865910563,-0.06074145024677745,1.333912868019928e-7,1.048270277778294e-5,TRUE,TRUE,Protein only,TRUE
AD_vs_NCI,LYRM7,-0.14362315888118193,0.03442408536129603,-0.21109436618932215,-0.07615195157304172,3.0171151747442543e-5,0.0016741819727863,TRUE,-0.04209309753146473,0.01913331705339022,-0.07973592823480732,-0.00445026682812214,0.02852137622139726,0.0859696458616524,FALSE,TRUE,RNA only,TRUE
AD_vs_NCI,MCCC2,-0.071001660958963,0.03318717331151659,-0.13604852064953551,-0.00595480126839048,0.03240079421327774,0.14454917346416127,FALSE,-0.01584688384982244,0.01175119435842965,-0.03896614845836363,0.00727238075871875,0.17843934003445192,0.3182262047302108,FALSE,TRUE,Neither,TRUE
AD_vs_NCI,MDH2,-0.06779911411137196,0.03588370591602986,-0.1381311777067905,0.00253294948404657,0.05883660856217571,0.20944516921222897,FALSE,-0.00792449698139041,0.01413933246322522,-0.0357421773494244,0.01989318338664357,0.5755590729735658,0.709925954736849,FALSE,TRUE,Neither,TRUE
AD_vs_NCI,ME2,-0.07678033515047607,0.03456937223197481,-0.1445363047251467,-0.00902436557580543,0.02634751439018545,0.12657918840229743,FALSE,-0.04678877037194116,0.01309957260753687,-0.07256083031197554,-0.0210167104319068,4.089900757940762e-4,0.00370413035359039,TRUE,TRUE,Protein only,TRUE
AD_vs_NCI,MIPEP,0.02512564176399602,0.02807387050627672,-0.02989914442830634,0.0801504279562984,0.37079608201209263,0.6126399936531135,FALSE,-0.02950192136999757,0.01801299621789213,-0.06494063621478811,0.00593679347479296,0.10244253569832631,0.21636680017977764,FALSE,TRUE,Neither,FALSE
AD_vs_NCI,MMAB,7.559993135486642e-4,0.02596751485947696,-0.05014032981102617,0.05165232843812351,0.9767742510584422,0.9893210935316392,FALSE,-0.01585391019316931,0.03583589750442725,-0.08635734768376743,0.05464952729742881,0.6584961235182589,0.7764607824938358,FALSE,TRUE,Neither,FALSE
AD_vs_NCI,MOGS,-0.01624098141310265,0.01844517600376048,-0.0523935263804732,0.0199115635542679,0.37858838945624734,0.6198546912490377,FALSE,0.01124980174616821,0.00747984723241867,-0.00346602731113117,0.02596563080346761,0.13356277020024204,0.25987280106265065,FALSE,TRUE,Neither,FALSE
AD_vs_NCI,MRPL14,0.00208413014882023,0.02489580177596017,-0.04671164133206169,0.05087990162970217,0.9332837300521796,0.9714229840897404,FALSE,-0.07186085698129907,0.0222340565407607,-0.11560407327134133,-0.02811764069125683,0.00135706590805305,0.00896340305281271,TRUE,TRUE,Protein only,FALSE
AD_vs_NCI,MRPL15,-0.05165448925156257,0.02873027799275611,-0.10796583411736456,0.00465685561423941,0.07219107729163968,0.23685044555202645,FALSE,-0.07606191100311971,0.02020991300872607,-0.11582283336665512,-0.0363009886395843,1.9917221214621895e-4,0.00214700893093212,TRUE,TRUE,Protein only,TRUE
AD_vs_NCI,MRPL19,0.04925813278650257,0.02499544059682893,2.670692167178537e-4,0.09824919635628727,0.04875994967720655,0.1860010509723537,FALSE,-0.06745581797523692,0.02078573067846156,-0.10834960229874312,-0.02656203365173071,0.00129728007712673,0.00865080082886082,TRUE,TRUE,Protein only,FALSE
AD_vs_NCI,MRPL22,-0.0213172226707018,0.02264288374602855,-0.06569727481291776,0.02306282947151416,0.34647249626521887,0.5910892718478772,FALSE,-0.05873983688933504,0.01557328907500971,-0.08937867920345083,-0.02810099457521926,1.9298017002946667e-4,0.00209415430602098,TRUE,TRUE,Protein only,TRUE
AD_vs_NCI,MRPL3,-0.06196000170347572,0.02975418469465244,-0.12027820370499452,-0.00364179970195693,0.03730629354101511,0.1572881472842153,FALSE,-0.05464974695537839,0.02147270490269136,-0.09689508231146732,-0.01240441159928944,0.01139387398642813,0.04425345865873767,TRUE,TRUE,Protein only,TRUE
AD_vs_NCI,MRPL37,-0.03604651899922743,0.02577316888412061,-0.08656193001210384,0.01446889201364896,0.16193104551615956,0.3824155882790918,FALSE,-0.0725975338935887,0.01711374754946494,-0.10626706959963636,-0.03892799818754102,2.9025149356731275e-5,5.38977955938134e-4,TRUE,TRUE,Protein only,TRUE
AD_vs_NCI,MRPL39,-0.00521522296002129,0.02201413453832055,-0.04836292665512957,0.03793248073508697,0.8127317449392297,0.9141791480599476,FALSE,-0.0823651774555953,0.0178048627781667,-0.11739441119402948,-0.04733594371716109,5.418899141239289e-6,1.5131706883221772e-4,TRUE,TRUE,Protein only,TRUE
AD_vs_NCI,MRPL4,-0.03473568957342158,0.02254281307071561,-0.07891960319202418,0.00944822404518101,0.12334686063216596,0.3262058136398911,FALSE,-0.03362441564300555,0.02162001458301361,-0.07615956762325124,0.00891073633724012,0.1208751414827246,0.242363616544328,FALSE,TRUE,Neither,TRUE
AD_vs_NCI,MRPL44,-0.03930213741618472,0.03201394587825648,-0.10204947133756744,0.02344519650519798,0.2195758407868091,0.4552664986439702,FALSE,-0.0695357906697206,0.02008384484859239,-0.10904868691234076,-0.03002289442710044,6.083652066246117e-4,0.00495257947408963,TRUE,TRUE,Protein only,TRUE
AD_vs_NCI,MRPL47,-0.01649243225761777,0.0238349917997663,-0.06320901618515973,0.03022415166992417,0.48897374389082504,0.708702453425411,FALSE,-0.12173507506680478,0.02135633281968785,-0.1637514603351033,-0.0797186897985063,2.7167202310399316e-8,3.214575008263063e-6,TRUE,TRUE,Protein only,TRUE
AD_vs_NCI,MRPL48,0.03291205108474926,0.02210375747184218,-0.01041131356006142,0.07623541572955994,0.13649265582891212,0.3456579769732179,FALSE,-0.10466100038762788,0.01980294343454898,-0.1436212520290187,-0.06570074874623706,2.3278771960096637e-7,1.5706335542335418e-5,TRUE,TRUE,Protein only,FALSE
AD_vs_NCI,MRPL49,0.01083170419513814,0.02148830787548061,-0.03128537924080386,0.05294878763108016,0.6142091514606054,0.7982758077260278,FALSE,-0.06764102849608922,0.01776903559325293,-0.1025997759381576,-0.03268228105402083,1.6874331652105078e-4,0.00192099493130282,TRUE,TRUE,Protein only,FALSE
AD_vs_NCI,MRPL53,-0.02210208186139293,0.03581630079269262,-0.09230203141507046,0.04809786769228461,0.5371716664065386,0.744354890456647,FALSE,-0.08993110545464467,0.02357644356244518,-0.13631532995328083,-0.04354688095600852,1.637477038681554e-4,0.00189351890291176,TRUE,TRUE,Protein only,TRUE
AD_vs_NCI,MRPS12,-0.06273063450717323,0.02621586957792945,-0.11411373887991497,-0.01134753013443149,0.01671808999082159,0.09670757248568708,FALSE,-0.04807050462747328,0.02233764618913398,-0.09201752288167332,-0.00412348637327326,0.03214467349966527,0.09299238661875778,FALSE,TRUE,Neither,TRUE
AD_vs_NCI,MRPS15,0.00937686264122272,0.02018311691236379,-0.0301820465070103,0.04893577178945576,0.642225508116878,0.8151487882988209,FALSE,-0.05873314840130644,0.02047611804981514,-0.09901780176590824,-0.01844849503670466,0.0043996487536107,0.02166536595237161,TRUE,TRUE,Protein only,FALSE
AD_vs_NCI,MRPS16,-0.08030501604491265,0.0325465244629634,-0.14409620399232093,-0.01651382809750438,0.01361014816867687,0.08545658899437492,FALSE,-0.08061127187820871,0.02098976505617502,-0.12190647282573772,-0.03931607093067971,1.4799196346761495e-4,0.00176756598620475,TRUE,TRUE,Protein only,TRUE
AD_vs_NCI,MRPS2,0.00768474208874153,0.01927307191215783,-0.03009047885908782,0.04545996303657089,0.6900925378844489,0.8434426613487803,FALSE,-0.04799784348252667,0.02077432458426748,-0.08886918749045476,-0.00712649947459857,0.02149876006744131,0.0705714136923493,FALSE,TRUE,Neither,FALSE
AD_vs_NCI,MRPS22,-0.03559260797648114,0.02373810518099239,-0.08211929413122623,0.01093407817826394,0.13377324595666576,0.34159290661613173,FALSE,-0.08842597698001164,0.02424090767940118,-0.13611746619355453,-0.04073448776646875,3.086367675659613e-4,0.00297838840345501,TRUE,TRUE,Protein only,TRUE
AD_vs_NCI,MRPS23,-0.04973534269422301,0.03200863144226137,-0.11247226032105528,0.01300157493260927,0.12022966196982118,0.32138462816970603,FALSE,-0.08570882045573858,0.0218652864695513,-0.12872651961144077,-0.04269112130003637,1.0837796045400708e-4,0.00143664112717476,TRUE,TRUE,Protein only,TRUE
AD_vs_NCI,MRPS25,-0.04391577801650328,0.01613442578476889,-0.07553925255465033,-0.01229230347835624,0.00649140561055417,0.05376953820109801,FALSE,-0.0686798368226681,0.0188660122296683,-0.1057967728158842,-0.03156290082945199,3.1727765414610196e-4,0.0030287217716611,TRUE,TRUE,Protein only,TRUE
AD_vs_NCI,MRPS26,-0.04857703261125496,0.026015593878817,-0.09956759661373628,0.00241353139122636,0.06186982328783514,0.216335302971953,FALSE,-0.02682661378145104,0.01644252083086519,-0.05917558005035903,0.00552235248745695,0.1037592903818913,0.21784077783154368,FALSE,TRUE,Neither,TRUE
AD_vs_NCI,MRPS27,-0.06624369387955768,0.02488080716419345,-0.11501007592137684,-0.01747731183773851,0.00775760497310111,0.06025793065280574,FALSE,-0.07087922275943231,0.02174383617604837,-0.11365798097120695,-0.02810046454765765,0.00123501918719559,0.0083339225788477,TRUE,TRUE,Protein only,TRUE
AD_vs_NCI,MRPS31,-0.05359200497244494,0.01806831626247991,-0.08900590484690557,-0.01817810509798432,0.00301625631251902,0.0335923366961328,TRUE,-0.05717112745828223,0.02098681898367634,-0.09846053231159514,-0.01588172260496932,0.00680060521255917,0.02975191687145405,TRUE,TRUE,FDR-significant in both,TRUE
AD_vs_NCI,MRPS35,-0.06467781206873618,0.02437001040633889,-0.1124430324651604,-0.01691259167231196,0.00795457184508662,0.06141409015819698,FALSE,-0.09730091163673082,0.0236183486972395,-0.143767580172136,-0.05083424310132565,4.8341577756700985e-5,7.93425637503531e-4,TRUE,TRUE,Protein only,TRUE
AD_vs_NCI,MRPS5,0.01291631655116035,0.02538106355534069,-0.03683056801730741,0.06266320111962811,0.610825266614515,0.7961278457900725,FALSE,-0.06110086936760758,0.01881327891776454,-0.0981140580008191,-0.02408768073439606,0.00128648458954459,0.00859007033018751,TRUE,TRUE,Protein only,FALSE
AD_vs_NCI,MRPS6,0.2519235253650793,0.04937856468024979,0.1551415385917897,0.34870551213836887,3.36295472908497e-7,7.137799554475815e-5,TRUE,-0.04468308477614707,0.01570865261658378,-0.07558824091680214,-0.01377792863549201,0.00473443467349073,0.02289810229916429,TRUE,TRUE,FDR-significant in both,FALSE
AD_vs_NCI,MRPS9,-0.03620771213125026,0.02364559547752963,-0.08255307926720834,0.01013765500470782,0.125703500614592,0.3291205541251743,FALSE,-0.0734244854478272,0.0202868318505132,-0.11333673771047056,-0.03351223318518383,3.4316203193850023e-4,0.00321443122460128,TRUE,TRUE,Protein only,TRUE
AD_vs_NCI,MTHFD1L,-0.03524993923045039,0.03168445626301221,-0.09735147350595431,0.02685159504505354,0.2659099169092921,0.5073249052403542,FALSE,0.00883602736271704,0.01657274399039149,-0.02376913956047499,0.04144119428590909,0.5942882106073976,0.722927024363547,FALSE,TRUE,Neither,FALSE
AD_vs_NCI,MTPAP,-0.06135741664705317,0.02668432434735,-0.11365869236785917,-0.00905614092624717,0.02148333888249762,0.111990740006938,FALSE,-0.00347814843719823,0.01519504816767287,-0.0333728407223238,0.02641654384792733,0.8190926047861581,0.8897402163005919,FALSE,TRUE,Neither,TRUE
AD_vs_NCI,NADK2,0.07425114379778901,0.03225354547244719,0.01103419467179252,0.13746809292378548,0.02132908459468095,0.11148403448222775,FALSE,7.681469084430403e-4,0.01179418738191419,-0.02243570204582018,0.02397199586270626,0.948111694092808,0.9714040071575124,FALSE,TRUE,Neither,TRUE
AD_vs_NCI,NARS2,0.02804414802029109,0.0305242241745641,-0.03178333136185454,0.08787162740243673,0.35822605815444497,0.6010949322695064,FALSE,0.00969960550926903,0.01366570974753229,-0.0171862709455001,0.03658548196403816,0.4783587968990598,0.629074582223421,FALSE,TRUE,Neither,TRUE
AD_vs_NCI,NDUFA10,-0.06140370587462834,0.02046908175258577,-0.10152310610969643,-0.02128430563956022,0.00270132911479632,0.03124457657556452,TRUE,-0.06284028358430363,0.01702604886454481,-0.0963372811601284,-0.02934328600847886,2.626144015071871e-4,0.00265642559616017,TRUE,TRUE,FDR-significant in both,TRUE
AD_vs_NCI,NDUFA13,0.10202490789586462,0.04998489022303171,0.00405452305872247,0.19999529273300676,0.04123940037348978,0.16788492286473308,FALSE,-0.05934881328575586,0.01557834322726794,-0.08999759912389702,-0.02870002744761471,1.6678409155949426e-4,0.00191516289814965,TRUE,TRUE,Protein only,FALSE
AD_vs_NCI,NDUFA2,-0.04560033022295607,0.02480812441004162,-0.09422425406663763,0.00302359362072551,0.06604460248026031,0.22539338697567163,FALSE,-0.05443674796066102,0.01608806987010749,-0.08608836847027346,-0.02278512745104859,8.040382694458219e-4,0.00603384471230138,TRUE,TRUE,Protein only,TRUE
AD_vs_NCI,NDUFA6,-0.04285610802818085,0.02063610011259199,-0.08330286424886116,-0.00240935180750054,0.03782424933443433,0.15873755436521034,FALSE,-0.0553957072297469,0.01743851001219594,-0.0897041796329324,-0.02108723482656142,0.00163505512821627,0.01023266973230556,TRUE,TRUE,Protein only,TRUE
AD_vs_NCI,NDUFA8,-0.00420717023919989,0.02815485260729457,-0.05939068134949725,0.05097634087109747,0.8812146039333925,0.9475708954480788,FALSE,-0.07549945102688232,0.01798069261807104,-0.110874611866072,-0.04012429018769264,3.479320716732078e-5,6.189784547808675e-4,TRUE,TRUE,Protein only,TRUE
AD_vs_NCI,NDUFA9,-0.04873809281392043,0.02405166518488497,-0.09587935657629496,-0.0015968290515459,0.04272466886429462,0.17152587786638787,FALSE,-0.04505922553945285,0.02344560470433341,-0.09118603806025072,0.00106758698134501,0.05550992965429933,0.13961172618935985,FALSE,TRUE,Neither,TRUE
AD_vs_NCI,NDUFAF3,-0.04254235428622197,0.02407858425964168,-0.08973637943511967,0.00465167086267574,0.07725956061941851,0.24708134821146424,FALSE,-0.02227132792114178,0.01879563370083091,-0.05924980140737158,0.01470714556508801,0.2369272733297264,0.3898725636163155,FALSE,TRUE,Neither,TRUE
AD_vs_NCI,NDUFAF7,-0.08162067575203436,0.02115161269332162,-0.12307783663094474,-0.04016351487312398,1.139267851521889e-4,0.00395131823419595,TRUE,-0.10298049962940752,0.01876216929360849,-0.13989313534102948,-0.06606786391778557,8.243518889704339e-8,7.6260043837846674e-6,TRUE,TRUE,FDR-significant in both,TRUE
AD_vs_NCI,NDUFB1,-0.04016580181695008,0.03115520324101534,-0.10123000016934014,0.02089839653543999,0.1973228332390589,0.42810821579448705,FALSE,-0.05483972458341821,0.01843540622384192,-0.09110948760960856,-0.01856996155722787,0.00315564058969954,0.01672489512540756,TRUE,TRUE,Protein only,TRUE
AD_vs_NCI,NDUFB10,0.00518721672899834,0.02235074262134431,-0.03862023880883652,0.0489946722668332,0.8164739192752966,0.9161995859631016,FALSE,-0.0350078024146592,0.01395568094893361,-0.06246416734315907,-0.00755143748615933,0.01261828311912338,0.04762746625378321,TRUE,TRUE,Protein only,FALSE
AD_vs_NCI,NDUFS1,-0.09210368001914276,0.03149521023536494,-0.15383429208045804,-0.03037306795782748,0.00345153086206615,0.03653532220702847,TRUE,-0.06012149470304939,0.01504375638859842,-0.08971853599485187,-0.03052445341124691,7.98457489170438e-5,0.00113479097902211,TRUE,TRUE,FDR-significant in both,TRUE
AD_vs_NCI,NDUFS2,0.02263267152830246,0.02386082382196097,-0.02413454316274105,0.06939988621934598,0.3428604688790243,0.5871089521219701,FALSE,-0.06023700549527694,0.01532236531977262,-0.09038218116437348,-0.0300918298261804,1.0356835660918268e-4,0.00138672578533558,TRUE,TRUE,Protein only,FALSE
AD_vs_NCI,NDUFS3,-0.01743980479228881,0.02366557858307621,-0.06382433881511818,0.02894472923054055,0.461166718871709,0.6879409581150447,FALSE,-0.03789598329966737,0.01515080826595348,-0.06770363813456365,-0.00808832846477108,0.01287428299060542,0.04812957520661308,TRUE,TRUE,Protein only,TRUE
AD_vs_NCI,NDUFS4,-0.03420868895516373,0.03132021227198687,-0.095596305008258,0.02717892709793053,0.27473463593025355,0.5171291756276803,FALSE,-0.06628604076939823,0.01635329884800354,-0.0984594719762725,-0.03411260956252395,6.342613364812966e-5,9.779156606111628e-4,TRUE,TRUE,Protein only,TRUE
AD_vs_NCI,NDUFV1,-0.04732840951249535,0.02601289288823127,-0.09831367957342864,0.00365686054843793,0.06884719057299267,0.2302458055957054,FALSE,-0.06697643327314864,0.01544587467666807,-0.09736460088132824,-0.03658826566496905,1.9442331208153275e-5,4.021243137686336e-4,TRUE,TRUE,Protein only,TRUE
AD_vs_NCI,NDUFV2,-0.00819667737818845,0.03785046293976629,-0.08238358474013037,0.06599022998375347,0.8285557682623169,0.9224211150927156,FALSE,-0.04628709970663464,0.01729459346053696,-0.08031243111683961,-0.01226176829642965,0.00782484092712009,0.03315594979133845,TRUE,TRUE,Protein only,TRUE
AD_vs_NCI,NFS1,-0.06588429947465403,0.02046151444832117,-0.10598886779336351,-0.02577973115594453,0.00128229437959712,0.01952373778573593,TRUE,-0.05935699990107895,0.01253150728339106,-0.08401144982265231,-0.03470254997950559,3.270132800542985e-6,1.0464424961737553e-4,TRUE,TRUE,FDR-significant in both,TRUE
AD_vs_NCI,NFU1,-0.01974796116814947,0.02690094738366079,-0.07247381804012462,0.03297789570382567,0.46288834419268227,0.6891430606317074,FALSE,-0.01324176325118814,0.01602025549033375,-0.04475996595300741,0.01827643945063112,0.40909956301349304,0.5650303467675954,FALSE,TRUE,Neither,TRUE
AD_vs_NCI,NIPSNAP1,-0.08031053142179082,0.03033615709244815,-0.13976939932298918,-0.02085166352059244,0.00811245031654525,0.06218043652821593,FALSE,-0.06408659874991751,0.01666181946398481,-0.09686701249324728,-0.03130618500658774,1.4467943904117908e-4,0.00174852490698698,TRUE,TRUE,Protein only,TRUE
AD_vs_NCI,NIPSNAP3A,0.01360824979826666,0.0289522439312022,-0.04313814830688964,0.07035464790342298,0.6383378635234996,0.8132328343244664,FALSE,-0.01272978125765433,0.03452424752310287,-0.08065268250086467,0.055193119985556,0.7125799879758332,0.814194246310586,FALSE,TRUE,Neither,FALSE
AD_vs_NCI,NSUN2,-0.04339247633290199,0.03542411884395739,-0.11282374926705846,0.02603879660125448,0.220597230155245,0.4564603934065803,FALSE,-0.01128867334190827,0.01446135772385208,-0.03973990524385305,0.01716255856003649,0.43560863525589366,0.589305167822916,FALSE,TRUE,Neither,TRUE
AD_vs_NCI,OAT,-0.03591159481381241,0.03625721783727272,-0.10697574177486696,0.03515255214724212,0.3219456816696851,0.5667064113123139,FALSE,-0.02986249137448532,0.0164872416847174,-0.06229944131740918,0.00257445856843853,0.07103891825498795,0.16532181364802495,FALSE,TRUE,Neither,TRUE
AD_vs_NCI,OGDH,0.00317459836739235,0.01527608062945243,-0.02676651966633443,0.03311571640111913,0.8353734367913939,0.9257364699826268,FALSE,-0.06205074308556768,0.03020778898658342,-0.1214814567235238,-0.00262002944761156,0.04077419785050706,0.11029192911397125,FALSE,TRUE,Neither,FALSE
AD_vs_NCI,P4HB,0.00153439029088016,0.0185369269463856,-0.03479798652403561,0.03786676710579594,0.9340306125993084,0.9718390804465188,FALSE,-0.02796746894568701,0.01006579091496978,-0.04777087586410807,-0.00816406202726595,0.00578381203092411,0.02634167605395441,TRUE,TRUE,Protein only,FALSE
AD_vs_NCI,PC,0.06641226391914559,0.02713255645553669,0.01323245326629367,0.11959207457199753,0.01437726979484645,0.0879823454541377,FALSE,-0.01536695759176226,0.01166929586547014,-0.03832509535038343,0.0075911801668589,0.18882312846497823,0.33133207622925753,FALSE,TRUE,Neither,FALSE
AD_vs_NCI,PCCB,-0.0317830085608676,0.03709244570693877,-0.1044842021464676,0.04091818502473239,0.3915226259863993,0.6320406533914226,FALSE,-0.01334173225597169,0.01235255393107883,-0.03764410988782718,0.01096064537588378,0.28091956725037637,0.440061194017831,FALSE,TRUE,Neither,TRUE
AD_vs_NCI,PCK2,0.0766485564515081,0.04593172964212894,-0.01337763364706462,0.16667474655008083,0.09516701059031744,0.2803086672979899,FALSE,-0.01248722858738604,0.02270428886654701,-0.05715557854773857,0.03218112137296648,0.5827065702381271,0.7152740722247505,FALSE,TRUE,Neither,FALSE
AD_vs_NCI,PCMT1,-0.05750893671162482,0.04690632264773373,-0.1494453291011829,0.03442745567793327,0.2201843537010049,0.4560331989538827,FALSE,0.00922064419692209,0.01187867453494519,-0.01414942452933774,0.03259071292318192,0.4381829111058385,0.5918435496964445,FALSE,TRUE,Neither,FALSE
AD_vs_NCI,PDHA1,-0.03419977043072424,0.02345401481573485,-0.08016963946956455,0.01177009860811607,0.14479569220475733,0.3573344542022041,FALSE,-0.06540799495464619,0.012769822173539,-0.0905313048778017,-0.04028468503149068,5.228792911766986e-7,2.6604098335070428e-5,TRUE,TRUE,Protein only,TRUE
AD_vs_NCI,PDHB,-0.0042869935292491,0.02429985309081074,-0.05191470558723816,0.04334071852873995,0.8599635586441642,0.9383171656389118,FALSE,-0.05890623030809225,0.01557052385568433,-0.0895396323379838,-0.02827282827820069,1.8474198639981284e-4,0.00203897446161008,TRUE,TRUE,Protein only,TRUE
AD_vs_NCI,PDHX,-0.07299049795608895,0.02601910111067254,-0.12398793613300713,-0.02199305977917075,0.00502750814359795,0.04598457080293478,TRUE,-0.0592812838402597,0.01211740223770622,-0.08312102473440111,-0.03544154294611829,1.581433581891308e-6,5.960247455305907e-5,TRUE,TRUE,FDR-significant in both,TRUE
AD_vs_NCI,PDIA6,0.01711524018439022,0.05462876932165327,-0.08995714768605018,0.12418762805483063,0.7540520999438255,0.8818166139818704,FALSE,-0.02208210944644639,0.01332023026771779,-0.04828829060667526,0.00412407171378247,0.09833928633446162,0.20961469998732332,FALSE,TRUE,Neither,FALSE
AD_vs_NCI,PDK1,-0.02565698912360717,0.04148088207908599,-0.10695951799861572,0.05564553975140136,0.5362289018895627,0.7435463912347708,FALSE,-0.02898907619674623,0.01223970021107294,-0.05306942575764203,-0.00490872663585042,0.01845610174657545,0.06289661465946142,FALSE,TRUE,Neither,TRUE
AD_vs_NCI,PDK2,-0.02731599973468205,0.03236207825066434,-0.09074567310598416,0.03611367363662007,0.39862786736316413,0.6379448275185409,FALSE,-0.03410826852502252,0.01384841221883987,-0.06135359327499957,-0.00686294377504547,0.01430460731759425,0.05217336346374163,FALSE,TRUE,Neither,TRUE
AD_vs_NCI,PDK3,-0.02659106667092058,0.04138094196538996,-0.1076977129230849,0.05451557958124374,0.520488806236258,0.731028443858015,FALSE,-0.06798151099043068,0.014222515033736,-0.09596284449871571,-0.04000017748214563,2.6775070764539703e-6,9.143057721475032e-5,TRUE,TRUE,Protein only,TRUE
AD_vs_NCI,PGAM5,-0.11601215110391767,0.04496422960220463,-0.20414204112423875,-0.02788226108359659,0.00987720756259365,0.07024074896961287,FALSE,-0.02967199822188676,0.01481240664958996,-0.05881388272961166,-5.301137141618707e-4,0.04599945964955149,0.12076638322854386,FALSE,TRUE,Neither,TRUE
AD_vs_NCI,PHB2,-0.04541105629833232,0.0172366009015013,-0.07919479406527488,-0.01162731853138977,0.00842435760271033,0.06366258130395286,FALSE,-0.01134662507387709,0.0114867694605445,-0.0339456609297632,0.01125241078200901,0.32399635806640714,0.4848510205417293,FALSE,TRUE,Neither,TRUE
AD_vs_NCI,PIN4,0.0018710169660012,0.02516571186193304,-0.04745377828338756,0.05119581221538996,0.9407335910621426,0.9744232075249089,FALSE,0.03130211393051702,0.01847902341636591,-0.00505346142969539,0.06765768929072943,0.09125117374103386,0.19841280854460697,FALSE,TRUE,Neither,TRUE
AD_vs_NCI,PITRM1,-0.02146628985838546,0.02313882220358125,-0.06681838137740473,0.02388580166063379,0.35355413797956947,0.5972593058589548,FALSE,-0.05237016274555696,0.05263337682119944,-0.1559209107678183,0.05118058527670438,0.32048768065398053,0.4815833783719589,FALSE,TRUE,Neither,TRUE
AD_vs_NCI,PMPCA,-0.0368927843166781,0.01973996713661342,-0.07558311990444042,0.0017975512710842,0.06163137293828942,0.2158358319244876,FALSE,-0.03121464265997328,0.01099136131918462,-0.05283901402134284,-0.00959027129860373,0.00480097906494182,0.02311282842754691,TRUE,TRUE,Protein only,TRUE
AD_vs_NCI,PMPCB,0.00568306273978353,0.02269539814449386,-0.03879991762342444,0.05016604310299151,0.8022734284973703,0.9088993864883508,FALSE,-0.04354843611116468,0.01139004701785393,-0.06595718052279911,-0.02113969169953025,1.5817807531744957e-4,0.00184589460370454,TRUE,TRUE,Protein only,FALSE
AD_vs_NCI,PNPT1,0.04779217696976564,0.03310612650615495,-0.01709583098229806,0.11268018492182937,0.14885005632846593,0.3637635816840491,FALSE,-0.02690044426778123,0.0084898911646415,-0.04360343073419623,-0.01019745780136623,0.00167988875990403,0.01044899023275272,TRUE,TRUE,Protein only,FALSE
AD_vs_NCI,POLDIP2,-0.03041681946015975,0.01678917540018074,-0.063323603244514,0.00248996432419449,0.07003375715207724,0.23269310828974232,FALSE,-0.04581402639404541,0.01459330725953996,-0.07452485541756736,-0.01710319737052347,0.00185064827677562,0.01129028588996926,TRUE,TRUE,Protein only,TRUE
AD_vs_NCI,PPA2,0.00691750074825414,0.02191002682062664,-0.03602615182017408,0.04986115331668237,0.7522127207278921,0.8809541638389342,FALSE,-0.03780217797246105,0.01437153120787341,-0.0660766854557271,-0.00952767048919499,0.00894169671012417,0.03666023598800305,TRUE,TRUE,Protein only,FALSE
AD_vs_NCI,PPIA,-0.01206953959872565,0.03168618632784164,-0.07417446480129526,0.05003538560384396,0.7032711006894542,0.8517524016494935,FALSE,0.05839183269124098,0.01173440847102548,0.0353055925873373,0.08147807279514467,1.0608500722690912e-6,4.4980043064209465e-5,TRUE,TRUE,Protein only,FALSE
AD_vs_NCI,PPIF,0.00220783751678032,0.02456982181025619,-0.0459490132313218,0.05036468826488246,0.9283986836482216,0.9691014926875278,FALSE,-0.01933253908787779,0.01267339590846327,-0.04426614026573458,0.00560106208997898,0.12813537219211274,0.252499137766642,FALSE,TRUE,Neither,FALSE
AD_vs_NCI,PPOX,-0.05965938289267343,0.03075506579446818,-0.11993931184983107,6.205460644842092e-4,0.05240120880013561,0.19477312051096657,FALSE,-0.02060386026801164,0.01433163077382292,-0.04879986775675184,0.00759214722072856,0.1515096567965609,0.2836122613265179,FALSE,TRUE,Neither,TRUE
AD_vs_NCI,PRDX3,-0.01818026876883756,0.02816243530210691,-0.0733786419609671,0.03701810442329199,0.5185706281030306,0.7297570437907293,FALSE,-0.00560085982731151,0.01490292288159022,-0.03492082569895165,0.02371910604432862,0.7072973076152447,0.8107070739234884,FALSE,TRUE,Neither,TRUE
AD_vs_NCI,PRDX4,0.02666376631492296,0.04281488766430188,-0.05725341350710872,0.11058094613695466,0.5334366158440595,0.7412473550028275,FALSE,0.03814305321975453,0.02700489161329195,-0.01498628971250744,0.09127239615201652,0.1587883128518542,0.29272280282254864,FALSE,TRUE,Neither,TRUE
AD_vs_NCI,PTCD3,-0.04786754883479858,0.0155226235667113,-0.07829189102555273,-0.01744320664404442,0.00204424405832781,0.02637127932491155,TRUE,-0.10342966057385684,0.02436260812454294,-0.1513605828789128,-0.05549873826880087,2.861563832230398e-5,5.352807639113333e-4,TRUE,TRUE,FDR-significant in both,TRUE
AD_vs_NCI,PTPMT1,0.0023435347695924,0.02391426621756965,-0.04452842701684411,0.04921549655602892,0.9219343958717682,0.9668525570460208,FALSE,-0.05553866105010821,0.01626784068647582,-0.08754396212577573,-0.02353335997444069,7.22417550911582e-4,0.0055776335342005,TRUE,TRUE,Protein only,FALSE
AD_vs_NCI,QRSL1,0.01603535101166494,0.02371220236949204,-0.03044056563253945,0.06251126765586934,0.4988826239141387,0.7156991449832354,FALSE,1.8496193765917576e-4,0.01514449904678788,-0.02961028015833468,0.02998020403365303,0.990263166236272,0.9941870499490264,FALSE,TRUE,Neither,TRUE
AD_vs_NCI,RPL11,-0.013896229398797,0.02619115579734298,-0.06523089476158926,0.03743843596399525,0.5957171103765655,0.7861321905848111,FALSE,-0.03224161431944597,0.00899923058827761,-0.04994667364343037,-0.01453655499546156,3.928827222371495e-4,0.00357600588683831,TRUE,TRUE,Protein only,TRUE
AD_vs_NCI,RPL23,-0.01486291334698254,0.02292566922413671,-0.0597972250262905,0.03007139833232541,0.51678523660203,0.7287355502875299,FALSE,-0.01512577161938084,0.00933865390126983,-0.03349861135342594,0.00324706811466425,0.10628178894653675,0.2216236648196635,FALSE,TRUE,Neither,TRUE
AD_vs_NCI,RPL23A,0.00286728043903248,0.02537737069190149,-0.04687236611709443,0.05260692699515941,0.9100418783869604,0.961301155003495,FALSE,-0.02584923810387518,0.0123259589667839,-0.0500992928825776,-0.00159918332517276,0.03676495538648821,0.10249868109942575,FALSE,TRUE,Neither,FALSE
AD_vs_NCI,RPL31,0.02995740232203878,0.02793222043744765,-0.02478974973535861,0.08470455437943619,0.2834939726408123,0.527104359283415,FALSE,-0.00654065052714619,0.01094614585126947,-0.02807606511227287,0.01499476405798048,0.5505757251306931,0.6894176438833151,FALSE,TRUE,Neither,FALSE
AD_vs_NCI,RPL9,-0.1606221884629415,0.08170015465433841,-0.3207544915854448,-4.898853404382009e-4,0.04929905681229678,0.18742245526940693,FALSE,-0.04232849277541851,0.00954989870890106,-0.06111693491172523,-0.02354005063911179,1.2818971312038968e-5,2.885970178568773e-4,TRUE,TRUE,Protein only,TRUE
AD_vs_NCI,RPS10,0.01572378037146176,0.03280652360107351,-0.04857700588664232,0.08002456662956586,0.6317335998206416,0.8091960923395115,FALSE,-0.04482035301359266,0.0132788399884682,-0.0709451030623102,-0.01869560296487512,8.279637100035849e-4,0.0061688614217643,TRUE,TRUE,Protein only,FALSE
AD_vs_NCI,RPS11,-6.280915669699989e-4,0.02788896116203284,-0.05529045544455437,0.05403427231061438,0.98203223846341,0.9920191424058032,FALSE,-0.02120093984952936,0.00887550616169411,-0.03866258410697017,-0.00373929559208855,0.01748656870102461,0.06023809177441653,FALSE,TRUE,Neither,TRUE
AD_vs_NCI,RPS16,-0.01372859151165919,0.02560359765156286,-0.06391164290872241,0.03645445988540401,0.5918218867845724,0.7834486334304219,FALSE,-0.0406992926806363,0.00860746553699717,-0.05763359461531466,-0.02376499074595795,3.3967589312846387e-6,1.0602889228451682e-4,TRUE,TRUE,Protein only,TRUE
AD_vs_NCI,RPS18,-0.04064984498973495,0.02800186872436094,-0.0955335076894824,0.0142338177100125,0.14658968693908406,0.3603862682663374,FALSE,-0.02975526822753532,0.01435822690284651,-0.05800360086091227,-0.00150693559415837,0.03903245563693233,0.10671527903316053,FALSE,TRUE,Neither,TRUE
AD_vs_NCI,RPS3,-0.01192602861823952,0.02429418684030191,-0.05954263482523127,0.03569057758875223,0.6234968190018082,0.8037020605963637,FALSE,-0.05409118521724329,0.00957455528519001,-0.07292813662794184,-0.03525423380654474,3.555754966907052e-8,3.932974189483279e-6,TRUE,TRUE,Protein only,TRUE
AD_vs_NCI,RPS4X,-0.02946348118586846,0.02276614680068635,-0.07408512891521372,0.01515816654347679,0.19560341540216356,0.42586530025266767,FALSE,-0.02889406321627038,0.00863763664181859,-0.04588772369226995,-0.01190040274027082,9.200995270910248e-4,0.00667826875012715,TRUE,TRUE,Protein only,TRUE
AD_vs_NCI,RPS6,0.00612215273351929,0.02403033839937147,-0.0409773105292488,0.05322161599628738,0.7989025660210151,0.9069739152418336,FALSE,-0.0289265337039987,0.01366170367573798,-0.05580452862511018,-0.00204853878288722,0.03500089428189899,0.09910102955275576,FALSE,TRUE,Neither,FALSE
AD_vs_NCI,RPS8,-0.0418846792624735,0.02060056236484535,-0.08226178149757041,-0.0015075770273766,0.04203420424605333,0.1698737486260725,FALSE,-0.03085195623014139,0.011491697639772201,-0.05346068777108966,-0.00824322468919312,0.00763683527858328,0.03257017426440212,TRUE,TRUE,Protein only,TRUE
AD_vs_NCI,RPS9,1.1979530865160506e-4,0.02899647985099087,-0.05671330519929051,0.05695289581659372,0.9967036496907108,0.9987978521610424,FALSE,-0.04230647637326795,0.01186725177534781,-0.0656540719964851,-0.0189588807500508,4.193247196662231e-4,0.00374960311715596,TRUE,TRUE,Protein only,FALSE
AD_vs_NCI,SAMM50,6.373577675946322e-4,0.02235561459431348,-0.0431796468372598,0.04445436237244906,0.9772554211266204,0.9896494524442282,FALSE,-0.02693257688264827,0.01124209176697573,-0.04905023457654645,-0.0048149191887501,0.01716261245755487,0.05948458595642998,FALSE,TRUE,Neither,FALSE
AD_vs_NCI,SARS2,-0.02021214617918654,0.0300473615104213,-0.07910497473961231,0.03868068238123921,0.5011532863321457,0.7172164338108676,FALSE,-0.02479051566979501,0.01299039798752796,-0.05034778578919192,7.667544496019092e-4,0.05723676737454272,0.14226706028415895,FALSE,TRUE,Neither,TRUE
AD_vs_NCI,SDHA,-0.01044323718990773,0.03027540933072771,-0.06978303947813405,0.04889656509831859,0.7301385472579943,0.8672883643000944,FALSE,-0.02258099457678654,0.0098419411560533,-0.04194400014951496,-0.00321798900405812,0.02241617339056577,0.0729242264777485,FALSE,TRUE,Neither,TRUE
AD_vs_NCI,SDHB,-0.0352304336772222,0.0255724384000144,-0.08535241294125043,0.01489154558680603,0.16830456405556343,0.3913762748564291,FALSE,-0.0283799937012523,0.01231442749698918,-0.05260736150079517,-0.00415262590170942,0.02182742693303402,0.07141990240210747,FALSE,TRUE,Neither,TRUE
AD_vs_NCI,SERPINH1,0.09197488057374134,0.10544967297875776,-0.11470647846462384,0.2986562396121065,0.3830906114342555,0.6242315717681671,FALSE,-0.03672080541804223,0.03265808663966305,-0.10097222732473687,0.02753061648865241,0.2616845129823123,0.41764454267691503,FALSE,TRUE,Neither,FALSE
AD_vs_NCI,SHMT2,0.0836347899937492,0.03607861360690456,0.01292070732421626,0.15434887266328212,0.02044244752389394,0.10884376058337442,FALSE,-0.05851795780362351,0.02124257465509866,-0.1003105355993962,-0.01672538000785082,0.00620950524321588,0.02795925900662159,TRUE,TRUE,Protein only,FALSE
AD_vs_NCI,SLC25A13,0.04815742954369428,0.03592074264077,-0.02224722603221491,0.11856208511960348,0.18003152982791426,0.405875894708724,FALSE,-0.0437593141528502,0.01611974377626738,-0.07547324981063915,-0.01204537849506125,0.00699423760134933,0.03037033024155704,TRUE,TRUE,Protein only,FALSE
AD_vs_NCI,SLC25A5,-0.00730833002507278,0.03856620396824025,-0.08289808980282369,0.0682814297526781,0.8497002566167421,0.9334246659289576,FALSE,-0.03690046316504064,0.01693594304642358,-0.07022018682398737,-0.00358073950609391,0.03007312385941029,0.08927191026644082,FALSE,TRUE,Neither,TRUE
AD_vs_NCI,SLC25A6,-0.03446710873199232,0.02147770153024289,-0.0765634037312684,0.00762918626728374,0.10854096946934104,0.30305800481584727,FALSE,-0.04264774271733107,0.01681699133346663,-0.07573344113223798,-0.00956204430242415,0.01168775108373434,0.04501686412872095,TRUE,TRUE,Protein only,TRUE
AD_vs_NCI,SLIRP,-0.04170010789365459,0.02445472624737211,-0.08963137133850393,0.00623115555119475,0.08815782611730556,0.2671087476782637,FALSE,-0.07212853711568973,0.01686604735430517,-0.10531074819916592,-0.03894632603221353,2.5082424502864004e-5,5.0046814066891e-4,TRUE,TRUE,Protein only,TRUE
AD_vs_NCI,SPRYD4,0.02375873803875269,0.02305680154706409,-0.02143259299349293,0.06895006907099832,0.30280172457734256,0.5483464760759241,FALSE,9.359137832952448e-4,0.01389585386381064,-0.02640274751700077,0.02827457508359126,0.946343484621452,0.9702096749925554,FALSE,TRUE,Neither,TRUE
AD_vs_NCI,SSBP1,-0.05297651887829777,0.02256640766485459,-0.09720667790141278,-0.00874635985518276,0.01889565398274859,0.1034149631186714,FALSE,-0.03249199224145088,0.01372018543707596,-0.05948504400477826,-0.0054989404781235,0.01846872966473225,0.06289752110720061,FALSE,TRUE,Neither,TRUE
AD_vs_NCI,ST13,0.0091864490463645,0.02779871126298228,-0.04529902502908077,0.06367192312180979,0.7410500495963002,0.8745214329104393,FALSE,-0.04690524808131591,0.01386456655894862,-0.07418235483167171,-0.01962814133096011,8.056490116965986e-4,0.00603702823492237,TRUE,TRUE,Protein only,FALSE
AD_vs_NCI,STOML2,-0.0101599292180011,0.01985830378620265,-0.04908220463895831,0.0287623462029561,0.6089161451425276,0.7950208029281963,FALSE,-0.00179093536274681,0.01057063269813232,-0.02258756649433136,0.01900569576883773,0.8655688576526823,0.9226931380131672,FALSE,TRUE,Neither,TRUE
AD_vs_NCI,SUCLA2,-0.04594390704498034,0.04782015990078695,-0.13967142045052278,0.04778360636056209,0.33667064422230636,0.5808755720122653,FALSE,-0.02984532018970034,0.01221771219888221,-0.05388241060122393,-0.00580822977817676,0.01511404525905903,0.05412123538229076,FALSE,TRUE,Neither,TRUE
AD_vs_NCI,SUCLG1,-0.02112670418011534,0.01776980943465337,-0.05595553067203595,0.01370212231180526,0.23447508361713656,0.4719910968192492,FALSE,-0.04115984270184081,0.01260660650995747,-0.0659620426169831,-0.01635764278669851,0.0012132766848153,0.00820897842066524,TRUE,TRUE,Protein only,TRUE
AD_vs_NCI,SUCLG2,-0.0070081478381912804,0.04815603614851645,-0.10139397868928351,0.08737768301290096,0.8842924329802452,0.94926627152563,FALSE,-0.00798102817799288,0.01538413334374709,-0.03824772607258031,0.02228566971659453,0.6042701964006476,0.7312311056062832,FALSE,TRUE,Neither,TRUE
AD_vs_NCI,SUPV3L1,-0.06073379040568948,0.02585987478529212,-0.11141914498486204,-0.01004843582651691,0.01884553068245781,0.1033092855270364,FALSE,-0.03398854604439513,0.01087846058325542,-0.0553907968358182,-0.01258629525297207,0.00194464364471131,0.0117231597918142,TRUE,TRUE,Protein only,TRUE
AD_vs_NCI,SYNE1,-0.01987954952740035,0.01893947363730388,-0.05700091785651596,0.01724181880171525,0.2938855917813664,0.5386817907223702,FALSE,-0.01247418617330002,0.01131974057773184,-0.03474460990507087,0.00979623755847082,0.2712953729327878,0.42902194979085345,FALSE,TRUE,Neither,TRUE
AD_vs_NCI,TACO1,-0.01871726689747821,0.02288407424851973,-0.06357005242457689,0.02613551862962046,0.4134047436798332,0.6506166423601811,FALSE,-0.00526846356583299,0.01329409065998004,-0.03142321774003649,0.02088629060837051,0.6921467154839598,0.80000965206324115,FALSE,TRUE,Neither,TRUE
AD_vs_NCI,TAMM41,-0.04806361534885322,0.02761506214414414,-0.10218913715137574,0.0060619064536693,0.08177380330513065,0.25473740617465257,FALSE,-0.02063743659346234,0.01741129647876606,-0.0548923691724301,0.01361749598550541,0.23678130573097983,0.3897584223743854,FALSE,TRUE,Neither,TRUE
AD_vs_NCI,TARS2,-0.05801188634240394,0.02590420276730231,-0.10878412376631648,-0.00723964891849139,0.02512484591767108,0.12274745203099074,FALSE,-0.03753408966762767,0.01939048673401954,-0.07568287523091163,6.146958956563045e-4,0.05378461459867424,0.13669136817085642,FALSE,TRUE,Neither,TRUE
AD_vs_NCI,TBRG4,-0.01530535469570358,0.02124209810510719,-0.05693986698171367,0.02632915759030651,0.4712049432408549,0.695851115336593,FALSE,-0.0433034104026745,0.01943994212368332,-0.0815494943515592,-0.0050573264537898,0.0266049788456998,0.08179222499511818,FALSE,TRUE,Neither,TRUE
AD_vs_NCI,TFAM,0.0015475732945082,0.01816446407755259,-0.03405477629749488,0.03714992288651128,0.9321040994390214,0.9708472905531926,FALSE,-0.03038126985340483,0.01349671568827213,-0.05693466790179781,-0.00382787180501186,0.02506242177060412,0.07852069086750849,FALSE,TRUE,Neither,FALSE
AD_vs_NCI,TIMM13,-0.05116437968449655,0.02462722175944578,-0.09943373433301028,-0.00289502503598282,0.03775046940897673,0.1585953995657451,FALSE,-0.06509476572703046,0.01825843176856354,-0.10101634973960436,-0.02917318171445657,4.1899803927837896e-4,0.00374960311715596,TRUE,TRUE,Protein only,TRUE
AD_vs_NCI,TIMM44,0.0222918892540622,0.02883993287008953,-0.03423437917131328,0.07881815767943769,0.4395506763446333,0.6711011111892545,FALSE,-0.03918325111930183,0.01239316358553144,-0.06356552406377955,-0.01480097817482411,0.00171863025746838,0.01062705307849211,TRUE,TRUE,Protein only,FALSE
AD_vs_NCI,TIMM8B,-0.08207866088105886,0.02540647872828222,-0.13187535918849205,-0.0322819625736257,0.00123522337518601,0.0189840873289726,TRUE,-0.07228710910756325,0.01801803497088919,-0.10773573717991884,-0.03683848103520767,7.501762610107136e-5,0.00108193637786312,TRUE,TRUE,FDR-significant in both,TRUE
AD_vs_NCI,TRAP1,-0.05247939658867947,0.03320900392170719,-0.11756904427522558,0.01261025109786662,0.1140436411587173,0.31168112784756813,FALSE,-0.03441331732831121,0.01719241187378726,-0.06823761699058221,-5.890176660402063e-4,0.04616457261220192,0.12101254273615836,FALSE,TRUE,Neither,TRUE
AD_vs_NCI,TRUB1,-0.05268618265820503,0.03965441658236745,-0.13040883915964524,0.02503647384323516,0.18396894445409437,0.4102586990963331,FALSE,-0.03846466288549755,0.01939848783878654,-0.0766291897983522,-3.001359726428898e-4,0.04823588121844287,0.12507111339855148,FALSE,TRUE,Neither,TRUE
AD_vs_NCI,TSFM,-0.03130943648764056,0.0216283312366035,-0.07370096571138343,0.01108209273610229,0.147725533053859,0.3620360896763253,FALSE,-0.01598724053403674,0.01691689794210486,-0.0492694949117503,0.01729501384367681,0.3453478299162325,0.5069618461089991,FALSE,TRUE,Neither,TRUE
AD_vs_NCI,TST,0.02434642306984396,0.05449490369120245,-0.08246358816491285,0.13115643430460078,0.6550446462716633,0.8241740741178606,FALSE,-0.00289264661152854,0.02319050580877793,-0.04851757832874127,0.04273228510568418,0.9008123050914812,0.9421033932796417,FALSE,TRUE,Neither,FALSE
AD_vs_NCI,TUBB,-0.03307786296457406,0.03778917236450375,-0.1071446407990014,0.04098891486985328,0.3813962938383037,0.6226595068372847,FALSE,0.05269874219587867,0.01712761270186771,0.01900192823049325,0.08639555616126407,0.00227263629845024,0.01309532671179485,TRUE,TRUE,Protein only,FALSE
AD_vs_NCI,TUBB4B,-0.05199301716507745,0.03773206251481905,-0.12594785969412278,0.02196182536396789,0.16821773076192267,0.3912797204401786,FALSE,0.03161632847240886,0.01662420035153054,-0.00109007354167529,0.06432273048649302,0.05809085216358384,0.14368801935260794,FALSE,TRUE,Neither,FALSE
AD_vs_NCI,TUFM,-0.02141484615985454,0.02000043094273842,-0.06061569080762186,0.01778599848791276,0.284295690389661,0.5280809992853954,FALSE,-0.05300356239893628,0.01182800704381694,-0.07627394805480212,-0.02973317674307044,1.0345325969653009e-5,2.4828782327167216e-4,TRUE,TRUE,Protein only,TRUE
AD_vs_NCI,UQCRC1,-0.00183289455259901,0.02770648124942629,-0.05613759780147454,0.05247180869627651,0.9472552194153664,0.9778435380804016,FALSE,-0.04147344676548153,0.01131916075464638,-0.06374272975504951,-0.01920416377591356,2.904813309137995e-4,0.00284224809940271,TRUE,TRUE,Protein only,TRUE
AD_vs_NCI,UQCRC2,-0.07240707782048239,0.0363545985364711,-0.14366209095196575,-0.00115206468899903,0.04640511946234083,0.18062540448225808,FALSE,-0.03485995956031128,0.01085110180891565,-0.05620838478098523,-0.01351153433963734,0.00144924072154719,0.00938134451810702,TRUE,TRUE,Protein only,TRUE
AD_vs_NCI,UQCRFS1,-0.0014771745016079,0.03444040898393587,-0.06898037611012223,0.06602602710690642,0.965788633276269,0.9851680692198372,FALSE,-0.02981828508293715,0.01218586091149038,-0.05379271136697941,-0.0058438587988949,0.01494369999583236,0.05373395447264668,FALSE,TRUE,Neither,TRUE
AD_vs_NCI,XPNPEP3,-0.05475861615169096,0.04112968652525039,-0.13537280174118171,0.0258555694377998,0.18306901156791228,0.40934779895230294,FALSE,-0.05931282664766792,0.01468072401072709,-0.08819563912583032,-0.03043001416950551,6.691665272414541e-5,0.00100973316124119,TRUE,TRUE,Protein only,TRUE
AD_vs_NCI,YARS2,-0.03908059474840562,0.02167846931211941,-0.08157039460015966,0.00340920510334842,0.07142941233982081,0.23550273455055368,FALSE,-0.03906535459198024,0.01310591649439043,-0.06484989547602256,-0.01328081370793791,0.00309567268719262,0.01649424007723615,TRUE,TRUE,Protein only,TRUE
AD_vs_NCI,YWHAE,-0.02604444757224359,0.01452867628292776,-0.05452065308678202,0.00243175794229483,0.0730331346990671,0.2385005354897728,FALSE,-0.01993527034105274,0.02241695947487988,-0.06403832931623843,0.02416778863413294,0.3745123409135765,0.5345073746334578,FALSE,TRUE,Neither,TRUE
