iter,null_mean_collapse,null_mean_inverse_braak,null_mean_pathology_score,null_agora_fraction,null_agora_n,null_n
1,0.02355770287271981,0.06760006512088497,0.4155672115673403,0.08823529411764706,27,306
2,0.024942021077725102,0.06660159084598233,0.4283995509217546,0.10457516339869281,32,306
3,0.022993392453856402,0.06296203193736692,0.40431165172122824,0.0915032679738562,28,306
4,0.024343917092322385,0.07137979991331629,0.4314672988086555,0.0915032679738562,28,306
5,0.024249189144082122,0.06747593725166806,0.4298851561047468,0.0784313725490196,24,306
6,0.025685993759152474,0.07565775390153522,0.4501920024027116,0.11437908496732026,35,306
7,0.02583869829188473,0.07726298680854858,0.44971110252999813,0.08496732026143791,26,306
8,0.02495028939180651,0.06554196645341848,0.42428419215972313,0.0784313725490196,24,306
9,0.025521699716005278,0.07071327171731223,0.4345690136010641,0.08169934640522876,25,306
10,0.024995960762123803,0.06851830308076574,0.4284245791679181,0.0784313725490196,24,306
11,0.024046886213805848,0.06757835715696141,0.4171725947855437,0.08169934640522876,25,306
12,0.025228382652765505,0.070305036434025,0.4318445102329772,0.06862745098039216,21,306
13,0.02363032376332413,0.06526239483894658,0.4129839390168905,0.0718954248366013,22,306
14,0.023106551574432158,0.0691885097530099,0.4150523447891192,0.06862745098039216,21,306
15,0.024539648602031217,0.07405561134678265,0.4327294375080448,0.08169934640522876,25,306
16,0.02410407431200787,0.06912317317368322,0.42679595543542,0.0784313725490196,24,306
17,0.024108180842449752,0.06660150039929769,0.4139546774216616,0.06535947712418301,20,306
18,0.02551346936900811,0.0673927682533084,0.4289144176999757,0.0718954248366013,22,306
19,0.024359953773282227,0.06800133255107227,0.41950200941062055,0.05555555555555555,17,306
20,0.02382876470496946,0.07003942817561268,0.41987028217559824,0.06535947712418301,20,306
21,0.024819206343726773,0.07210183463598457,0.4354825445860328,0.08496732026143791,26,306
22,0.023479142395915677,0.06988594314573153,0.4239838532057608,0.08823529411764706,27,306
23,0.024904707428281714,0.07131822907429616,0.4308809227556814,0.07516339869281045,23,306
24,0.024704162047022797,0.0665547985266573,0.42249109709529326,0.07516339869281045,23,306
25,0.02526807142796915,0.0673184300954134,0.427271492112527,0.08169934640522876,25,306
26,0.024831876984866903,0.06953956584387101,0.4268978561519429,0.06862745098039216,21,306
27,0.022746244796545696,0.06808528393046841,0.40735794682570325,0.09477124183006536,29,306
28,0.025941129869072505,0.06902085517428126,0.42976716580140445,0.08496732026143791,26,306
29,0.02433204066214341,0.07061860990978154,0.4234725618912773,0.08496732026143791,26,306
30,0.023318809343248387,0.06918413836363009,0.4211467227299381,0.0784313725490196,24,306
31,0.025967623533229033,0.07339531211059881,0.44452131691480384,0.06209150326797386,19,306
32,0.024643874282103292,0.07052288091893658,0.43118841263711905,0.0718954248366013,22,306
33,0.024566708913105875,0.07225988917888218,0.43560947354871926,0.06209150326797386,19,306
34,0.024403672117469407,0.06788014045843946,0.4213523118948528,0.0784313725490196,24,306
35,0.02415927070920353,0.06537629861596642,0.4155350323937015,0.0784313725490196,24,306
36,0.025301931847046676,0.07403943369202087,0.4465915104189013,0.06535947712418301,20,306
37,0.023985216768135458,0.07251552829855963,0.43323179016318414,0.0784313725490196,24,306
38,0.02403028508771748,0.07243836114966823,0.43008895753779264,0.058823529411764705,18,306
39,0.024964923983291355,0.06782353678010968,0.4268227714134523,0.0915032679738562,28,306
40,0.02524852201511844,0.07346238332031112,0.4391438194533831,0.058823529411764705,18,306
41,0.02479155869319423,0.06260017899187671,0.40937093290999843,0.0784313725490196,24,306
42,0.02368844265498235,0.07029332434015403,0.4197791078502882,0.0718954248366013,22,306
43,0.023729444945606293,0.06959166155940305,0.42192617382474507,0.07516339869281045,23,306
44,0.02408063302547786,0.07093398324131772,0.4264098053517541,0.08496732026143791,26,306
45,0.02354984995619279,0.06634716610756394,0.41427468142618096,0.08169934640522876,25,306
46,0.024887039960358112,0.06812213459249714,0.4262220935055277,0.06535947712418301,20,306
47,0.02439706139261418,0.06856502163795071,0.42798479712818754,0.08496732026143791,26,306
48,0.023263817421301843,0.07126750953413764,0.427180317787217,0.058823529411764705,18,306
49,0.024916515102615756,0.07494870727620767,0.44151435191144295,0.06209150326797386,19,306
50,0.023560607727625842,0.06376016030348619,0.4062942463637534,0.06535947712418301,20,306
51,0.025163046070079336,0.0727797940071015,0.4364765235050986,0.09803921568627451,30,306
52,0.0237081140542895,0.06804203789263327,0.41801819195949713,0.06535947712418301,20,306
53,0.02474325060710879,0.0722015568627358,0.4369431215228615,0.0718954248366013,22,306
54,0.02361518329215898,0.06205290853608031,0.4019768739005449,0.0718954248366013,22,306
55,0.02524362513629186,0.07111135452208622,0.43792101085510793,0.06535947712418301,20,306
56,0.024878121202084456,0.06965585743229492,0.4265850030748988,0.06862745098039216,21,306
57,0.023635161375379115,0.0697400472302267,0.4223891963787703,0.08169934640522876,25,306
58,0.024214711302729168,0.07077594171648899,0.4267905922398135,0.06209150326797386,19,306
59,0.02418655551236042,0.06752625723940286,0.42629896597588707,0.09477124183006536,29,306
60,0.022987186609138,0.06832874241869746,0.41261566625191287,0.0718954248366013,22,306
61,0.023754664462078766,0.06509167511540964,0.41855272378827535,0.0718954248366013,22,306
62,0.023940724676515972,0.07022022933263622,0.4229219404756797,0.08496732026143791,26,306
63,0.023103663793493837,0.06760535350319705,0.4097552952617955,0.08169934640522876,25,306
64,0.023747616284200624,0.06574918517976903,0.41425144091188626,0.0784313725490196,24,306
65,0.024117389510829857,0.07142899258341759,0.42754501508845694,0.06535947712418301,20,306
66,0.023086031855511176,0.06772972432646061,0.41201141288025056,0.06209150326797386,19,306
67,0.022469214542468988,0.07089850638487093,0.42009196092733225,0.06862745098039216,21,306
68,0.0264631030184824,0.07245158363342893,0.4469615709157478,0.06535947712418301,20,306
69,0.024638109549292412,0.07021980876605344,0.4253514680854107,0.06209150326797386,19,306
70,0.02381408063550353,0.07068705887201447,0.42653852204630943,0.09477124183006536,29,306
71,0.02344288647229455,0.0658667790055007,0.4122330916319847,0.07516339869281045,23,306
72,0.024337984103804187,0.06794046471582489,0.4216276226026516,0.0915032679738562,28,306
73,0.024886167375972445,0.07113965801368316,0.42947755323865505,0.08496732026143791,26,306
74,0.024999324464353212,0.06937148917781263,0.42616488608572534,0.0915032679738562,28,306
75,0.026223684087106278,0.07527385340789954,0.45594313582471646,0.07516339869281045,23,306
76,0.02410098840483116,0.06304306860866306,0.41346126342586637,0.0784313725490196,24,306
77,0.024936767487491844,0.07318531323390302,0.43521974800131574,0.0718954248366013,22,306
78,0.024759163203573173,0.07405167178306046,0.4379174353913703,0.0784313725490196,24,306
79,0.024856503733654306,0.0740565085297416,0.43242015989473837,0.07516339869281045,23,306
80,0.024304817073736967,0.0677435204027692,0.4242430743267402,0.08496732026143791,26,306
81,0.02404538949558356,0.07425174153072328,0.4366284807139486,0.09477124183006536,29,306
82,0.024296893924588434,0.06932098452196167,0.42473470059066665,0.06209150326797386,19,306
83,0.02340439513391444,0.0684014619366139,0.4155707870310779,0.06535947712418301,20,306
84,0.026957885309218853,0.0762253273038163,0.45874987485876917,0.05228758169934641,16,306
85,0.02564976139805845,0.07177782868425611,0.4369037914217474,0.08496732026143791,26,306
86,0.023830366936636375,0.06591451729067871,0.4116538665064859,0.0784313725490196,24,306
87,0.024760028836118598,0.06693245318346527,0.4263382960770012,0.0718954248366013,22,306
88,0.025401248143064187,0.07140070263716249,0.43952103087770483,0.0784313725490196,24,306
89,0.023929759786417665,0.06967617718975673,0.42699796913659704,0.06862745098039216,21,306
90,0.022389457987347514,0.06533371832000731,0.40090244704738204,0.09477124183006536,29,306
91,0.028326555699427207,0.07783069150984305,0.47233484932995806,0.08496732026143791,26,306
92,0.02343046308333084,0.07273108002995651,0.4282046881480528,0.09803921568627451,30,306
93,0.025197890948784715,0.07300608527099885,0.4399679638449107,0.06862745098039216,21,306
94,0.02258913896587271,0.06660695197629436,0.4106294961456501,0.06862745098039216,21,306
95,0.024144368845567803,0.06991654342490278,0.42643125813418004,0.06862745098039216,21,306
96,0.024160659513699608,0.0684211298698705,0.42088571387708984,0.06862745098039216,21,306
97,0.025269769964880288,0.0720799870125496,0.432302169591396,0.08496732026143791,26,306
98,0.023099959153175732,0.07123787923529797,0.4186796527509618,0.05555555555555555,17,306
99,0.024613646000864277,0.06746782833904427,0.42214427711274155,0.08169934640522876,25,306
100,0.02524825411387842,0.0752264987521318,0.4388202399851261,0.06209150326797386,19,306
101,0.025849086491847913,0.06999804084528317,0.4414607199553782,0.08169934640522876,25,306
102,0.023790512273367058,0.06815238307534653,0.4221228243303156,0.08169934640522876,25,306
103,0.025196735459428955,0.07082733139179032,0.4301086225883497,0.0718954248366013,22,306
104,0.023646374831381232,0.06989371243603383,0.41458574677135623,0.0718954248366013,22,306
105,0.025210097971093973,0.06817596559770504,0.4320018306374337,0.09477124183006536,29,306
106,0.023558118991478874,0.06602268833082998,0.414305072867951,0.07516339869281045,23,306
107,0.02302834699731248,0.06861144445586442,0.4132431601378699,0.06209150326797386,19,306
108,0.02466194006123639,0.07104846234838849,0.43299938502023716,0.10130718954248366,31,306
109,0.023788071195957394,0.06763245002447793,0.4145911099669627,0.08823529411764706,27,306
110,0.023149276888479682,0.06702216317077482,0.4084359491426038,0.0718954248366013,22,306
111,0.024999873652716154,0.06613164588043662,0.42309177500321793,0.08823529411764706,27,306
112,0.02279318671855239,0.06598908470372111,0.40742409290484977,0.0784313725490196,24,306
113,0.02364940506466918,0.07282452391251945,0.4282654710315928,0.08496732026143791,26,306
114,0.02452996426365831,0.06643909151794963,0.41444630368558805,0.0718954248366013,22,306
115,0.025224230467139765,0.07256201299481772,0.43659093834470336,0.10130718954248366,31,306
116,0.024296966039166222,0.06774748019519468,0.4209929777892193,0.0915032679738562,28,306
117,0.024483744123346626,0.07223436207501867,0.43147623746799957,0.0718954248366013,22,306
118,0.024447064812881815,0.07141984949626969,0.424902747386336,0.08169934640522876,25,306
119,0.0238743561487431,0.06728427146414286,0.41120157034367355,0.07516339869281045,23,306
120,0.023810637093890193,0.06838866573759342,0.4197022353799288,0.06535947712418301,20,306
121,0.02348352528033753,0.0691039331431762,0.4234511091088514,0.07516339869281045,23,306
122,0.026370265592941193,0.07243018994209886,0.44512378255459734,0.08169934640522876,25,306
123,0.02352127298110695,0.06999914164747696,0.4198184379514023,0.06209150326797386,19,306
124,0.02464546059004061,0.06817592709916483,0.4267262338925359,0.08496732026143791,26,306
125,0.02437031054212623,0.06957060802911992,0.42067476151656874,0.08496732026143791,26,306
126,0.025168002356084893,0.07640212413938438,0.44459818938516327,0.09477124183006536,29,306
127,0.024321826012330544,0.06882602864203606,0.4234725618912773,0.0915032679738562,28,306
128,0.025301419053622518,0.06769655167785069,0.42602007980435064,0.058823529411764705,18,306
129,0.024506895278375195,0.0718411578787547,0.4335392800446218,0.06535947712418301,20,306
130,0.023684226347557756,0.06765157049123055,0.4190997697401353,0.058823529411764705,18,306
131,0.02332981985725559,0.06931955646494652,0.4211592368530198,0.0784313725490196,24,306
132,0.024196118054767672,0.07220647302546289,0.4252906852018707,0.08496732026143791,26,306
133,0.025117544412866327,0.07364394056772458,0.4340219676492041,0.06535947712418301,20,306
134,0.024655560094182065,0.06885022321187095,0.43102215357331847,0.06862745098039216,21,306
135,0.02455579464589363,0.06759067687522785,0.4225250640008009,0.0718954248366013,22,306
136,0.02482255004797655,0.07076587275108655,0.4305448291643426,0.07516339869281045,23,306
137,0.023006355061771067,0.06451968981875236,0.409739205674976,0.08169934640522876,25,306
138,0.023782350522918473,0.06698605207555268,0.41126771642282006,0.08169934640522876,25,306
139,0.025029652299975762,0.07168103085512366,0.4306556685402097,0.0784313725490196,24,306
140,0.023921890973111554,0.06792140245838267,0.41648253028417787,0.08823529411764706,27,306
141,0.025271714599249283,0.07128169300336167,0.4346744897813246,0.0784313725490196,24,306
142,0.02295998748930682,0.06796315339997146,0.4098750732970066,0.08169934640522876,25,306
143,0.021990666780913343,0.06408293429515041,0.398898399622431,0.08169934640522876,25,306
144,0.02416348875490755,0.06811054832792579,0.41996681969651467,0.07516339869281045,23,306
145,0.024603819478682596,0.07221821979106943,0.4316871898285208,0.0784313725490196,24,306
146,0.02546010065093571,0.06812529320812187,0.4348300224539123,0.07516339869281045,23,306
147,0.02512691069823362,0.065701063195246,0.4226752334777821,0.07516339869281045,23,306
148,0.02438603132174418,0.06813882136850724,0.4273608787059682,0.07516339869281045,23,306
149,0.02395811719401846,0.06935671949669066,0.4194376510633429,0.08496732026143791,26,306
150,0.025365127698137306,0.07171653117633013,0.43309413480928477,0.0718954248366013,22,306
151,0.024233940876535385,0.06876884119612588,0.42278964831738675,0.0784313725490196,24,306
152,0.024297159378858266,0.06867103591368404,0.41977910785028816,0.06209150326797386,19,306
153,0.02540367648939623,0.07008754767471395,0.430682484518242,0.09803921568627451,30,306
154,0.024145752749950095,0.06817652151267514,0.4176999756868466,0.058823529411764705,18,306
155,0.024938801817999883,0.06882890904223309,0.4335249781896712,0.08496732026143791,26,306
156,0.024786148415454755,0.07171562447238285,0.43368051086225884,0.0718954248366013,22,306
157,0.024731041680462293,0.06956648347696581,0.43545394087613165,0.08169934640522876,25,306
158,0.02431137086855619,0.06962038764893252,0.42774345332589636,0.09803921568627451,30,306
159,0.025486808525805444,0.06731041640380067,0.42859798915919395,0.06535947712418301,20,306
160,0.02406759743429309,0.06620448478307349,0.4131984668411493,0.07516339869281045,23,306
161,0.022856029367703635,0.06446189477292212,0.4017855865905808,0.07516339869281045,23,306
162,0.024705663672470953,0.07100317771496176,0.4296867178673074,0.0718954248366013,22,306
163,0.025216529850779445,0.06994376531902652,0.4290824644956451,0.0915032679738562,28,306
164,0.02449395461259221,0.0730971545666335,0.42918615294403684,0.06862745098039216,21,306
165,0.022251842040004532,0.06664138193499244,0.400487693253815,0.0784313725490196,24,306
166,0.023077548018971935,0.07132591698559283,0.4183775260651306,0.06209150326797386,19,306
167,0.025258342302444906,0.07024543010055781,0.4288768753307304,0.06535947712418301,20,306
168,0.024438113878310047,0.0695673000845967,0.4291968793352498,0.06862745098039216,21,306
169,0.02492347385448228,0.0664741656773497,0.42668690379142177,0.0718954248366013,22,306
170,0.02503498561824645,0.06994014953200582,0.43614936857310393,0.06862745098039216,21,306
171,0.024670477548764443,0.06530608163653984,0.42444151256417956,0.0784313725490196,24,306
172,0.024646159427974938,0.07437344490709613,0.44176820983681586,0.06209150326797386,19,306
173,0.023588183120916255,0.06755799081782346,0.42111990675190575,0.0718954248366013,22,306
174,0.02438451465739385,0.06947488683607154,0.41530441498262327,0.06209150326797386,19,306
175,0.02687476630509481,0.0767332067956816,0.4598117875888503,0.08169934640522876,25,306
176,0.02402430916284908,0.0638910774046338,0.4092386407517055,0.0784313725490196,24,306
177,0.025145420613351534,0.06963751861747994,0.4325238483431301,0.08496732026143791,26,306
178,0.024305037192719536,0.06750631610592768,0.41916591581928175,0.07516339869281045,23,306
179,0.024778968726068922,0.07469273126736385,0.4349998569814505,0.0718954248366013,22,306
180,0.02469034057384382,0.07262221046930331,0.4283423435019522,0.08169934640522876,25,306
181,0.023904497146430385,0.06746558469482981,0.41465368058237156,0.06535947712418301,20,306
182,0.02466423353281528,0.06933634335846656,0.4240768152629396,0.06535947712418301,20,306
183,0.025353536280892885,0.07185401404715304,0.43800860971668026,0.08169934640522876,25,306
184,0.024712651234703436,0.06982027777396385,0.42775775518084697,0.0784313725490196,24,306
185,0.02377749051266179,0.06391648545540383,0.4088739434504655,0.0784313725490196,24,306
186,0.024564881995809296,0.06609779747842187,0.418556299252013,0.06862745098039216,21,306
187,0.024373681146456178,0.06754316343819455,0.41810400308920065,0.07516339869281045,23,306
188,0.023962265282671175,0.06636944959060198,0.4234135667396061,0.06862745098039216,21,306
189,0.023651240521936064,0.06625881726123259,0.4151721228243303,0.08496732026143791,26,306
190,0.025398991395404018,0.07324979111301856,0.43860571216086724,0.06535947712418301,20,306
191,0.023917331065900924,0.06702661635572651,0.42061040316929105,0.08496732026143791,26,306
192,0.02388230375509514,0.07017076663726136,0.4212682884970181,0.07516339869281045,23,306
193,0.025243528032437228,0.07461941111627757,0.44436935970595387,0.07516339869281045,23,306
194,0.02474818288355349,0.06914696564501065,0.4317819396175684,0.06862745098039216,21,306
195,0.025793970760861137,0.06784766529286465,0.4279043491940905,0.08823529411764706,27,306
196,0.02494689769580764,0.07371762193104177,0.4426263211338511,0.08823529411764706,27,306
197,0.025065486115655563,0.07292019235360736,0.44184687003904405,0.08169934640522876,25,306
198,0.02551309997291919,0.06959556794401718,0.4329421776004348,0.06862745098039216,21,306
199,0.025881340815216727,0.07413746670182673,0.4471796742037442,0.06862745098039216,21,306
200,0.024740386548851162,0.06934024332001523,0.42706947841134996,0.058823529411764705,18,306
201,0.02255598528508731,0.06686888504212363,0.40361443629238714,0.07516339869281045,23,306
202,0.02370253015116016,0.06958962220063665,0.4219279615566139,0.0784313725490196,24,306
203,0.02522418357957658,0.07040523668563857,0.4333962614951159,0.0784313725490196,24,306
204,0.02304395279621291,0.06598864793658171,0.4062799445088028,0.058823529411764705,18,306
205,0.024135384631976068,0.06965285420411657,0.42681562048597704,0.08823529411764706,27,306
206,0.023836757986938267,0.0671640733411838,0.41243331760129287,0.08823529411764706,27,306
207,0.023223205514277256,0.06765090991282174,0.41579246578281204,0.09477124183006536,29,306
208,0.024666541126880846,0.06869530519981541,0.43102036584144965,0.0718954248366013,22,306
209,0.024659600871659387,0.07215801795441908,0.43119913902833196,0.08823529411764706,27,306
210,0.026322787406890143,0.07193984102375117,0.44490389153473203,0.06209150326797386,19,306
211,0.025229545084890902,0.0726509393257025,0.4358472418872728,0.07516339869281045,23,306
212,0.026124293035035016,0.0743673879504197,0.4489620428769611,0.0915032679738562,28,306
213,0.024097302816137107,0.06931235376219418,0.42917721428469274,0.08169934640522876,25,306
214,0.025422749667880544,0.07086265694201861,0.4466505055705725,0.0718954248366013,22,306
215,0.025183757424400856,0.07228967926715225,0.43841442485090315,0.06209150326797386,19,306
216,0.024798789138056207,0.06957524029667563,0.4333640823214771,0.06209150326797386,19,306
217,0.026876080457038647,0.07298746766711764,0.4498898757168805,0.08169934640522876,25,306
218,0.024844257967205897,0.07106077753064141,0.4371111683185309,0.06862745098039216,21,306
219,0.025405565731341014,0.07346685407955547,0.4455438995437708,0.08169934640522876,25,306
220,0.024542412399125912,0.0714195819293405,0.4259181790878277,0.09803921568627451,30,306
221,0.025064008479606475,0.0729399432218243,0.4441208649761874,0.0718954248366013,22,306
222,0.025545533957752307,0.07249112938205739,0.4363120521731669,0.0784313725490196,24,306
223,0.023406328293485372,0.06614580990707253,0.4139922197909069,0.0718954248366013,22,306
224,0.02467140912834571,0.06954447162417265,0.4264223194748359,0.06209150326797386,19,306
225,0.024986102724390585,0.06903001891873883,0.4298333118805509,0.0718954248366013,22,306
226,0.025030316363695442,0.07069740499916272,0.4298190100256003,0.06209150326797386,19,306
227,0.025261961388679668,0.07186425069388049,0.4323182591782154,0.08823529411764706,27,306
228,0.023439411386923948,0.06883797240983819,0.4230864118076115,0.0784313725490196,24,306
229,0.02432276999078379,0.07212292865070173,0.4366588721557186,0.08169934640522876,25,306
230,0.02393448100741226,0.06854328763118032,0.4168811944909255,0.0718954248366013,22,306
231,0.02569164753627762,0.0704088538798432,0.429134308719841,0.06862745098039216,21,306
232,0.024180753308345192,0.06801639806746677,0.416065988758742,0.0784313725490196,24,306
233,0.02558340943992713,0.07184769534223885,0.43895789533902546,0.08496732026143791,26,306
234,0.022812307046951148,0.06525590293954531,0.4032765549691795,0.0718954248366013,22,306
235,0.025637202462901066,0.07067588467891005,0.4373507243889532,0.08169934640522876,25,306
236,0.024603817287323262,0.07197359154839192,0.43607428383461333,0.06862745098039216,21,306
237,0.02260328823418108,0.06608843250136151,0.4055237339282905,0.06862745098039216,21,306
238,0.024800917458304688,0.06560376559926988,0.4172655568427225,0.0718954248366013,22,306
239,0.025130736964921845,0.07147384791772236,0.43345346891491826,0.0718954248366013,22,306
240,0.024606631714826833,0.0719881442682269,0.4317122180746843,0.10784313725490197,33,306
241,0.025202445026878448,0.07414788255662019,0.44610345961871256,0.08169934640522876,25,306
242,0.02489711551605294,0.07255287353007779,0.4345046552537864,0.08169934640522876,25,306
243,0.022718558791776398,0.06871752308513521,0.41148939517455413,0.0718954248366013,22,306
244,0.023073428422208286,0.06291882432115459,0.4011277012628538,0.06862745098039216,21,306
245,0.024964365291341502,0.0689055289918427,0.42793474063586046,0.08169934640522876,25,306
246,0.023776518361856194,0.06468389301408696,0.4141262996810686,0.08169934640522876,25,306
247,0.023874258922823865,0.0722921341081198,0.4288250311065345,0.0784313725490196,24,306
248,0.023969626348839805,0.06955475592110934,0.4226323279129303,0.07516339869281045,23,306
249,0.024739483293627,0.07069557016912939,0.42952224653537563,0.08169934640522876,25,306
250,0.025353509546262407,0.07180393635265137,0.44544736202285434,0.08496732026143791,26,306
251,0.02480516504456037,0.06748429259495013,0.4246774931708643,0.0915032679738562,28,306
252,0.026083644030178866,0.06966772162232036,0.43720591810757853,0.0784313725490196,24,306
253,0.024620908863668824,0.06916698451913404,0.4301354385663821,0.08823529411764706,27,306
254,0.025330826879173506,0.07297794080934265,0.4431823057450551,0.0915032679738562,28,306
255,0.024063035639580187,0.0693875952217697,0.42577873600205945,0.058823529411764705,18,306
256,0.023953495595671847,0.06899737979806915,0.4271481386135782,0.06862745098039216,21,306
257,0.02327649088993077,0.06735269919134468,0.41113721199639597,0.0718954248366013,22,306
258,0.025224918929892145,0.07264406001017149,0.44169133736645644,0.07516339869281045,23,306
259,0.025097800377472616,0.07569489160570339,0.4461660302341213,0.07516339869281045,23,306
260,0.025508934743848688,0.06868584242077941,0.43211624547703836,0.07516339869281045,23,306
261,0.024354076132978204,0.06951501388168162,0.4237317830122567,0.07516339869281045,23,306
262,0.025572532663376845,0.07376404537233217,0.4443353928004462,0.09477124183006536,29,306
263,0.024416553045499095,0.07143623513058779,0.42643662132978644,0.0784313725490196,24,306
264,0.023845337252845458,0.06904121832273595,0.42484017677092717,0.06862745098039216,21,306
265,0.024323506094067235,0.06890195682124421,0.4287642482229945,0.08496732026143791,26,306
266,0.024766740277754423,0.07116840614114368,0.42863016833283274,0.07516339869281045,23,306
267,0.025671539467287167,0.07475534155754238,0.4469168776190272,0.08169934640522876,25,306
268,0.025332131651310697,0.07264182401115295,0.43790849673202614,0.09477124183006536,29,306
269,0.02407175453738159,0.06225845492292282,0.41069742995666536,0.0784313725490196,24,306
270,0.02283423595327034,0.06228410993364088,0.3987661074641381,0.06209150326797386,19,306
271,0.025568408288356922,0.07411997656757989,0.44453561876975445,0.08169934640522876,25,306
272,0.02446843599053462,0.0707833939221477,0.4278435663105505,0.09477124183006536,29,306
273,0.025105721613115816,0.07510536107862369,0.44190765292258405,0.06535947712418301,20,306
274,0.02454932555879173,0.06810780430550997,0.4249098983138113,0.07516339869281045,23,306
275,0.02341103007835355,0.0661656595097808,0.4158961542312038,0.05555555555555555,17,306
276,0.024464850843965113,0.0654764321210921,0.41961106105461876,0.0718954248366013,22,306
277,0.02432295686879261,0.07254029323108523,0.4346190700933911,0.07516339869281045,23,306
278,0.025343117950817146,0.06974476647276973,0.4370128430657456,0.08169934640522876,25,306
279,0.025480079246618253,0.07330594731929164,0.4386664950444073,0.06862745098039216,21,306
280,0.02375796679511139,0.06614210793074417,0.41573347063114086,0.0718954248366013,22,306
281,0.0244034318209134,0.07331446520358811,0.4299763304300568,0.0784313725490196,24,306
282,0.024907925881666255,0.06786778390389518,0.43517147924085753,0.07516339869281045,23,306
283,0.023318645602077793,0.06656045593601764,0.4150416183979062,0.08823529411764706,27,306
284,0.024719132394643045,0.06602631949013489,0.4215918679652751,0.06209150326797386,19,306
285,0.025308082907922903,0.07436860148478676,0.4439349408618298,0.08169934640522876,25,306
286,0.024088349172357276,0.0683121988588783,0.4194108350853106,0.0718954248366013,22,306
287,0.024790797060612182,0.0638618173071262,0.41467155790105975,0.0718954248366013,22,306
288,0.025735961327790616,0.0736739278746815,0.44257090144591754,0.0784313725490196,24,306
289,0.02346277911683196,0.07067421231172238,0.42519414768095426,0.07516339869281045,23,306
290,0.024117835080247358,0.0704385150403652,0.42914861057479153,0.08496732026143791,26,306
291,0.02397289196026869,0.0673004349320005,0.4188870296477453,0.0718954248366013,22,306
292,0.024659875628290598,0.06959276581151345,0.4285836873042434,0.08496732026143791,26,306
293,0.0251925697226088,0.06901771535533723,0.4274699303499664,0.09803921568627451,30,306
294,0.02399446648087387,0.07028576654311898,0.4249098983138113,0.08169934640522876,25,306
295,0.02395296044967575,0.06679712060984634,0.41659694512378254,0.0915032679738562,28,306
296,0.024899377050668307,0.07001900995443103,0.42736624190157463,0.08823529411764706,27,306
297,0.024948211032912594,0.07239458881111842,0.43484968750446934,0.06535947712418301,20,306
298,0.025632123043593472,0.0756856424459322,0.4435845454155404,0.07516339869281045,23,306
299,0.024793741667609767,0.06903154438296354,0.42941677035511505,0.06209150326797386,19,306
300,0.024450219666625684,0.06453068762889368,0.41690264727335136,0.06535947712418301,20,306
301,0.02499458128894737,0.06956736521241658,0.4285461449349981,0.09477124183006536,29,306
302,0.024806113707097815,0.07319039760814501,0.43250239556070424,0.07516339869281045,23,306
303,0.02565234469013464,0.0720634801281233,0.4386003489652608,0.08496732026143791,26,306
304,0.02444275309235868,0.0686516907528191,0.429811859098125,0.06209150326797386,19,306
305,0.02445820988122847,0.07155359782374705,0.43150305344603196,0.0718954248366013,22,306
306,0.02492195961049059,0.06860513705396681,0.4313850631426896,0.0784313725490196,24,306
307,0.025145633614390567,0.06929417824410164,0.42958481715078445,0.06862745098039216,21,306
308,0.024684466687052927,0.07008913758989031,0.42487771914017247,0.0718954248366013,22,306
309,0.024694080289289353,0.06830962791550298,0.41940904735344176,0.0784313725490196,24,306
310,0.023489067288782223,0.06707899555357466,0.4133969050785887,0.06862745098039216,21,306
311,0.024755147063831962,0.06672319471371649,0.41816657370460947,0.08169934640522876,25,306
312,0.023832870431475778,0.06854103247201286,0.42191544743353215,0.06862745098039216,21,306
313,0.0254752579189592,0.07544865998159382,0.44914796699131876,0.0784313725490196,24,306
314,0.02633761183895405,0.07409553808342136,0.4491569056506629,0.08169934640522876,25,306
315,0.02472100174514313,0.06953464382463019,0.4228611575921397,0.06535947712418301,20,306
316,0.023646709237604938,0.07150053160352575,0.42538185952718066,0.07516339869281045,23,306
317,0.02447630511777371,0.06750356428224959,0.4230738976845297,0.06535947712418301,20,306
318,0.025316216631553146,0.07310264188314426,0.4388828106005349,0.06209150326797386,19,306
319,0.0232135257855418,0.06717747063287823,0.41490217531213797,0.0718954248366013,22,306
320,0.026992144098034975,0.06889689546338301,0.44107635760358116,0.08169934640522876,25,306
321,0.02335579208477715,0.06709302407233124,0.4108726276798101,0.06862745098039216,21,306
322,0.025593738556201343,0.06823045830036047,0.4276898213698317,0.09803921568627451,30,306
323,0.024747619648710386,0.06718400414109853,0.4229559073811873,0.0784313725490196,24,306
324,0.026213554026166336,0.07026872158339068,0.44306610317358164,0.0915032679738562,28,306
325,0.02403338833117649,0.06827111487180847,0.4168436521216802,0.0784313725490196,24,306
326,0.02451143116223731,0.0685285928208755,0.42582879249438654,0.07516339869281045,23,306
327,0.024916464360213476,0.06842340131254336,0.4287481586361751,0.0784313725490196,24,306
328,0.0248433872603569,0.07826706122565594,0.4508284349480128,0.058823529411764705,18,306
329,0.02574250597033202,0.07314758678687501,0.4370611118262039,0.0718954248366013,22,306
330,0.024461298368950328,0.07069205201986518,0.4345350466955564,0.0784313725490196,24,306
331,0.023704984047377337,0.07329035384170947,0.43052337638191673,0.06535947712418301,20,306
332,0.02438997102522979,0.06820199821862331,0.42451480957080134,0.07516339869281045,23,306
333,0.025796046364084353,0.0717570393707564,0.4474925272807883,0.0915032679738562,28,306
334,0.025740883988138608,0.0765112405494631,0.4462446904363496,0.06862745098039216,21,306
335,0.02557328551726643,0.07083479077215236,0.43544142675304987,0.07516339869281045,23,306
336,0.02432050851175551,0.06666343088444539,0.420833869652894,0.08169934640522876,25,306
337,0.024070459443319696,0.07010483683153661,0.4256267787932095,0.08169934640522876,25,306
338,0.024848652825210635,0.07185818045620028,0.4344706883482788,0.05555555555555555,17,306
339,0.02395033680522232,0.06502484928017957,0.4114947583701606,0.0718954248366013,22,306
340,0.022938800139027035,0.06869766985320744,0.41731382560318075,0.0784313725490196,24,306
341,0.024895949128433178,0.0726348920682371,0.4321037313539566,0.0784313725490196,24,306
342,0.025775713918248854,0.07338746836004426,0.440602608658343,0.08496732026143791,26,306
343,0.02682954314664174,0.07299154016142301,0.4488440525736188,0.09477124183006536,29,306
344,0.024713304866576375,0.06586357397462589,0.4259807497032365,0.08169934640522876,25,306
345,0.024016375819001682,0.0662520253593924,0.41516497189685503,0.0718954248366013,22,306
346,0.02395375076607028,0.0692526515181051,0.42725897798944523,0.07516339869281045,23,306
347,0.024846339523209377,0.07149719915338354,0.43459404184722755,0.10130718954248366,31,306
348,0.026043805626427587,0.07508330815690992,0.45030105404670984,0.06535947712418301,20,306
349,0.023693738125249657,0.06917761195315972,0.417412150855966,0.0915032679738562,28,306
350,0.02497505841685807,0.07183689323746244,0.436017076414811,0.0915032679738562,28,306
351,0.023475802842465875,0.0695162580710997,0.4258109151756983,0.07516339869281045,23,306
352,0.024741668993613405,0.0714200492104284,0.4301586790806768,0.0784313725490196,24,306
353,0.024143420069599346,0.06870361072736444,0.4184579739992277,0.0718954248366013,22,306
354,0.024481905196741177,0.0693589814319125,0.4343634244361494,0.08496732026143791,26,306
355,0.02528580508631024,0.06933649753381499,0.4317873028131749,0.07516339869281045,23,306
356,0.024538869939524238,0.06916058839461031,0.42520308634029835,0.08169934640522876,25,306
357,0.024152032800007328,0.06877438279422488,0.42228908339411625,0.0784313725490196,24,306
358,0.023724126930326928,0.06697841558740099,0.4083823171865391,0.0784313725490196,24,306
359,0.02496320506373644,0.06762203132358192,0.4248455399665336,0.09477124183006536,29,306
360,0.023568809841281277,0.06901679255435991,0.41795740907595713,0.06209150326797386,19,306
361,0.0248604212155528,0.07143492631018344,0.431290313353642,0.08169934640522876,25,306
362,0.02531745154328968,0.06985834942925129,0.43794603910127144,0.10130718954248366,31,306
363,0.023871425268639,0.06672409372841849,0.41978268331402585,0.0718954248366013,22,306
364,0.023536779425114302,0.06553862710721044,0.4154599476552109,0.06862745098039216,21,306
365,0.02558922528252121,0.07355634156996485,0.44100663606069707,0.08496732026143791,26,306
366,0.02412052559424649,0.0688546688483865,0.4232473076758056,0.08496732026143791,26,306
367,0.02465891147617891,0.06898008556963,0.4270945066575135,0.06209150326797386,19,306
368,0.02636578692979217,0.07633591512364854,0.45255717166516496,0.08169934640522876,25,306
369,0.024188605348695012,0.06713345797068006,0.42074448305945283,0.08823529411764706,27,306
370,0.02516204560471116,0.07405085695539407,0.44086540524306006,0.07516339869281045,23,306
371,0.024952233166421884,0.07040581188207665,0.4230524449021038,0.0718954248366013,22,306
372,0.024369522501834464,0.06777615450517434,0.41940725962157294,0.0718954248366013,22,306
373,0.024874799864942277,0.07152879375646294,0.4346119191659158,0.058823529411764705,18,306
374,0.025388035986378944,0.06701027570537146,0.4211467227299381,0.06862745098039216,21,306
375,0.02350588136485868,0.06483415512711707,0.4151774860199368,0.0915032679738562,28,306
376,0.025447128759987944,0.0712669137283006,0.4361833354786116,0.08169934640522876,25,306
377,0.025527679850994103,0.07508223196537445,0.4442960626993321,0.0784313725490196,24,306
378,0.024544575167564107,0.07176796138017887,0.4279275897083852,0.058823529411764705,18,306
379,0.02567458281778132,0.07346884721663291,0.44414946868608857,0.08169934640522876,25,306
380,0.02491260559003775,0.06971955799459179,0.4277023354929134,0.08169934640522876,25,306
381,0.02507608205010855,0.06777756798609026,0.4258323679581242,0.06209150326797386,19,306
382,0.025858510684038556,0.072469245270105,0.4393511963501666,0.10130718954248366,31,306
383,0.023119587110108194,0.0680421368680978,0.41173610217245177,0.08496732026143791,26,306
384,0.025726330768925262,0.07146761016372476,0.4390115272950902,0.08823529411764706,27,306
385,0.024714204931211656,0.073280373106114,0.43651049041060624,0.0915032679738562,28,306
386,0.024970052493736704,0.07321866524680147,0.4382660431057908,0.08823529411764706,27,306
387,0.02398884849185054,0.06848336177726012,0.4203154274109352,0.07516339869281045,23,306
388,0.023672218561414243,0.06656746771404332,0.4219351124840892,0.06862745098039216,21,306
389,0.025545428448545265,0.07153820497979389,0.43501952203200756,0.06862745098039216,21,306
390,0.024906344287165913,0.07518835360058362,0.44155368201255707,0.049019607843137254,15,306
391,0.023829937417703204,0.0677941096225511,0.4204280545186711,0.07516339869281045,23,306
392,0.02617662383622905,0.06932693145039094,0.4394548847985584,0.06862745098039216,21,306
393,0.024961616992355457,0.0707958366514609,0.43224496217159364,0.0718954248366013,22,306
394,0.02361067477087983,0.06601959136333929,0.4095729466111755,0.0784313725490196,24,306
395,0.024683713045353828,0.0742919814298663,0.439671200354686,0.0784313725490196,24,306
396,0.02422871167983691,0.06738258483907805,0.41449457244604626,0.08496732026143791,26,306
397,0.024421080871270973,0.07001124997860864,0.42017955978890464,0.08169934640522876,25,306
398,0.024937390565757687,0.07038456788935746,0.4307021495687991,0.08823529411764706,27,306
399,0.0258369459357358,0.07095138898468963,0.4391366685259078,0.08823529411764706,27,306
400,0.024479584779513876,0.06745901752681341,0.42429849401467373,0.08169934640522876,25,306
401,0.02472853786255857,0.06717190286731904,0.42383904692438606,0.0915032679738562,28,306
402,0.024617602779504512,0.0677383409388912,0.4225608186381774,0.08823529411764706,27,306
403,0.024340019541314754,0.07042305530711065,0.42420374422562607,0.08823529411764706,27,306
404,0.025913501157434477,0.07126652155438011,0.4405328871154589,0.0784313725490196,24,306
405,0.024315182654893984,0.07064570752192342,0.42375144806281373,0.08169934640522876,25,306
406,0.02424055136681983,0.07052196357593365,0.42387301382989373,0.08496732026143791,26,306
407,0.02396176645958086,0.0712224278146416,0.42463816306975016,0.0784313725490196,24,306
408,0.02488614835755912,0.07042696360610293,0.4286265928690951,0.0784313725490196,24,306
409,0.02428058760846002,0.06775862649053298,0.4217974571301898,0.07516339869281045,23,306
410,0.02364095148343897,0.06776173493663688,0.41314125942134694,0.08169934640522876,25,306
411,0.02424217385967711,0.06983278320142491,0.431846297964846,0.0784313725490196,24,306
412,0.02528084278959331,0.06997700873369507,0.43100785171836786,0.0718954248366013,22,306
413,0.024711028287454223,0.06886644377126107,0.4210126428397763,0.08823529411764706,27,306
414,0.0253171840770403,0.07000514331758767,0.43279379585532246,0.06862745098039216,21,306
415,0.026189353062987798,0.07207831037798454,0.444337180532315,0.08169934640522876,25,306
416,0.02503473551645744,0.07504267728681985,0.4470724102916148,0.09477124183006536,29,306
417,0.02571203015877497,0.07368409397230503,0.4436006350023598,0.09803921568627451,30,306
418,0.023294305759489084,0.06996183348841506,0.4217599147609445,0.06535947712418301,20,306
419,0.02669599953763759,0.07374394598151822,0.452576836715722,0.08823529411764706,27,306
420,0.02390625395939939,0.07003106442193933,0.42823865505356046,0.049019607843137254,15,306
421,0.024934794649234707,0.06899476946014993,0.4300389010454656,0.07516339869281045,23,306
422,0.024585488054581474,0.0690230123609615,0.4239552494958596,0.0915032679738562,28,306
423,0.024983901249436488,0.06890220484968301,0.4214774531256704,0.09477124183006536,29,306
424,0.02518258635766754,0.07375419080151686,0.441553682012557,0.0784313725490196,24,306
425,0.025998238048024997,0.07345106783601534,0.4408296506056836,0.08496732026143791,26,306
426,0.022978815499149156,0.06507203078994407,0.40940489981550604,0.06862745098039216,21,306
427,0.02374113958496574,0.06351356309801912,0.40850745841735675,0.07516339869281045,23,306
428,0.024639535968929007,0.06879133628749466,0.4227503182162726,0.08169934640522876,25,306
429,0.025221192030256384,0.0736938049120087,0.43952818180518016,0.09477124183006536,29,306
430,0.024960464042192456,0.07047697819958282,0.4308094134809285,0.08169934640522876,25,306
431,0.026113283597962715,0.07074281775942376,0.4358722701334363,0.06209150326797386,19,306
432,0.02452181678665525,0.0680386179350488,0.423111440053775,0.0718954248366013,22,306
433,0.026487020863890934,0.0730084909019154,0.45244812002116674,0.08823529411764706,27,306
434,0.025149685611319035,0.07179211070564127,0.431796241472519,0.0915032679738562,28,306
435,0.024125364868407738,0.07063101104709871,0.4258967263054018,0.0784313725490196,24,306
436,0.025382073056662183,0.07349864508083752,0.43691273008109155,0.08823529411764706,27,306
437,0.02541494665793585,0.06760531475927434,0.43010504712461206,0.07516339869281045,23,306
438,0.024773846604552435,0.0683581206910539,0.42403212196621903,0.0915032679738562,28,306
439,0.02483226386995547,0.07254824617977758,0.4398195820997983,0.09477124183006536,29,306
440,0.024482902541262876,0.0708986663969536,0.4332425165543971,0.06862745098039216,21,306
441,0.024030989016209495,0.06735557514325706,0.42445402668726134,0.08823529411764706,27,306
442,0.025890465418341866,0.07159086354799198,0.4399697515767795,0.06862745098039216,21,306
443,0.02402701900425851,0.064588723919753,0.4115233620800618,0.0784313725490196,24,306
444,0.023584524590959038,0.06796673952637598,0.4157298951674032,0.07516339869281045,23,306
445,0.023983411731502702,0.07065330656153677,0.42658321534303,0.0915032679738562,28,306
446,0.022861408490271122,0.06705147954804805,0.40694855622774273,0.06862745098039216,21,306
447,0.02482075216160303,0.07135013237112972,0.4297117461134709,0.0784313725490196,24,306
448,0.025273012174284768,0.06541506242962376,0.42104660974528396,0.07516339869281045,23,306
449,0.023961644859568306,0.06609505873953458,0.41725304271964075,0.06535947712418301,20,306
450,0.024694577502141015,0.06835515158329007,0.4314583601493114,0.06535947712418301,20,306
451,0.02463910051842187,0.07186165072796034,0.4301104103202185,0.06862745098039216,21,306
452,0.02360548523457414,0.06790923860109388,0.4154402826046538,0.08823529411764706,27,306
453,0.0249729074107194,0.0732761698528749,0.43994472333061596,0.06862745098039216,21,306
454,0.02465221761583916,0.07057586671450765,0.43155668540209663,0.08496732026143791,26,306
455,0.024918042175713487,0.06681787488569735,0.4185938416212583,0.06862745098039216,21,306
456,0.02419535936456587,0.07025612103839214,0.42858547503611216,0.06535947712418301,20,306
457,0.024892005723136712,0.07175911287403734,0.436077859298351,0.0784313725490196,24,306
458,0.025504624809323737,0.06538362262821434,0.4242555884498219,0.0718954248366013,22,306
459,0.023990911468234302,0.06500351694525307,0.4110800045765936,0.08496732026143791,26,306
460,0.024381678882975984,0.06433776172345963,0.4127998026344017,0.10130718954248366,31,306
461,0.02625131399126313,0.07651410177045041,0.4478268331402583,0.0915032679738562,28,306
462,0.025642286188373054,0.06485542959642503,0.4208964402683028,0.08496732026143791,26,306
463,0.024316537883857604,0.07083917192791138,0.42668511605955295,0.0784313725490196,24,306
464,0.024087898230195724,0.06638861191826494,0.4215060568355716,0.08823529411764706,27,306
465,0.02479566037377312,0.06851263635415251,0.42151857095865336,0.08496732026143791,26,306
466,0.024122009776602442,0.07141426499066444,0.4332496674818724,0.0718954248366013,22,306
467,0.026106423657339273,0.0752092744685842,0.4496342300596387,0.07516339869281045,23,306
468,0.02344965129828569,0.07092017087280396,0.42599862702192476,0.10784313725490197,33,306
469,0.025067121093036424,0.06948816453970975,0.42733406272793584,0.08823529411764706,27,306
470,0.02614728514586481,0.07222234628703204,0.4404595901088371,0.09803921568627451,30,306
471,0.024183852874146955,0.07178938431174059,0.4282654710315928,0.08169934640522876,25,306
472,0.026185112345638317,0.07094318186464324,0.43946561118977134,0.08496732026143791,26,306
473,0.025347866120104985,0.070463971160843,0.437393629953805,0.08169934640522876,25,306
474,0.02329606748921095,0.06657514492322007,0.4095836730023884,0.07516339869281045,23,306
475,0.024716049814031773,0.06936455224279593,0.43034817865877206,0.08823529411764706,27,306
476,0.02459363314084449,0.06855340494538203,0.42675662533430586,0.09803921568627451,30,306
477,0.024324170267647504,0.07347003096554597,0.43419895310421763,0.06535947712418301,20,306
478,0.026119686252379065,0.07577203255227573,0.4436989602551451,0.08169934640522876,25,306
479,0.023096435114922802,0.06564118974476678,0.4083590766722444,0.07516339869281045,23,306
480,0.025459101121580063,0.07114754200641979,0.4369163055448292,0.0718954248366013,22,306
481,0.02438092438685026,0.06995555394724398,0.42770769868851993,0.06862745098039216,21,306
482,0.024147909747700105,0.06952381963947324,0.4187654638806653,0.07516339869281045,23,306
483,0.023044128805622018,0.06612997149796504,0.4084770669755867,0.08169934640522876,25,306
484,0.02497016320014862,0.07425859953410137,0.4393958896468872,0.07516339869281045,23,306
485,0.024355881404279273,0.06533958832739124,0.4158657627894338,0.0784313725490196,24,306
486,0.025546187946533173,0.07178777660163707,0.4390472819324666,0.07516339869281045,23,306
487,0.023515152218365903,0.06986578647533925,0.4220048340269733,0.0784313725490196,24,306
488,0.02471044902902731,0.07351128429705875,0.4417556957137341,0.06862745098039216,21,306
489,0.024667864543724403,0.06896140194681011,0.4292666008781339,0.07516339869281045,23,306
490,0.023273504957074514,0.06642037226645074,0.4106527366599448,0.07516339869281045,23,306
491,0.023129565731318528,0.06524259807924342,0.41655225182706196,0.10457516339869281,32,306
492,0.024951074901316317,0.06457625163692553,0.4201473806152658,0.07516339869281045,23,306
493,0.0234997171117676,0.06661726985925634,0.4086111468657485,0.0718954248366013,22,306
494,0.02308283574707711,0.06868781545727565,0.41399043205903807,0.08169934640522876,25,306
495,0.024187581506788753,0.0686462101063574,0.42184036269504155,0.08496732026143791,26,306
496,0.02439680308719015,0.06285824255069519,0.41027552523562305,0.0718954248366013,22,306
497,0.024118858422471044,0.07032207232626468,0.42206561691051325,0.06209150326797386,19,306
498,0.024099926674929988,0.07547681784109078,0.4351696915089887,0.10130718954248366,31,306
499,0.025450148343226505,0.0712616426521658,0.43993578467127187,0.0718954248366013,22,306
500,0.025296606711928005,0.0717128128230352,0.43139042633829605,0.09803921568627451,30,306
501,0.02323667413310347,0.06391993258523225,0.4117986727878606,0.08496732026143791,26,306
502,0.0224901343507655,0.06390854135646998,0.4033659415626207,0.058823529411764705,18,306
503,0.024399957723180456,0.07234232494259488,0.42885184708456686,0.08823529411764706,27,306
504,0.024487641891969118,0.07059021565581078,0.42940604396390214,0.09803921568627451,30,306
505,0.02518560010337503,0.07342693179367193,0.42914145964731626,0.09803921568627451,30,306
506,0.02285170385120869,0.06790526257072925,0.4196110610546188,0.0784313725490196,24,306
507,0.02419103783826376,0.06796880422880974,0.42214248938087273,0.07516339869281045,23,306
508,0.024194071998065,0.06986911209910225,0.4235118919923914,0.0784313725490196,24,306
509,0.02473220359485208,0.07408666486621582,0.43838939660473963,0.06535947712418301,20,306
510,0.02387766271668141,0.06849863162598056,0.43183020837802666,0.08169934640522876,25,306
511,0.024471617997858096,0.06876546523694091,0.42589851403727064,0.08823529411764706,27,306
512,0.023778801939459613,0.07109222043225807,0.42106091160023457,0.07516339869281045,23,306
513,0.02502128270927143,0.0695729340094917,0.43116338439095553,0.08169934640522876,25,306
514,0.023891526462027288,0.06750634055288907,0.4172262267416084,0.0784313725490196,24,306
515,0.025770749885351468,0.0707112433232773,0.4424690007293946,0.07516339869281045,23,306
516,0.025219795145231455,0.07017634849502108,0.4360009868279916,0.0784313725490196,24,306
517,0.024849372547867964,0.07460148543705,0.43514823872656283,0.07516339869281045,23,306
518,0.023940527814537944,0.06828107323112509,0.4252459919051501,0.0784313725490196,24,306
519,0.025997925571823326,0.0717138833639024,0.439226055119349,0.06209150326797386,19,306
520,0.02527754718075187,0.07133645569450639,0.4339164914689435,0.07516339869281045,23,306
521,0.02377097402121111,0.06965056531567777,0.4194662547732441,0.08496732026143791,26,306
522,0.02408929409380966,0.0666643094844384,0.41940725962157294,0.08169934640522876,25,306
523,0.024330688108259273,0.07020337494100651,0.4255123639536048,0.06862745098039216,21,306
524,0.023759255673363195,0.070615551012619,0.4190908310807912,0.06535947712418301,20,306
525,0.02268022498401915,0.06438388611360936,0.4073221921883268,0.0718954248366013,22,306
526,0.024905282416720294,0.0684510091659346,0.42869631441197925,0.09803921568627451,30,306
527,0.024362461959489407,0.07244163474845584,0.4339504583744512,0.0784313725490196,24,306
528,0.023795916829298953,0.06365330791703648,0.40735973455757213,0.06535947712418301,20,306
529,0.023318969122853694,0.06520808876516529,0.41350774445445576,0.08169934640522876,25,306
530,0.025851295393435742,0.07096732954993142,0.4398463980778307,0.0915032679738562,28,306
531,0.025836348335904123,0.07478982647668099,0.4500239556070422,0.08496732026143791,26,306
532,0.023473634099111847,0.06878028469875164,0.41568698960255146,0.07516339869281045,23,306
533,0.02455702316137357,0.07064259814189076,0.4323093205188713,0.07516339869281045,23,306
534,0.022899268729102685,0.0671769385724714,0.4058383747372034,0.06535947712418301,20,306
535,0.022984377303449884,0.063684992619938,0.40227900058637606,0.06535947712418301,20,306
536,0.024413476578302833,0.07136949588622322,0.4305644942148997,0.08169934640522876,25,306
537,0.02413718699807908,0.07060683149350848,0.4286408947240457,0.06209150326797386,19,306
538,0.023086096111632707,0.06598667078643497,0.4120132006121194,0.06535947712418301,20,306
539,0.025043467662054765,0.07289027001582501,0.44299459389882867,0.0915032679738562,28,306
540,0.025381009661170673,0.0770496090516139,0.4475533101643283,0.09477124183006536,29,306
541,0.025039482349663817,0.0738446532190821,0.4382249252728079,0.0718954248366013,22,306
542,0.024672105224926334,0.0730975430653374,0.4348782912143705,0.06862745098039216,21,306
543,0.025528563843369604,0.07468144704464878,0.4434182863517398,0.06535947712418301,20,306
544,0.023380314746199247,0.06835075365655804,0.41547961270576794,0.08169934640522876,25,306
545,0.024664103144794725,0.072681751941385625,0.4358776333290428,0.06535947712418301,20,306
546,0.02339523138332193,0.06487535499391098,0.4110800045765936,0.06862745098039216,21,306
547,0.024001942087591474,0.06993468113975439,0.4224642811172609,0.08496732026143791,26,306
548,0.02452495733542181,0.06961535766024744,0.4321591510418901,0.06535947712418301,20,306
549,0.022908833513952804,0.06291033442294083,0.40546831424035695,0.06862745098039216,21,306
550,0.024955537043422026,0.06829358236911938,0.4266904792551594,0.07516339869281045,23,306
551,0.023023654679364496,0.07021706441593265,0.4150040760286609,0.06209150326797386,19,306
552,0.024284981183720494,0.06880245908360517,0.4219815935126786,0.06209150326797386,19,306
553,0.025304722123921018,0.07433231585688971,0.43674110782168446,0.08823529411764706,27,306
554,0.02423872205675915,0.07108813701609502,0.42616488608572534,0.058823529411764705,18,306
555,0.024055956691710317,0.06610140042138175,0.41603202185323435,0.08169934640522876,25,306
556,0.02503189792074924,0.07191343483065998,0.43848772185752494,0.08169934640522876,25,306
557,0.023630925107148214,0.06512889683040007,0.41677035511505844,0.0718954248366013,22,306
558,0.024764630383653216,0.0712930284739456,0.4257036512635689,0.0718954248366013,22,306
559,0.0239566967443944,0.06310464514711635,0.41269968964974757,0.0718954248366013,22,306
560,0.024261389243126368,0.07081057918684114,0.4245952575048984,0.08496732026143791,26,306
561,0.025349778881805254,0.06811739848695704,0.4316049541625549,0.08169934640522876,25,306
562,0.023914522512940045,0.06611466617752533,0.41439445946139214,0.0784313725490196,24,306
563,0.024996679741742096,0.06851647122346671,0.42967062828048797,0.08169934640522876,25,306
564,0.024607342879321686,0.06502996265483729,0.4193071466369188,0.0784313725490196,24,306
565,0.024374513585743614,0.06931652027025564,0.4289895024384663,0.0915032679738562,28,306
566,0.02422916421469598,0.06603151760472754,0.41728700962514836,0.0784313725490196,24,306
567,0.024865716742758375,0.06789919916755119,0.4202010125713305,0.06535947712418301,20,306
568,0.02388240519852143,0.06639145154993414,0.4186510490410606,0.0718954248366013,22,306
569,0.024911533535052308,0.06787423000652036,0.4254909111711789,0.0784313725490196,24,306
570,0.024249255601204927,0.06795996455210078,0.4158675505213026,0.06862745098039216,21,306
571,0.02431357503816054,0.07129922542339268,0.4328116731740107,0.0718954248366013,22,306
572,0.02417086635337854,0.06936702102673356,0.42719819510590523,0.049019607843137254,15,306
573,0.02498011238962523,0.07220767082980599,0.43034460319503437,0.08169934640522876,25,306
574,0.024789314430443136,0.06957005230039556,0.42791686331717227,0.0915032679738562,28,306
575,0.026068088089480274,0.0726420569724694,0.4455063571745255,0.08169934640522876,25,306
576,0.02390970519526176,0.06918729275258668,0.4271356244904964,0.08169934640522876,25,306
577,0.024811482314009443,0.0708284093771326,0.4287553095636504,0.08169934640522876,25,306
578,0.025083576692134492,0.07041213513258851,0.42782747672373106,0.0718954248366013,22,306
579,0.02514918871190039,0.06631737369105693,0.42460955935984895,0.08169934640522876,25,306
580,0.02493334453196858,0.0680688680027538,0.42819038629310224,0.08823529411764706,27,306
581,0.025914591122629893,0.07105054774489773,0.43631383990503564,0.0718954248366013,22,306
582,0.024591237781548616,0.07176579447870006,0.4389435934840749,0.0718954248366013,22,306
583,0.02375649995128966,0.06972774117888496,0.4212432602508545,0.08823529411764706,27,306
584,0.024772849218943495,0.06450710523555434,0.41612855937415083,0.0718954248366013,22,306
585,0.025120758447230242,0.07217693326628224,0.43982494529540483,0.10784313725490197,33,306
586,0.024567152147611605,0.07240782566893507,0.4309434933710902,0.06535947712418301,20,306
587,0.024421524329950234,0.06886014180275896,0.42679416770355116,0.08496732026143791,26,306
588,0.024224475232587212,0.07143069144558646,0.4325381501980807,0.0718954248366013,22,306
589,0.024345635785092818,0.06948974553441994,0.4225929978118162,0.06862745098039216,21,306
590,0.025774522777939075,0.07366932413568794,0.44094585317715707,0.06535947712418301,20,306
591,0.026229302283252823,0.07140058225461285,0.43929935212597077,0.06209150326797386,19,306
592,0.02438173654586044,0.06921002127144862,0.42648131462650707,0.08169934640522876,25,306
593,0.0245837180638956,0.07165380069131028,0.4318802648703537,0.08823529411764706,27,306
594,0.02530739064479827,0.06984356453122834,0.43147802519986844,0.0784313725490196,24,306
595,0.024252491473132843,0.0701366057544372,0.430176556399365,0.08496732026143791,26,306
596,0.026342661715736817,0.07243353156097533,0.44539194233492085,0.0718954248366013,22,306
597,0.023224624801357667,0.06546819550936424,0.41067240171050184,0.07516339869281045,23,306
598,0.023933619388480355,0.06417691022305425,0.4142711059624433,0.07516339869281045,23,306
599,0.024740465482356533,0.07115876195357967,0.43223781124411836,0.07516339869281045,23,306
600,0.02350075495512624,0.06484722416354091,0.4149182648989574,0.06535947712418301,20,306
601,0.02505651798373596,0.07049296147800022,0.4294561004562292,0.08496732026143791,26,306
602,0.025435963668987528,0.07451438198867905,0.45116095307561394,0.06535947712418301,20,306
603,0.0241002038529573,0.06379823987940907,0.4111407874601336,0.07516339869281045,23,306
604,0.025101672054305732,0.07049961987949298,0.434974828735287,0.05228758169934641,16,306
605,0.024152675422008305,0.07227672843206517,0.428020551765564,0.0784313725490196,24,306
606,0.02397881880897255,0.06346620515366697,0.4152311179760015,0.08823529411764706,27,306
607,0.023641683044892815,0.06641016771296689,0.40970166330573077,0.058823529411764705,18,306
608,0.02240060276628982,0.06520134617006865,0.4110406744754795,0.06862745098039216,21,306
609,0.024598408693109003,0.07048292403983865,0.42712847356302114,0.0718954248366013,22,306
610,0.02594623451427151,0.07499651732659005,0.45062999671057336,0.07516339869281045,23,306
611,0.02470193290613409,0.07341179377698265,0.43642646701277155,0.06862745098039216,21,306
612,0.023965913850344557,0.07132134327959898,0.42729830809055935,0.08169934640522876,25,306
613,0.023750920334879327,0.06716885497949363,0.4142711059624433,0.0784313725490196,24,306
614,0.02601382168204079,0.06902118973406797,0.43527337995738047,0.0718954248366013,22,306
615,0.024531713148309462,0.0718190734310891,0.4324684286551966,0.08496732026143791,26,306
616,0.02420298871865532,0.06927159879251359,0.4310704223337767,0.08496732026143791,26,306
617,0.02370929317361713,0.06697738971582928,0.4189388738719412,0.058823529411764705,18,306
618,0.023549280770476657,0.07197197971413563,0.4249474406830566,0.08823529411764706,27,306
619,0.024983810005413387,0.06978979292684921,0.4360993120807769,0.09477124183006536,29,306
620,0.02410409572735308,0.07244184145597182,0.425145878920496,0.08496732026143791,26,306
621,0.023784511195130816,0.06866667885073459,0.4207587849144034,0.08823529411764706,27,306
622,0.02419765003219862,0.0691298059007949,0.4274502652994093,0.08496732026143791,26,306
623,0.026063342941276907,0.07327231557453114,0.4492427167803664,0.06862745098039216,21,306
624,0.02572255779626617,0.07165953026940002,0.44119971110253,0.08823529411764706,27,306
625,0.02367398138266852,0.06283272929882833,0.40380929906608887,0.0915032679738562,28,306
626,0.0245067449980499,0.06990154456534543,0.42797049527323694,0.0718954248366013,22,306
627,0.023245894456904607,0.06413164616726683,0.40717023497947685,0.0718954248366013,22,306
628,0.024809182998081478,0.0676178086629791,0.4244808426652937,0.06862745098039216,21,306
629,0.023357739363106533,0.06962994438642157,0.4175784099197666,0.08823529411764706,27,306
630,0.02432684557370612,0.07251799519146668,0.4290449221263998,0.08169934640522876,25,306
631,0.026343636543836306,0.07297827439629594,0.4487564537120465,0.08169934640522876,25,306
632,0.025666475484722073,0.06636201742754091,0.4305573432874244,0.0915032679738562,28,306
633,0.025056843197379008,0.0701685884047921,0.4348192960626993,0.08496732026143791,26,306
634,0.024260947711264004,0.0701356032247418,0.42715350180918465,0.06862745098039216,21,306
635,0.024002860807927663,0.07048471688539304,0.4269568513036141,0.09477124183006536,29,306
636,0.024270619026130348,0.06693755278139302,0.4211646000486263,0.06862745098039216,21,306
637,0.024843546810327233,0.06545745677341652,0.4218367872313039,0.07516339869281045,23,306
638,0.02276802482238255,0.059096761363783876,0.3940590094535261,0.08496732026143791,26,306
639,0.024080783137663188,0.06702501660410061,0.4238318959969108,0.0915032679738562,28,306
640,0.025039395099497194,0.06846038723072338,0.4301604668125456,0.06862745098039216,21,306
641,0.0231269753909945,0.06850432120110828,0.41296606169820227,0.0784313725490196,24,306
642,0.02279067146536705,0.06506767053950403,0.40847885470745554,0.06862745098039216,21,306
643,0.025634761407844556,0.0696868883805474,0.4385788961828349,0.09477124183006536,29,306
644,0.02471629119323911,0.07323710608466859,0.42728579396747757,0.0784313725490196,24,306
645,0.024006940358481027,0.07161781816537287,0.43743653551865674,0.06535947712418301,20,306
646,0.025330511828857517,0.06706270512951648,0.42611304186152943,0.0784313725490196,24,306
647,0.022833636589543127,0.0670088767522545,0.40315856466583716,0.08496732026143791,26,306
648,0.0262395715093768,0.07276126209352184,0.44488601421604385,0.09477124183006536,29,306
649,0.02309914937426233,0.06925022060633891,0.42541761416455715,0.0718954248366013,22,306
650,0.025068227143326238,0.07282532148723488,0.4369252442041733,0.07516339869281045,23,306
651,0.024293501391136823,0.06817567882527592,0.4236888774474049,0.06862745098039216,21,306
652,0.0252479249428802,0.07122657688371929,0.43440096680539464,0.06535947712418301,20,306
653,0.026690578455537274,0.07194033633176895,0.4464163126957566,0.08496732026143791,26,306
654,0.02433580038796001,0.07106796410767573,0.432393343916706,0.0718954248366013,22,306
655,0.02483797933128088,0.07132610512065199,0.42885184708456686,0.08169934640522876,25,306
656,0.023619241840809605,0.06490919006137937,0.4097678093848772,0.0784313725490196,24,306
657,0.02407776426028147,0.06907247572748612,0.4322181461935613,0.08169934640522876,25,306
658,0.0253499266933326,0.07507530041236146,0.4481092947755324,0.06209150326797386,19,306
659,0.024910573056141454,0.07392319121227194,0.44518635317000615,0.10457516339869281,32,306
660,0.023544929552889147,0.07132821755778992,0.4267494744068306,0.06862745098039216,21,306
661,0.025065033460288353,0.072293405369015,0.432454126800246,0.06862745098039216,21,306
662,0.02335596850825166,0.06674848796836813,0.41816478597274065,0.05555555555555555,17,306
663,0.025504091449724205,0.06877794880108588,0.43309055934554713,0.0718954248366013,22,306
664,0.024102470994749808,0.06691943533663386,0.41625012514123083,0.06535947712418301,20,306
665,0.0247049493215741,0.0686995310284013,0.42506721871826775,0.09803921568627451,30,306
666,0.02383390085541497,0.07088613109243772,0.4243896683399837,0.0784313725490196,24,306
667,0.023052434208848015,0.06731243707063435,0.4132681883840334,0.0915032679738562,28,306
668,0.022862394312762196,0.06506705492788017,0.4019303928719555,0.08496732026143791,26,306
669,0.023659767872364772,0.06868090353002398,0.41711538736574133,0.08496732026143791,26,306
670,0.02403105921061546,0.06809762706905917,0.42181890991261567,0.08823529411764706,27,306
671,0.026463828169410692,0.06998695769900562,0.4400376853877948,0.0718954248366013,22,306
672,0.024423370703634227,0.06997488008013115,0.43194819868136897,0.07516339869281045,23,306
673,0.024766287118757873,0.07510119794762679,0.4375616767494744,0.06862745098039216,21,306
674,0.02520084976879937,0.06623410630216138,0.41970044764805997,0.09477124183006536,29,306
675,0.023295829072076456,0.06642895478492022,0.41432473791850805,0.0718954248366013,22,306
676,0.025531660049717155,0.06911233348437967,0.43574534117074987,0.06862745098039216,21,306
677,0.024005402787319375,0.0691734938601539,0.42697651635417117,0.06862745098039216,21,306
678,0.024740405405006567,0.07366530180496561,0.43295647945538535,0.08169934640522876,25,306
679,0.023940557110616476,0.06893642821746855,0.4144677564680139,0.06862745098039216,21,306
680,0.02411286065130329,0.06739022247403896,0.41523826890347676,0.05555555555555555,17,306
681,0.02507764558093995,0.07145583123177979,0.4384573304157549,0.0718954248366013,22,306
682,0.025819874801501327,0.07467334958531316,0.4429266600878134,0.08823529411764706,27,306
683,0.024036577979476698,0.07406797131944098,0.43543070036183695,0.08496732026143791,26,306
684,0.025029672429673612,0.06936771724315544,0.43710222965918677,0.058823529411764705,18,306
685,0.024326747000109603,0.06574368469316183,0.42117711417170806,0.06535947712418301,20,306
686,0.02542546697749942,0.07404975799563658,0.44614100198795786,0.0915032679738562,28,306
687,0.023662282958088688,0.06901229213965246,0.41695270376567845,0.08169934640522876,25,306
688,0.024361967684549207,0.06876709307380705,0.42528710973813305,0.08169934640522876,25,306
689,0.024581785723437524,0.06983416499728548,0.4202242530856252,0.08169934640522876,25,306
690,0.023601526788836976,0.06873209480479078,0.42570901445917536,0.07516339869281045,23,306
691,0.024969007204402042,0.06989996461665776,0.4301247121751691,0.0784313725490196,24,306
692,0.02392317334116111,0.06755211873313861,0.4168239870711231,0.07516339869281045,23,306
693,0.023160861512297078,0.06528780343318405,0.40755280959940504,0.08169934640522876,25,306
694,0.026075776478562584,0.0695915457912566,0.44100306059695943,0.08823529411764706,27,306
695,0.025299107525491214,0.07704718104896949,0.4466648074255231,0.0915032679738562,28,306
696,0.024474022278663816,0.07254289232192833,0.43480499420774876,0.0915032679738562,28,306
697,0.02417996051521174,0.06858300694327762,0.42531928891177184,0.07516339869281045,23,306
698,0.02404592645480408,0.06890065847965761,0.424366427825689,0.06862745098039216,21,306
699,0.025211608040704006,0.06751051638867551,0.4284084895810987,0.07516339869281045,23,306
700,0.0259552178211051,0.07453889790314622,0.45231940332661147,0.0784313725490196,24,306
701,0.02342091089593838,0.06661514581860035,0.41121408446675534,0.08169934640522876,25,306
702,0.023106136603633583,0.06883633392934294,0.4163663277127043,0.08496732026143791,26,306
703,0.024778286847353784,0.06947490276394547,0.4358865719883869,0.0718954248366013,22,306
704,0.025374790076911208,0.0714266979658683,0.4409994851332218,0.08169934640522876,25,306
705,0.023451547586549652,0.06669150822354067,0.411521574348193,0.06535947712418301,20,306
706,0.025678746845910837,0.07609971955029153,0.4473119663620372,0.07516339869281045,23,306
707,0.025015634352430097,0.07423607216429591,0.4362995380500851,0.07516339869281045,23,306
708,0.02347323292314109,0.06993210098749902,0.4249903462479083,0.0718954248366013,22,306
709,0.024092184511057223,0.0738747616806404,0.43067890905450434,0.0784313725490196,24,306
710,0.02524153422357436,0.0707707690395413,0.43248988143762246,0.07516339869281045,23,306
711,0.02459711046479636,0.07086434934835971,0.4318194819868137,0.06862745098039216,21,306
712,0.02615518704003578,0.07349829770906778,0.4474692867664936,0.0784313725490196,24,306
713,0.02364049381348197,0.06771095040902939,0.41564944723330616,0.06535947712418301,20,306
714,0.024804978811950925,0.0723635315886585,0.44197022353799287,0.08169934640522876,25,306
715,0.024411772658778103,0.06894416362080723,0.42797228300510576,0.08823529411764706,27,306
716,0.02414043252090751,0.06644267678443119,0.4189674775818424,0.10130718954248366,31,306
717,0.025159376786879576,0.07235830749630874,0.4387826976158808,0.0457516339869281,14,306
718,0.023934778469960432,0.06570349645953272,0.41584252227513907,0.0718954248366013,22,306
719,0.024963822052853222,0.07116491747093823,0.4309881866678108,0.09477124183006536,29,306
720,0.02552664204078084,0.0723453583253172,0.4382124111497261,0.08496732026143791,26,306
721,0.023739854291906996,0.07055556507703624,0.4254247650920324,0.06862745098039216,21,306
722,0.025648285934973526,0.07214777444534495,0.4419255302412723,0.08496732026143791,26,306
723,0.022480397058878464,0.06871324247142495,0.409608701248552,0.07516339869281045,23,306
724,0.024247686016802175,0.07095743296149197,0.4241447490739549,0.08169934640522876,25,306
725,0.023551722252260005,0.06009139681545043,0.4032962200197366,0.07516339869281045,23,306
726,0.026643254170366167,0.07471496021257294,0.4529611990675191,0.09803921568627451,30,306
727,0.02551131640018385,0.0732625310746693,0.44428354857625035,0.06535947712418301,20,306
728,0.024234979828205258,0.06978089602753906,0.4222676306116903,0.08169934640522876,25,306
729,0.022899136517029982,0.06492644800860574,0.4117378899043206,0.06209150326797386,19,306
730,0.025632975704341997,0.07161381162850447,0.44460712804450736,0.06862745098039216,21,306
731,0.024892553108870726,0.06827512559691049,0.4237639621858955,0.07516339869281045,23,306
732,0.024582932007117603,0.06804658120745731,0.4296652650848815,0.10130718954248366,31,306
733,0.024784900224757413,0.07175478760022759,0.42893587048240156,0.08169934640522876,25,306
734,0.02336371848051239,0.06364811874545312,0.4046942263411565,0.0784313725490196,24,306
735,0.026060177423945573,0.06777558822121808,0.4305430414324738,0.0784313725490196,24,306
736,0.024964097420350283,0.06983870948688523,0.4268531628552223,0.07516339869281045,23,306
737,0.023283173807932572,0.06993191235075721,0.4269747286223023,0.08169934640522876,25,306
738,0.021978200286280964,0.06693677766984044,0.4033659415626207,0.0718954248366013,22,306
739,0.02401985533338587,0.07313016574915923,0.431967863731926,0.08169934640522876,25,306
740,0.02473581634046729,0.0698320691039295,0.42915576150226686,0.07516339869281045,23,306
741,0.024811063084480712,0.07062767754818154,0.43854850474106494,0.0915032679738562,28,306
742,0.024095497847228094,0.0690642179285766,0.4217527638334692,0.0784313725490196,24,306
743,0.025728620794943664,0.06972452390460078,0.43835542969923197,0.07516339869281045,23,306
744,0.025175923346117023,0.06844420491670257,0.4321484246506772,0.07516339869281045,23,306
745,0.02413217348987153,0.07005003872876014,0.4307575692567326,0.0915032679738562,28,306
746,0.024502686504325952,0.06932355771095872,0.4280759714534975,0.0718954248366013,22,306
747,0.023866120017334142,0.06955787726170759,0.4226448420360121,0.06535947712418301,20,306
748,0.025162016514610894,0.07155745372231867,0.43793173724632084,0.0784313725490196,24,306
749,0.02348730927421915,0.0649059065219649,0.406449779036341,0.08169934640522876,25,306
750,0.023068041468545072,0.06820196902182503,0.41344517383904694,0.07516339869281045,23,306
751,0.025610528849108794,0.07368604879249738,0.44244039701949345,0.0718954248366013,22,306
752,0.024843918107709258,0.06947051665637058,0.43157456272078487,0.06535947712418301,20,306
753,0.0252044649462691,0.07378726082638007,0.44560647015917965,0.09803921568627451,30,306
754,0.023839253075585518,0.06928028201503529,0.42288618583830323,0.06862745098039216,21,306
755,0.02428776636988829,0.07343693168114264,0.4350946067704981,0.08169934640522876,25,306
756,0.025060763840306078,0.0708057590843488,0.4358669069378298,0.08823529411764706,27,306
757,0.025450304472302027,0.07242189080634549,0.4322038443386107,0.08169934640522876,25,306
758,0.023386733275497947,0.07130016264016888,0.4219905321720227,0.06862745098039216,21,306
759,0.023822447263467397,0.06561671286051159,0.4107778778907624,0.06862745098039216,21,306
760,0.024185454497246264,0.06898338646216706,0.41753729208678364,0.06209150326797386,19,306
761,0.025043061827545805,0.07010041101172498,0.4290860399593827,0.06535947712418301,20,306
762,0.026806662001211203,0.07346079744734663,0.45593419716537237,0.0915032679738562,28,306
763,0.023537605443134577,0.0664423069587931,0.4116163241372406,0.06862745098039216,21,306
764,0.023853417129985413,0.0664176701178076,0.41679359562935314,0.0784313725490196,24,306
765,0.024694347709872236,0.0717611806762225,0.42806166959854697,0.058823529411764705,18,306
766,0.024898454271360435,0.06603764236231553,0.42271098811515856,0.07516339869281045,23,306
767,0.025694467539930065,0.06988945031125188,0.43702893265256504,0.0718954248366013,22,306
768,0.02584887300525538,0.06898460449529917,0.4381266000200226,0.05555555555555555,17,306
769,0.024407762315723995,0.07069220150062741,0.42807954691723515,0.08823529411764706,27,306
770,0.024024867222614026,0.06791719667423113,0.4233903262253114,0.0718954248366013,22,306
771,0.02455201088594039,0.07327733760485176,0.4385931980377855,0.08169934640522876,25,306
772,0.024233906075803554,0.06865485917896764,0.4241912301025443,0.049019607843137254,15,306
773,0.02599260703459942,0.07495872199272556,0.447009839676206,0.0784313725490196,24,306
774,0.023925101731683246,0.06677901300716815,0.4140673045293975,0.08169934640522876,25,306
775,0.023095739075119217,0.06709465886038735,0.4136525507358304,0.07516339869281045,23,306
776,0.025807986097719227,0.06930483572689208,0.43771720942206205,0.08496732026143791,26,306
777,0.026676143137595438,0.07461608952777726,0.451888559946225,0.0784313725490196,24,306
778,0.02500064161276385,0.07261902107103398,0.43591160023455044,0.0718954248366013,22,306
779,0.025423455524616667,0.06886617476955584,0.4392492956336437,0.06535947712418301,20,306
780,0.02230305267880982,0.06850414969050109,0.40459768882024,0.06209150326797386,19,306
781,0.023168217890417037,0.0662374529422215,0.4122956622473935,0.07516339869281045,23,306
782,0.024013205709229796,0.07272920331317864,0.4343187311394288,0.0784313725490196,24,306
783,0.024170265466233406,0.0681571233627176,0.42262338925358617,0.07516339869281045,23,306
784,0.02462800155971089,0.07239228103100723,0.4330601679037771,0.07516339869281045,23,306
785,0.02600118331842933,0.0739463617299657,0.4436542669584245,0.07516339869281045,23,306
786,0.02451509075650179,0.06835123672686208,0.4261720370132006,0.06209150326797386,19,306
787,0.02428955107785681,0.07668940006099494,0.43867900916748903,0.0718954248366013,22,306
788,0.024821180216870724,0.06840257757198522,0.42573225497347006,0.08169934640522876,25,306
789,0.02450972462885519,0.0679437231365567,0.42450944637519483,0.08496732026143791,26,306
790,0.024460053336713944,0.06532958796206915,0.4200115129932352,0.05555555555555555,17,306
791,0.02557373969335622,0.0718905568213202,0.4384305144377226,0.06535947712418301,20,306
792,0.023583136320555868,0.06902737809669808,0.42069442656712575,0.08496732026143791,26,306
793,0.025821718179225184,0.0745152539386204,0.4457816678823243,0.09803921568627451,30,306
794,0.02410569804850046,0.06880726608293145,0.4219798057808098,0.06535947712418301,20,306
795,0.024327586862303532,0.06840025626221889,0.4233813875659673,0.0784313725490196,24,306
796,0.025270658912977237,0.07601360508716475,0.44109065945853176,0.07516339869281045,23,306
797,0.02517421765505541,0.07292825585437371,0.44110317358161355,0.0718954248366013,22,306
798,0.024138245792548602,0.0679552895966995,0.42727506757626466,0.0718954248366013,22,306
799,0.025668431339751416,0.07260351942176005,0.4429427496746328,0.0915032679738562,28,306
800,0.022875714285521483,0.07109977705067742,0.4239534617639908,0.06535947712418301,20,306
801,0.02332939857561431,0.06630472555425403,0.4108726276798101,0.06862745098039216,21,306
802,0.02427471355916557,0.06973530543531549,0.42754143962471935,0.0784313725490196,24,306
803,0.02380477155021818,0.07306894201101931,0.42821362680739694,0.08169934640522876,25,306
804,0.023769818033194955,0.069744722623985,0.4237371462078632,0.0784313725490196,24,306
805,0.02204093446519821,0.06797936372645635,0.40368415783527123,0.0718954248366013,22,306
806,0.0244736085995019,0.072235844168939925,0.4370468099712533,0.08169934640522876,25,306
807,0.025213938477554255,0.07101221287525969,0.43812838775189145,0.08496732026143791,26,306
808,0.025325141604700414,0.0670412525624471,0.4269890304772529,0.0784313725490196,24,306
809,0.025001566862647547,0.06850664769160855,0.42504397820397305,0.08496732026143791,26,306
810,0.024756232321380425,0.06967439473094748,0.4347567254472905,0.08823529411764706,27,306
811,0.025714657003955414,0.07140133396635806,0.43823207620028315,0.06862745098039216,21,306
812,0.02330299407668635,0.06700997568676229,0.4123743224496217,0.08496732026143791,26,306
813,0.023569581370224503,0.0633034775050034,0.4134058437379328,0.06209150326797386,19,306
814,0.024357852775173782,0.06858299373990805,0.42652779565509646,0.0784313725490196,24,306
815,0.02431560080575505,0.06884773203429966,0.4264866778221135,0.0718954248366013,22,306
816,0.02425326662733845,0.07424131687558605,0.44300710802191046,0.08823529411764706,27,306
817,0.02506495478529672,0.07210469148816744,0.44063657556385066,0.08496732026143791,26,306
818,0.024870706078675676,0.06771561139927312,0.4222872956622474,0.0784313725490196,24,306
819,0.024758186229379187,0.06875397972506099,0.4260987400065789,0.0718954248366013,22,306
820,0.023914611294905158,0.0691044333024397,0.4250993978919066,0.06862745098039216,21,306
821,0.023490616771879465,0.06569651961448934,0.4140869695799545,0.06862745098039216,21,306
822,0.02393094084672529,0.06921501853561533,0.42356373621658727,0.09477124183006536,29,306
823,0.02213165564974322,0.06691463295191649,0.401236752906852,0.06535947712418301,20,306
824,0.02381986983610774,0.07095504897524127,0.42621136711431473,0.07516339869281045,23,306
825,0.02521241398402905,0.07122396783050206,0.4314458460262296,0.08169934640522876,25,306
826,0.025297285461124988,0.07550596266299892,0.447404928419216,0.0915032679738562,28,306
827,0.024556233128799586,0.07199098148919966,0.4303070608257891,0.08169934640522876,25,306
828,0.02363437728875992,0.06944190101513703,0.42342071766708145,0.0718954248366013,22,306
829,0.025246756813146934,0.07112082783437725,0.4341202929019894,0.0784313725490196,24,306
830,0.02436048875261921,0.06587405761716644,0.421997683099498,0.0915032679738562,28,306
831,0.02551755411567628,0.0735042863377348,0.4411836215157106,0.0784313725490196,24,306
832,0.024192183438753755,0.06887622417253304,0.4214220334377369,0.08169934640522876,25,306
833,0.025186922973848686,0.06660804287940243,0.4251852090216101,0.0784313725490196,24,306
834,0.025070670934871555,0.07376391206338204,0.4417270920038329,0.06862745098039216,21,306
835,0.02297173560456153,0.06475703402835069,0.4113928576536377,0.0784313725490196,24,306
836,0.025227886976929924,0.06718451805788236,0.43371984096337296,0.07516339869281045,23,306
837,0.024491033036422808,0.06754441077850389,0.42223008824244507,0.09477124183006536,29,306
838,0.024788874583480305,0.06771055111189189,0.4209590108837116,0.0718954248366013,22,306
839,0.02637227685016156,0.07405204444273389,0.4494107635760358,0.10130718954248366,31,306
840,0.02453906724234402,0.06512885143343414,0.4177875745484189,0.08823529411764706,27,306
841,0.024975203825376022,0.074736501906027,0.4448895896797815,0.08496732026143791,26,306
842,0.025239075732872016,0.07072997636440466,0.4433002960483975,0.0718954248366013,22,306
843,0.02388804180127737,0.07048095715099142,0.42152572188612863,0.0784313725490196,24,306
844,0.02385626890370149,0.07081934282702719,0.4203404556570987,0.06862745098039216,21,306
845,0.02367107525864458,0.06459178320854203,0.41288025056849875,0.07516339869281045,23,306
846,0.026188433532709512,0.07583815925073131,0.4522407431243832,0.0784313725490196,24,306
847,0.024588534086190494,0.06978740299155518,0.4270712661432188,0.0915032679738562,28,306
848,0.02266086598128285,0.06663212617315029,0.40958009753865077,0.08169934640522876,25,306
849,0.02393900497997952,0.06704861765350004,0.41373299866992747,0.08496732026143791,26,306
850,0.026311350347558445,0.07720523328719296,0.4518331402582915,0.0718954248366013,22,306
851,0.026156934833247145,0.07013046894852545,0.437808383747372,0.10130718954248366,31,306
852,0.023520750070481933,0.06661929844894002,0.41378126743038574,0.0718954248366013,22,306
853,0.02624289037012288,0.07758254119587332,0.4596097738876732,0.08169934640522876,25,306
854,0.023658800825232053,0.06855107084736152,0.4173406415812131,0.0784313725490196,24,306
855,0.02483390626410484,0.07331486761329416,0.44028439238569245,0.09477124183006536,29,306
856,0.024765879702517583,0.06776780466360083,0.4291807897484304,0.07516339869281045,23,306
857,0.024466510249619464,0.07141843188077933,0.43401660445359763,0.08169934640522876,25,306
858,0.02591237772704896,0.07582330717094184,0.4493267401782011,0.06535947712418301,20,306
859,0.022774717163563128,0.0661733080394529,0.4073078903333762,0.06535947712418301,20,306
860,0.02433660124941422,0.06776693866401726,0.42115208592554454,0.06862745098039216,21,306
861,0.02637828593812461,0.07095240561589149,0.44277649061083224,0.08496732026143791,26,306
862,0.02505815807917979,0.07345980743546264,0.44687039659043776,0.0718954248366013,22,306
863,0.02544644161071751,0.07537177547960257,0.4510983824602051,0.08496732026143791,26,306
864,0.02365510740063943,0.06716307450974911,0.4133307589994422,0.06862745098039216,21,306
865,0.024687474344536713,0.0710273753779259,0.4342507973284135,0.08169934640522876,25,306
866,0.023888262466759083,0.06951242567434397,0.42040660173624517,0.07516339869281045,23,306
867,0.0236722219897436,0.07086966661349996,0.4254891234393101,0.07516339869281045,23,306
868,0.024353960853768758,0.07205551946047252,0.43870224968178373,0.07516339869281045,23,306
869,0.025215398149298945,0.0707336292082024,0.4364836744325739,0.07516339869281045,23,306
870,0.025452528086028707,0.07008055978139563,0.4314762374679996,0.06862745098039216,21,306
871,0.025164654274464078,0.07132940718546799,0.430358905049985,0.09477124183006536,29,306
872,0.024020265176184337,0.06835766167792394,0.4158049799058938,0.08169934640522876,25,306
873,0.02586556516978812,0.07098543236196542,0.44489495287538794,0.06862745098039216,21,306
874,0.02482027709475381,0.0687305548901482,0.4281367543370375,0.07516339869281045,23,306
875,0.024208684742489554,0.06816340664992883,0.4276522790005864,0.05555555555555555,17,306
876,0.02386011659171574,0.06392784281709592,0.4110817923084624,0.06862745098039216,21,306
877,0.02429036083975338,0.06695401186091897,0.41857775203443887,0.06862745098039216,21,306
878,0.023287987749507515,0.06643691229570037,0.4090384147823973,0.0784313725490196,24,306
879,0.02366085693414494,0.06929387053982365,0.42064615780666753,0.06862745098039216,21,306
880,0.024727808143643278,0.06998840572343375,0.4345314712318188,0.06862745098039216,21,306
881,0.024918223228932487,0.06963220442964178,0.4312474077887902,0.0915032679738562,28,306
882,0.025317728176385904,0.06758805832202412,0.43346777076986887,0.058823529411764705,18,306
883,0.025065970796039026,0.06690207630047917,0.431290313353642,0.08496732026143791,26,306
884,0.024288147450801663,0.069845207631259,0.42451659730267016,0.08823529411764706,27,306
885,0.024837959780749742,0.07085382946852056,0.4324952446332289,0.0784313725490196,24,306
886,0.025872528344374184,0.07015680765834115,0.4368036784370933,0.06535947712418301,20,306
887,0.02360977247878249,0.06691617520205301,0.41911764705882354,0.0915032679738562,28,306
888,0.023617723298545674,0.07286188354166005,0.4238086554826161,0.07516339869281045,23,306
889,0.023966886904906972,0.06360474509158816,0.4085575149096838,0.0915032679738562,28,306
890,0.026572313067401033,0.07284194623654053,0.45730181204502224,0.0718954248366013,22,306
891,0.024196417796061236,0.0668852679638498,0.41705460448220133,0.09477124183006536,29,306
892,0.024599313689774676,0.07141157877469366,0.4329654181147295,0.07516339869281045,23,306
893,0.02460061571789346,0.06768816553625365,0.4250743696457431,0.08496732026143791,26,306
894,0.026214706969000624,0.07015678953384101,0.43962829478983423,0.0784313725490196,24,306
895,0.025635522307233993,0.07062696562306947,0.43602780280602393,0.08169934640522876,25,306
896,0.02547251045762036,0.07296477873844524,0.4410852962629253,0.0718954248366013,22,306
897,0.024973756663482834,0.06865826379297393,0.4269890304772529,0.07516339869281045,23,306
898,0.02481402814340153,0.06944782375399335,0.43250239556070424,0.08823529411764706,27,306
899,0.026133756945165017,0.07108255375404775,0.4463036855880208,0.0915032679738562,28,306
900,0.02365026535290981,0.06742780526412552,0.41843294575306417,0.06535947712418301,20,306
901,0.023840821794808682,0.07339779355356459,0.4262936027802806,0.08169934640522876,25,306
902,0.024664008346110412,0.0716267827016647,0.4298815806410091,0.07516339869281045,23,306
903,0.024987486966698322,0.07532175085055051,0.4420971525006794,0.0784313725490196,24,306
904,0.025037821709994863,0.06642210229799611,0.41938044364354055,0.08496732026143791,26,306
905,0.023723740555899687,0.06514788258934077,0.41196671958353,0.0784313725490196,24,306
906,0.025502108290893697,0.06899528837136211,0.43193747229015605,0.06862745098039216,21,306
907,0.023601681024720333,0.06878037904139425,0.41144470187783355,0.0784313725490196,24,306
908,0.025800368957034074,0.07270638895046638,0.44218832682598935,0.08496732026143791,26,306
909,0.024476094410787366,0.06979424440234192,0.42551415168547363,0.08169934640522876,25,306
910,0.024338398806393678,0.07127622580667994,0.4319732269275325,0.0718954248366013,22,306
911,0.023689527997583625,0.06815336480546291,0.41670957223151844,0.06209150326797386,19,306
912,0.025807873390614664,0.07049007675165092,0.44326990460662746,0.08823529411764706,27,306
913,0.023824130124197103,0.06704973238312639,0.4150505570572503,0.0784313725490196,24,306
914,0.02363327240679536,0.06668872221469266,0.4137258477424522,0.06535947712418301,20,306
915,0.022910302450626044,0.06218783281444056,0.3993828749588822,0.05228758169934641,16,306
916,0.022999213020328105,0.06680803597205145,0.4107224582028289,0.05555555555555555,17,306
917,0.02656595253845598,0.07413725398054134,0.44773744654681713,0.06209150326797386,19,306
918,0.024328616614361438,0.07041274966743907,0.4308791350238126,0.0784313725490196,24,306
919,0.024745682084850933,0.06582822602089738,0.4232651849944938,0.0784313725490196,24,306
920,0.023667557434740305,0.06846383225201198,0.42224975329300213,0.08496732026143791,26,306
921,0.023757414099586077,0.06704891630381005,0.4183793137969995,0.06209150326797386,19,306
922,0.025395587556578808,0.07023947290439833,0.4345690136010641,0.06209150326797386,19,306
923,0.025324015748700253,0.06976703902002068,0.4343008538207406,0.08496732026143791,26,306
924,0.024434046949918714,0.06833023078326579,0.41964860342386406,0.09803921568627451,30,306
925,0.025504928034945626,0.07314577159431476,0.4435595171693769,0.08496732026143791,26,306
926,0.024861779610243804,0.06897059665004361,0.4333122380972812,0.06862745098039216,21,306
927,0.025238187498046946,0.07364847707272833,0.4400072939460248,0.08823529411764706,27,306
928,0.023642292446365433,0.07005117793101322,0.4178930507286795,0.06535947712418301,20,306
929,0.02599626097056739,0.07492750993840563,0.44365069149468683,0.09803921568627451,30,306
930,0.02446137777118169,0.07025723830367164,0.4268924929563364,0.07516339869281045,23,306
931,0.024451946746882083,0.06792551911505668,0.4247650920324366,0.06535947712418301,20,306
932,0.02460432931047631,0.07011965198929802,0.42810815062713636,0.08823529411764706,27,306
933,0.024756668143011598,0.0742416855082145,0.43774938859570084,0.0784313725490196,24,306
934,0.023218397077279265,0.06637472496080803,0.4141745684415269,0.06209150326797386,19,306
935,0.023121517308003346,0.06609736680877241,0.40856645356902793,0.08169934640522876,25,306
936,0.026029021462995516,0.07226567472227317,0.4476516354171136,0.06535947712418301,20,306
937,0.02473504991166523,0.06899541930425893,0.4266422104947012,0.08496732026143791,26,306
938,0.023738268132347858,0.0689707300387696,0.4201098382460205,0.0784313725490196,24,306
939,0.025969355805763063,0.07482431811622577,0.4513129102844639,0.06535947712418301,20,306
940,0.02394839910462375,0.0692032743907215,0.42321691623403557,0.08169934640522876,25,306
941,0.023633745711554476,0.0700642673748134,0.4128587977860729,0.07516339869281045,23,306
942,0.023106454858345588,0.06746167975658686,0.41509882581770857,0.08496732026143791,26,306
943,0.025694978331631105,0.07323173562234463,0.43989466683828893,0.08496732026143791,26,306
944,0.025962999754284594,0.07408017534541125,0.4474085038829536,0.08496732026143791,26,306
945,0.025743896818612205,0.06969873275640387,0.4390490696643355,0.08823529411764706,27,306
946,0.024401143036517678,0.06963204270838269,0.4272804307718711,0.0718954248366013,22,306
947,0.026133463048051437,0.0743664806527333,0.4469276040102401,0.08823529411764706,27,306
948,0.02553171278168632,0.07102955514350297,0.43378062384691296,0.0784313725490196,24,306
949,0.023782856119941707,0.0707008329488227,0.42679595543542,0.07516339869281045,23,306
950,0.024061747544409824,0.06739163766395342,0.42020280030319934,0.058823529411764705,18,306
951,0.024773837666960875,0.06719448521861231,0.4254480056063271,0.07516339869281045,23,306
952,0.025179471479740423,0.06933046303409775,0.42585382074055006,0.06862745098039216,21,306
953,0.02338163999726811,0.0656299151278554,0.4148842979934497,0.0915032679738562,28,306
954,0.02421182488150414,0.06662317617607072,0.41901932180603824,0.08496732026143791,26,306
955,0.024335087795043606,0.06994029509490156,0.4301604668125456,0.0784313725490196,24,306
956,0.025339409245104694,0.07143302300473614,0.43548612004977044,0.08169934640522876,25,306
957,0.023893756687531825,0.06871483847430729,0.42322406716151084,0.08823529411764706,27,306
958,0.02421802874903133,0.06819953626123566,0.41937150498419645,0.0784313725490196,24,306
959,0.022745893694017826,0.06230512441046986,0.4033891820769154,0.0718954248366013,22,306
960,0.023455160692481727,0.0640846334503287,0.40496417385334876,0.0915032679738562,28,306
961,0.025193750182957934,0.06938686904571721,0.43098282347220435,0.08169934640522876,25,306
962,0.025440919670615673,0.06889995391913742,0.4259038772328771,0.08169934640522876,25,306
963,0.025266603091572644,0.06886249358041209,0.4313636103602637,0.08169934640522876,25,306
964,0.025411912852051702,0.07425123465589419,0.44181290313353644,0.08496732026143791,26,306
965,0.025127987537634136,0.07314787802983443,0.4385038114443443,0.08496732026143791,26,306
966,0.024302225385271273,0.06778263277733021,0.4221353384533974,0.0784313725490196,24,306
967,0.025159983153310892,0.07055764032768454,0.42779529755009227,0.09803921568627451,30,306
968,0.024137441933400162,0.06565078252687816,0.41969865991619115,0.0718954248366013,22,306
969,0.026253850165054694,0.07084886890667633,0.4353663420145593,0.06862745098039216,21,306
970,0.024399067090045863,0.07110929162503492,0.4353985211881981,0.06862745098039216,21,306
971,0.023941420922982425,0.06866684699215357,0.42592890547904066,0.0718954248366013,22,306
972,0.025952925702853413,0.0717318674394965,0.4361314912544157,0.09477124183006536,29,306
973,0.024589075867588094,0.07076068949974397,0.4264455599891306,0.05555555555555555,17,306
974,0.026092588213756294,0.0750801991718594,0.45028496445989047,0.09477124183006536,29,306
975,0.023320412151756426,0.0644609073335168,0.4120132006121194,0.0784313725490196,24,306
976,0.025830860080301454,0.07361837305614413,0.4469758727706984,0.09477124183006536,29,306
977,0.02440785237908533,0.0719536594895792,0.43074326740178204,0.0915032679738562,28,306
978,0.024190665180259183,0.06812391994280946,0.4225858468843409,0.06209150326797386,19,306
979,0.025341682767510844,0.07163639544739842,0.43763139829235853,0.08823529411764706,27,306
980,0.024862557347808047,0.07428529012377884,0.44193268116874757,0.0784313725490196,24,306
981,0.02540652210673741,0.0746054913021606,0.45019736559831813,0.08496732026143791,26,306
982,0.024710143917421965,0.06686531216526498,0.4275843451895711,0.0915032679738562,28,306
983,0.02457155525960061,0.06920733011141748,0.42447726720155604,0.06862745098039216,21,306
984,0.02372443958541959,0.06607725195181628,0.41710823643826606,0.06862745098039216,21,306
985,0.02492840611430008,0.07320884756677142,0.43496946553968047,0.08496732026143791,26,306
986,0.02500093588720804,0.07066503205320228,0.43233613649690367,0.08496732026143791,26,306
987,0.025456545897192914,0.07079854210180685,0.43376632199196236,0.07516339869281045,23,306
988,0.02455060931490543,0.06768784883655198,0.42393737217717137,0.08169934640522876,25,306
989,0.025356298219805156,0.06949721640849696,0.437617096437408,0.06535947712418301,20,306
990,0.02532982369363378,0.07224997604739197,0.4359026615752063,0.07516339869281045,23,306
991,0.023076819833481726,0.06460748976732648,0.4075599605268803,0.07516339869281045,23,306
992,0.02514307437098239,0.07361513828978034,0.43668390040188215,0.06862745098039216,21,306
993,0.02564999018774454,0.06815539464513207,0.4311222665579726,0.0784313725490196,24,306
994,0.024930592103921612,0.06730862975594662,0.42806882052602224,0.049019607843137254,15,306
995,0.024048972493159543,0.07320384314330804,0.42762188755881636,0.07516339869281045,23,306
996,0.025569363944545495,0.07147273211739674,0.43870582514552137,0.08169934640522876,25,306
997,0.02470090720911046,0.06408149621980162,0.4160731396862173,0.06535947712418301,20,306
998,0.025497966348046783,0.07333258076512396,0.43771899715393087,0.09477124183006536,29,306
999,0.025054277357487557,0.07047817043224136,0.43454577308676934,0.0784313725490196,24,306
1000,0.02403078701145463,0.07139714304208511,0.4283048011327069,0.06535947712418301,20,306
1001,0.02346348505948518,0.06714747662074501,0.4115251498119306,0.06862745098039216,21,306
1002,0.025723659622716406,0.07212275351888195,0.4409619427639765,0.07516339869281045,23,306
1003,0.025025354426883837,0.06987770645490368,0.43400766579425354,0.06862745098039216,21,306
1004,0.02504302619284972,0.07335437015998958,0.43512499821226813,0.0915032679738562,28,306
1005,0.025278303319508286,0.07007155429181765,0.43803006249910614,0.08496732026143791,26,306
1006,0.024394224000701074,0.07416649644840832,0.43261859813217773,0.0784313725490196,24,306
1007,0.023932506920553848,0.06740017085267422,0.4204477195692281,0.058823529411764705,18,306
1008,0.025232260801317106,0.07141256428129832,0.43808548218703963,0.08823529411764706,27,306
1009,0.025037437109368083,0.07365574586000845,0.4362923871226098,0.0718954248366013,22,306
1010,0.023896346940218662,0.06570304120569455,0.4254211896282948,0.06209150326797386,19,306
1011,0.022906866189195678,0.0641695975496485,0.40703436735744625,0.08169934640522876,25,306
1012,0.023810586599144295,0.06651068948026034,0.41762131548461834,0.0718954248366013,22,306
1013,0.023473758214374904,0.06818209691122683,0.41467692109666626,0.0718954248366013,22,306
1014,0.02416531963930948,0.06940705199651884,0.42788825960727106,0.06209150326797386,19,306
1015,0.023442201005206633,0.06943714193804519,0.413221707355444,0.06862745098039216,21,306
1016,0.02302822687169931,0.070219924784108,0.4153151413738362,0.07516339869281045,23,306
1017,0.023451931507511847,0.06722535240948113,0.41651828492155435,0.06862745098039216,21,306
1018,0.02558073736073758,0.0658884323246236,0.42741987385763935,0.0718954248366013,22,306
1019,0.024823134015194117,0.0691735617088519,0.42946146365183563,0.08169934640522876,25,306
1020,0.025088776936156545,0.07299215821397341,0.43607964703021984,0.0784313725490196,24,306
1021,0.02454968482892848,0.06931984057461942,0.42676556399364995,0.0784313725490196,24,306
1022,0.02625679919539866,0.07292223032583206,0.4468721843223066,0.08169934640522876,25,306
1023,0.023606488481883434,0.07128218697095737,0.4241733527838561,0.06862745098039216,21,306
1024,0.023669049028381614,0.06487340398816023,0.4128730996410234,0.07516339869281045,23,306
1025,0.02404514252337758,0.06917310711887044,0.4242770412322478,0.08496732026143791,26,306
1026,0.023985780813556005,0.06536983965784061,0.40996624762231665,0.0784313725490196,24,306
1027,0.02462077323658067,0.07170641233111638,0.4362923871226098,0.0718954248366013,22,306
1028,0.02418816729995928,0.06921883482346768,0.43454577308676934,0.08169934640522876,25,306
1029,0.025588800614840507,0.07208709390822875,0.44434254372792154,0.06535947712418301,20,306
1030,0.025751912704155527,0.07086373486503753,0.43819989702664436,0.0784313725490196,24,306
1031,0.024784206296465498,0.07099466257967961,0.43176942549448666,0.07516339869281045,23,306
1032,0.024989283403509407,0.07101016594060915,0.4302784571158879,0.0718954248366013,22,306
1033,0.02540673983586467,0.06973695860594517,0.431846297964846,0.0784313725490196,24,306
1034,0.02476786931498344,0.07437538118763912,0.4417270920038329,0.09477124183006536,29,306
1035,0.02352262233945734,0.06504001312643819,0.40892042447905497,0.08169934640522876,25,306
1036,0.02456510363397831,0.06828066626148555,0.42043162998240874,0.06535947712418301,20,306
1037,0.024109202354393167,0.0671716197199215,0.4240607256761202,0.08496732026143791,26,306
1038,0.024654146750653857,0.06966948115991982,0.43309234707741595,0.08496732026143791,26,306
1039,0.02447866425804404,0.06892509918157795,0.42730545901803463,0.06862745098039216,21,306
1040,0.02681734384270894,0.07255775832336965,0.4505012800160181,0.06862745098039216,21,306
1041,0.023223685666394527,0.06508048540892586,0.4075957151642568,0.06209150326797386,19,306
1042,0.023249587150322992,0.06554126921001784,0.4101557472004119,0.0718954248366013,22,306
1043,0.022854487102395783,0.06921877589251141,0.41375802691609104,0.07516339869281045,23,306
1044,0.02493799327900949,0.0742723795091426,0.44174496932252116,0.0718954248366013,22,306
1045,0.02573461803777971,0.0728803941401892,0.44183614364783114,0.0784313725490196,24,306
1046,0.02375279242206575,0.06558135572310202,0.4151560332375109,0.0784313725490196,24,306
1047,0.025610665711666727,0.06792873916489145,0.43088449821941904,0.07516339869281045,23,306
1048,0.02552841519303766,0.07080792606445166,0.4386915232905708,0.08496732026143791,26,306
1049,0.02485846088000025,0.07291218114448578,0.4409261881266,0.08496732026143791,26,306
1050,0.025499094824932313,0.07288063748149196,0.4458799931351096,0.07516339869281045,23,306
1051,0.023298421692929682,0.06927811173692766,0.4230613835614479,0.06862745098039216,21,306
1052,0.024798907665444427,0.07011242894334449,0.4282297163942163,0.07516339869281045,23,306
1053,0.02433841193275449,0.06941878673112412,0.42039587534503225,0.08496732026143791,26,306
1054,0.0243981434412369,0.06668596900413233,0.4194251369402612,0.08169934640522876,25,306
1055,0.02332268998427369,0.0662357302826974,0.409810714949729,0.08169934640522876,25,306
1056,0.024950581812987382,0.06821855249374217,0.42774166559402754,0.08496732026143791,26,306
1057,0.02421937536989809,0.06862172005645456,0.42794725475894224,0.0784313725490196,24,306
1058,0.024550673154874744,0.07247434944433008,0.43422576908224997,0.0718954248366013,22,306
1059,0.024526738519351374,0.06727079260530501,0.41837216286952417,0.0784313725490196,24,306
1060,0.022865620657087384,0.06801908903292937,0.40701291457502037,0.09477124183006536,29,306
1061,0.024479048389435713,0.07297915658493272,0.4318892035296978,0.0718954248366013,22,306
1062,0.023536753310902107,0.06495581379510962,0.4090437779780038,0.10457516339869281,32,306
1063,0.024169956723056343,0.06994276939801601,0.42768088271048754,0.08496732026143791,26,306
1064,0.024879970230856484,0.07121724161502768,0.43241658443100073,0.06862745098039216,21,306
1065,0.022984663134019392,0.06940595904492197,0.4155689992992091,0.07516339869281045,23,306
1066,0.02534938118779678,0.06981714707581081,0.4319160195077302,0.06862745098039216,21,306
1067,0.02486527186790289,0.06725028086105315,0.42779350981822345,0.09477124183006536,29,306
1068,0.023807442488672167,0.06672331767537187,0.41623939875001786,0.08496732026143791,26,306
1069,0.023597729556459276,0.06645896261542628,0.41018971410591953,0.06862745098039216,21,306
1070,0.024312740050666155,0.07124760426785698,0.432990446360893,0.08496732026143791,26,306
1071,0.02383355324887989,0.07104369410659812,0.4242359233992649,0.0784313725490196,24,306
1072,0.024926103847413648,0.06890293474896172,0.4278113871369117,0.0784313725490196,24,306
1073,0.024559067204819644,0.06619837513725925,0.42232305029962386,0.0784313725490196,24,306
1074,0.02395067499543339,0.06421864975683118,0.4104489352268989,0.058823529411764705,18,306
1075,0.02519537190218481,0.06985207041296365,0.4313457330415755,0.0784313725490196,24,306
1076,0.024399181668253538,0.06843000300116793,0.4211949914903963,0.0784313725490196,24,306
1077,0.025312942634874845,0.0721719340364127,0.44117647058823534,0.08169934640522876,25,306
1078,0.024547655456606178,0.0711802262656197,0.4306181261709644,0.08823529411764706,27,306
1079,0.02424518237461552,0.06953366332718378,0.4227538936800103,0.06862745098039216,21,306
1080,0.024916240566461193,0.06815675980444014,0.4237121179616996,0.0784313725490196,24,306
1081,0.02485268998764564,0.06806139518195489,0.4211109680925616,0.0718954248366013,22,306
1082,0.02523824182132162,0.07520916655306105,0.44813611075356474,0.0915032679738562,28,306
1083,0.024865519411643135,0.06916409038356824,0.4235726748759314,0.08823529411764706,27,306
1084,0.02321369946828425,0.07046241310276544,0.422483946167818,0.06535947712418301,20,306
1085,0.024548115807193946,0.06485770875743437,0.4216758913631098,0.06209150326797386,19,306
1086,0.02434057144005257,0.06929148814402895,0.4229648460405315,0.07516339869281045,23,306
1087,0.023875223366931497,0.07015230966625384,0.4270855679981694,0.08823529411764706,27,306
1088,0.022806410179060533,0.06466833944521787,0.39763089772743526,0.0718954248366013,22,306
1089,0.024811671268970346,0.06717708328672199,0.42623818309234707,0.0718954248366013,22,306
1090,0.02455412887349572,0.07363987558430278,0.43618333547861154,0.0718954248366013,22,306
1091,0.02567918561651318,0.06685699169270778,0.4297707412651421,0.0784313725490196,24,306
1092,0.02332859403071144,0.06660229200481713,0.4128087412937458,0.0784313725490196,24,306
1093,0.024464948207758675,0.0748848548571889,0.43528410634859344,0.08823529411764706,27,306
1094,0.025658321454299957,0.07029704707770842,0.43765463880665323,0.08496732026143791,26,306
1095,0.024890936920479285,0.06965202072033591,0.43147802519986844,0.0718954248366013,22,306
1096,0.024900640635728295,0.06741081309116684,0.42588421218232003,0.07516339869281045,23,306
1097,0.024031057061161477,0.0651843011962796,0.4227699832668297,0.0718954248366013,22,306
1098,0.026076133795339518,0.07142421887328106,0.4382499535189714,0.07516339869281045,23,306
1099,0.02464778583806684,0.07152407201371856,0.4362619956808398,0.08169934640522876,25,306
1100,0.025138295892100718,0.06914102323064739,0.42623460762860943,0.08496732026143791,26,306
1101,0.024578249686465048,0.06989279628921685,0.4335786101457359,0.08496732026143791,26,306
1102,0.022111702603922524,0.06872749702483877,0.4101879263740507,0.08169934640522876,25,306
1103,0.025432940631781333,0.07193279961732145,0.4427192831910299,0.06535947712418301,20,306
1104,0.023908451519815063,0.07075489414580033,0.4285693854492928,0.08496732026143791,26,306
1105,0.02311442749818321,0.0687167779992055,0.41741930178344133,0.07516339869281045,23,306
1106,0.025047998126252313,0.07456640276095466,0.4418057522060611,0.07516339869281045,23,306
1107,0.025325451705652386,0.06910963027096813,0.43431873113942876,0.08496732026143791,26,306
1108,0.023690552421589555,0.06882506654899805,0.41964681569199525,0.07516339869281045,23,306
1109,0.024506161314979416,0.06579578602691954,0.4224034982337209,0.08169934640522876,25,306
1110,0.02286961026527746,0.06740504137656066,0.4096980878419931,0.0784313725490196,24,306
1111,0.024653586804841136,0.07212322366732192,0.43407023640966236,0.0784313725490196,24,306
1112,0.023984355007951867,0.07143048664555549,0.42740378427081993,0.07516339869281045,23,306
1113,0.022626870759433135,0.06654689058804585,0.4123349923485076,0.0718954248366013,22,306
1114,0.02388994975438012,0.07178041225807343,0.42531035025242775,0.08496732026143791,26,306
1115,0.026197185933039054,0.0726519388346796,0.44648603423864075,0.08496732026143791,26,306
1116,0.024321198809234258,0.06751842001458795,0.42228372019850974,0.08169934640522876,25,306
1117,0.02370765360580194,0.06202034110176457,0.40980713948599135,0.0915032679738562,28,306
1118,0.023234182606910233,0.06198059798399296,0.40272235808984425,0.06535947712418301,20,306
1119,0.024060788704486677,0.06681218899256863,0.4237854149683214,0.06209150326797386,19,306
1120,0.02501386397969838,0.06665101003285104,0.4166219733699461,0.08823529411764706,27,306
1121,0.023214835750332063,0.06810263505196593,0.40941205074298137,0.058823529411764705,18,306
1122,0.023832615629146615,0.06646508487431163,0.4123904120364411,0.0915032679738562,28,306
1123,0.025081117820673342,0.07132998037486045,0.4372631255273809,0.08169934640522876,25,306
1124,0.025226000783811185,0.07054270133407159,0.4382267130046767,0.06862745098039216,21,306
1125,0.02411739611852589,0.07106223099601444,0.42913252098797217,0.08169934640522876,25,306
1126,0.024085530266560674,0.0709182972453259,0.423050657170235,0.08496732026143791,26,306
1127,0.024198036203388677,0.06670450959122912,0.41844009668053944,0.08169934640522876,25,306
1128,0.025639108786824173,0.07446090472739159,0.44866527938673645,0.0915032679738562,28,306
1129,0.024584189116259265,0.06902272436630712,0.4210537606727593,0.08496732026143791,26,306
1130,0.024303037536706696,0.06593892183616683,0.414659043777978,0.05555555555555555,17,306
1131,0.02470882388705091,0.07005306616423158,0.4303374522675591,0.08169934640522876,25,306
1132,0.02337595627260584,0.07486147330550928,0.429751076214585,0.0718954248366013,22,306
1133,0.024702775957605966,0.06766634072427374,0.41862244533115944,0.09477124183006536,29,306
1134,0.024662829841714008,0.07254732086538193,0.4344742638120164,0.08496732026143791,26,306
1135,0.025033588718538655,0.07161439281334656,0.43674110782168446,0.0784313725490196,24,306
1136,0.024513404318718637,0.07140796985194087,0.42946325138370445,0.0718954248366013,22,306
1137,0.025409220774840726,0.07261542895653554,0.43811408589694084,0.0784313725490196,24,306
1138,0.024257206383197602,0.06748656828665435,0.4216669527037657,0.07516339869281045,23,306
1139,0.02638385483220031,0.07262675767062858,0.4463376524935284,0.07516339869281045,23,306
1140,0.023439167198984232,0.06781167700645355,0.4093423292000973,0.08496732026143791,26,306
1141,0.02411110182226709,0.07228315976380675,0.4337627465282247,0.0784313725490196,24,306
1142,0.024706432905196737,0.07175677948131029,0.43323536562692183,0.08823529411764706,27,306
1143,0.025001259856619436,0.07011725670668839,0.42658857853863646,0.07516339869281045,23,306
1144,0.0239894310647252,0.06588775353447164,0.4148699961384992,0.08823529411764706,27,306
1145,0.023395288228437554,0.06652599519938657,0.4161750404027402,0.06535947712418301,20,306
1146,0.02389081787213702,0.07014505074742468,0.42108057665079157,0.08169934640522876,25,306
1147,0.026062260540607396,0.07175454269877905,0.44752291872255834,0.09477124183006536,29,306
1148,0.024325548199005616,0.07143295677404958,0.4385788961828349,0.0784313725490196,24,306
1149,0.023969247467985316,0.0701190271926343,0.4279365283677293,0.06862745098039216,21,306
1150,0.025288935118422666,0.06858391761149268,0.4299781181619256,0.07516339869281045,23,306
1151,0.02499407917975697,0.06893546926730841,0.43143333190314787,0.06209150326797386,19,306
1152,0.024004870637047405,0.06607295963197637,0.415620843523405,0.08823529411764706,27,306
1153,0.024169489925178044,0.07035009625774115,0.43026057979719967,0.0718954248366013,22,306
1154,0.025457376520956053,0.06982213516291438,0.4315280816921955,0.09803921568627451,30,306
1155,0.024396262386459238,0.06811018013684908,0.41980592382832055,0.0718954248366013,22,306
1156,0.02348538237054844,0.0671997789354647,0.4173048869438366,0.07516339869281045,23,306
1157,0.024327430692173316,0.0740722509865938,0.4392957766622331,0.0718954248366013,22,306
1158,0.025664292508779735,0.07296405408180373,0.4444569585675262,0.08169934640522876,25,306
1159,0.024682956058144894,0.06996331192905629,0.43609752434890803,0.0915032679738562,28,306
1160,0.0245189489055514,0.06570080526195467,0.4198345275382217,0.09477124183006536,29,306
1161,0.023747390426741812,0.06656787201189719,0.41156626764491355,0.0718954248366013,22,306
1162,0.026438739850538486,0.06993598665341486,0.4356952846784228,0.08496732026143791,26,306
1163,0.023904265272050286,0.06819106489168048,0.4158192817608444,0.07516339869281045,23,306
1164,0.023449105300463638,0.07028840034242888,0.41762131548461834,0.06209150326797386,19,306
1165,0.025086688405608213,0.07101920622066651,0.43587584559717396,0.0718954248366013,22,306
1166,0.025093861637343614,0.06909175941826923,0.4292594499506586,0.0784313725490196,24,306
1167,0.023608788161348458,0.0691493766201127,0.42386049970681194,0.07516339869281045,23,306
1168,0.025823497394864545,0.07504423614067426,0.4476212439753436,0.07516339869281045,23,306
1169,0.024731410250107323,0.0727431101529662,0.4382553167145779,0.0784313725490196,24,306
1170,0.024070400696198934,0.07268087556571541,0.43319067233020125,0.08496732026143791,26,306
1171,0.023428893091803606,0.07059045441005342,0.416936614178859,0.0784313725490196,24,306
1172,0.024534002121635954,0.07192223316452402,0.43366620900730823,0.0784313725490196,24,306
1173,0.026697327874711508,0.07339098205347858,0.44365784242216216,0.08823529411764706,27,306
1174,0.023532041175713767,0.06925147027556434,0.420388724417557,0.07516339869281045,23,306
1175,0.026386729438729987,0.07249887467824633,0.44585138942520847,0.08169934640522876,25,306
1176,0.023104510852956554,0.06640265378610782,0.4119434790692353,0.0784313725490196,24,306
1177,0.024967374494642012,0.06797379794774974,0.4251726948985283,0.0784313725490196,24,306
1178,0.02501533520325145,0.06900837895706058,0.42770769868851993,0.0718954248366013,22,306
1179,0.02546331728375661,0.0726793067072241,0.43624948155775806,0.08169934640522876,25,306
1180,0.024015437759433534,0.0655845009693406,0.41302684458174227,0.05555555555555555,17,306
1181,0.024640175242053083,0.06703789972311903,0.4244039701949343,0.0718954248366013,22,306
1182,0.024083058357026788,0.06437908685860516,0.41583179588392616,0.08169934640522876,25,306
1183,0.025087607682636813,0.07608061661771517,0.44837924228772474,0.06209150326797386,19,306
1184,0.02460992973800873,0.06808944452994578,0.42657427668368586,0.06209150326797386,19,306
1185,0.024873504220778404,0.06927066418081354,0.4297600148739291,0.0915032679738562,28,306
1186,0.023992717724820818,0.0708945626068906,0.4255052130261295,0.07516339869281045,23,306
1187,0.02282341934512452,0.06480074612604783,0.40693961756839864,0.0718954248366013,22,306
1188,0.024972200984906344,0.06655630485994872,0.42826189556785516,0.08823529411764706,27,306
1189,0.024198296412875197,0.07209336441661889,0.4300031464080891,0.058823529411764705,18,306
1190,0.023549225168479924,0.06630638635466084,0.41797171093090774,0.06535947712418301,20,306
1191,0.024029710783864892,0.06419850744743005,0.41786444701877834,0.0784313725490196,24,306
1192,0.02516190900366372,0.06916555768988307,0.4300371133135968,0.08496732026143791,26,306
1193,0.025897954349363688,0.07491658789763002,0.4458549648889461,0.05555555555555555,17,306
1194,0.02284624583303037,0.06698190921069443,0.40591524720756283,0.07516339869281045,23,306
1195,0.023360947803748505,0.07023044154743494,0.41467334563292857,0.06535947712418301,20,306
1196,0.02480018350287634,0.06880933404593384,0.4285550835943422,0.08823529411764706,27,306
1197,0.025658210201685835,0.07207679729852563,0.43646400938201685,0.08823529411764706,27,306
1198,0.025288231604258436,0.07085273686125224,0.4366427825688992,0.08823529411764706,27,306
1199,0.025096957556082964,0.07381632868680131,0.4324594899958525,0.06209150326797386,19,306
1200,0.02360327342093935,0.0699505222265907,0.4255659959096695,0.0784313725490196,24,306
1201,0.02425293537219195,0.0701155302898156,0.42911106820554623,0.08823529411764706,27,306
1202,0.024907607668520494,0.07275390271290308,0.43839118433660845,0.08823529411764706,27,306
1203,0.023382640975836054,0.06723073668312571,0.41892635974885944,0.06535947712418301,20,306
1204,0.02505260251924786,0.06752044457441052,0.425145878920496,0.058823529411764705,18,306
1205,0.025465391663852102,0.06987228128361814,0.4307504183292573,0.06535947712418301,20,306
1206,0.023065201605887663,0.06859580068567546,0.41937150498419645,0.08496732026143791,26,306
1207,0.023338539129327217,0.06623756249051398,0.41344517383904694,0.058823529411764705,18,306
1208,0.023584761549187625,0.06468974875983759,0.4114143104360636,0.06535947712418301,20,306
1209,0.022510487174320123,0.06469397889074219,0.40302627250754425,0.07516339869281045,23,306
1210,0.02520754877254252,0.06581880845713947,0.42448620586090013,0.06862745098039216,21,306
1211,0.0240294962197943,0.06790681974449335,0.41746041961642427,0.06209150326797386,19,306
1212,0.02455189112679006,0.07196613624341652,0.42648131462650707,0.08496732026143791,26,306
1213,0.02488976656687022,0.06961578058642913,0.42586275939989415,0.08169934640522876,25,306
1214,0.02437513801896333,0.06808075355950903,0.4252531428326254,0.08823529411764706,27,306
1215,0.025794892052955994,0.07228120445024161,0.4367589851403727,0.10457516339869281,32,306
1216,0.024416273789614713,0.07166930126779553,0.43163355787245605,0.07516339869281045,23,306
1217,0.02283017826344408,0.06195484041931495,0.3986981736531228,0.06535947712418301,20,306
1218,0.024888636925559558,0.06762816057316899,0.4201223523691023,0.0784313725490196,24,306
1219,0.02568656604171429,0.07151529647106689,0.43633350495559275,0.06535947712418301,20,306
1220,0.02452354220230842,0.06957888017438092,0.42421804608057667,0.0784313725490196,24,306
1221,0.023791586267869768,0.07083843155887838,0.4193518399336394,0.07516339869281045,23,306
1222,0.02556052244461918,0.07324192342639485,0.44212396847871166,0.0784313725490196,24,306
1223,0.024054395172313257,0.0668253448173809,0.4233116660230832,0.0718954248366013,22,306
1224,0.023195799552783954,0.06740940772639506,0.4135059567225869,0.0784313725490196,24,306
1225,0.023146340869919384,0.06217774349837069,0.40217173667424666,0.06862745098039216,21,306
1226,0.02543481332844111,0.07276631904168361,0.44168597417085,0.0718954248366013,22,306
1227,0.02580631103414392,0.07595705358139107,0.4479841535447147,0.07516339869281045,23,306
1228,0.024801360827295223,0.07327891835616004,0.43737575263511674,0.058823529411764705,18,306
1229,0.023057287869455222,0.07180194510774714,0.4216151084795698,0.0784313725490196,24,306
1230,0.0245559726649601,0.06575935896636169,0.42077844996496044,0.09477124183006536,29,306
1231,0.025218170838968525,0.07405244218454432,0.4379156476595014,0.08823529411764706,27,306
1232,0.02491713467588183,0.07080043023600183,0.43562198767180105,0.08823529411764706,27,306
1233,0.02525086208892636,0.06610445859196479,0.4275235623060311,0.08169934640522876,25,306
1234,0.02574350297834129,0.07402259065278902,0.43652657999742567,0.06862745098039216,21,306
1235,0.02588202995048404,0.07277162692970457,0.4431304615208593,0.08823529411764706,27,306
1236,0.025407739889601436,0.0756287691355259,0.44639128444959314,0.0784313725490196,24,306
1237,0.02348453493108071,0.07057695633383868,0.423435019522032,0.08169934640522876,25,306
1238,0.022710069207646427,0.06476957843763677,0.4057901059767452,0.07516339869281045,23,306
1239,0.02371877038339706,0.07122432289302198,0.4265975171979806,0.06535947712418301,20,306
1240,0.024185109691379002,0.07072339284547621,0.42932202056606744,0.07516339869281045,23,306
1241,0.023326866602854268,0.06805976539038235,0.41189342257690825,0.0915032679738562,28,306
1242,0.024755167925704574,0.07135757185433697,0.43176406229888015,0.08823529411764706,27,306
1243,0.025055369917796423,0.07153212907058122,0.43705753636246625,0.06535947712418301,20,306
1244,0.023562755772488623,0.06955959070283622,0.4243521259707384,0.05555555555555555,17,306
1245,0.023558167070896807,0.06760801062618277,0.4202331917449693,0.08169934640522876,25,306
1246,0.025660472710994812,0.07094841632216244,0.43605104332031863,0.06862745098039216,21,306
1247,0.024013909511688435,0.07322688660113227,0.4320375852748101,0.058823529411764705,18,306
1248,0.024326257116727545,0.06762388916530217,0.42392485805408964,0.06862745098039216,21,306
1249,0.024410460480881274,0.07173632828370055,0.4270408747014488,0.06862745098039216,21,306
1250,0.026308742465931182,0.07305020765151077,0.45199046066274795,0.08823529411764706,27,306
1251,0.023796986786243562,0.06689920703213963,0.4180897012342501,0.08169934640522876,25,306
1252,0.02406181928322153,0.06370991319480244,0.4061494400823787,0.06862745098039216,21,306
1253,0.025041619769026215,0.06978821347730477,0.4289483846054833,0.06862745098039216,21,306
1254,0.025074449992387667,0.07457173285971198,0.4395031535590166,0.0915032679738562,28,306
1255,0.024373857638210625,0.07123328464003746,0.4281099383590052,0.08496732026143791,26,306
1256,0.02508906173764901,0.07170659200272833,0.430602036584145,0.08823529411764706,27,306
1257,0.025237622545057514,0.07333823152563085,0.4355772943750804,0.08496732026143791,26,306
1258,0.02451056863913371,0.07079303816630364,0.429933424865205,0.0718954248366013,22,306
1259,0.023863856962722405,0.06558312761263253,0.41798780051772716,0.06209150326797386,19,306
1260,0.0255166756146779,0.0693541138940189,0.4351661160452511,0.07516339869281045,23,306
1261,0.02509404674299122,0.07182821624875455,0.43264720184207894,0.07516339869281045,23,306
1262,0.023980973279867167,0.06870461417356838,0.42423949886300255,0.07516339869281045,23,306
1263,0.024813906169908848,0.07151994160087746,0.43764570014730914,0.06862745098039216,21,306
1264,0.024842484472315036,0.07200847605593996,0.4380497275496632,0.0718954248366013,22,306
1265,0.026561600792504917,0.07050670778034188,0.44134809284764237,0.08496732026143791,26,306
1266,0.02437152990585062,0.07563576638325105,0.4411925601750547,0.06862745098039216,21,306
1267,0.024995251443077824,0.07256744543525431,0.4349319231704352,0.08823529411764706,27,306
1268,0.024320378625578877,0.0716832891250234,0.42863374379657043,0.08496732026143791,26,306
1269,0.02522513084494434,0.0715581085789075,0.4328438523476495,0.08169934640522876,25,306
1270,0.025759175856619243,0.0733465444682954,0.4465414539265743,0.058823529411764705,18,306
1271,0.024824941537438954,0.0674967490216834,0.4321591510418901,0.0915032679738562,28,306
1272,0.024284464958249215,0.07110415570341656,0.4284782111239828,0.06862745098039216,21,306
1273,0.024087564232943847,0.06777316731241827,0.42271992677450265,0.08169934640522876,25,306
1274,0.02528081959979872,0.0690624435326725,0.4339272178601565,0.07516339869281045,23,306
1275,0.024878137199405393,0.07106718367328926,0.4359795340455657,0.08496732026143791,26,306
1276,0.02350399763462511,0.0663529364184349,0.4087559531471232,0.0915032679738562,28,306
1277,0.02554190761392623,0.0663321030147108,0.4312849501580355,0.0718954248366013,22,306
1278,0.02410238275390928,0.06692164119802217,0.41369366856881334,0.0915032679738562,28,306
1279,0.023851309315359736,0.06591813023725414,0.4137026072281575,0.0784313725490196,24,306
1280,0.023850114387978696,0.06634363191472943,0.4092583058022626,0.08823529411764706,27,306
1281,0.025202792084411965,0.06686787259393663,0.42081778006607456,0.0718954248366013,22,306
1282,0.02422726178018015,0.0691184318469873,0.42175812702907567,0.06862745098039216,21,306
1283,0.025380062691070703,0.06956436175448473,0.4282422305172981,0.0784313725490196,24,306
1284,0.024769979783725787,0.07108784441356016,0.43628166073139685,0.07516339869281045,23,306
1285,0.024415837227793502,0.07077699903219678,0.43404163269976115,0.0718954248366013,22,306
1286,0.02461815704157227,0.06908877317981521,0.42531928891177184,0.05228758169934641,16,306
1287,0.024625195621247875,0.07128090905362364,0.42684064873214056,0.0915032679738562,28,306
1288,0.0248619062451304,0.06721761193544043,0.4232580340670185,0.10130718954248366,31,306
1289,0.024500246099450312,0.07167219499023153,0.4287713991504698,0.06535947712418301,20,306
1290,0.025501596983779237,0.06963774168655877,0.4322181461935613,0.049019607843137254,15,306
1291,0.024317565297357138,0.07264816433366685,0.43352319045780235,0.06535947712418301,20,306
1292,0.024839859681850665,0.07077102947999013,0.43211624547703836,0.08496732026143791,26,306
1293,0.0246600567977366,0.07045305347360606,0.4312402568613149,0.07516339869281045,23,306
1294,0.02380705726032746,0.06770888659977761,0.41352204630940637,0.07516339869281045,23,306
1295,0.024704912554322892,0.07291923521980381,0.43550220963658987,0.06862745098039216,21,306
1296,0.0251409467277713,0.06920537233883531,0.43653551865676976,0.06535947712418301,20,306
1297,0.024751892743021957,0.06969163291109083,0.42813854206890634,0.08496732026143791,26,306
1298,0.024748614252562706,0.0702753235024241,0.4302051601092662,0.08823529411764706,27,306
1299,0.0231143484370329,0.06889167380698771,0.41456250625706154,0.08496732026143791,26,306
1300,0.024739821007566422,0.06926145017150989,0.43057343287424377,0.07516339869281045,23,306
1301,0.025625386213269215,0.07437100257986766,0.442545873199754,0.058823529411764705,18,306
1302,0.02487007904595557,0.06866463979418885,0.42136840148167215,0.07516339869281045,23,306
1303,0.02443568226174157,0.0701346329459806,0.4286766493614222,0.07516339869281045,23,306
1304,0.024537228828572375,0.06930122795818361,0.4342990660888717,0.06862745098039216,21,306
1305,0.025970201273572746,0.07242930126377431,0.44361851232104804,0.06862745098039216,21,306
1306,0.024561959339692296,0.07427657723700752,0.436553395975458,0.08823529411764706,27,306
1307,0.023911801429201077,0.06969654477666583,0.42233020122709913,0.0718954248366013,22,306
1308,0.024339648162877814,0.06880662025144495,0.42692288439810644,0.0915032679738562,28,306
1309,0.025607980928628767,0.06936311284165038,0.4392957766622331,0.0718954248366013,22,306
1310,0.024830869481913116,0.06766928262398124,0.4225018234865062,0.08169934640522876,25,306
1311,0.0248677624619804,0.06587645107469027,0.42191544743353215,0.0784313725490196,24,306
1312,0.02459085679890451,0.06748548969885955,0.4226519929634874,0.06862745098039216,21,306
1313,0.023757840948554546,0.06892958172433468,0.42188863145549976,0.05555555555555555,17,306
1314,0.02525932639890222,0.07127794499276306,0.4375670399450809,0.06862745098039216,21,306
1315,0.025996837223580333,0.0776847481211729,0.4531167317401067,0.08169934640522876,25,306
1316,0.02411393766128848,0.07117449774531373,0.4243127958696243,0.0784313725490196,24,306
1317,0.02507270801619883,0.06757982500471768,0.42874458317243747,0.0718954248366013,22,306
1318,0.025022013709180637,0.06901123910491073,0.4299423635245491,0.05228758169934641,16,306
1319,0.02617295789466284,0.07250061399898992,0.4397856151942907,0.06535947712418301,20,306
1320,0.02683766019045739,0.07186020658134244,0.4498380314926846,0.0915032679738562,28,306
1321,0.02353575629440625,0.06499519285467914,0.41044178429942363,0.07516339869281045,23,306
1322,0.02492488150107431,0.0696260111883951,0.42697830408603993,0.0915032679738562,28,306
1323,0.02469118177463219,0.06780641952084414,0.4212253829321663,0.06862745098039216,21,306
1324,0.023742598280355166,0.0705584907328274,0.42025821999113283,0.0784313725490196,24,306
1325,0.02497148901292993,0.07612439275874607,0.4416949128301941,0.0784313725490196,24,306
1326,0.02489069828205067,0.07182180665543918,0.43520187068262756,0.08169934640522876,25,306
1327,0.025804106537420664,0.07598283939194399,0.44709028761030306,0.08496732026143791,26,306
1328,0.024329222815964172,0.07012991109254298,0.4244450880279172,0.06862745098039216,21,306
1329,0.024602431965225866,0.06976511905059522,0.43539494572446047,0.0718954248366013,22,306
1330,0.024782726121243236,0.07191327686570666,0.43247736731454073,0.07516339869281045,23,306
1331,0.023659328795393838,0.0714239461658936,0.42586275939989415,0.08496732026143791,26,306
1332,0.026438523580252147,0.07601054697961768,0.45244812002116674,0.07516339869281045,23,306
1333,0.0241039998068322,0.0735697197663603,0.43491225811987816,0.09477124183006536,29,306
1334,0.024362803799279024,0.06857631256081824,0.4210877275782669,0.08169934640522876,25,306
1335,0.02493363603353855,0.07151986640704038,0.43818738290356257,0.08169934640522876,25,306
1336,0.02270998864141708,0.06661944144052444,0.41669705810843666,0.058823529411764705,18,306
1337,0.02207199051159025,0.06063579572000271,0.3858783484217903,0.0718954248366013,22,306
1338,0.02292474632182605,0.07010082293821361,0.41167353155704295,0.06535947712418301,20,306
1339,0.024751425232062547,0.06957854853205973,0.42894302140987683,0.07516339869281045,23,306
1340,0.024435839196493694,0.07032942495947808,0.4298207977574692,0.09477124183006536,29,306
1341,0.025607357449246557,0.07170700410796112,0.4380103974485491,0.10130718954248366,31,306
1342,0.024964698539706363,0.06861896867182178,0.4239856409376296,0.08169934640522876,25,306
1343,0.024028322552571566,0.06963323231171425,0.4215596887916363,0.0784313725490196,24,306
1344,0.02450987583028602,0.07002036325100293,0.4214363352926875,0.0784313725490196,24,306
1345,0.024599739972423183,0.07025088854458585,0.43176227456701133,0.0718954248366013,22,306
1346,0.023611616471779298,0.0663054325940728,0.4179413194891377,0.06209150326797386,19,306
1347,0.02652537504974516,0.0774741403979925,0.45823500808054807,0.08496732026143791,26,306
1348,0.02442442151887487,0.06960730272813931,0.42444508802791725,0.0784313725490196,24,306
1349,0.02336080852425988,0.06572868118676202,0.4119899600978247,0.08496732026143791,26,306
1350,0.02444222330184406,0.0710542164084501,0.43105790821069495,0.06535947712418301,20,306
1351,0.02414762861579734,0.07071600390448789,0.4268281346090588,0.09477124183006536,29,306
1352,0.02505048784800954,0.06819163477291676,0.42673338482001116,0.08496732026143791,26,306
1353,0.02530883464290734,0.07262958509772514,0.436948484718468,0.08823529411764706,27,306
1354,0.02437142361112452,0.07046545252706325,0.43078974843037143,0.11437908496732026,35,306
1355,0.02516600467065341,0.07032201236094393,0.4345815277241458,0.09803921568627451,30,306
1356,0.023205657077059225,0.06468795971274238,0.40844488780194793,0.06209150326797386,19,306
1357,0.024124329001114886,0.06925390820027959,0.4260951645428412,0.058823529411764705,18,306
1358,0.02516874671586513,0.07275735154642243,0.4402826046538236,0.0784313725490196,24,306
1359,0.02563910950209312,0.07293840978532859,0.4436024227342286,0.07516339869281045,23,306
1360,0.026036178794143532,0.07312776071370944,0.443264541411021,0.07516339869281045,23,306
1361,0.023750646516332897,0.06952916502557095,0.4203636961713934,0.0718954248366013,22,306
1362,0.0231751741233096,0.07337538286493166,0.42146493900258863,0.06535947712418301,20,306
1363,0.02634044420738419,0.07216178646344643,0.44681140143876663,0.08496732026143791,26,306
1364,0.025039836848437306,0.07054707830705786,0.43186775074727196,0.0915032679738562,28,306
1365,0.024875915326472726,0.07118810468375641,0.4322056320704795,0.08496732026143791,26,306
1366,0.02527939152579894,0.0719975235263656,0.43528589408046225,0.058823529411764705,18,306
1367,0.025376747342824354,0.06929649960249916,0.4368447962700762,0.07516339869281045,23,306
1368,0.023283274619896648,0.06704589100282632,0.41041854378512893,0.07516339869281045,23,306
1369,0.024179115830231735,0.06993455916000903,0.4226466297678809,0.0718954248366013,22,306
1370,0.02478845126012427,0.07035003570090147,0.4357507043663563,0.08169934640522876,25,306
1371,0.02471485655557322,0.07110341350583098,0.43058594699732555,0.09477124183006536,29,306
1372,0.025767968798785214,0.07253966611166426,0.44209178930507287,0.08823529411764706,27,306
1373,0.02372376135314054,0.06542430195127152,0.41006099741136426,0.08169934640522876,25,306
1374,0.025296579052244455,0.06883727818904145,0.4249653180017448,0.08823529411764706,27,306
1375,0.02500547366717773,0.072223647367777,0.441979162197337,0.0718954248366013,22,306
1376,0.025222004557089155,0.0714036520341538,0.4370718382174168,0.08496732026143791,26,306
1377,0.024466028339636823,0.06796602575331087,0.4244146965861472,0.07516339869281045,23,306
1378,0.023399892501906706,0.07019530862021775,0.4241697773201184,0.0718954248366013,22,306
1379,0.02452831315725297,0.06824429307509876,0.41930893436878763,0.08496732026143791,26,306
1380,0.02438072233617843,0.06990998530572877,0.4281439052645128,0.06862745098039216,21,306
1381,0.024697096315454553,0.06797189582666605,0.41808076257490595,0.0718954248366013,22,306
1382,0.023786059929219526,0.06410689480855734,0.4116788947526494,0.0784313725490196,24,306
1383,0.026242996289143818,0.0719990686719202,0.4412211638849559,0.07516339869281045,23,306
1384,0.023505231407289766,0.06413978375408211,0.40506071137426525,0.07516339869281045,23,306
1385,0.02464693152905066,0.06983448992761201,0.4254015245777377,0.07516339869281045,23,306
1386,0.02549850418407606,0.07027916604715624,0.4287928519328957,0.07516339869281045,23,306
1387,0.022959124296880934,0.06548354364538171,0.4106330716093877,0.08496732026143791,26,306
1388,0.023951680378743654,0.06879789103751202,0.41931250983252527,0.08169934640522876,25,306
1389,0.023648835678280338,0.07146443308457114,0.42894838460548335,0.08496732026143791,26,306
1390,0.023495158067073283,0.06837777358730487,0.42144169848829394,0.06535947712418301,20,306
1391,0.024026002740774918,0.06943185580135752,0.4246167102873243,0.08169934640522876,25,306
1392,0.025520426339559737,0.06557321675676253,0.4302444902103803,0.07516339869281045,23,306
1393,0.023953594157191324,0.06811265547632502,0.4208213555298122,0.08169934640522876,25,306
1394,0.026336882203149597,0.07103218750246955,0.4435702435605898,0.06862745098039216,21,306
1395,0.02423650366634464,0.07167862710259731,0.42927732726934686,0.08496732026143791,26,306
1396,0.02558047312837762,0.07027893070878141,0.4362762975357904,0.06862745098039216,21,306
1397,0.024778913337666898,0.0710285472284724,0.4289752005835157,0.07516339869281045,23,306
1398,0.02231108291005911,0.07034183903287455,0.4136436120764863,0.0784313725490196,24,306
1399,0.025839232198460432,0.07123046460101048,0.44010383146694126,0.0718954248366013,22,306
1400,0.024656434426187868,0.07017107046119929,0.43224674990346246,0.0915032679738562,28,306
1401,0.025606253342313482,0.06949054232427938,0.43162461921311196,0.05555555555555555,17,306
1402,0.023873825729619356,0.07114784539779415,0.4237264198166502,0.0718954248366013,22,306
1403,0.024855901329385654,0.06841818446571633,0.425773372806453,0.09477124183006536,29,306
1404,0.025135463075820454,0.07045603923533375,0.43535382789147753,0.0784313725490196,24,306
1405,0.025273206757598636,0.06951857228482933,0.4347567254472905,0.0784313725490196,24,306
1406,0.023469627078431178,0.0716083601368827,0.4230238411922026,0.0784313725490196,24,306
1407,0.024026610871685866,0.06870356327129128,0.42197265485333446,0.06862745098039216,21,306
1408,0.024031393107228002,0.06963012190645053,0.422534002660145,0.10130718954248366,31,306
1409,0.024711734049324197,0.07199299833030517,0.42977610446074854,0.08496732026143791,26,306
1410,0.02401184874038284,0.0677240911240307,0.42171700919609273,0.0784313725490196,24,306
1411,0.024820100845078002,0.06766360448173458,0.4256535947712418,0.09803921568627451,30,306
1412,0.025947976060469193,0.07571962961742683,0.4475390083093777,0.08496732026143791,26,306
1413,0.025176406705415624,0.07082247691464642,0.4360152886829422,0.08496732026143791,26,306
1414,0.024455748405876384,0.06936973790102649,0.42886614893951747,0.0784313725490196,24,306
1415,0.02478289258044873,0.0731596620106601,0.4366624476194562,0.07516339869281045,23,306
1416,0.02664491429002039,0.07500720835160898,0.44912293874515524,0.0784313725490196,24,306
1417,0.02523465208941485,0.07060343831132629,0.43653909412050745,0.08169934640522876,25,306
1418,0.025946875930503974,0.07390308317777156,0.4463358647616596,0.08823529411764706,27,306
1419,0.024353847004883366,0.07193298531310549,0.4377922941605526,0.08823529411764706,27,306
1420,0.025038110508826202,0.07214619840560609,0.435328799645314,0.0784313725490196,24,306
1421,0.02281982055399888,0.06663609582154091,0.4148360292329915,0.06862745098039216,21,306
1422,0.024082184640721614,0.06274491704801603,0.4076118047510762,0.06535947712418301,20,306
1423,0.02364318606600931,0.07129494939109804,0.420651521002274,0.0718954248366013,22,306
1424,0.02365756951682969,0.06973228873597957,0.4210877275782669,0.08169934640522876,25,306
1425,0.02519819011825694,0.07307056353977621,0.43974986055691423,0.0784313725490196,24,306
1426,0.026629518250552243,0.07554930960819876,0.4554461463651836,0.07516339869281045,23,306
1427,0.024289048349527654,0.06940960246936953,0.4251530298479713,0.06535947712418301,20,306
1428,0.02653328360893349,0.07886112934257401,0.4581152300453369,0.07516339869281045,23,306
1429,0.024275637966405576,0.06849693835285482,0.42015453154274107,0.06535947712418301,20,306
1430,0.024535242806056425,0.07090917871238318,0.4278060239413052,0.06535947712418301,20,306
1431,0.023323700806161373,0.06652732681139703,0.41144291414596473,0.06862745098039216,21,306
1432,0.02381530396216565,0.07086165140072193,0.42452911142575195,0.06862745098039216,21,306
1433,0.024577317655291506,0.06890616599575258,0.4192570901445918,0.0718954248366013,22,306
1434,0.024799603474550715,0.07070619791436872,0.4351446632628252,0.07516339869281045,23,306
1435,0.02390910392912394,0.06784802769312874,0.4219583529983839,0.0718954248366013,22,306
1436,0.02462532675909098,0.06655491847630174,0.4273179731411164,0.06862745098039216,21,306
1437,0.024576521545513725,0.07273372307211311,0.43154059581527726,0.08496732026143791,26,306
1438,0.024398147603484747,0.06878805255614429,0.42706947841134996,0.08496732026143791,26,306
1439,0.02387402613614695,0.07166490423652663,0.42781496260064933,0.0718954248366013,22,306
1440,0.023864980895998394,0.06828354263932283,0.41867250182348653,0.06535947712418301,20,306
1441,0.024320675276646133,0.06387814558168886,0.4152168161210509,0.08823529411764706,27,306
1442,0.02404111368779526,0.07005230485297267,0.42197086712146564,0.08823529411764706,27,306
1443,0.023697716920134584,0.06760755598910934,0.41132849930636006,0.06535947712418301,20,306
1444,0.024637116919409664,0.0733553218783729,0.4372166444987915,0.0718954248366013,22,306
1445,0.025865947281039744,0.07634265532500857,0.45105547689535336,0.058823529411764705,18,306
1446,0.023022738364975925,0.06496478582032361,0.41145721600091534,0.08169934640522876,25,306
1447,0.026479680502332657,0.07651665763616118,0.46464939002588634,0.08496732026143791,26,306
1448,0.025254666155107745,0.07042624375204845,0.4393118662490525,0.08169934640522876,25,306
1449,0.025894381548408278,0.06826778342393022,0.43599204816864745,0.0718954248366013,22,306
1450,0.023167709481851033,0.06674076504872802,0.41639671915447435,0.07516339869281045,23,306
1451,0.024529355778855108,0.07001960659122759,0.4300102973355644,0.07516339869281045,23,306
1452,0.025509119468826728,0.07533819354768434,0.4434915833583616,0.0915032679738562,28,306
1453,0.025993706000151672,0.07669616004807865,0.45184744211324207,0.09477124183006536,29,306
1454,0.02451877447185884,0.07425412231489777,0.4352447762474793,0.08823529411764706,27,306
1455,0.024052276877886646,0.07103101397689533,0.42425022525421546,0.058823529411764705,18,306
1456,0.024758408277869445,0.06916489746034067,0.4256285665250783,0.08169934640522876,25,306
1457,0.02490673507704491,0.06684113806675425,0.416400294618212,0.07516339869281045,23,306
1458,0.025467518252627778,0.07085954047453123,0.4313940018020337,0.08823529411764706,27,306
1459,0.024124602334091944,0.0702985311960735,0.43124919552065905,0.058823529411764705,18,306
1460,0.023342260830527633,0.06814719180373383,0.416278728851132,0.058823529411764705,18,306
1461,0.024760247243449766,0.06843080987224442,0.4224803707040803,0.08496732026143791,26,306
1462,0.024980117707370724,0.07356017143577472,0.43872727792794725,0.09803921568627451,30,306
1463,0.02532814398445265,0.06864165714092298,0.4272285865476752,0.0784313725490196,24,306
1464,0.024295854917542232,0.07000870341349316,0.4220405886643498,0.08823529411764706,27,306
1465,0.02275162158962239,0.0685678249314781,0.4140243989645457,0.06862745098039216,21,306
1466,0.023156204687277682,0.06472937291954617,0.4093208764176714,0.08496732026143791,26,306
1467,0.022282911629084638,0.06771148079032346,0.40684844324308866,0.06535947712418301,20,306
1468,0.025988556070528586,0.07148368842759294,0.44065445288253885,0.0784313725490196,24,306
1469,0.02571916457264361,0.07802728074827382,0.45721957637905636,0.0915032679738562,28,306
1470,0.024271121932255516,0.06431391122604128,0.4157602866091732,0.09477124183006536,29,306
1471,0.0239016449091417,0.06789269674831819,0.4192320618984282,0.07516339869281045,23,306
1472,0.024222424343987036,0.06688055085020192,0.41953955177986585,0.0784313725490196,24,306
1473,0.024135348622446918,0.07354961981179603,0.4282297163942163,0.08823529411764706,27,306
1474,0.02573695966774764,0.06921300635442133,0.44129446089157764,0.08823529411764706,27,306
1475,0.024653972250665068,0.07247920279491461,0.43282776276083007,0.0784313725490196,24,306
1476,0.024492189485632258,0.06870602673921132,0.426785229044207,0.0784313725490196,24,306
1477,0.024789125260647946,0.06863280562104748,0.42645807411221237,0.06862745098039216,21,306
1478,0.02384450912171095,0.0657972878835392,0.4166201856380773,0.08823529411764706,27,306
1479,0.02463489829761869,0.07343984116920318,0.43398442527995884,0.0718954248366013,22,306
1480,0.024531761311149133,0.07172220525653654,0.4330583801719083,0.09477124183006536,29,306
1481,0.026622794122279428,0.07359428519134767,0.45483474206604596,0.08823529411764706,27,306
1482,0.023231977530996623,0.06726736245206714,0.41535089601121267,0.08823529411764706,27,306
1483,0.02458807017148291,0.06728546731933417,0.424305644942149,0.08496732026143791,26,306
1484,0.02482938009286121,0.06824583432881277,0.4241751405157249,0.08823529411764706,27,306
1485,0.025067074386569087,0.06919733735964202,0.43020337237739736,0.08169934640522876,25,306
1486,0.023274565456344976,0.06523135395122687,0.41627336565552553,0.08823529411764706,27,306
1487,0.02558466286693906,0.07470147770639558,0.44310007007908925,0.06209150326797386,19,306
1488,0.022833347447741754,0.06834952368429656,0.4157370460948785,0.09803921568627451,30,306
1489,0.023514968956507384,0.06750157429577941,0.4124029261595229,0.08496732026143791,26,306
1490,0.02249347821870847,0.06547762978628721,0.40496417385334876,0.06535947712418301,20,306
1491,0.02386580927733306,0.06591081942737638,0.4163931436907367,0.08823529411764706,27,306
1492,0.025651557312435444,0.07342197829872366,0.4402128831109395,0.06862745098039216,21,306
1493,0.025839749686692035,0.07076242977742384,0.43727385191859386,0.0915032679738562,28,306
1494,0.024584129083385017,0.0687987371782724,0.429488279629868,0.08823529411764706,27,306
1495,0.023699519128314923,0.06797734238482787,0.42044771956922816,0.06862745098039216,21,306
1496,0.025071786359106243,0.07352126671850957,0.44178608715550405,0.0784313725490196,24,306
1497,0.025519807881522458,0.06705184987486114,0.4233778121022297,0.08823529411764706,27,306
1498,0.024327453198924386,0.0676902106248676,0.4192606656083294,0.08823529411764706,27,306
1499,0.02515953482821339,0.06965804924815044,0.43435448577680524,0.07516339869281045,23,306
1500,0.025001556340712782,0.06347350057468533,0.4190407745884641,0.06535947712418301,20,306
1501,0.025891308336044288,0.07043971081096095,0.4366999899887015,0.07516339869281045,23,306
1502,0.02497894020757411,0.07086966902630676,0.4392439324380372,0.0718954248366013,22,306
1503,0.02320795547072526,0.0671029992079431,0.41456429398893035,0.06535947712418301,20,306
1504,0.02489680694806128,0.06885428088932354,0.42691573347063116,0.05555555555555555,17,306
1505,0.02294590040183146,0.06707702164458108,0.41204001659015177,0.0784313725490196,24,306
1506,0.02345477507188529,0.06453328472779471,0.41246907223866935,0.08169934640522876,25,306
1507,0.02490017201969937,0.06621168015492707,0.42772021281160166,0.08169934640522876,25,306
1508,0.02457732380168669,0.06941161800008513,0.4307861729666338,0.08823529411764706,27,306
1509,0.02503662984473646,0.06938888112526402,0.4253979491140001,0.0718954248366013,22,306
1510,0.023721969675487918,0.06829993028118689,0.41931250983252527,0.09477124183006536,29,306
1511,0.024666453662050464,0.07034328278820873,0.42629539051214943,0.0784313725490196,24,306
1512,0.023416124720227537,0.06885242251762382,0.41269611418600993,0.0784313725490196,24,306
1513,0.025720427032250415,0.07016520474520886,0.43311558759171065,0.08496732026143791,26,306
1514,0.0251587094902019,0.07414187237162966,0.4399000300338954,0.0784313725490196,24,306
1515,0.024435535149653097,0.06871427876226673,0.42951330787603154,0.0718954248366013,22,306
1516,0.02491149449533191,0.07331960494068396,0.43679116431401155,0.08169934640522876,25,306
1517,0.024931655772525957,0.07176136878517968,0.4337448692095365,0.0718954248366013,22,306
1518,0.02459951501023709,0.0701924018721424,0.42389089114858197,0.06862745098039216,21,306
1519,0.02376681349510174,0.06550261955564192,0.4123653837902776,0.08496732026143791,26,306
1520,0.023468716004316367,0.06599935492319359,0.41465725604610915,0.09477124183006536,29,306
1521,0.023139803385567106,0.06721227125787776,0.40992512978933365,0.08496732026143791,26,306
1522,0.02479304715768578,0.06537411912653421,0.4140780309206104,0.0784313725490196,24,306
1523,0.024069890223694084,0.06791493365489187,0.420510290184637,0.06535947712418301,20,306
1524,0.025302605437816872,0.07533553124582283,0.4446607600005721,0.08169934640522876,25,306
1525,0.023573777590718364,0.0673061713782546,0.41642174740063786,0.0718954248366013,22,306
1526,0.024413018061433412,0.06759747348611524,0.4191748544786259,0.08496732026143791,26,306
1527,0.02540867428075748,0.07101082420025172,0.4325292115387366,0.06862745098039216,21,306
1528,0.02373039149477893,0.06775898316698258,0.418373950601393,0.06535947712418301,20,306
1529,0.02549412707648022,0.0730778461930694,0.43710044192731795,0.0784313725490196,24,306
1530,0.024911103864306294,0.07463164239123081,0.4377458131319632,0.06209150326797386,19,306
1531,0.025101608745456864,0.07317308963058322,0.43939052645128074,0.0784313725490196,24,306
1532,0.02490337663178072,0.06387831736285922,0.41938401910727824,0.08169934640522876,25,306
1533,0.026054920370292108,0.07223063073008891,0.4411478668783341,0.07516339869281045,23,306
1534,0.02369166738307384,0.06988855036501426,0.42012771556470874,0.0718954248366013,22,306
1535,0.02441524617898108,0.06832585618357098,0.42120571788160927,0.0784313725490196,24,306
1536,0.025069540029851064,0.06986444775818768,0.43278664492784713,0.06535947712418301,20,306
1537,0.02663630035384206,0.07047521158053306,0.44679173638820957,0.08496732026143791,26,306
1538,0.02517994156533314,0.07023776630848995,0.43557014344760514,0.07516339869281045,23,306
1539,0.02367547816025849,0.06605784923136872,0.4045851746971582,0.06862745098039216,21,306
1540,0.024122912582608878,0.06900962988668594,0.4190371991247265,0.0784313725490196,24,306
1541,0.023678624853810348,0.06465173588860394,0.41438730853391686,0.0915032679738562,28,306
1542,0.025378871967008318,0.07217428393033791,0.4342078917635617,0.08823529411764706,27,306
1543,0.025193206594403637,0.06885766426960402,0.4295115201441627,0.0784313725490196,24,306
1544,0.023746884549032395,0.07372632194332633,0.42872849358561804,0.09477124183006536,29,306
1545,0.02441171533939267,0.06777751237163536,0.42249824802276853,0.0915032679738562,28,306
1546,0.024445787860698474,0.06829546988006306,0.42154181147294806,0.06862745098039216,21,306
1547,0.023389463000835505,0.06788749298674462,0.41297500035754636,0.08823529411764706,27,306
1548,0.02456209023311072,0.0722565940415128,0.4331459790334806,0.0915032679738562,28,306
1549,0.02456203944569317,0.07060535511348018,0.43451180618126173,0.08169934640522876,25,306
1550,0.023773917459757106,0.06917687092371311,0.41286416098167933,0.06209150326797386,19,306
1551,0.025146531927410332,0.069380280706002,0.4297582271420603,0.08169934640522876,25,306
1552,0.024722055911145683,0.07121124419361059,0.42593069321090943,0.0718954248366013,22,306
1553,0.024605600005705174,0.0715913595893172,0.4321323350638578,0.08823529411764706,27,306
1554,0.02470664699046527,0.06550977387572975,0.4186081434762089,0.0784313725490196,24,306
1555,0.025122468268123317,0.07143319184337334,0.42738411922026287,0.08496732026143791,26,306
1556,0.02332878334504689,0.06796690518311231,0.4167506900645014,0.06862745098039216,21,306
1557,0.02362106629850174,0.06693996275596313,0.4149701091231533,0.058823529411764705,18,306
1558,0.0253664454305998,0.069473730658043,0.4294739777749174,0.08496732026143791,26,306
1559,0.024691963454920213,0.07025079812355625,0.43205903805723606,0.06535947712418301,20,306
1560,0.025313479359604454,0.07094207927330116,0.4351232104803993,0.0784313725490196,24,306
1561,0.023590090670403806,0.06838554026554917,0.4206676105890934,0.0784313725490196,24,306
1562,0.024943366028883966,0.07217740805544035,0.439731983238226,0.08169934640522876,25,306
1563,0.025722559541165493,0.07170377011668952,0.4420488837402211,0.08169934640522876,25,306
1564,0.023823787113934222,0.07100386370992148,0.4267119320375853,0.0784313725490196,24,306
1565,0.02536085132445701,0.07071447190941872,0.4429999570944351,0.07516339869281045,23,306
1566,0.02354748455382549,0.0664236881959458,0.4171028732426596,0.08823529411764706,27,306
1567,0.025678067570535177,0.07104135032883091,0.44011813332189187,0.0784313725490196,24,306
1568,0.024002598264423115,0.06644905135933393,0.41888166645213887,0.06209150326797386,19,306
1569,0.02511645876008306,0.07594630663286998,0.44241715650519875,0.07516339869281045,23,306
1570,0.02488470016086092,0.06426695528252117,0.41968435806124055,0.0784313725490196,24,306
1571,0.02548623796306181,0.06872876386815568,0.43743653551865674,0.06535947712418301,20,306
1572,0.024456304951803533,0.066934066319569,0.418465124926703,0.07516339869281045,23,306
1573,0.02662933651666783,0.0743607661279251,0.45289326525650375,0.08823529411764706,27,306
1574,0.024148649646204137,0.06403722171117034,0.4132234950873128,0.06862745098039216,21,306
1575,0.024714652439799336,0.06537316168979677,0.4184114929706383,0.0784313725490196,24,306
1576,0.02453349047025766,0.06451493725723614,0.412077558959397,0.0784313725490196,24,306
1577,0.025626677158141146,0.07155708699811875,0.44262453340198227,0.08496732026143791,26,306
1578,0.025008269240132656,0.07302756336167288,0.4392725361479384,0.08823529411764706,27,306
1579,0.02425380340909553,0.06931996079704977,0.4228450680053203,0.08496732026143791,26,306
1580,0.025094055056524414,0.07193235196527292,0.436674961742538,0.06862745098039216,21,306
1581,0.02423826827485168,0.06875754457642977,0.423343845196722,0.0784313725490196,24,306
1582,0.02408274588900353,0.07039194307037491,0.4253228643755095,0.08823529411764706,27,306
1583,0.024719010510647805,0.07035839673998591,0.4257000757998312,0.06535947712418301,20,306
1584,0.024164220617925978,0.06832245477915218,0.41915518942806884,0.05228758169934641,16,306
1585,0.025643300435667475,0.06958751048615786,0.4363728350567068,0.06862745098039216,21,306
1586,0.024676485656702857,0.06911663929936371,0.4249778321248266,0.08496732026143791,26,306
1587,0.025140183492761564,0.07292864201262104,0.4422026286809399,0.0915032679738562,28,306
1588,0.02619505465165694,0.07424175458768302,0.4410566925530241,0.09477124183006536,29,306
1589,0.024863421529618342,0.073995746381861,0.4373167574834456,0.08169934640522876,25,306
1590,0.02376140774240868,0.06852927132161081,0.4152221793166574,0.07516339869281045,23,306
1591,0.02280863367322449,0.0654756520441052,0.40870768438666494,0.0718954248366013,22,306
1592,0.02332502197615908,0.07046727628707676,0.41804858340126716,0.08496732026143791,26,306
1593,0.023630985002463377,0.06536536840719641,0.40898835829007024,0.06862745098039216,21,306
1594,0.023888701248400607,0.06840415610121721,0.4197344145535676,0.08496732026143791,26,306
1595,0.024377218099746183,0.07187784913487011,0.4314672988086555,0.058823529411764705,18,306
1596,0.023779621810086412,0.06909045194720645,0.4224857338996868,0.08496732026143791,26,306
1597,0.024591032964812395,0.06992495260663574,0.42542834055577006,0.06535947712418301,20,306
1598,0.02514803776541356,0.07042586635714629,0.4374472619098697,0.0718954248366013,22,306
1599,0.02507664574244607,0.07005274493696603,0.432059038057236,0.06535947712418301,20,306
1600,0.025323373252999357,0.07064575065962185,0.4351357246034811,0.08496732026143791,26,306
1601,0.02445999724692503,0.06866279042548792,0.42944001086940975,0.07516339869281045,23,306
1602,0.025348497804922113,0.07557501303195831,0.44660760000572075,0.07516339869281045,23,306
1603,0.02284956335135799,0.0718021706265795,0.4200758713405129,0.0784313725490196,24,306
1604,0.023222118578617505,0.06672045102898408,0.41640744554568726,0.08823529411764706,27,306
1605,0.024892466155686726,0.07076292759932518,0.4285032393701463,0.05228758169934641,16,306
1606,0.02269685493062532,0.06398899599843832,0.4011044607485591,0.0718954248366013,22,306
1607,0.025036483455330067,0.07140106850446148,0.43858068391470373,0.08823529411764706,27,306
1608,0.023174166965042653,0.07097489094343272,0.4223766822556886,0.08169934640522876,25,306
1609,0.02434734318578514,0.06998571613408841,0.42767194405114345,0.08496732026143791,26,306
1610,0.02413693360795886,0.07021309266253649,0.42093577036941693,0.058823529411764705,18,306
1611,0.02660598168092797,0.07375557151461914,0.45189034767809383,0.08823529411764706,27,306
1612,0.02497092695901626,0.07066558323608042,0.43207691537592424,0.0784313725490196,24,306
1613,0.024076144807674435,0.0674019879961894,0.42591281589222124,0.08823529411764706,27,306
1614,0.024345389430310012,0.07012455022960691,0.42029576236037813,0.08823529411764706,27,306
1615,0.024976159199264686,0.07166373603262018,0.4367375323579468,0.06862745098039216,21,306
1616,0.02476408636077222,0.07504126848623303,0.43926896068420074,0.08169934640522876,25,306
1617,0.025808626436408036,0.07125564541075488,0.43446174968893464,0.06862745098039216,21,306
1618,0.023646452201562515,0.06439322332174081,0.41386707856008925,0.07516339869281045,23,306
1619,0.024372549679024847,0.06735720217339197,0.4218081835214027,0.0784313725490196,24,306
1620,0.023759300490083575,0.06862646282480277,0.424427210709229,0.08823529411764706,27,306
1621,0.023372699863186616,0.06617898433060049,0.4174765092032437,0.0784313725490196,24,306
1622,0.025432847019785893,0.07406504948646034,0.44203815734900814,0.08169934640522876,25,306
1623,0.02401229009337558,0.06793367017608859,0.41862244533115944,0.08169934640522876,25,306
1624,0.025179931586643795,0.07026584083188518,0.4306127629753579,0.0915032679738562,28,306
1625,0.02573276293614411,0.06801755497111846,0.4338700104403541,0.0718954248366013,22,306
1626,0.023790660325752153,0.0653219256005655,0.41420495988329686,0.06862745098039216,21,306
1627,0.02320084436229475,0.06707721847145773,0.41103531127987303,0.0718954248366013,22,306
1628,0.02422021555233847,0.07269428090495163,0.42665651234965174,0.06862745098039216,21,306
1629,0.023105594534844703,0.06909147669096283,0.4184275825574577,0.0718954248366013,22,306
1630,0.024684989966333903,0.06814861420261874,0.423039930779022,0.08169934640522876,25,306
1631,0.024397969845406216,0.06701046173202758,0.42230696071280444,0.07516339869281045,23,306
1632,0.024004242188360374,0.0726387437603498,0.43463158421647285,0.058823529411764705,18,306
1633,0.023993273174201666,0.06583597203637018,0.42128259035196863,0.08169934640522876,25,306
1634,0.023861101196948915,0.06397323777888014,0.41246907223866935,0.06862745098039216,21,306
1635,0.02425144163291979,0.07107652163597733,0.4271123839762017,0.08823529411764706,27,306
1636,0.024224571311748187,0.06865409671265235,0.41798601278585834,0.07516339869281045,23,306
1637,0.023078446953840974,0.06668820471280344,0.40757962557743743,0.0718954248366013,22,306
1638,0.025494653116352663,0.07324576457121108,0.4437239885013086,0.08823529411764706,27,306
1639,0.02393885611427416,0.06908948581755862,0.4242198338124455,0.08823529411764706,27,306
1640,0.024948564637056712,0.0711080445020656,0.437697544371505,0.0915032679738562,28,306
1641,0.025777289681745415,0.06896130345338115,0.4312921010855108,0.0915032679738562,28,306
1642,0.02317283935000957,0.06626485419227121,0.4053932295018664,0.06535947712418301,20,306
1643,0.023528560037182174,0.06761283521478455,0.4143926717295233,0.07516339869281045,23,306
1644,0.025329741046820887,0.07125521130384724,0.431674675705439,0.10130718954248366,31,306
1645,0.0251264017952844,0.07464695140199262,0.44141602665865765,0.08169934640522876,25,306
1646,0.024544245031662793,0.07081140209699215,0.4274019965389511,0.06862745098039216,21,306
1647,0.024346429692323326,0.06765509779343154,0.4242287724717896,0.08823529411764706,27,306
1648,0.02394566150456322,0.0650651214189932,0.41149118290642295,0.08169934640522876,25,306
1649,0.025151535575052494,0.06911793765462788,0.43524656397934813,0.0915032679738562,28,306
1650,0.02397370952045476,0.06594242476448223,0.4153920138441956,0.0784313725490196,24,306
1651,0.023312906726787787,0.0687009828217983,0.41537234879363855,0.06535947712418301,20,306
1652,0.023913321485862726,0.07354490159291326,0.43641574062155863,0.0718954248366013,22,306
1653,0.02500538482149844,0.07462849358788952,0.44246542526565696,0.08169934640522876,25,306
1654,0.024401846081360888,0.07068370937960253,0.4331281017147924,0.0718954248366013,22,306
1655,0.023817671312687513,0.06557445656585813,0.4131770140587234,0.06862745098039216,21,306
1656,0.02397630203639257,0.06536212340966818,0.41710823643826606,0.0784313725490196,24,306
1657,0.024157050934337766,0.06881506116921181,0.422240814633658,0.0718954248366013,22,306
1658,0.024531148722155463,0.07178400017409596,0.43021231103674146,0.08496732026143791,26,306
1659,0.024432701129183693,0.0698208299019305,0.4248026344016819,0.08169934640522876,25,306
1660,0.025493263791416487,0.07157899362018497,0.43728279057793795,0.0915032679738562,28,306
1661,0.023992257228870644,0.06880083107253657,0.4244146965861472,0.08496732026143791,26,306
1662,0.02328467597283464,0.06771304335118822,0.41867607728722417,0.0784313725490196,24,306
1663,0.023518678196018643,0.06930473488498974,0.42254115358762034,0.06862745098039216,21,306
1664,0.023366402014680952,0.06714293601455061,0.4090777448835114,0.08496732026143791,26,306
1665,0.0261818215893767,0.06886048605502669,0.42964381230245563,0.08169934640522876,25,306
1666,0.025496969151826917,0.07192059058139334,0.4379514022968779,0.07516339869281045,23,306
1667,0.023448160240608657,0.07445682493884827,0.4241107821684473,0.07516339869281045,23,306
1668,0.024868382794598482,0.07363931673601172,0.43754022396704856,0.0718954248366013,22,306
1669,0.02436878929740145,0.0734470431825884,0.43783519972540436,0.08496732026143791,26,306
1670,0.0254705971511373,0.07392540119910557,0.4445928261895568,0.058823529411764705,18,306
1671,0.02425636785674813,0.06698229874756662,0.4159176070136297,0.06862745098039216,21,306
1672,0.023782636128321127,0.0670031012704296,0.41434976616467156,0.0784313725490196,24,306
1673,0.02336509299756796,0.06523675949898049,0.41056335006650363,0.0718954248366013,22,306
1674,0.024776621067793943,0.07289524913085706,0.43723630954934856,0.0718954248366013,22,306
1675,0.024761920139880555,0.07158345316857881,0.4351339368716122,0.0915032679738562,28,306
1676,0.025396072848199364,0.06835458917097974,0.4256643211624548,0.08169934640522876,25,306
1677,0.024251815333382228,0.06635999179437432,0.4173638820955078,0.07516339869281045,23,306
1678,0.026357918749769522,0.07503431485825135,0.45111268431515567,0.09803921568627451,30,306
1679,0.025046641134553554,0.07185944677409954,0.43705217316685974,0.06862745098039216,21,306
1680,0.02379680092488357,0.06648330723680729,0.41007351153444604,0.06862745098039216,21,306
1681,0.024551176904840308,0.07019662412467631,0.42872849358561804,0.08496732026143791,26,306
1682,0.022363996028663152,0.06623155708112845,0.4017319546345161,0.06862745098039216,21,306
1683,0.02546546522626877,0.06851460652708208,0.4309810357403355,0.0718954248366013,22,306
1684,0.024947223366164097,0.07018695993744538,0.43440454226913233,0.07516339869281045,23,306
1685,0.02544983138567129,0.06965909583555807,0.4281510561919881,0.0915032679738562,28,306
1686,0.024216616136164576,0.0667427279039341,0.41697058108436663,0.06862745098039216,21,306
1687,0.02454913400789897,0.0676430316727692,0.4253604067447548,0.08496732026143791,26,306
1688,0.02524328564937869,0.07132659811725756,0.42880179059223983,0.08169934640522876,25,306
1689,0.025283575086879534,0.07125389110334318,0.4369824516239756,0.09803921568627451,30,306
1690,0.02499878015616039,0.07006776309748607,0.42963487364311154,0.0718954248366013,22,306
1691,0.022993989919301353,0.06344269418927323,0.40301197065259364,0.09477124183006536,29,306
1692,0.02548679944772716,0.07427091831102504,0.4444480199081821,0.08169934640522876,25,306
1693,0.022246045679072967,0.0660538671515549,0.4031675033251813,0.08169934640522876,25,306
1694,0.023980449174480088,0.06549248105527528,0.42167052816750333,0.06862745098039216,21,306
1695,0.02529800487396773,0.06331665052824158,0.42146851446632627,0.08496732026143791,26,306
1696,0.02439344341437943,0.06723384323358104,0.42006872041303756,0.07516339869281045,23,306
1697,0.023717661858423174,0.06908453900503037,0.4193160852962629,0.06862745098039216,21,306
1698,0.02469005300054159,0.07465604536843952,0.44453740650162327,0.0718954248366013,22,306
1699,0.024033214150027623,0.06993407509424177,0.4246167102873243,0.058823529411764705,18,306
1700,0.02439196735050212,0.0673085380741047,0.425530241272293,0.058823529411764705,18,306
1701,0.024245259649730996,0.06663582773886138,0.42161153301583215,0.06535947712418301,20,306
1702,0.02449156621007272,0.07096529953966355,0.4274252370532458,0.06535947712418301,20,306
1703,0.023333014575536198,0.07094919172625502,0.42313110510433205,0.0784313725490196,24,306
1704,0.024257982719166075,0.06951135365009128,0.42570722672730654,0.07516339869281045,23,306
1705,0.024261799170885365,0.06961873756393054,0.425560632714063,0.06535947712418301,20,306
1706,0.02432206640842386,0.06651025479107511,0.42369781610674906,0.05555555555555555,17,306
1707,0.02484976843427023,0.07002148938816952,0.4305644942148997,0.07516339869281045,23,306
1708,0.0233537433060565,0.06429421188651,0.4114768810514724,0.06535947712418301,20,306
1709,0.024852756323841315,0.07337518846089616,0.440096680539466,0.0784313725490196,24,306
1710,0.025511617210579544,0.07454333247410798,0.44340577222865807,0.0784313725490196,24,306
1711,0.024836233104181354,0.07235559684791719,0.43513572460348104,0.0784313725490196,24,306
1712,0.02594180732665674,0.06980252945498544,0.4370718382174168,0.08496732026143791,26,306
1713,0.026190467571219928,0.07293149680747894,0.4463805580583802,0.06862745098039216,21,306
1714,0.024448158514180845,0.071355871776447,0.42623639536047825,0.07516339869281045,23,306
1715,0.023105535790104197,0.06842696621520908,0.4106831281017148,0.06862745098039216,21,306
1716,0.024425838709662803,0.06805892870055,0.42465425265656953,0.0718954248366013,22,306
1717,0.02425808122957114,0.06705482720919,0.4225715450293903,0.08169934640522876,25,306
1718,0.023966309225582644,0.06955734899764499,0.42234450308204974,0.08169934640522876,25,306
1719,0.024650787310220388,0.06506760652453232,0.41794847041661304,0.058823529411764705,18,306
1720,0.025574448078215222,0.07298826967375675,0.4397587992162583,0.08169934640522876,25,306
1721,0.023392305754899922,0.06626755744630305,0.40709336250911743,0.05555555555555555,17,306
1722,0.02406315289468618,0.07013907132485495,0.42997454269818797,0.07516339869281045,23,306
1723,0.02373530027060026,0.06855229437708726,0.42556420817780066,0.08823529411764706,27,306
1724,0.023203772727115095,0.06988977617161442,0.4198595557843852,0.058823529411764705,18,306
1725,0.026043903698946446,0.0731343550856977,0.44020036898785775,0.08496732026143791,26,306
1726,0.024620537293614964,0.06486194975475604,0.41553682012557025,0.0718954248366013,22,306
1727,0.02456912593329339,0.07324120555376833,0.4357828835399951,0.08496732026143791,26,306
1728,0.023534830433168636,0.07058143279580124,0.41684007665794254,0.06535947712418301,20,306
1729,0.02407953967800161,0.06306772048948288,0.4110210094249224,0.0784313725490196,24,306
1730,0.023483769411163775,0.06897897216492294,0.41446418100427623,0.08496732026143791,26,306
1731,0.026214379736093824,0.06661432166667595,0.4253049870568213,0.0718954248366013,22,306
1732,0.024153672235913127,0.06890536547981274,0.42858905049984986,0.08496732026143791,26,306
1733,0.024435309685737747,0.06874387572188995,0.421582929305931,0.0784313725490196,24,306
1734,0.025155371374163227,0.06956070384978406,0.4336465439567512,0.07516339869281045,23,306
1735,0.02538120614331866,0.06941022688247861,0.4337609587963559,0.09477124183006536,29,306
1736,0.02444076199621082,0.06907105368000883,0.4265438852419159,0.0784313725490196,24,306
1737,0.024332804089107308,0.07048681254817274,0.4237264198166502,0.0718954248366013,22,306
1738,0.023741661916327404,0.06864199982018183,0.42123610932337924,0.06862745098039216,21,306
1739,0.02364202915282529,0.06677950997061777,0.4190783169577094,0.0718954248366013,22,306
1740,0.023464842693221234,0.06802146720759399,0.4139189227842851,0.05555555555555555,17,306
1741,0.02310359019131008,0.06788609621488945,0.41430328513608217,0.08496732026143791,26,306
1742,0.02491287104729336,0.07192467838059474,0.43416319846684115,0.08823529411764706,27,306
1743,0.02334900390864729,0.06574447373602921,0.4153705610617697,0.08496732026143791,26,306
1744,0.025487500884075903,0.07215239352212571,0.4340273308448106,0.0915032679738562,28,306
1745,0.024403449860332646,0.07055212972387902,0.4267298093562735,0.0718954248366013,22,306
1746,0.02484464462671518,0.06973874196576658,0.4348192960626993,0.0784313725490196,24,306
1747,0.023985484500204615,0.06808079910170886,0.4191855808698388,0.07516339869281045,23,306
1748,0.025766324704209614,0.06605674506125118,0.42921118119020035,0.08169934640522876,25,306
1749,0.02547272833163879,0.06872935860808939,0.4367750747271921,0.06535947712418301,20,306
1750,0.025807359657481498,0.07056766415779181,0.43398084981622115,0.0915032679738562,28,306
1751,0.025369692843825065,0.07000459946658578,0.42864447018778334,0.0915032679738562,28,306
1752,0.024004964643017764,0.06731857714068529,0.4220727678379886,0.08169934640522876,25,306
1753,0.025152139737442066,0.07271500867502169,0.43405593455471175,0.0718954248366013,22,306
1754,0.02516305014287574,0.06825246272627966,0.43052516411378555,0.08823529411764706,27,306
1755,0.025216380153972644,0.07174098912355445,0.4309309792480085,0.08169934640522876,25,306
1756,0.0257374338770473,0.07056327439889169,0.43880057493456903,0.0915032679738562,28,306
1757,0.022011519845431385,0.06512210749513825,0.3988286780795469,0.0784313725490196,24,306
1758,0.022947821535312298,0.06287270456214997,0.4009042347792509,0.06535947712418301,20,306
1759,0.023225246711343284,0.06821220428776159,0.41421747400637865,0.08169934640522876,25,306
1760,0.025201735722044087,0.06738374697316263,0.42063721914732344,0.07516339869281045,23,306
1761,0.025307744631120833,0.06812325962481432,0.43423292000972524,0.0784313725490196,24,306
1762,0.024548013490088817,0.071954908039005,0.43316206862030004,0.08823529411764706,27,306
1763,0.025401869128157485,0.07283807935007242,0.442100727964417,0.08496732026143791,26,306
1764,0.023225710848116414,0.06813435957987798,0.4131126557114458,0.0457516339869281,14,306
1765,0.025328134344534115,0.0747479600854834,0.4441101385849745,0.06209150326797386,19,306
1766,0.02531234061953419,0.07056896011037686,0.4366016647359162,0.06862745098039216,21,306
1767,0.022758661242994097,0.06366553058107394,0.40136010640580083,0.08496732026143791,26,306
1768,0.02361764140353237,0.06859974008588561,0.41985419258877876,0.08169934640522876,25,306
1769,0.023717679121049946,0.06961943369339368,0.41699739706239897,0.06209150326797386,19,306
1770,0.025873305806780048,0.07161478689481442,0.44241715650519875,0.06535947712418301,20,306
1771,0.023527528895555903,0.06684737844680687,0.41693303871512133,0.0915032679738562,28,306
1772,0.022439896261081987,0.07012285482979232,0.41318058952246106,0.0784313725490196,24,306
1773,0.024825625117080332,0.06803061998383318,0.4241483245376925,0.08823529411764706,27,306
1774,0.02485157613555344,0.07456376167227052,0.4348568384319446,0.07516339869281045,23,306
1775,0.02352211644036001,0.06715057756451506,0.4132950043620658,0.08169934640522876,25,306
1776,0.024763705917163988,0.07022360750646535,0.4283423435019522,0.07516339869281045,23,306
1777,0.02477866406253633,0.06973915386260239,0.42962414725189857,0.06862745098039216,21,306
1778,0.024529509039029007,0.07196902847947587,0.4275682556027517,0.08169934640522876,25,306
1779,0.02538635280668057,0.07647644927296912,0.45294510948069966,0.08496732026143791,26,306
1780,0.02368702257960237,0.06686996867143451,0.41851696915089887,0.07516339869281045,23,306
1781,0.02422824620250964,0.06626759833414365,0.4206586719297493,0.08169934640522876,25,306
1782,0.023609199378208344,0.07025260750769904,0.4239892164013673,0.06862745098039216,21,306
1783,0.02509569201938925,0.07086787483868119,0.43352319045780235,0.0784313725490196,24,306
1784,0.024641244481444606,0.07094980522401553,0.4345421976230317,0.0784313725490196,24,306
1785,0.024404265407970943,0.07177126366997665,0.4319875287824831,0.058823529411764705,18,306
1786,0.023990148623528544,0.07016828142397794,0.4213558873585904,0.05555555555555555,17,306
1787,0.02466619021863991,0.06813709305399158,0.4234421704495073,0.06862745098039216,21,306
1788,0.024075707558305386,0.07081129154963026,0.4279418915633358,0.09477124183006536,29,306
1789,0.025318274439440208,0.07348102086188128,0.4439349408618298,0.07516339869281045,23,306
1790,0.02590757162853314,0.073920078839911,0.4446696986599162,0.06862745098039216,21,306
1791,0.02576744600516058,0.07054187765007952,0.4397391341657013,0.06862745098039216,21,306
1792,0.02500871381342562,0.0683718767724505,0.42762009982694754,0.08496732026143791,26,306
1793,0.02359809882011528,0.06986393999221198,0.41426395503496805,0.08169934640522876,25,306
1794,0.02595443733694007,0.08075927805995908,0.4616924815148525,0.09803921568627451,30,306
1795,0.024101780147016732,0.0683435378215728,0.42317043520544617,0.058823529411764705,18,306
1796,0.025877496891159864,0.07288388303848686,0.43597417084995926,0.08496732026143791,26,306
1797,0.023891198706820077,0.06946770612474722,0.42570901445917536,0.08169934640522876,25,306
1798,0.024215574033934092,0.06936129681943332,0.423435019522032,0.06862745098039216,21,306
1799,0.024302276924163656,0.06486853501995053,0.4126639350123711,0.05228758169934641,16,306
1800,0.023357355351778877,0.06609780756654277,0.4100556342157578,0.0784313725490196,24,306
1801,0.02639181263446511,0.07012627583258277,0.44159301211367114,0.08823529411764706,27,306
1802,0.024363086780116675,0.06849874391577704,0.4261237682527424,0.06862745098039216,21,306
1803,0.02539592828607742,0.07268243427130139,0.4394352197480013,0.08169934640522876,25,306
1804,0.02464356000583498,0.07003258967974288,0.4282172022711346,0.06209150326797386,19,306
1805,0.023946597562356384,0.06273088219124194,0.40999127586848017,0.0718954248366013,22,306
1806,0.026466124216159334,0.07835123701399034,0.4523623088914632,0.06862745098039216,21,306
1807,0.02552059273451492,0.0717878040508057,0.4327383761673889,0.10130718954248366,31,306
1808,0.024744362006125502,0.06486439220053071,0.423435019522032,0.08169934640522876,25,306
1809,0.024740647143834487,0.07249628061011344,0.4339665479612706,0.06535947712418301,20,306
1810,0.024924563556881045,0.07296599438733627,0.4361565195005792,0.06862745098039216,21,306
1811,0.023592172538596932,0.07214143226309866,0.4291378841835786,0.08169934640522876,25,306
1812,0.02339281738708076,0.0688189888850055,0.4134737775489481,0.08496732026143791,26,306
1813,0.022824281100530544,0.06552403176812024,0.4068377168518757,0.0784313725490196,24,306
1814,0.024291853983676993,0.0661124042178773,0.4170295762360378,0.06535947712418301,20,306
1815,0.023474778671028734,0.0698550597993998,0.42116638778049514,0.07516339869281045,23,306
1816,0.024213488979059394,0.06592590981106537,0.4194591038457688,0.0718954248366013,22,306
1817,0.02389382102258522,0.06837946308464922,0.41948770755567,0.0718954248366013,22,306
1818,0.02521082835424138,0.0703085869188709,0.43276519214542125,0.06535947712418301,20,306
1819,0.024000359878992992,0.0667390247823486,0.41618934225769083,0.0718954248366013,22,306
1820,0.023789437466502483,0.06769315430218698,0.4112855937415083,0.0784313725490196,24,306
1821,0.025995466959069496,0.07144995597443403,0.44565295118776904,0.06862745098039216,21,306
1822,0.024005193842293188,0.06573951297201654,0.4133414853906552,0.07516339869281045,23,306
1823,0.02416085038219488,0.06737454899054103,0.413788418357861,0.0784313725490196,24,306
1824,0.02467419176611933,0.0718499289216396,0.42933274695728035,0.05555555555555555,17,306
1825,0.024016880996912862,0.07112579344924513,0.4305448291643426,0.09477124183006536,29,306
1826,0.02456259821890576,0.07258886306876722,0.4318462979648461,0.09477124183006536,29,306
1827,0.024204945619302202,0.0678600182874997,0.41967005620628994,0.09477124183006536,29,306
1828,0.023942348350324768,0.07064266104859485,0.42167231589937215,0.06209150326797386,19,306
1829,0.024782455892758397,0.07118756036927043,0.4352215357331846,0.0784313725490196,24,306
1830,0.02477521022684826,0.07110203263632643,0.4323879807210995,0.0718954248366013,22,306
1831,0.02449008815361239,0.06831029102334413,0.42185108908625446,0.06535947712418301,20,306
1832,0.02380954128109646,0.06812229612885334,0.41481815191430327,0.06862745098039216,21,306
1833,0.024702677323919526,0.0682217527553903,0.42811708928648046,0.06862745098039216,21,306
1834,0.025397667597118943,0.07209136271546328,0.4324702163870654,0.06535947712418301,20,306
1835,0.02495892906069019,0.0691775513259499,0.4321555755781525,0.06862745098039216,21,306
1836,0.022817181381164037,0.06543592672618632,0.40904914117361024,0.08823529411764706,27,306
1837,0.025846474383595646,0.07842077337811766,0.45772729222980224,0.07516339869281045,23,306
1838,0.02610013428014986,0.0713891951289051,0.4383840334091332,0.08496732026143791,26,306
1839,0.023745597436237605,0.069961467644293035,0.4290681626406945,0.0784313725490196,24,306
1840,0.025164571543651967,0.07043741318773422,0.4394709743853778,0.06862745098039216,21,306
1841,0.02451128655503008,0.07038404849118433,0.4284871497833269,0.0784313725490196,24,306
1842,0.02405426783004593,0.06870476503929875,0.4226788089415197,0.0718954248366013,22,306
1843,0.02655185033709744,0.07410617519940892,0.44622144992205487,0.08496732026143791,26,306
1844,0.025231075105055588,0.0720480123343768,0.43855744340040903,0.06535947712418301,20,306
1845,0.026479219114455794,0.07837410351467589,0.4621519286051401,0.06209150326797386,19,306
1846,0.024918846761211078,0.06626337073145278,0.4219208106291386,0.09477124183006536,29,306
1847,0.024396566567959226,0.07354021732714949,0.4358722701334363,0.08496732026143791,26,306
1848,0.02612105513689847,0.0690328187319647,0.4338986141502553,0.058823529411764705,18,306
1849,0.024218315234837633,0.07108898210404802,0.4323236223738219,0.06535947712418301,20,306
1850,0.02471856305240735,0.07098144123600605,0.42592533001530297,0.07516339869281045,23,306
1851,0.025869889434752966,0.07120178579974402,0.4381176613606785,0.06535947712418301,20,306
1852,0.024228799369856367,0.06832870361434258,0.4222658428798215,0.05555555555555555,17,306
1853,0.024799063365220586,0.07157729261028237,0.4361297035225469,0.0915032679738562,28,306
1854,0.02429322330954904,0.06930473842906132,0.421248623446461,0.06535947712418301,20,306
1855,0.026392767511685695,0.07237981168350989,0.44299101843509103,0.07516339869281045,23,306
1856,0.024827838171827505,0.06994578854708927,0.4295436993178015,0.08169934640522876,25,306
1857,0.02401252097944641,0.06821183102184097,0.4248240871841078,0.0784313725490196,24,306
1858,0.024985479548330275,0.06541722838144158,0.42427704123224785,0.06862745098039216,21,306
1859,0.02565563988516493,0.0672428991880431,0.4307343287424379,0.08496732026143791,26,306
1860,0.024885997915578675,0.0710662932863316,0.4287249181218804,0.0784313725490196,24,306
1861,0.024383200084932992,0.06800680890993711,0.4292791150012156,0.0718954248366013,22,306
1862,0.023907358321269178,0.06925642774876771,0.41853127100584947,0.0784313725490196,24,306
1863,0.023488774360656724,0.06674926694279021,0.41493614221764563,0.06535947712418301,20,306
1864,0.024160358231798733,0.07013269253456146,0.427351940046624,0.0718954248366013,22,306
1865,0.024347087912651118,0.06700801462336611,0.41985240485690994,0.09477124183006536,29,306
1866,0.024612057169571117,0.07153981069431936,0.43535740335521517,0.06209150326797386,19,306
1867,0.024993972997405425,0.07134987250892928,0.43277770626850304,0.08169934640522876,25,306
1868,0.024079939521711873,0.06885274935799421,0.4171475665393802,0.10130718954248366,31,306
1869,0.024955722113904132,0.07297433199307667,0.43749016747472147,0.08169934640522876,25,306
1870,0.024720976840154524,0.0706558665566413,0.43128316242616666,0.0784313725490196,24,306
1871,0.023564366387987885,0.06489831207898725,0.41389925773372804,0.07516339869281045,23,306
1872,0.024462548387463767,0.06999169113444662,0.4290288325395804,0.06862745098039216,21,306
1873,0.02405497655207627,0.06645283073320445,0.4190228972697759,0.07516339869281045,23,306
1874,0.022553277202928296,0.06359595683867328,0.39873392829049925,0.0718954248366013,22,306
1875,0.023832090833710004,0.0637742426363704,0.4170635431415455,0.0718954248366013,22,306
1876,0.024599685186792623,0.07017530294023357,0.43342128974127947,0.0784313725490196,24,306
1877,0.024907820781323333,0.07123271772504935,0.4401217087856295,0.05555555555555555,17,306
1878,0.02278314049796119,0.06853185264153178,0.41407445545687277,0.08496732026143791,26,306
1879,0.024101632077638723,0.06998336733980962,0.4264974042133265,0.0915032679738562,28,306
1880,0.024497126306908347,0.06760489223346819,0.41730846240757424,0.06862745098039216,21,306
1881,0.02388635307931529,0.07253081678472244,0.43294217760043474,0.06862745098039216,21,306
1882,0.02404584436533658,0.06714728072825685,0.4176624333176013,0.08496732026143791,26,306
1883,0.0250900242036755,0.0724030909535669,0.4398285207591424,0.08823529411764706,27,306
1884,0.02511684187114087,0.06843381242553662,0.4296777792079633,0.06535947712418301,20,306
1885,0.023472263172454315,0.0703001867988685,0.4166684543985355,0.08496732026143791,26,306
1886,0.025056701275371622,0.07406298732610735,0.4417270920038329,0.0784313725490196,24,306
1887,0.022868097965703663,0.06914958337369295,0.41938223137540936,0.058823529411764705,18,306
1888,0.023269252031491355,0.06877658707966236,0.41593727206418674,0.09803921568627451,30,306
1889,0.023728157334702113,0.06632853147262603,0.4202689463823458,0.0718954248366013,22,306
1890,0.024468700321869874,0.07416565621617346,0.4384340899014602,0.08169934640522876,25,306
1891,0.02481814003248712,0.06724453620346274,0.4179770741265142,0.06535947712418301,20,306
1892,0.025122108511290545,0.06744850085532798,0.42528532200626423,0.11437908496732026,35,306
1893,0.025454199221155428,0.07178948606524944,0.43446353742080346,0.06535947712418301,20,306
1894,0.025085704045260355,0.06769942637118409,0.4210752134551851,0.06862745098039216,21,306
1895,0.025466678077699686,0.07276231783965498,0.43916169677207134,0.08496732026143791,26,306
1896,0.024197529015092627,0.06730112699060112,0.41903541139285766,0.0784313725490196,24,306
1897,0.02331740569398997,0.0677118093557401,0.41217052101657586,0.0784313725490196,24,306
1898,0.02373279608710209,0.06713433987399527,0.42016525793395404,0.06535947712418301,20,306
1899,0.025044307328372387,0.0768334607846375,0.4474460462521989,0.09477124183006536,29,306
1900,0.024922395879942286,0.07203581475960794,0.43621193918851275,0.0718954248366013,22,306
1901,0.023222320702834903,0.06933575999915344,0.4159086683542855,0.06535947712418301,20,306
1902,0.02469220252230944,0.07786769048288639,0.44475014659401324,0.08169934640522876,25,306
1903,0.024997979008401967,0.07106900026408726,0.4355057851003275,0.08496732026143791,26,306
1904,0.025062405899899883,0.07058193563840601,0.43440633000100115,0.0718954248366013,22,306
1905,0.023834792761664628,0.06250765320464462,0.41142861229101413,0.0718954248366013,22,306
1906,0.025610508862092228,0.07724829927910236,0.4532007551379414,0.08496732026143791,26,306
1907,0.02277395386702592,0.0667872086138601,0.41070994407974715,0.06535947712418301,20,306
1908,0.024131761027101694,0.06905502653808038,0.42246606884912974,0.0784313725490196,24,306
1909,0.024327350946348244,0.06905175644853165,0.4324255230903448,0.08169934640522876,25,306
1910,0.022767425616262604,0.06128866363760756,0.400730824787975,0.06862745098039216,21,306
1911,0.024491840012619222,0.0710755213333584,0.4312563464481343,0.06535947712418301,20,306
1912,0.023959019572421487,0.0663717720336426,0.4173299151900001,0.09803921568627451,30,306
1913,0.023836769947330926,0.07214048050419145,0.4263686875187712,0.0718954248366013,22,306
1914,0.024266090176681205,0.06905402875394291,0.4221335507215286,0.07516339869281045,23,306
1915,0.024398027009665285,0.06670561799660228,0.41365076300396164,0.0718954248366013,22,306
1916,0.024367467029470024,0.07087748797140198,0.42722322335206875,0.0718954248366013,22,306
1917,0.024366813744705423,0.07577541207832893,0.4408189242144706,0.08496732026143791,26,306
1918,0.024644032942406257,0.07169031362022556,0.42956157663648975,0.0784313725490196,24,306
1919,0.024893780912878534,0.07062613384739347,0.4347263340055205,0.06862745098039216,21,306
1920,0.023632835415961388,0.06789160032376548,0.42168483002245394,0.08169934640522876,25,306
1921,0.025042002412982628,0.07018648995217476,0.43981064344045423,0.08169934640522876,25,306
1922,0.025911099265383198,0.07411475355805368,0.4506979305215887,0.0784313725490196,24,306
1923,0.02369165605564488,0.06934479582519157,0.41795740907595713,0.07516339869281045,23,306
1924,0.023400796698689833,0.06427817163553526,0.41375981464795986,0.06862745098039216,21,306
1925,0.02605271384659138,0.07025544961511669,0.4410245133793853,0.10457516339869281,32,306
1926,0.025451225589215903,0.07435578452373354,0.4426298965975887,0.08823529411764706,27,306
1927,0.02516372002756879,0.07320864380511734,0.4385806839147038,0.08496732026143791,26,306
1928,0.02487796125012122,0.0701599296463967,0.4314833883954749,0.0718954248366013,22,306
1929,0.022735566488039094,0.06269084895161166,0.39783648689234996,0.08823529411764706,27,306
1930,0.023267938556497208,0.06577739314461477,0.4102916148224425,0.05555555555555555,17,306
1931,0.024211884686452984,0.06695044511227347,0.41965754208320816,0.0718954248366013,22,306
1932,0.02343757223517267,0.0646368289234058,0.41239756296391644,0.05228758169934641,16,306
1933,0.02532327046125949,0.07522338929873176,0.4489155618483717,0.0718954248366013,22,306
1934,0.02463688695788298,0.07026202984199265,0.43170685487907784,0.0784313725490196,24,306
1935,0.024336160990922156,0.07119982706594463,0.4258323679581242,0.07516339869281045,23,306
1936,0.025514756655217873,0.07408163670911985,0.43259714534975185,0.0718954248366013,22,306
1937,0.024177411084606488,0.06895605024282232,0.42111633128816806,0.06862745098039216,21,306
1938,0.02467853252209307,0.0732017194696216,0.4400823786845154,0.10130718954248366,31,306
1939,0.022432636136112703,0.06073965253986913,0.39672630540181064,0.06535947712418301,20,306
1940,0.025769688513639793,0.07667085165877925,0.44945009367714994,0.06535947712418301,20,306
1941,0.02452884612909381,0.07061022245545225,0.4297832553882239,0.06209150326797386,19,306
1942,0.023960265276119802,0.0692489357722798,0.4216294103345204,0.09477124183006536,29,306
1943,0.024005581476339327,0.0672205736844518,0.4244522389553925,0.0784313725490196,24,306
1944,0.023345209363160792,0.06820296316926014,0.4148270905736474,0.07516339869281045,23,306
1945,0.025340434929095525,0.07021222737217868,0.4386629195806696,0.07516339869281045,23,306
1946,0.02472437090161257,0.07253443222512915,0.4365087026787374,0.08169934640522876,25,306
1947,0.025472469141201784,0.07517485246571433,0.44663977917935954,0.058823529411764705,18,306
1948,0.024282459658766763,0.07339595412311639,0.4352751676892493,0.0718954248366013,22,306
1949,0.024192605871584377,0.06761738126619883,0.42414117361021725,0.0784313725490196,24,306
1950,0.024352687476806443,0.06801765132131778,0.4270945066575135,0.09803921568627451,30,306
1951,0.02494891092862635,0.06736114835431012,0.42456307833125956,0.0784313725490196,24,306
1952,0.024751289264860477,0.0731798907279872,0.4308219276040102,0.06862745098039216,21,306
1953,0.023549914988697563,0.06820716351368483,0.419963244232777,0.0718954248366013,22,306
1954,0.023653760227269664,0.067027939464344,0.41143218775475177,0.06535947712418301,20,306
1955,0.024674978866286442,0.0660506263653923,0.42100012871669457,0.07516339869281045,23,306
1956,0.024526068168202537,0.06905237982819641,0.42411972082779137,0.06862745098039216,21,306
1957,0.024592919596248482,0.07043339650330933,0.4255928118877018,0.08823529411764706,27,306
1958,0.02495212311177786,0.07232562122364432,0.4373382102658715,0.06209150326797386,19,306
1959,0.025016800893249636,0.0680451043813445,0.43187490167474724,0.08823529411764706,27,306
1960,0.023854802741298326,0.06947217113517742,0.42243746513922853,0.09477124183006536,29,306
1961,0.024105407095615556,0.06643810707530766,0.4153008395188856,0.06862745098039216,21,306
1962,0.02488644817052831,0.07209409639345128,0.43969265313711187,0.08496732026143791,26,306
1963,0.024043111651388265,0.0727800121060341,0.43127243603495374,0.08169934640522876,25,306
1964,0.024966014677238357,0.07259968610013885,0.4422777134194305,0.06862745098039216,21,306
1965,0.02546884258816386,0.0692210306870987,0.42719104417842996,0.07516339869281045,23,306
1966,0.024834144295108933,0.06603599617369948,0.42206204144677567,0.09477124183006536,29,306
1967,0.024353360882329488,0.06892361582900944,0.42429491855093604,0.07516339869281045,23,306
1968,0.023774985899083837,0.06750581513008856,0.4205764362637834,0.08496732026143791,26,306
1969,0.02414819018859441,0.06780986591893644,0.41781260279458243,0.0784313725490196,24,306
1970,0.025940067798723918,0.06985999949469027,0.44147144634659113,0.08823529411764706,27,306
1971,0.0235533040394829,0.06735404706270301,0.41574777248609146,0.0784313725490196,24,306
1972,0.022009008814645178,0.06678317623658077,0.4038110867979577,0.08496732026143791,26,306
1973,0.02451709590171915,0.07125166867973803,0.42899486563407274,0.07516339869281045,23,306
1974,0.02429673100858991,0.07013122646400675,0.4276487035368487,0.07516339869281045,23,306
1975,0.02371950798240667,0.06996411170535302,0.41790198938802364,0.07516339869281045,23,306
1976,0.023851855169561818,0.06815394856845387,0.42077129903748517,0.06535947712418301,20,306
1977,0.024091236688946343,0.06687783410170624,0.4191140715950859,0.058823529411764705,18,306
1978,0.0246780272746531,0.07153547571458942,0.43451180618126173,0.07516339869281045,23,306
1979,0.023016236176267656,0.06721829104748196,0.4183650119420489,0.06535947712418301,20,306
1980,0.02296479875578891,0.0669620943090476,0.4135971310478969,0.07516339869281045,23,306
1981,0.024436793789662226,0.07120080803161004,0.4322628394902819,0.07516339869281045,23,306
1982,0.025238464998587257,0.07193831989924071,0.43703965904377795,0.08169934640522876,25,306
1983,0.025343278501038614,0.07035788537215897,0.4360135009510734,0.08169934640522876,25,306
1984,0.024614371523029786,0.06780427643529895,0.4246059838961113,0.06535947712418301,20,306
1985,0.023822956543111982,0.07224080698166313,0.42356016075284963,0.08169934640522876,25,306
1986,0.024230267677944638,0.06738970785966683,0.42140773158278627,0.0784313725490196,24,306
1987,0.02490355691434153,0.07081922049162163,0.43108114872498965,0.07516339869281045,23,306
1988,0.02474222608060522,0.06571488114885435,0.42713026129488996,0.09803921568627451,30,306
1989,0.0251500714261602,0.06654008519937014,0.4229416055262368,0.06862745098039216,21,306
1990,0.02460990005465317,0.07020886648952135,0.43107042233377674,0.0784313725490196,24,306
1991,0.025126994300282566,0.07363492434692678,0.4409726691551894,0.0915032679738562,28,306
1992,0.025219400328585648,0.06862287861627267,0.42999778321248266,0.07516339869281045,23,306
1993,0.023475529431409358,0.06828099948907651,0.4203744225626064,0.0718954248366013,22,306
1994,0.024731252097262926,0.07104357088181126,0.4286891634845039,0.10130718954248366,31,306
1995,0.025137291113697894,0.0724910234228392,0.437667152929735,0.07516339869281045,23,306
1996,0.02384671774499005,0.06970295976943468,0.43208942949900603,0.0718954248366013,22,306
1997,0.025266382344186263,0.06912295998105998,0.4313868508745584,0.06862745098039216,21,306
1998,0.024423004789090118,0.06639152564945776,0.42362273136825845,0.0784313725490196,24,306
1999,0.023811114649890767,0.06559963417711237,0.4109798915919395,0.07516339869281045,23,306
2000,0.02507339909773042,0.0756829794125027,0.4456475879921626,0.08496732026143791,26,306
2001,0.02489324593507968,0.06925689427989684,0.4336268789061941,0.08169934640522876,25,306
2002,0.02606674810144453,0.07184017436068695,0.4351947197551522,0.06862745098039216,21,306
2003,0.02461687104798481,0.06780055592346501,0.41463937872742096,0.06209150326797386,19,306
2004,0.02442581581562046,0.0705585208481856,0.4290896154231204,0.06862745098039216,21,306
2005,0.02466218574381238,0.07596709497782674,0.43880236266643785,0.0915032679738562,28,306
2006,0.023337755051790983,0.0748374933495634,0.4258413066174683,0.0784313725490196,24,306
2007,0.02579786726747543,0.07224110654398859,0.44396890776733744,0.08823529411764706,27,306
2008,0.024262470368001113,0.0685159687039092,0.4206443700747987,0.07516339869281045,23,306
2009,0.025791046140436584,0.0746909342449898,0.4438384033409133,0.0784313725490196,24,306
2010,0.025437039258354638,0.07507307168202494,0.44845075156247766,0.06535947712418301,20,306
2011,0.023853202861854342,0.07067277824916314,0.41921239684787115,0.08823529411764706,27,306
2012,0.023113496213860267,0.06520547547353019,0.40939596115616195,0.08169934640522876,25,306
2013,0.02444917794666902,0.07431655495845192,0.44084574019250294,0.06862745098039216,21,306
2014,0.024257267556096557,0.06841891932926637,0.4271928319102988,0.10457516339869281,32,306
2015,0.02393384917586542,0.0679388697409709,0.41632163441598374,0.07516339869281045,23,306
2016,0.025835076286057992,0.07640736962145145,0.44972719211681755,0.08823529411764706,27,306
2017,0.026346096523225053,0.07199637565135028,0.4481808040502853,0.06209150326797386,19,306
2018,0.024157374000641375,0.06718878298825019,0.41965754208320816,0.06535947712418301,20,306
2019,0.025617892831278334,0.07240902128003249,0.44114965461020295,0.07516339869281045,23,306
2020,0.02438634552664975,0.06888563714370129,0.4266779651320776,0.0718954248366013,22,306
2021,0.024785428613283055,0.0723838131942342,0.4297635903376668,0.07516339869281045,23,306
2022,0.025754788574571086,0.07222742105162226,0.4381802319760873,0.09477124183006536,29,306
2023,0.025050382453593627,0.07067686420487578,0.4355790821069493,0.07516339869281045,23,306
2024,0.02592956104113618,0.07128875445526694,0.4406097595858183,0.06209150326797386,19,306
2025,0.02441749248381374,0.07170344442937743,0.43391827920081233,0.08496732026143791,26,306
2026,0.024961224160481542,0.07163219728711,0.43469236710001286,0.06535947712418301,20,306
2027,0.02542755539187167,0.07225620193586925,0.4362423306302828,0.07516339869281045,23,306
2028,0.025594253367957037,0.07097283160843071,0.43595271806753333,0.0784313725490196,24,306
2029,0.02507266512503271,0.07181758382072885,0.43202864661546603,0.0718954248366013,22,306
2030,0.02396020790649747,0.06747591592464595,0.4222872956622474,0.08169934640522876,25,306
2031,0.024271154690201142,0.07189680016540455,0.4306771213226355,0.0915032679738562,28,306
2032,0.02327066962833713,0.06442444694762298,0.40160681340369847,0.07516339869281045,23,306
2033,0.021872148162200115,0.06519116496524395,0.40358046938687947,0.06535947712418301,20,306
2034,0.02530127158368769,0.07321369225085116,0.4347388481286023,0.07516339869281045,23,306
2035,0.024646758759790773,0.06706614870421075,0.4247883325467313,0.08496732026143791,26,306
2036,0.024405300628377275,0.07134359118960797,0.43541461077501753,0.06535947712418301,20,306
2037,0.02539831592691057,0.07478813330734618,0.44035590166044536,0.07516339869281045,23,306
2038,0.024825797228090335,0.06894057804025414,0.41930178344131236,0.06535947712418301,20,306
2039,0.023145158520460122,0.07083229267608201,0.4168829822227943,0.08169934640522876,25,306
2040,0.024187610706784567,0.06876251915880764,0.41906222737089,0.08496732026143791,26,306
2041,0.024531450109104853,0.06938760529685505,0.4282511691766422,0.0718954248366013,22,306
2042,0.023349842075846446,0.06741617516632797,0.41600699360707083,0.0718954248366013,22,306
2043,0.023518600942311643,0.0654371922642171,0.41623939875001786,0.09477124183006536,29,306
2044,0.024801842496272136,0.07466827321156777,0.43903298007751607,0.0784313725490196,24,306
2045,0.0246234860452148,0.06733070569017778,0.4246488894609631,0.07516339869281045,23,306
2046,0.023675899784067412,0.06780614369781453,0.4182792008123454,0.0718954248366013,22,306
2047,0.025897175670336062,0.07504404575013512,0.44785901231389713,0.08823529411764706,27,306
2048,0.023244350838644554,0.06998390603214585,0.42161153301583215,0.10457516339869281,32,306
2049,0.024660675792071072,0.06999586699313248,0.42967062828048797,0.08496732026143791,26,306
2050,0.026006627141651917,0.06990840594097568,0.43757240314068735,0.10457516339869281,32,306
2051,0.02431886086420639,0.07225839836517968,0.4360617697115316,0.0784313725490196,24,306
2052,0.024148285124938107,0.07203760579359625,0.43118841263711905,0.06862745098039216,21,306
2053,0.024944599364839847,0.07558260363456595,0.4395174554139672,0.08169934640522876,25,306
2054,0.02285109494999536,0.06817059832401806,0.4112319617854436,0.06535947712418301,20,306
2055,0.02458474780788598,0.06936054226762992,0.43036963144119794,0.07516339869281045,23,306
2056,0.025206621348671732,0.07541970757519713,0.44381516282661865,0.08496732026143791,26,306
2057,0.025506025068205613,0.0682543933983994,0.4340988401195635,0.1111111111111111,34,306
2058,0.024774748500844417,0.07000647506322923,0.43143154417127905,0.08823529411764706,27,306
2059,0.02494112834358518,0.07206424766116329,0.43327648345990477,0.08496732026143791,26,306
2060,0.02370230777710159,0.06589611526079317,0.41261387852004405,0.0718954248366013,22,306
2061,0.023544454159726575,0.06648592756688883,0.405700719383304,0.05555555555555555,17,306
2062,0.023286550558619785,0.06810523549924517,0.4162322478225426,0.08169934640522876,25,306
2063,0.023779284299834,0.066348654670693,0.417149354271249,0.0718954248366013,22,306
2064,0.02495195101877898,0.07204981700276179,0.437990732397992,0.08169934640522876,25,306
2065,0.02546218230483512,0.07272471504629412,0.44498076400509146,0.07516339869281045,23,306
2066,0.023760084477997753,0.06807114074871465,0.41700812345361193,0.08169934640522876,25,306
2067,0.02561996663884323,0.06802387214985604,0.4190389868565953,0.0915032679738562,28,306
2068,0.025234654286973437,0.07054038338012886,0.4384591181476237,0.08496732026143791,26,306
2069,0.023491631911787745,0.0673646659955091,0.40564172423163286,0.06862745098039216,21,306
2070,0.02485231119525174,0.07545022395849374,0.4388184522532572,0.08823529411764706,27,306
2071,0.02381565378950226,0.06955511834686842,0.41994894237782643,0.07516339869281045,23,306
2072,0.0255735211680739,0.0698193741559274,0.4287642482229945,0.08169934640522876,25,306
2073,0.02491393391293019,0.06624310692023916,0.4260719240285465,0.10457516339869281,32,306
2074,0.02413206721445976,0.06721096976409632,0.4119595686560547,0.0718954248366013,22,306
2075,0.023017169769878384,0.06389870325390351,0.40902053746370903,0.08823529411764706,27,306
2076,0.02397057281681062,0.06769591763243961,0.4213004676706569,0.07516339869281045,23,306
2077,0.026372503019291487,0.07083837338219214,0.440389868565953,0.0915032679738562,28,306
2078,0.023639784706435563,0.0681518407143771,0.42173488651478097,0.08169934640522876,25,306
2079,0.02444005369623989,0.06742866837481018,0.420054418558087,0.07516339869281045,23,306
2080,0.023453977665287028,0.06638452413987882,0.41503804293416857,0.0718954248366013,22,306
2081,0.02405383157426529,0.07075290930237431,0.4263901403011971,0.06862745098039216,21,306
2082,0.025653589440204714,0.0723964892703414,0.44410477538936804,0.07516339869281045,23,306
2083,0.023834821527057466,0.07304832412356413,0.4341739248580541,0.06535947712418301,20,306
2084,0.023748250545399977,0.06844253119681348,0.4175658957966848,0.09477124183006536,29,306
2085,0.025442039292312812,0.071672283151641,0.44243860928762463,0.08823529411764706,27,306
2086,0.025027689527904514,0.06354060330006651,0.41463937872742096,0.06862745098039216,21,306
2087,0.023850003888534522,0.07000076797550678,0.42165980177629037,0.0784313725490196,24,306
2088,0.025050948079859834,0.07070347145954047,0.43377526065130645,0.0718954248366013,22,306
2089,0.025513858966685597,0.07225450507120983,0.44021824630654594,0.09803921568627451,30,306
2090,0.023446147074992842,0.06624106515205251,0.41462507687247036,0.08496732026143791,26,306
2091,0.02450000182292039,0.07397217921371393,0.4418343559159623,0.0915032679738562,28,306
2092,0.025426332995702842,0.07039537055142635,0.4338181662161582,0.0718954248366013,22,306
2093,0.024435036324647927,0.06752241466777964,0.427716637347864,0.06535947712418301,20,306
2094,0.02446974371881756,0.06641190536633623,0.41752835342743955,0.0457516339869281,14,306
2095,0.023647286317468198,0.0722431022812502,0.4257018635317001,0.09477124183006536,29,306
2096,0.024924258266585928,0.07122813698952067,0.4380246993034997,0.10130718954248366,31,306
2097,0.024955873478971297,0.07386442176550845,0.4440940489981551,0.0784313725490196,24,306
2098,0.02472252221446138,0.07297928220235061,0.4335160395303271,0.06535947712418301,20,306
2099,0.025108042895345063,0.07234881033826841,0.4412372534717753,0.0915032679738562,28,306
2100,0.025154746800106296,0.0724662599289143,0.43099891305902377,0.08823529411764706,27,306
2101,0.023811320637215125,0.06764281345502947,0.421279014888231,0.0718954248366013,22,306
2102,0.024323966873513927,0.06942864903824243,0.4266654510089959,0.0718954248366013,22,306
2103,0.02543576417229523,0.07109864628215391,0.43358218560947354,0.08823529411764706,27,306
2104,0.024311696953569974,0.07119205997114836,0.42854972039873573,0.0915032679738562,28,306
2105,0.02506491056212716,0.06820453604158551,0.4314297564394102,0.08496732026143791,26,306
2106,0.0258500172883194,0.07291236803660713,0.4400072939460248,0.08823529411764706,27,306
2107,0.024243171420749058,0.07017742098955067,0.424457602150999,0.0915032679738562,28,306
2108,0.02493180489488865,0.07147019972505847,0.435389582528854,0.07516339869281045,23,306
2109,0.024564338006538466,0.06863854138994642,0.42507258191387426,0.0784313725490196,24,306
2110,0.02454271240174195,0.07086671855366983,0.43461013143404703,0.09477124183006536,29,306
2111,0.025787188580546228,0.06771262513343855,0.431351096237182,0.08169934640522876,25,306
2112,0.024911912011772567,0.07016665147428518,0.43349816221163884,0.08496732026143791,26,306
2113,0.023497515587650977,0.06725856376691658,0.41835786101457356,0.07516339869281045,23,306
2114,0.02262606932922229,0.06802677210219242,0.41493971768138327,0.0784313725490196,24,306
2115,0.023604905484770285,0.06797940534592767,0.4100770869981837,0.08169934640522876,25,306
2116,0.025471356833540695,0.07421872702675522,0.44241715650519875,0.06862745098039216,21,306
2117,0.023241919445961205,0.06917316663385066,0.4202010125713305,0.08496732026143791,26,306
2118,0.024989843115403636,0.06802760201345079,0.42875173409991274,0.0718954248366013,22,306
2119,0.025246375302924427,0.0663232623548567,0.4208374451166316,0.06862745098039216,21,306
2120,0.024129982884966452,0.06815557962822459,0.425317501179903,0.09477124183006536,29,306
2121,0.022980499016858873,0.06651634543872516,0.40629245863188457,0.0784313725490196,24,306
2122,0.0244304091413571,0.07142529886730686,0.42686210151456644,0.06862745098039216,21,306
2123,0.024116913388572334,0.06757289088775786,0.4195449149754723,0.06535947712418301,20,306
2124,0.02308997727256207,0.06502591168215618,0.40372527566825417,0.07516339869281045,23,306
2125,0.02571552179226929,0.07977481257811353,0.46198030634573306,0.0915032679738562,28,306
2126,0.023944135003378764,0.07113903788348011,0.429336322421018,0.06209150326797386,19,306
2127,0.024975422113599127,0.07099970834538732,0.436614178858998,0.07516339869281045,23,306
2128,0.024604561136349783,0.07115437356039808,0.43368229859412766,0.07516339869281045,23,306
2129,0.023940487848030743,0.0685741442406278,0.4147716708857139,0.09477124183006536,29,306
2130,0.023384311535405888,0.0695109247390791,0.4186438981135853,0.0784313725490196,24,306
2131,0.0235121342804202,0.06620873418654652,0.4165004076028661,0.0915032679738562,28,306
2132,0.023631505015348157,0.06717048374516849,0.41835786101457356,0.05555555555555555,17,306
2133,0.023440024850716994,0.06715596400451293,0.4135971310478969,0.0784313725490196,24,306
2134,0.024932033008962618,0.07312989660715727,0.435723888388324,0.0784313725490196,24,306
2135,0.02398674982359482,0.07012035346760351,0.42076057264627226,0.06535947712418301,20,306
2136,0.026151967223214258,0.07616267917859473,0.45163827748458973,0.0718954248366013,22,306
2137,0.025386957499294305,0.06980435667701461,0.4347835414253229,0.0784313725490196,24,306
2138,0.02493432135248988,0.07314486297722703,0.4315066289097696,0.05555555555555555,17,306
2139,0.024119286467747185,0.06375076127657937,0.41484496789233566,0.0718954248366013,22,306
2140,0.024822069926476908,0.06984552728485416,0.4355558415926546,0.0915032679738562,28,306
2141,0.02468541389101272,0.06589312333369772,0.4200007866020223,0.06535947712418301,20,306
2142,0.0237442145809945,0.06743677665610878,0.41454820440211093,0.08823529411764706,27,306
2143,0.02577168488818975,0.06653943337551362,0.43114193160852965,0.06535947712418301,20,306
2144,0.024605190661265375,0.06683399349435423,0.42184215042691037,0.06535947712418301,20,306
2145,0.024209738617163946,0.07290128191476491,0.4307700833798144,0.08169934640522876,25,306
2146,0.024614923993115916,0.071269262956517,0.43036426824559143,0.07516339869281045,23,306
2147,0.023549270943039595,0.0695569311890975,0.42152572188612863,0.0784313725490196,24,306
2148,0.02413825906511005,0.07038128124478188,0.4303857210280173,0.08169934640522876,25,306
2149,0.024412227382462456,0.07139758018271011,0.431218804078889,0.08496732026143791,26,306
2150,0.025080087925836384,0.07335388661312658,0.436492613091918,0.08169934640522876,25,306
2151,0.024331632522878958,0.06704739812765713,0.41828813947168947,0.09477124183006536,29,306
2152,0.024280622704759263,0.07074297015374063,0.42360664178143903,0.08823529411764706,27,306
2153,0.024513172243300373,0.06838723863522643,0.4277595429127158,0.07516339869281045,23,306
2154,0.024903964530172237,0.07322931048823764,0.4386039244289984,0.0915032679738562,28,306
2155,0.025342635280209937,0.07163431313479739,0.436553395975458,0.08496732026143791,26,306
2156,0.02548999622467009,0.0704515879770013,0.4319142317758613,0.0718954248366013,22,306
2157,0.023928895304656576,0.06828000527256502,0.4230542326339726,0.06862745098039216,21,306
2158,0.024398413293840855,0.07003352717696654,0.43032315041260855,0.09477124183006536,29,306
2159,0.025376658363045125,0.07496036933385045,0.43781017147924084,0.08823529411764706,27,306
2160,0.025623683640170748,0.07574694393478272,0.4482183464195306,0.08169934640522876,25,306
2161,0.025209086975000437,0.06965017416893964,0.4334713462336065,0.0784313725490196,24,306
2162,0.024907083509728225,0.07109754568411125,0.43164785972740666,0.08496732026143791,26,306
2163,0.023271137919663527,0.06411430734914941,0.4077923656698274,0.06862745098039216,21,306
2164,0.02406778526232855,0.06861665099332026,0.42191544743353215,0.06209150326797386,19,306
2165,0.02460435037743089,0.06901422686474737,0.4220834942292015,0.058823529411764705,18,306
2166,0.024971860948565874,0.06888831482817877,0.4291968793352498,0.08823529411764706,27,306
2167,0.024388051589989298,0.07153421962791565,0.42942928447819684,0.08169934640522876,25,306
2168,0.02468054946496453,0.0661236020436299,0.42095185995623635,0.0784313725490196,24,306
2169,0.0237257969592345,0.06921207873728419,0.4247168232719784,0.06862745098039216,21,306
2170,0.025257621351960222,0.06818634623320563,0.43027845711588797,0.07516339869281045,23,306
2171,0.024908628088789176,0.06830198880453384,0.42632578195391946,0.0915032679738562,28,306
2172,0.024355774189559885,0.07296966514235873,0.4361064630082522,0.08496732026143791,26,306
2173,0.023177394679625925,0.068865373603433,0.4189907180961371,0.07516339869281045,23,306
2174,0.025914681084563084,0.07571935706809378,0.44828985569428353,0.08823529411764706,27,306
2175,0.024880570754049088,0.07509688364887805,0.44072953762102945,0.1111111111111111,34,306
2176,0.024782981560312268,0.06585576347833882,0.42344395818137615,0.08169934640522876,25,306
2177,0.023153750418159622,0.06713235627902477,0.41629124297421377,0.0784313725490196,24,306
2178,0.024512199682358415,0.07053708572007494,0.4324344617496889,0.06209150326797386,19,306
2179,0.025183292596920908,0.06989676516954156,0.4334856480885571,0.08823529411764706,27,306
2180,0.02607429789762379,0.06736401545153146,0.43363402983366944,0.09477124183006536,29,306
2181,0.02676337750513484,0.07527238638682392,0.4531042176170249,0.05555555555555555,17,306
2182,0.025091406316164938,0.06885567190783558,0.4307808097710273,0.058823529411764705,18,306
2183,0.023802980459898482,0.07037467256871421,0.4269532758398764,0.08823529411764706,27,306
2184,0.02257006712581755,0.0645260737552635,0.4040077373035283,0.06535947712418301,20,306
2185,0.0238396497711099,0.0670477270928525,0.42263590337666795,0.06209150326797386,19,306
2186,0.02414607551528935,0.06921116480196522,0.4294954305573433,0.0784313725490196,24,306
2187,0.024024627565333904,0.07049059376719367,0.42727327984439584,0.0718954248366013,22,306
2188,0.025006305601732372,0.06866919005852741,0.4318945667253043,0.08823529411764706,27,306
2189,0.02348348723293149,0.0651994726913037,0.4076118047510762,0.0784313725490196,24,306
2190,0.024861637352127975,0.07113939456046268,0.43064494214899673,0.08496732026143791,26,306
2191,0.024094476052273467,0.07157733103084933,0.42739484561147584,0.08169934640522876,25,306
2192,0.02625246344224222,0.07289652055341815,0.44910148596272936,0.08496732026143791,26,306
2193,0.02406104581952498,0.06633383778613464,0.4150773730352827,0.0784313725490196,24,306
2194,0.02425134074410161,0.06888131691761991,0.42137376467727866,0.09803921568627451,30,306
2195,0.025473895679737287,0.07238457931377296,0.4358794210609116,0.06535947712418301,20,306
2196,0.02369479598514013,0.06904434250793808,0.420377998026344,0.058823529411764705,18,306
2197,0.024382343192054765,0.06867767190765219,0.42521381273151126,0.0784313725490196,24,306
2198,0.024292199120174225,0.06550154706930346,0.41400652164585744,0.06535947712418301,20,306
2199,0.024038867872174286,0.06654845927328398,0.4181218804078889,0.08169934640522876,25,306
2200,0.02379623569379626,0.06403313846940845,0.4101378698817237,0.0718954248366013,22,306
2201,0.024154850216470267,0.07542410842706893,0.4402540009439224,0.06535947712418301,20,306
2202,0.02465906253379105,0.07165627013184893,0.4338932509546488,0.05555555555555555,17,306
2203,0.026101341475858127,0.07309931966126654,0.4435613049012457,0.07516339869281045,23,306
2204,0.0249288839420804,0.07121588992175491,0.4272500393301011,0.058823529411764705,18,306
2205,0.025477467684633003,0.06809900853774997,0.4354467899486563,0.08496732026143791,26,306
2206,0.023554430637836923,0.06583757236750198,0.40996267215857896,0.08169934640522876,25,306
2207,0.024498041235420008,0.0681736712241739,0.42762367529068523,0.06862745098039216,21,306
2208,0.023388421960828444,0.06841941017240166,0.41824702163870653,0.07516339869281045,23,306
2209,0.024470409298806586,0.06606510570002214,0.4165468886314555,0.08496732026143791,26,306
2210,0.02383419205069299,0.06787311759548444,0.4137347864017963,0.06535947712418301,20,306
2211,0.024552542555432235,0.06867914837982568,0.428202900416184,0.06535947712418301,20,306
2212,0.024482515423836886,0.06485213751488147,0.4224088614293274,0.05555555555555555,17,306
2213,0.026132397305198344,0.07032986277594458,0.44216151084795696,0.07516339869281045,23,306
2214,0.025510441624929908,0.07254149648424828,0.44153222923013113,0.08823529411764706,27,306
2215,0.023416591885190508,0.06734437655250695,0.41355065001930746,0.0915032679738562,28,306
2216,0.02458120623056661,0.06828029031522413,0.42440218246306544,0.06535947712418301,20,306
2217,0.02544083709291406,0.07496902566307947,0.4455903805723602,0.08169934640522876,25,306
2218,0.025533119799192074,0.06637388928722678,0.43075220606112613,0.07516339869281045,23,306
2219,0.026221632894458346,0.07137153118940259,0.44283906122624106,0.09477124183006536,29,306
2220,0.02472666804544212,0.0650510249680994,0.42361379270891436,0.07516339869281045,23,306
2221,0.025018197332371706,0.07110308694593605,0.4318212697186825,0.07516339869281045,23,306
2222,0.02517001971660993,0.06886107324923109,0.42629896597588707,0.06862745098039216,21,306
2223,0.02366859371327794,0.0656162404866929,0.4126657227442399,0.07516339869281045,23,306
2224,0.023937420693737426,0.06794415930355617,0.41404763947884043,0.0718954248366013,22,306
2225,0.02399282265448603,0.07606108198090725,0.43600456229172924,0.06209150326797386,19,306
2226,0.023561138888650378,0.07127534280808873,0.4235494343616367,0.09477124183006536,29,306
2227,0.023462211666007527,0.07000582500315979,0.42063364368358575,0.0718954248366013,22,306
2228,0.024779539785334526,0.07090732132718905,0.4331441913016118,0.08823529411764706,27,306
2229,0.02384895297313141,0.0711368642266495,0.42304529397462853,0.08496732026143791,26,306
2230,0.025510593153620746,0.07487348977856735,0.4493571316199711,0.07516339869281045,23,306
2231,0.02579580617264893,0.06986525268992697,0.43766536519786614,0.08169934640522876,25,306
2232,0.02440588618619272,0.06947655504384567,0.4196271506414382,0.07516339869281045,23,306
2233,0.025458403711615823,0.07137220294394686,0.43371984096337296,0.07516339869281045,23,306
2234,0.023530046068659268,0.06904682656093084,0.4191694912830194,0.08496732026143791,26,306
2235,0.024863628268468246,0.06919824190854554,0.43091131419745143,0.08169934640522876,25,306
2236,0.02370660713078691,0.07058626287415114,0.42113778407059393,0.08496732026143791,26,306
2237,0.02501216014424921,0.07196325542811073,0.4357185251927175,0.08496732026143791,26,306
2238,0.024604033312694354,0.06978998086437312,0.42357446260780024,0.06862745098039216,21,306
2239,0.024009668060095607,0.06683557607228204,0.4178858998012042,0.08169934640522876,25,306
2240,0.02397051905685873,0.07075842511111885,0.4245827433818166,0.0784313725490196,24,306
2241,0.024589602154845982,0.06670317986560387,0.42137376467727866,0.08823529411764706,27,306
2242,0.02394782185155912,0.06658136489014095,0.4125262796584717,0.06862745098039216,21,306
2243,0.02418770191350613,0.06896826920832004,0.41963608930078233,0.0784313725490196,24,306
2244,0.024865576134229767,0.06859459557937575,0.4245094463751949,0.08823529411764706,27,306
2245,0.02421642650238981,0.07375697366092575,0.43056270648303085,0.06209150326797386,19,306
2246,0.02396430704525391,0.07042358913769604,0.425712589922913,0.08169934640522876,25,306
2247,0.024189918098654856,0.06930077382455611,0.42035654524391813,0.06535947712418301,20,306
2248,0.023708971823196034,0.0676546270411648,0.41933932581055766,0.08169934640522876,25,306
2249,0.025518758159761835,0.07252452968905516,0.4420739119863846,0.0718954248366013,22,306
2250,0.025438033674994975,0.06947984726130546,0.4359133879664192,0.08169934640522876,25,306
2251,0.025999995190335447,0.07444267339187755,0.4494322163584617,0.08823529411764706,27,306
2252,0.026010289840301515,0.06998947689551734,0.43427046237897055,0.0784313725490196,24,306
2253,0.025722791415549708,0.07298784841296223,0.446371619399036,0.06209150326797386,19,306
2254,0.023318560449513963,0.06766484212348343,0.42266093162283147,0.0718954248366013,22,306
2255,0.023595552816013474,0.0691336510635638,0.42003654123939876,0.06535947712418301,20,306
2256,0.025330793074945037,0.07188529574868015,0.43814626507057963,0.08169934640522876,25,306
2257,0.025265403018980583,0.07193501722041955,0.43452432030434346,0.08496732026143791,26,306
2258,0.023944523695923293,0.06811930687647669,0.4208928648045651,0.06862745098039216,21,306
2259,0.025557064657310526,0.0732831004200233,0.4446983023698174,0.08496732026143791,26,306
2260,0.02424314121207947,0.07211604368857964,0.431785515081306,0.08169934640522876,25,306
2261,0.025035309849490914,0.07411122389126583,0.4430607399779751,0.06209150326797386,19,306
2262,0.024063462616479164,0.06973738896689649,0.4243288854564437,0.06535947712418301,20,306
2263,0.02502539291034053,0.0694736043626685,0.4295168833397692,0.08169934640522876,25,306
2264,0.023518202363735377,0.06371616255052974,0.4054540123854064,0.09477124183006536,29,306
2265,0.023883709766453307,0.0688105632602057,0.413677578981994,0.08823529411764706,27,306
2266,0.024306647884362802,0.06588561980428226,0.4214774531256704,0.06209150326797386,19,306
2267,0.023845248343007178,0.07011561095911466,0.42066224739348695,0.08496732026143791,26,306
2268,0.025450573587856913,0.07225797161727575,0.4384019107278214,0.06535947712418301,20,306
2269,0.02369040250049483,0.07284940064782043,0.42307210995266087,0.06862745098039216,21,306
2270,0.024507034844369318,0.07208855270960253,0.43364296849301354,0.08496732026143791,26,306
2271,0.02457700187333015,0.07470517095882923,0.4394799130447219,0.08169934640522876,25,306
2272,0.02396850890283154,0.06947631397982969,0.4233349065373779,0.0784313725490196,24,306
2273,0.023450184886817695,0.06696078780665032,0.4125459447090288,0.08169934640522876,25,306
2274,0.025780700287887766,0.06948557253926269,0.4396122052030148,0.08496732026143791,26,306
2275,0.024074561990961932,0.06948573194453855,0.42603616939117006,0.0784313725490196,24,306
2276,0.025666111384886437,0.07120215000766343,0.4426513493800146,0.0718954248366013,22,306
2277,0.02594911788307036,0.07092647297277328,0.4404595901088371,0.06209150326797386,19,306
2278,0.02414667810364619,0.07007642212459475,0.4262918150484118,0.0718954248366013,22,306
2279,0.024444688988213333,0.06902316198005859,0.4211646000486263,0.07516339869281045,23,306
2280,0.024876299754224108,0.07108746209501171,0.4292344217044951,0.0784313725490196,24,306
2281,0.024710147016645107,0.06821374857152847,0.4281796599018893,0.08496732026143791,26,306
2282,0.023045504925957486,0.06592408950846917,0.4116073854778965,0.07516339869281045,23,306
2283,0.022790951483687042,0.06996926634851866,0.4138402625820569,0.06209150326797386,19,306
2284,0.025347904056447768,0.06691817123761583,0.42413938587834843,0.08496732026143791,26,306
2285,0.022939206145142204,0.06668963283543373,0.41195420546044825,0.0784313725490196,24,306
2286,0.02534602074145302,0.07200465150218383,0.4325327870024742,0.08496732026143791,26,306
2287,0.025270302097023675,0.07798819699299898,0.4498523333476352,0.08823529411764706,27,306
2288,0.024440217820992666,0.07267939172460883,0.43245233906837716,0.058823529411764705,18,306
2289,0.02461067791637066,0.06781025967594444,0.4264151685473606,0.06862745098039216,21,306
2290,0.023309681190232814,0.06481418568634825,0.40703257962557743,0.06862745098039216,21,306
2291,0.025018485596212416,0.06674492573220137,0.41959139600406176,0.0718954248366013,22,306
2292,0.023623148493366435,0.06662991727598211,0.41332539580383576,0.0457516339869281,14,306
2293,0.023321608511662748,0.06709101838873058,0.40945495630783313,0.08169934640522876,25,306
2294,0.02465725683574101,0.06871224187854362,0.43013901403011967,0.06862745098039216,21,306
2295,0.025473219684178445,0.06704814040118748,0.4287535218317816,0.06535947712418301,20,306
2296,0.02385311642319545,0.06897992482397336,0.41966290527881467,0.0784313725490196,24,306
2297,0.026154904859165332,0.07331713370324834,0.4478035926259636,0.07516339869281045,23,306
2298,0.024655045072241543,0.0698457627413454,0.4251369402611519,0.0784313725490196,24,306
2299,0.024698064292835966,0.07378975333202528,0.4420846383775976,0.08496732026143791,26,306
2300,0.024875671443537126,0.07127603979655603,0.4344134809284764,0.08169934640522876,25,306
2301,0.024317103472566704,0.06866000183534397,0.42290406315699147,0.08169934640522876,25,306
2302,0.022549502970974904,0.06960973091918359,0.4138867436106463,0.06535947712418301,20,306
2303,0.02427198406248526,0.06974952204342177,0.4268138327541082,0.06535947712418301,20,306
2304,0.022547815478174853,0.06732499732775234,0.40299766879764304,0.09477124183006536,29,306
2305,0.023924321759862296,0.06852556183531204,0.41758734857911073,0.0718954248366013,22,306
2306,0.02423451274676016,0.06918962998270606,0.42523705324580596,0.058823529411764705,18,306
2307,0.025246520277336464,0.06877077216841573,0.42770412322478224,0.06862745098039216,21,306
2308,0.025438504094682624,0.07387504119888441,0.4455027817107879,0.06862745098039216,21,306
2309,0.02387217102717948,0.07199341957291251,0.42548018477996596,0.08169934640522876,25,306
2310,0.024356441036834153,0.06391686651579213,0.41383847485018804,0.06535947712418301,20,306
2311,0.028034289680026008,0.07749237506111828,0.4692581627837131,0.08496732026143791,26,306
2312,0.025337692033681334,0.070334092852773325,0.4396944408689807,0.0915032679738562,28,306
2313,0.025369540569811135,0.06446716525622545,0.4194483774545558,0.0784313725490196,24,306
2314,0.022382300925572644,0.06568036793369345,0.4077423091775003,0.06535947712418301,20,306
2315,0.023194868907552162,0.06689048851524494,0.4126943264541411,0.0718954248366013,22,306
2316,0.02517984849355296,0.07022406386975817,0.4300156605311709,0.0784313725490196,24,306
2317,0.024188358208230516,0.06708764954554998,0.42056213440883283,0.07516339869281045,23,306
2318,0.023957609016157507,0.07387629877451746,0.4277684815720599,0.0784313725490196,24,306
2319,0.024631826856678633,0.0740068948581309,0.4394942148996725,0.0718954248366013,22,306
2320,0.02522518810526772,0.06764699840869105,0.43095958295790965,0.08169934640522876,25,306
2321,0.02693412875205957,0.07395787009627718,0.4516668811944909,0.0784313725490196,24,306
2322,0.023871360422481697,0.06582929597347811,0.41658979419630726,0.08169934640522876,25,306
2323,0.025513778390588802,0.06999554436627155,0.4397695256074713,0.06862745098039216,21,306
2324,0.023730261442922226,0.07453876153526584,0.43239155618483716,0.0718954248366013,22,306
2325,0.02481380150503539,0.06833317352162711,0.43136539809213253,0.0784313725490196,24,306
2326,0.02522789271909028,0.06818093614217229,0.428708828535061,0.0718954248366013,22,306
2327,0.02520511660064199,0.07262861807307439,0.43754737489452383,0.0784313725490196,24,306
2328,0.02447555508712587,0.07190412160138472,0.4297117461134709,0.08496732026143791,26,306
2329,0.02419407091195509,0.0660034693010162,0.4155332446618326,0.06535947712418301,20,306
2330,0.0243638837929098,0.07099158646894951,0.43336765778521474,0.058823529411764705,18,306
2331,0.025437199137676364,0.06930621245181849,0.4340380572360235,0.0718954248366013,22,306
2332,0.025643778734258015,0.07409017626740984,0.4461320633286137,0.08169934640522876,25,306
2333,0.024032093116353955,0.06672764771954842,0.4191516139643312,0.08823529411764706,27,306
2334,0.024711182272034688,0.07023095320696325,0.4313260679910184,0.0784313725490196,24,306
2335,0.02481729152991838,0.07255722974744512,0.4370182062613521,0.08169934640522876,25,306
2336,0.025444565799183843,0.07412659171984197,0.4404059581527724,0.06535947712418301,20,306
2337,0.02490124948027757,0.0661663806250233,0.4257215285822571,0.08169934640522876,25,306
2338,0.02385327178439399,0.06395084331772612,0.41043463337194835,0.07516339869281045,23,306
2339,0.024679624295298495,0.0719167851457954,0.4425655382503111,0.07516339869281045,23,306
2340,0.024552191614113605,0.06371867967483219,0.4195431272436035,0.0784313725490196,24,306
2341,0.023335967793746464,0.065784406927295,0.4054629510447505,0.06535947712418301,20,306
2342,0.02551795642700234,0.07316199829471734,0.44161982809170347,0.07516339869281045,23,306
2343,0.026245275824338724,0.07131879648053943,0.44422097796084153,0.06535947712418301,20,306
2344,0.024155053898900086,0.06570650220065573,0.41720119849544485,0.0915032679738562,28,306
2345,0.023948993348165477,0.06759689708089747,0.42070694069020753,0.0784313725490196,24,306
2346,0.021789231710929995,0.06400335903133143,0.3925644656111898,0.07516339869281045,23,306
2347,0.024031939799503094,0.0685469101385836,0.41731203787131194,0.08496732026143791,26,306
2348,0.02427482129403979,0.0694746097502075,0.42098403912987514,0.06535947712418301,20,306
2349,0.026888079942503574,0.0729554249322715,0.44576021509989844,0.08496732026143791,26,306
2350,0.025171443027561458,0.06678239952019822,0.4200472676306117,0.06535947712418301,20,306
2351,0.024270024465873015,0.06849970471793254,0.41941798601278585,0.07516339869281045,23,306
2352,0.02612438023363971,0.07413642660337205,0.4437329271606527,0.06862745098039216,21,306
2353,0.023850282682277783,0.06698809209919258,0.4153902261123268,0.06535947712418301,20,306
2354,0.024808829657944596,0.07391090973843642,0.4426012928876875,0.0784313725490196,24,306
2355,0.02397321353790739,0.06501467048778777,0.41157163084052,0.08496732026143791,26,306
2356,0.0243243755488962,0.0686637487863674,0.4201616824702164,0.0784313725490196,24,306
2357,0.024011798622801877,0.07255364936667237,0.4320626135209737,0.058823529411764705,18,306
2358,0.023420540290728604,0.06821470548671858,0.4227074126514209,0.058823529411764705,18,306
2359,0.023334298905022314,0.06560545559335708,0.40976065845740195,0.0718954248366013,22,306
2360,0.023898097426878775,0.07094741946244015,0.42221578638749446,0.058823529411764705,18,306
2361,0.024368528565758305,0.0743330956250065,0.4389739849258449,0.0915032679738562,28,306
2362,0.026364354192542985,0.07525539083266056,0.4519010740693068,0.0784313725490196,24,306
2363,0.024837914215504246,0.0699136175729689,0.43054661689621143,0.0718954248366013,22,306
2364,0.026266221886505597,0.0711453921565471,0.44331817336708573,0.08496732026143791,26,306
2365,0.024463221260528505,0.07187860978482791,0.4315191430328514,0.0718954248366013,22,306
2366,0.02492173382098485,0.06753106525636006,0.4265707012199482,0.06535947712418301,20,306
2367,0.024362137374502848,0.07301485199806185,0.43553796427396635,0.08169934640522876,25,306
2368,0.02526898086889531,0.06849018610605391,0.4284227914360492,0.0784313725490196,24,306
2369,0.024997822640387163,0.07417227825775108,0.438628952675162,0.08169934640522876,25,306
2370,0.024593767715927185,0.07028679322627321,0.42730545901803463,0.10457516339869281,32,306
2371,0.024487802385429903,0.06832770168538438,0.4222640551479527,0.08496732026143791,26,306
2372,0.024769933268286803,0.06820303467773696,0.42644019679352413,0.07516339869281045,23,306
2373,0.02381367625297232,0.06648926603742338,0.4132914288983281,0.06862745098039216,21,306
2374,0.0239578414215762,0.07322242401095277,0.42993700032894266,0.0915032679738562,28,306
2375,0.023432028747809152,0.06554161086247075,0.4077405214456315,0.08169934640522876,25,306
2376,0.024622393220279846,0.06978661456814877,0.4301443772257262,0.08169934640522876,25,306
2377,0.024437317401448406,0.06965944311009664,0.43229680639578955,0.07516339869281045,23,306
2378,0.02209490268960142,0.0690482062754898,0.4074795125927833,0.08169934640522876,25,306
2379,0.02335752916710645,0.06779394487148738,0.4134880794038987,0.07516339869281045,23,306
2380,0.024940616103625177,0.06992907354565403,0.4290377711989245,0.07516339869281045,23,306
2381,0.025058451472962918,0.07372345975920105,0.4348407488451252,0.07516339869281045,23,306
2382,0.023809008547219523,0.06910172534917473,0.4197791078502882,0.0718954248366013,22,306
2383,0.024529636379742585,0.07172440181743724,0.43085231904578025,0.0784313725490196,24,306
2384,0.02489386184389421,0.07013097913566732,0.43777620457373323,0.06862745098039216,21,306
2385,0.02408565704435906,0.07157437371148019,0.4277988730138299,0.08823529411764706,27,306
2386,0.023963590109001467,0.06829112272452373,0.4221567912358233,0.0718954248366013,22,306
2387,0.022812372480195752,0.06631965066154628,0.4041650577079847,0.0718954248366013,22,306
2388,0.025315250274685987,0.07293154065065317,0.43752413438022913,0.0915032679738562,28,306
2389,0.024434821273019186,0.07399025367729158,0.437191616252628,0.0718954248366013,22,306
2390,0.024716828068338293,0.07164118286738187,0.4332317901631842,0.06862745098039216,21,306
2391,0.02467446097982739,0.07314711837483936,0.4367142918436521,0.07516339869281045,23,306
2392,0.024728845121418395,0.06875983312453399,0.42725003933010114,0.09477124183006536,29,306
2393,0.02421503392936711,0.06745152750819361,0.4206050399736846,0.0718954248366013,22,306
2394,0.025121972014328024,0.07075030214409099,0.43384140673045296,0.0784313725490196,24,306
2395,0.024451236679757255,0.07164997597446596,0.4258270047625177,0.08823529411764706,27,306
2396,0.025386409079368174,0.07186491263983065,0.4378280487979291,0.0718954248366013,22,306
2397,0.024470621729887714,0.07006530963603153,0.4245308991576207,0.06209150326797386,19,306
2398,0.023446650909461915,0.06726468259630199,0.41478239727692684,0.0784313725490196,24,306
2399,0.0261864441135144,0.07170262550811606,0.43956929963816305,0.05555555555555555,17,306
2400,0.025098036926125365,0.07150182641212155,0.4325846312266701,0.0718954248366013,22,306
2401,0.02436782684877833,0.06663317656129561,0.4195592168304229,0.06862745098039216,21,306
2402,0.024208531565295694,0.0703001064899586,0.4286051400866692,0.0915032679738562,28,306
2403,0.02312905840663891,0.07008297317570475,0.4205460448220134,0.0915032679738562,28,306
2404,0.026025685519185007,0.07523711884512593,0.4467112884541125,0.08496732026143791,26,306
2405,0.024663634493454076,0.06797548886648136,0.421005491912301,0.06535947712418301,20,306
2406,0.022745206862827202,0.0699055184149313,0.4126478454255517,0.06862745098039216,21,306
2407,0.02568640801255812,0.07442719624809234,0.4416269790191788,0.0784313725490196,24,306
2408,0.023908482620362385,0.07131284405731726,0.4239159193947455,0.08823529411764706,27,306
2409,0.024093102314964258,0.06897556445351968,0.41991497547231876,0.0784313725490196,24,306
2410,0.024746591760128195,0.07012391225971681,0.42737339282904996,0.0784313725490196,24,306
2411,0.024304582731682237,0.06847790152891992,0.4245416255488337,0.08496732026143791,26,306
2412,0.02575103760967669,0.06956838578026263,0.43608143476208866,0.08169934640522876,25,306
2413,0.02382230282889318,0.06329142017725435,0.40653380243417575,0.0718954248366013,22,306
2414,0.022920590772046567,0.07120155328374252,0.4217366742466498,0.0718954248366013,22,306
2415,0.024977143363735434,0.07313806284193239,0.43783341199353554,0.08496732026143791,26,306
2416,0.024378523941839886,0.06938756075378356,0.42457022925873483,0.08823529411764706,27,306
2417,0.024759598057283925,0.06921184082299113,0.4341596230031035,0.07516339869281045,23,306
2418,0.02370485877943597,0.07202607615782271,0.42286473305587735,0.06862745098039216,21,306
2419,0.023842371534608418,0.07310535783434799,0.42955085024527684,0.08169934640522876,25,306
2420,0.025136038122916426,0.06793396989209201,0.42538007179531184,0.05555555555555555,17,306
2421,0.02458306288322218,0.06993143479340314,0.42543370375137657,0.06862745098039216,21,306
2422,0.023271780171865694,0.07097694639213427,0.4238694383661561,0.0784313725490196,24,306
2423,0.023454956135271068,0.06898645635438881,0.41786623475064716,0.07516339869281045,23,306
2424,0.025669713114177328,0.07117556713116303,0.44276218875588164,0.06209150326797386,19,306
2425,0.02433004658697585,0.07070500765995216,0.4279508302226799,0.07516339869281045,23,306
2426,0.024186078442189573,0.06616982756539207,0.4219047210423192,0.06862745098039216,21,306
2427,0.02580373769512686,0.07682342336562896,0.45202800303199325,0.07516339869281045,23,306
2428,0.02394042214071167,0.06941354429663804,0.41930535890505,0.0784313725490196,24,306
2429,0.023492827730435907,0.07370011219747065,0.4301479526894638,0.07516339869281045,23,306
2430,0.024933995728207918,0.06894963974076748,0.4306413666852591,0.0718954248366013,22,306
2431,0.024729646458401953,0.06599748484488027,0.42459168204116077,0.0784313725490196,24,306
2432,0.02329005982098499,0.06549509294892286,0.40822857224582026,0.06862745098039216,21,306
2433,0.022495394888391435,0.0654561476930222,0.4050052916863317,0.06209150326797386,19,306
2434,0.023996298732818847,0.07168930012733256,0.4284406687547375,0.09803921568627451,30,306
2435,0.024978621485606277,0.07094977246259662,0.4343884526823129,0.05555555555555555,17,306
2436,0.024642480290109337,0.06812808658436832,0.42091431758699105,0.08496732026143791,26,306
2437,0.025464808346160845,0.07434500329791953,0.44619642167589135,0.0718954248366013,22,306
2438,0.02525876076364574,0.07294035165917309,0.44164485633786704,0.0718954248366013,22,306
2439,0.02358880878146717,0.0684013103705568,0.4105848028489295,0.09477124183006536,29,306
2440,0.023793997697306366,0.07369852007652543,0.4263293574176571,0.08169934640522876,25,306
2441,0.024196765358300877,0.07046017919313886,0.4228826103745656,0.0784313725490196,24,306
2442,0.024029970753855684,0.06875390493064666,0.4217491883697316,0.07516339869281045,23,306
2443,0.02475387048713697,0.06908816492473005,0.430712875960012,0.07516339869281045,23,306
2444,0.023549116897914772,0.06437903577632871,0.4069199525178416,0.08823529411764706,27,306
2445,0.024334807542032745,0.06791810123547724,0.4216615895081592,0.06862745098039216,21,306
2446,0.026484515323253795,0.07284735762993286,0.45485798258034066,0.06209150326797386,19,306
2447,0.025165808571647377,0.07179064086635627,0.43796034095622205,0.06862745098039216,21,306
2448,0.02425459221414337,0.07232582800580233,0.4311544457316114,0.06862745098039216,21,306
2449,0.024694414274709083,0.0705126934750661,0.4262703622659859,0.07516339869281045,23,306
2450,0.024517423119335708,0.07005780084100639,0.4286158664778822,0.0718954248366013,22,306
2451,0.024381357030385912,0.06733055164704346,0.41721728808226427,0.07516339869281045,23,306
2452,0.02256994350470901,0.0651570743752281,0.4008255745770226,0.08169934640522876,25,306
2453,0.02360521611333089,0.06989572593216428,0.4237246320847814,0.058823529411764705,18,306
2454,0.026118847988341853,0.06955249357871883,0.4397230445788819,0.07516339869281045,23,306
2455,0.0237430882931375,0.06705708523337955,0.41429970967234453,0.07516339869281045,23,306
2456,0.025577106497553938,0.07175307443255713,0.4418647473577323,0.0784313725490196,24,306
2457,0.024500410260141197,0.06940384643650609,0.42937028932652566,0.07516339869281045,23,306
2458,0.02357629542351167,0.06816869346919575,0.4206175540967664,0.08169934640522876,25,306
2459,0.024739371169249992,0.07425815454928718,0.43997153930864835,0.06862745098039216,21,306
2460,0.024750384213814,0.06986305804882996,0.43158707684386666,0.08169934640522876,25,306
2461,0.02498303255805249,0.06884083462086328,0.4344420846383776,0.08169934640522876,25,306
2462,0.02489489177352453,0.07045752027937864,0.4352054461463652,0.0784313725490196,24,306
2463,0.024433515477668626,0.07088715657427982,0.42868380028889747,0.0718954248366013,22,306
2464,0.024638241039893954,0.0651248298068793,0.4164145964731626,0.06535947712418301,20,306
2465,0.02412486948095954,0.0656448215623495,0.4152597216859027,0.06862745098039216,21,306
2466,0.022782066050800572,0.06253912722905164,0.3980474392528711,0.06862745098039216,21,306
2467,0.025380223653142995,0.07246225682809744,0.43600456229172924,0.09477124183006536,29,306
2468,0.024301471024200938,0.06945681163888173,0.4228611575921397,0.08496732026143791,26,306
2469,0.02306427887741831,0.06679620932701916,0.40767437536648504,0.06535947712418301,20,306
2470,0.025229951445335408,0.07275763754133867,0.44352376253200043,0.10130718954248366,31,306
2471,0.024684244329298412,0.06674151573796373,0.42287545944709026,0.08169934640522876,25,306
2472,0.025416400169997612,0.06976319293541053,0.4328527910069936,0.0784313725490196,24,306
2473,0.022846690415413286,0.06993326538715444,0.4140780309206104,0.06862745098039216,21,306
2474,0.024624478577076607,0.06671224126792148,0.42017777205703577,0.07516339869281045,23,306
2475,0.024893754014220938,0.06821169339808927,0.42705875202013704,0.0718954248366013,22,306
2476,0.024341236540770323,0.06996744854286306,0.4289430214098769,0.0718954248366013,22,306
2477,0.023983593120218662,0.065416550103523,0.42011162597788937,0.0718954248366013,22,306
2478,0.025878723277577443,0.07140067978801783,0.4406580283462765,0.058823529411764705,18,306
2479,0.023955898387542286,0.06846328723037969,0.4213165572574763,0.0915032679738562,28,306
2480,0.024084757512662334,0.06331820844315526,0.40973205474750074,0.06209150326797386,19,306
2481,0.023605865462840513,0.06930287092683328,0.422534002660145,0.08496732026143791,26,306
2482,0.025059639713158197,0.06761933330707524,0.424690007293946,0.0718954248366013,22,306
2483,0.02494165250190072,0.07201228647773686,0.43265792823329186,0.08169934640522876,25,306
2484,0.02319790601970932,0.06496148820814977,0.41047932666866893,0.06862745098039216,21,306
2485,0.02477998279844409,0.07387328111255602,0.43998226569986126,0.06862745098039216,21,306
2486,0.02385392250203186,0.06741082639132,0.4199882724789405,0.0718954248366013,22,306
2487,0.024382187569935355,0.07461172178009784,0.43165679838675075,0.08169934640522876,25,306
2488,0.024674363301036933,0.06892672427469825,0.4229934497504326,0.07516339869281045,23,306
2489,0.02352052162423324,0.0697219385562075,0.4220191358819239,0.0718954248366013,22,306
2490,0.02498476701219107,0.07040403929132832,0.42776669384019106,0.10130718954248366,31,306
2491,0.02437828004502459,0.06386388749939714,0.41155017805809413,0.06209150326797386,19,306
2492,0.023760571611528645,0.07183109372170392,0.42598253743510534,0.0718954248366013,22,306
2493,0.02383748549973336,0.06471392417049375,0.4135828291929463,0.07516339869281045,23,306
2494,0.024608747984535505,0.07174107086272069,0.42357446260780024,0.08169934640522876,25,306
2495,0.025676723849262912,0.07335993582167664,0.4418325681840935,0.08496732026143791,26,306
2496,0.02243166452887412,0.058996841970539705,0.3877089858554655,0.0718954248366013,22,306
2497,0.02612932241306262,0.07376590087333548,0.4434933710902304,0.08496732026143791,26,306
2498,0.025399358413513037,0.06878262812189413,0.4296527509617997,0.08496732026143791,26,306
2499,0.02544924658110396,0.06835577939921761,0.43321391284449595,0.0784313725490196,24,306
2500,0.023517767122405272,0.06594527077418126,0.4098947383475637,0.07516339869281045,23,306
2501,0.024713311606587827,0.07026304046409869,0.4340505713591053,0.08823529411764706,27,306
2502,0.024624543468961792,0.0682918919169722,0.42459168204116077,0.08823529411764706,27,306
2503,0.023835706768310348,0.06977712021812546,0.42513157706554544,0.08169934640522876,25,306
2504,0.02409536077331263,0.06859466092493931,0.4234582600363267,0.0915032679738562,28,306
2505,0.02575018673069529,0.06836505302771195,0.42785071723802576,0.06862745098039216,21,306
2506,0.024114868697819477,0.07225591183370468,0.4359848972411722,0.0718954248366013,22,306
2507,0.023945178541451357,0.06738999101061771,0.42040302627250753,0.06535947712418301,20,306
2508,0.02463313987572525,0.0681069850464917,0.4248187239885013,0.06535947712418301,20,306
2509,0.02546654919497353,0.07113023953059411,0.4404899815506071,0.0915032679738562,28,306
2510,0.023604604854463425,0.06733525094184108,0.41397613020408747,0.0718954248366013,22,306
2511,0.024400000093966756,0.06619110630282077,0.4212682884970181,0.0784313725490196,24,306
2512,0.02553379476431832,0.0734138845926816,0.44197022353799287,0.07516339869281045,23,306
2513,0.023804919218491313,0.06519425883957913,0.41342193332475224,0.058823529411764705,18,306
2514,0.024056927945639746,0.06802654612537642,0.4210412465496775,0.0718954248366013,22,306
2515,0.02472763848724427,0.06814717188776562,0.42954012385406387,0.08169934640522876,25,306
2516,0.024409996022161345,0.07052171123582876,0.4282207777348722,0.06862745098039216,21,306
2517,0.02421397045994151,0.06861434188058914,0.4132699761159022,0.08823529411764706,27,306
2518,0.025902906179278744,0.0790763688874512,0.45535318430800475,0.0784313725490196,24,306
2519,0.023509517706145556,0.07049827481665852,0.4238819524892379,0.06535947712418301,20,306
2520,0.025262727624708693,0.07276462419578368,0.44164664406973586,0.08823529411764706,27,306
2521,0.024213414401251028,0.07258646955333228,0.4338664349766165,0.09803921568627451,30,306
2522,0.025107166278867922,0.06716684143891097,0.4229755724317444,0.0718954248366013,22,306
2523,0.025242516414731492,0.07089140940324379,0.4340755996052688,0.08169934640522876,25,306
2524,0.024682304467701335,0.07080863642207684,0.42952939746285096,0.0718954248366013,22,306
2525,0.02590608131083602,0.07289376508041358,0.4479483989073383,0.0915032679738562,28,306
2526,0.02292241426723937,0.06581591950505353,0.403757454841893,0.09803921568627451,30,306
2527,0.023995045413794765,0.06795875888007269,0.42335993478354145,0.08169934640522876,25,306
2528,0.023488878217762237,0.06583288961385425,0.41040781739391596,0.08169934640522876,25,306
2529,0.024886356351085836,0.06890691130870082,0.4300013586762203,0.06862745098039216,21,306
2530,0.025011854148303436,0.07077039583183521,0.43970337952832483,0.08169934640522876,25,306
2531,0.023804122012398416,0.06775356096822907,0.4144999356416527,0.08496732026143791,26,306
2532,0.023776918775935896,0.06984087099031075,0.42242137555240916,0.06535947712418301,20,306
2533,0.023648895049000935,0.065579006406815,0.4112802305459018,0.08823529411764706,27,306
2534,0.023810060448431196,0.06783146777489348,0.416754265528239,0.08496732026143791,26,306
2535,0.024525403495365552,0.07088705786643014,0.4261863388681512,0.08823529411764706,27,306
2536,0.025248317764273047,0.07485804931661728,0.43958538922498247,0.0718954248366013,22,306
2537,0.02587321819430024,0.07645601987189994,0.45050664321162454,0.06209150326797386,19,306
2538,0.023370834996454252,0.0674963297157642,0.4120757712275282,0.06862745098039216,21,306
2539,0.02437118907696776,0.07045212268156514,0.4324076457716566,0.0915032679738562,28,306
2540,0.023850562863596672,0.06923291184356589,0.424062513407989,0.06535947712418301,20,306
2541,0.023004107734102528,0.06362324932617015,0.40626921811758987,0.06862745098039216,21,306
2542,0.025281844820648738,0.0668801314670868,0.4237854149683214,0.08823529411764706,27,306
2543,0.025141510345247274,0.07100903627663946,0.43484253657699407,0.08169934640522876,25,306
2544,0.023861094477002232,0.07313361994159175,0.4294096194276398,0.0784313725490196,24,306
2545,0.025183426794569783,0.07398311816309347,0.443153702035154,0.08169934640522876,25,306
2546,0.024098049249174656,0.07417246561412678,0.4350820926474164,0.0718954248366013,22,306
2547,0.024753731180921827,0.0736235598341501,0.4376027945824573,0.07516339869281045,23,306
2548,0.024235985975110674,0.06865398716130419,0.42800982537435106,0.08169934640522876,25,306
2549,0.025461978487118817,0.06735740735531046,0.43524656397934813,0.0718954248366013,22,306
2550,0.023499895843942947,0.06516699041228062,0.40869338253171433,0.0718954248366013,22,306
2551,0.023978527497745043,0.07045611509765405,0.42008302226798816,0.05228758169934641,16,306
2552,0.025923509106483777,0.07368510560269231,0.44224732197766053,0.07516339869281045,23,306
2553,0.02658549375531987,0.07527962067138146,0.45254465754208323,0.0784313725490196,24,306
2554,0.02558253469897162,0.07363433180233189,0.43923141831495544,0.08823529411764706,27,306
2555,0.02397064893297121,0.06731421003031644,0.4224696443128674,0.06862745098039216,21,306
2556,0.025904813059359523,0.07363853023096982,0.44736381058623303,0.06535947712418301,20,306
2557,0.023275526331785333,0.06989994058183113,0.4220620414467756,0.0784313725490196,24,306
2558,0.02451002298273533,0.07075294793027319,0.43236831567054246,0.06535947712418301,20,306
2559,0.024820023777437618,0.07355507031212853,0.44061691051329355,0.08169934640522876,25,306
2560,0.025140780184377584,0.07264381552463597,0.44529898027774206,0.06209150326797386,19,306
2561,0.024544731468996953,0.06813047163404148,0.4212396847871169,0.0915032679738562,28,306
2562,0.023392459422444136,0.06937653912931137,0.4202903991647717,0.0718954248366013,22,306
2563,0.024147577298700044,0.06443634532909896,0.41584609773887676,0.0718954248366013,22,306
2564,0.025451750542076334,0.07028504723626182,0.4372077058394474,0.08169934640522876,25,306
2565,0.024176613101854465,0.06616332417118514,0.41580140444215613,0.07516339869281045,23,306
2566,0.023594434090507616,0.0697925092217557,0.4155475465167832,0.06535947712418301,20,306
2567,0.024157878528124326,0.07137204227508268,0.4213165572574763,0.07516339869281045,23,306
2568,0.023859929768266043,0.07003711113831958,0.42179566939832097,0.08169934640522876,25,306
2569,0.02370832843992686,0.06944088043074968,0.4210734257233163,0.07516339869281045,23,306
2570,0.02573969230152221,0.07301491115124586,0.44559574376796673,0.08496732026143791,26,306
2571,0.024244445774387707,0.06796518639725121,0.41856345017948826,0.06535947712418301,20,306
2572,0.024028907055417482,0.06784430925255565,0.42448799359276895,0.0784313725490196,24,306
2573,0.022717413098074134,0.0682846690645694,0.41785372062756543,0.058823529411764705,18,306
2574,0.023637827166177485,0.0632012225952167,0.4014530684629797,0.08496732026143791,26,306
2575,0.024986144989631313,0.0652269891293571,0.42053889389453813,0.06209150326797386,19,306
2576,0.02404923805148195,0.07054450918976406,0.4283119520601822,0.05555555555555555,17,306
2577,0.02388812068180592,0.06908025181013014,0.42299881294603914,0.0718954248366013,22,306
2578,0.025605982873470996,0.06879123165946067,0.4327616166816836,0.06535947712418301,20,306
2579,0.02517369921258163,0.07350420176846242,0.4440725962157292,0.08823529411764706,27,306
2580,0.02555966016691137,0.07427806181052066,0.44598010611976374,0.06535947712418301,20,306
2581,0.023852349435739287,0.07057563247528241,0.429123582328628,0.08169934640522876,25,306
2582,0.024335113491863958,0.07252439714903128,0.4262560604110353,0.0915032679738562,28,306
2583,0.023826584267500235,0.06903134498727367,0.41710466097452836,0.08169934640522876,25,306
2584,0.02475173945832211,0.06927805246949822,0.43039287195549264,0.10457516339869281,32,306
2585,0.02345333211692858,0.06693822733778818,0.40756889918622446,0.058823529411764705,18,306
2586,0.024090071214152506,0.06669044752180053,0.41720298622731367,0.06535947712418301,20,306
2587,0.024826746591164316,0.07199257712401282,0.43349994994350766,0.0718954248366013,22,306
2588,0.02400235687512479,0.06958039925772024,0.41907295376210296,0.06209150326797386,19,306
2589,0.02481849411067655,0.06725392968541688,0.4184615494629653,0.0784313725490196,24,306
2590,0.02364582586920786,0.0673797576540394,0.41348450394016106,0.08169934640522876,25,306
2591,0.025811258035926564,0.07068756023104972,0.4406097595858183,0.08169934640522876,25,306
2592,0.02349333022077139,0.07020649201788541,0.42104482201341514,0.10457516339869281,32,306
2593,0.023382796554939668,0.06271090681621601,0.4023326325424408,0.058823529411764705,18,306
2594,0.026142117249807778,0.07342620759486873,0.44806102601507414,0.0718954248366013,22,306
2595,0.023985843560554727,0.06627766033297067,0.4202296162812317,0.08169934640522876,25,306
2596,0.023990813687514437,0.06633061835862498,0.4186707140916177,0.0784313725490196,24,306
2597,0.02544860714029045,0.06622838454104732,0.42442363524549137,0.08496732026143791,26,306
2598,0.024908802440250517,0.06924290555086048,0.42845497060968807,0.07516339869281045,23,306
2599,0.025756773594121516,0.07638678928899668,0.4514452024427568,0.09803921568627451,30,306
2600,0.02469609623295465,0.06708433184242367,0.4246202857510619,0.06862745098039216,21,306
2601,0.02476171811766841,0.07129376888641502,0.43275089029047065,0.07516339869281045,23,306
2602,0.025869217929420815,0.07203802618315648,0.4433271120264298,0.07516339869281045,23,306
2603,0.02376231906017206,0.07100007621842686,0.4244218475136225,0.08169934640522876,25,306
2604,0.024857448481948645,0.07117871504136475,0.431857024356059,0.07516339869281045,23,306
2605,0.02427493641977805,0.06918297637972533,0.428951960069221,0.0784313725490196,24,306
2606,0.024749180321648526,0.0688384573949681,0.42150248137183394,0.0718954248366013,22,306
2607,0.024117191431352207,0.06734046772147281,0.41382774845897513,0.08823529411764706,27,306
2608,0.022763939653123448,0.06686600730522643,0.41042033151699775,0.06209150326797386,19,306
2609,0.02324416445831899,0.07162614939874354,0.41727807096580427,0.07516339869281045,23,306
2610,0.024516243690532867,0.07134895445285781,0.43254887658929364,0.10130718954248366,31,306
2611,0.024820372185719475,0.06957831089461862,0.42838167360306634,0.06862745098039216,21,306
2612,0.025884278128965623,0.07622476742063362,0.44797700261723944,0.06535947712418301,20,306
2613,0.025184438233909087,0.07287166661578712,0.44079747143204473,0.06535947712418301,20,306
2614,0.024450069328720233,0.06915181376176874,0.4263043291714935,0.09477124183006536,29,306
2615,0.02326733651583266,0.06316558790484489,0.4066106749045351,0.08496732026143791,26,306
2616,0.024075755502077894,0.06226287897938788,0.40402382689034766,0.06209150326797386,19,306
2617,0.025358467123938334,0.07098084841741041,0.43859677350152315,0.0784313725490196,24,306
2618,0.023636525562345006,0.06396237196643165,0.4090652307604296,0.06862745098039216,21,306
2619,0.023586710388055467,0.07091560857464536,0.4226305401810615,0.05228758169934641,16,306
2620,0.024205246127939364,0.07376848568433382,0.4351822056320705,0.0718954248366013,22,306
2621,0.02315999776362821,0.06729133175082369,0.4131823772543299,0.06209150326797386,19,306
2622,0.0248566540464715,0.0729781676942195,0.4358794210609116,0.07516339869281045,23,306
2623,0.024228902668708023,0.06748007616576106,0.4214774531256704,0.0784313725490196,24,306
2624,0.024630890487218803,0.06784287889696701,0.4226913230646015,0.06862745098039216,21,306
2625,0.02307345505814251,0.06993520315002895,0.42533537849859127,0.08823529411764706,27,306
2626,0.026009616873461552,0.0705836411279643,0.44196664807425523,0.08169934640522876,25,306
2627,0.02449388160939134,0.07344805973246459,0.4294131948913774,0.08823529411764706,27,306
2628,0.025504568949315062,0.06833414475691105,0.43064851761273437,0.06535947712418301,20,306
2629,0.02599758312137684,0.07038577270856329,0.44319660760000573,0.0784313725490196,24,306
2630,0.025199178315192895,0.07551399127677723,0.4500757998312381,0.0784313725490196,24,306
2631,0.024531588421729648,0.07472519126713072,0.43665708442384976,0.08823529411764706,27,306
2632,0.025571587961392514,0.07307288722625503,0.44083501380129003,0.05555555555555555,17,306
2633,0.024023076219856786,0.07003693287434105,0.424123296291529,0.08496732026143791,26,306
2634,0.024641385804675515,0.07033684060111638,0.4305966733885385,0.07516339869281045,23,306
2635,0.02477598916253705,0.06944406950994131,0.43051622545444146,0.07516339869281045,23,306
2636,0.024174396373417992,0.07256398507655652,0.42842100370418046,0.0784313725490196,24,306
2637,0.02478557182275548,0.0740843330888175,0.4372327340856109,0.09803921568627451,30,306
2638,0.02388953424787739,0.06873732415187522,0.42127365169262454,0.08169934640522876,25,306
2639,0.02612294127583175,0.07121094426140229,0.4405346748473277,0.0718954248366013,22,306
2640,0.025272055669653053,0.07307472750619183,0.4391509703808584,0.10130718954248366,31,306
2641,0.02415301936463532,0.07021193390342352,0.4214971181762275,0.0718954248366013,22,306
2642,0.02453014156137059,0.06948794693847221,0.42645807411221237,0.0718954248366013,22,306
2643,0.025477119372884972,0.06465906046875439,0.4270033323322035,0.08496732026143791,26,306
2644,0.025436317342224044,0.06689283063625959,0.4195234621930464,0.06862745098039216,21,306
2645,0.023693677850638306,0.07036501196506116,0.421522146422391,0.09477124183006536,29,306
2646,0.02462816632941612,0.07400483741331836,0.4416949128301941,0.07516339869281045,23,306
2647,0.023149224485132156,0.06936853614226035,0.4186903791421747,0.07516339869281045,23,306
2648,0.02377382788558695,0.07046053291282227,0.42392664578595846,0.08169934640522876,25,306
2649,0.024495780924633545,0.06811814920736796,0.4191444630368559,0.0718954248366013,22,306
2650,0.025231019960258845,0.06850620289678369,0.4344867779350982,0.06862745098039216,21,306
2651,0.02531332786412526,0.06923649455136587,0.4317569113714049,0.058823529411764705,18,306
2652,0.025032921440124943,0.06705167736973915,0.4297188970409462,0.07516339869281045,23,306
2653,0.024940030371786864,0.07154542717644516,0.4298923070322221,0.0784313725490196,24,306
2654,0.025252691837905274,0.06831117437923993,0.42677092718925647,0.0915032679738562,28,306
2655,0.024965810674066762,0.07111012659735781,0.4346333719483417,0.06862745098039216,21,306
2656,0.02422972910662904,0.06456557858814574,0.40986077144205607,0.06862745098039216,21,306
2657,0.02361893322334565,0.07145855430161828,0.4262435462879535,0.0718954248366013,22,306
2658,0.02540833077041166,0.07645228997615039,0.4480127572546159,0.06535947712418301,20,306
2659,0.024605355359227855,0.06611710873585219,0.42314004376367614,0.07516339869281045,23,306
2660,0.02462245514965122,0.06403434669150393,0.4117700690779594,0.058823529411764705,18,306
2661,0.023257813704063948,0.06731681893248058,0.41438373307017917,0.0718954248366013,22,306
2662,0.025415928780823674,0.0766733631003305,0.4463144119792337,0.08823529411764706,27,306
2663,0.025380234363819372,0.07079547014129622,0.43581327498176514,0.08496732026143791,26,306
2664,0.026494552118230402,0.07467194826663617,0.4527198552652279,0.09477124183006536,29,306
2665,0.023471721431859275,0.06661528584040183,0.413545286823701,0.08169934640522876,25,306
2666,0.02346374182421621,0.06405503887003361,0.41215621916162526,0.07516339869281045,23,306
2667,0.023673190092165442,0.06718219056979453,0.4124386807968993,0.08496732026143791,26,306
2668,0.024761859830732192,0.07128499081736231,0.43495873914846755,0.06862745098039216,21,306
2669,0.025350262606064253,0.07273937496775498,0.44320018306374337,0.06862745098039216,21,306
2670,0.025456942358394744,0.0631257289050632,0.4283512821612963,0.09477124183006536,29,306
2671,0.024303556263354276,0.0679370898817372,0.4199221263997941,0.06862745098039216,21,306
2672,0.02475597730234322,0.07111058961567494,0.42958481715078445,0.06862745098039216,21,306
2673,0.022899506802050485,0.06526917146352347,0.41038100141588363,0.0915032679738562,28,306
2674,0.025674886297084788,0.07005308791783328,0.43058415926545673,0.08169934640522876,25,306
2675,0.02589545748489511,0.07011633731253832,0.4360742838346134,0.08823529411764706,27,306
2676,0.023730866424654176,0.06796791954547923,0.41719941076357603,0.06209150326797386,19,306
2677,0.024481164227817973,0.07172716325470328,0.4232580340670185,0.06535947712418301,20,306
2678,0.02506544790506758,0.06819317279283903,0.4303303013400838,0.08496732026143791,26,306
2679,0.025761156641738597,0.07272640906707448,0.4449003160709944,0.0718954248366013,22,306
2680,0.025293714472805404,0.06902845780005784,0.4286408947240457,0.0718954248366013,22,306
2681,0.024009069569790327,0.06417112301550389,0.41450351110539035,0.06535947712418301,20,306
2682,0.025069123037261897,0.07459994688459796,0.4392296305830866,0.0718954248366013,22,306
2683,0.024593737246259035,0.06901958698488038,0.4228218274910256,0.06862745098039216,21,306
2684,0.024785275241244537,0.07246514241274958,0.43348207262481947,0.08823529411764706,27,306
2685,0.02415514998266028,0.06249010226157699,0.41162705052845355,0.07516339869281045,23,306
2686,0.02261096239301122,0.06739188384028613,0.4161964931851661,0.07516339869281045,23,306
2687,0.024787448015597152,0.07141227874698873,0.43262038586404655,0.10457516339869281,32,306
2688,0.023031347575878013,0.06853101121775339,0.41953776404799703,0.10130718954248366,31,306
2689,0.025880741967969204,0.06839523602694578,0.43300653594771243,0.0718954248366013,22,306
2690,0.02509050552523222,0.0726817202592037,0.4348103574033552,0.08496732026143791,26,306
2691,0.023594783363950447,0.06714665868978825,0.413484503940161,0.0718954248366013,22,306
2692,0.024311162096401946,0.07071009089218241,0.42894302140987683,0.05555555555555555,17,306
2693,0.024015317350450944,0.06323880450735994,0.4155225182706197,0.0784313725490196,24,306
2694,0.024329114437076187,0.06975996598584838,0.4219690793895968,0.08823529411764706,27,306
2695,0.024551782373361766,0.0689455219857905,0.4308701963644685,0.0718954248366013,22,306
2696,0.023584516971279338,0.06697199438520406,0.4183882524563436,0.08169934640522876,25,306
2697,0.024973194008225518,0.0723442585539877,0.4391420317215143,0.08169934640522876,25,306
2698,0.024104035105276863,0.06882195895176718,0.4167632041875831,0.08496732026143791,26,306
2699,0.024446477936533484,0.06902835502105598,0.4297475007508474,0.05555555555555555,17,306
2700,0.026144623664089806,0.07034969271251282,0.44350409748144337,0.06862745098039216,21,306
2701,0.02564960193365416,0.06941812727023257,0.434275825574577,0.058823529411764705,18,306
2702,0.02544974144033552,0.07179227867056001,0.43892392843351785,0.08169934640522876,25,306
2703,0.025133845349885112,0.07069441922864886,0.4350838803792852,0.08169934640522876,25,306
2704,0.02428066049860413,0.06958310214441137,0.42895017233735216,0.10130718954248366,31,306
2705,0.023241706199789814,0.06824392394787165,0.4215704151828492,0.08169934640522876,25,306
2706,0.02387434672612492,0.06981094206137743,0.42969386879478266,0.08823529411764706,27,306
2707,0.02594613515463767,0.06960435609805736,0.44153580469386877,0.08496732026143791,26,306
2708,0.024798355204895338,0.07166377967615158,0.431107964703022,0.0718954248366013,22,306
2709,0.02476408576236937,0.06691025553379004,0.4222175741193633,0.08169934640522876,25,306
2710,0.022324206324975573,0.06292313483926372,0.4008917206561691,0.08496732026143791,26,306
2711,0.025338121970789915,0.0696560759769739,0.43339268603137826,0.0784313725490196,24,306
2712,0.024051348661138054,0.06723509923618487,0.4193375380786888,0.07516339869281045,23,306
2713,0.02407342351809638,0.06454745847686749,0.412705052845354,0.08496732026143791,26,306
2714,0.023811878316856286,0.07070900768843731,0.42324015674833027,0.08169934640522876,25,306
2715,0.025652490882849488,0.0740320648002813,0.44034159980549475,0.08496732026143791,26,306
2716,0.02399387402605955,0.07081212659037371,0.42679595543542,0.06535947712418301,20,306
2717,0.02407404815511985,0.0685859835739288,0.42415726319703667,0.06535947712418301,20,306
2718,0.025281854386038683,0.07057184372828688,0.43386107178101,0.08496732026143791,26,306
2719,0.02461032355758975,0.06709500014031139,0.4238461978518614,0.06862745098039216,21,306
2720,0.027252777346911686,0.07416021438083704,0.4555981035740335,0.08823529411764706,27,306
2721,0.02370287587357617,0.06633949941652544,0.4165611904864061,0.0457516339869281,14,306
2722,0.025433959467959188,0.0688637248672774,0.4319160195077302,0.0718954248366013,22,306
2723,0.024985303717364103,0.07126944391590889,0.43138148767895196,0.0718954248366013,22,306
2724,0.023828638471455665,0.06876182191883194,0.42100906737603866,0.0718954248366013,22,306
2725,0.026153075707744666,0.07613857543613518,0.45050664321162454,0.09477124183006536,29,306
2726,0.025703526740383703,0.07308854543555489,0.44521138141616967,0.06535947712418301,20,306
2727,0.025114280715586537,0.07628179966590917,0.4505245205303128,0.08169934640522876,25,306
2728,0.022956074704141405,0.06684293877380036,0.41516497189685503,0.0784313725490196,24,306
2729,0.023292402139513314,0.06642271788882567,0.40959261166173255,0.058823529411764705,18,306
2730,0.02521067122101526,0.07111427758519534,0.436229816507201,0.08823529411764706,27,306
2731,0.02279690591471526,0.0707069231877419,0.42117532643983924,0.08823529411764706,27,306
2732,0.025151641579449678,0.07544852051578839,0.44695620772014133,0.08823529411764706,27,306
2733,0.023806929104827033,0.06528798590954499,0.41782690464953304,0.08823529411764706,27,306
2734,0.02459734625070852,0.06603874285139759,0.4144749073954892,0.0915032679738562,28,306
2735,0.026012241474994334,0.06979749116796037,0.4409530041046324,0.08823529411764706,27,306
2736,0.023953235594837932,0.06931632020376904,0.41821663019693656,0.06535947712418301,20,306
2737,0.024674617884023663,0.06914294944148197,0.4254658829250154,0.06209150326797386,19,306
2738,0.024770166216409668,0.07434742501970627,0.44136954563006825,0.07516339869281045,23,306
2739,0.024001154310526168,0.06803222262046874,0.42430206947841137,0.07516339869281045,23,306
2740,0.025156202509033946,0.07498650924325813,0.44608021910441786,0.09477124183006536,29,306
2741,0.02526994769330723,0.0664719174021482,0.43058594699732555,0.08823529411764706,27,306
2742,0.024476958839432763,0.07050696932414456,0.43047868308519616,0.0784313725490196,24,306
2743,0.024466907587251577,0.07069867226361178,0.4243628523619513,0.06862745098039216,21,306
2744,0.025991299674898966,0.07017958934309876,0.43771899715393087,0.08496732026143791,26,306
2745,0.02526253056506182,0.07422218344071181,0.44611776147366317,0.06535947712418301,20,306
2746,0.023358917457070125,0.06886514040124177,0.41689013315026957,0.08169934640522876,25,306
2747,0.024136656942614597,0.06714944196247345,0.4250493413995795,0.0784313725490196,24,306
2748,0.025289973461790488,0.07223003341574014,0.4386879478268332,0.08496732026143791,26,306
2749,0.025115147768838567,0.07200754953902083,0.4397963415855036,0.0718954248366013,22,306
2750,0.025435027373361237,0.07074451736248165,0.43239155618483716,0.08169934640522876,25,306
2751,0.02222799029372397,0.06481016517094094,0.39867672087069694,0.058823529411764705,18,306
2752,0.0246693038849508,0.06468080493348163,0.420823143261681,0.06535947712418301,20,306
2753,0.025978217789927916,0.07330280300111627,0.4486545529955235,0.10457516339869281,32,306
2754,0.025226775566743024,0.07672853620673054,0.4439367285936986,0.10457516339869281,32,306
2755,0.02417056801615439,0.07137102767824438,0.43165501065488193,0.08823529411764706,27,306
2756,0.02502592145038071,0.06917757004680294,0.42684958739148465,0.0718954248366013,22,306
2757,0.02301037398545878,0.06741148254630591,0.41112112240957654,0.09803921568627451,30,306
2758,0.024264165402081546,0.0704381230286802,0.4303016976301826,0.0784313725490196,24,306
2759,0.024501492156569087,0.06492447860970371,0.4152078774617068,0.0915032679738562,28,306
2760,0.024602750327342056,0.06904831588408589,0.42054246935827577,0.06535947712418301,20,306
2761,0.024027129868689174,0.06977141046848116,0.422534002660145,0.0718954248366013,22,306
2762,0.023752691244644374,0.06862665047191978,0.41878870439496,0.07516339869281045,23,306
2763,0.025385618492631764,0.07337094261553895,0.44050964660116415,0.0784313725490196,24,306
2764,0.023730913565674902,0.07000533348344672,0.4300764434147109,0.0718954248366013,22,306
2765,0.023864826234232254,0.06811308848097758,0.4225197008051944,0.0718954248366013,22,306
2766,0.024112930756087482,0.07201304246436795,0.4230059638735144,0.0915032679738562,28,306
2767,0.026524423560852484,0.07326919001717791,0.44490567926660085,0.0784313725490196,24,306
2768,0.0240191020157381,0.07053451393881642,0.424579167918079,0.0784313725490196,24,306
2769,0.024505949560263533,0.06528674939412231,0.4185044550278171,0.0784313725490196,24,306
2770,0.024163873222443545,0.07020203291541352,0.4262632113385106,0.0784313725490196,24,306
2771,0.024245785843610052,0.06779259886255062,0.4250600677907925,0.0718954248366013,22,306
2772,0.0250909334501708,0.06823184290856411,0.4313010397448549,0.06862745098039216,21,306
2773,0.026032280185769613,0.07555563777337461,0.44562971067347434,0.09477124183006536,29,306
2774,0.023055119587715476,0.06475071708766157,0.3999120435920539,0.08496732026143791,26,306
2775,0.02516081777509189,0.0729048450295521,0.43921532872813607,0.08823529411764706,27,306
2776,0.024376501523104666,0.06995763387998083,0.42635796112755825,0.0784313725490196,24,306
2777,0.025137599023216238,0.06951306909468005,0.4312527709843967,0.07516339869281045,23,306
2778,0.024214095850401112,0.07204303786369512,0.42433424865205016,0.0718954248366013,22,306
2779,0.02530678767108706,0.0710695332448686,0.43713798429656325,0.06535947712418301,20,306
2780,0.023742498456073232,0.06745784368992243,0.41930535890505,0.0784313725490196,24,306
2781,0.024574054500047432,0.07023865938359787,0.4263651120550335,0.0718954248366013,22,306
2782,0.0246686614650884,0.0748401963516097,0.4451416598732856,0.05228758169934641,16,306
2783,0.022638007522265385,0.06690797405543343,0.41440161038886747,0.0718954248366013,22,306
2784,0.023937548816519497,0.07375304126100385,0.4326150226684401,0.058823529411764705,18,306
2785,0.024252377096633013,0.06530759025591111,0.42041911585932695,0.06535947712418301,20,306
2786,0.02467857886556571,0.06625318800489105,0.42212282433031567,0.0718954248366013,22,306
2787,0.023744500989467957,0.06465482604941838,0.4184007665794253,0.08823529411764706,27,306
2788,0.023157581904195396,0.06501947702234241,0.4132377969422634,0.08823529411764706,27,306
2789,0.025186042858890624,0.06995076567123519,0.4310007007908926,0.08823529411764706,27,306
2790,0.024198855711861766,0.06982323010642387,0.4262936027802806,0.058823529411764705,18,306
2791,0.024301591007019823,0.06840248542770044,0.42291121408446675,0.08823529411764706,27,306
2792,0.026013442053091213,0.0766846268866899,0.45437529497575835,0.06862745098039216,21,306
2793,0.02638673437121648,0.07271580938682462,0.44266386350309633,0.0718954248366013,22,306
2794,0.02543865140057867,0.07094870458540245,0.4303303013400838,0.08169934640522876,25,306
2795,0.025021622923282184,0.07046317709120488,0.4391563335764649,0.0915032679738562,28,306
2796,0.02354353330380558,0.06742956913376193,0.41170571073068174,0.0718954248366013,22,306
2797,0.02503348990025443,0.07287347959447842,0.4441119263168433,0.0784313725490196,24,306
2798,0.02495097433419063,0.06728554588451359,0.4226519929634874,0.058823529411764705,18,306
2799,0.024100488392375618,0.06693633569748819,0.4185831152300453,0.06209150326797386,19,306
2800,0.02495633466826985,0.07338278395417915,0.44502545730181203,0.07516339869281045,23,306
2801,0.02449729043075478,0.06758285340142235,0.42252148853706323,0.08169934640522876,25,306
2802,0.02379558678710459,0.07036335742992796,0.4234886514780967,0.0915032679738562,28,306
2803,0.025132321765149044,0.07333787556000033,0.4403362366098883,0.0718954248366013,22,306
2804,0.022927157370522828,0.06533680506179258,0.4051518856995753,0.0718954248366013,22,306
2805,0.025903945915245682,0.07345234697318546,0.43857174525535964,0.06535947712418301,20,306
2806,0.025427884894842292,0.07161250684553858,0.43371447776776645,0.058823529411764705,18,306
2807,0.023833740881161636,0.0707763500120763,0.43091488966118907,0.08169934640522876,25,306
2808,0.02524356874812888,0.07071121070614528,0.4397355587019636,0.08823529411764706,27,306
2809,0.025719683724592754,0.06599232007193345,0.42310786459003735,0.05228758169934641,16,306
2810,0.024390849384784658,0.06810381748441466,0.4248258749159766,0.08169934640522876,25,306
2811,0.02360945598212455,0.06727194115567438,0.41642889832811314,0.07516339869281045,23,306
2812,0.023846358645709127,0.0666185674106723,0.4162966061698202,0.06862745098039216,21,306
2813,0.025225375160637904,0.07358938242071339,0.43900258863574604,0.0718954248366013,22,306
2814,0.022918662865338987,0.0656902845696246,0.40495165973026703,0.058823529411764705,18,306
2815,0.025246201042597127,0.06998876491019952,0.43388788775904236,0.0915032679738562,28,306
2816,0.02508435636939178,0.06844241178466966,0.4284442442184751,0.0784313725490196,24,306
2817,0.024426127545686297,0.0685968910153013,0.42415011226956134,0.09803921568627451,30,306
2818,0.024855177923335577,0.07183016901504086,0.4351589651177758,0.06862745098039216,21,306
2819,0.025104686247500563,0.07096964454575487,0.43024091474664267,0.09477124183006536,29,306
2820,0.023433860896260452,0.06839573662810301,0.4123939875001788,0.0784313725490196,24,306
2821,0.025475394433671722,0.07053899043871086,0.43258284349480125,0.09477124183006536,29,306
2822,0.02411427507440158,0.06236645622472546,0.41398328113156274,0.0718954248366013,22,306
2823,0.024209023038253924,0.06905766729302172,0.4232115530384291,0.0915032679738562,28,306
2824,0.023806865712932234,0.07129691134215206,0.42627930092533,0.06209150326797386,19,306
2825,0.025608227765932527,0.07156170804375378,0.4437972855079304,0.08823529411764706,27,306
2826,0.02548831800327255,0.0713103770639441,0.43645149525893506,0.08496732026143791,26,306
2827,0.025497857264503633,0.07529546944997893,0.44399214828163214,0.0915032679738562,28,306
2828,0.0238533688086026,0.06713440321973592,0.4196164242502253,0.08496732026143791,26,306
2829,0.025570789248964592,0.0704657342528542,0.4341560475393659,0.07516339869281045,23,306
2830,0.02425999023655923,0.07186333213998752,0.4287141917306675,0.08496732026143791,26,306
2831,0.023790879853188288,0.06918845242504698,0.4223784699875574,0.07516339869281045,23,306
2832,0.024747111086560674,0.07751264583981199,0.44785543685015944,0.0718954248366013,22,306
2833,0.024188688491507567,0.06860904107391753,0.427351940046624,0.07516339869281045,23,306
2834,0.02438477123646545,0.067854748906098,0.4237764763089773,0.06862745098039216,21,306
2835,0.02421771732683861,0.06706358344761819,0.4170832081921025,0.07516339869281045,23,306
2836,0.02367171571140051,0.06549301879318452,0.4106312838775189,0.06535947712418301,20,306
2837,0.025002899230782537,0.07043878842177187,0.42872849358561804,0.07516339869281045,23,306
2838,0.022348562547927147,0.06619149877970311,0.41057943965332305,0.10130718954248366,31,306
2839,0.02352035478523929,0.07170345890424171,0.42066939832096223,0.0784313725490196,24,306
2840,0.026064920391449073,0.07663575981673669,0.44948763604639524,0.0718954248366013,22,306
2841,0.024297570409093264,0.0722555882516384,0.43559874715750635,0.06209150326797386,19,306
2842,0.024483794015360494,0.06813094814274112,0.4217366742466498,0.0718954248366013,22,306
2843,0.025267516032492558,0.06830567593544569,0.42615058423077473,0.07516339869281045,23,306
2844,0.024747364281508928,0.07088082784847934,0.43222350938916776,0.0718954248366013,22,306
2845,0.025465730142737356,0.06949561195454047,0.4336322421018006,0.10457516339869281,32,306
2846,0.024554377196618002,0.07095290360169028,0.428081334649104,0.08496732026143791,26,306
2847,0.023952983721469253,0.07114670333641937,0.42609337681097237,0.06862745098039216,21,306
2848,0.024012454097306523,0.0701001626500072,0.4241930178344131,0.06535947712418301,20,306
2849,0.02456182898744011,0.07302797829819571,0.435602322621244,0.0718954248366013,22,306
2850,0.024197647541906998,0.06896842948036994,0.4267977431672888,0.06535947712418301,20,306
2851,0.024979228205733603,0.06855123845731381,0.432059038057236,0.0784313725490196,24,306
2852,0.024025767538436247,0.07268002261578067,0.42517448263039714,0.06535947712418301,20,306
2853,0.022225186962857062,0.06467690763760589,0.40327834270104834,0.0784313725490196,24,306
2854,0.02538919203955073,0.07263100672728091,0.4402879678494301,0.06535947712418301,20,306
2855,0.025232018663190765,0.07050212225457735,0.42793831609959815,0.06862745098039216,21,306
2856,0.02459572116820039,0.0681024221848978,0.4242931308190672,0.058823529411764705,18,306
2857,0.02497418522336896,0.07237771538467107,0.4376278228286209,0.06535947712418301,20,306
2858,0.026129997769933515,0.07289441320778403,0.45211023869795913,0.0784313725490196,24,306
2859,0.025567297640276147,0.07221726615613047,0.4352429885156105,0.06862745098039216,21,306
2860,0.024232798267391373,0.07110819944978762,0.43122416727449553,0.0718954248366013,22,306
2861,0.02428998707563411,0.06674868841807549,0.42191723516540097,0.0784313725490196,24,306
2862,0.024213910832041764,0.06737271924374147,0.4215596887916363,0.07516339869281045,23,306
2863,0.022855437395991243,0.06503375819040985,0.40731325352898273,0.0718954248366013,22,306
2864,0.0252539059135091,0.07142501591079417,0.43287781925315716,0.08169934640522876,25,306
2865,0.023889648143086435,0.06721133677125707,0.4226645070865691,0.06209150326797386,19,306
2866,0.025096435487308864,0.06949645180845747,0.43294575306417243,0.06862745098039216,21,306
2867,0.025598995789443267,0.07433682005926417,0.44575127644055434,0.08169934640522876,25,306
2868,0.02456783227860554,0.07309622054084236,0.43508030491554756,0.06862745098039216,21,306
2869,0.02403740121412338,0.07147671175777856,0.4249903462479084,0.08496732026143791,26,306
2870,0.024434610328036097,0.06929552155827962,0.4259432073339912,0.05228758169934641,16,306
2871,0.02382243692401426,0.06721026576190439,0.413495230331374,0.06862745098039216,21,306
2872,0.025289995247616586,0.07420139062939142,0.4388434804994208,0.0718954248366013,22,306
2873,0.02590443003292409,0.07270640423287311,0.4429874429713534,0.08169934640522876,25,306
2874,0.025550490843347214,0.0708256505315055,0.43707720141302325,0.09477124183006536,29,306
2875,0.024046739073771126,0.06936140555786956,0.42257512049312795,0.0718954248366013,22,306
2876,0.024469525322542304,0.0680137562003779,0.42087677521774575,0.08496732026143791,26,306
2877,0.025761155235861585,0.07067879837542168,0.442940961942764,0.09477124183006536,29,306
2878,0.024289009074762682,0.06495499018163339,0.41114615065574006,0.06862745098039216,21,306
2879,0.023549527374030682,0.06804246503112867,0.41289276469158054,0.08496732026143791,26,306
2880,0.022341060223986048,0.06920222572822954,0.41603202185323435,0.07516339869281045,23,306
2881,0.025029207460487698,0.06924892390459274,0.43099354986341726,0.06862745098039216,21,306
2882,0.023298812326718932,0.06613015140620374,0.4114840319789477,0.08169934640522876,25,306
2883,0.024833130297476594,0.06690669226101989,0.4230595958295791,0.08823529411764706,27,306
2884,0.02590632703556926,0.07303443361250167,0.4448466841149297,0.07516339869281045,23,306
2885,0.02409485291870823,0.07134603467000013,0.43108293645685847,0.08169934640522876,25,306
2886,0.023644447916939915,0.06859912543109861,0.4152454198309521,0.08823529411764706,27,306
2887,0.024015273337963643,0.0689492605224311,0.4195967591996682,0.09477124183006536,29,306
2888,0.025418582831924524,0.07342530570156594,0.44408868580254857,0.08169934640522876,25,306
2889,0.024731114863836924,0.06734495245807036,0.4193786559116717,0.06862745098039216,21,306
2890,0.025274789415569304,0.0704100130435413,0.43514108779908756,0.08496732026143791,26,306
2891,0.024231777154283752,0.06742531145806613,0.421309406330001,0.0718954248366013,22,306
2892,0.023894414332757203,0.07144502873090905,0.4336322421018006,0.1111111111111111,34,306
2893,0.024780343285098583,0.07124296143974744,0.4288786630625992,0.0784313725490196,24,306
2894,0.024623064019982436,0.07145327254345821,0.43204652393415427,0.08169934640522876,25,306
2895,0.02508234561167742,0.06889539752699379,0.4229576951130562,0.0784313725490196,24,306
2896,0.02405627423039337,0.07136156414973932,0.4297582271420603,0.0718954248366013,22,306
2897,0.023740907785603463,0.07192128030739556,0.4294114071595086,0.0915032679738562,28,306
2898,0.025626941258027728,0.07050897810380354,0.4348157205989617,0.0915032679738562,28,306
2899,0.026037520765498902,0.0735876643803106,0.449732555312424,0.0784313725490196,24,306
2900,0.023303978415243388,0.06586810023115847,0.40438137326411233,0.08169934640522876,25,306
2901,0.025411280164366258,0.07093296875981187,0.43623339197093863,0.058823529411764705,18,306
2902,0.02318381220697621,0.06688263527116307,0.4123063886386064,0.0784313725490196,24,306
2903,0.026434610177985325,0.07090914702688463,0.4331567054246936,0.08823529411764706,27,306
2904,0.024587974437322885,0.06990309426029469,0.4260611976373336,0.06862745098039216,21,306
2905,0.02541368017413983,0.07321328509050105,0.4398678508602566,0.0718954248366013,22,306
2906,0.026026539812886634,0.06928477624329796,0.43847520773444315,0.08496732026143791,26,306
2907,0.024039598600703236,0.07124808494734189,0.4334874358204259,0.08169934640522876,25,306
2908,0.024900807937947408,0.06683506965632265,0.42032079060654165,0.08169934640522876,25,306
2909,0.025503090506977345,0.07130426186855589,0.42909497861872686,0.08496732026143791,26,306
2910,0.02580260463065308,0.07710215557292549,0.4541393143690737,0.08823529411764706,27,306
2911,0.023773425234330566,0.0673239823813424,0.41515245777377324,0.07516339869281045,23,306
2912,0.02379238280293955,0.06702285488436706,0.41668633171722375,0.06862745098039216,21,306
2913,0.025255662781387696,0.065772248213656,0.4241107821684473,0.08823529411764706,27,306
2914,0.024664353011839165,0.0679920077169106,0.4224571301897856,0.06209150326797386,19,306
2915,0.02373434039814002,0.0691118870784019,0.4211342086068563,0.08496732026143791,26,306
2916,0.02485473092244617,0.07124007037812118,0.42722501108393757,0.06209150326797386,19,306
2917,0.0233595353311759,0.07165030412965083,0.4209214685144663,0.06535947712418301,20,306
2918,0.024676944694334055,0.07040339132028009,0.42722322335206875,0.08496732026143791,26,306
2919,0.02402514763047669,0.07235406666983353,0.4261934897956265,0.0718954248366013,22,306
2920,0.02450285800029391,0.07273914761270621,0.4387165515367343,0.08496732026143791,26,306
2921,0.023625354751277885,0.06861509056513444,0.41915518942806884,0.0718954248366013,22,306
2922,0.025051132426373694,0.07204646459860976,0.43769575663963617,0.0915032679738562,28,306
2923,0.02254184027381726,0.06524069367718281,0.401753407416942,0.0784313725490196,24,306
2924,0.024371045876816603,0.06904626688801951,0.4311866249052502,0.09477124183006536,29,306
2925,0.024725022357857875,0.07398678950626318,0.4353359505727893,0.08496732026143791,26,306
2926,0.023787808112801408,0.07478971206228321,0.43754379943078614,0.08823529411764706,27,306
2927,0.024751889956675245,0.06564633959555569,0.41728700962514836,0.06862745098039216,21,306
2928,0.024680060121614774,0.06542376376077919,0.4203386679252299,0.07516339869281045,23,306
2929,0.02549654194456237,0.07161184288011228,0.43726848872298735,0.08823529411764706,27,306
2930,0.023346094727438666,0.06633718217933249,0.41551715507501324,0.08496732026143791,26,306
2931,0.024794422259172756,0.07251380327617102,0.4452650133722344,0.06862745098039216,21,306
2932,0.02428728468507105,0.07336275388202183,0.4333176012928877,0.09803921568627451,30,306
2933,0.023225229602753545,0.06217287932389321,0.4008970838517756,0.06862745098039216,21,306
2934,0.02496838339377147,0.06762884507102333,0.42281825202728796,0.08169934640522876,25,306
2935,0.024667919846137684,0.07046478062765126,0.42887329986699274,0.08496732026143791,26,306
2936,0.024301161795954568,0.06832931160995459,0.4275199868422934,0.06535947712418301,20,306
2937,0.024471741812827085,0.07006237602970568,0.4275325009653752,0.06535947712418301,20,306
2938,0.023576574150383136,0.06895523725520784,0.42677986584860056,0.08496732026143791,26,306
2939,0.024961188428338606,0.06960681373606409,0.430773658843552,0.0718954248366013,22,306
2940,0.023838485254719877,0.06904192236829634,0.4243592768982137,0.0784313725490196,24,306
2941,0.024422230144515555,0.06951185297100688,0.42893587048240156,0.07516339869281045,23,306
2942,0.02531585701176927,0.06982532378638938,0.432747314826733,0.0784313725490196,24,306
2943,0.025782887328405647,0.07379065675023794,0.44057579268031066,0.0784313725490196,24,306
2944,0.024266883197668662,0.07332400053023691,0.431735458588979,0.07516339869281045,23,306
2945,0.024063894173745215,0.06796495022786783,0.42543012828763893,0.07516339869281045,23,306
2946,0.023980936208267602,0.06766474766935686,0.41405836587005335,0.06862745098039216,21,306
2947,0.024357272059923506,0.07487495105928688,0.4454044564580026,0.06535947712418301,20,306
2948,0.025110473223499644,0.06651520527290812,0.42234629081391856,0.07516339869281045,23,306
2949,0.023139339356824003,0.0687985039963122,0.42120214241787157,0.08169934640522876,25,306
2950,0.02484643715120906,0.07310564614804187,0.43983567168661775,0.0784313725490196,24,306
2951,0.0238583518743647,0.06912146815680215,0.4216061698202257,0.06209150326797386,19,306
2952,0.024611103682177178,0.07357087048024848,0.4365426695842451,0.09477124183006536,29,306
2953,0.02518748265045029,0.07182791673375252,0.43498376739463107,0.08169934640522876,25,306
2954,0.023817398553312233,0.06867443401826043,0.4138241729952375,0.0915032679738562,28,306
2955,0.024271403440588868,0.06687581778100754,0.4136203715621916,0.08823529411764706,27,306
2956,0.02466046857650338,0.07139922571894365,0.43087734729194377,0.0784313725490196,24,306
2957,0.02474245963456418,0.0725171799631742,0.4380372134265814,0.0718954248366013,22,306
2958,0.023694254338991777,0.07179401158856596,0.4228843981064344,0.08169934640522876,25,306
2959,0.024540727260057325,0.07076354498702227,0.42411793309592255,0.08823529411764706,27,306
2960,0.025907744540327005,0.07284899230896091,0.44246542526565696,0.08169934640522876,25,306
2961,0.024346848280758362,0.07264832679490939,0.4370843523404986,0.07516339869281045,23,306
2962,0.023751269203135708,0.06561951743560895,0.40964088042219077,0.08169934640522876,25,306
2963,0.02381171896845776,0.06727431856372014,0.41584073454327025,0.07516339869281045,23,306
2964,0.02502617943097155,0.071960745976348,0.4336322421018006,0.06862745098039216,21,306
2965,0.026296914758320907,0.07420400591388936,0.44623217631326784,0.08823529411764706,27,306
2966,0.024645011244996348,0.06997370294995393,0.4323093205188713,0.0718954248366013,22,306
2967,0.025024478082385587,0.07232908652654658,0.43614221764562866,0.08169934640522876,25,306
2968,0.026247164462323037,0.07655880221193263,0.45059424207319687,0.08169934640522876,25,306
2969,0.02376710967959855,0.06827495174759787,0.4168919208821384,0.06535947712418301,20,306
2970,0.024972688322720343,0.06645962057968988,0.42358161353527557,0.06535947712418301,20,306
2971,0.02546819349189884,0.07109738508525616,0.4367858011184051,0.07516339869281045,23,306
2972,0.02420261578262918,0.06734447438108651,0.4224607056535233,0.07516339869281045,23,306
2973,0.02436929027486713,0.06594016877015753,0.41617682813460904,0.07516339869281045,23,306
2974,0.022629268791120583,0.06969424330467798,0.41935899086111467,0.0784313725490196,24,306
2975,0.024485105309436428,0.06128124049253442,0.40714699446518215,0.08169934640522876,25,306
2976,0.023584918795051604,0.07283086689431305,0.42505828005892365,0.09803921568627451,30,306
2977,0.025367071824925307,0.07166991462124102,0.43945309706668956,0.07516339869281045,23,306
2978,0.025512396581299335,0.07126980594742537,0.4438813089057651,0.08823529411764706,27,306
2979,0.022330985860034788,0.06555442151769879,0.4071291171464939,0.08496732026143791,26,306
2980,0.023687880440742947,0.06655327402607755,0.42023497947683813,0.0718954248366013,22,306
2981,0.023535656788873233,0.06748470848770999,0.4218475136225168,0.08496732026143791,26,306
2982,0.02514976946628276,0.06810935247612086,0.4343294575306417,0.0718954248366013,22,306
2983,0.02378917410461408,0.06999181444651388,0.4171815334448878,0.08169934640522876,25,306
2984,0.02288081570377042,0.06664206381540408,0.41237432244962174,0.07516339869281045,23,306
2985,0.024509074229830754,0.06732957012700194,0.4260719240285465,0.08169934640522876,25,306
2986,0.024241926833770976,0.0671766282461819,0.4245130218389325,0.06862745098039216,21,306
2987,0.02417145399454888,0.0718814231975,0.43291178615866477,0.07516339869281045,23,306
2988,0.02517196714643606,0.07383381919598961,0.43673038143047155,0.08169934640522876,25,306
2989,0.023992552646218322,0.07472734997242521,0.4323271978375595,0.06535947712418301,20,306
2990,0.02423428516638786,0.06769782848526532,0.4220495273236939,0.08496732026143791,26,306
2991,0.024924092588021904,0.07404241999616544,0.4432770555341028,0.0718954248366013,22,306
2992,0.026218989445669093,0.06731329816433596,0.4371093805866621,0.08496732026143791,26,306
2993,0.024876189782988077,0.06689413899910629,0.4264151685473606,0.0784313725490196,24,306
2994,0.025110204040490514,0.06871954440757616,0.43016404227628324,0.10130718954248366,31,306
2995,0.023590387612443555,0.06638014348066737,0.4146787088285351,0.0784313725490196,24,306
2996,0.02646718025696082,0.0729361224782857,0.4425655382503111,0.0915032679738562,28,306
2997,0.024483331684439526,0.0687590990027209,0.42399815506071137,0.08169934640522876,25,306
2998,0.02404239569400525,0.0680758000870828,0.42012771556470874,0.08169934640522876,25,306
2999,0.023989936580337788,0.0648076934113153,0.4056685402096652,0.06535947712418301,20,306
3000,0.024053253342972508,0.0719639826834645,0.4295436993178015,0.07516339869281045,23,306
3001,0.025299573921784346,0.06565502951235695,0.4245577151356531,0.0718954248366013,22,306
3002,0.02412149607729627,0.06959435189936111,0.4283012256689693,0.0915032679738562,28,306
3003,0.02516148859670145,0.07039045242283051,0.43500522017705695,0.05228758169934641,16,306
3004,0.024853229001356985,0.06958732031977613,0.42684958739148465,0.0718954248366013,22,306
3005,0.024230275118430174,0.07089789685211706,0.4328420646157807,0.06209150326797386,19,306
3006,0.025483398002131934,0.07246754605169438,0.44239034052716636,0.07516339869281045,23,306
3007,0.02465601206655553,0.07218662332249058,0.4340523590909741,0.08169934640522876,25,306
3008,0.024446079693627353,0.06662208352919834,0.4255963873514395,0.08496732026143791,26,306
3009,0.023930425212264357,0.0702244792735037,0.42310428912629966,0.10130718954248366,31,306
3010,0.024332912603138013,0.06730449913265939,0.41589079103559734,0.06862745098039216,21,306
3011,0.022713186935769524,0.06819890231735753,0.40683235365626924,0.07516339869281045,23,306
3012,0.0259362224976613,0.07246998635996219,0.44516311265571146,0.08823529411764706,27,306
3013,0.024104992608167987,0.06505109927195063,0.41109430643154415,0.0784313725490196,24,306
3014,0.02469747016652787,0.0675649987458707,0.42228908339411625,0.0718954248366013,22,306
3015,0.023758639207264787,0.067951948511164,0.41968435806124055,0.07516339869281045,23,306
3016,0.023909108804979897,0.06906111825754642,0.4187869166630912,0.06209150326797386,19,306
3017,0.023486670104029446,0.0718116192062791,0.4259289054790406,0.06535947712418301,20,306
3018,0.024375224699194637,0.07158049872569186,0.4296152085925545,0.058823529411764705,18,306
3019,0.02364605895484307,0.070685872700733135,0.4221120979391027,0.07516339869281045,23,306
3020,0.025287685388393353,0.06687303205426988,0.42986370332232093,0.0784313725490196,24,306
3021,0.02298676121907406,0.06570010866585875,0.41335578724560573,0.08496732026143791,26,306
3022,0.025238656233450996,0.07208365171980408,0.44110138584974473,0.0718954248366013,22,306
3023,0.026611010518687014,0.07388393840741388,0.45226577137054674,0.08169934640522876,25,306
3024,0.02468351535627479,0.06976878750282889,0.4321734528968407,0.0718954248366013,22,306
3025,0.024761873700952487,0.07222122294659884,0.4329529039916477,0.08496732026143791,26,306
3026,0.024590138603975496,0.06975728036378145,0.42920939345833153,0.06535947712418301,20,306
3027,0.024328905162318483,0.06479606451029427,0.41840612977503183,0.0915032679738562,28,306
3028,0.025449491076472378,0.0727051024151005,0.44206676105890935,0.08823529411764706,27,306
3029,0.024201621016480414,0.06986558065570557,0.4240464238211696,0.06209150326797386,19,306
3030,0.02457750714143879,0.06920483372048503,0.42083029418915635,0.08169934640522876,25,306
3031,0.023653668761697687,0.07188581866080902,0.43479784328027343,0.08169934640522876,25,306
3032,0.02502945520259702,0.07432536777541286,0.4438437665365198,0.08169934640522876,25,306
3033,0.02445906527650746,0.0757082829911182,0.4439724832310751,0.08169934640522876,25,306
3034,0.02487805531590171,0.06569228062293948,0.4209196807825975,0.08496732026143791,26,306
3035,0.023769475985963146,0.07404801309199979,0.43325145521374125,0.0784313725490196,24,306
3036,0.023547988319684663,0.06643580294399447,0.4115448148624877,0.0784313725490196,24,306
3037,0.02505056900298906,0.06824365022506063,0.4241322349508731,0.0915032679738562,28,306
3038,0.02460568216868381,0.07037937875428363,0.4315781381845225,0.06862745098039216,21,306
3039,0.025140836239415317,0.06529179447113072,0.41859920481686475,0.07516339869281045,23,306
3040,0.02394946382709034,0.06911236468146116,0.4210483974771528,0.06862745098039216,21,306
3041,0.024031886859180864,0.0686624007976033,0.42181712218074685,0.06535947712418301,20,306
3042,0.02436024022819057,0.0647994195502253,0.4123403555441141,0.0915032679738562,28,306
3043,0.02426976122823266,0.06848156840203498,0.42535861901288596,0.10457516339869281,32,306
3044,0.025444354268032116,0.0703759804889387,0.4355755066432116,0.0784313725490196,24,306
3045,0.022924272136812838,0.06683679094308177,0.41473055305273093,0.0784313725490196,24,306
3046,0.02463217812001992,0.06578480537890305,0.42157577837845567,0.09477124183006536,29,306
3047,0.025123474226095534,0.07232348954745843,0.44259414196021224,0.0718954248366013,22,306
3048,0.023011112568919773,0.06744588287055853,0.41018077544657544,0.06535947712418301,20,306
3049,0.024895855317235527,0.06520533375072762,0.4217491883697316,0.06209150326797386,19,306
3050,0.0248065782938329,0.06985994821164852,0.4304965604038844,0.0718954248366013,22,306
3051,0.02558902304375195,0.06923756226802193,0.4268656769783041,0.0784313725490196,24,306
3052,0.02458016021502078,0.06414200814659933,0.4221371261852662,0.06535947712418301,20,306
3053,0.02377665540498714,0.0671413625523978,0.41418171936900217,0.08823529411764706,27,306
3054,0.023978090493233347,0.06499049378957422,0.41640565781381844,0.0784313725490196,24,306
3055,0.0251949208063752,0.07090601552688153,0.4409744568870583,0.08169934640522876,25,306
3056,0.02411505128760022,0.06668427540415901,0.4245952575048984,0.06862745098039216,21,306
3057,0.026515979085049615,0.0724722886364622,0.4456851303614079,0.0718954248366013,22,306
3058,0.02398372371909749,0.06730955558788655,0.4130554482916434,0.0718954248366013,22,306
3059,0.02447928655122022,0.0653299780257285,0.41535983467055676,0.06535947712418301,20,306
3060,0.0249329039214682,0.07418167739154272,0.4397587992162583,0.08169934640522876,25,306
3061,0.025109315506573176,0.06261697243884057,0.41519000014301854,0.09803921568627451,30,306
3062,0.025315088767408737,0.07125208596247157,0.4321412737232019,0.07516339869281045,23,306
3063,0.022959632250432047,0.06476206522964358,0.40484260808626876,0.08169934640522876,25,306
3064,0.02401266361483553,0.0662099127620657,0.42182606084009094,0.06535947712418301,20,306
3065,0.024801629051311037,0.06821118653776416,0.4246560403884384,0.07516339869281045,23,306
3066,0.02481479561142456,0.07019795800812105,0.42998884455313857,0.08823529411764706,27,306
3067,0.02454840648133817,0.06973881689415269,0.43403984496789233,0.07516339869281045,23,306
3068,0.025253930044950072,0.07370975991048094,0.43764570014730914,0.0915032679738562,28,306
3069,0.0234588453429109,0.07081461415950693,0.4255373921997683,0.0718954248366013,22,306
3070,0.02496401488174824,0.06581134494314961,0.4176767351725519,0.0784313725490196,24,306
3071,0.02346442204640639,0.06899728802606238,0.41958960827219294,0.08169934640522876,25,306
3072,0.025739598176442325,0.07366363910555944,0.4449986413237797,0.09477124183006536,29,306
3073,0.026287229811569935,0.07440758200487854,0.4443622087784786,0.06862745098039216,21,306
3074,0.02507904406135502,0.07601132581187443,0.4429642024570587,0.0784313725490196,24,306
3075,0.025013772652708564,0.06751763391989875,0.4234886514780967,0.06862745098039216,21,306
3076,0.02519006722575139,0.07074163969735923,0.4348461120407317,0.08823529411764706,27,306
3077,0.024634863167349006,0.07717742963866447,0.4384180003146408,0.08823529411764706,27,306
3078,0.024088552777874566,0.06698159929994849,0.41869753006965005,0.10784313725490197,33,306
3079,0.02529538138249053,0.07286238599233356,0.4378566525078303,0.08823529411764706,27,306
3080,0.024474793458022975,0.06698373212536074,0.4164503511105391,0.08496732026143791,26,306
3081,0.025635884764161874,0.07601250906284102,0.44280866978447103,0.0718954248366013,22,306
3082,0.02501641742289088,0.07529088421770838,0.45034217187969283,0.06209150326797386,19,306
3083,0.025390933687268826,0.06929957082849948,0.4321591510418901,0.07516339869281045,23,306
3084,0.02569219600071044,0.06772349221411231,0.42614343330329946,0.07516339869281045,23,306
3085,0.02604568356023112,0.07155877510225574,0.44004304858340126,0.07516339869281045,23,306
3086,0.025000938402883786,0.06889451861026862,0.4296187840562921,0.0718954248366013,22,306
3087,0.02426526497732483,0.06575512748620461,0.4159408475279244,0.06535947712418301,20,306
3088,0.024272737856879265,0.06637979639756313,0.419872069907467,0.0915032679738562,28,306
3089,0.025873912606861806,0.07209561844208472,0.4437382903562592,0.06535947712418301,20,306
3090,0.024575710664131476,0.07274406329515284,0.4358919351839934,0.0784313725490196,24,306
3091,0.024406539668963334,0.06523916880258264,0.41986134351625404,0.058823529411764705,18,306
3092,0.024235795802362837,0.06881561713269332,0.42263411564479914,0.0915032679738562,28,306
3093,0.022723560951965715,0.0660005878689045,0.4069199525178416,0.058823529411764705,18,306
3094,0.025188677173095187,0.0699418105235388,0.43371805323150414,0.058823529411764705,18,306
3095,0.024690037531399832,0.06607425686407548,0.4253157134480342,0.0718954248366013,22,306
3096,0.0246853492943027,0.06964116904843783,0.42600935341313767,0.07516339869281045,23,306
3097,0.024570997689233876,0.0711702284398287,0.4253675576722301,0.06209150326797386,19,306
3098,0.02444520307898722,0.07237738869621899,0.4276683685874058,0.08823529411764706,27,306
3099,0.026235880456308574,0.0736611720755095,0.4483077330129718,0.09803921568627451,30,306
3100,0.023417498917143252,0.06899464031128384,0.4208982280001716,0.08823529411764706,27,306
3101,0.025532776272755096,0.0701827275699331,0.4381802319760873,0.06862745098039216,21,306
3102,0.024513116804205627,0.06608314033910016,0.4226090873986356,0.08496732026143791,26,306
3103,0.02360647879081181,0.07197011935916763,0.428111726090874,0.08823529411764706,27,306
3104,0.025219603501644934,0.07028840800075298,0.43669283906122625,0.09477124183006536,29,306
3105,0.023900700235005783,0.0685874459319371,0.4143765821427039,0.06209150326797386,19,306
3106,0.023861080632071763,0.0631271754139656,0.41027373750375423,0.08169934640522876,25,306
3107,0.024056142502396252,0.07355379174996414,0.4320983681583501,0.06535947712418301,20,306
3108,0.0259296794745272,0.07200645789898921,0.44171636561261995,0.08496732026143791,26,306
3109,0.024775939710216285,0.070679190369607,0.4318212697186825,0.0718954248366013,22,306
3110,0.024966489896482525,0.07205783247700354,0.439074097910499,0.0915032679738562,28,306
3111,0.02412040893585212,0.06495689134966504,0.41774288125169834,0.058823529411764705,18,306
3112,0.023878782209081677,0.07001204026186915,0.4236280945638649,0.08496732026143791,26,306
3113,0.024473200376080653,0.06994723247091539,0.4288554225483045,0.09803921568627451,30,306
3114,0.024241136182648185,0.0688055261300249,0.4213326468442957,0.06209150326797386,19,306
3115,0.025970595610300424,0.06865892178578659,0.43369660044907826,0.08823529411764706,27,306
3116,0.023526580705129797,0.0686297737313493,0.41817730009582244,0.05228758169934641,16,306
3117,0.0244754424705263,0.07091854124354446,0.42295948284492496,0.08496732026143791,26,306
3118,0.024861007525070117,0.07034588902029931,0.43687697544371507,0.08823529411764706,27,306
3119,0.02423330065834607,0.07163478281925659,0.428617654209751,0.08496732026143791,26,306
3120,0.024854987230906265,0.0697222705374844,0.4329368144048283,0.0784313725490196,24,306
3121,0.025655829360116414,0.07875891985221939,0.4490943350352541,0.08823529411764706,27,306
3122,0.0247930372879787,0.07388552365970463,0.4381087227013344,0.08823529411764706,27,306
3123,0.02518044594722441,0.0685685612980428,0.4330726820268589,0.06862745098039216,21,306
3124,0.024932163920175943,0.07781071088850612,0.4432180603824316,0.08169934640522876,25,306
3125,0.024459467496530714,0.06783743518379884,0.42695506357174523,0.0718954248366013,22,306
3126,0.024438112827737786,0.06762953649087465,0.4182702621530012,0.08496732026143791,26,306
3127,0.02468627283999791,0.06842289671261219,0.4249402897555813,0.08496732026143791,26,306
3128,0.024598459089620637,0.06826606367172997,0.4187797657356159,0.07516339869281045,23,306
3129,0.024164699745884283,0.0645756507824859,0.41648074255230905,0.07516339869281045,23,306
3130,0.023359450811618186,0.06775084811563276,0.42333133107364024,0.06862745098039216,21,306
3131,0.025053612407036095,0.0711174023890441,0.4363156276369045,0.08496732026143791,26,306
3132,0.023945838337316026,0.06880375024669622,0.42261981378984853,0.058823529411764705,18,306
3133,0.02401936830028318,0.07068587414690357,0.4306288525621773,0.058823529411764705,18,306
3134,0.02526651434006061,0.07047715289511884,0.4356345017948828,0.06535947712418301,20,306
3135,0.025636474229500925,0.0713928550806346,0.43572925158393044,0.08823529411764706,27,306
3136,0.02489262852055875,0.06846678956592071,0.427230374279544,0.07516339869281045,23,306
3137,0.023455668365423725,0.06503058876746523,0.4040059495716594,0.07516339869281045,23,306
3138,0.023427071231374105,0.06626830610398882,0.4107653637676807,0.06209150326797386,19,306
3139,0.022784290465567052,0.0648602016514653,0.40037685387794797,0.0718954248366013,22,306
3140,0.023329088818287956,0.06918013010201346,0.4135363481643569,0.05555555555555555,17,306
3141,0.024802382447112106,0.06665582222328727,0.4230864118076114,0.0784313725490196,24,306
3142,0.024514514323367483,0.06824954773033683,0.4263025414396247,0.0915032679738562,28,306
3143,0.023435723775309943,0.06522589833312283,0.4074294561004562,0.08169934640522876,25,306
3144,0.023907078080159787,0.06604511861854732,0.41805752206061125,0.0784313725490196,24,306
3145,0.02382850926093013,0.06614986408672603,0.4223480785457874,0.08169934640522876,25,306
3146,0.02401076430223257,0.0732687837584084,0.43099176213154844,0.0784313725490196,24,306
3147,0.026202747087766806,0.06675062660196683,0.43300296048397474,0.058823529411764705,18,306
3148,0.025992014701552157,0.07160049347207902,0.43326933253242944,0.0718954248366013,22,306
3149,0.023471396049318905,0.06467209427613527,0.40575971453497517,0.0915032679738562,28,306
3150,0.026421634725983273,0.0774637473370235,0.45433060167903777,0.06535947712418301,20,306
3151,0.02357540852944939,0.06670906409222961,0.4107528496445989,0.08823529411764706,27,306
3152,0.023134931978682965,0.0641114156429064,0.4065945853177157,0.08823529411764706,27,306
3153,0.024783497198943464,0.06742374033968508,0.42937922798586975,0.07516339869281045,23,306
3154,0.025646721074198325,0.07231762649750392,0.4382714063013973,0.08496732026143791,26,306
3155,0.02517705693820292,0.06846625802544186,0.4292666008781339,0.08823529411764706,27,306
3156,0.02529501287395247,0.07117685233063922,0.43568455828720987,0.08496732026143791,26,306
3157,0.024978130919673977,0.07044734130099538,0.4343813017548376,0.0718954248366013,22,306
3158,0.024691111813113117,0.06722445906141504,0.4214220334377369,0.08496732026143791,26,306
3159,0.023335376977692408,0.06846061690211777,0.4132735515796399,0.06862745098039216,21,306
3160,0.02437912627725464,0.0694639344620519,0.4334338038643612,0.06862745098039216,21,306
3161,0.025357103237734314,0.06743062298369087,0.4321931179473978,0.06209150326797386,19,306
3162,0.025230610672126154,0.06999941707822699,0.43216272650562776,0.07516339869281045,23,306
3163,0.024258193989891694,0.0716662157308446,0.4294221335507215,0.0718954248366013,22,306
3164,0.02481322103677131,0.07151163668762604,0.43897219719397607,0.06862745098039216,21,306
3165,0.023588086063934904,0.06561340419916606,0.41302148138613576,0.08823529411764706,27,306
3166,0.023365882508609388,0.06552341528716163,0.41407266772500395,0.049019607843137254,15,306
3167,0.02495841822307486,0.07131883519032056,0.4440725962157292,0.06535947712418301,20,306
3168,0.02572325331177019,0.07209734972682699,0.43878984854335606,0.09477124183006536,29,306
3169,0.02462384254951713,0.07035374523729354,0.43125813418000314,0.0784313725490196,24,306
3170,0.027023415429771217,0.07372793102292359,0.4484453883668712,0.07516339869281045,23,306
3171,0.02479034790100898,0.07215902816302171,0.43109723831180907,0.0915032679738562,28,306
3172,0.025363244875855732,0.07217601899197751,0.4371558616152515,0.09477124183006536,29,306
3173,0.024217120496591853,0.07072976458749995,0.4308791350238126,0.06209150326797386,19,306
3174,0.02381363941203043,0.06764581468042641,0.4213773401410163,0.0784313725490196,24,306
3175,0.024631741312750165,0.0690014970279801,0.4195574290985541,0.06862745098039216,21,306
3176,0.024169073249058506,0.0695936212684077,0.43081298894466613,0.08496732026143791,26,306
3177,0.023928614974683193,0.0687459996693001,0.4282118390755281,0.08823529411764706,27,306
3178,0.025926226259821848,0.07438836667293912,0.44795912529855125,0.0784313725490196,24,306
3179,0.023245851961243815,0.06541941422253608,0.41460004862630684,0.08496732026143791,26,306
3180,0.02511955405334674,0.07112857966952023,0.43593484074884514,0.0784313725490196,24,306
3181,0.025513368365940484,0.06812579525698699,0.42922548304515096,0.06862745098039216,21,306
3182,0.024485760932549887,0.06769984534027265,0.42100906737603866,0.0784313725490196,24,306
3183,0.024544479452726864,0.06666615461525717,0.4203672716351311,0.07516339869281045,23,306
3184,0.02394681583165691,0.06866516949242235,0.41658085553696317,0.06535947712418301,20,306
3185,0.026542422950453365,0.06860450790957498,0.439226055119349,0.0915032679738562,28,306
3186,0.02537949824465851,0.06515908006288915,0.42328663777691966,0.06535947712418301,20,306
3187,0.025718216686529904,0.07272020935009126,0.44327169233849634,0.06535947712418301,20,306
3188,0.025410791703758505,0.06758187006508781,0.42680489409476413,0.08169934640522876,25,306
3189,0.0246968905186582,0.07030092081296502,0.42613091918021767,0.06862745098039216,21,306
3190,0.02445872016894536,0.06879016033332949,0.4253425294260666,0.07516339869281045,23,306
3191,0.025630867577906436,0.07265487783253659,0.43982673302727365,0.0784313725490196,24,306
3192,0.025905839907211115,0.07752792548933998,0.4537352869667196,0.08496732026143791,26,306
3193,0.023641233157356865,0.06728450545155294,0.41522575478039503,0.0718954248366013,22,306
3194,0.02342282057283344,0.0654211512387241,0.40867371748115733,0.07516339869281045,23,306
3195,0.023706055770463905,0.06761211938340787,0.4153848629167203,0.08169934640522876,25,306
3196,0.025644123129141945,0.06779492159807675,0.4311258420217102,0.0784313725490196,24,306
3197,0.02417072237552772,0.06703366119023889,0.41330036755767224,0.0718954248366013,22,306
3198,0.02486660945124843,0.06918366524876096,0.4242287724717896,0.06862745098039216,21,306
3199,0.02434886522116635,0.0708510539509649,0.42728400623560875,0.0784313725490196,24,306
3200,0.025765413758963622,0.07594962119556616,0.44841678465697,0.08823529411764706,27,306
3201,0.024501788428953356,0.06786431384308761,0.42081778006607456,0.08496732026143791,26,306
3202,0.026258462467213882,0.07120723680848941,0.4406955707155218,0.06862745098039216,21,306
3203,0.023719948092925353,0.06622759234071197,0.41428004462178747,0.07516339869281045,23,306
3204,0.02393625279803271,0.06798029976792483,0.4199274895954005,0.06209150326797386,19,306
3205,0.024290586347902113,0.06650708024864845,0.4152811744683285,0.08496732026143791,26,306
3206,0.026167584572230448,0.06910437063510379,0.4411711073926288,0.08823529411764706,27,306
3207,0.025209850393074634,0.06773020039426635,0.42787395775232046,0.0718954248366013,22,306
3208,0.024083135444913247,0.06820014370272483,0.42723931293888817,0.0718954248366013,22,306
3209,0.024213057955916776,0.06686873095231383,0.41862244533115944,0.06862745098039216,21,306
3210,0.024231576958535683,0.06857636523966658,0.4272554025257076,0.07516339869281045,23,306
3211,0.02400153738422547,0.06722495084108494,0.41830780452224653,0.0915032679738562,28,306
3212,0.025177369715259735,0.07066103312442024,0.42979934497504324,0.08169934640522876,25,306
3213,0.02457747061559707,0.07003657080753259,0.4312938888173796,0.08169934640522876,25,306
3214,0.02502438564406368,0.0721955301527077,0.43713619656469443,0.08169934640522876,25,306
3215,0.024612168447366814,0.0678515233676696,0.42566968435806124,0.07516339869281045,23,306
3216,0.024891429681971163,0.07034304518068875,0.4324326740178201,0.09477124183006536,29,306
3217,0.024065776583472163,0.06839442110302961,0.4200526308262182,0.0784313725490196,24,306
3218,0.0217117383599667,0.06451532769205333,0.3994794124797986,0.06209150326797386,19,306
3219,0.02526700782413047,0.07150828203455506,0.43309055934554713,0.08496732026143791,26,306
3220,0.02481161871852142,0.0723159104448859,0.4327204988487007,0.09477124183006536,29,306
3221,0.023855136763935334,0.0691530868547651,0.4247186110038472,0.0718954248366013,22,306
3222,0.02552220220404122,0.07134625334306986,0.4374079318087556,0.07516339869281045,23,306
3223,0.024145757239214426,0.07055489420232905,0.4259950515581871,0.0718954248366013,22,306
3224,0.025515073414710057,0.07121793381387734,0.43917599862702195,0.08823529411764706,27,306
3225,0.025488307176995045,0.07052750508549088,0.43223602351224955,0.07516339869281045,23,306
3226,0.02434508665356047,0.07011016640262252,0.4297475007508474,0.0784313725490196,24,306
3227,0.024855610575159885,0.07004183983427403,0.43157813818452256,0.08496732026143791,26,306
3228,0.024220459520348164,0.06840914849880832,0.421784943007108,0.08496732026143791,26,306
3229,0.024857869834938283,0.07279099488398935,0.4354056721156734,0.07516339869281045,23,306
3230,0.025122101589613255,0.07141619186658656,0.43632814175998624,0.08823529411764706,27,306
3231,0.023678865494796964,0.06880352678636578,0.42293803006249914,0.0784313725490196,24,306
3232,0.02295493470835541,0.06908056160177949,0.4175855608472419,0.09477124183006536,29,306
3233,0.02565024081031827,0.0682723492182806,0.4335196149940647,0.06535947712418301,20,306
3234,0.023763152130638038,0.07302112525251345,0.4243378241157878,0.0915032679738562,28,306
3235,0.025631414614921702,0.07262522915339255,0.4446321562906709,0.0784313725490196,24,306
3236,0.02288892727410167,0.061519166411577474,0.39946332289297926,0.07516339869281045,23,306
3237,0.02396409130148566,0.07119243035279262,0.4217474006378627,0.07516339869281045,23,306
3238,0.023997900005385337,0.06651078624516903,0.41165207877461707,0.0784313725490196,24,306
3239,0.024160336292631528,0.0685926025596748,0.4221818194819868,0.06862745098039216,21,306
3240,0.024289510274131305,0.0702936578312563,0.43157098725704723,0.05555555555555555,17,306
3241,0.024072878135896845,0.06686622378663724,0.41968257032937173,0.08496732026143791,26,306
3242,0.02349676730838731,0.06868079526898123,0.41680789748430375,0.07516339869281045,23,306
3243,0.024246791238651887,0.06844171663719018,0.422038800932481,0.08169934640522876,25,306
3244,0.02447080609142252,0.07322143688078789,0.4417110024170135,0.08169934640522876,25,306
3245,0.024505426830691443,0.06946802790414436,0.42652779565509646,0.0784313725490196,24,306
3246,0.025013254814708973,0.07069686376933217,0.4343991790735258,0.07516339869281045,23,306
3247,0.024936431920977137,0.06314299858585837,0.4170206375766937,0.0718954248366013,22,306
3248,0.026073319957296743,0.0738671649550951,0.44468221278299797,0.08823529411764706,27,306
3249,0.023260010494045358,0.06501213172453985,0.39961706783369805,0.06209150326797386,19,306
3250,0.02282385990864608,0.06642298386549243,0.4052359090974099,0.06862745098039216,21,306
3251,0.025024017261824488,0.07224441173536353,0.43639428783913276,0.07516339869281045,23,306
3252,0.02506167343241564,0.06856106583938869,0.4266082435891935,0.10457516339869281,32,306
3253,0.02577894068968802,0.07462687217984032,0.44331817336708573,0.08169934640522876,25,306
3254,0.024155016983629183,0.06983778195029534,0.4227521059481415,0.0718954248366013,22,306
3255,0.025849244042054235,0.07303546477699094,0.4444641094950015,0.06862745098039216,21,306
3256,0.024923164626829516,0.06907570868627831,0.43512499821226813,0.08169934640522876,25,306
3257,0.02296376607388016,0.0652383377977047,0.4056667524777964,0.05555555555555555,17,306
3258,0.024781766199489408,0.06896649609118856,0.4273251240685917,0.08823529411764706,27,306
3259,0.025572588335353492,0.07244462345612777,0.4398052802448478,0.08169934640522876,25,306
3260,0.02479233053386031,0.07003472867345038,0.42758434518957106,0.08496732026143791,26,306
3261,0.023032607328492587,0.06447905076203284,0.4059813932867093,0.06535947712418301,20,306
3262,0.023650904251305546,0.06795573196768166,0.4146661947054533,0.08823529411764706,27,306
3263,0.025530523353497248,0.06680835364488726,0.4245827433818166,0.07516339869281045,23,306
3264,0.023178298389399568,0.06832201469335746,0.4206282804879793,0.06862745098039216,21,306
3265,0.023628978935970824,0.06849363245711064,0.4193268116874759,0.06535947712418301,20,306
3266,0.02483458398460968,0.06741020256903606,0.42054068162640695,0.07516339869281045,23,306
3267,0.025023282976612247,0.07119523858572764,0.43344095479183653,0.08823529411764706,27,306
3268,0.025183204209377592,0.06953030426792539,0.43006750475536676,0.042483660130718956,13,306
3269,0.023803030283742838,0.06604107540822875,0.42113957180246275,0.09803921568627451,30,306
3270,0.02451964298964559,0.06851951146893423,0.4247847570829937,0.07516339869281045,23,306
3271,0.024802674845460598,0.06787682551663651,0.41968435806124055,0.08496732026143791,26,306
3272,0.02439249698468719,0.07101592625693912,0.430267730724675,0.0718954248366013,22,306
3273,0.0240182638576282,0.0659515682182618,0.41531335364196736,0.08496732026143791,26,306
3274,0.02447100054647517,0.06835346846495809,0.4234493213769826,0.09803921568627451,30,306
3275,0.024445506376175853,0.0684114014096114,0.416309120292902,0.0718954248366013,22,306
3276,0.025309318334369005,0.06797173556569988,0.42703014831023584,0.07516339869281045,23,306
3277,0.02389769156149482,0.07143081283583419,0.423100713662562,0.08169934640522876,25,306
3278,0.024667834534631904,0.06504351200800712,0.41388138041503986,0.0718954248366013,22,306
3279,0.024857928029455335,0.06664758574050424,0.4214989059080963,0.0718954248366013,22,306
3280,0.024981891826562973,0.07017240427003212,0.4282815606184122,0.0784313725490196,24,306
3281,0.023724008905893313,0.06958008114161193,0.4247972712060754,0.06209150326797386,19,306
3282,0.024109034867280048,0.0687284853726254,0.42450050771585074,0.06862745098039216,21,306
3283,0.024984571381633378,0.0700099913104416,0.4344742638120164,0.07516339869281045,23,306
3284,0.024075368519611,0.06918254165105472,0.42736802963344345,0.0784313725490196,24,306
3285,0.024431455500523683,0.06902414404915361,0.428891177185681,0.0915032679738562,28,306
3286,0.023373106675353236,0.06700815565767063,0.4204298422505399,0.0915032679738562,28,306
3287,0.02365889116519706,0.06218205755941307,0.40368415783527123,0.05228758169934641,16,306
3288,0.0236325270651104,0.06825697796531387,0.4159658757740879,0.08823529411764706,27,306
3289,0.023665106508273068,0.06593345530585831,0.4121866106033953,0.0784313725490196,24,306
3290,0.02516786619061957,0.06996727743818486,0.43112762975357904,0.08496732026143791,26,306
3291,0.024286077338456086,0.06555237525210411,0.41460004862630684,0.08496732026143791,26,306
3292,0.02359340511267696,0.06754177866509037,0.41586933825317146,0.0718954248366013,22,306
3293,0.024303445438139382,0.06795192701680462,0.4284817865877204,0.049019607843137254,15,306
3294,0.023097461654728733,0.06282633833063912,0.4060797185394946,0.0718954248366013,22,306
3295,0.02477153557551828,0.06849518009618852,0.421582929305931,0.0718954248366013,22,306
3296,0.02554558827720932,0.06894817660070646,0.43070214956879904,0.10130718954248366,31,306
3297,0.02514759842187389,0.06996273318300335,0.42996024084323736,0.06535947712418301,20,306
3298,0.026057510509816462,0.0759943335101509,0.4529558358719126,0.09477124183006536,29,306
3299,0.02458576983616545,0.06521718867316367,0.4214488494157692,0.0718954248366013,22,306
3300,0.025762329981156785,0.075796204295488,0.44776426252484947,0.0915032679738562,28,306
3301,0.024816298633072845,0.06679648132180346,0.42040660173624517,0.08169934640522876,25,306
3302,0.02346603405938652,0.06778768859996215,0.4180897012342501,0.0784313725490196,24,306
3303,0.023213128963503745,0.06983183782599323,0.41615358762031435,0.06535947712418301,20,306
3304,0.023770086491831138,0.0672908232455951,0.4144999356416527,0.08169934640522876,25,306
3305,0.02376793130242089,0.0723965111344352,0.4310507572832196,0.08496732026143791,26,306
3306,0.02325306979226071,0.06521741209686317,0.411339225697573,0.0915032679738562,28,306
3307,0.02541407495608711,0.06704589781935548,0.4230971381988244,0.08169934640522876,25,306
3308,0.024413651240987135,0.07193112178223435,0.4367822256546674,0.07516339869281045,23,306
3309,0.024826951864852245,0.06801405253218216,0.417746456715436,0.08169934640522876,25,306
3310,0.024191948607452923,0.06434281486740935,0.4148020623274839,0.08169934640522876,25,306
3311,0.024908516267966647,0.07321991234811832,0.431472662004262,0.08496732026143791,26,306
3312,0.024077896561447508,0.07044578405876496,0.4270194219190229,0.06535947712418301,20,306
3313,0.024087473114919006,0.06981725170187113,0.4180610975243489,0.0718954248366013,22,306
3314,0.02531709264527022,0.07496978866743557,0.4526340441355244,0.08169934640522876,25,306
3315,0.023737346087985337,0.0673028841544731,0.42203701320061215,0.06862745098039216,21,306
3316,0.024779188605704546,0.06758557233069751,0.4329975972883683,0.0784313725490196,24,306
3317,0.0264420434971461,0.07393649465473931,0.44866706711860527,0.08169934640522876,25,306
3318,0.022473264636598444,0.06625838133377832,0.40591882267130047,0.0718954248366013,22,306
3319,0.024962422399685588,0.06813137917658885,0.4229076386207291,0.058823529411764705,18,306
3320,0.02523400720792139,0.07014401762689303,0.4388899615280102,0.0784313725490196,24,306
3321,0.025643540348376025,0.07522694183733475,0.4440815348750733,0.05555555555555555,17,306
3322,0.024179289103830923,0.07123111943347661,0.4270855679981693,0.08823529411764706,27,306
3323,0.024837887176830855,0.06787859073321569,0.43075220606112613,0.0784313725490196,24,306
3324,0.024828612791367444,0.0736145604903128,0.4372094935713162,0.08823529411764706,27,306
3325,0.024801015873297975,0.0682916493558745,0.42752713776976875,0.09477124183006536,29,306
3326,0.024909206457568854,0.07782457245778744,0.44389739849258447,0.10457516339869281,32,306
3327,0.024241188738200383,0.07442131752655023,0.43575249209822514,0.06535947712418301,20,306
3328,0.025345756408416294,0.06363566917055997,0.4201598947383476,0.08823529411764706,27,306
3329,0.023453008942965172,0.06477243025307752,0.41020401596087014,0.06535947712418301,20,306
3330,0.024033433897639084,0.07286681133301172,0.42932202056606744,0.07516339869281045,23,306
3331,0.024590270110775844,0.06988623381229912,0.421309406330001,0.06209150326797386,19,306
3332,0.023689305990926567,0.06997348999680165,0.4166756053260108,0.07516339869281045,23,306
3333,0.025841427936162967,0.07138290609902924,0.43667138627880037,0.0784313725490196,24,306
3334,0.025721314895104243,0.07244875047344411,0.44144105490482116,0.07516339869281045,23,306
3335,0.024547197754506787,0.06940019194339236,0.4276183120950787,0.07516339869281045,23,306
3336,0.025379776334656892,0.07141622916569537,0.4378655911671744,0.05555555555555555,17,306
3337,0.023120178428155638,0.06886709369927488,0.4110281603523977,0.0718954248366013,22,306
3338,0.023936295292414315,0.06875228124651094,0.4246810686346019,0.0784313725490196,24,306
3339,0.02547761982525795,0.07235488148435078,0.43336765778521474,0.06862745098039216,21,306
3340,0.024886848666894477,0.07439186536841252,0.4405132220649018,0.08496732026143791,26,306
3341,0.026521056259789257,0.0744257381115623,0.45232655425408674,0.0915032679738562,28,306
3342,0.024648306717385486,0.06888415894368115,0.4309184651249267,0.0784313725490196,24,306
3343,0.02497028982995767,0.07229373240665005,0.432697258334406,0.07516339869281045,23,306
3344,0.024759278278340683,0.06482390326282163,0.42310428912629966,0.09477124183006536,29,306
3345,0.025732936813660064,0.06705715658434855,0.4304447161796885,0.07516339869281045,23,306
3346,0.024681194855423284,0.06954771827833689,0.4278310521874687,0.06209150326797386,19,306
3347,0.024876421639224405,0.06462501504011782,0.41886200140158175,0.0784313725490196,24,306
3348,0.02628695158650407,0.07387105790719357,0.4486009210394588,0.0718954248366013,22,306
3349,0.023655094917763235,0.06609893908559732,0.4215006936399651,0.058823529411764705,18,306
3350,0.02402207961671499,0.07135852204005742,0.4287374322449622,0.0915032679738562,28,306
3351,0.023147313073320033,0.0700550441350256,0.41615358762031435,0.06862745098039216,21,306
3352,0.0241818779563194,0.06706532360550459,0.42018849844824874,0.06862745098039216,21,306
3353,0.023912422371197773,0.06799495479671724,0.4138027202128116,0.0784313725490196,24,306
3354,0.025342682993646684,0.0717282539430942,0.44295526379771455,0.08496732026143791,26,306
3355,0.026229765018086177,0.07289028570948444,0.44886908081978233,0.08169934640522876,25,306
3356,0.02512067402398063,0.07280802405255414,0.43833576464867496,0.06535947712418301,20,306
3357,0.02380657975886888,0.06889265446697342,0.42352798157921084,0.06535947712418301,20,306
3358,0.025247445206709896,0.06975047839109409,0.4391080648160066,0.0784313725490196,24,306
3359,0.02583357475867836,0.0691623581704454,0.44193268116874757,0.0915032679738562,28,306
3360,0.024956306508402287,0.07006154772868246,0.43014974042133264,0.09477124183006536,29,306
3361,0.024627281792684304,0.0704683595861324,0.4344939288625735,0.08496732026143791,26,306
3362,0.023304554334623247,0.06702815318387716,0.41981486248766464,0.08823529411764706,27,306
3363,0.025472955615321695,0.07179157198573125,0.4409530041046324,0.0784313725490196,24,306
3364,0.024141371451301165,0.06528416237853818,0.41109251869967534,0.06535947712418301,20,306
3365,0.023963571786332755,0.06951289531027655,0.4222354514380515,0.06209150326797386,19,306
3366,0.026182904691868243,0.07510225407925532,0.4458335121065202,0.07516339869281045,23,306
3367,0.024386277780576705,0.06615209504088924,0.4167274495502067,0.0718954248366013,22,306
3368,0.025083851559775223,0.06788322173839616,0.4241715650519873,0.08169934640522876,25,306
3369,0.024380640091345492,0.06731351457181012,0.42418944237067546,0.06862745098039216,21,306
3370,0.024063062884255623,0.06724001924988707,0.4222694183435592,0.05228758169934641,16,306
3371,0.02426231180359871,0.06714899329314587,0.42253579039201383,0.08496732026143791,26,306
3372,0.02570730140405256,0.07094380950841524,0.4424403970194934,0.10130718954248366,31,306
3373,0.02615417693853893,0.06843722051295492,0.44420667610589093,0.08823529411764706,27,306
3374,0.023706551543457757,0.07102711872313844,0.4286516211152587,0.0718954248366013,22,306
3375,0.0236306135473564,0.06929983587432245,0.4232723359219691,0.06209150326797386,19,306
3376,0.02407490001145034,0.06591245512580364,0.4158210694927132,0.08496732026143791,26,306
3377,0.025809530933755865,0.06869113630281136,0.43471381988243873,0.08496732026143791,26,306
3378,0.025200505251184602,0.06785110914706405,0.4297475007508474,0.06862745098039216,21,306
3379,0.02413462152587376,0.06990325296455993,0.42177064115215745,0.0718954248366013,22,306
3380,0.024486160123521505,0.06746630076392568,0.42909497861872686,0.06209150326797386,19,306
3381,0.023814501502796077,0.07121913252262715,0.42327591138570675,0.0718954248366013,22,306
3382,0.024270907699909063,0.06756549855258691,0.4192803306588864,0.08169934640522876,25,306
3383,0.02529557158875546,0.0736066985769818,0.4424904535118205,0.058823529411764705,18,306
3384,0.02326425366189302,0.0669491878499488,0.4156422963058309,0.05228758169934641,16,306
3385,0.024610324648702317,0.07042937962656194,0.4284943007108022,0.06862745098039216,21,306
3386,0.025554798476882138,0.07034955987916355,0.432697258334406,0.08496732026143791,26,306
3387,0.023808377994321374,0.07289736311433485,0.4334266529368859,0.0784313725490196,24,306
3388,0.025995640550450602,0.07134791604153692,0.441857596430257,0.07516339869281045,23,306
3389,0.02492791868600332,0.07244526854278001,0.43659987700404745,0.06862745098039216,21,306
3390,0.02523392764441167,0.068357919114556,0.4298154345618627,0.07516339869281045,23,306
3391,0.023692290632523667,0.07129296164248616,0.42622209350552764,0.06209150326797386,19,306
3392,0.023924376265294246,0.0659426958312427,0.41944301425894936,0.08496732026143791,26,306
3393,0.02479519797924507,0.06752415481481158,0.4259289054790406,0.07516339869281045,23,306
3394,0.025034157686173123,0.0709157960199011,0.427412722930164,0.08496732026143791,26,306
3395,0.02320801635293653,0.06674865497643297,0.41061519429069954,0.06209150326797386,19,306
3396,0.024593165880864958,0.06981467334517542,0.43257390483545716,0.06862745098039216,21,306
3397,0.023944868886755465,0.0679307113387182,0.4252084495359048,0.08169934640522876,25,306
3398,0.025743859803888044,0.07357887360770107,0.44242788289641166,0.08169934640522876,25,306
3399,0.02378931473498131,0.0650032075299757,0.41033630811916305,0.09803921568627451,30,306
3400,0.024829201269924252,0.06724091784703802,0.4198184379514023,0.0784313725490196,24,306
3401,0.024534106257456216,0.06972743161477442,0.4239284335178273,0.08496732026143791,26,306
3402,0.025959684472742526,0.0694711433758119,0.4448073540138156,0.0784313725490196,24,306
3403,0.02518077678724651,0.07235133916157882,0.4428301225668969,0.0718954248366013,22,306
3404,0.025215722347872213,0.07112452529948261,0.43343737932809884,0.07516339869281045,23,306
3405,0.025714631633926868,0.07218450487642653,0.44576200283176726,0.06535947712418301,20,306
3406,0.02441930236453609,0.07041031371217062,0.43181411879120724,0.06209150326797386,19,306
3407,0.024825960885546023,0.0710548038332668,0.43418465124926703,0.08496732026143791,26,306
3408,0.02382709325270924,0.06611927970091323,0.41986670671186055,0.08169934640522876,25,306
3409,0.0233893642546979,0.06716257681511328,0.41367221578638746,0.06535947712418301,20,306
3410,0.025719119017010062,0.06915450628976952,0.4391813618226284,0.0784313725490196,24,306
3411,0.02449766238431097,0.0688908771146098,0.4277220005434705,0.0915032679738562,28,306
3412,0.02390534020967706,0.07155090966081845,0.4246041961642425,0.08496732026143791,26,306
3413,0.024863016616629794,0.06648839559483592,0.4215382360092104,0.06209150326797386,19,306
3414,0.02327968664549157,0.06718536183896236,0.4154367071409162,0.08169934640522876,25,306
3415,0.023491762241500208,0.06718899765798016,0.4143390397734586,0.08169934640522876,25,306
3416,0.026757703095773844,0.06993243274243428,0.43914024398964546,0.0784313725490196,24,306
3417,0.025105958572243847,0.06927072060245959,0.43239691938044367,0.0784313725490196,24,306
3418,0.02487681049200042,0.06983347527684594,0.42556242044593184,0.09803921568627451,30,306
3419,0.02413982260688577,0.07201649703533596,0.4259485705295977,0.058823529411764705,18,306
3420,0.025380579150052155,0.072691995162676007,0.4360027745598604,0.07516339869281045,23,306
3421,0.024984106633097188,0.06598125904768866,0.42112884541124984,0.0718954248366013,22,306
3422,0.024404135188883267,0.06968832523207207,0.4231436192274138,0.08169934640522876,25,306
3423,0.023989053563091424,0.06609883640954264,0.4162662147280502,0.0915032679738562,28,306
3424,0.02507872066383187,0.07093264051316048,0.4344420846383776,0.06862745098039216,21,306
3425,0.024472582532541736,0.0670580632934103,0.4234260808626879,0.08823529411764706,27,306
3426,0.02429078221862682,0.07318711504871438,0.4340595100184494,0.0784313725490196,24,306
3427,0.023623028589844112,0.0687732941191959,0.4179931637133336,0.07516339869281045,23,306
3428,0.023727546647511467,0.0695545546046695,0.4218439381587792,0.06862745098039216,21,306
3429,0.02500259637475663,0.07073836556881848,0.4356291385992763,0.08496732026143791,26,306
3430,0.02742104867494158,0.0789759339287006,0.4695245348321677,0.09477124183006536,29,306
3431,0.025851471201843185,0.07316573722330136,0.4413695456300682,0.07516339869281045,23,306
3432,0.02513538307541454,0.07013531697775523,0.42242137555240916,0.0915032679738562,28,306
3433,0.024680578380836263,0.06873363690429189,0.42155075013229215,0.09477124183006536,29,306
3434,0.02603139887679327,0.07239809770496354,0.44318588120879276,0.0718954248366013,22,306
3435,0.026096350355241257,0.07298648212954492,0.44662905278814663,0.06535947712418301,20,306
3436,0.025851510653293962,0.07008377653611417,0.4360832224939575,0.08496732026143791,26,306
3437,0.02470094962733981,0.0681348043869956,0.425651807039373,0.07516339869281045,23,306
3438,0.025899980169579326,0.0740688878989006,0.4446965146379485,0.08823529411764706,27,306
3439,0.0249861237657213,0.07562380694344983,0.4449360707083709,0.08496732026143791,26,306
3440,0.02429718474712231,0.06950144036143004,0.4192410005577723,0.08496732026143791,26,306
3441,0.02471873569504154,0.07232218137998991,0.435591596230031,0.08496732026143791,26,306
3442,0.027729168110884845,0.07372462287286446,0.4596437407931809,0.09477124183006536,29,306
3443,0.02422379144919293,0.06690887384248889,0.42336887344288554,0.05555555555555555,17,306
3444,0.02506514985847089,0.06952576166118764,0.4299012456915662,0.06862745098039216,21,306
3445,0.025786797993063746,0.07154987096857564,0.4437919223123239,0.06209150326797386,19,306
3446,0.02537636518822198,0.07305971738569504,0.43817486878048084,0.09803921568627451,30,306
3447,0.02330548186063738,0.06941021223495088,0.41763740507143776,0.06862745098039216,21,306
3448,0.025208262398806077,0.0715877690528259,0.43539315799259165,0.06209150326797386,19,306
3449,0.02323656797756938,0.06782262133147929,0.40714163126957564,0.05555555555555555,17,306
3450,0.024158959916692292,0.07178123149639246,0.43268116874758655,0.06209150326797386,19,306
3451,0.02458151191641811,0.06347773439425096,0.4122813603924429,0.05228758169934641,16,306
3452,0.023794254995608527,0.06584059705332822,0.4148342415011227,0.0784313725490196,24,306
3453,0.024736729013684917,0.06473843954165576,0.4100556342157578,0.08823529411764706,27,306
3454,0.024514603759375822,0.06843493590120953,0.4272929448949529,0.06862745098039216,21,306
3455,0.0247966110604645,0.07046986951002943,0.42810636289526754,0.07516339869281045,23,306
3456,0.023708253773436296,0.06404389790622839,0.4071648717838704,0.0718954248366013,22,306
3457,0.021439112387573366,0.06424966669690757,0.4019017891620543,0.058823529411764705,18,306
3458,0.02284028774022525,0.0667477611481479,0.41045608615437423,0.07516339869281045,23,306
3459,0.02482446768167284,0.06775011164743047,0.42849251297893337,0.07516339869281045,23,306
3460,0.02409216630426325,0.06928593249904767,0.4239069807354014,0.08169934640522876,25,306
3461,0.023906831914732175,0.06748479461122937,0.4211646000486263,0.08169934640522876,25,306
3462,0.02555189347421742,0.07157983914825532,0.4364944008237869,0.10457516339869281,32,306
3463,0.025419974826150094,0.07355659966460025,0.4355218746871469,0.09477124183006536,29,306
3464,0.02361959203817368,0.06195541802571904,0.40996088442671014,0.0718954248366013,22,306
3465,0.024288829237631586,0.0682830711403635,0.42332418014616496,0.08169934640522876,25,306
3466,0.02325009167032316,0.06782087316679862,0.4173531557042949,0.08169934640522876,25,306
3467,0.025484563901514535,0.07137262775415729,0.435591596230031,0.06209150326797386,19,306
3468,0.023041180185459514,0.06647333974410537,0.41589079103559734,0.06209150326797386,19,306
3469,0.025686606856389606,0.06963258162265769,0.4304429284478197,0.0718954248366013,22,306
3470,0.025436172102234544,0.07685731428316715,0.45113950029318806,0.05228758169934641,16,306
3471,0.02575520633580295,0.06862973165507665,0.4343419716537235,0.08823529411764706,27,306
3472,0.023855066911701663,0.06644427180560893,0.414031549892021,0.07516339869281045,23,306
3473,0.02396361770900148,0.06943925746173564,0.42364775961442197,0.0784313725490196,24,306
3474,0.024379298008094477,0.07166132873355126,0.4334087756181977,0.08169934640522876,25,306
3475,0.02383514694319452,0.07482036377908435,0.4322932309320519,0.06862745098039216,21,306
3476,0.024911212542799266,0.0687377893411048,0.42859798915919395,0.07516339869281045,23,306
3477,0.023018014881016353,0.06726505587316468,0.40612441183621517,0.06862745098039216,21,306
3478,0.023834518232763207,0.0694435471986811,0.4187618884169277,0.06862745098039216,21,306
3479,0.026092694498243512,0.06793285483921048,0.43860571216086724,0.06862745098039216,21,306
3480,0.024648573464517733,0.067831780770897,0.4186188698674218,0.07516339869281045,23,306
3481,0.025574752607516626,0.07233407475956165,0.44192195477753465,0.0718954248366013,22,306
3482,0.025305821584727394,0.07226336896230993,0.4394924271678037,0.06862745098039216,21,306
3483,0.02623755879173454,0.06716508252974261,0.43681440482830625,0.0784313725490196,24,306
3484,0.024657315114046008,0.07028581339637772,0.4336393930292759,0.07516339869281045,23,306
3485,0.0229326326698626,0.06824211682097975,0.4098750732970066,0.0784313725490196,24,306
3486,0.02565587963577572,0.07117186470063969,0.4340970523876947,0.07516339869281045,23,306
3487,0.025595396511232493,0.07061730484600118,0.4359705953862216,0.06209150326797386,19,306
3488,0.023520105463819715,0.0654572785389113,0.4069467684958739,0.07516339869281045,23,306
3489,0.022966074298355725,0.06846311253972165,0.415590452081635,0.0784313725490196,24,306
3490,0.02577832688443867,0.07498267157098083,0.45090530741837215,0.09477124183006536,29,306
3491,0.02565468859594252,0.07112971988858069,0.4424332460920181,0.08169934640522876,25,306
3492,0.02413314488875373,0.0698696417864016,0.4251548175798401,0.06535947712418301,20,306
3493,0.024718907027834688,0.07194407827221337,0.428081334649104,0.08169934640522876,25,306
3494,0.024590852372384637,0.07192751859977053,0.42859798915919395,0.0784313725490196,24,306
3495,0.022383684221234067,0.06387128430665899,0.40354113928576535,0.07516339869281045,23,306
3496,0.02620030078574737,0.07416895979015206,0.44716716008066243,0.08169934640522876,25,306
3497,0.02445934565305123,0.06870076258446903,0.42582342929878003,0.10130718954248366,31,306
3498,0.024752118946806047,0.06935028856783704,0.43165858611861957,0.0915032679738562,28,306
3499,0.023990762028211328,0.06891507522997482,0.4259074526966148,0.0915032679738562,28,306
3500,0.023783175344413928,0.07202364812007396,0.43061097524348907,0.0915032679738562,28,306
3501,0.024137612119062856,0.06874779247012584,0.42571795311851945,0.06209150326797386,19,306
3502,0.02558870144645544,0.07276902507645396,0.44133021552895413,0.0784313725490196,24,306
3503,0.024764410597109668,0.07094198251595175,0.4343383961899858,0.06535947712418301,20,306
3504,0.025136680564168023,0.06801585298865725,0.4255588449821942,0.07516339869281045,23,306
3505,0.023071724732769135,0.0713252787361605,0.4189335106763347,0.07516339869281045,23,306
3506,0.024343155031234354,0.0701254182594787,0.42142739663334333,0.09803921568627451,30,306
3507,0.02482415768931993,0.06762739996490513,0.4238229573375667,0.0718954248366013,22,306
3508,0.026160206882526467,0.07215236405260225,0.4431268860571216,0.08496732026143791,26,306
3509,0.024979934187476863,0.07230948721156148,0.4367947397777492,0.08823529411764706,27,306
3510,0.024802578820109417,0.07217428675186996,0.4367732869953233,0.09477124183006536,29,306
3511,0.024044232763683608,0.06863413722593181,0.42182606084009094,0.0784313725490196,24,306
3512,0.024924794107598524,0.06861877907998161,0.4279436792952046,0.08823529411764706,27,306
3513,0.024383396138788805,0.07094005145673728,0.4219798057808098,0.06862745098039216,21,306
3514,0.024856408599404984,0.06727568301039158,0.4255588449821942,0.08169934640522876,25,306
3515,0.02672867317089266,0.07172472777476824,0.44837387909211823,0.0784313725490196,24,306
3516,0.02429074851243765,0.06740282403698879,0.4264241072067047,0.06209150326797386,19,306
3517,0.024220488161365707,0.06795115448333246,0.42055498348135756,0.08169934640522876,25,306
3518,0.023739583672151485,0.0683163861294613,0.4229219404756797,0.08169934640522876,25,306
3519,0.02343381119785622,0.06907435516227257,0.4179448949528754,0.0718954248366013,22,306
3520,0.02560680996059145,0.07148837448161263,0.442454698874444,0.08169934640522876,25,306
3521,0.024866344116027637,0.06731628186010115,0.4218850559917621,0.07516339869281045,23,306
3522,0.02584569452325902,0.07197933375832583,0.444256732598218,0.08496732026143791,26,306
3523,0.025566037825146572,0.06562681146378968,0.4254122509689507,0.08496732026143791,26,306
3524,0.026031083676295853,0.07136367954751269,0.4425208449535905,0.0718954248366013,22,306
3525,0.02380885407641633,0.06908376238159575,0.42115744912115105,0.08496732026143791,26,306
3526,0.024377006365309005,0.06836588406399995,0.4263293574176571,0.06862745098039216,21,306
3527,0.02398298132902758,0.06954869160309184,0.42190114557858155,0.07516339869281045,23,306
3528,0.024174524172770943,0.06551200878335131,0.41458753450322505,0.08496732026143791,26,306
3529,0.02608295935031766,0.07005603871438273,0.44098160781453355,0.08169934640522876,25,306
3530,0.025454984230617858,0.07323740808042048,0.43302083780266304,0.0784313725490196,24,306
3531,0.025429599258967456,0.06928641325057976,0.43330687490167474,0.07516339869281045,23,306
3532,0.024464545498100045,0.06948950367364867,0.42774166559402754,0.06862745098039216,21,306
3533,0.023937565073176483,0.074786209106899107,0.43536455428269044,0.08169934640522876,25,306
3534,0.025327457427402188,0.07273878103563977,0.44138205975315,0.0718954248366013,22,306
3535,0.02335796161592268,0.06725746717021343,0.4173030992119678,0.0784313725490196,24,306
3536,0.0249482355394774,0.0708762369902486,0.43494443729351695,0.08169934640522876,25,306
3537,0.024611068720113642,0.07191763998042923,0.4328939088399765,0.06535947712418301,20,306
3538,0.022950147346447878,0.06949058698939417,0.4111014573590195,0.07516339869281045,23,306
3539,0.026014163860814923,0.07107139866699125,0.44158407345432704,0.07516339869281045,23,306
3540,0.02521296615846666,0.0727367483589387,0.43515002645843165,0.08169934640522876,25,306
3541,0.025221538609544195,0.07156286397070138,0.4374204459318374,0.058823529411764705,18,306
3542,0.0224056782438591,0.06142763042372839,0.39513879950229547,0.0718954248366013,22,306
3543,0.025655737414643987,0.07232873317700247,0.4381927460991691,0.07516339869281045,23,306
3544,0.024218658702500256,0.06887555179702105,0.42658321534303,0.07516339869281045,23,306
3545,0.025392701722253604,0.07249622864875299,0.4448448963830609,0.0784313725490196,24,306
3546,0.024327179406857403,0.06802920589416257,0.42443078617296665,0.08169934640522876,25,306
3547,0.024531467764550306,0.07102866210796106,0.42951509560790035,0.09477124183006536,29,306
3548,0.02373782054205458,0.06523399572102478,0.41444094048998154,0.07516339869281045,23,306
3549,0.02616549711297354,0.07336983591987606,0.4543323894109066,0.07516339869281045,23,306
3550,0.02564535994801333,0.06805914707829135,0.42996739177071264,0.06862745098039216,21,306
3551,0.024384496412266296,0.06755109887620196,0.4272786430400023,0.08169934640522876,25,306
3552,0.02585953730697314,0.07231346286543641,0.4444462321763133,0.07516339869281045,23,306
3553,0.024926465558919694,0.06802286012698708,0.42641874401109825,0.09477124183006536,29,306
3554,0.02598073976513943,0.07212494417039732,0.4432073339912187,0.05228758169934641,16,306
3555,0.024242605716714057,0.06918810904232359,0.42553917993163715,0.08169934640522876,25,306
3556,0.026285023159887268,0.06870337479899324,0.4348192960626993,0.08496732026143791,26,306
3557,0.02402954356319138,0.06826878893619498,0.42170628280487976,0.07516339869281045,23,306
3558,0.025192732203430535,0.07265126877594606,0.4378065960155032,0.09803921568627451,30,306
3559,0.024210796588632275,0.067278128145298835,0.41762131548461834,0.08169934640522876,25,306
3560,0.024892329895609695,0.06884329093427413,0.4267155075013229,0.0784313725490196,24,306
3561,0.025027360318854948,0.07238790721213001,0.4376868179802921,0.08496732026143791,26,306
3562,0.02403521444445193,0.06839773362063184,0.42730009582242817,0.05228758169934641,16,306
3563,0.025946890549401906,0.07194558698326194,0.44084931565624064,0.10457516339869281,32,306
3564,0.0243147044380107,0.07137219431392168,0.4241125699003161,0.0718954248366013,22,306
3565,0.024599988281905075,0.0660579633641417,0.42566253343058597,0.07516339869281045,23,306
3566,0.02558014032384049,0.07800428600148213,0.45650805909526465,0.08169934640522876,25,306
3567,0.024102964237028547,0.06819854292218958,0.43032493814447736,0.06535947712418301,20,306
3568,0.02470942312998018,0.0677054635811981,0.42357446260780024,0.08169934640522876,25,306
3569,0.025243095582618145,0.07631100657910551,0.44783577179960243,0.08823529411764706,27,306
3570,0.025154747714862,0.06780478623577961,0.4262077916505771,0.07516339869281045,23,306
3571,0.024000240009066812,0.06888001399191514,0.42260014873929147,0.09477124183006536,29,306
3572,0.026567141873479826,0.07195255812078476,0.4507944680425051,0.08169934640522876,25,306
3573,0.02490634907786198,0.07231386659805691,0.4351339368716123,0.08169934640522876,25,306
3574,0.026762521228642068,0.07326292288143461,0.44800739405900947,0.0784313725490196,24,306
3575,0.025613773674183767,0.07620513368697908,0.447131405443286,0.07516339869281045,23,306
3576,0.023441054356173587,0.06839387803395353,0.4139439510304486,0.0784313725490196,24,306
3577,0.023208384779844663,0.07267863610544396,0.421643712189471,0.07516339869281045,23,306
3578,0.023315507025554044,0.06900375108463906,0.4172047739591825,0.08496732026143791,26,306
3579,0.02239096820300376,0.06529707553313453,0.3958270762717924,0.06209150326797386,19,306
3580,0.024400871471951954,0.06892460140605369,0.4288339697658786,0.0718954248366013,22,306
3581,0.025590901390585438,0.07248329023131184,0.442313468056807,0.07516339869281045,23,306
3582,0.023878566174521082,0.06753974111546374,0.41876010068505887,0.0784313725490196,24,306
3583,0.024961704965345874,0.06974477973619247,0.4243288854564437,0.0784313725490196,24,306
3584,0.02394504970393882,0.06536473558268321,0.41583894681140143,0.08823529411764706,27,306
3585,0.025188680500760365,0.06950833170719456,0.42661896998040644,0.07516339869281045,23,306
3586,0.025466677165031766,0.07235271514674015,0.4405275239198524,0.08169934640522876,25,306
3587,0.025022207002865886,0.07082452170779881,0.43437057536362467,0.0784313725490196,24,306
3588,0.02451526172608549,0.06856233932216298,0.4228003747085997,0.0784313725490196,24,306
3589,0.025117320203327125,0.06876252412512766,0.4281492684601193,0.0784313725490196,24,306
3590,0.023436504591610643,0.06604774667695171,0.408545000786602,0.10130718954248366,31,306
3591,0.02500524656058818,0.07293201617587086,0.44129446089157764,0.06862745098039216,21,306
3592,0.024154153704721532,0.0657318608964645,0.416895496345876,0.05228758169934641,16,306
3593,0.02500348677642945,0.06868642538328364,0.4279687075413681,0.07516339869281045,23,306
3594,0.023150952551158947,0.06792900660649266,0.4117504040274024,0.08169934640522876,25,306
3595,0.025375206235662418,0.06840785198936895,0.4313886386064273,0.0784313725490196,24,306
3596,0.024132792286434234,0.06911538852409087,0.42591460362409006,0.06535947712418301,20,306
3597,0.02544042621363328,0.07222771316723042,0.44167703551150583,0.07516339869281045,23,306
3598,0.025153465973007508,0.0710802745742774,0.44000550621415596,0.06535947712418301,20,306
3599,0.02487498538778573,0.07352946257289873,0.4341220806338582,0.0718954248366013,22,306
3600,0.024568838081549162,0.07224736416932996,0.43083622945896083,0.0718954248366013,22,306
3601,0.02460753713672687,0.06957814937969155,0.4329868708971554,0.08169934640522876,25,306
3602,0.02399906011926378,0.06781645823796476,0.4143444029690651,0.0915032679738562,28,306
3603,0.024470525977839202,0.07019998032107458,0.4292809027330845,0.0784313725490196,24,306
3604,0.02508633168866654,0.07436720376522081,0.44022360950215245,0.07516339869281045,23,306
3605,0.024785497494270822,0.06940306931963296,0.4251101242831195,0.06209150326797386,19,306
3606,0.023612259361505877,0.06524212039967074,0.4118380028889747,0.05555555555555555,17,306
3607,0.02578642260980708,0.06994825828414476,0.4435416398506886,0.08823529411764706,27,306
3608,0.02421768862226938,0.06933056617476695,0.42598432516697415,0.06862745098039216,21,306
3609,0.023768159535348787,0.07107156138164367,0.424184079175069,0.08169934640522876,25,306
3610,0.024376410583918675,0.07050360044937826,0.4284335178272622,0.07516339869281045,23,306
3611,0.024586752233897332,0.06999200802795817,0.42893408275053274,0.08169934640522876,25,306
3612,0.023651772332090294,0.06666248318158811,0.41134995208878594,0.07516339869281045,23,306
3613,0.024689281183257597,0.07087596038585134,0.42639550349680355,0.06862745098039216,21,306
3614,0.025497848404861478,0.07485849607403365,0.4468775475179131,0.08823529411764706,27,306
3615,0.023656736214621808,0.06874727310095428,0.4183346205002789,0.09803921568627451,30,306
3616,0.02626836765082109,0.07418376616533866,0.44559574376796673,0.07516339869281045,23,306
3617,0.02498828095191742,0.06698398407816201,0.4246256489466684,0.0718954248366013,22,306
3618,0.02480604498594428,0.07180042974393845,0.43797106734743496,0.0784313725490196,24,306
3619,0.024635737023246358,0.07395364490139342,0.43235043835185427,0.07516339869281045,23,306
3620,0.025334892605216163,0.07231828720536085,0.4381105104332032,0.06862745098039216,21,306
3621,0.023753269813479715,0.07234814498574013,0.42589851403727064,0.06862745098039216,21,306
3622,0.024156958953535593,0.06587834965185939,0.4175587448692095,0.058823529411764705,18,306
3623,0.02432294206258026,0.07048830326780066,0.4267870167760759,0.06535947712418301,20,306
3624,0.02319655423100943,0.06356786381399407,0.4105150813060454,0.058823529411764705,18,306
3625,0.025033561878881536,0.06830125883966838,0.430115773515825,0.06862745098039216,21,306
3626,0.024730717983102904,0.06858296212867128,0.42659751719798056,0.08496732026143791,26,306
3627,0.02526967618840084,0.077158555395652,0.4475997911929177,0.07516339869281045,23,306
3628,0.02372285576515659,0.06967340059297365,0.4274985340598676,0.0718954248366013,22,306
3629,0.02459858132418669,0.06650193321677707,0.42056213440883283,0.08169934640522876,25,306
3630,0.024216320632319824,0.06706699434314946,0.41475736903076327,0.06862745098039216,21,306
3631,0.024585131378413165,0.06786645998104797,0.42723931293888817,0.08169934640522876,25,306
3632,0.025141144341394146,0.0734841415317101,0.43699139028331974,0.08169934640522876,25,306
3633,0.025702526847519856,0.07355474611350499,0.4400305344603195,0.10784313725490197,33,306
3634,0.0247393220998602,0.0691429681824325,0.4260880136153659,0.06862745098039216,21,306
3635,0.025023394590199484,0.07068573765765963,0.4317747886900931,0.06535947712418301,20,306
3636,0.023461815475821594,0.06776494167522981,0.4203994508087699,0.06209150326797386,19,306
3637,0.02560503497188651,0.07057363292142224,0.4357793080762575,0.0784313725490196,24,306
3638,0.026009530847219967,0.07423043081585688,0.44393315312996096,0.08823529411764706,27,306
3639,0.026356626536523074,0.07580853341810943,0.45284678422791436,0.08169934640522876,25,306
3640,0.02476254996776945,0.0703095511797634,0.4321108822814319,0.0718954248366013,22,306
3641,0.026369387561818662,0.07227428133926453,0.449105061426467,0.0784313725490196,24,306
3642,0.023988390172859284,0.07301024012386258,0.4328331259564365,0.0718954248366013,22,306
3643,0.026390990759374695,0.07310260097474781,0.45082664721614396,0.06535947712418301,20,306
3644,0.024472254661570686,0.06956051293552377,0.42430922040588664,0.06209150326797386,19,306
3645,0.02353852085943428,0.06559697260959843,0.4126496331574205,0.07516339869281045,23,306
3646,0.024625949413403528,0.07007613012060657,0.43091488966118907,0.08823529411764706,27,306
3647,0.025226039027269553,0.07243133984360982,0.4459783183878949,0.08496732026143791,26,306
3648,0.025091093164245667,0.07173484057215204,0.4345672258691952,0.10130718954248366,31,306
3649,0.025380034855731644,0.06911059259346691,0.4347102444187011,0.08496732026143791,26,306
3650,0.024890794789042204,0.07196240720942436,0.43256317844424425,0.08169934640522876,25,306
3651,0.026392468078764417,0.06904984197257347,0.44049355701434473,0.08823529411764706,27,306
3652,0.025462938536897774,0.07221144641709742,0.4433324752220363,0.09477124183006536,29,306
3653,0.0246713440468314,0.06972250584358448,0.42944001086940975,0.0718954248366013,22,306
3654,0.023198357850447757,0.06788190820358847,0.41791271577923655,0.08823529411764706,27,306
3655,0.025753466524211024,0.07198452786121683,0.44142675304987056,0.0784313725490196,24,306
3656,0.0242395770231449,0.06737270647368068,0.42451659730267016,0.07516339869281045,23,306
3657,0.02435216843871743,0.06616703078663752,0.42152750961799745,0.06209150326797386,19,306
3658,0.024298548447497077,0.06631068966108392,0.42220505999628155,0.08496732026143791,26,306
3659,0.024333646007562486,0.07175765176449297,0.4334212897412794,0.06209150326797386,19,306
3660,0.02213952262399899,0.061124813736461725,0.3911539451666881,0.06535947712418301,20,306
3661,0.025848560598913335,0.07308379240829979,0.44224374651392284,0.08169934640522876,25,306
3662,0.024114025895065717,0.06718456570795803,0.4197898342415011,0.08169934640522876,25,306
3663,0.023449463535322193,0.06971105989888778,0.4230542326339726,0.07516339869281045,23,306
3664,0.02473752557061724,0.06798385037692829,0.42588957537792654,0.0718954248366013,22,306
3665,0.023460846814258557,0.0673881552785193,0.4077315827862874,0.0718954248366013,22,306
3666,0.026323758510939082,0.07657084629731406,0.464440225397234,0.0915032679738562,28,306
3667,0.02397034547992546,0.0687362304874414,0.42048883740221105,0.06209150326797386,19,306
3668,0.025247510626293348,0.06509268735609919,0.420256432259264,0.08169934640522876,25,306
3669,0.023626102347131316,0.06994072192745242,0.4233652979791479,0.08496732026143791,26,306
3670,0.025306503907301887,0.06975856716366774,0.4317890905450437,0.06862745098039216,21,306
3671,0.022922144246686336,0.06574159990023809,0.41458753450322505,0.05228758169934641,16,306
3672,0.024743253886777235,0.07080839103972848,0.42966884054861915,0.05555555555555555,17,306
3673,0.026163861945927094,0.0727877488102458,0.4430106834856481,0.0718954248366013,22,306
3674,0.024830179055312623,0.07123073305710417,0.4303070608257891,0.06209150326797386,19,306
3675,0.025980038982823167,0.07073881488759295,0.43498019193089343,0.08169934640522876,25,306
3676,0.025434783741860877,0.06803113924713038,0.42966705281675033,0.08169934640522876,25,306
3677,0.025564536219431243,0.07797008605753498,0.44555998913059025,0.07516339869281045,23,306
3678,0.024666369188850987,0.0716405007667268,0.4267494744068306,0.08169934640522876,25,306
3679,0.025883166164347327,0.07274068843643987,0.4389418057522061,0.06862745098039216,21,306
3680,0.023990935713300302,0.06791518946227196,0.4220960083522833,0.08169934640522876,25,306
3681,0.023488631495948757,0.0663436759956207,0.41060089243574893,0.0784313725490196,24,306
3682,0.025261325676396263,0.07283522076505991,0.44326811687475864,0.06209150326797386,19,306
3683,0.022352096556408213,0.06542816128427476,0.4071612963201327,0.0784313725490196,24,306
3684,0.02464504535899612,0.06668269653212094,0.41648253028417787,0.08169934640522876,25,306
3685,0.025844328844210594,0.07162056795723527,0.4425744769096552,0.09803921568627451,30,306
3686,0.025774307627879325,0.06889644656477639,0.4324201598947383,0.08169934640522876,25,306
3687,0.02633166523255711,0.07235014717105051,0.4434111354242645,0.0784313725490196,24,306
3688,0.025074194135795654,0.0693970899591941,0.42681740821784586,0.09803921568627451,30,306
3689,0.02481266837181439,0.07329944499502143,0.4403487507329701,0.0718954248366013,22,306
3690,0.02573027014547534,0.07242949782880921,0.43968907767337423,0.07516339869281045,23,306
3691,0.026419057867043145,0.08114141086722593,0.4702968349994994,0.0784313725490196,24,306
3692,0.024922029980896928,0.07239317904365423,0.4391456071852519,0.0718954248366013,22,306
3693,0.024546880155558077,0.06917812643571644,0.43040717381044324,0.07516339869281045,23,306
3694,0.024184449119207897,0.06415160913654762,0.4139940075227757,0.0718954248366013,22,306
3695,0.0249360028452205,0.07173594285026909,0.43794782683314026,0.0718954248366013,22,306
3696,0.02444887862592471,0.06472819433712153,0.4185670256432259,0.07516339869281045,23,306
3697,0.02481418156902052,0.0710780714983513,0.43095958295790965,0.08496732026143791,26,306
3698,0.024885656274218675,0.07181548460397251,0.4370378713119092,0.0784313725490196,24,306
3699,0.024794693159467494,0.06618105060415834,0.4233635102472791,0.0784313725490196,24,306
3700,0.02496327797216655,0.07267163924420732,0.43455113628237585,0.058823529411764705,18,306
3701,0.02371363273536036,0.07117162433349239,0.42223723916992034,0.08169934640522876,25,306
3702,0.025130385732569337,0.07070369260607669,0.4303052730939203,0.08496732026143791,26,306
3703,0.025416108276958845,0.07153477783092844,0.43471381988243873,0.08496732026143791,26,306
3704,0.024160852919196257,0.07076539702190338,0.4242806166959855,0.08169934640522876,25,306
3705,0.022632063050419753,0.06462909881947897,0.4046137784070594,0.08169934640522876,25,306
3706,0.023795824401648444,0.06861234815853035,0.42188684372363094,0.0718954248366013,22,306
3707,0.025206858750194166,0.07163513049726457,0.43139400180203374,0.08823529411764706,27,306
3708,0.02527966869790479,0.07124379808601006,0.4378548647759614,0.0718954248366013,22,306
3709,0.024740279379376753,0.07242547082764443,0.431229530470102,0.08169934640522876,25,306
3710,0.0248998817611199,0.0707688827974844,0.42703908696957993,0.10130718954248366,31,306
3711,0.02471715453886885,0.07254103769271816,0.4379049212682885,0.06862745098039216,21,306
3712,0.024435264132411868,0.07213137264271227,0.43288854564437007,0.0915032679738562,28,306
3713,0.023760516273653623,0.06506365869441968,0.4126943264541411,0.06862745098039216,21,306
3714,0.025161667945248583,0.06943922568192912,0.4330422905850889,0.08169934640522876,25,306
3715,0.02516236991645095,0.06914225683740126,0.4331441913016118,0.08496732026143791,26,306
3716,0.025299557732743602,0.07358876813451141,0.43939052645128074,0.06209150326797386,19,306
3717,0.025092911625973685,0.07322594862417113,0.4329511162597789,0.08169934640522876,25,306
3718,0.025223557554122682,0.07135415973819723,0.43756167674947444,0.08169934640522876,25,306
3719,0.024682643520930192,0.06703069207411856,0.4230023884097767,0.07516339869281045,23,306
3720,0.023273664231853272,0.06768339142192321,0.4172548304515096,0.08496732026143791,26,306
3721,0.024017801277262083,0.06974021310877011,0.4203744225626064,0.0718954248366013,22,306
3722,0.024324365034233072,0.06806339577854023,0.41933396261495115,0.0718954248366013,22,306
3723,0.024624958527083195,0.06905754663363105,0.4257805237339283,0.0718954248366013,22,306
3724,0.02610641295669743,0.07444355823456728,0.44869030763289997,0.058823529411764705,18,306
3725,0.02457822155232431,0.07073759898159554,0.42645628638034355,0.09477124183006536,29,306
3726,0.02412069115460315,0.07499605106930787,0.435541539737704,0.0718954248366013,22,306
3727,0.026106786905522553,0.07521715533241838,0.45084988773043866,0.0915032679738562,28,306
3728,0.024558520972222758,0.07178322138372668,0.43446532515267233,0.058823529411764705,18,306
3729,0.026027262867622924,0.07014976339673842,0.4402736659944795,0.08169934640522876,25,306
3730,0.024691559202721133,0.06605770176101244,0.4137258477424522,0.0718954248366013,22,306
3731,0.02498987471078167,0.07191932112570455,0.4459139600406173,0.08169934640522876,25,306
3732,0.025379564952684973,0.06837030477118672,0.43154774674275254,0.08496732026143791,26,306
3733,0.02459975328405013,0.07434800722516062,0.43877912215214315,0.08169934640522876,25,306
3734,0.024691540723643986,0.0719195306710397,0.43283848915204304,0.0915032679738562,28,306
3735,0.024275023943925444,0.06930740113891244,0.42158650476966864,0.08496732026143791,26,306
3736,0.023922586949027328,0.06688342736101446,0.4192553024127229,0.0718954248366013,22,306
3737,0.02461100727673548,0.06821652227572045,0.4299763304300568,0.08169934640522876,25,306
3738,0.02316178898353307,0.06407477422686805,0.4060189356559546,0.08823529411764706,27,306
3739,0.024513664981508743,0.06738504577148782,0.4228700962514838,0.07516339869281045,23,306
3740,0.024109543212931156,0.06751427818788526,0.41586218732569613,0.0784313725490196,24,306
3741,0.025867514756468243,0.06640257564048374,0.42844424421847516,0.06862745098039216,21,306
3742,0.024742905726125388,0.06914568564636368,0.4338181662161582,0.08169934640522876,25,306
3743,0.024345968464016668,0.06924640307838223,0.427838203114944,0.06862745098039216,21,306
3744,0.024581482768458927,0.06872268799909903,0.424073239799202,0.06535947712418301,20,306
3745,0.023499311588476617,0.06974111911459296,0.4184508230717524,0.05555555555555555,17,306
3746,0.02440886297364714,0.0678158460429868,0.43083980492269847,0.0718954248366013,22,306
3747,0.024048784589485856,0.07257670575544217,0.43377347291943763,0.07516339869281045,23,306
3748,0.022689935681378243,0.06585413295074832,0.4056345733041576,0.08823529411764706,27,306
3749,0.023197898045268974,0.07048487657061236,0.4217634902246822,0.07516339869281045,23,306
3750,0.02465531409369392,0.0670087419218441,0.4198202256832711,0.06862745098039216,21,306
3751,0.025016978914766008,0.06701586112926426,0.42991018435091033,0.07516339869281045,23,306
3752,0.023707635693189014,0.06915688799083296,0.4197951974371076,0.08169934640522876,25,306
3753,0.02427754321164078,0.06985421831106556,0.4244343616367043,0.0784313725490196,24,306
3754,0.02401006742367251,0.06798597834950186,0.41861171893994653,0.0915032679738562,28,306
3755,0.025452336744276022,0.07185064447586866,0.4396551107678666,0.08496732026143791,26,306
3756,0.025362351005394076,0.07327148767718301,0.4397123181876689,0.058823529411764705,18,306
3757,0.022560520981661586,0.06178571282516304,0.39688005034252943,0.08169934640522876,25,306
3758,0.025158902899719393,0.07123454053677201,0.43914739491712074,0.0784313725490196,24,306
3759,0.024909816598861875,0.07287156802879763,0.4398088557085854,0.07516339869281045,23,306
3760,0.024413450779580795,0.06662778615713855,0.41832389410906595,0.07516339869281045,23,306
3761,0.024141046517316987,0.07114939263238768,0.4305430414324738,0.06535947712418301,20,306
3762,0.02299802621164776,0.06355343732622322,0.40025350037899915,0.06535947712418301,20,306
3763,0.02282214978049775,0.06801581015357772,0.40674296706282803,0.0784313725490196,24,306
3764,0.026572665289361187,0.07218970755792453,0.44325023955607046,0.07516339869281045,23,306
3765,0.025195985841088057,0.07107657165943466,0.4323111082507401,0.0718954248366013,22,306
3766,0.024795227336659686,0.07147912801445719,0.4373721771713791,0.06209150326797386,19,306
3767,0.024023065582006974,0.06825094712609224,0.4205764362637834,0.08169934640522876,25,306
3768,0.024604548503281823,0.07007695293156009,0.4266511491540453,0.06862745098039216,21,306
3769,0.025192550894077306,0.06834643605288963,0.43330687490167474,0.08823529411764706,27,306
3770,0.0232416573080961,0.06889307525311143,0.41467334563292857,0.07516339869281045,23,306
3771,0.023875529345206873,0.06584150174211209,0.4231203787131191,0.08169934640522876,25,306
3772,0.025209502712994068,0.06801971780263874,0.430146164957595,0.08169934640522876,25,306
3773,0.024335644338886863,0.067963895925524,0.4235315570429485,0.06535947712418301,20,306
3774,0.025391352583065237,0.07269286597569138,0.4413230646014788,0.0784313725490196,24,306
3775,0.02587940675195832,0.06821242484988904,0.43525013944308577,0.07516339869281045,23,306
3776,0.024146860880923705,0.06958195044003428,0.42384083465625494,0.08169934640522876,25,306
3777,0.024649385922793546,0.07034050286782938,0.42520129860842953,0.08169934640522876,25,306
3778,0.02495154115360991,0.07548017461385534,0.4446929391742109,0.0784313725490196,24,306
3779,0.024568107735860538,0.06828164492710329,0.4304590180346391,0.06862745098039216,21,306
3780,0.023979660768784102,0.06523044728772795,0.4107993306731883,0.0718954248366013,22,306
3781,0.023265405466708668,0.06709282083883873,0.4189227842851218,0.0784313725490196,24,306
3782,0.023480058080932002,0.06815953888560718,0.4231740106691838,0.07516339869281045,23,306
3783,0.02484226993668354,0.07151073788361269,0.432362952474936,0.06862745098039216,21,306
3784,0.02527438773682288,0.07294953532570428,0.43615830723244803,0.058823529411764705,18,306
3785,0.023628649199484125,0.07098530988760327,0.41749259879006306,0.08496732026143791,26,306
3786,0.024399586702445287,0.0696052679879711,0.4286534088471275,0.06535947712418301,20,306
3787,0.02489434729939621,0.06430672344754954,0.4220638291786445,0.0718954248366013,22,306
3788,0.024938809442882428,0.0711723196840066,0.4345028675219176,0.06209150326797386,19,306
3789,0.023103762786853943,0.06766622135967819,0.4161732526708714,0.08169934640522876,25,306
3790,0.02541764740376038,0.06913816451256918,0.43068069678637316,0.07516339869281045,23,306
3791,0.02413154617200644,0.07046104094186925,0.4213880665322292,0.0718954248366013,22,306
3792,0.022924056310038205,0.06939927325545016,0.41156805537678237,0.07516339869281045,23,306
3793,0.024089234110529954,0.06611973310935261,0.4148467556242045,0.08169934640522876,25,306
3794,0.02585961448046873,0.07075594127531652,0.4395549977832125,0.06862745098039216,21,306
3795,0.023557090396318252,0.06732670852787391,0.41729773601636133,0.08496732026143791,26,306
3796,0.024228820584980732,0.06585952075385197,0.41849015317286653,0.0718954248366013,22,306
3797,0.024601532970937118,0.07279727405185737,0.4394548847985584,0.0915032679738562,28,306
3798,0.023282674068661472,0.06856746345851183,0.41737282075485194,0.08169934640522876,25,306
3799,0.024473054721187784,0.07261887502661943,0.4313761244833455,0.08169934640522876,25,306
3800,0.02437166742481391,0.06686766453988732,0.4225697572975215,0.08169934640522876,25,306
3801,0.024595473512228128,0.0692403075205406,0.42688712976072996,0.08496732026143791,26,306
3802,0.023219491841617205,0.06795975420250208,0.4176338296077001,0.05228758169934641,16,306
3803,0.024844978035667965,0.07340650690509604,0.43583830322792866,0.06535947712418301,20,306
3804,0.02447607188296193,0.0702800451150844,0.426906794811287,0.09477124183006536,29,306
3805,0.025846106964824683,0.07444030029696827,0.4483470631140859,0.06862745098039216,21,306
3806,0.024720546254048917,0.06721143715415374,0.42984940146737033,0.06862745098039216,21,306
3807,0.02456128251549148,0.07313086103973135,0.43105612047882613,0.08496732026143791,26,306
3808,0.02432563780861929,0.07137111304195444,0.43210551908582545,0.07516339869281045,23,306
3809,0.024763447555521966,0.07192470991411537,0.4321037313539566,0.07516339869281045,23,306
3810,0.024020245232397028,0.06923909410389804,0.4185831152300453,0.08496732026143791,26,306
3811,0.024904977299193252,0.07195073812559412,0.4358079117861587,0.08496732026143791,26,306
3812,0.025066834866176134,0.06849576153364399,0.42892514409118865,0.06862745098039216,21,306
3813,0.02475186547871705,0.06979657813857966,0.43060739977975143,0.07516339869281045,23,306
3814,0.026107327990282165,0.07204779048066053,0.4389775603895825,0.0784313725490196,24,306
3815,0.02500222494359684,0.06626337320689009,0.42493671429184365,0.06209150326797386,19,306
3816,0.02400255472285132,0.06849782982606757,0.4223963473062456,0.0718954248366013,22,306
3817,0.023985540636213918,0.06743224164488694,0.41935720312924585,0.07516339869281045,23,306
3818,0.022964694927593513,0.0691692202636768,0.41393680010297335,0.0784313725490196,24,306
3819,0.023467739693073805,0.06961458477070534,0.41707069406902075,0.07516339869281045,23,306
3820,0.02384062554072378,0.07049932997431066,0.42672444616066707,0.0784313725490196,24,306
3821,0.02447585310290536,0.06875603363609104,0.4236799387880608,0.06535947712418301,20,306
3822,0.025386093921330104,0.07216542657230027,0.4349891305902375,0.07516339869281045,23,306
3823,0.02522197936995416,0.0707361732176865,0.4336858740578653,0.07516339869281045,23,306
3824,0.024366689475757503,0.06440315439237101,0.4166988458403055,0.08823529411764706,27,306
3825,0.024912344567599293,0.07231265354432403,0.4354593040717381,0.08823529411764706,27,306
3826,0.02483873895703717,0.07263962172790815,0.4421078788918923,0.06535947712418301,20,306
3827,0.02378095120026794,0.06735388659491502,0.4216222594070451,0.06535947712418301,20,306
3828,0.025330568864790463,0.07445411406064946,0.4461463651835643,0.0784313725490196,24,306
3829,0.02478793629578146,0.07104303393497281,0.4319035053846484,0.0718954248366013,22,306
3830,0.024634633301432035,0.06802507117068948,0.42274137955692853,0.08496732026143791,26,306
3831,0.024116702883413967,0.06666981621320722,0.41867071409161766,0.08169934640522876,25,306
3832,0.022901842196484477,0.07160318511633595,0.41946804250511294,0.08823529411764706,27,306
3833,0.02476720690067087,0.06702930989839423,0.42467034224338895,0.08169934640522876,25,306
3834,0.024139745663631817,0.07064898985000846,0.4227735587305674,0.0784313725490196,24,306
3835,0.0240335923149052,0.06357997199319192,0.40662318902761685,0.06209150326797386,19,306
3836,0.023032367146390783,0.06927740784677067,0.4197951974371076,0.08169934640522876,25,306
3837,0.02333930323621253,0.0680602175587795,0.414335464309721,0.06209150326797386,19,306
3838,0.024437781630664505,0.06835614121780763,0.42113063314311866,0.06862745098039216,21,306
3839,0.024195590999897477,0.07040557921321786,0.4244897813246378,0.06535947712418301,20,306
3840,0.024478129547346995,0.070202487476092,0.42986191559045206,0.06209150326797386,19,306
3841,0.024407031666821424,0.0705205879161607,0.4317265199296349,0.0718954248366013,22,306
3842,0.025098319569260813,0.06921035342149633,0.42760937343573463,0.06209150326797386,19,306
3843,0.025358377984516112,0.07477269383130161,0.4463573175440855,0.08823529411764706,27,306
3844,0.02479132898933853,0.07436166690339478,0.4379156476595014,0.0718954248366013,22,306
3845,0.024731494951227367,0.07270070747246364,0.4385699575234908,0.08169934640522876,25,306
3846,0.0248405002582075,0.06688618808590216,0.42332418014616496,0.08169934640522876,25,306
3847,0.023954454791929636,0.06806938954339348,0.4216651649718969,0.06862745098039216,21,306
3848,0.023645218498649156,0.07169130047032583,0.4254837602437036,0.08823529411764706,27,306
3849,0.024368467510726452,0.07038996064124245,0.425682198481143,0.08496732026143791,26,306
3850,0.025690840934495966,0.07253582192358042,0.44238140186782227,0.07516339869281045,23,306
3851,0.024389220826918686,0.07363310516065315,0.439731983238226,0.08496732026143791,26,306
3852,0.023625571109727295,0.06892069689771389,0.41938401910727824,0.05555555555555555,17,306
3853,0.025595982783992954,0.06980476167656109,0.43005499063228503,0.058823529411764705,18,306
3854,0.023303206417697436,0.06325850982834699,0.4086093591338797,0.0784313725490196,24,306
3855,0.024888453959626057,0.07559199557187773,0.4443729351696915,0.07516339869281045,23,306
3856,0.024150865893264723,0.06939082352274469,0.42739127014773814,0.0784313725490196,24,306
3857,0.024723194560298842,0.06516853156160723,0.4225536677107021,0.0915032679738562,28,306
3858,0.026704535685470397,0.07481476383758914,0.4538872441755696,0.08496732026143791,26,306
3859,0.025660192368167693,0.06589872207955187,0.42241601235680265,0.06862745098039216,21,306
3860,0.025204593766693505,0.07372206750197673,0.4388792351367973,0.06535947712418301,20,306
3861,0.024794660615341916,0.07095094301299422,0.4347459990560776,0.09803921568627451,30,306
3862,0.02513016789919309,0.06905496312220534,0.424244862058609,0.07516339869281045,23,306
3863,0.025696317997878113,0.07232256176357904,0.4421579353842193,0.0718954248366013,22,306
3864,0.02638937155510114,0.07372599697501064,0.4525893508388038,0.0784313725490196,24,306
3865,0.02493040154002624,0.07148173605879693,0.4326221735959154,0.08496732026143791,26,306
3866,0.02561296799174857,0.07174022809544381,0.4422544729051358,0.0718954248366013,22,306
3867,0.024561634499599888,0.07003934464226487,0.4282797728865434,0.0784313725490196,24,306
3868,0.02297215872290201,0.06662865193198261,0.41184515381645004,0.0718954248366013,22,306
3869,0.023908508640663597,0.06978076348866374,0.4191462507687247,0.08169934640522876,25,306
3870,0.025300800054180377,0.07220145939940563,0.4434451023297722,0.07516339869281045,23,306
3871,0.025685105086057664,0.07303655463779042,0.4446607600005721,0.0784313725490196,24,306
3872,0.02540686791214088,0.06872073289594181,0.43141724231632844,0.08496732026143791,26,306
3873,0.024723616622751167,0.07303574594639149,0.4354128230431487,0.09477124183006536,29,306
3874,0.02443824706697713,0.06833482211378294,0.421522146422391,0.08169934640522876,25,306
3875,0.025311001640918974,0.06822562683971259,0.43287066832568183,0.0718954248366013,22,306
3876,0.024767692532438774,0.07063329594131675,0.4343294575306417,0.10784313725490197,33,306
3877,0.022785040461298214,0.06540044839937363,0.4021610102830337,0.08169934640522876,25,306
3878,0.02529828785902559,0.0733950066085276,0.44289984410978106,0.08823529411764706,27,306
3879,0.022838262286799468,0.06395670875624579,0.40387723287710414,0.0718954248366013,22,306
3880,0.024901473597607717,0.0691808838749982,0.4282511691766422,0.0718954248366013,22,306
3881,0.024490789446740817,0.06925528861723534,0.42472218646758486,0.08496732026143791,26,306
3882,0.02568783192410163,0.07169361728375725,0.4324076457716566,0.058823529411764705,18,306
3883,0.024831648102508392,0.0644894645440157,0.42125041117832984,0.06862745098039216,21,306
3884,0.024357464607261105,0.06477916211491674,0.4094048998155061,0.08496732026143791,26,306
3885,0.02534980151300015,0.07445081508350151,0.43673038143047155,0.0718954248366013,22,306
3886,0.023746098859903884,0.0666534060144564,0.42170807053674864,0.06862745098039216,21,306
3887,0.024562623954762035,0.07123397401689763,0.4285658099855551,0.05555555555555555,17,306
3888,0.023322377518187026,0.07072772149804882,0.42189041918736864,0.0784313725490196,24,306
3889,0.0233860031785731,0.06382394571447025,0.4104972039873572,0.07516339869281045,23,306
3890,0.024853746141808793,0.06983341885115274,0.428446031950344,0.06862745098039216,21,306
3891,0.02423009033699523,0.06828670150915406,0.42068370017591283,0.0784313725490196,24,306
3892,0.023389482864997254,0.06397971359263617,0.41165207877461707,0.08169934640522876,25,306
3893,0.0252881600411556,0.07443728249528885,0.4369627865734186,0.06862745098039216,21,306
3894,0.02522467549535734,0.07016549963341183,0.4309649461535161,0.06535947712418301,20,306
3895,0.025791381223104235,0.06925338026217606,0.43375738333261826,0.0784313725490196,24,306
3896,0.024393051793925192,0.06810281594280188,0.4265206447276212,0.0784313725490196,24,306
3897,0.024027057692354158,0.06964644798505637,0.41963430156891346,0.058823529411764705,18,306
3898,0.02537721250951391,0.07117808326531395,0.4414607199553782,0.08496732026143791,26,306
3899,0.02551024078689487,0.0693999298468746,0.4292183321176757,0.0784313725490196,24,306
3900,0.02498659731044034,0.07265069197089853,0.4405883068033924,0.0784313725490196,24,306
3901,0.025678900781412866,0.07672206757027586,0.4471707355444001,0.08823529411764706,27,306
3902,0.02423801365723085,0.07074521348415472,0.426229244433003,0.06862745098039216,21,306
3903,0.024680066963250223,0.06990500734608278,0.4323414996925101,0.05555555555555555,17,306
3904,0.025088877578412085,0.07033806025338299,0.43210551908582545,0.06862745098039216,21,306
3905,0.02516235148193812,0.07354659774186423,0.43659451380844094,0.0718954248366013,22,306
3906,0.023581874785306794,0.07031946565351926,0.4222336637061827,0.0784313725490196,24,306
3907,0.02500042097349243,0.06340555382520444,0.41883697315541824,0.06862745098039216,21,306
3908,0.024134737788932527,0.06989303133042615,0.4204620214241787,0.09803921568627451,30,306
3909,0.025390434347317036,0.06684983950947458,0.42554811859098124,0.08169934640522876,25,306
3910,0.024416906652330247,0.0707738926804628,0.42323300582085494,0.0915032679738562,28,306
3911,0.02531688749049533,0.07600028446031377,0.4383178873299867,0.0718954248366013,22,306
3912,0.025109988362735806,0.06772198465154673,0.4255445431272436,0.09477124183006536,29,306
3913,0.025261107100235623,0.07452969090154403,0.4407098725704724,0.08169934640522876,25,306
3914,0.025246902410402932,0.07148553614730374,0.4408081978232577,0.06209150326797386,19,306
3915,0.0244787628243875,0.0693977781339982,0.42646164957595,0.08496732026143791,26,306
3916,0.02415018695463376,0.06839157044475283,0.41712253829321666,0.08496732026143791,26,306
3917,0.024960770153340896,0.0694433936664879,0.43005320290041615,0.06862745098039216,21,306
3918,0.025515468803175078,0.07359634024261519,0.440420260007723,0.07516339869281045,23,306
3919,0.024358849685309106,0.06861435130456262,0.4288232433746657,0.0915032679738562,28,306
3920,0.02549780956314526,0.06982027440804701,0.4264723759671629,0.08169934640522876,25,306
3921,0.024817635575865592,0.06879670546061949,0.4311240542898414,0.08496732026143791,26,306
3922,0.024074803164514973,0.07126944841075823,0.424963530269876,0.0784313725490196,24,306
3923,0.024353064223409705,0.07085197920328153,0.4247096723445031,0.06535947712418301,20,306
3924,0.024090576973734144,0.06817376503106817,0.41663448749302784,0.07516339869281045,23,306
3925,0.02487870300921804,0.07441685567201005,0.43650333948313097,0.06535947712418301,20,306
3926,0.0242353800548821,0.07296972350855536,0.4315674117933096,0.0915032679738562,28,306
3927,0.023703127998629798,0.06668100965095661,0.4161839790620844,0.08823529411764706,27,306
3928,0.024099665606465155,0.06953901158651024,0.42644198452539295,0.0784313725490196,24,306
3929,0.025768111298639353,0.07276091344990233,0.4455403240800332,0.06862745098039216,21,306
3930,0.023792700478670877,0.06642597077530135,0.4230381430471532,0.0784313725490196,24,306
3931,0.024151100708862942,0.07154050536648827,0.42918794067590565,0.06862745098039216,21,306
3932,0.02358536105283815,0.06630431779016943,0.41548855136511204,0.0784313725490196,24,306
3933,0.02490399272709441,0.07177183292043551,0.4316979162197337,0.08169934640522876,25,306
3934,0.02376830254698445,0.06644991105552481,0.42172416012356806,0.06862745098039216,21,306
3935,0.024399594145107856,0.06724701437604647,0.4187940675905665,0.08496732026143791,26,306
3936,0.02485931886186163,0.06979887092875882,0.42670478111011,0.08496732026143791,26,306
3937,0.023671876534306188,0.0691501148971623,0.4245112341070637,0.0718954248366013,22,306
3938,0.024103709151596854,0.07116629058521555,0.41883697315541824,0.06535947712418301,20,306
3939,0.02489249129339684,0.0719452262806897,0.43981064344045423,0.08496732026143791,26,306
3940,0.024342296092113053,0.07077363577518676,0.43105969594256377,0.07516339869281045,23,306
3941,0.02443947415048651,0.0645144288893128,0.41914982623246233,0.07516339869281045,23,306
3942,0.02420085985127933,0.07025922664614309,0.4234975901374408,0.06209150326797386,19,306
3943,0.025758644756595655,0.072275165175915,0.4392492956336437,0.06535947712418301,20,306
3944,0.024972579582963197,0.06992403324272797,0.4299244862058609,0.08169934640522876,25,306
3945,0.023609507274859946,0.06843675427223271,0.4184990918322106,0.0457516339869281,14,306
3946,0.025087215553359906,0.06886996192966544,0.4280294904249081,0.0915032679738562,28,306
3947,0.024750146572290962,0.07123655204830931,0.4337216286952418,0.05228758169934641,16,306
3948,0.02259403760362975,0.064723575145663,0.4038003604067448,0.058823529411764705,18,306
3949,0.02354933259321946,0.07275273188171097,0.42536219447662366,0.07516339869281045,23,306
3950,0.023509683679459353,0.06444849159037358,0.40925115487478725,0.08823529411764706,27,306
3951,0.023732084023287824,0.07032540700364225,0.4248026344016819,0.06535947712418301,20,306
3952,0.025634085733001452,0.07021609936746213,0.44148753593341056,0.06535947712418301,20,306
3953,0.02444317994427916,0.06921476064378429,0.4292880536605598,0.06862745098039216,21,306
3954,0.024935158586412844,0.0734904910967532,0.44192016704566583,0.05555555555555555,17,306
3955,0.024647754732723973,0.07267130063464923,0.43203937300667894,0.0718954248366013,22,306
3956,0.024188125590791438,0.07001996117565204,0.42882860657027216,0.0784313725490196,24,306
3957,0.0233195446785132,0.06886581823448584,0.42096079861558044,0.07516339869281045,23,306
3958,0.026037579658403386,0.07636884606173876,0.45429484704166134,0.08823529411764706,27,306
3959,0.022607499087945213,0.07445733954898535,0.4260325939274324,0.07516339869281045,23,306
3960,0.022931168491980007,0.06585313877911196,0.4107170950072224,0.08496732026143791,26,306
3961,0.0234413407633197,0.06516783456254858,0.4119005735043835,0.06535947712418301,20,306
3962,0.024778403922971183,0.07167255264684864,0.43661060339526037,0.06862745098039216,21,306
3963,0.025184029138023874,0.06908254712352799,0.42893408275053274,0.08169934640522876,25,306
3964,0.023538732849890432,0.06959303599050422,0.417868022482516,0.07516339869281045,23,306
3965,0.023482704727601084,0.07094848155253615,0.4226162383261109,0.08496732026143791,26,306
3966,0.02395510605361674,0.06712937927886992,0.42080705367486165,0.06209150326797386,19,306
3967,0.02429702597422097,0.07181616139627964,0.4329761445059424,0.0718954248366013,22,306
3968,0.024740347213578547,0.06859994025785571,0.42657248895181704,0.0784313725490196,24,306
3969,0.0231224514401282,0.07010116264436173,0.42548912343931006,0.08169934640522876,25,306
3970,0.02611041416267708,0.07105490626683962,0.44279258019765166,0.0718954248366013,22,306
3971,0.024440370466194683,0.06699905228322346,0.421066274795841,0.0784313725490196,24,306
3972,0.02534001735839086,0.07184313808030678,0.44318945667253046,0.0915032679738562,28,306
3973,0.024014178428855993,0.07312980600302567,0.43183914703737075,0.07516339869281045,23,306
3974,0.02508246813864931,0.07261810920623972,0.43936907366885486,0.08823529411764706,27,306
3975,0.02383430423109014,0.06542911876977564,0.41452853935155387,0.08169934640522876,25,306
3976,0.02471326178780453,0.06924662739644202,0.4259020895010083,0.08823529411764706,27,306
3977,0.025247511497850362,0.06951781572930917,0.4318355715736331,0.0784313725490196,24,306
3978,0.024320830238424126,0.07135727574566722,0.4348765034825017,0.07516339869281045,23,306
3979,0.025267802280401024,0.06780068923215132,0.4349372863660417,0.0718954248366013,22,306
3980,0.023513193352982596,0.06950031823931438,0.4229666337724003,0.0784313725490196,24,306
3981,0.02446455061914537,0.066321865587901,0.41827204988487005,0.06209150326797386,19,306
3982,0.025028915358598094,0.07038965731892068,0.4327991590509289,0.08496732026143791,26,306
3983,0.024808537581178045,0.07138840588280672,0.4316228314812431,0.07516339869281045,23,306
3984,0.02350123286499363,0.0667674571006824,0.4173531557042948,0.08823529411764706,27,306
3985,0.024750898731299608,0.07358110393527659,0.4424368215557558,0.0784313725490196,24,306
3986,0.024050047529652094,0.0680654507851382,0.41960927332274994,0.06209150326797386,19,306
3987,0.025296214028255316,0.07319318178762625,0.4378208978704538,0.08169934640522876,25,306
3988,0.024564585067856307,0.06701856935951434,0.4274967463279987,0.08169934640522876,25,306
3989,0.02355729961640435,0.06643259942404728,0.41591403154989204,0.08169934640522876,25,306
3990,0.025624606751080498,0.07375387506222329,0.4436971725232763,0.06535947712418301,20,306
3991,0.026315233684750125,0.07078518616609793,0.4402897555812989,0.08823529411764706,27,306
3992,0.023925557238435993,0.06228972181241796,0.4061619542054605,0.0784313725490196,24,306
3993,0.024551847745972532,0.06800540758114655,0.4252442041732813,0.09477124183006536,29,306
3994,0.023803028571315374,0.06620301895263848,0.41308047653780694,0.07516339869281045,23,306
3995,0.02432458715363361,0.061552389385492935,0.4099787617453984,0.08496732026143791,26,306
3996,0.024484999664686945,0.06681653468047645,0.4242681025729037,0.05555555555555555,17,306
3997,0.025200513401563266,0.07524344396597929,0.4481396862173024,0.0718954248366013,22,306
3998,0.02387425909679664,0.06703906443729139,0.4125477324408976,0.06862745098039216,21,306
3999,0.02532325523932875,0.07711400930394038,0.4455027817107879,0.08823529411764706,27,306
4000,0.023938233655862194,0.06808024057732193,0.41524005663534563,0.06535947712418301,20,306
4001,0.024788537020794144,0.06744576180250957,0.42665651234965174,0.09803921568627451,30,306
4002,0.023898442379904312,0.07075450907692316,0.43051086225883495,0.06209150326797386,19,306
4003,0.02410970620835514,0.06720867105683018,0.42039587534503225,0.049019607843137254,15,306
4004,0.024379413381824575,0.06973586091278641,0.4293398978847557,0.08823529411764706,27,306
4005,0.024637469075987573,0.07386556450742532,0.4363960755710016,0.058823529411764705,18,306
4006,0.025469081526133638,0.07061624139153581,0.43621909011598803,0.08169934640522876,25,306
4007,0.02419363980758173,0.06646950076000033,0.41592654567297377,0.06209150326797386,19,306
4008,0.0249450819596891,0.0720066676023848,0.4317479727120608,0.08496732026143791,26,306
4009,0.025358960076823298,0.0720714715820344,0.43809263311451496,0.09477124183006536,29,306
4010,0.02513223745783573,0.06760406008559013,0.4282887115458875,0.08169934640522876,25,306
4011,0.02591168031914646,0.06980683864730285,0.4343115802119535,0.08169934640522876,25,306
4012,0.026787996648242676,0.07202861959054671,0.4504279830093963,0.08169934640522876,25,306
4013,0.027254433872828276,0.07636792525246593,0.46157806667524776,0.07516339869281045,23,306
4014,0.025511972728357264,0.0680985114431394,0.43347670942921296,0.08496732026143791,26,306
4015,0.02594374519645286,0.06645241635212233,0.42421447061683903,0.0718954248366013,22,306
4016,0.02450623847809825,0.07161509601344318,0.4322771413452325,0.08823529411764706,27,306
4017,0.023062619846750527,0.06467265047161005,0.40623882667581984,0.08496732026143791,26,306
4018,0.024078376224850907,0.07271467639987723,0.4270945066575135,0.08823529411764706,27,306
4019,0.025244648379519834,0.07320664638120285,0.44039344402969066,0.08496732026143791,26,306
4020,0.023277273398381752,0.06783359335318177,0.4136561261995681,0.08496732026143791,26,306
4021,0.024762380083834988,0.07385839068893585,0.4362012127972998,0.0718954248366013,22,306
4022,0.02517270078787579,0.06763012189825394,0.4317980292043878,0.07516339869281045,23,306
4023,0.025701477065414587,0.07368973304670143,0.43701820626135207,0.0915032679738562,28,306
4024,0.024967869856075894,0.0701352328713963,0.43107757326125196,0.09477124183006536,29,306
4025,0.02365267276185172,0.06624541015545,0.4123546573990647,0.06535947712418301,20,306
4026,0.02535987020706097,0.07160989265643433,0.43700747987013916,0.10130718954248366,31,306
4027,0.025556572065418736,0.07060459349706909,0.4337931379699947,0.0784313725490196,24,306
4028,0.025782709235499607,0.07720116273577682,0.4475407960412465,0.10130718954248366,31,306
4029,0.02441422044582283,0.07109123679140465,0.4305037113313597,0.07516339869281045,23,306
4030,0.024142333998758012,0.07031806278444663,0.4201992248394617,0.05555555555555555,17,306
4031,0.024822650012101787,0.07307692257506641,0.4362852361951345,0.0784313725490196,24,306
4032,0.026700111965957143,0.07501453831675564,0.45066753907981866,0.08169934640522876,25,306
4033,0.0256999665107643,0.07302597273840994,0.43900795183135255,0.0718954248366013,22,306
4034,0.024279567918716227,0.07282029433051782,0.4353967334563293,0.0784313725490196,24,306
4035,0.0244691937760962,0.066774418848113,0.42149354271248984,0.058823529411764705,18,306
4036,0.02500022824763928,0.07079320931400021,0.42982973641681327,0.08496732026143791,26,306
4037,0.024929111215173744,0.07380428818567028,0.4377815677693397,0.07516339869281045,23,306
4038,0.023587807126877268,0.06699959592036438,0.4140279744282834,0.0718954248366013,22,306
4039,0.024899772894676344,0.0764917551112822,0.4434790692352798,0.08496732026143791,26,306
4040,0.023752273934824972,0.07091021749261306,0.42527459561505127,0.07516339869281045,23,306
4041,0.023502480142455772,0.0710617729984026,0.42225332875673977,0.08496732026143791,26,306
4042,0.025055110133376027,0.07013911966652532,0.42591102816035237,0.06862745098039216,21,306
4043,0.02441974278145335,0.0717383579622998,0.43268653194319306,0.08169934640522876,25,306
4044,0.02531578112948906,0.07008118676120467,0.43366620900730823,0.06535947712418301,20,306
4045,0.02245324327107412,0.06260105627889109,0.3982959339826376,0.0784313725490196,24,306
4046,0.025612723131629406,0.0677825721910104,0.43813732641123554,0.07516339869281045,23,306
4047,0.02514929426023501,0.06848890302091648,0.43388788775904236,0.0718954248366013,22,306
4048,0.024977149563589533,0.07216126468997669,0.4400144448735001,0.0718954248366013,22,306
4049,0.02537736144624396,0.07037255443595485,0.43487471575063286,0.08169934640522876,25,306
4050,0.024230450441071756,0.06906834412908343,0.4234600477681955,0.09477124183006536,29,306
4051,0.024561617500014225,0.0694255569735217,0.42757361879835815,0.06862745098039216,21,306
4052,0.023533728591970438,0.06978157705692561,0.4227967992448621,0.0784313725490196,24,306
4053,0.024751125148220227,0.07535290174893133,0.4446267930950644,0.08496732026143791,26,306
4054,0.02442636735721814,0.07267961829430081,0.4343348207262482,0.09477124183006536,29,306
4055,0.023617697494674347,0.06900781614242724,0.42112884541124984,0.06862745098039216,21,306
4056,0.023647615966021888,0.0717571170198409,0.4312563464481343,0.0915032679738562,28,306
4057,0.023788868881206397,0.06759464881153093,0.42097510047053105,0.08496732026143791,26,306
4058,0.02446912681768473,0.06839521232444243,0.4185974170849959,0.0915032679738562,28,306
4059,0.025417010875936796,0.074024416661749,0.4434111354242645,0.0784313725490196,24,306
4060,0.02353424498176071,0.06841441309304357,0.41680968521617257,0.0784313725490196,24,306
4061,0.024615087709650697,0.06975066440582692,0.43050192359949085,0.08169934640522876,25,306
4062,0.024764661353183597,0.07436174358620723,0.4410459661618112,0.08496732026143791,26,306
4063,0.024679981681247236,0.06962914500987018,0.42734300138727993,0.08823529411764706,27,306
4064,0.02494470939700959,0.0671258142173428,0.42612019278900476,0.06862745098039216,21,306
4065,0.024764088274013118,0.069405510021937,0.4219297492884827,0.07516339869281045,23,306
4066,0.024445308173887556,0.07011621901143764,0.42968314240356975,0.08169934640522876,25,306
4067,0.024534841555779594,0.07023131092517113,0.4300746556828421,0.06862745098039216,21,306
4068,0.026529108479502326,0.07109846332825025,0.4443586333147409,0.0784313725490196,24,306
4069,0.024258080640990883,0.06969291779888259,0.42853899400752277,0.049019607843137254,15,306
4070,0.026429630972173036,0.0691808981255418,0.4387719712246678,0.0784313725490196,24,306
4071,0.025357838428680907,0.07505550968446803,0.44052394845611476,0.08496732026143791,26,306
4072,0.024082583328144808,0.07047856668973562,0.4279579811501552,0.07516339869281045,23,306
4073,0.022978001774729626,0.06487465621954626,0.4127747743882382,0.07516339869281045,23,306
4074,0.024631374408847558,0.06760667711795279,0.42686210151456644,0.06209150326797386,19,306
4075,0.023387195276046123,0.0652701380482806,0.409780323507959,0.08169934640522876,25,306
4076,0.024522189580343554,0.07226396235913872,0.43293145120922183,0.06862745098039216,21,306
4077,0.025652698233931685,0.07244561560781992,0.44387952117389623,0.07516339869281045,23,306
4078,0.02559605283074891,0.06860897434317453,0.4370968664635803,0.08496732026143791,26,306
4079,0.02396514374213003,0.06932325211746529,0.42740735973455757,0.0718954248366013,22,306
4080,0.025792764417513526,0.07490834456840563,0.4433467770769869,0.06535947712418301,20,306
4081,0.023601325301410948,0.06812357413153679,0.4213523118948528,0.0784313725490196,24,306
4082,0.023420686378083665,0.06740935054536058,0.4161625262796585,0.06535947712418301,20,306
4083,0.024214322956196056,0.06708361093332242,0.42204416412808743,0.0915032679738562,28,306
4084,0.02560341239550737,0.07167433453090687,0.4338700104403541,0.06209150326797386,19,306
4085,0.02535217874935442,0.07470281558301316,0.4462661432187755,0.06209150326797386,19,306
4086,0.02410136686457926,0.06968470442991759,0.42567147208993006,0.07516339869281045,23,306
4087,0.023450453364903198,0.06864523203800976,0.41689013315026957,0.06535947712418301,20,306
4088,0.02500582820040114,0.06919421848801494,0.42911106820554623,0.0784313725490196,24,306
4089,0.02460937228246298,0.07069487782647825,0.4291146436692839,0.06535947712418301,20,306
4090,0.02496355933925651,0.0695263891300621,0.4333497804665265,0.0784313725490196,24,306
4091,0.023810934832020906,0.06778095911869805,0.4192195477753465,0.07516339869281045,23,306
4092,0.022767484303452542,0.0672579486944216,0.4060278743152987,0.0784313725490196,24,306
4093,0.024566932907919996,0.06555728676486873,0.4225465167832268,0.0784313725490196,24,306
4094,0.024451716717819302,0.0706373795465709,0.43658736288096567,0.09477124183006536,29,306
4095,0.025047541223037387,0.06610356100612505,0.422038800932481,0.0718954248366013,22,306
4096,0.024678893703342086,0.070145342570672,0.4286319560647016,0.0718954248366013,22,306
4097,0.024641774682830332,0.06768575952622376,0.4211127558244304,0.08169934640522876,25,306
4098,0.024379588368779747,0.07256140116865849,0.4358722701334363,0.06862745098039216,21,306
4099,0.025383036579589985,0.07286628324352303,0.4396568984997354,0.08169934640522876,25,306
4100,0.024735510198262454,0.0768845388954799,0.4446464581456215,0.08169934640522876,25,306
4101,0.02367432130705339,0.06683952605765367,0.41223130390011586,0.06862745098039216,21,306
4102,0.027112451084067207,0.07820805872876382,0.4621233248952389,0.08169934640522876,25,306
4103,0.025417759372680454,0.0689559226152945,0.4324720041189342,0.07516339869281045,23,306
4104,0.02421365046045698,0.06452645829325321,0.4142353513250669,0.06209150326797386,19,306
4105,0.024755412674845136,0.07451625471421255,0.4378655911671744,0.08496732026143791,26,306
4106,0.025301695299866377,0.071615535284429,0.4404935570143448,0.08496732026143791,26,306
4107,0.025390115992754765,0.06871375409109681,0.4269657899629582,0.09477124183006536,29,306
4108,0.02503240634872106,0.07180297847344237,0.43384498219419054,0.0718954248366013,22,306
4109,0.02663987089203997,0.07353750910303164,0.447769625720456,0.08169934640522876,25,306
4110,0.0253261596767261,0.06887070157091867,0.4332192760401024,0.0784313725490196,24,306
4111,0.02309706072712686,0.06857110110841948,0.4131966791092805,0.08496732026143791,26,306
4112,0.024425380635715435,0.06115711930143219,0.41092447190400594,0.06209150326797386,19,306
4113,0.025043135543572338,0.07082868582922823,0.43195713734071306,0.08823529411764706,27,306
4114,0.02527561674144716,0.07780991232786033,0.446321562906709,0.1111111111111111,34,306
4115,0.022273554701495526,0.06573139687571089,0.40556663949314226,0.06209150326797386,19,306
4116,0.02233298406188125,0.06334478615668682,0.39750933196035526,0.06862745098039216,21,306
4117,0.023701983213007913,0.06835904601000352,0.4211020294332175,0.08496732026143791,26,306
4118,0.024358305850752337,0.07077722081101362,0.4318194819868137,0.07516339869281045,23,306
4119,0.02527018724588827,0.07462503735142442,0.4445284678422792,0.08169934640522876,25,306
4120,0.025251653823455778,0.07024503598328787,0.43560053488937517,0.07516339869281045,23,306
4121,0.024415862691297825,0.07150143558326866,0.4336000629281618,0.0718954248366013,22,306
4122,0.024179393700999165,0.07051677033049378,0.4270480256289241,0.07516339869281045,23,306
4123,0.02440054096218227,0.07157337220400356,0.4307647201842079,0.07516339869281045,23,306
4124,0.02375178012573949,0.07090445373948966,0.4211610245848887,0.07516339869281045,23,306
4125,0.02337115674949373,0.06805951265151149,0.42177779207963273,0.0718954248366013,22,306
4126,0.024974038795511112,0.07524456028649049,0.43306910656312125,0.08169934640522876,25,306
4127,0.025855758827648956,0.06896342234301675,0.43463694741207937,0.06535947712418301,20,306
4128,0.02429854728720856,0.07018436984976131,0.4236334577594714,0.0784313725490196,24,306
4129,0.024542333093624535,0.0708180989086465,0.431917807239599,0.0718954248366013,22,306
4130,0.024820272076213783,0.06909531231779657,0.42284328027345147,0.08169934640522876,25,306
4131,0.02423625528365658,0.06759078792027673,0.42603259392743237,0.05228758169934641,16,306
4132,0.023789232673233005,0.06481184550394078,0.41021295462021423,0.0784313725490196,24,306
4133,0.025732219693843855,0.07709672762733658,0.45230331373979205,0.08496732026143791,26,306
4134,0.024124912351881345,0.06906801153237724,0.4248240871841078,0.06862745098039216,21,306
4135,0.02355305372728278,0.06923999154365834,0.4176231032164872,0.08169934640522876,25,306
4136,0.025095038578071344,0.07451342619965663,0.4416287667510476,0.09803921568627451,30,306
4137,0.024956270354037097,0.07414699926579273,0.438112298165072,0.0915032679738562,28,306
4138,0.025723957944357508,0.07161283215669786,0.4423367085711017,0.08169934640522876,25,306
4139,0.024401016000664796,0.06636780788071844,0.4171135996338725,0.07516339869281045,23,306
4140,0.023721544374252918,0.06680293940197146,0.41244583172437466,0.06535947712418301,20,306
4141,0.025229834820089076,0.07156913177954136,0.43708077687676095,0.049019607843137254,15,306
4142,0.024282796162719437,0.0705095521492403,0.4279079246578281,0.0784313725490196,24,306
4143,0.02496846462248876,0.07495920796345806,0.4354092475794111,0.08823529411764706,27,306
4144,0.023567409993783758,0.06669118090064219,0.41276941119263166,0.07516339869281045,23,306
4145,0.024688713209858718,0.07031684404102531,0.4302999098983138,0.08496732026143791,26,306
4146,0.022905438759880242,0.06179882969487892,0.40275811272722073,0.10130718954248366,31,306
4147,0.026227845602312057,0.07204172207518127,0.4432663291428899,0.0784313725490196,24,306
4148,0.02469862237607924,0.06874112966476759,0.43108293645685847,0.0718954248366013,22,306
4149,0.024905145568054277,0.07530801186962659,0.4432877819253157,0.0784313725490196,24,306
4150,0.025404577354514898,0.0726583917568784,0.44292129689220694,0.0784313725490196,24,306
4151,0.02413597382338146,0.06794818054885526,0.42629717824401825,0.0718954248366013,22,306
4152,0.026059824694180295,0.06980103877632861,0.43784771384848614,0.07516339869281045,23,306
4153,0.02570998956861205,0.07236053407162724,0.4397212568470131,0.08169934640522876,25,306
4154,0.022908668621475108,0.06876625982118054,0.41261209078817523,0.06535947712418301,20,306
4155,0.02421654430578225,0.06839606209538453,0.4171511420031178,0.08496732026143791,26,306
4156,0.024631906378300976,0.07027884054115767,0.4301372262982509,0.08823529411764706,27,306
4157,0.02357032845570669,0.0654444464566187,0.41001451638277486,0.08169934640522876,25,306
4158,0.024286661140244532,0.07087302230786396,0.4306181261709644,0.06862745098039216,21,306
4159,0.025975194045606487,0.06973228778214782,0.4361940618698245,0.06862745098039216,21,306
4160,0.024389141677859393,0.07027294670477098,0.42257512049312795,0.08169934640522876,25,306
4161,0.025752857990386936,0.07048860668749311,0.4350391870825646,0.0915032679738562,28,306
4162,0.02509221335260847,0.07348774173796839,0.43287424378941947,0.0784313725490196,24,306
4163,0.024550089831774147,0.07002145092272388,0.4308576822413867,0.06535947712418301,20,306
4164,0.025109306294169246,0.06671166901085293,0.4219815935126786,0.0718954248366013,22,306
4165,0.02422088382526372,0.06727682232227641,0.42046738461978517,0.07516339869281045,23,306
4166,0.02351377118822695,0.06624353948425034,0.4137562391842222,0.06862745098039216,21,306
4167,0.024801210339736895,0.0697329454338892,0.42993700032894266,0.0718954248366013,22,306
4168,0.02486286276135901,0.06836980404625354,0.42857653637676807,0.06862745098039216,21,306
4169,0.024341052956252555,0.06921865655893289,0.4283280416470016,0.07516339869281045,23,306
4170,0.025824871294837393,0.0714530275966148,0.43212875960012015,0.0784313725490196,24,306
4171,0.02576771471052679,0.07131467379803856,0.4387952117389626,0.08823529411764706,27,306
4172,0.02547301536632966,0.06574140214484003,0.4261344946439553,0.06209150326797386,19,306
4173,0.024167874423131112,0.06661419375576232,0.41909619427639766,0.08169934640522876,25,306
4174,0.025402785240356263,0.07388738982544635,0.44088328256174825,0.0784313725490196,24,306
4175,0.024611552456425247,0.06804859519161868,0.42270383718768323,0.0718954248366013,22,306
4176,0.02349926565424303,0.0629165901491615,0.4088953962328914,0.08823529411764706,27,306
4177,0.026528828959977768,0.07417866914795189,0.4499721113828464,0.06862745098039216,21,306
4178,0.024911639215042962,0.07050924613826122,0.42976716580140445,0.08169934640522876,25,306
4179,0.02580295182612521,0.07329125804455695,0.4407688677221436,0.0784313725490196,24,306
4180,0.02408135756353558,0.07184140859151365,0.42775060425337164,0.08169934640522876,25,306
4181,0.02490714404606239,0.07210987616921481,0.43314419130161186,0.08823529411764706,27,306
4182,0.02492379263304211,0.07250013764537985,0.4372023426438409,0.0784313725490196,24,306
4183,0.02554975339568768,0.0737478470439389,0.4455295976888203,0.06862745098039216,21,306
4184,0.024186756821274535,0.07094630755350594,0.4301229244433003,0.08496732026143791,26,306
4185,0.02399384102272686,0.07156081033409832,0.4266547246177829,0.07516339869281045,23,306
4186,0.024129264630575607,0.0667817484856388,0.4233402697329844,0.07516339869281045,23,306
4187,0.02674274798863279,0.07679829449556567,0.4588875302126686,0.06535947712418301,20,306
4188,0.024471232242578064,0.07072083949913217,0.4295544257090145,0.08169934640522876,25,306
4189,0.023779631071407348,0.07451331675955625,0.43000672187182676,0.06535947712418301,20,306
4190,0.025198988279449643,0.07462072761980493,0.4426209579382446,0.08169934640522876,25,306
4191,0.025296688748249977,0.06825760845302695,0.4306270648303085,0.0915032679738562,28,306
4192,0.023668223121992064,0.0678019403577724,0.4180003146408089,0.07516339869281045,23,306
4193,0.024716406407027318,0.06792378605118092,0.4238712260980249,0.0784313725490196,24,306
4194,0.02347634722506595,0.06482590217876505,0.40913316457144494,0.08496732026143791,26,306
4195,0.023763184209731374,0.0670244449731808,0.41856345017948826,0.08169934640522876,25,306
4196,0.024215379643783983,0.06888602713973188,0.42516375623918423,0.0915032679738562,28,306
4197,0.0255321043309686,0.07085514697302492,0.4378065960155032,0.08496732026143791,26,306
4198,0.02466091284425273,0.07401392909932089,0.4333479927346577,0.0784313725490196,24,306
4199,0.02556984428444797,0.07238502476201887,0.4370646872899415,0.08496732026143791,26,306
4200,0.023952458247688154,0.07222693146570552,0.4263454470044765,0.0718954248366013,22,306
4201,0.024930280459461374,0.06959028879919936,0.43788525621773144,0.0784313725490196,24,306
4202,0.024608462260063996,0.06851753925551919,0.42407145206733315,0.08823529411764706,27,306
4203,0.025828048058040756,0.07289848709821406,0.44876360463952175,0.07516339869281045,23,306
4204,0.024029962675402985,0.07006873993358036,0.4251476666523648,0.06535947712418301,20,306
4205,0.023462419065193897,0.07097333919373515,0.4259950515581871,0.09477124183006536,29,306
4206,0.024830460719909048,0.0717338665274977,0.4344492355658529,0.0718954248366013,22,306
4207,0.023600478295838227,0.0698601693065001,0.4226162383261109,0.058823529411764705,18,306
4208,0.026090914515726413,0.07136603574280773,0.4402826046538236,0.0915032679738562,28,306
4209,0.02577079551001498,0.06983527350546699,0.4371934039844968,0.07516339869281045,23,306
4210,0.024653693025771584,0.07356407216117984,0.43331402582915,0.06535947712418301,20,306
4211,0.02372464700368035,0.0702638267620745,0.4236102172451767,0.08496732026143791,26,306
4212,0.024510325104429638,0.07075917074416432,0.43034460319503437,0.06535947712418301,20,306
4213,0.024327534118398896,0.06910720424345056,0.4194734057007194,0.0915032679738562,28,306
4214,0.023200361098147698,0.06920170031990584,0.4126925387222723,0.06862745098039216,21,306
4215,0.02386008757651004,0.07019363497700913,0.4225089744139815,0.08496732026143791,26,306
4216,0.024634439408105755,0.0671908428221818,0.41957709414911115,0.06209150326797386,19,306
4217,0.026160029771657517,0.07438117151671828,0.4491747829693511,0.09477124183006536,29,306
4218,0.024656608981894774,0.07035160617146309,0.4294114071595086,0.0718954248366013,22,306
4219,0.024192045475382694,0.06771849162543483,0.4159587248466126,0.0784313725490196,24,306
4220,0.02669724908675177,0.0694334850207504,0.4441423177586133,0.0784313725490196,24,306
4221,0.024934250451346323,0.06586487978215488,0.4178858998012042,0.0718954248366013,22,306
4222,0.02556251183203856,0.07315697944803527,0.4445552838203115,0.08823529411764706,27,306
4223,0.024542722161227704,0.07043734800404187,0.42968135467170093,0.07516339869281045,23,306
4224,0.02457567460634096,0.06692382258427758,0.42273065316571556,0.07516339869281045,23,306
4225,0.024742033434328504,0.06894559645688547,0.4287839132735516,0.08169934640522876,25,306
4226,0.025693254975674724,0.06940228186738501,0.4348461120407317,0.0718954248366013,22,306
4227,0.02530060709669761,0.07214854719937833,0.44137490882567465,0.06209150326797386,19,306
4228,0.023649343911203786,0.0667628758103331,0.41238326110896584,0.06209150326797386,19,306
4229,0.024100648441630217,0.06854895743719286,0.42021888989001877,0.07516339869281045,23,306
4230,0.02583033589315767,0.07738953289307748,0.454044564580026,0.08169934640522876,25,306
4231,0.025218263241326897,0.07406662973480163,0.43907767337423664,0.06862745098039216,21,306
4232,0.024866690643580568,0.07009973796636432,0.4327133479212254,0.07516339869281045,23,306
4233,0.02533742370207495,0.07089441137432664,0.4345207448406058,0.08169934640522876,25,306
4234,0.025098543664351984,0.07252332471284141,0.44020215671972657,0.06862745098039216,21,306
4235,0.025546911519746748,0.07132098904852643,0.4378441383847485,0.07516339869281045,23,306
4236,0.024990043433637952,0.07026841939945451,0.4322878677364454,0.06862745098039216,21,306
4237,0.026677825726103183,0.07147827448971217,0.44971289026186695,0.06862745098039216,21,306
4238,0.02352130962718067,0.06737217842242775,0.4142711059624433,0.07516339869281045,23,306
4239,0.025053232101189836,0.07043303225445148,0.4298583401267144,0.058823529411764705,18,306
4240,0.025772196072260736,0.07054199136554981,0.4341792880536606,0.06535947712418301,20,306
4241,0.02363586479174512,0.06533055045371446,0.41137319260308064,0.05555555555555555,17,306
4242,0.024659690409305542,0.06639969679641848,0.42014201741965934,0.0915032679738562,28,306
4243,0.02389045048381466,0.06805190073104474,0.41889775603895824,0.08823529411764706,27,306
4244,0.02386227246568447,0.06833348414476871,0.42136661374980333,0.08496732026143791,26,306
4245,0.023940120834614897,0.0683554976834619,0.4249688934654825,0.08496732026143791,26,306
4246,0.024725662209127794,0.07419555006797815,0.4440064501365827,0.10457516339869281,32,306
4247,0.02320153257304612,0.06501989743099973,0.4115626921811759,0.08496732026143791,26,306
4248,0.024645882597127394,0.06549568110813857,0.417928805366056,0.058823529411764705,18,306
4249,0.02536783301527704,0.0680874351751238,0.4304822585489338,0.08496732026143791,26,306
4250,0.025309398364590046,0.06978466485696232,0.4307200268874873,0.0784313725490196,24,306
4251,0.025923775454927658,0.07061415092428233,0.4389632585346319,0.0718954248366013,22,306
4252,0.025497549881254546,0.07407351839704075,0.43865576865319433,0.08823529411764706,27,306
4253,0.025237991873596582,0.0675571588879255,0.4241912301025443,0.05228758169934641,16,306
4254,0.02354688460139822,0.06337183576012793,0.4070558201398721,0.07516339869281045,23,306
4255,0.02467451965226772,0.0661651024510961,0.42078202542869814,0.06535947712418301,20,306
4256,0.023813758894323113,0.06920677666345099,0.42084102058036926,0.07516339869281045,23,306
4257,0.02518354896026502,0.07008888756798724,0.42925766221878975,0.06862745098039216,21,306
4258,0.024175041400710626,0.07125671356487474,0.43225211309906897,0.06862745098039216,21,306
4259,0.02393801034448137,0.07020158036791148,0.4235798258034067,0.0784313725490196,24,306
4260,0.02292113078044629,0.06648306110761695,0.40960155032107665,0.0718954248366013,22,306
4261,0.024921133549504072,0.07230008523602174,0.4337019636446847,0.07516339869281045,23,306
4262,0.026520413940930555,0.0728859180357118,0.44705095750918894,0.08823529411764706,27,306
4263,0.024278917577482392,0.06816033211431882,0.41910334520387293,0.08169934640522876,25,306
4264,0.024388997525892804,0.07267512830249413,0.4291289455242345,0.0718954248366013,22,306
4265,0.02369377999041803,0.07239696698819159,0.4308934368787632,0.06535947712418301,20,306
4266,0.024360885602542112,0.06925824232070243,0.4271642282003976,0.05228758169934641,16,306
4267,0.024724710537833247,0.07086958690303405,0.4268138327541082,0.058823529411764705,18,306
4268,0.02531587266487533,0.07229927954397014,0.4441905865190715,0.08496732026143791,26,306
4269,0.025449310311028553,0.06809756176612806,0.43170149168347133,0.0784313725490196,24,306
4270,0.024069693733018826,0.06897387769353845,0.4309631584216473,0.08169934640522876,25,306
4271,0.024515518266183773,0.0694471497931553,0.416400294618212,0.08496732026143791,26,306
4272,0.024438301413586532,0.070098165889188,0.43150305344603196,0.06862745098039216,21,306
4273,0.024545873247671456,0.06944789402326297,0.4228915490339097,0.0718954248366013,22,306
4274,0.025344203888302837,0.07228665192792706,0.4346172823615223,0.0784313725490196,24,306
4275,0.024076565513040982,0.07248254559655756,0.4306145507072267,0.07516339869281045,23,306
4276,0.025387068731197088,0.07164078684150335,0.43284742781138713,0.08496732026143791,26,306
4277,0.024230267367230524,0.06710406495852558,0.4214363352926875,0.07516339869281045,23,306
4278,0.025051975601183243,0.06843313291807102,0.42501894995780953,0.08823529411764706,27,306
4279,0.0257259618074132,0.06849552163311634,0.4332675448005606,0.08169934640522876,25,306
4280,0.024994659585407013,0.07288496031596217,0.43301726233892535,0.08169934640522876,25,306
4281,0.026136155108286464,0.0733586424024924,0.4486491897999171,0.08496732026143791,26,306
4282,0.024509337736947162,0.07234448686192876,0.42859798915919395,0.0915032679738562,28,306
4283,0.025494472247423332,0.07312481785496769,0.44011098239441654,0.06535947712418301,20,306
4284,0.02447156748993053,0.07005084883078401,0.4300013586762203,0.0718954248366013,22,306
4285,0.02436611120319514,0.07143938546577432,0.422331988958968,0.0784313725490196,24,306
4286,0.024039642311462238,0.06617239907113173,0.4199882724789405,0.06535947712418301,20,306
4287,0.02406074672826343,0.07188431521300818,0.4335911242688177,0.07516339869281045,23,306
4288,0.024005594163090345,0.06917400031277052,0.4279919480556628,0.0784313725490196,24,306
4289,0.022948212067240882,0.06484854385705971,0.41324852333347634,0.0915032679738562,28,306
4290,0.024523469437248407,0.07140316243346671,0.4309792480084667,0.0915032679738562,28,306
4291,0.02373169417765626,0.07232704888881189,0.4255463308591124,0.049019607843137254,15,306
4292,0.02308838979130279,0.0649069470004239,0.4064873214055863,0.05555555555555555,17,306
4293,0.023338938171462275,0.07035664745932113,0.4247400637862731,0.0718954248366013,22,306
4294,0.025820107232708656,0.0684810863966932,0.43634423134680567,0.06209150326797386,19,306
4295,0.025700577663776408,0.07303115749864791,0.44416377054103917,0.0915032679738562,28,306
4296,0.02371799863825223,0.07014393616397344,0.4241715650519872,0.0718954248366013,22,306
4297,0.024942321157644366,0.06961914878660717,0.42977610446074854,0.09477124183006536,29,306
4298,0.02398704587771491,0.06523043784392757,0.4063460905879493,0.0915032679738562,28,306
4299,0.024301457505841242,0.07084038791788116,0.42457022925873483,0.0784313725490196,24,306
4300,0.024599362427148937,0.0695751068035029,0.4238479855837302,0.0784313725490196,24,306
4301,0.02576451952046837,0.07347751597160651,0.4400323221921883,0.0784313725490196,24,306
4302,0.026753244453909256,0.08220742894322876,0.4712103659844682,0.08169934640522876,25,306
4303,0.023897633305613362,0.06809238686236188,0.4168811944909255,0.0784313725490196,24,306
4304,0.025419456360030776,0.07411052512218579,0.4460444644670414,0.06862745098039216,21,306
4305,0.02455804351680288,0.0726292056677324,0.43682513121951916,0.06209150326797386,19,306
4306,0.024727857832203402,0.06798847908500735,0.4221210365984468,0.06862745098039216,21,306
4307,0.023144767897244994,0.06924018987714098,0.41970044764805997,0.06535947712418301,20,306
4308,0.02424050469245395,0.07477768720053307,0.4347853291571917,0.0784313725490196,24,306
4309,0.024758077809393687,0.06836919673153782,0.42573046724160124,0.0915032679738562,28,306
4310,0.024383162591356245,0.0710883880315816,0.425024313153416,0.07516339869281045,23,306
4311,0.023936671581881595,0.06834602305668908,0.4165933696600449,0.0784313725490196,24,306
4312,0.025324864077178585,0.07010215030401029,0.43157456272078487,0.0784313725490196,24,306
4313,0.024570284434867643,0.07259243094724005,0.43535382789147753,0.0784313725490196,24,306
4314,0.02473673091159383,0.07066709359899408,0.4321716651649719,0.08496732026143791,26,306
4315,0.025384455016884667,0.07288549591649887,0.4422401710501852,0.0915032679738562,28,306
4316,0.025567530499115355,0.07182175729842225,0.439458460262296,0.08169934640522876,25,306
4317,0.02558775565227692,0.07296687492522153,0.44367214427711277,0.08496732026143791,26,306
4318,0.026970787270168915,0.07763685459168908,0.4591789305072868,0.0784313725490196,24,306
4319,0.024354087097585124,0.06957576035222023,0.4260629853692024,0.08169934640522876,25,306
4320,0.02473313999786203,0.06815498691451984,0.4214971181762275,0.08823529411764706,27,306
4321,0.022586582496199027,0.0657615695567178,0.40613692595929696,0.0784313725490196,24,306
4322,0.02397675268542035,0.06905903323049624,0.4204870496703423,0.0784313725490196,24,306
4323,0.024134004961958593,0.07189160289320896,0.4232079775746914,0.0784313725490196,24,306
4324,0.025622117460123547,0.06952931684587338,0.4330977102730224,0.09803921568627451,30,306
4325,0.025205415700912802,0.07075068875377756,0.43017476866749615,0.07516339869281045,23,306
4326,0.025666688087952517,0.07249136377907293,0.4398088557085854,0.08496732026143791,26,306
4327,0.024926290034795653,0.07021184025600993,0.4305448291643426,0.0915032679738562,28,306
4328,0.02460490617006986,0.07098306094398033,0.4385556556685402,0.06209150326797386,19,306
4329,0.02501170304709134,0.07050216420840315,0.430541253700605,0.08496732026143791,26,306
4330,0.02494159617932941,0.07048211652012429,0.4316460719955378,0.07516339869281045,23,306
4331,0.023482133539752467,0.06559007013076977,0.41155196578996295,0.05228758169934641,16,306
4332,0.023900581242312948,0.0690800848861596,0.4223748945238197,0.09477124183006536,29,306
4333,0.024787038284140066,0.06637897807136195,0.4223784699875574,0.08823529411764706,27,306
4334,0.025221769376860957,0.07082649168992992,0.4318552366241902,0.06862745098039216,21,306
4335,0.0251097233318631,0.06893011413301586,0.43397191115687705,0.09477124183006536,29,306
4336,0.025246972189735043,0.07127549961474715,0.439043706468729,0.0915032679738562,28,306
4337,0.023282934236940965,0.0694852664500319,0.41648074255230905,0.06209150326797386,19,306
4338,0.022855405497054462,0.06506482119534812,0.4060511148295934,0.07516339869281045,23,306
4339,0.025298625442003023,0.07051583344554305,0.4361904864060869,0.0718954248366013,22,306
4340,0.02410524470797961,0.07000127118331198,0.4216508631169463,0.0784313725490196,24,306
4341,0.023839119070796715,0.06811777639427613,0.4209715250067934,0.058823529411764705,18,306
4342,0.025604440705910864,0.0725366664962664,0.4445409819653609,0.07516339869281045,23,306
4343,0.02417110100155734,0.07084919466487434,0.4265617625606041,0.08169934640522876,25,306
4344,0.025400033337531287,0.06709003728501349,0.42594678279772885,0.06862745098039216,21,306
4345,0.0246621407451355,0.07043267898851105,0.42915397377039805,0.0784313725490196,24,306
4346,0.023714406115094237,0.06998627774562177,0.4187404356345018,0.08169934640522876,25,306
4347,0.02607577737885355,0.07571203780346168,0.45149525893508385,0.08496732026143791,26,306
4348,0.02493684405366222,0.0716939602478402,0.43270977245748776,0.07516339869281045,23,306
4349,0.023480314196326096,0.06782323013468179,0.4151846369474121,0.08823529411764706,27,306
4350,0.024775048676395395,0.06581359712963186,0.42012771556470874,0.0718954248366013,22,306
4351,0.024061618586120694,0.06312074958575155,0.411004919838103,0.0718954248366013,22,306
4352,0.026160753101240195,0.0711974133822622,0.44037735444287124,0.0784313725490196,24,306
4353,0.024316668462705904,0.0713166770196762,0.4331459790334807,0.08169934640522876,25,306
4354,0.02492749981730838,0.07234366285342292,0.4354682427310822,0.09803921568627451,30,306
4355,0.02484633145239369,0.07101518302371858,0.4301944337180532,0.08823529411764706,27,306
4356,0.023701131914718374,0.06796201313338213,0.41744611776147367,0.07516339869281045,23,306
4357,0.02343113008100599,0.06586425331474303,0.4112462636403941,0.0784313725490196,24,306
4358,0.02559290794461173,0.07085257523250685,0.4314297564394102,0.09477124183006536,29,306
4359,0.02488034447467836,0.06947350314439081,0.4308451681183049,0.08823529411764706,27,306
4360,0.022631006569184743,0.06501629540580944,0.40377711989245,0.08169934640522876,25,306
4361,0.025084286895925456,0.07056807280028042,0.43301905007079416,0.0915032679738562,28,306
4362,0.024292637509304403,0.0646440842592561,0.41997575835585876,0.06862745098039216,21,306
4363,0.02459616530057386,0.06834470828653935,0.4242538007179531,0.08169934640522876,25,306
4364,0.024797431800729557,0.07003524044431378,0.43002817465425264,0.0784313725490196,24,306
4365,0.02535619912990919,0.07538985846725121,0.44627865734185723,0.0915032679738562,28,306
4366,0.02458495588174234,0.07130271864229087,0.43053767823686734,0.08496732026143791,26,306
4367,0.023921794403653173,0.06680490628001882,0.4219798057808098,0.08169934640522876,25,306
4368,0.025420640935040845,0.06659177478841183,0.4240142446475308,0.0784313725490196,24,306
4369,0.023944196586171675,0.07002362256307719,0.4279186510490411,0.07516339869281045,23,306
4370,0.024458556991013104,0.0702701085412537,0.42098403912987514,0.0915032679738562,28,306
4371,0.02512766027288098,0.06970420092649295,0.4302999098983138,0.0784313725490196,24,306
4372,0.025029018148507078,0.07359119729565004,0.4362459060940204,0.0784313725490196,24,306
4373,0.02459216359711258,0.06648080351965958,0.4244129088542784,0.06862745098039216,21,306
4374,0.024495390278675797,0.06683577163783552,0.4211502981936757,0.07516339869281045,23,306
4375,0.02458570949149265,0.07209569487682443,0.43009074526966146,0.0784313725490196,24,306
4376,0.02572782192107057,0.07003716064726179,0.43120092676020083,0.0718954248366013,22,306
4377,0.024936645503574103,0.07435241440989285,0.4389435934840749,0.0784313725490196,24,306
4378,0.025623588999213753,0.07079978183222146,0.43848950958939376,0.09477124183006536,29,306
4379,0.024592026496111932,0.07029115471981909,0.42706947841134996,0.08823529411764706,27,306
4380,0.02445006952719173,0.07132335474439119,0.4302891835071009,0.06209150326797386,19,306
4381,0.024146321693687616,0.074309239235890015,0.44339147037370746,0.06209150326797386,19,306
4382,0.024313312738373758,0.06540308063011671,0.41631090802477083,0.08823529411764706,27,306
4383,0.025222593436027424,0.07086733471249054,0.43475314998355286,0.08169934640522876,25,306
4384,0.025083799790570623,0.06504631587409379,0.416328785343459,0.05228758169934641,16,306
4385,0.025321063193903568,0.0698398864869745,0.43468342844066876,0.10784313725490197,33,306
4386,0.02532564382090886,0.07209530788968112,0.4389167775060425,0.06535947712418301,20,306
4387,0.023442424526235045,0.07211009695178157,0.420499563793424,0.07516339869281045,23,306
4388,0.024442799062365784,0.06880109184205688,0.42649204101772,0.0718954248366013,22,306
4389,0.0251849125074728,0.06703494609721193,0.42702299738276056,0.08169934640522876,25,306
4390,0.02396598956371902,0.06768354165199328,0.41459289769883156,0.06209150326797386,19,306
4391,0.02378605987847237,0.0732938603124962,0.42837809813932864,0.06535947712418301,20,306
4392,0.024324773270742298,0.07090875718275895,0.4341363824888088,0.08496732026143791,26,306
4393,0.02525659192905184,0.07391733747125491,0.44095300410463234,0.0784313725490196,24,306
4394,0.02357013743704704,0.0693139214147357,0.4241483245376925,0.06535947712418301,20,306
4395,0.023872136390437435,0.06985630574687249,0.42643304586604885,0.0915032679738562,28,306
4396,0.025317149437359018,0.07212179855312226,0.4325327870024742,0.05555555555555555,17,306
4397,0.024888716861723725,0.06682475400689471,0.42205667825116916,0.0718954248366013,22,306
4398,0.02417068325588802,0.06777321404612058,0.41982737661074643,0.0915032679738562,28,306
4399,0.0257461321607234,0.0734708824467316,0.4473083908982995,0.0915032679738562,28,306
4400,0.024438426181710344,0.06711130579175795,0.41476988315384505,0.05228758169934641,16,306
4401,0.024892654470500587,0.07355403976864879,0.43890962657856725,0.07516339869281045,23,306
4402,0.024676967587829234,0.06946899248732234,0.4294489495287539,0.06535947712418301,20,306
4403,0.025098272125314323,0.07159414541008646,0.4375062570615409,0.0718954248366013,22,306
4404,0.022657086165676972,0.06478047462381263,0.400031821627265,0.06535947712418301,20,306
4405,0.02475398151318319,0.07087633466930254,0.4232580340670185,0.09803921568627451,30,306
4406,0.025715089437831563,0.0699015089385711,0.43579897312681454,0.08823529411764706,27,306
4407,0.02431685169616307,0.06927326049125632,0.42546945838875305,0.05555555555555555,17,306
4408,0.023808351894218892,0.06732079647112417,0.4154545844596044,0.0784313725490196,24,306
4409,0.02448593204126243,0.06632014253696855,0.4190175340741694,0.06862745098039216,21,306
4410,0.024358800459393228,0.06964503695085031,0.42244461606670386,0.09803921568627451,30,306
4411,0.024548124921559236,0.0722089190849304,0.4347799659615852,0.0915032679738562,28,306
4412,0.024363208253860777,0.06819521806709675,0.4247865448148625,0.06209150326797386,19,306
4413,0.023257537795748275,0.06791953167865952,0.4203994508087699,0.06209150326797386,19,306
4414,0.024534802876638066,0.06817364933599906,0.4214113070465239,0.08823529411764706,27,306
4415,0.02457235491266602,0.07150433329581847,0.43119735129646314,0.0718954248366013,22,306
4416,0.02427615019806857,0.06610553648799437,0.412351081935327,0.0784313725490196,24,306
4417,0.024066761618093145,0.06884541073247673,0.421187840562921,0.08169934640522876,25,306
4418,0.025207001246807918,0.06671436620414176,0.4264258949385735,0.0784313725490196,24,306
4419,0.02555722293057272,0.06975245857477978,0.4388756596730596,0.06209150326797386,19,306
4420,0.025789054863473923,0.06848256339946503,0.43651227814247506,0.09477124183006536,29,306
4421,0.024157801936838943,0.06665516455491753,0.4184025543112942,0.05555555555555555,17,306
4422,0.0236647836158498,0.06738260969770507,0.4158675505213026,0.0915032679738562,28,306
4423,0.025074131100530906,0.07130242599494965,0.43512857367600577,0.06535947712418301,20,306
4424,0.023489596599404534,0.06749219480549838,0.41616610174339613,0.0784313725490196,24,306
4425,0.02527823260100316,0.0748188040734445,0.43839297206847727,0.0915032679738562,28,306
4426,0.023043460218296466,0.06755053616176757,0.407502753107078,0.0784313725490196,24,306
4427,0.02456942504231366,0.07019107436591691,0.42602186753621946,0.08496732026143791,26,306
4428,0.02607630071011584,0.0673121017949416,0.4313010397448549,0.05228758169934641,16,306
4429,0.024621901621148745,0.06871371395278093,0.4234725618912773,0.0915032679738562,28,306
4430,0.02386337475038016,0.06773073775966197,0.41652007265342317,0.0784313725490196,24,306
4431,0.026014581140729152,0.0750771414894445,0.4446017648489009,0.06535947712418301,20,306
4432,0.02381528747345451,0.06596261979064047,0.41231175183421287,0.0915032679738562,28,306
4433,0.024080724318438208,0.07166824688495396,0.4310257290370561,0.06862745098039216,21,306
4434,0.024377688710648486,0.06984498115696383,0.42627930092533,0.06535947712418301,20,306
4435,0.026364555486547835,0.07282592351265756,0.44683821741679897,0.09477124183006536,29,306
4436,0.02545416602647848,0.0721146911232772,0.4352555026386922,0.08496732026143791,26,306
4437,0.025407678441991127,0.07231729300586523,0.43929577666223313,0.08169934640522876,25,306
4438,0.025654332333603817,0.07116609375003026,0.4417878748873729,0.0784313725490196,24,306
4439,0.024770386460200983,0.0684582688916517,0.4333408418071824,0.06862745098039216,21,306
4440,0.025134191914515245,0.06895349857483657,0.42525850602823184,0.06535947712418301,20,306
4441,0.02496069973279645,0.06947796371961795,0.43203222207920366,0.058823529411764705,18,306
4442,0.023942680876227283,0.06767024227552879,0.42036012070765577,0.0784313725490196,24,306
4443,0.022983916332734507,0.06528521431039748,0.41658085553696317,0.0718954248366013,22,306
4444,0.023760344378489756,0.06787200615431316,0.4155100041475379,0.06862745098039216,21,306
4445,0.02506780940699293,0.07415148487915306,0.434792480084667,0.08169934640522876,25,306
4446,0.02449486994358429,0.06801384750179398,0.42544621787445835,0.08496732026143791,26,306
4447,0.02372108347589903,0.06903058815717332,0.41665057707984726,0.0718954248366013,22,306
4448,0.02309239103678276,0.06937522322520785,0.40985362051458074,0.08496732026143791,26,306
4449,0.025544929296345702,0.07190210529158628,0.4386539809213255,0.08823529411764706,27,306
4450,0.02313602193638126,0.06585009394963122,0.4057775918536634,0.06535947712418301,20,306
4451,0.024945064058312986,0.06670015522611301,0.4210019164485634,0.06209150326797386,19,306
4452,0.02396585107263064,0.06784957961973977,0.4241697773201184,0.06535947712418301,20,306
4453,0.022948646935627946,0.06988051966490075,0.41308047653780694,0.08169934640522876,25,306
4454,0.025354791027769483,0.07560888966825706,0.44892986370332233,0.0915032679738562,28,306
4455,0.02401702555520228,0.06647878047883948,0.41279622717066405,0.0718954248366013,22,306
4456,0.0252114047821607,0.07062250228285379,0.4376457001473091,0.08823529411764706,27,306
4457,0.025090587891807598,0.07032958573327058,0.4310489695513508,0.0718954248366013,22,306
4458,0.024030594830305278,0.06433484353497575,0.4110210094249224,0.0784313725490196,24,306
4459,0.025175828871690602,0.06685223629292925,0.4289430214098769,0.09477124183006536,29,306
4460,0.024771153703218914,0.06653537424656013,0.4171207505613478,0.06862745098039216,21,306
4461,0.023766572504542664,0.06828946644967848,0.4202921868966405,0.0718954248366013,22,306
4462,0.025302318302605365,0.06926721194693701,0.4350087956407946,0.07516339869281045,23,306
4463,0.025253320665746717,0.06714141625786627,0.4287499463680439,0.06535947712418301,20,306
4464,0.024432827157683124,0.0673874884140459,0.42044593183735934,0.0718954248366013,22,306
4465,0.02495234570866685,0.07012858531962188,0.429903033423435,0.08496732026143791,26,306
4466,0.023961542772271464,0.06699034247448414,0.41680253428869724,0.07516339869281045,23,306
4467,0.02359110318856148,0.06491714640601817,0.41657370460948784,0.06862745098039216,21,306
4468,0.023885216499112603,0.06990091455425337,0.42286652078774617,0.06862745098039216,21,306
4469,0.022946146986152577,0.06645867595822685,0.4082249967820826,0.0784313725490196,24,306
4470,0.02473176610271329,0.0667454984171746,0.4195449149754723,0.08496732026143791,26,306
4471,0.024361119049539262,0.07078127451187634,0.4299423635245491,0.06209150326797386,19,306
4472,0.024353220948217517,0.06899125675176568,0.42418944237067546,0.0718954248366013,22,306
4473,0.02321557346362328,0.07003947558408084,0.4190836801533159,0.0718954248366013,22,306
4474,0.024065050763029706,0.06629801090059237,0.41373299866992747,0.0718954248366013,22,306
4475,0.026133185869685695,0.07377204881931185,0.44288375452296164,0.08169934640522876,25,306
4476,0.02441649960954206,0.06994593323469789,0.430024599190515,0.08169934640522876,25,306
4477,0.024340517046813292,0.07284352745374685,0.4315584731339655,0.0718954248366013,22,306
4478,0.024466374814089257,0.07029739665935658,0.4295311851947198,0.08823529411764706,27,306
4479,0.02565068628755826,0.07276318274434966,0.44546166387780495,0.0784313725490196,24,306
4480,0.024737656514021582,0.06693507108569118,0.4260629853692024,0.0784313725490196,24,306
4481,0.02519748043459782,0.06998102275478164,0.4293041432473792,0.08496732026143791,26,306
4482,0.023649496831206002,0.07196309783228363,0.42214070164900386,0.08169934640522876,25,306
4483,0.022583921706510256,0.06616859690121675,0.4030066074569872,0.05555555555555555,17,306
4484,0.024091088613999855,0.06654175707630679,0.4189388738719412,0.0718954248366013,22,306
4485,0.023823752545632904,0.06467583103114614,0.41473770398020626,0.10130718954248366,31,306
4486,0.025595062673524356,0.07003345483315068,0.4361010998126457,0.0718954248366013,22,306
4487,0.02474325973364795,0.06950331110102767,0.4269800918179088,0.06209150326797386,19,306
4488,0.02530096757443432,0.0742353184500147,0.4390597960555484,0.0784313725490196,24,306
4489,0.024609613550970126,0.06964776907248102,0.4234707741594085,0.0718954248366013,22,306
4490,0.024984647736547443,0.07180290464402221,0.43643183020837806,0.0718954248366013,22,306
4491,0.0235471656585769,0.06852238931632716,0.4185098182234236,0.0718954248366013,22,306
4492,0.023730219451750346,0.0684739589290049,0.4194483774545559,0.0784313725490196,24,306
4493,0.023849648806879644,0.06858712430252843,0.41784120650448364,0.07516339869281045,23,306
4494,0.023737681055632953,0.06535140368319199,0.41060089243574893,0.07516339869281045,23,306
4495,0.023504000700709893,0.06645435275136975,0.4113463766250483,0.06862745098039216,21,306
4496,0.02502891608657539,0.0729734171678395,0.4387630325653238,0.09477124183006536,29,306
4497,0.024164601136780785,0.07020749231642122,0.4270855679981694,0.08496732026143791,26,306
4498,0.024864042588207493,0.07203381600909442,0.43333011541596944,0.07516339869281045,23,306
4499,0.0251330156226637,0.06607804208804983,0.4279061369259593,0.08169934640522876,25,306
4500,0.025527923535116417,0.07114506802447271,0.43926180975672546,0.08496732026143791,26,306
4501,0.025346101050293026,0.0734000326340691,0.4362512692896269,0.06862745098039216,21,306
4502,0.02440583954627654,0.07312007358846993,0.4339182792008124,0.07516339869281045,23,306
4503,0.02406485048147367,0.06613654671515477,0.4139314369073669,0.0718954248366013,22,306
4504,0.024573760227063982,0.07126566137725886,0.4265546116331288,0.08496732026143791,26,306
4505,0.023943147796713773,0.06817681021730071,0.41863853491797887,0.08169934640522876,25,306
4506,0.026276417392490193,0.0725528548717021,0.4446929391742109,0.07516339869281045,23,306
4507,0.024275113217068527,0.06655282933698588,0.42052816750332517,0.08823529411764706,27,306
4508,0.025480691951034674,0.07185155648896839,0.4397784642668154,0.06209150326797386,19,306
4509,0.02290104738779653,0.06536447233766489,0.4042544443014259,0.08496732026143791,26,306
4510,0.02511963619702145,0.07306920829146582,0.4362423306302827,0.0915032679738562,28,306
4511,0.024218068765551253,0.06714162416743732,0.41066167531928893,0.0784313725490196,24,306
4512,0.024398958878917864,0.07277955431475386,0.4314905393229502,0.0784313725490196,24,306
4513,0.02421612015746588,0.067731215859692,0.4233420574648532,0.07516339869281045,23,306
4514,0.023626287758062883,0.07024804723483688,0.4225929978118162,0.07516339869281045,23,306
4515,0.026100854756036893,0.07482106142101931,0.45548190100256003,0.0784313725490196,24,306
4516,0.024845208373229732,0.06481202940781748,0.4192606656083294,0.0784313725490196,24,306
4517,0.024125908264806324,0.0682485963366327,0.41949485848314527,0.06862745098039216,21,306
4518,0.02490872803929442,0.07326652433062311,0.43763139829235853,0.07516339869281045,23,306
4519,0.024004906027463278,0.06565728869605658,0.4092243388967549,0.07516339869281045,23,306
4520,0.025095636555706374,0.06727286868552496,0.4273859069521317,0.08169934640522876,25,306
4521,0.024185591012801388,0.06749981851172446,0.41580676763776264,0.0718954248366013,22,306
4522,0.02416877701025769,0.06972620710764313,0.42611304186152943,0.08496732026143791,26,306
4523,0.02408989054851565,0.07077101384547324,0.42449156905650665,0.08496732026143791,26,306
4524,0.02459543529947775,0.0674426874488991,0.422180031750118,0.08823529411764706,27,306
4525,0.023770150425037287,0.06747115964412745,0.4206068277055534,0.06862745098039216,21,306
4526,0.02415214504190283,0.06897293339046985,0.42129689220691924,0.08169934640522876,25,306
4527,0.024161094162846033,0.06831610648942905,0.4246721299752578,0.06862745098039216,21,306
4528,0.023964369313046577,0.07296106572390362,0.4284871497833269,0.05555555555555555,17,306
4529,0.024231718332774783,0.06732601475801397,0.4272643411850517,0.08169934640522876,25,306
4530,0.025555620595957118,0.06958339239038688,0.43471560761430755,0.08496732026143791,26,306
4531,0.025178072188757433,0.06585898261156346,0.42629539051214943,0.0784313725490196,24,306
4532,0.02522277950846598,0.07352042486502586,0.44219011455785817,0.08169934640522876,25,306
4533,0.0252108078695966,0.07466884564517326,0.44542412150855965,0.08496732026143791,26,306
4534,0.02586682401600935,0.07344465398921692,0.44636446847156075,0.06535947712418301,20,306
4535,0.025181306767293545,0.07048362481922232,0.4357256761201928,0.0915032679738562,28,306
4536,0.024748487921416887,0.07205892692124584,0.4320036183693025,0.0718954248366013,22,306
4537,0.02532574840745488,0.07126893655407165,0.44156262067190116,0.0784313725490196,24,306
4538,0.024654758783283673,0.06735979135443855,0.43161746828563663,0.08169934640522876,25,306
4539,0.025147804648489796,0.06763542940817224,0.426168461549463,0.0718954248366013,22,306
4540,0.024284301131481723,0.07240403226543472,0.432180603824316,0.0784313725490196,24,306
4541,0.024150710059387515,0.06706420143870034,0.42559817508330833,0.08169934640522876,25,306
4542,0.025737477474699642,0.06754881364836547,0.4301694054718897,0.06535947712418301,20,306
4543,0.025425755948840917,0.07005866671633017,0.42800803764248224,0.06862745098039216,21,306
4544,0.025772580233016297,0.0705833931258162,0.438173081048612,0.07516339869281045,23,306
4545,0.025204039781654367,0.06923848063090032,0.4299763304300568,0.058823529411764705,18,306
4546,0.025721204102180723,0.07437559794441648,0.44717252327626894,0.07516339869281045,23,306
4547,0.02468131715253034,0.07522629254734982,0.44211145435562993,0.08496732026143791,26,306
4548,0.023544407327549487,0.0698826249824704,0.41363467341714216,0.0784313725490196,24,306
4549,0.024495501049063746,0.07254149932936217,0.4259056649647459,0.0718954248366013,22,306
4550,0.02520607971554216,0.07145573221223644,0.43011756124769385,0.0784313725490196,24,306
4551,0.02541615221826606,0.07086104622854508,0.4321734528968407,0.08823529411764706,27,306
4552,0.023940212204547295,0.07014964945125184,0.4221943336050686,0.06862745098039216,21,306
4553,0.02525194913649961,0.07114657790985716,0.43492119677922225,0.08496732026143791,26,306
4554,0.02545191669966156,0.07004736689279677,0.4322646272221507,0.08823529411764706,27,306
4555,0.02530356932999188,0.07521066395344413,0.4421454212611376,0.08823529411764706,27,306
4556,0.024946483592922952,0.07017586055108684,0.4289555355329586,0.06209150326797386,19,306
4557,0.024973692174206103,0.07004583634420904,0.434792480084667,0.08169934640522876,25,306
4558,0.025147558538166845,0.07222111607816976,0.43663384390955506,0.08496732026143791,26,306
4559,0.02484845085539276,0.06686367173029663,0.42248215843594916,0.0784313725490196,24,306
4560,0.025441838306400424,0.07068716805023083,0.43517147924085753,0.0718954248366013,22,306
4561,0.024343116963228502,0.0688502786244678,0.4306342157577838,0.09477124183006536,29,306
4562,0.023810764701250164,0.06828774615690748,0.4236406086869467,0.08169934640522876,25,306
4563,0.02546160056939732,0.06704712144375606,0.42822614093047867,0.06535947712418301,20,306
4564,0.025063161377369445,0.07338127508648137,0.4396479598403913,0.08496732026143791,26,306
4565,0.024960924817743858,0.07302204094207261,0.43914918264898956,0.08169934640522876,25,306
4566,0.02559374691721494,0.07333433674067084,0.4384090616552967,0.08169934640522876,25,306
4567,0.023271625117120415,0.06572875534899833,0.40733291857953974,0.08169934640522876,25,306
4568,0.025656029502760642,0.07630890481301261,0.4510089958667639,0.08169934640522876,25,306
4569,0.02570038446504294,0.07208551011133933,0.43679295204588037,0.06209150326797386,19,306
4570,0.025144917916143497,0.06727384908922662,0.4326168104003089,0.06862745098039216,21,306
4571,0.025346781218276965,0.07078206448075572,0.43528589408046225,0.06209150326797386,19,306
4572,0.023877291292983813,0.07123307736802348,0.43343022840062356,0.08169934640522876,25,306
4573,0.025237309356071047,0.070400563790992507,0.4340827505327441,0.06535947712418301,20,306
4574,0.02480899559966814,0.06726034814916947,0.42414296134208607,0.0784313725490196,24,306
4575,0.023850976642830812,0.06930798863382462,0.4228236152228944,0.06862745098039216,21,306
4576,0.025500865811311193,0.06990535902948414,0.434731697201127,0.07516339869281045,23,306
4577,0.024191266938867716,0.06368755303285602,0.41179509732412295,0.0784313725490196,24,306
4578,0.02461643346678919,0.06931986111728043,0.4295115201441627,0.0718954248366013,22,306
4579,0.02499001004958504,0.06760402615086895,0.4184365212168018,0.058823529411764705,18,306
4580,0.02483088660086276,0.073565025438956,0.4433110224396104,0.08496732026143791,26,306
4581,0.02457560041253703,0.0737706853035795,0.4371344088328256,0.06862745098039216,21,306
4582,0.023666692925241446,0.06834301095168693,0.4195806696128488,0.07516339869281045,23,306
4583,0.024225676719102696,0.06990871000819604,0.4228218274910256,0.0915032679738562,28,306
4584,0.023879797796173025,0.06342948717781877,0.40636218017476866,0.06535947712418301,20,306
4585,0.02478896521295987,0.06950122641918625,0.43154953447462135,0.0718954248366013,22,306
4586,0.02441510216857782,0.06875022225006278,0.4265707012199482,0.07516339869281045,23,306
4587,0.02630693847010742,0.07066013507397155,0.4428211839075528,0.08169934640522876,25,306
4588,0.024923236960952454,0.06805641964825727,0.4289859269747286,0.0784313725490196,24,306
4589,0.024252298634887256,0.06359280554457762,0.42123789705524806,0.0784313725490196,24,306
4590,0.0250143211292846,0.07357149747743388,0.4413123382102659,0.0915032679738562,28,306
4591,0.02542241168326046,0.07243377499233922,0.4363621086654939,0.06535947712418301,20,306
4592,0.02436037177932379,0.07191551435099901,0.42672087069692943,0.08823529411764706,27,306
4593,0.025147813094273455,0.06813910419649315,0.4252817465425266,0.08169934640522876,25,306
4594,0.02629084329793385,0.0744968476193368,0.44945903233649404,0.0915032679738562,28,306
4595,0.02535051765063265,0.07727110830533353,0.44681140143876663,0.10130718954248366,31,306
4596,0.024471969775434546,0.06810625037180709,0.4214631512707198,0.08823529411764706,27,306
4597,0.023327485562843635,0.06413126047238167,0.40455657098725706,0.0718954248366013,22,306
4598,0.024326504261936017,0.06684110146124174,0.4174639950801619,0.08496732026143791,26,306
4599,0.025195170050422596,0.07369622340660088,0.4434004090330516,0.06209150326797386,19,306
4600,0.02557336440272737,0.07150733779532162,0.4440672330201227,0.06535947712418301,20,306
4601,0.025918595893364236,0.07218885568426794,0.4428533630811916,0.0784313725490196,24,306
4602,0.025117982507797426,0.06982468904481379,0.43234328742437894,0.07516339869281045,23,306
4603,0.024693863288662174,0.0708387977504685,0.43115087026787374,0.0718954248366013,22,306
4604,0.02515060624707509,0.06491473335424407,0.42245534245791677,0.08823529411764706,27,306
4605,0.024989557954851725,0.07023463852304755,0.43793352497818966,0.08823529411764706,27,306
4606,0.02426125137311893,0.06978899225162617,0.4359026615752063,0.08496732026143791,26,306
4607,0.025216840098595886,0.07004851537871813,0.4299423635245491,0.09803921568627451,30,306
4608,0.023449862357709014,0.0686153972921374,0.4152078774617068,0.06862745098039216,21,306
4609,0.02497977667061428,0.07077170599992665,0.43303335192574477,0.10130718954248366,31,306
4610,0.024231937840777856,0.07191673741097011,0.43294754079604125,0.06535947712418301,20,306
4611,0.024249180076074864,0.07145022427110645,0.4342096794954306,0.08496732026143791,26,306
4612,0.02397797660344676,0.071120226539291,0.4215471746685545,0.07516339869281045,23,306
4613,0.02411925964466406,0.0665805766904795,0.4207641481100099,0.0784313725490196,24,306
4614,0.024005116514497587,0.06633246672815032,0.4190550764434147,0.06209150326797386,19,306
4615,0.023997962569135566,0.07262584585499991,0.431857024356059,0.07516339869281045,23,306
4616,0.023972936550588617,0.06640693363936216,0.4171940475679696,0.0784313725490196,24,306
4617,0.02421190954719541,0.07182782683238488,0.4339915762074341,0.06209150326797386,19,306
4618,0.02369013290027145,0.06931000417788072,0.4184740635860471,0.08496732026143791,26,306
4619,0.024065057413166065,0.0683784461404693,0.4192338496302971,0.07516339869281045,23,306
4620,0.02390345193110082,0.07266855228513225,0.4264366213297865,0.08496732026143791,26,306
4621,0.027057462247714086,0.0718752806420337,0.449257018635317,0.07516339869281045,23,306
4622,0.026252352575246697,0.07379253933467685,0.45273773258391614,0.0915032679738562,28,306
4623,0.02327012067036993,0.06529271591622797,0.4101628981278872,0.0784313725490196,24,306
4624,0.02482829186563799,0.07418940693960267,0.44065445288253885,0.0915032679738562,28,306
4625,0.02631406998319598,0.07465050743699624,0.45008831395431986,0.0915032679738562,28,306
4626,0.024272184347726787,0.06795565057069991,0.42009196092733225,0.08496732026143791,26,306
4627,0.0241192417647834,0.06885327996078588,0.42491168604568014,0.08496732026143791,26,306
4628,0.024698705652193686,0.07114271043668649,0.4356488036498334,0.08169934640522876,25,306
4629,0.023886188100038456,0.0701932523804353,0.42181890991261567,0.09803921568627451,30,306
4630,0.024146177576695432,0.0680151156760984,0.41878870439496,0.08823529411764706,27,306
4631,0.025462573231532944,0.06651337514002972,0.4263758384462465,0.07516339869281045,23,306
4632,0.02373541278202834,0.06972243675926511,0.42259657327555383,0.0784313725490196,24,306
4633,0.024941994822249135,0.07106301338325753,0.43069321090945495,0.0915032679738562,28,306
4634,0.023321714112925527,0.06865026083909928,0.41302148138613576,0.0457516339869281,14,306
4635,0.025618443747546366,0.07004980268421138,0.43013365083451327,0.07516339869281045,23,306
4636,0.022770030873260627,0.06265369420697642,0.39767559102415584,0.06862745098039216,21,306
4637,0.02335655755587609,0.07033738454845843,0.42099655325295693,0.0784313725490196,24,306
4638,0.025361544866685022,0.0707992103749579,0.4352662290299052,0.05555555555555555,17,306
4639,0.02480890035870542,0.06870438595820569,0.42406787660359546,0.0784313725490196,24,306
4640,0.02364998467798735,0.06593979084802983,0.41430328513608217,0.06535947712418301,20,306
4641,0.025286684082444597,0.07272802851397067,0.4431876689406616,0.06535947712418301,20,306
4642,0.02351872501483189,0.06744362084810673,0.4148199396461721,0.06535947712418301,20,306
4643,0.025616783872781854,0.06939318809077304,0.4317819396175684,0.06209150326797386,19,306
4644,0.02214514345416102,0.06025808423731254,0.39124690722386696,0.05555555555555555,17,306
4645,0.023659018197416174,0.06713946800019972,0.41761237682527425,0.08496732026143791,26,306
4646,0.024130449023337136,0.07253823182617036,0.4317372463208478,0.0784313725490196,24,306
4647,0.02425626900628515,0.06909332300995172,0.42186181547746743,0.08496732026143791,26,306
4648,0.02386320434956433,0.06885358591242544,0.4230435062427597,0.0718954248366013,22,306
4649,0.02436654183490152,0.06966886898421513,0.42070694069020753,0.0718954248366013,22,306
4650,0.02317488679408317,0.06714285985303264,0.4140762431887416,0.07516339869281045,23,306
4651,0.023116516281382865,0.06406839822606102,0.4084359491426038,0.058823529411764705,18,306
4652,0.023110375816838422,0.06590002935094715,0.4076350452653709,0.08169934640522876,25,306
4653,0.024087923729734277,0.06925192538950221,0.4365784242216215,0.0784313725490196,24,306
4654,0.02382020280805809,0.06618327652395473,0.41413345060854395,0.07516339869281045,23,306
4655,0.024809284866690078,0.06681750569888546,0.4219297492884827,0.06535947712418301,20,306
4656,0.02504362001803483,0.07053155184117937,0.43125992191187196,0.08823529411764706,27,306
4657,0.02343297382531482,0.06715238102224592,0.41795919680782595,0.0784313725490196,24,306
4658,0.02392641891027882,0.0626362980013068,0.4117611304186153,0.07516339869281045,23,306
4659,0.023616913792444513,0.06971414640472555,0.4238694383661561,0.07516339869281045,23,306
4660,0.023997772359243098,0.07046842550654617,0.42337066117475436,0.06209150326797386,19,306
4661,0.024937742249998066,0.0676941328691622,0.42621315484618355,0.08169934640522876,25,306
4662,0.024947723222170756,0.07423122997171883,0.4393583472776419,0.0784313725490196,24,306
4663,0.024886706113568503,0.0663227844111438,0.42798658486005636,0.08169934640522876,25,306
4664,0.025912807147048328,0.07063733308866652,0.4438527051958639,0.08169934640522876,25,306
4665,0.024955296904227785,0.07138198295101246,0.4326597159651607,0.07516339869281045,23,306
4666,0.025406572770682145,0.068051750207498235,0.4316532229230131,0.08823529411764706,27,306
4667,0.02386277432383685,0.06989725042568512,0.41885306274223766,0.07516339869281045,23,306
4668,0.023850173175432476,0.06802058942379868,0.41876010068505887,0.06862745098039216,21,306
4669,0.023210589857109755,0.06953426437634175,0.4203154274109352,0.08169934640522876,25,306
4670,0.02517152566972626,0.07728288116308744,0.4479019178787489,0.0784313725490196,24,306
4671,0.02492002046474458,0.06884180904098003,0.4296634773530127,0.0784313725490196,24,306
4672,0.022946195866060292,0.06575748564192795,0.4052484232204917,0.07516339869281045,23,306
4673,0.023996218308222426,0.06934267404314384,0.41334148539065513,0.08496732026143791,26,306
4674,0.025438734609682396,0.07446442116541642,0.4437472290156033,0.09803921568627451,30,306
4675,0.024374688127853466,0.0656064270458698,0.42162047167517624,0.08169934640522876,25,306
4676,0.024793667500749135,0.07066639587434884,0.42923799716823274,0.09477124183006536,29,306
4677,0.02392968864119534,0.07160907186390959,0.4290592239813504,0.0718954248366013,22,306
4678,0.023049816688250412,0.06707672710284535,0.4104525106906366,0.0784313725490196,24,306
4679,0.02438996102853689,0.06717642257329269,0.4144588178086698,0.06209150326797386,19,306
4680,0.024594136207916072,0.07150091672454577,0.426411593083623,0.05555555555555555,17,306
4681,0.02471832417366861,0.07123584596368887,0.4303213626807397,0.09477124183006536,29,306
4682,0.024532038129471117,0.06962580001313508,0.4280884855765793,0.08169934640522876,25,306
4683,0.025072340715374772,0.07003661460165284,0.43570779880150456,0.05555555555555555,17,306
4684,0.026469550076383633,0.06923400543808246,0.44277649061083224,0.08823529411764706,27,306
4685,0.024516083657447334,0.0732598231580365,0.4418307804522247,0.0457516339869281,14,306
4686,0.025014741536796573,0.0717646088911803,0.4348335979176499,0.08496732026143791,26,306
4687,0.024806692871755187,0.06777030784309088,0.42192438609287625,0.058823529411764705,18,306
4688,0.02311433921184958,0.06992286500419782,0.4222944465897227,0.0784313725490196,24,306
4689,0.024758312382226214,0.07114154287359191,0.4285890504998498,0.0915032679738562,28,306
4690,0.024283788090253996,0.06643875571738346,0.4280974242359234,0.08823529411764706,27,306
4691,0.024239604694237072,0.06826176172877313,0.42388016475736906,0.08823529411764706,27,306
4692,0.02528613695343737,0.07097304600061462,0.4346387351439482,0.06862745098039216,21,306
4693,0.022495731272309125,0.06859304815919479,0.4139081963930722,0.0915032679738562,28,306
4694,0.025581080779056253,0.0708842970408298,0.4374812288153774,0.06862745098039216,21,306
4695,0.02332047988894877,0.06802076391501476,0.418373950601393,0.08823529411764706,27,306
4696,0.02301213884667277,0.0670680882514353,0.4140279744282834,0.06535947712418301,20,306
4697,0.024304026896048277,0.06688733025147321,0.41313410849387167,0.0915032679738562,28,306
4698,0.024641952470037295,0.06372292079043705,0.4210412465496775,0.06209150326797386,19,306
4699,0.02438857700499885,0.07143833759422216,0.4253818595271807,0.06535947712418301,20,306
4700,0.02414496459816846,0.07036774387931323,0.4271266858311523,0.06535947712418301,20,306
4701,0.023091750617262468,0.06945460249948317,0.41589079103559734,0.07516339869281045,23,306
4702,0.02504182936515313,0.07049715572339964,0.4306163384390955,0.058823529411764705,18,306
4703,0.02461007318539726,0.07013029729609399,0.42409648031349667,0.0718954248366013,22,306
4704,0.026063320837678247,0.07646029427212787,0.4549366427825689,0.08169934640522876,25,306
4705,0.024216073808663828,0.07248436393117917,0.42930771871111684,0.08823529411764706,27,306
4706,0.023662778288960663,0.06984857827446271,0.42201913588192386,0.06862745098039216,21,306
4707,0.02533593257762276,0.07263947549853762,0.4377601149869138,0.08823529411764706,27,306
4708,0.023707292574523385,0.0684334993500585,0.4199203386679252,0.0915032679738562,28,306
4709,0.024529557706517987,0.06888960893935596,0.4305126499907038,0.06862745098039216,21,306
4710,0.02356255045043402,0.0660503481752263,0.41326461292029576,0.0784313725490196,24,306
4711,0.024547424554971393,0.06658060413651277,0.4236942406430114,0.06862745098039216,21,306
4712,0.025278914872051104,0.07204430480574861,0.44246542526565696,0.07516339869281045,23,306
4713,0.02359763746614227,0.06825441841663146,0.4206801247121752,0.08169934640522876,25,306
4714,0.023785948852013017,0.06491183780650372,0.4113535275525236,0.06209150326797386,19,306
4715,0.024088568477548665,0.06543519523373686,0.41899786902361236,0.0718954248366013,22,306
4716,0.025667353030313814,0.06756065502308786,0.4372899415054132,0.06209150326797386,19,306
4717,0.025053106597534115,0.07152600398194353,0.43814268960684205,0.0718954248366013,22,306
4718,0.023614445231150628,0.0685251663647009,0.42142739663334333,0.10130718954248366,31,306
4719,0.025047685801605366,0.06877106847628238,0.4291575492341357,0.07516339869281045,23,306
4720,0.024878504152235567,0.07190010431718646,0.4347263340055205,0.08169934640522876,25,306
4721,0.02348109379818441,0.06606200182000001,0.40964803134966604,0.08496732026143791,26,306
4722,0.02497705912338858,0.0666030238967694,0.42181533444887803,0.0784313725490196,24,306
4723,0.0228260343263069,0.06864801890188256,0.41825059710244417,0.0718954248366013,22,306
4724,0.025966405145236866,0.07805066662289402,0.45755745770226397,0.07516339869281045,23,306
4725,0.023443067273859707,0.07099947642906106,0.4234242931308191,0.09803921568627451,30,306
4726,0.023561837304093107,0.06391807597804783,0.4115251498119306,0.08169934640522876,25,306
4727,0.023291391583178358,0.06770597014433681,0.42044056864175283,0.06862745098039216,21,306
4728,0.02476276018420899,0.07209394960950034,0.4332782711917736,0.08496732026143791,26,306
4729,0.024214243702692654,0.06912739372174263,0.4180074655682842,0.08496732026143791,26,306
4730,0.025440200490561053,0.07182261025633183,0.44180932766979875,0.07516339869281045,23,306
4731,0.023970498437645305,0.07449848063425321,0.4371022296591868,0.08496732026143791,26,306
4732,0.02351958026913794,0.06849736326592033,0.41318058952246106,0.08823529411764706,27,306
4733,0.023617399559272455,0.06889800305476303,0.42090895439138454,0.06209150326797386,19,306
4734,0.02391838346671054,0.06854563055962945,0.4196557543513394,0.058823529411764705,18,306
4735,0.02481457911606868,0.07047009774131797,0.4322628394902819,0.08169934640522876,25,306
4736,0.024652949984495815,0.06768596593519977,0.4258091274438295,0.0915032679738562,28,306
4737,0.025626320257915475,0.0708615285869608,0.44280866978447103,0.07516339869281045,23,306
4738,0.024027025025460565,0.06702472766022216,0.4160177199982838,0.0915032679738562,28,306
4739,0.024732138364860445,0.0704060603563467,0.42772736373907694,0.08169934640522876,25,306
4740,0.025097061074319298,0.07404179563963487,0.4389292916291243,0.0718954248366013,22,306
4741,0.025001758740099262,0.07298821398088219,0.43478890462092934,0.0784313725490196,24,306
4742,0.02175522400590752,0.06409542273844475,0.39631691480385006,0.06209150326797386,19,306
4743,0.024080819690156907,0.0681723023334694,0.4218296363038286,0.058823529411764705,18,306
4744,0.0243823372922203,0.06839550268193785,0.42580555198009185,0.07516339869281045,23,306
4745,0.025947413360827752,0.06897031867178144,0.42920939345833153,0.07516339869281045,23,306
4746,0.026214796985904065,0.06802971976923668,0.4364711603094922,0.0784313725490196,24,306
4747,0.023708255485405273,0.06700337370951388,0.41400652164585744,0.07516339869281045,23,306
4748,0.024780389790862993,0.06876022837774147,0.42582342929878003,0.0718954248366013,22,306
4749,0.02383273263789993,0.06714670517323384,0.41532765549691797,0.09477124183006536,29,306
4750,0.024901531888718336,0.07113607003336396,0.431218804078889,0.07516339869281045,23,306
4751,0.025849307404761247,0.0746334128098442,0.44785722458202826,0.07516339869281045,23,306
4752,0.024244723015358134,0.06679557861282708,0.41726198137898485,0.07516339869281045,23,306
4753,0.024368827244935266,0.07104697671334265,0.42580197651635415,0.0784313725490196,24,306
4754,0.023787476370122053,0.0707492538361607,0.42427882896411667,0.08169934640522876,25,306
4755,0.025286495491231794,0.07282907394558273,0.4380103974485491,0.08496732026143791,26,306
4756,0.023536304468502908,0.06406727595004494,0.40513758384462467,0.07516339869281045,23,306
4757,0.025213848177470133,0.06711317630794865,0.42841742824044277,0.06862745098039216,21,306
4758,0.023988896642226806,0.06622524595915488,0.4178394187726148,0.06862745098039216,21,306
4759,0.02502494328674989,0.07047327073988842,0.43134573304157553,0.07516339869281045,23,306
4760,0.025389261320387834,0.07301899565592677,0.4407456272078489,0.08496732026143791,26,306
4761,0.02509305102914884,0.07321190368222925,0.4355326010783599,0.06535947712418301,20,306
4762,0.02397264559711917,0.06984158717766638,0.4245094463751949,0.06535947712418301,20,306
4763,0.024988239499165496,0.06553276803028929,0.42584845754494355,0.07516339869281045,23,306
4764,0.02513299503832387,0.07417603902979036,0.44139278614436295,0.0784313725490196,24,306
4765,0.02429316890797219,0.06926668811795594,0.42120571788160927,0.08823529411764706,27,306
4766,0.02313310614688954,0.07189775108623354,0.4269032193475494,0.08169934640522876,25,306
4767,0.024640857150645727,0.06890518020931437,0.42733048726419814,0.06862745098039216,21,306
4768,0.024375840173764766,0.06845448033138987,0.4241590509289055,0.07516339869281045,23,306
4769,0.025122723093030444,0.06950743955865349,0.42976716580140445,0.08496732026143791,26,306
4770,0.025080869333869712,0.07017686191146857,0.4312688605712161,0.06862745098039216,21,306
4771,0.02385626696254012,0.07036927275649915,0.42023855494057577,0.0718954248366013,22,306
4772,0.025393886370516296,0.0732509476219073,0.45221750261008853,0.08496732026143791,26,306
4773,0.023474395539282395,0.06192858632854428,0.4086218732569614,0.0784313725490196,24,306
4774,0.025746803430269506,0.06827539054583505,0.427716637347864,0.08169934640522876,25,306
4775,0.022824593714261068,0.06717615769832298,0.4072828620872127,0.08823529411764706,27,306
4776,0.02600402854668967,0.07083049900919502,0.4373346348021338,0.06862745098039216,21,306
4777,0.024187746219834872,0.06931447609026747,0.4240035182563178,0.08169934640522876,25,306
4778,0.023528644107405128,0.06988704603202037,0.42041017719998286,0.0784313725490196,24,306
4779,0.024964454369494717,0.07237226521647232,0.441675247779637,0.08823529411764706,27,306
4780,0.024819029917739138,0.07192057799213258,0.4347495745198152,0.08823529411764706,27,306
4781,0.02611025847345663,0.07507413251665886,0.44435505785100327,0.08823529411764706,27,306
4782,0.02383457988132795,0.06656902150947926,0.4070307918937086,0.05555555555555555,17,306
4783,0.02486426909681613,0.07153237182937532,0.42830837659644455,0.0784313725490196,24,306
4784,0.02478650938890179,0.07089542035499553,0.42580018878448533,0.0784313725490196,24,306
4785,0.025576672187052226,0.06695979932008601,0.42705338882453053,0.0784313725490196,24,306
4786,0.025851594689310278,0.06649475379484741,0.4279526179545487,0.08496732026143791,26,306
4787,0.02498644042849231,0.07196246175946354,0.4320161324923843,0.10130718954248366,31,306
4788,0.023783998648836093,0.06589891392938636,0.41289097695971166,0.07516339869281045,23,306
4789,0.024930028660312492,0.06922472830106617,0.42841564050857395,0.08496732026143791,26,306
4790,0.024014752197274936,0.0643975541285341,0.40918143333190315,0.08496732026143791,26,306
4791,0.02446845600351568,0.06970251289599547,0.4275396518928505,0.08823529411764706,27,306
4792,0.025035492988564778,0.069264517225265193,0.4293756525221321,0.08823529411764706,27,306
4793,0.025546989385006186,0.07036811034797182,0.4375437994307862,0.09477124183006536,29,306
4794,0.024880054996658754,0.0705459089609815,0.4326293245233907,0.06862745098039216,21,306
4795,0.025717042552770845,0.07062041429101087,0.44132664006521644,0.06535947712418301,20,306
4796,0.02412632725981549,0.0659966512187778,0.4130286323136111,0.0784313725490196,24,306
4797,0.026370721597233335,0.07547083661790592,0.44968071108822816,0.08496732026143791,26,306
4798,0.025116132162186718,0.06824687449326834,0.42664578595843883,0.0784313725490196,24,306
4799,0.023851029579118565,0.06589442611497039,0.41686510490410605,0.06862745098039216,21,306
4800,0.025365965908883622,0.07537803454236941,0.4485633786702135,0.08823529411764706,27,306
4801,0.023591099248176445,0.06600927758908434,0.41317165086311697,0.06209150326797386,19,306
4802,0.023067652347480285,0.06962150731372466,0.4178698102143848,0.06535947712418301,20,306
4803,0.024076941472608353,0.06877043113585,0.42351367972426024,0.10130718954248366,31,306
4804,0.025773417492531543,0.06864974627619853,0.4354843323179016,0.08496732026143791,26,306
4805,0.025419501986687177,0.07125167103019556,0.43946382345790247,0.09477124183006536,29,306
4806,0.025509225920498257,0.06767241424187735,0.434275825574577,0.08496732026143791,26,306
4807,0.024040329276247527,0.06842292670643117,0.42052816750332517,0.0784313725490196,24,306
4808,0.024590126657270596,0.07186566933178647,0.4314333319031478,0.08169934640522876,25,306
4809,0.02448121027149226,0.0690006395893739,0.4331584931565624,0.0784313725490196,24,306
4810,0.024367964989350156,0.0724736932035075,0.43464588607142346,0.0718954248366013,22,306
4811,0.025434160734927425,0.0656581892865915,0.427149926345447,0.08823529411764706,27,306
4812,0.02356272885800517,0.0667953197108038,0.4136525507358304,0.0915032679738562,28,306
4813,0.02484169168047105,0.07248625359258348,0.4401699775460877,0.0718954248366013,22,306
4814,0.023847157619026133,0.06769510269924688,0.4218475136225168,0.07516339869281045,23,306
4815,0.024286850279719156,0.07441158927520172,0.4350123711045323,0.08823529411764706,27,306
4816,0.024355372661147685,0.07298071146351465,0.43691094234922273,0.05555555555555555,17,306
4817,0.02401639102987213,0.06535298414834508,0.4197379900173052,0.058823529411764705,18,306
4818,0.023520418191195984,0.07173888749865089,0.42179209393458333,0.08496732026143791,26,306
4819,0.024694014271276415,0.07034458597242299,0.428800002860371,0.08496732026143791,26,306
4820,0.02341982437123165,0.06570980687566377,0.4155976030091103,0.08169934640522876,25,306
4821,0.0245242187893188,0.07148249036667484,0.4232902132406573,0.058823529411764705,18,306
4822,0.02538473279588201,0.0718755108709471,0.43774223766822556,0.08169934640522876,25,306
4823,0.024659865708038502,0.06944491555797462,0.4250636432545301,0.08496732026143791,26,306
4824,0.024469831975981342,0.06899838483760412,0.43299580955649947,0.09803921568627451,30,306
4825,0.02388689954076662,0.06490661418270727,0.4126907509904035,0.10130718954248366,31,306
4826,0.025634607600773712,0.06877528373091416,0.4358186381773716,0.0784313725490196,24,306
4827,0.024268687217220235,0.06453941550016921,0.4181647859727407,0.07516339869281045,23,306
4828,0.023531495846401636,0.0687725622284231,0.4175015374494072,0.09477124183006536,29,306
4829,0.025373530236317055,0.07147143476750133,0.43903119234564725,0.07516339869281045,23,306
4830,0.023232920579533,0.0708911468944701,0.4194394387952118,0.0784313725490196,24,306
4831,0.0232037429810182,0.06408926151369901,0.40081127272207207,0.07516339869281045,23,306
4832,0.025181370482423138,0.07158686409959725,0.4371558616152515,0.058823529411764705,18,306
4833,0.026204043223303348,0.06870249556893444,0.44046137784070594,0.06862745098039216,21,306
4834,0.024449043907970168,0.06844964252827225,0.4278095994050428,0.07516339869281045,23,306
4835,0.025360037719851583,0.0712369107465945,0.4301586790806768,0.05555555555555555,17,306
4836,0.024808580400213734,0.0671295739533674,0.42182963630382864,0.06535947712418301,20,306
4837,0.023920492385946773,0.07035928116658863,0.42652779565509646,0.06209150326797386,19,306
4838,0.024035365958078404,0.06692562169171236,0.4124511949199811,0.08169934640522876,25,306
4839,0.024489231238028864,0.065665164289818,0.41727628323393545,0.09477124183006536,29,306
4840,0.02352512249319726,0.07039736034439124,0.418252384834313,0.08823529411764706,27,306
4841,0.02478954313947016,0.07293348941437246,0.43452253257247464,0.09477124183006536,29,306
4842,0.023538984688914678,0.06622056020227422,0.416845439853549,0.08169934640522876,25,306
4843,0.02374779384603307,0.06736718318651068,0.4072059896168533,0.08823529411764706,27,306
4844,0.02392149004441327,0.0704604272112339,0.42836737174811573,0.07516339869281045,23,306
4845,0.024248917533068747,0.06859625666209722,0.42533359076672245,0.06209150326797386,19,306
4846,0.02427421063829535,0.0670218818724533,0.4171940475679696,0.07516339869281045,23,306
4847,0.026547646631494823,0.07416952547709235,0.4543162998240872,0.06535947712418301,20,306
4848,0.024211160688554792,0.07050572701453121,0.4253031993249525,0.06535947712418301,20,306
4849,0.025323288488975387,0.07061740968290298,0.4386754337037514,0.08496732026143791,26,306
4850,0.025594855585118318,0.0694259776808085,0.4391116402797443,0.0784313725490196,24,306
4851,0.02367113804045663,0.06399230603171065,0.40733828177514625,0.06862745098039216,21,306
4852,0.024036082600047772,0.06616202808498801,0.4167918078974843,0.0718954248366013,22,306
4853,0.023933166082573377,0.06697851152182631,0.41715292973498663,0.0915032679738562,28,306
4854,0.024407353478680626,0.06944759962043137,0.42210673474349625,0.06862745098039216,21,306
4855,0.025679136864090606,0.06909672334511271,0.4320357975429413,0.07516339869281045,23,306
4856,0.024986989992139875,0.06712487906694767,0.42384977331559903,0.0784313725490196,24,306
4857,0.02480526375725049,0.07035430569946488,0.4265939417342429,0.0915032679738562,28,306
4858,0.024145923887870208,0.0680995499419071,0.41617861586647786,0.08823529411764706,27,306
4859,0.023783256166691285,0.06868176801203456,0.41844367214427713,0.0784313725490196,24,306
4860,0.02432170308429373,0.07061541832317451,0.4257376181690765,0.08496732026143791,26,306
4861,0.02441065987425389,0.07232311971148057,0.43698245162397564,0.0718954248366013,22,306
4862,0.024348176188815372,0.07101063885882677,0.42547839704809715,0.07516339869281045,23,306
4863,0.02384236972527958,0.066368608112546107,0.41466977016919093,0.0718954248366013,22,306
4864,0.025327227922702228,0.07381314934582098,0.44523819739420206,0.08823529411764706,27,306
4865,0.023881123505481112,0.06690512575140346,0.410347034510376,0.08169934640522876,25,306
4866,0.02328059470963888,0.06604231697213045,0.414233563593198,0.08169934640522876,25,306
4867,0.023642752924628897,0.06990809631254467,0.4190300481972512,0.08496732026143791,26,306
4868,0.024503497934703175,0.07195312648415324,0.4338896754909112,0.06862745098039216,21,306
4869,0.024756507088917565,0.06851955162951912,0.4294346476738033,0.0718954248366013,22,306
4870,0.0248301094037469,0.06924679660184349,0.43558623303442456,0.06862745098039216,21,306
4871,0.024813511068914135,0.07281609874871056,0.43290105976745186,0.0718954248366013,22,306
4872,0.02525050073229115,0.07184001967457701,0.4418647473577323,0.08169934640522876,25,306
4873,0.023533289667441504,0.07082288310448352,0.4193822313754094,0.06862745098039216,21,306
4874,0.02469268761700927,0.07176898605871541,0.43036426824559143,0.058823529411764705,18,306
4875,0.0251612330185081,0.07162520772589559,0.4361243403269404,0.06209150326797386,19,306
4876,0.024844689282163015,0.069932700333274,0.43765642653852205,0.0718954248366013,22,306
4877,0.024159767833829487,0.07101476661335215,0.4322288725847742,0.06862745098039216,21,306
4878,0.02465869081113603,0.07070278347033832,0.4349784041990246,0.0915032679738562,28,306
4879,0.024744947267204914,0.06619422251673253,0.4215900802334063,0.06862745098039216,21,306
4880,0.023963904094691367,0.06382479973985031,0.4037199124726477,0.08169934640522876,25,306
4881,0.025137276705354192,0.06819040269471018,0.426846011927747,0.0784313725490196,24,306
4882,0.024398186983803274,0.06619638687015898,0.4218743296005492,0.0784313725490196,24,306
4883,0.02332481816972267,0.061639555146075685,0.4072435319860986,0.08823529411764706,27,306
4884,0.024770162460093538,0.06698448017094699,0.42406966433546434,0.06862745098039216,21,306
4885,0.023192953357784388,0.07153817806012673,0.4213523118948528,0.07516339869281045,23,306
4886,0.024756836165928425,0.07096313028128491,0.4294453740650162,0.08169934640522876,25,306
4887,0.022681377155809996,0.0679237691806938,0.41193811587362883,0.06862745098039216,21,306
4888,0.023855375763516713,0.06638879677444126,0.4134988057951116,0.07516339869281045,23,306
4889,0.026359553622967474,0.07374026439090751,0.44395460591238683,0.0784313725490196,24,306
4890,0.026248676545605282,0.07237319750862373,0.4466844724760802,0.09803921568627451,30,306
4891,0.02571041148382095,0.06603992205650344,0.43035711731811616,0.08823529411764706,27,306
4892,0.023628398257379203,0.06496432308813292,0.4146197136768639,0.06862745098039216,21,306
4893,0.02447209033263879,0.07261236961736597,0.4309434933710902,0.0915032679738562,28,306
4894,0.0237356346277409,0.0711557163016693,0.41961463651835645,0.06209150326797386,19,306
4895,0.02660194372151406,0.07295945665505309,0.44753543284564007,0.06862745098039216,21,306
4896,0.024512239750780842,0.06799562531751441,0.4214542126113757,0.0784313725490196,24,306
4897,0.024472728772424866,0.0680458656456903,0.42173131105104333,0.08169934640522876,25,306
4898,0.02464590150021872,0.06850251402091406,0.4306413666852591,0.0784313725490196,24,306
4899,0.02554597103526316,0.07341659706338613,0.4455796541811473,0.06862745098039216,21,306
4900,0.023307884718647,0.06504144698293882,0.4142210494701163,0.08496732026143791,26,306
4901,0.022720099510001025,0.06854280630826844,0.4130179059223981,0.0718954248366013,22,306
4902,0.025020218959489856,0.07124552555898138,0.43527337995738047,0.0784313725490196,24,306
4903,0.024700466817973867,0.07143849534389009,0.4313153415998055,0.0915032679738562,28,306
4904,0.02540719396170498,0.07261289737996889,0.4385181132992949,0.08496732026143791,26,306
4905,0.025259018542173214,0.07022144422576296,0.4319893165143519,0.08496732026143791,26,306
4906,0.02347193347820797,0.06847617250727091,0.41983095207448407,0.07516339869281045,23,306
4907,0.024413623898130454,0.06887581217975852,0.42561068920639006,0.08823529411764706,27,306
4908,0.025521629752961458,0.0731909139614165,0.44049892020995124,0.07516339869281045,23,306
4909,0.024652062267880043,0.06727956870951533,0.4213684014816722,0.08496732026143791,26,306
4910,0.02540411743282355,0.06954550424813147,0.4363996510347392,0.09477124183006536,29,306
4911,0.02481940284916854,0.06995711385932352,0.42631326783083767,0.08169934640522876,25,306
4912,0.025327518561907236,0.07420528191872322,0.4442138270333662,0.0915032679738562,28,306
4913,0.02704469819164867,0.07568801725869828,0.45829400323221925,0.08169934640522876,25,306
4914,0.02412944966739255,0.06807968471188643,0.4206300682198481,0.0784313725490196,24,306
4915,0.023654658478399548,0.06902683979371445,0.4186313839905036,0.0784313725490196,24,306
4916,0.022815597015477442,0.06726316146286644,0.41317165086311697,0.0718954248366013,22,306
4917,0.024191153635927755,0.06950584325402782,0.4287106162669298,0.07516339869281045,23,306
4918,0.025256846530899504,0.07285686359939302,0.4404595901088371,0.08169934640522876,25,306
4919,0.024791368358166598,0.07444213142965501,0.44229201527438106,0.08496732026143791,26,306
4920,0.0240347456892837,0.06938257978180079,0.4248795068720413,0.07516339869281045,23,306
4921,0.026535695190710945,0.07541141007492932,0.4492373535847599,0.06535947712418301,20,306
4922,0.02514886265155953,0.07282247109467702,0.4444819868136897,0.06535947712418301,20,306
4923,0.02543201129290341,0.06959502367949984,0.43470666895496346,0.07516339869281045,23,306
4924,0.025055680519694982,0.06551979544488028,0.4191855808698388,0.07516339869281045,23,306
4925,0.02354454250127024,0.06423016942256526,0.4053217202271135,0.08169934640522876,25,306
4926,0.02544300340434134,0.06950400259005104,0.43058773472919437,0.0718954248366013,22,306
4927,0.02453938790557,0.07035974642803587,0.4303642682455915,0.06862745098039216,21,306
4928,0.024510357795626957,0.06804763516733484,0.4264258949385735,0.06862745098039216,21,306
4929,0.023741536371982962,0.06277635162564243,0.4121758842121823,0.0784313725490196,24,306
4930,0.023505565811332917,0.06638888247899152,0.41399937071838216,0.06862745098039216,21,306
4931,0.024568310732281398,0.0666729482097867,0.417978861858383,0.0784313725490196,24,306
4932,0.02461887620767036,0.07121788025258667,0.4305680696786373,0.0718954248366013,22,306
4933,0.025211805892342783,0.06917795678071398,0.43038035783241085,0.05555555555555555,17,306
4934,0.02484818555439033,0.06558012754123019,0.4156458717695685,0.08169934640522876,25,306
4935,0.02511980195058045,0.0699314571975677,0.43547896912229517,0.0784313725490196,24,306
4936,0.024376482614535414,0.06761506981760931,0.41385098897326983,0.08169934640522876,25,306
4937,0.02411453657044784,0.06551331882623375,0.4150523447891191,0.07516339869281045,23,306
4938,0.022513873303045325,0.06570638925766646,0.4080247708127744,0.06862745098039216,21,306
4939,0.023237775940998642,0.06465087204327426,0.4094066875473749,0.06535947712418301,20,306
4940,0.023468779526977103,0.06883863572915318,0.4195949714677994,0.08823529411764706,27,306
4941,0.025087157254782427,0.07131098854335013,0.43094706883482786,0.10130718954248366,31,306
4942,0.024663201959616424,0.06856963848939995,0.4263275696857883,0.07516339869281045,23,306
4943,0.023303165065098604,0.06987179147028236,0.4207498462550593,0.08496732026143791,26,306
4944,0.0251068829609996,0.07081620662127867,0.4319660760000572,0.07516339869281045,23,306
4945,0.023439925715700676,0.06253870667922393,0.40015696285808267,0.06209150326797386,19,306
4946,0.022989938857463747,0.060815263178709084,0.3994794124797986,0.08169934640522876,25,306
4947,0.024343846184319805,0.07238942112927145,0.43696814976902504,0.07516339869281045,23,306
4948,0.024706043583575154,0.06780706688706828,0.42674589894309295,0.09477124183006536,29,306
4949,0.024128877567032345,0.06772550968636057,0.4258502452768124,0.06209150326797386,19,306
4950,0.024194247740924775,0.06678490711993179,0.41520430199796915,0.06862745098039216,21,306
4951,0.02456439637702695,0.07509218451342425,0.4393941019150184,0.0915032679738562,28,306
4952,0.02425934010747395,0.06882722411972635,0.42004369216687404,0.08169934640522876,25,306
4953,0.02508624917279167,0.06703969696345763,0.4259879006307118,0.08496732026143791,26,306
4954,0.02310922391324605,0.06921803103190799,0.4169580669612849,0.0718954248366013,22,306
4955,0.024579761407375198,0.06882002361240755,0.42640444215614765,0.09477124183006536,29,306
4956,0.024800474552666204,0.06442305836564742,0.4152329057078703,0.06209150326797386,19,306
4957,0.024065673510117895,0.06775769875892419,0.42414296134208607,0.07516339869281045,23,306
4958,0.024820024284909356,0.07186498772054611,0.4354217617024928,0.07516339869281045,23,306
4959,0.0243341815653931,0.0671197159365431,0.41851339368716123,0.09477124183006536,29,306
4960,0.02483657617527167,0.06701568713255197,0.4232097653065603,0.06535947712418301,20,306
4961,0.025151959860953328,0.0682666121617682,0.4252996238612148,0.08169934640522876,25,306
4962,0.024269584753430294,0.07005426003231102,0.43158707684386666,0.06209150326797386,19,306
4963,0.023565504997116196,0.07030748551949752,0.4125477324408976,0.08169934640522876,25,306
4964,0.02625751635204719,0.07206659292637878,0.44537764047997025,0.08169934640522876,25,306
4965,0.022660483696606316,0.06530981067008264,0.4078942663863503,0.0784313725490196,24,306
4966,0.025174238608258723,0.07110672275608128,0.4334606198423936,0.08169934640522876,25,306
4967,0.022756005508234197,0.06724934274837487,0.41129810786459003,0.07516339869281045,23,306
4968,0.024959912151747064,0.07600596283567465,0.44621787445831723,0.07516339869281045,23,306
4969,0.024712851625215415,0.07063483523148424,0.4280277026930393,0.0915032679738562,28,306
4970,0.023429083014611756,0.06710521987815848,0.412016776075857,0.06535947712418301,20,306
4971,0.025448738968466326,0.07184448774379122,0.4374579883010827,0.08169934640522876,25,306
4972,0.02458411493796513,0.06830814200789347,0.4189013315026959,0.08496732026143791,26,306
4973,0.024671827672039095,0.06970835592240479,0.43171758127029075,0.058823529411764705,18,306
4974,0.024193589836610917,0.06324191813089398,0.4132377969422634,0.06862745098039216,21,306
4975,0.024383241728158662,0.07113662765220582,0.43167110024170136,0.08169934640522876,25,306
4976,0.023757523008410178,0.0633889106193955,0.40725604610918037,0.07516339869281045,23,306
4977,0.025583977686434656,0.0756443269413064,0.4463680439352984,0.08169934640522876,25,306
4978,0.024899613968288322,0.07260981859324502,0.42787574548418933,0.0915032679738562,28,306
4979,0.025469504949558425,0.06941970941123213,0.43511784728479286,0.07516339869281045,23,306
4980,0.02454367890630034,0.06391048156534375,0.42022067762188753,0.0784313725490196,24,306
4981,0.024738364309737408,0.06963378829545172,0.4270623274838747,0.08823529411764706,27,306
4982,0.02483632779126156,0.07089425476656022,0.4351911442914146,0.0915032679738562,28,306
4983,0.0241256187221167,0.0692842418024826,0.42278249738991147,0.08823529411764706,27,306
4984,0.02488242430217577,0.06937279655469393,0.43323715335879065,0.0718954248366013,22,306
4985,0.023763639441979997,0.06987936186456746,0.4216812545587163,0.0784313725490196,24,306
4986,0.02379914621061258,0.06813295595650215,0.42143097209708097,0.06209150326797386,19,306
4987,0.023308003137654704,0.06835474163220082,0.41441769997568684,0.07516339869281045,23,306
4988,0.024376549247690636,0.06604579755648235,0.42102158149912045,0.0915032679738562,28,306
4989,0.025617854815812045,0.07318545095785528,0.44519707956121907,0.09803921568627451,30,306
4990,0.02571283817173107,0.06577363998585611,0.43258105576293243,0.09803921568627451,30,306
4991,0.024853251034275662,0.06850245370294357,0.42892693182305747,0.06209150326797386,19,306
4992,0.023755947116185915,0.06879912039210416,0.41570129145750206,0.0718954248366013,22,306
4993,0.025168377852633594,0.07087277435949389,0.4318302083780266,0.08496732026143791,26,306
4994,0.02474362563320763,0.06584416485796646,0.420206375766937,0.0718954248366013,22,306
4995,0.026235743898723074,0.07167671612374374,0.44479841535447145,0.08169934640522876,25,306
4996,0.02470999842840445,0.06777244586399964,0.4206032522418158,0.08169934640522876,25,306
4997,0.02398162388972689,0.06697438342852785,0.41863853491797887,0.0718954248366013,22,306
4998,0.023913979771322005,0.06631690425032452,0.40978389897169665,0.06862745098039216,21,306
4999,0.02544334240259139,0.07515598982250814,0.44153222923013113,0.08823529411764706,27,306
5000,0.02412193216142915,0.06722477379752331,0.4210287324265957,0.09803921568627451,30,306
5001,0.02524536013150484,0.06914653906399362,0.43412386836572703,0.06862745098039216,21,306
5002,0.025393000379300708,0.06757744377829655,0.4272697043806582,0.08823529411764706,27,306
5003,0.02492570990450732,0.06411943789496063,0.4263615365912959,0.058823529411764705,18,306
5004,0.022583337464619196,0.0622723765298653,0.39653680582371537,0.06209150326797386,19,306
5005,0.02433852900237734,0.0662828033109472,0.42172237239169924,0.08169934640522876,25,306
5006,0.024599887412629397,0.06929602858315115,0.42885005935269804,0.0784313725490196,24,306
5007,0.02515601040479066,0.07259278213273347,0.4350499134737775,0.0718954248366013,22,306
5008,0.025066164051249337,0.06951911813417296,0.4269586390354829,0.08823529411764706,27,306
5009,0.02509994909537169,0.07167444583236555,0.4357328270476681,0.08169934640522876,25,306
5010,0.025467914752236573,0.07529578834854847,0.4422240814633658,0.05555555555555555,17,306
5011,0.0245144027425019,0.06974723735690054,0.4313832754108208,0.0718954248366013,22,306
5012,0.025650276435243077,0.07025027482652443,0.42807775918536634,0.0784313725490196,24,306
5013,0.025781170611788026,0.0685037866825131,0.4333962614951159,0.05228758169934641,16,306
5014,0.023318536445634908,0.06755739650435352,0.41745684415268663,0.05228758169934641,16,306
5015,0.022414522857555862,0.06617998673247595,0.40707012199482273,0.08823529411764706,27,306
5016,0.024679466970344194,0.07098274550501207,0.4306038243160138,0.0784313725490196,24,306
5017,0.023801290655801853,0.06921313506778237,0.4244665408103431,0.06862745098039216,21,306
5018,0.023549676900830544,0.06927480093556035,0.42242852647988444,0.08823529411764706,27,306
5019,0.023284556014636557,0.0686667618876496,0.4162590638005749,0.08169934640522876,25,306
5020,0.024706004045381202,0.06960743063501597,0.4309899743996797,0.05228758169934641,16,306
5021,0.025737057306382535,0.06976821998949216,0.4345654381373264,0.07516339869281045,23,306
5022,0.024356869285899713,0.06988791824266533,0.4270712661432188,0.08496732026143791,26,306
5023,0.024725027425294924,0.06901069016011123,0.4284370932909998,0.06535947712418301,20,306
5024,0.024626713921181428,0.06937957328487876,0.42815463165572576,0.0784313725490196,24,306
5025,0.025089136110653894,0.0696337820583232,0.4296563264255374,0.05555555555555555,17,306
5026,0.024006323203047412,0.06235766309592954,0.41192738948241586,0.0718954248366013,22,306
5027,0.02383952794438253,0.06819556795579637,0.4220352254687433,0.07516339869281045,23,306
5028,0.023739242949958963,0.07232369502457993,0.42841564050857395,0.0718954248366013,22,306
5029,0.024564747639294983,0.0674198753620125,0.42456129059939074,0.07516339869281045,23,306
5030,0.02508093079182019,0.06745565395423345,0.43154953447462135,0.08496732026143791,26,306
5031,0.02473420762898806,0.06992890455683465,0.42200840949071095,0.06862745098039216,21,306
5032,0.02377819425193837,0.06495318885264205,0.4104131805895225,0.0718954248366013,22,306
5033,0.02341740317236831,0.0725468085712987,0.424153687733299,0.06535947712418301,20,306
5034,0.024732737644980372,0.07116325159764479,0.43046438123024555,0.0718954248366013,22,306
5035,0.024853368127802738,0.06677469390089313,0.4220531027874315,0.06862745098039216,21,306
5036,0.024281547835858577,0.06851402871845852,0.4200991118548076,0.0784313725490196,24,306
5037,0.023899670952585255,0.06935064956960137,0.4237746885771084,0.06862745098039216,21,306
5038,0.02475935719540968,0.06976508843349681,0.43270440926188125,0.07516339869281045,23,306
5039,0.024247876529189503,0.07112633107696131,0.42728221850373993,0.0915032679738562,28,306
5040,0.024676683695211338,0.07236713857748873,0.4324612777277213,0.0784313725490196,24,306
5041,0.024234131430139957,0.07029500637025447,0.4221961213369374,0.06862745098039216,21,306
5042,0.02421373997576764,0.0681705750477509,0.42104660974528396,0.08823529411764706,27,306
5043,0.023392567900086838,0.07177261848668987,0.42293624233063026,0.06535947712418301,20,306
5044,0.025024201992409196,0.07458612571120564,0.44582636117904495,0.06209150326797386,19,306
5045,0.023862645170559613,0.07160438671866402,0.4297957695113056,0.0718954248366013,22,306
5046,0.025332405463924634,0.07033573966095055,0.4346512492670299,0.0784313725490196,24,306
5047,0.0247445556082186,0.07104749710247378,0.42996739177071264,0.06535947712418301,20,306
5048,0.02443159590485877,0.07155784346208001,0.4358240013729781,0.06862745098039216,21,306
5049,0.024174377217891892,0.06663828637745788,0.4146411664592898,0.08496732026143791,26,306
5050,0.02461157651407265,0.06975653014726711,0.4345261080362123,0.0718954248366013,22,306
5051,0.02403060992377515,0.06277623290357165,0.4098822242244819,0.058823529411764705,18,306
5052,0.024205598161985253,0.07074728970208295,0.43279200812345364,0.08496732026143791,26,306
5053,0.02540763410736997,0.07193643882432676,0.4396175683986213,0.08823529411764706,27,306
5054,0.02621093464922222,0.07257947665833178,0.44198273766107465,0.07516339869281045,23,306
5055,0.02397526488160963,0.06543239949527395,0.41669527037656784,0.06209150326797386,19,306
5056,0.02613811278629828,0.07337726130752073,0.44551172037013204,0.07516339869281045,23,306
5057,0.02475822945555057,0.06907435883846062,0.4233885384934426,0.058823529411764705,18,306
5058,0.025794201133691772,0.07249433654023879,0.44176105890934053,0.0915032679738562,28,306
5059,0.026206046853847236,0.07529271632625278,0.44630904878362726,0.0915032679738562,28,306
5060,0.024259563214381743,0.07401493049164534,0.4341810757855294,0.0718954248366013,22,306
5061,0.024506369723398223,0.06992225619444196,0.42112884541124984,0.08496732026143791,26,306
5062,0.024422795529244017,0.07226552114243151,0.43133321891849374,0.06209150326797386,19,306
5063,0.02441143870994716,0.06854238581617263,0.4281063628952675,0.08496732026143791,26,306
5064,0.025692670457112182,0.07336641041510429,0.44716000915318715,0.08169934640522876,25,306
5065,0.022768257639512453,0.06763238622731495,0.4141709929777892,0.0718954248366013,22,306
5066,0.025102219591008494,0.06737486635821945,0.42874279544056865,0.0718954248366013,22,306
5067,0.024075550329075546,0.07025332990366191,0.42422698473992076,0.07516339869281045,23,306
5068,0.023620252215392122,0.06768447968619706,0.4206890633715193,0.06209150326797386,19,306
5069,0.02352624884642554,0.06196952039166241,0.4075099040345533,0.0784313725490196,24,306
5070,0.025539126899884763,0.06779623554584209,0.4301962214499221,0.05228758169934641,16,306
5071,0.024182311920834757,0.06830812897039276,0.42170628280487976,0.0915032679738562,28,306
5072,0.02487032661934868,0.0704144350187182,0.43187490167474724,0.07516339869281045,23,306
5073,0.023217411481458883,0.07040933227164464,0.4176660087813389,0.08823529411764706,27,306
5074,0.02364653720924859,0.06751317773847018,0.4119524177285794,0.08169934640522876,25,306
5075,0.026145325033798753,0.07368078119401478,0.4475390083093777,0.0784313725490196,24,306
5076,0.024778897280071488,0.07085615593683012,0.42538007179531184,0.08169934640522876,25,306
5077,0.024421263590925675,0.06834284619228638,0.4218832682598933,0.0784313725490196,24,306
5078,0.02470376580254789,0.07199261712907767,0.4371701634702021,0.08169934640522876,25,306
5079,0.025040731122171648,0.0707178362480509,0.4287553095636504,0.08496732026143791,26,306
5080,0.023956401552395323,0.07078263262867934,0.4193536276655082,0.08496732026143791,26,306
5081,0.022529631170723912,0.06423855196019554,0.402380901302899,0.06862745098039216,21,306
5082,0.024471305368048427,0.06749943714439928,0.41885306274223766,0.0784313725490196,24,306
5083,0.023871565569873274,0.06755485034805334,0.41946446704137524,0.06862745098039216,21,306
5084,0.023836113504642098,0.06837981272340968,0.42647416369903174,0.06535947712418301,20,306
5085,0.023765500005445854,0.06798751358220362,0.42136840148167215,0.0784313725490196,24,306
5086,0.022991187098225934,0.06334786507011625,0.4069467684958739,0.10457516339869281,32,306
5087,0.025204402934055323,0.0707208401352158,0.43165858611861957,0.09477124183006536,29,306
5088,0.02486650132948742,0.06720060435274702,0.4250064358347278,0.06535947712418301,20,306
5089,0.025961257651309185,0.06864677057922955,0.4418790492126829,0.0784313725490196,24,306
5090,0.025782101295890224,0.07032836522549785,0.4342347077415941,0.08823529411764706,27,306
5091,0.025120604295164536,0.07175503535232673,0.430864833168862,0.06862745098039216,21,306
5092,0.024380167022666866,0.06880051642673504,0.42405536248051373,0.06535947712418301,20,306
5093,0.02542191436883147,0.06927350019761475,0.43450107979004876,0.0784313725490196,24,306
5094,0.022001000512781876,0.06444882349356106,0.3986677822113528,0.06862745098039216,21,306
5095,0.024248784729718465,0.06714533499798289,0.4235583730209808,0.0784313725490196,24,306
5096,0.02458629808818454,0.07239641241493328,0.42994772672015563,0.0718954248366013,22,306
5097,0.025536046630347798,0.07223565774911167,0.44129446089157764,0.08496732026143791,26,306
5098,0.02318857546229078,0.06183446454377706,0.40976065845740195,0.07516339869281045,23,306
5099,0.024147461910922253,0.06795397604120465,0.4200401167031364,0.07516339869281045,23,306
5100,0.02439316263996617,0.06997494799230707,0.42583951888559946,0.08169934640522876,25,306
5101,0.023840957033819363,0.0679182005587401,0.42119856695413393,0.0915032679738562,28,306
5102,0.02484718969043806,0.0665876394825822,0.4196682684744211,0.06862745098039216,21,306
5103,0.024210369217686583,0.06711069322877279,0.41271220377282936,0.08823529411764706,27,306
5104,0.02383778530943457,0.06884574691166521,0.4196772071337653,0.07516339869281045,23,306
5105,0.024630118805771924,0.06698843701655299,0.4194108350853106,0.0718954248366013,22,306
5106,0.024932567094155186,0.0763239399734042,0.45247672373106795,0.09477124183006536,29,306
5107,0.024901409496443434,0.06923829308904636,0.4252173881952489,0.08823529411764706,27,306
5108,0.026223033459354127,0.07511460112399546,0.45217459704523677,0.06862745098039216,21,306
5109,0.024811657367017088,0.06765472306330898,0.41816836143647834,0.058823529411764705,18,306
5110,0.02398021706688449,0.06979119957753449,0.4245738047224725,0.08823529411764706,27,306
5111,0.02334648735287524,0.0697819987219052,0.4228146765635503,0.06862745098039216,21,306
5112,0.024748875241079212,0.07075305772021884,0.4304125370060497,0.08823529411764706,27,306
5113,0.024323376134989326,0.07010184310884673,0.4317747886900931,0.06862745098039216,21,306
5114,0.02524177180006279,0.07111601210765656,0.4364336179402469,0.06862745098039216,21,306
5115,0.02366743972221473,0.06230417690149102,0.4092958481715078,0.08823529411764706,27,306
5116,0.023953267251695363,0.07337898926410145,0.42576264641524003,0.06862745098039216,21,306
5117,0.024930689513195277,0.06821480686635184,0.4316532229230131,0.058823529411764705,18,306
5118,0.023155005009459197,0.06579790640499522,0.402856437980006,0.07516339869281045,23,306
5119,0.023992300763684804,0.07137111486140084,0.4286158664778822,0.0784313725490196,24,306
5120,0.02491019359736034,0.06808488139003949,0.42521560046338014,0.0784313725490196,24,306
5121,0.025228753355782712,0.06814687602422777,0.42587527352297594,0.08823529411764706,27,306
5122,0.026450378635876026,0.07202469560604859,0.44244218475136227,0.0915032679738562,28,306
5123,0.02458978292632218,0.06900245033943679,0.4241089944365784,0.08496732026143791,26,306
5124,0.02564828133754469,0.07127524034586914,0.430895224610632,0.06862745098039216,21,306
5125,0.02392976736823029,0.067978401714118,0.41835964874644244,0.0718954248366013,22,306
5126,0.023647597278287826,0.07035325569222173,0.4198434661975658,0.0718954248366013,22,306
5127,0.02458842838337729,0.07251840407017775,0.4356738318959969,0.08169934640522876,25,306
5128,0.024903887296922042,0.07424660651541896,0.43333190314783826,0.08496732026143791,26,306
5129,0.02604899681146028,0.0717538095535061,0.440511434333033,0.09477124183006536,29,306
5130,0.024069231574964076,0.06676272185979772,0.4175855608472419,0.0718954248366013,22,306
5131,0.025516530414558838,0.07541607099241715,0.44687039659043776,0.09803921568627451,30,306
5132,0.024343049171708032,0.07425278812729963,0.43116695985469317,0.08496732026143791,26,306
5133,0.025161443899594464,0.07185011476710422,0.43588835972025575,0.06535947712418301,20,306
5134,0.024183347396470194,0.06791612520391817,0.4159783898971697,0.0718954248366013,22,306
5135,0.022741479409711513,0.06631073695331507,0.4063639679066375,0.08169934640522876,25,306
5136,0.025507901427055214,0.06514452236102027,0.41810221535733183,0.0718954248366013,22,306
5137,0.02333531382820711,0.06769096711370837,0.4157066546531085,0.08169934640522876,25,306
5138,0.025262945852011272,0.07506600189715958,0.445127358018335,0.07516339869281045,23,306
5139,0.025121868399907564,0.06954846909128067,0.4340827505327441,0.08496732026143791,26,306
5140,0.025374770465762725,0.07142580361407089,0.43621909011598803,0.07516339869281045,23,306
5141,0.025096299539497175,0.07023244545657811,0.4298207977574692,0.08169934640522876,25,306
5142,0.025258603033742406,0.07028087402419862,0.4287141917306675,0.0718954248366013,22,306
5143,0.022691691834483472,0.06589499737975894,0.407765549691795,0.08169934640522876,25,306
5144,0.02454096964190575,0.07208540285573312,0.4329654181147295,0.06535947712418301,20,306
5145,0.024792248366738188,0.06674961231560078,0.4226305401810615,0.0784313725490196,24,306
5146,0.024757585638486013,0.06840324425605221,0.4240499992849073,0.05555555555555555,17,306
5147,0.024221325038201267,0.0693658819564933,0.42555526951845657,0.06209150326797386,19,306
5148,0.0256057513940897,0.0704207958281089,0.4379442513694026,0.07516339869281045,23,306
5149,0.024498478575354782,0.0694763143180347,0.430743267401782,0.06535947712418301,20,306
5150,0.025233262050671137,0.06864800487522074,0.4270623274838747,0.06535947712418301,20,306
5151,0.02580773949955416,0.07081099130310703,0.4412926731597088,0.0915032679738562,28,306
5152,0.02620919523904384,0.07497805536387708,0.456778006607457,0.08496732026143791,26,306
5153,0.02362147121354632,0.06571590468468487,0.4135041689907181,0.10130718954248366,31,306
5154,0.024384199618720084,0.06707839708126223,0.4233652979791479,0.06535947712418301,20,306
5155,0.02351877764512864,0.06372163384809412,0.40820354399965675,0.08823529411764706,27,306
5156,0.025680492211875582,0.0701757644508201,0.43381816621615826,0.09803921568627451,30,306
5157,0.022631168867705224,0.06432460146785918,0.4028635889074813,0.06535947712418301,20,306
5158,0.024966250223948147,0.07216823463773055,0.43170864261094666,0.08169934640522876,25,306
5159,0.02520029156628944,0.07153791585747823,0.43204652393415427,0.08496732026143791,26,306
5160,0.024164107906185308,0.06515452742691949,0.4156244189871426,0.0718954248366013,22,306
5161,0.024953905047097776,0.07062480937822445,0.43361257705124356,0.08496732026143791,26,306
5162,0.024430789395153727,0.07109272335392072,0.4288232433746657,0.07516339869281045,23,306
5163,0.025051005409390443,0.06787524328919904,0.42607728722415295,0.0718954248366013,22,306
5164,0.024764144280837674,0.07013787541723508,0.4258484575449436,0.06862745098039216,21,306
5165,0.02509390970461659,0.07338879480688473,0.440298694240643,0.06862745098039216,21,306
5166,0.022589581092220378,0.07044212518563649,0.41326282518842694,0.06862745098039216,21,306
5167,0.025015610341906348,0.07262343602237163,0.44173781839504583,0.08823529411764706,27,306
5168,0.02459763261598999,0.0737528845422132,0.4396390211810472,0.06862745098039216,21,306
5169,0.023333948547435004,0.07048004756072695,0.4241304472190043,0.0718954248366013,22,306
5170,0.02594204473833525,0.0715312257344931,0.43934404542269134,0.07516339869281045,23,306
5171,0.024140532495041365,0.07277669583350795,0.4270712661432188,0.058823529411764705,18,306
5172,0.02459377739591128,0.06792298561518306,0.4250743696457431,0.0784313725490196,24,306
5173,0.02414086108470861,0.07107432845205147,0.4264598618440812,0.06209150326797386,19,306
5174,0.024877425722664156,0.07106164196486985,0.43192495816707427,0.08823529411764706,27,306
5175,0.026250309104441833,0.06991986121320397,0.43803900115845024,0.08823529411764706,27,306
5176,0.024055052705561665,0.06704637958987424,0.41827741308047656,0.0718954248366013,22,306
5177,0.02445275159509617,0.07116136229710787,0.4320250711517284,0.0718954248366013,22,306
5178,0.024010252122231224,0.06926284502776925,0.4185044550278171,0.09803921568627451,30,306
5179,0.025998394478616772,0.0708854106028019,0.4339397319832382,0.08496732026143791,26,306
5180,0.024589844497638173,0.0708926719818907,0.4332282146994465,0.0718954248366013,22,306
5181,0.025268587649755675,0.0694995956559954,0.4334552566467871,0.07516339869281045,23,306
5182,0.02486628492750646,0.07135271556616464,0.44102093791564767,0.06209150326797386,19,306
5183,0.02481158388971075,0.07332724165718245,0.4378566525078303,0.08169934640522876,25,306
5184,0.0250255896355343,0.0693079748821145,0.43168003890104545,0.07516339869281045,23,306
5185,0.025516926493174264,0.06818785692444035,0.42541046323708187,0.0784313725490196,24,306
5186,0.023812576204747832,0.06365309768945868,0.4092243388967549,0.06209150326797386,19,306
5187,0.025036858549522357,0.07084630981285588,0.43317815820711947,0.09477124183006536,29,306
5188,0.02557321337715252,0.06823630225120296,0.4353645542826905,0.08823529411764706,27,306
5189,0.023834490060329252,0.0718537687234741,0.4247400637862731,0.0718954248366013,22,306
5190,0.02527956160035141,0.0702511669718525,0.43353570458088414,0.08823529411764706,27,306
5191,0.02461518434938634,0.06839310365676257,0.4244844181290313,0.06862745098039216,21,306
5192,0.024917214560601433,0.0704456154855261,0.4324112212353942,0.09477124183006536,29,306
5193,0.024788623236995946,0.07292229134147675,0.43876660802906137,0.07516339869281045,23,306
5194,0.02354936432732332,0.07086908999588235,0.4261827634044136,0.06862745098039216,21,306
5195,0.02473689980218758,0.07092672222132307,0.43170864261094666,0.08823529411764706,27,306
5196,0.023831838958260305,0.06965249955044088,0.4194144105490482,0.08169934640522876,25,306
5197,0.022733349755215335,0.068797693911992,0.41707069406902075,0.0718954248366013,22,306
5198,0.023261072625810703,0.06579153850430251,0.41187554525822,0.08496732026143791,26,306
5199,0.024541420026502347,0.06942858928211423,0.4314100913888531,0.08169934640522876,25,306
5200,0.025167798451860703,0.06888890551496989,0.4323987071123125,0.0784313725490196,24,306
5201,0.02331822831966688,0.06753727701805307,0.40855393944594615,0.06209150326797386,19,306
5202,0.02464112582379125,0.07079135644363853,0.43464409833955464,0.06535947712418301,20,306
5203,0.02389394755804088,0.06742359657162318,0.4170671186052831,0.08169934640522876,25,306
5204,0.02446213790088827,0.07011505036742043,0.4272893694312152,0.06862745098039216,21,306
5205,0.026077004748496987,0.07230808776898273,0.44392421447061686,0.0718954248366013,22,306
5206,0.02426195388827973,0.07560607691963488,0.4390758856423678,0.07516339869281045,23,306
5207,0.02556617116657387,0.07561604347367255,0.45138978275482333,0.08823529411764706,27,306
5208,0.025649955748491857,0.06898281236909387,0.43275625348607716,0.08169934640522876,25,306
5209,0.025330921990273907,0.07117436752696789,0.4386521931894567,0.08496732026143791,26,306
5210,0.024229216784437287,0.06726271251635633,0.4171815334448878,0.06209150326797386,19,306
5211,0.024368909919919825,0.06914488644154214,0.42121286880908454,0.06862745098039216,21,306
5212,0.02436980302555952,0.07095674786081307,0.43599741136425396,0.06862745098039216,21,306
5213,0.02351243267553048,0.06953327623641485,0.4206318559517169,0.06862745098039216,21,306
5214,0.025023451581868014,0.06720976034503431,0.42292551593941735,0.0718954248366013,22,306
5215,0.025210549113044493,0.07501670196054164,0.44361136139357277,0.08169934640522876,25,306
5216,0.023466274563319692,0.07105257895200084,0.4269532758398764,0.08169934640522876,25,306
5217,0.02408006883206515,0.0704644741294486,0.4240482115530384,0.07516339869281045,23,306
5218,0.024234159539686856,0.06910020937357036,0.42649382874958885,0.08169934640522876,25,306
5219,0.023850813516380173,0.0703884385212893,0.4230417185108909,0.0784313725490196,24,306
5220,0.024310971977137587,0.06830982276213801,0.4270980821212511,0.0784313725490196,24,306
5221,0.023993624086237907,0.06442655450782554,0.4186027802806024,0.09477124183006536,29,306
5222,0.025794010651766987,0.07280710440944554,0.4371862530570215,0.07516339869281045,23,306
5223,0.024245813182175485,0.07243080109202454,0.425530241272293,0.0784313725490196,24,306
5224,0.025582241459540335,0.07130409484773197,0.43869509875430845,0.08169934640522876,25,306
5225,0.025374551825737945,0.0742528939467178,0.4508999442227657,0.06209150326797386,19,306
5226,0.024349370356938557,0.07091718298430663,0.42492777563249956,0.0718954248366013,22,306
5227,0.023376603550144082,0.06766368374033964,0.4153383818881309,0.08169934640522876,25,306
5228,0.023766698542629142,0.06808101771383973,0.4225715450293903,0.06535947712418301,20,306
5229,0.024471943695976477,0.0688279116521027,0.42072303027702695,0.0718954248366013,22,306
5230,0.023231260897629995,0.07227969973077317,0.427423449321377,0.06862745098039216,21,306
5231,0.023173004330721697,0.06471589490666382,0.40729180074655685,0.06535947712418301,20,306
5232,0.023606633404872148,0.06900153394776805,0.41666309120292905,0.0784313725490196,24,306
5233,0.023993873582441417,0.07077763923248695,0.4237013915704867,0.06862745098039216,21,306
5234,0.024801732999525917,0.0669710212051228,0.4252334777820683,0.0718954248366013,22,306
5235,0.024861234066575817,0.070820051722629,0.43585975601035454,0.07516339869281045,23,306
5236,0.024345818173650537,0.07294971375534916,0.43730603109223265,0.0718954248366013,22,306
5237,0.02370054989741187,0.06664164860203761,0.4154778249738991,0.05555555555555555,17,306
5238,0.024186231984570466,0.07117878391634506,0.4260182920724818,0.07516339869281045,23,306
5239,0.024803547002946513,0.06987992671111679,0.4299262739377297,0.0915032679738562,28,306
5240,0.02464938915850415,0.068217289199082,0.42134694869924627,0.08169934640522876,25,306
5241,0.025700783076469415,0.06905496625351665,0.4320250711517284,0.0718954248366013,22,306
5242,0.02497669699318393,0.06737744413697203,0.423283062313182,0.08496732026143791,26,306
5243,0.023366007911839688,0.06484139161250667,0.40763862072910856,0.0718954248366013,22,306
5244,0.02615268090523128,0.07277615118562493,0.4481629267315971,0.07516339869281045,23,306
5245,0.024199916204990894,0.06484628315556774,0.4167489023326325,0.0718954248366013,22,306
5246,0.023995116831876894,0.07099294173065183,0.42802055176556403,0.0915032679738562,28,306
5247,0.02342026912762937,0.07344507207781838,0.4273143976773788,0.07516339869281045,23,306
5248,0.023235495154995026,0.06972137108046919,0.4188459118147624,0.0718954248366013,22,306
5249,0.024127289471422113,0.06576346738667635,0.42069442656712575,0.06862745098039216,21,306
5250,0.026580960616431185,0.07427777428487943,0.4573125384362352,0.0915032679738562,28,306
5251,0.023737462539453216,0.06643164314026118,0.4122920867836558,0.06209150326797386,19,306
5252,0.0251681103084974,0.06916400690789877,0.42481514852476365,0.06862745098039216,21,306
5253,0.024499103336900373,0.06846494525922839,0.4268102572903706,0.0784313725490196,24,306
5254,0.025199069674053217,0.06894052452079909,0.43435984897241176,0.08823529411764706,27,306
5255,0.025295715638569614,0.06999574510132246,0.43673216916234037,0.07516339869281045,23,306
5256,0.02458169850009244,0.07029992987387766,0.42843173009539337,0.058823529411764705,18,306
5257,0.025354908685286837,0.06685302688582596,0.4229559073811873,0.06535947712418301,20,306
5258,0.024385928576380084,0.07086322250280554,0.4253389539623289,0.07516339869281045,23,306
5259,0.025491382116326983,0.07187191702892963,0.4346423106076858,0.08169934640522876,25,306
5260,0.023642589339006016,0.06921623968427419,0.4188620014015818,0.0718954248366013,22,306
5261,0.0254873391337849,0.07310742944288313,0.44152507830265586,0.08823529411764706,27,306
5262,0.023654074242725143,0.06770982673322307,0.41658085553696317,0.05555555555555555,17,306
5263,0.023953698858894378,0.06871488118959773,0.42215500350395446,0.0784313725490196,24,306
5264,0.023933518346599535,0.06467340122114242,0.41234571873972053,0.08169934640522876,25,306
5265,0.024008548684452638,0.06901332188110251,0.4195556413666853,0.06862745098039216,21,306
5266,0.025199315436742444,0.0693550577527505,0.4329993850202371,0.07516339869281045,23,306
5267,0.02580988840335103,0.07255044286034917,0.4432484518242016,0.09477124183006536,29,306
5268,0.02565497332245465,0.0707444986207179,0.43523226212439753,0.07516339869281045,23,306
5269,0.024789199777143146,0.07399136960144376,0.43858604711031024,0.08169934640522876,25,306
5270,0.025274593100256895,0.07237407212391914,0.43747765335163974,0.0718954248366013,22,306
5271,0.023126211491512595,0.0666882414753475,0.4098500450508431,0.058823529411764705,18,306
5272,0.02341532582160261,0.0697528661366245,0.41284092046738463,0.06209150326797386,19,306
5273,0.02550976895757704,0.06865848513846548,0.4375437994307862,0.07516339869281045,23,306
5274,0.02304712737043837,0.06429666459933664,0.4109727406644642,0.07516339869281045,23,306
5275,0.025169068303424715,0.06685799418502741,0.4276004347763905,0.08169934640522876,25,306
5276,0.02524470098085096,0.07244462984130093,0.44080283462765124,0.0784313725490196,24,306
5277,0.025758787565617072,0.0684869505625737,0.43547718139042635,0.0784313725490196,24,306
5278,0.024148641125311825,0.06777376065489293,0.4228826103745656,0.08169934640522876,25,306
5279,0.024933821897764316,0.07234835947995176,0.4383947598003461,0.058823529411764705,18,306
5280,0.02504815681054034,0.06627777384004452,0.4259020895010083,0.0718954248366013,22,306
5281,0.024574023898215263,0.07195365305989376,0.42615415969451237,0.0718954248366013,22,306
5282,0.02475540165879589,0.0687570086307083,0.42659751719798056,0.0784313725490196,24,306
5283,0.02276572661782735,0.06505958277988984,0.40905807983295434,0.0718954248366013,22,306
5284,0.024058155957456927,0.06721452537737685,0.42041732812745813,0.07516339869281045,23,306
5285,0.02505486701429261,0.07440834089020502,0.4359044493070751,0.0784313725490196,24,306
5286,0.02468188436925679,0.06701028187446811,0.42447726720155604,0.07516339869281045,23,306
5287,0.024278325357536438,0.06725433032596975,0.41998469701520286,0.09477124183006536,29,306
5288,0.02370611238676864,0.06864205584954802,0.42023676720870695,0.08169934640522876,25,306
5289,0.02531689518707975,0.07140970501799525,0.4343652121680182,0.0718954248366013,22,306
5290,0.024420890768598966,0.06986998612516397,0.42987442971353385,0.06862745098039216,21,306
5291,0.023761099494964272,0.07242938803060614,0.4272321620114129,0.06535947712418301,20,306
5292,0.02101391023958742,0.06295362807286521,0.39297743167288796,0.07516339869281045,23,306
5293,0.02544215209045528,0.06942982024288515,0.42927196407374035,0.08823529411764706,27,306
5294,0.023762910683543442,0.06748620175346186,0.41643604925558847,0.10130718954248366,31,306
5295,0.025320430371102515,0.07058592342502232,0.4375294975758356,0.08496732026143791,26,306
5296,0.025313539181378682,0.0761007004194938,0.44487350009296206,0.10784313725490197,33,306
5297,0.025414904406937874,0.06720919230227917,0.4295776662233092,0.08496732026143791,26,306
5298,0.024960373134201297,0.07005525315101843,0.4308791350238126,0.09477124183006536,29,306
5299,0.025503111687754123,0.06864232292534482,0.4348085696714864,0.08169934640522876,25,306
5300,0.024947011371487145,0.06940999782878667,0.43162283148124314,0.07516339869281045,23,306
5301,0.025025800283498014,0.07008986156118278,0.43000672187182676,0.07516339869281045,23,306
5302,0.022966067544735277,0.0711736202415047,0.4210644870639722,0.08169934640522876,25,306
5303,0.023248642574823664,0.0697320118746551,0.41720656169105136,0.0718954248366013,22,306
5304,0.02378053736768825,0.06785356826218321,0.42109309077387336,0.10457516339869281,32,306
5305,0.02505878078527812,0.06864219733830615,0.4348782912143705,0.08169934640522876,25,306
5306,0.023916472718680953,0.07152144357117979,0.42620242845497064,0.0915032679738562,28,306
5307,0.02442769540223848,0.0675868260081912,0.4199793338195964,0.07516339869281045,23,306
5308,0.025609854868243336,0.07025064589575726,0.43199289197808954,0.08496732026143791,26,306
5309,0.02388436831500784,0.06627258030940929,0.4160642010268732,0.0718954248366013,22,306
5310,0.024448716783919366,0.07010451929258295,0.4340827505327441,0.06535947712418301,20,306
5311,0.024380432825261276,0.06592415232724277,0.4157155933124526,0.08496732026143791,26,306
5312,0.024007689879236845,0.0682831176286726,0.42622388123739646,0.06862745098039216,21,306
5313,0.024488243169890896,0.06647641969165258,0.42307210995266087,0.08496732026143791,26,306
5314,0.02481542456168248,0.07036249804001281,0.43077544657542083,0.0784313725490196,24,306
5315,0.02398047968778876,0.06648264927583561,0.4168132606799102,0.08496732026143791,26,306
5316,0.0249250210301231,0.07562779885916053,0.44181469086540526,0.0718954248366013,22,306
5317,0.02680932412974619,0.0732379703726286,0.4542626678680225,0.07516339869281045,23,306
5318,0.026626056126870953,0.07538671791392842,0.45187068262753677,0.07516339869281045,23,306
5319,0.024674506054148306,0.07119935036001726,0.43199825517369606,0.06209150326797386,19,306
5320,0.024375006952558186,0.06625531885969825,0.4184114929706383,0.0784313725490196,24,306
5321,0.022978314569058782,0.06897757882594918,0.41280695356187697,0.06862745098039216,21,306
5322,0.02368435673506837,0.06973435667460388,0.41878334119935356,0.05555555555555555,17,306
5323,0.02308923235247925,0.06512651894485391,0.40688598561233397,0.0784313725490196,24,306
5324,0.024307617978027326,0.06335388638592807,0.40703615508931507,0.08169934640522876,25,306
5325,0.02494617217388608,0.07434130438247358,0.4398767895196007,0.07516339869281045,23,306
5326,0.024062939140284824,0.06656471768347069,0.41952524992491524,0.09477124183006536,29,306
5327,0.023898423563386048,0.0704228883581645,0.42773093920281463,0.08169934640522876,25,306
5328,0.024779283209566936,0.07231388366078843,0.437990732397992,0.09477124183006536,29,306
5329,0.02466663781039809,0.07045088551866906,0.4262399708242159,0.08823529411764706,27,306
5330,0.023983278160474093,0.07002957823909481,0.4266904792551594,0.06862745098039216,21,306
5331,0.025874224898464405,0.0719525975934872,0.4363746227885757,0.08496732026143791,26,306
5332,0.024575059430251386,0.07109068033380596,0.4290395589307933,0.0718954248366013,22,306
5333,0.02309342656508706,0.07131202340457711,0.4280134008380887,0.08169934640522876,25,306
5334,0.023592080107160594,0.06742779309431754,0.41498977417371036,0.08169934640522876,25,306
5335,0.02545884781053822,0.0744157219269026,0.4457780924185867,0.08496732026143791,26,306
5336,0.023302555264806603,0.06676527304137464,0.4094031120836373,0.08169934640522876,25,306
5337,0.02389979186565093,0.06783927257396787,0.4120507429813647,0.0784313725490196,24,306
5338,0.024938588182366807,0.07149842185863552,0.4295580011727521,0.058823529411764705,18,306
5339,0.025177339695020284,0.07064925294787446,0.43284742781138713,0.07516339869281045,23,306
5340,0.024731417108510588,0.06804245282394536,0.4283262539151328,0.08496732026143791,26,306
5341,0.02614796251187512,0.07517954931730948,0.4503564737346434,0.07516339869281045,23,306
5342,0.024674206624443293,0.06714720839142801,0.4223498662776562,0.09477124183006536,29,306
5343,0.023687726074191118,0.06313055117470753,0.40636039244289984,0.08169934640522876,25,306
5344,0.02392653937404438,0.06549477269357229,0.41383132392271277,0.05555555555555555,17,306
5345,0.02650684213612575,0.07508101092490621,0.4493410420331517,0.0915032679738562,28,306
5346,0.023926591199748135,0.06735728717957826,0.4209429212968922,0.0784313725490196,24,306
5347,0.025387519769259213,0.06874474531598168,0.4383697315541826,0.09477124183006536,29,306
5348,0.025133118501949655,0.07127287746134839,0.43623517970280745,0.0915032679738562,28,306
5349,0.02629803451207263,0.07504777646648074,0.45212632828477856,0.0718954248366013,22,306
5350,0.023373852029405038,0.06714734042843838,0.41318058952246106,0.08496732026143791,26,306
5351,0.02573137231907565,0.075620719419729407,0.4423116803249381,0.05555555555555555,17,306
5352,0.02393268087102026,0.06800647699631512,0.42163477353012685,0.0784313725490196,24,306
5353,0.02532061559726085,0.07710693165622948,0.4455903805723602,0.0784313725490196,24,306
5354,0.02485009133523759,0.07004161088155857,0.43165858611861957,0.0784313725490196,24,306
5355,0.024433832772991784,0.06940761936793835,0.4219047210423192,0.09477124183006536,29,306
5356,0.024438337274050384,0.06549855282739993,0.4152615094177715,0.0784313725490196,24,306
5357,0.02506956027602685,0.06787938041598782,0.42374250940346964,0.06862745098039216,21,306
5358,0.025083894137477483,0.06860770136643386,0.42816178258320103,0.0718954248366013,22,306
5359,0.024856173274322223,0.06630407793345161,0.42274495502066617,0.0784313725490196,24,306
5360,0.022978951311850397,0.06613712542092132,0.40955685702435607,0.06862745098039216,21,306
5361,0.023694015571124997,0.0626766490794149,0.40822857224582026,0.10457516339869281,32,306
5362,0.02296284732127544,0.06745370293704066,0.415529669198095,0.0784313725490196,24,306
5363,0.0242712724589721,0.06576452396657988,0.4175086883768825,0.07516339869281045,23,306
5364,0.025726858408438427,0.07408584883306342,0.43703072038443386,0.07516339869281045,23,306
5365,0.023715027839291043,0.06832730101356779,0.4153616224024256,0.08496732026143791,26,306
5366,0.02517708876080308,0.06988943883486315,0.42926302541439626,0.07516339869281045,23,306
5367,0.025014104469622375,0.06836695229904267,0.42713026129488996,0.0784313725490196,24,306
5368,0.024386730260002504,0.07171032307916883,0.4307504183292573,0.0784313725490196,24,306
5369,0.026588805017896292,0.07796643435918099,0.457982937887044,0.07516339869281045,23,306
5370,0.022816164375254463,0.06752671395279049,0.4149558072682027,0.0784313725490196,24,306
5371,0.024831912698165242,0.07332941097477477,0.4374687146922956,0.07516339869281045,23,306
5372,0.023442559433679722,0.06644435464479741,0.4093905979605555,0.08496732026143791,26,306
5373,0.023867663022766838,0.06994256685329424,0.427291157163084,0.05555555555555555,17,306
5374,0.025377251255864635,0.07311128024196045,0.4348461120407317,0.08169934640522876,25,306
5375,0.024140754817088727,0.06759962551463226,0.42664578595843883,0.0718954248366013,22,306
5376,0.023863425250072734,0.06928897264444255,0.42714098768610287,0.06862745098039216,21,306
5377,0.026081793127307594,0.072210844149905265,0.4481164457030077,0.07516339869281045,23,306
5378,0.02482544220845788,0.06987154810048771,0.4308684086325997,0.07516339869281045,23,306
5379,0.027288637678490695,0.07433068336394832,0.4537746170678337,0.06209150326797386,19,306
5380,0.024883462862396524,0.07070135861473477,0.43246485319145894,0.0718954248366013,22,306
5381,0.024001205124512273,0.06746844601604968,0.41900323221921887,0.05555555555555555,17,306
5382,0.02284996303024457,0.06288938301212205,0.40822857224582026,0.10784313725490197,33,306
5383,0.02496105788990427,0.06541396831961047,0.42034403112083635,0.06535947712418301,20,306
5384,0.023190882020544507,0.06603693524476122,0.4025721886128631,0.0915032679738562,28,306
5385,0.02518779168261974,0.07188862668799148,0.4352769554211181,0.08169934640522876,25,306
5386,0.0259564895382445,0.07257912139076213,0.4453830036755767,0.06862745098039216,21,306
5387,0.025794883231630518,0.07203329142840155,0.4425780523733928,0.0718954248366013,22,306
5388,0.024352275243932287,0.06688990937522818,0.42539258591839363,0.08169934640522876,25,306
5389,0.025962858470474606,0.0700412583563821,0.4393440454226913,0.08823529411764706,27,306
5390,0.023209972161211553,0.06890538632094934,0.4151989388023627,0.0784313725490196,24,306
5391,0.024071807927008092,0.06783487339040788,0.4256732598217989,0.06535947712418301,20,306
5392,0.025118258809838732,0.07168504354968469,0.43748837974285265,0.06209150326797386,19,306
5393,0.026040202703253336,0.07104515404838664,0.43951209221836074,0.0718954248366013,22,306
5394,0.0248718892178272,0.0700249099755645,0.4312992520129861,0.0718954248366013,22,306
5395,0.025107825810994668,0.07557587060770085,0.4444033266114615,0.07516339869281045,23,306
5396,0.02401803470961054,0.06764458509648463,0.4211359963387251,0.0784313725490196,24,306
5397,0.02359059142803974,0.06814514397029021,0.42393737217717137,0.0784313725490196,24,306
5398,0.02393510347731316,0.07063394891355074,0.4219923199038915,0.06862745098039216,21,306
5399,0.026456159806141705,0.06985711070039383,0.4442942749674633,0.07516339869281045,23,306
5400,0.02573064059033403,0.07362220138843517,0.4450826647216144,0.08496732026143791,26,306
5401,0.025148706751009612,0.06977127804683751,0.43085231904578025,0.0718954248366013,22,306
5402,0.02411513258252667,0.06878097185838236,0.4192982079775747,0.07516339869281045,23,306
5403,0.02502813732526281,0.07031879873558841,0.4382106234178573,0.07516339869281045,23,306
5404,0.02378303597585279,0.06550379480361053,0.40814812431172326,0.06862745098039216,21,306
5405,0.024947882434614405,0.07202457152507982,0.4343044292844782,0.09803921568627451,30,306
5406,0.023535887756472633,0.07012935575602025,0.41381880979963104,0.06862745098039216,21,306
5407,0.024375198126102136,0.0715530043829631,0.4266600878133894,0.0784313725490196,24,306
5408,0.02519068958698851,0.07383165183600347,0.4385699575234908,0.08169934640522876,25,306
5409,0.02515133402592553,0.07017566089587404,0.4338539208535347,0.08823529411764706,27,306
5410,0.02450959315626456,0.0672249256455372,0.41881552037299236,0.08169934640522876,25,306
5411,0.024574407759938653,0.07026785071186532,0.4250886715006936,0.08496732026143791,26,306
5412,0.02454307812481402,0.07032873074314684,0.43039287195549264,0.07516339869281045,23,306
5413,0.023947933945055386,0.0712781418395318,0.4287928519328957,0.06862745098039216,21,306
5414,0.02422584360470102,0.06659845069869942,0.41876725161253414,0.07516339869281045,23,306
5415,0.024792901509168044,0.06617785696703998,0.42474006378627305,0.0784313725490196,24,306
5416,0.023758189274454795,0.07414289268765456,0.4333497804665265,0.08823529411764706,27,306
5417,0.02476634277454587,0.0703080621617885,0.4333408418071824,0.08169934640522876,25,306
5418,0.024486434182470842,0.06623460608788634,0.4300532029004162,0.06862745098039216,21,306
5419,0.023398047576296863,0.06713923973654683,0.41514530684629797,0.06209150326797386,19,306
5420,0.02467864561824945,0.07008111608907062,0.42770591095665106,0.0784313725490196,24,306
5421,0.02501797779429339,0.07009885557963845,0.431735458588979,0.0784313725490196,24,306
5422,0.0238257372202763,0.06888359798186505,0.4147877604725333,0.08169934640522876,25,306
5423,0.025013707544486716,0.06862552589483535,0.42821005134365925,0.08169934640522876,25,306
5424,0.02384403790055797,0.07076532494762905,0.4253550435491483,0.06209150326797386,19,306
5425,0.024320260326115124,0.07432395642626205,0.43355894509517884,0.0915032679738562,28,306
5426,0.023945365533695244,0.07068319747771912,0.43006571702349794,0.06209150326797386,19,306
5427,0.023610757226612232,0.06547626032178523,0.4082375109051644,0.07516339869281045,23,306
5428,0.024873529578038796,0.06703048617395474,0.4255463308591124,0.0784313725490196,24,306
5429,0.02364343533860039,0.07157585485964019,0.42792401424464754,0.0457516339869281,14,306
5430,0.0247000687724619,0.06728165032173321,0.4203136396790664,0.07516339869281045,23,306
5431,0.024217668910211005,0.06594147706195574,0.4185187568827677,0.0915032679738562,28,306
5432,0.023223607281946765,0.06840587774206763,0.4146429541911586,0.07516339869281045,23,306
5433,0.02492041385399075,0.07752764390809748,0.4408707684386665,0.07516339869281045,23,306
5434,0.02464843145629503,0.07026904460790627,0.4234511091088514,0.0718954248366013,22,306
5435,0.025656461818287884,0.07009721252715798,0.4317336708571102,0.06535947712418301,20,306
5436,0.024920123713744843,0.07208976067462038,0.43456901360106404,0.08496732026143791,26,306
5437,0.02465123443787729,0.07195987692261555,0.43506779079246577,0.08823529411764706,27,306
5438,0.0253784266451775,0.07144627855620324,0.43512857367600577,0.0784313725490196,24,306
5439,0.02562899088280758,0.07467553154092305,0.4451202070908597,0.0784313725490196,24,306
5440,0.021831376950490894,0.06603883517267436,0.40195005792251254,0.08169934640522876,25,306
5441,0.024856112482881693,0.06582296159468477,0.42012950329657756,0.08169934640522876,25,306
5442,0.025824099451728047,0.07002481168045553,0.4352626535661675,0.10130718954248366,31,306
5443,0.02488795679743555,0.0692101647343317,0.4295276097309821,0.0718954248366013,22,306
5444,0.02419684590605372,0.06993037446069363,0.42582521703064885,0.06862745098039216,21,306
5445,0.022934578866967495,0.06405502010184182,0.40040903305158676,0.06862745098039216,21,306
5446,0.026114642479760395,0.07187543700210071,0.44261738247450694,0.09803921568627451,30,306
5447,0.024592329110772644,0.07107058665115627,0.43067890905450434,0.0718954248366013,22,306
5448,0.023035000461478394,0.06765380912918692,0.4111246978733142,0.08823529411764706,27,306
5449,0.02307719820356077,0.07161776075889971,0.42361379270891436,0.0718954248366013,22,306
5450,0.024500636538311592,0.06687087595113776,0.4231507701548891,0.06535947712418301,20,306
5451,0.025382673530264098,0.07205691820138217,0.43791028446389496,0.08823529411764706,27,306
5452,0.02495961282751427,0.06895298089914342,0.42174382517412506,0.0915032679738562,28,306
5453,0.025531347256441853,0.07127731527127262,0.43425616052401994,0.0784313725490196,24,306
5454,0.023448729597237573,0.07005108493839153,0.42661896998040644,0.08823529411764706,27,306
5455,0.023013645905120658,0.06873588797962936,0.41739606126914663,0.06535947712418301,20,306
5456,0.02545991928893023,0.0705511151314499,0.4318069678637319,0.07516339869281045,23,306
5457,0.02418570278280202,0.07237370429584147,0.43360542612376823,0.06209150326797386,19,306
5458,0.02412137503631045,0.07093276153925994,0.4315084166416384,0.08496732026143791,26,306
5459,0.024905247281196613,0.06931107920611078,0.4316871898285208,0.08823529411764706,27,306
5460,0.025437499824547023,0.0746819108681241,0.44150898871583644,0.0784313725490196,24,306
5461,0.024674616209270632,0.06838351391910738,0.4330351396576136,0.0915032679738562,28,306
5462,0.022630863314096885,0.0650553365102247,0.40672151428040215,0.07516339869281045,23,306
5463,0.02602349078348055,0.07115607173187292,0.4379657041518285,0.08169934640522876,25,306
5464,0.023450014567807338,0.06642056836756528,0.4163877804951302,0.0915032679738562,28,306
5465,0.023485657954376193,0.0708295238192486,0.4162000686489038,0.06209150326797386,19,306
5466,0.024858551767337277,0.07076516299405598,0.4312098654195449,0.0784313725490196,24,306
5467,0.022783450852610045,0.06664778370430176,0.4040560060639865,0.07516339869281045,23,306
5468,0.024298014639208623,0.07109174325423573,0.42255009224696444,0.09477124183006536,29,306
5469,0.024300688165974967,0.0689407834156969,0.41334684858626164,0.0915032679738562,28,306
5470,0.025553171076119062,0.06850947335503207,0.43369660044907826,0.10130718954248366,31,306
5471,0.023505955423840173,0.0733494403979371,0.4296992319903892,0.08823529411764706,27,306
5472,0.024703517389110894,0.06965834075112641,0.42640086669241,0.08169934640522876,25,306
5473,0.023473273617463347,0.07122278874081706,0.42375144806281373,0.09477124183006536,29,306
5474,0.024806370389980126,0.06929483423505522,0.42939889303642687,0.07516339869281045,23,306
5475,0.024637237446253922,0.07208487794843743,0.4339862130118276,0.0784313725490196,24,306
5476,0.025560264155178317,0.07007804587494579,0.43383068033924,0.07516339869281045,23,306
5477,0.024493543314740303,0.07240706613722177,0.4278828964116646,0.0784313725490196,24,306
5478,0.021993423438047433,0.05985899731350809,0.38719769454098196,0.06862745098039216,21,306
5479,0.02363404660676921,0.06867992629275375,0.4164932566753908,0.07516339869281045,23,306
5480,0.02566328445691662,0.0677900733213193,0.43009610846526797,0.06209150326797386,19,306
5481,0.023318402365688766,0.06477489221675507,0.4063782697615881,0.09477124183006536,29,306
5482,0.025276631991633925,0.07451064950376732,0.4408779193661418,0.0718954248366013,22,306
5483,0.02531254536567856,0.06912055131645378,0.4291575492341357,0.08823529411764706,27,306
5484,0.0243711210972895,0.06892162879475003,0.4221657298951674,0.058823529411764705,18,306
5485,0.023368730908368815,0.06670240475128564,0.41604453597631613,0.06862745098039216,21,306
5486,0.025488941474715445,0.06968268778183966,0.4332872098511177,0.10457516339869281,32,306
5487,0.02563021939158415,0.07251149923181262,0.44289626864604337,0.0718954248366013,22,306
5488,0.024195136655087126,0.06541554167325823,0.41640565781381844,0.09477124183006536,29,306
5489,0.026283151829080864,0.0703654946032729,0.439883940447076,0.06862745098039216,21,306
5490,0.022966115439741402,0.07189591634852335,0.42433424865205016,0.06862745098039216,21,306
5491,0.025751616600207267,0.07415436247592636,0.44578703107793083,0.07516339869281045,23,306
5492,0.024854607073132643,0.07236542127977211,0.4422491097095293,0.09477124183006536,29,306
5493,0.025197694144766188,0.07407216964135553,0.43732748387465853,0.08169934640522876,25,306
5494,0.02280051113903441,0.06363453836198428,0.40331588507029364,0.05555555555555555,17,306
5495,0.023811900487515202,0.06890874363371995,0.42508152057321835,0.09477124183006536,29,306
5496,0.024369445313858703,0.06993456818134217,0.4235780380715379,0.08169934640522876,25,306
5497,0.026161711207603557,0.07128874472943073,0.44198273766107465,0.08496732026143791,26,306
5498,0.026170324862150353,0.07404480343235184,0.44925880636718585,0.0784313725490196,24,306
5499,0.024762735162452025,0.06883812258463683,0.4268209836815835,0.06862745098039216,21,306
5500,0.023547781990600557,0.06699482937923801,0.4192785429270176,0.08169934640522876,25,306
5501,0.023855324369392857,0.07008617579380452,0.4232097653065603,0.0915032679738562,28,306
5502,0.022849385054004814,0.06733767634134956,0.41147330558773476,0.08496732026143791,26,306
5503,0.025411118819438774,0.07040993432364163,0.434610131434047,0.08823529411764706,27,306
5504,0.02395884873838667,0.07315949517098101,0.42780244847756754,0.08169934640522876,25,306
5505,0.024568229185347273,0.06916180385056432,0.42939174210895154,0.0784313725490196,24,306
5506,0.024651414066465028,0.07306606434069322,0.439154545844596,0.08823529411764706,27,306
5507,0.024463735928237685,0.06986148460744782,0.4310882996524649,0.058823529411764705,18,306
5508,0.025120155226443088,0.06409724344848984,0.42206204144677567,0.0784313725490196,24,306
5509,0.026448042553113612,0.06913151475531941,0.4355039973684587,0.0784313725490196,24,306
5510,0.02419750922463195,0.0662019551289319,0.41581749402897555,0.0915032679738562,28,306
5511,0.02501638342736178,0.07126464699027793,0.43196250053631957,0.06209150326797386,19,306
5512,0.024477461253674837,0.06781796793303024,0.4213505241629839,0.06535947712418301,20,306
5513,0.025122185898537985,0.07366571862803677,0.4357346147795369,0.08823529411764706,27,306
5514,0.024198140232863687,0.06971675842826072,0.4250976101600378,0.08496732026143791,26,306
5515,0.025449718286631503,0.07176234529302955,0.43511069635731753,0.08169934640522876,25,306
5516,0.023657196683624898,0.06926716886393335,0.4194626793095064,0.08823529411764706,27,306
5517,0.024832580306130028,0.0698707078961896,0.43568455828720987,0.06862745098039216,21,306
5518,0.024303155763892605,0.06593391279866763,0.41596408804221907,0.07516339869281045,23,306
5519,0.022409992990533402,0.06434714018956805,0.40183385535103905,0.06862745098039216,21,306
5520,0.023680697627414683,0.06629017977548282,0.4126478454255517,0.08823529411764706,27,306
5521,0.024898111439070045,0.06987671817173881,0.43115087026787374,0.07516339869281045,23,306
5522,0.025294583596028004,0.07541200713282713,0.4469097266915519,0.08169934640522876,25,306
5523,0.02643006869859083,0.07343875768599316,0.4469508445245348,0.08169934640522876,25,306
5524,0.02499773959188046,0.07278066730857621,0.43329972397419947,0.08496732026143791,26,306
5525,0.02307034838295027,0.06579797381277011,0.4107170950072224,0.06862745098039216,21,306
5526,0.025607106725070952,0.07200045136030156,0.44246542526565696,0.07516339869281045,23,306
5527,0.024559934308822303,0.07308863496480826,0.4343115802119535,0.09477124183006536,29,306
5528,0.024189395824930165,0.06756981638654015,0.4226412665722744,0.06535947712418301,20,306
5529,0.025245332849514673,0.07527474180112514,0.44222050599962814,0.07516339869281045,23,306
5530,0.023605908341854383,0.0678017678139536,0.4164020823500808,0.09477124183006536,29,306
5531,0.024059921941392812,0.0733527418113484,0.43591160023455044,0.058823529411764705,18,306
5532,0.02444234589287264,0.07208910815364897,0.42910391727807096,0.0915032679738562,28,306
5533,0.02502452303728519,0.069092918844353507,0.43099533759528613,0.0784313725490196,24,306
5534,0.023118489955987524,0.06198326594863689,0.4043634959454241,0.0718954248366013,22,306
5535,0.02420521829081222,0.06478388521067623,0.41132849930636006,0.08169934640522876,25,306
5536,0.02376434763798567,0.0663563212422173,0.4166452138842408,0.06535947712418301,20,306
5537,0.0236560534231249,0.0695303235448631,0.41951809899743997,0.0784313725490196,24,306
5538,0.027152167597234135,0.0758379341751192,0.4627633329042777,0.08823529411764706,27,306
5539,0.02517021444496704,0.07184633435492228,0.43333011541596944,0.08496732026143791,26,306
5540,0.02414299016645758,0.06849692183392887,0.42483660130718953,0.06535947712418301,20,306
5541,0.024942236086567905,0.07107895842759702,0.42501179903033426,0.0718954248366013,22,306
5542,0.0244651293878244,0.07474463693867887,0.4371326211009568,0.0718954248366013,22,306
5543,0.023721404494229038,0.06988119805588078,0.4276612176599305,0.08169934640522876,25,306
5544,0.02415057668541789,0.0722880765254697,0.42586812259550066,0.0718954248366013,22,306
5545,0.025028408768231106,0.06729380458971411,0.42167052816750333,0.08496732026143791,26,306
5546,0.02536918416741748,0.07171266134739605,0.4368322821469945,0.09477124183006536,29,306
5547,0.025966662790168737,0.07409924228288321,0.44630904878362726,0.10130718954248366,31,306
5548,0.02337571693145275,0.06520298196313136,0.4078388466984168,0.06209150326797386,19,306
5549,0.02467212715672414,0.07568959023323456,0.4390115272950902,0.0915032679738562,28,306
5550,0.026241113789484592,0.07100750430040914,0.44446232176313266,0.08169934640522876,25,306
5551,0.024522842362069665,0.07209549708634405,0.4309524320304343,0.07516339869281045,23,306
5552,0.024899713672418975,0.06831835317358943,0.42999778321248266,0.06535947712418301,20,306
5553,0.02423980961522454,0.07214499395191683,0.4303124240213956,0.0784313725490196,24,306
5554,0.024722436553261663,0.06834920616310278,0.4193518399336394,0.09803921568627451,30,306
5555,0.024447326370085114,0.06920604007189811,0.4232955764362638,0.0718954248366013,22,306
5556,0.024433520841791876,0.07353812611379253,0.4324451881409019,0.0718954248366013,22,306
5557,0.02381616291884035,0.06489033356779228,0.41015574720041187,0.06862745098039216,21,306
5558,0.025081744973534843,0.0695250507817408,0.43241300896726304,0.07516339869281045,23,306
5559,0.02452086772997901,0.07144704988207554,0.4314994779822943,0.0915032679738562,28,306
5560,0.026354193668643507,0.07179597493597456,0.443892035296978,0.08169934640522876,25,306
5561,0.02424721029157318,0.06857105834097273,0.4284799988558516,0.0915032679738562,28,306
5562,0.02489779991500815,0.07429928732732177,0.4373596630482974,0.0784313725490196,24,306
5563,0.025017819356671744,0.07094280653914857,0.4342650991833641,0.08169934640522876,25,306
5564,0.024292619772066062,0.07606051437982342,0.4445552838203115,0.09477124183006536,29,306
5565,0.02307214540803821,0.06837927128897096,0.412776562120107,0.08496732026143791,26,306
5566,0.024654293503825656,0.06576527942225885,0.42315255788675793,0.058823529411764705,18,306
5567,0.02539432662780019,0.06742343662863533,0.430591310192932,0.06535947712418301,20,306
5568,0.024022624462617995,0.06719504676015835,0.41931072210065645,0.058823529411764705,18,306
5569,0.02379431188277068,0.0682513264401761,0.42283970480971383,0.06862745098039216,21,306
5570,0.025024352898782604,0.06785236707767935,0.4291611246978733,0.0718954248366013,22,306
5571,0.02491061676035417,0.07051436393727714,0.4268531628552223,0.0718954248366013,22,306
5572,0.024794375579631323,0.07159056454801643,0.42880179059223983,0.09477124183006536,29,306
5573,0.02497987933116132,0.07395060664957331,0.4435899086111469,0.058823529411764705,18,306
5574,0.024426427414804303,0.0677102468867205,0.427119534903677,0.08496732026143791,26,306
5575,0.024244189766355048,0.07175949133551997,0.43205546259349836,0.06862745098039216,21,306
5576,0.02426923294965735,0.06926566124669478,0.4219333247522204,0.0784313725490196,24,306
5577,0.024042741255124428,0.06678067386687588,0.41658979419630726,0.07516339869281045,23,306
5578,0.023853543475580576,0.06972358781772968,0.42384262238812376,0.06535947712418301,20,306
5579,0.024177490722104646,0.0693413694338793,0.41803249381444774,0.058823529411764705,18,306
5580,0.02449784497545834,0.06895302866523705,0.429701019722258,0.058823529411764705,18,306
5581,0.023038997385850444,0.06410825982383081,0.4073829750718668,0.06862745098039216,21,306
5582,0.02413748105051431,0.06479800465704279,0.41685437851289314,0.0718954248366013,22,306
5583,0.024793428467934767,0.07508535878476226,0.4401610388867436,0.08823529411764706,27,306
5584,0.023652833576293417,0.0749471991556714,0.4318588120879278,0.06535947712418301,20,306
5585,0.024505346231993904,0.07191936437411413,0.4299066088871727,0.06209150326797386,19,306
5586,0.025853980913396406,0.06965774231460005,0.43428297650205233,0.08169934640522876,25,306
5587,0.025226765571769574,0.07174548211829655,0.44067948112870237,0.07516339869281045,23,306
5588,0.02443534724386431,0.06880244930754217,0.4182595357617883,0.06209150326797386,19,306
5589,0.024006019064292405,0.06501175816073258,0.41366864032264983,0.09477124183006536,29,306
5590,0.024074791970083623,0.06827199349686972,0.42363524549134024,0.07516339869281045,23,306
5591,0.024138555473992036,0.07302217994985132,0.42632220649018177,0.0718954248366013,22,306
5592,0.02395435214220811,0.06784658160107794,0.4264831023583759,0.0718954248366013,22,306
5593,0.02465318372766668,0.07392066482391431,0.433567883754523,0.08169934640522876,25,306
5594,0.02564311293213831,0.07097230164936447,0.4373829035625921,0.08823529411764706,27,306
5595,0.022331927153320736,0.06703477938380248,0.408191029876575,0.07516339869281045,23,306
5596,0.025088163632722142,0.07036725286571244,0.4292290585088886,0.06535947712418301,20,306
5597,0.025515748629522546,0.07470472264115868,0.4463108365154961,0.07516339869281045,23,306
5598,0.024938240660045415,0.0706665577301585,0.4366409948370304,0.0718954248366013,22,306
5599,0.024956531538360135,0.07091839118871092,0.43454934855050703,0.0784313725490196,24,306
5600,0.026659187296668843,0.07335280910556717,0.44984697015202874,0.08169934640522876,25,306
5601,0.022323627462424556,0.06794929687162697,0.41097274066446415,0.0784313725490196,24,306
5602,0.026012959611555343,0.06924834456851492,0.4384072739234279,0.06535947712418301,20,306
5603,0.023594470686470435,0.06786153348662868,0.4154635231189485,0.0718954248366013,22,306
5604,0.0253527637090387,0.07426253615038982,0.44503082049741854,0.08496732026143791,26,306
5605,0.024279827689282347,0.0681530009337809,0.4245040831795884,0.08169934640522876,25,306
5606,0.024691799935113896,0.06935935783951698,0.4273751805609187,0.08169934640522876,25,306
5607,0.025039336559872193,0.0674592634467788,0.4222211495831009,0.06535947712418301,20,306
5608,0.02501994787843616,0.0693450411633735,0.42746635488622875,0.08496732026143791,26,306
5609,0.023570114289502116,0.069572687233682,0.41995966876903934,0.08496732026143791,26,306
5610,0.023750170301122846,0.06801855090841186,0.4192195477753465,0.07516339869281045,23,306
5611,0.025543260321589212,0.06902961727183932,0.4323701034024113,0.06862745098039216,21,306
5612,0.024765736413608193,0.07293425505449641,0.4357399779751434,0.0784313725490196,24,306
5613,0.02524671081189894,0.0710184996671381,0.4324612777277213,0.058823529411764705,18,306
5614,0.02472438115587358,0.06969712496111759,0.4315566854020967,0.0784313725490196,24,306
5615,0.024615284921479866,0.0734863188475225,0.4331692195477754,0.05555555555555555,17,306
5616,0.023505179772514172,0.06895605030516588,0.41741930178344133,0.0718954248366013,22,306
5617,0.023538337236665367,0.06912633174756272,0.42264841749974974,0.07516339869281045,23,306
5618,0.023641524735032525,0.0720241964276776,0.4240160323793996,0.06209150326797386,19,306
5619,0.02405600140669526,0.06740265687080221,0.41849015317286653,0.06862745098039216,21,306
5620,0.02481446387671544,0.0686751295128702,0.429568727563965,0.06862745098039216,21,306
5621,0.022597164843000006,0.06628294495294257,0.4106455857324695,0.08496732026143791,26,306
5622,0.024443018955175158,0.06584212178434073,0.42091610531885987,0.08169934640522876,25,306
5623,0.02446145509644871,0.07105186413832147,0.42910391727807096,0.06862745098039216,21,306
5624,0.024299231648107638,0.07443924584780771,0.4323718911342801,0.08823529411764706,27,306
5625,0.023821226316819648,0.07163343933992426,0.42851217802949043,0.08823529411764706,27,306
5626,0.0253917853325224,0.07022296923889333,0.4297939817794368,0.0784313725490196,24,306
5627,0.02370676394573028,0.06525028638569519,0.4056452996953705,0.0784313725490196,24,306
5628,0.025051594683555084,0.07176340178172362,0.43005499063228503,0.08169934640522876,25,306
5629,0.024516041400614356,0.07248853518490447,0.4329975972883683,0.06535947712418301,20,306
5630,0.024128739819943516,0.06812065484624746,0.41537234879363855,0.06862745098039216,21,306
5631,0.023263463135666677,0.06766715947390449,0.4194358633314741,0.06862745098039216,21,306
5632,0.026112679134791695,0.0663361320159895,0.4348675648231576,0.058823529411764705,18,306
5633,0.02472150503834908,0.06911586021534712,0.4300514151685474,0.0784313725490196,24,306
5634,0.025793222201835803,0.07039514985642482,0.44522389553925146,0.08496732026143791,26,306
5635,0.024573957180064315,0.06723074681853336,0.42352261838360433,0.0784313725490196,24,306
5636,0.023924408198392245,0.0691718659019047,0.41966111754694585,0.09477124183006536,29,306
5637,0.023736047581625272,0.06316226630960452,0.4090527166373479,0.06862745098039216,21,306
5638,0.02378104382823641,0.06351263259269214,0.4094406544528826,0.06535947712418301,20,306
5639,0.026394540063256686,0.07475108919363863,0.4497075270662605,0.0718954248366013,22,306
5640,0.02330556213770206,0.06841659272349081,0.4129374579883011,0.0718954248366013,22,306
5641,0.026214294669401634,0.07945979744871741,0.45640258291500413,0.06209150326797386,19,306
5642,0.02493531703991854,0.07295085174206044,0.43440096680539464,0.08823529411764706,27,306
5643,0.02379906680940754,0.06720780692933266,0.4198130747557958,0.0915032679738562,28,306
5644,0.0237729485242362,0.0689810526690308,0.41962178744583173,0.08169934640522876,25,306
5645,0.024456630372829045,0.06979388255892227,0.4271838932509547,0.06862745098039216,21,306
5646,0.02334311455427157,0.06822634898501524,0.4130679624147252,0.06862745098039216,21,306
5647,0.024917730621987846,0.06982885672239397,0.42770412322478224,0.07516339869281045,23,306
5648,0.026168449777020698,0.07556625381484516,0.4469133021552895,0.08496732026143791,26,306
5649,0.023053160835762483,0.0707115358461528,0.4230238411922026,0.08169934640522876,25,306
5650,0.024032723371755632,0.06468727644785546,0.4105240199653895,0.0718954248366013,22,306
5651,0.025058233044556427,0.07625816916452739,0.44147859727406646,0.0784313725490196,24,306
5652,0.025300834250052532,0.07211212017955254,0.4437150498419645,0.0915032679738562,28,306
5653,0.024923655245590808,0.06874242176639826,0.42631863102644413,0.058823529411764705,18,306
5654,0.025054838421454246,0.06905571957268157,0.42937744025400093,0.08496732026143791,26,306
5655,0.025244144794585654,0.0696529110966494,0.4316496474592755,0.08496732026143791,26,306
5656,0.0252195035990483,0.06937261341427296,0.42366027373750376,0.0784313725490196,24,306
5657,0.023361516809866048,0.06944578160178327,0.4207873886243046,0.09477124183006536,29,306
5658,0.02466958163008367,0.0721090855921123,0.43124919552065905,0.08823529411764706,27,306
5659,0.02290455338958936,0.06537591387454973,0.40824108636890205,0.08823529411764706,27,306
5660,0.025287536440977025,0.0728258837531834,0.44439260022024857,0.08169934640522876,25,306
5661,0.022315739780901546,0.06804623271742273,0.40971060196507486,0.0718954248366013,22,306
5662,0.025765018535498074,0.07386830093517803,0.4403523261967077,0.06535947712418301,20,306
5663,0.024162003679246292,0.0659509858586207,0.4223802577194262,0.08823529411764706,27,306
5664,0.024638711011782,0.07154993721806607,0.4341059910470388,0.0718954248366013,22,306
5665,0.02609928053370993,0.07791152003065159,0.4571462793724346,0.08823529411764706,27,306
5666,0.02478318436556587,0.07040564762400044,0.43469057936814404,0.08496732026143791,26,306
5667,0.024482938395986635,0.07193777940408483,0.43403090630854824,0.06862745098039216,21,306
5668,0.024289619709443565,0.06655253010081492,0.4238837402211067,0.08496732026143791,26,306
5669,0.026064670575981518,0.07010549783095203,0.44332889975829864,0.0784313725490196,24,306
5670,0.024214901759482713,0.07598871579671579,0.4312313182019708,0.0718954248366013,22,306
5671,0.02525921600664716,0.07053399900540348,0.42822435319860985,0.06862745098039216,21,306
5672,0.02523993758382086,0.071981761907761,0.435035611618827,0.07516339869281045,23,306
5673,0.023355923445278516,0.06907628371805517,0.41703315169977545,0.0915032679738562,28,306
5674,0.024695985441914016,0.06722710057860201,0.42184930135438564,0.06862745098039216,21,306
5675,0.026550140286584593,0.07516701680897946,0.4543949600263154,0.08169934640522876,25,306
5676,0.0247732218665231,0.07359446896554238,0.43317637047525065,0.0784313725490196,24,306
5677,0.026415963605297774,0.071805459523102,0.4411192631684329,0.08169934640522876,25,306
5678,0.024800623182842162,0.07415092699510044,0.43929935212597077,0.08496732026143791,26,306
5679,0.02434810225654703,0.0740269729319027,0.4357042233377669,0.08496732026143791,26,306
5680,0.023386935162921077,0.06475772597913224,0.40667324551994394,0.06209150326797386,19,306
5681,0.026720423073137975,0.0733468668004473,0.44463573175440857,0.08823529411764706,27,306
5682,0.02473970083886035,0.07000280278045182,0.4322628394902819,0.06535947712418301,20,306
5683,0.025782184217761458,0.07411624686470825,0.4421060911600234,0.0784313725490196,24,306
5684,0.024789248787201873,0.0668330262660627,0.42181533444887803,0.058823529411764705,18,306
5685,0.023991561091989737,0.06529009241957698,0.41351489538193104,0.08169934640522876,25,306
5686,0.025751668386157427,0.07015193489537751,0.44135703150698646,0.06862745098039216,21,306
5687,0.023862541511912028,0.06815738914579078,0.41578531485533676,0.07516339869281045,23,306
5688,0.025107208429178927,0.07035171140576214,0.42820826361179043,0.0784313725490196,24,306
5689,0.021702987490591897,0.06606125132987913,0.40052881108679794,0.06862745098039216,21,306
5690,0.025193345986785742,0.06950418787452835,0.43623696743467627,0.09477124183006536,29,306
5691,0.02485123733931339,0.07161282727904358,0.43380386436120766,0.0915032679738562,28,306
5692,0.024962843700834847,0.07130171358862247,0.4348210837945682,0.07516339869281045,23,306
5693,0.024591803974178723,0.06794219607134713,0.4243002817465425,0.0784313725490196,24,306
5694,0.02511177407888634,0.07043645218326815,0.4302284006235609,0.0915032679738562,28,306
5695,0.023825719168558582,0.07135090722282603,0.42680131863102644,0.08823529411764706,27,306
5696,0.022902199193913866,0.0685385230063141,0.41416741751405156,0.06209150326797386,19,306
5697,0.023788745838575636,0.0658489924039007,0.41972368816235467,0.06862745098039216,21,306
5698,0.023549713853667362,0.0680783394368769,0.42314004376367614,0.0915032679738562,28,306
5699,0.024854746745837573,0.06644582610287464,0.429184365212168,0.0784313725490196,24,306
5700,0.02396945317085786,0.06466994176521594,0.41388853134251513,0.06535947712418301,20,306
5701,0.025787689172215175,0.06916066986895457,0.43072896554683143,0.0915032679738562,28,306
5702,0.02551959892009118,0.07247849397366771,0.4408475279243718,0.07516339869281045,23,306
5703,0.025051066461661636,0.07268656338867359,0.43764748787917795,0.06862745098039216,21,306
5704,0.025275335761777675,0.07240951491221047,0.43496410234407407,0.0784313725490196,24,306
5705,0.023053523172679124,0.06704813062021159,0.4156834141388138,0.049019607843137254,15,306
5706,0.024953692844716463,0.06756734398064947,0.4292594499506586,0.07516339869281045,23,306
5707,0.025665367917387744,0.06819718619541608,0.4300764434147109,0.06535947712418301,20,306
5708,0.02476602432737553,0.07017796837181295,0.4293291714935427,0.07516339869281045,23,306
5709,0.024568865945987717,0.07117167043756031,0.43394688291071354,0.08823529411764706,27,306
5710,0.02469537853702373,0.07239272636090212,0.43936907366885486,0.07516339869281045,23,306
5711,0.025881602957523148,0.07163198495559468,0.44577630468671786,0.08169934640522876,25,306
5712,0.023942617376317147,0.06621552465043143,0.41777148496159955,0.0718954248366013,22,306
5713,0.024747575426752096,0.07302246677060059,0.4357256761201928,0.0915032679738562,28,306
5714,0.02455239078045459,0.07273267060919712,0.4299459389882868,0.06209150326797386,19,306
5715,0.023881770548096686,0.06754634684953005,0.4205371061626693,0.06862745098039216,21,306
5716,0.02581832918447869,0.07164221689750508,0.4395263940733113,0.0784313725490196,24,306
5717,0.023749864606175366,0.06974835885228817,0.42346719869567084,0.049019607843137254,15,306
5718,0.024309444950540295,0.06641922650192071,0.4252942606656083,0.06209150326797386,19,306
5719,0.02519590108113968,0.06901788619323322,0.4295723030277027,0.06209150326797386,19,306
5720,0.026017375798309896,0.08032562757284527,0.4644777677664793,0.08496732026143791,26,306
5721,0.026201943312680567,0.07439304955793678,0.44821119549205535,0.07516339869281045,23,306
5722,0.025326314680484067,0.0707444509998959,0.4311097524348908,0.0784313725490196,24,306
5723,0.024447402126121273,0.07317588356362473,0.4382428025914961,0.0784313725490196,24,306
5724,0.024622474760591002,0.07091335866352946,0.43136539809213253,0.06862745098039216,21,306
5725,0.027301823414604742,0.07403468242424988,0.4552012270991548,0.0784313725490196,24,306
5726,0.02425795856165457,0.06938246449427603,0.420317215142804,0.0784313725490196,24,306
5727,0.024064587128848795,0.07146965574687289,0.42716780366413526,0.08823529411764706,27,306
5728,0.024735232485660872,0.07171605331502652,0.42722501108393757,0.0784313725490196,24,306
5729,0.02397878399009092,0.06722432661991788,0.41484496789233566,0.0915032679738562,28,306
5730,0.02517582390109855,0.07153770708123809,0.4342650991833641,0.06862745098039216,21,306
5731,0.02421836290939808,0.06970130370353579,0.42534431715793536,0.07516339869281045,23,306
5732,0.023257185552314822,0.06950378057676579,0.4173066746757055,0.06209150326797386,19,306
5733,0.02561197019099809,0.06990516521521827,0.4384090616552967,0.08169934640522876,25,306
5734,0.02632964332521447,0.075995468313762235,0.4575646086297393,0.05555555555555555,17,306
5735,0.024467597831849305,0.07402994391988607,0.4263025414396247,0.06209150326797386,19,306
5736,0.023695831515970205,0.06688341555546373,0.416723874086469,0.06862745098039216,21,306
5737,0.023461357679109427,0.06552532704861697,0.41168783341199355,0.0718954248366013,22,306
5738,0.024942840959326112,0.06567620731664521,0.41969687218432233,0.0718954248366013,22,306
5739,0.024342943233181143,0.06976449787559924,0.4253157134480342,0.09477124183006536,29,306
5740,0.02459012869684626,0.06548396525687945,0.41543134394530973,0.07516339869281045,23,306
5741,0.024138893878581747,0.07340864438173991,0.4349408618297793,0.08823529411764706,27,306
5742,0.02355917479206185,0.07171116270086424,0.422544729051358,0.08823529411764706,27,306
5743,0.02455847636923551,0.07178843854614024,0.43559695942563753,0.0915032679738562,28,306
5744,0.023345149807973566,0.07013505803866371,0.4175569571373407,0.07516339869281045,23,306
5745,0.02438324796871021,0.06567916305103545,0.4149254158264327,0.06535947712418301,20,306
5746,0.024388021516969872,0.06922180779055043,0.4246774931708643,0.07516339869281045,23,306
5747,0.024162448751449527,0.07313833854201647,0.42251612534145677,0.08169934640522876,25,306
5748,0.025417057895706138,0.07010520490422212,0.4363156276369045,0.09477124183006536,29,306
5749,0.023655797843726376,0.0683472329069959,0.42137197694540984,0.0784313725490196,24,306
5750,0.024244544505922755,0.07035516796881335,0.42869810214384807,0.07516339869281045,23,306
5751,0.02532416350464618,0.0673623689768393,0.4332800589236424,0.08823529411764706,27,306
5752,0.024853361267763927,0.06904787525628805,0.4279132878534346,0.08169934640522876,25,306
5753,0.023963958747355574,0.06552112487409223,0.41765885785386364,0.08496732026143791,26,306
5754,0.024828321912924358,0.07145425788401438,0.4330029604839748,0.06209150326797386,19,306
5755,0.02507238192670229,0.07488460417788353,0.4393815877919366,0.08496732026143791,26,306
5756,0.02530930655384954,0.06904138409553913,0.43297971996968004,0.0784313725490196,24,306
5757,0.0256679533296033,0.07166353920448727,0.43307983295433417,0.08496732026143791,26,306
5758,0.02411045303578223,0.07323861920392861,0.42560890147452124,0.08823529411764706,27,306
5759,0.025215022056225386,0.07224718248615909,0.4402289726977589,0.08823529411764706,27,306
5760,0.02522243981135104,0.07129550006019979,0.4377207848857997,0.08496732026143791,26,306
5761,0.024000494029186855,0.06979449959142468,0.4247472147137484,0.07516339869281045,23,306
5762,0.02273619542195374,0.06697763287903123,0.40803728493585617,0.08169934640522876,25,306
5763,0.024465077401316728,0.0719733008122253,0.4341667739305788,0.06862745098039216,21,306
5764,0.02404393730984627,0.07245372433874482,0.43380386436120766,0.0784313725490196,24,306
5765,0.023934276554435335,0.06631643956738731,0.4170510290184637,0.06535947712418301,20,306
5766,0.024083352126707994,0.06786013565094486,0.42117890190357693,0.0784313725490196,24,306
5767,0.024774874440916365,0.07124884976388143,0.43186417528353427,0.0718954248366013,22,306
5768,0.023740219571482056,0.06906011353150478,0.4213165572574763,0.06535947712418301,20,306
5769,0.024572182862258086,0.070500072572169,0.42592175455156533,0.06535947712418301,20,306
5770,0.025071016281259323,0.06869015878567647,0.4292826904649533,0.0915032679738562,28,306
5771,0.024129694191149943,0.06860793023158633,0.42008302226798816,0.058823529411764705,18,306
5772,0.0242033766228241,0.06728897933538427,0.4163877804951302,0.06862745098039216,21,306
5773,0.025467746229553705,0.07115139003943922,0.4370807768767609,0.0784313725490196,24,306
5774,0.024312924429107253,0.06396985296948857,0.4108583258248595,0.08169934640522876,25,306
5775,0.0245615747914635,0.07018107084141319,0.42391055619913903,0.08823529411764706,27,306
5776,0.023740672314919824,0.07010582395510477,0.42603259392743237,0.07516339869281045,23,306
5777,0.02505182907925659,0.07301360422843935,0.4377243603495373,0.0718954248366013,22,306
5778,0.024381904050170544,0.07326999020888247,0.4325184851475236,0.08496732026143791,26,306
5779,0.024548576378782883,0.0755865926307979,0.4416341299466541,0.05555555555555555,17,306
5780,0.022790386376705673,0.0638263792741302,0.400285679552638,0.06535947712418301,20,306
5781,0.02532016615418866,0.07616847768004428,0.44745140944780537,0.0718954248366013,22,306
5782,0.02365232181406695,0.06907773078352342,0.42293624233063026,0.05555555555555555,17,306
5783,0.024176013712344787,0.07091023112815062,0.4237478725990761,0.10457516339869281,32,306
5784,0.025181642636288453,0.07044581041238447,0.4292916291242974,0.058823529411764705,18,306
5785,0.023839815482953965,0.0673339229466948,0.41372048454684573,0.07516339869281045,23,306
5786,0.023650485818915472,0.06543535507327125,0.41280516583000815,0.07516339869281045,23,306
5787,0.02359944215861649,0.06794490300569139,0.41277298665636936,0.06862745098039216,21,306
5788,0.02497174318999997,0.06846055631099254,0.4302301883554297,0.08169934640522876,25,306
5789,0.023464109850377193,0.0701623213948783,0.425986112898843,0.0718954248366013,22,306
5790,0.02471381606360286,0.06901395861474906,0.43083801719082965,0.08496732026143791,26,306
5791,0.0235403845955405,0.06931570044810202,0.42143275982894984,0.0915032679738562,28,306
5792,0.025138221263295606,0.06830811543358199,0.4324219476266072,0.0915032679738562,28,306
5793,0.02651212075903203,0.07416189679380218,0.4558752020137012,0.07516339869281045,23,306
5794,0.0258763603059781,0.07068804391235682,0.4359008738433375,0.0915032679738562,28,306
5795,0.024020664055407818,0.06652815119594938,0.4221710930907739,0.08823529411764706,27,306
5796,0.025432404248764386,0.0741478300034665,0.4458871440625849,0.06862745098039216,21,306
5797,0.025466518672682806,0.07161040962466045,0.4412444043992506,0.0718954248366013,22,306
5798,0.025138391167998066,0.0688109253037034,0.4300406887773344,0.05555555555555555,17,306
5799,0.023966374707013554,0.0713255432337588,0.42670478111010995,0.07516339869281045,23,306
5800,0.025073061797149243,0.07040628924727108,0.43298508316528656,0.07516339869281045,23,306
5801,0.024764330110184946,0.0706042245105129,0.4287839132735516,0.0915032679738562,28,306
5802,0.024618550592933133,0.06780504464031575,0.4207033652264699,0.09477124183006536,29,306
5803,0.024845084787279273,0.0675101945307458,0.42346898642753966,0.08169934640522876,25,306
5804,0.02580052092184532,0.07514051930251986,0.4446160667038515,0.05228758169934641,16,306
5805,0.025178650483283667,0.07269870102546248,0.43844302856080436,0.08496732026143791,26,306
5806,0.02495046960404813,0.06963231305869053,0.4283584330887716,0.058823529411764705,18,306
5807,0.024228889411111332,0.06768952941483872,0.4252602937601007,0.058823529411764705,18,306
5808,0.0217722046198772,0.06432644165268549,0.39210144305716454,0.06862745098039216,21,306
5809,0.024717565331926938,0.0717139237034448,0.4280116131062199,0.10130718954248366,31,306
5810,0.0239491842076621,0.07150807181697562,0.4344242073196894,0.0784313725490196,24,306
5811,0.024067099612063016,0.06747914462499263,0.4213415855036398,0.06535947712418301,20,306
5812,0.02408153198376239,0.06954413838330666,0.420256432259264,0.06209150326797386,19,306
5813,0.02515080292888583,0.06786435229276143,0.4281564193875946,0.08169934640522876,25,306
5814,0.023185919933840095,0.06685036833026581,0.40937272064186725,0.0784313725490196,24,306
5815,0.02357402878678582,0.0666624865942173,0.41800925330015304,0.08169934640522876,25,306
5816,0.02322311961110565,0.07045157756527173,0.4193160852962629,0.08169934640522876,25,306
5817,0.024425877020517156,0.0710474022349371,0.4322324480485119,0.08169934640522876,25,306
5818,0.023739565002730584,0.06663585412023945,0.4168490153172867,0.0784313725490196,24,306
5819,0.023926364977456708,0.06927819390405472,0.4240643011398578,0.0784313725490196,24,306
5820,0.02346527389565282,0.07276637603268248,0.42632220649018177,0.0784313725490196,24,306
5821,0.023327441631238975,0.06697733177750068,0.4189799917049241,0.06862745098039216,21,306
5822,0.023855820446414766,0.06841956843300463,0.4232061898428226,0.06209150326797386,19,306
5823,0.02476996559814623,0.06984693112680794,0.4316979162197337,0.07516339869281045,23,306
5824,0.023842640409926435,0.06725524422254242,0.4163055448291643,0.09803921568627451,30,306
5825,0.025290145923891425,0.07242009546615188,0.44022003403841475,0.08169934640522876,25,306
5826,0.023674509067704144,0.07341186298535689,0.42794010383146697,0.0718954248366013,22,306
5827,0.024842614131268887,0.07112457320797365,0.4326293245233907,0.08169934640522876,25,306
5828,0.02549075999322389,0.06900070226848744,0.4383107364025114,0.09803921568627451,30,306
5829,0.024132629104959856,0.07279766582451609,0.42731082221364114,0.08169934640522876,25,306
5830,0.02494239642860488,0.06743445119189102,0.42791507558530345,0.05555555555555555,17,306
5831,0.024868070742108506,0.06770944043366388,0.42593784413838476,0.10784313725490197,33,306
5832,0.02370823352225645,0.0706086575409285,0.422423163284278,0.08496732026143791,26,306
5833,0.02431410661943235,0.07271455910420434,0.4332568184093477,0.06535947712418301,20,306
5834,0.0222587536751319,0.0634182909616762,0.4027420231404013,0.08169934640522876,25,306
5835,0.026026223679014054,0.07461048676394791,0.4432788432659716,0.08496732026143791,26,306
5836,0.02579226402388366,0.07132946785504815,0.43750089386593444,0.0784313725490196,24,306
5837,0.024262205533482246,0.07094693006969247,0.42835485762503395,0.06535947712418301,20,306
5838,0.026130749719208576,0.06905502948732153,0.4342347077415941,0.08496732026143791,26,306
5839,0.02491323811244737,0.07203343392534386,0.4337359305501924,0.08169934640522876,25,306
5840,0.022990544106894537,0.06957881967637702,0.4110871555040689,0.07516339869281045,23,306
5841,0.02457087845293715,0.06721429639682502,0.4190532887115459,0.0784313725490196,24,306
5842,0.02446334762926929,0.0652621414597779,0.4153383818881309,0.0718954248366013,22,306
5843,0.025859129011087775,0.0703959725580133,0.436108250740121,0.09803921568627451,30,306
5844,0.025699490639479683,0.07098111449546944,0.43529662047167517,0.09803921568627451,30,306
5845,0.024544881418036606,0.07270834731883459,0.43323894109065947,0.08823529411764706,27,306
5846,0.022337866511721,0.0640824870027298,0.4031228100284607,0.08496732026143791,26,306
5847,0.024032535388928824,0.06898624718669182,0.4207748745012228,0.08169934640522876,25,306
5848,0.024851931600354243,0.07040829477658682,0.42868380028889747,0.0784313725490196,24,306
5849,0.024319930397421703,0.06971194241509478,0.4224946725590309,0.06209150326797386,19,306
5850,0.024844471782329926,0.0686278911100275,0.429195091603381,0.08169934640522876,25,306
5851,0.024136622367412187,0.07024644173788407,0.4318588120879278,0.07516339869281045,23,306
5852,0.024894537557824267,0.06882615097552035,0.42615237196264355,0.0784313725490196,24,306
5853,0.023710569327201163,0.06992841537662654,0.418404342043163,0.06862745098039216,21,306
5854,0.023578237732647875,0.07006074208190417,0.4291682756253486,0.0718954248366013,22,306
5855,0.024193166832272957,0.06710671217360341,0.42040481400437635,0.08496732026143791,26,306
5856,0.025719231228224355,0.07114626439361911,0.4386021366971296,0.07516339869281045,23,306
5857,0.02286044311221586,0.0704583974171757,0.41310729251583933,0.0718954248366013,22,306
5858,0.023685388195435617,0.06479123525190417,0.4078013043291715,0.0784313725490196,24,306
5859,0.025593243251020453,0.0716434810535086,0.4397802519986842,0.06209150326797386,19,306
5860,0.0234505806180284,0.07178565603837894,0.4268138327541082,0.08496732026143791,26,306
5861,0.02380032224905912,0.06840910014780137,0.425054704595186,0.0718954248366013,22,306
5862,0.024726132460889592,0.07356485078868223,0.4324934569013601,0.06862745098039216,21,306
5863,0.024159820139609857,0.06850490415602377,0.4171100241701349,0.08496732026143791,26,306
5864,0.02404002576389142,0.07156122168398303,0.4227503182162727,0.0784313725490196,24,306
5865,0.025109649387204357,0.07223447573618093,0.4348103574033552,0.08169934640522876,25,306
5866,0.02511601438049785,0.07323959304109338,0.4410709944079747,0.0718954248366013,22,306
5867,0.02540158119394702,0.06838748470935632,0.4333479927346577,0.0784313725490196,24,306
5868,0.025410129577126257,0.07310071221416786,0.439408403769969,0.09803921568627451,30,306
5869,0.024363022819414448,0.07068895600852937,0.4263508102000829,0.08496732026143791,26,306
5870,0.025052573351344344,0.0716653105432481,0.43419895310421763,0.08823529411764706,27,306
5871,0.02453086099417163,0.0697071709711505,0.42899486563407274,0.08169934640522876,25,306
5872,0.02444014955474693,0.07152611990878271,0.4338539208535347,0.058823529411764705,18,306
5873,0.024123380165812745,0.06892529747132932,0.41922669870282175,0.0915032679738562,28,306
5874,0.02543640532026695,0.07331466373490089,0.4416126771642282,0.06862745098039216,21,306
5875,0.025592379427643436,0.0740942380046132,0.4469240285465025,0.0718954248366013,22,306
5876,0.02408249245742293,0.06367941218464378,0.41453211481529156,0.0784313725490196,24,306
5877,0.024941769972584536,0.07117176273399797,0.4328813947168948,0.06535947712418301,20,306
5878,0.023837695208176954,0.0701699104652932,0.42576264641524003,0.08169934640522876,25,306
5879,0.024435270386209663,0.07652282880936682,0.44326096594728337,0.07516339869281045,23,306
5880,0.02521150030371669,0.0725158589655924,0.4379156476595014,0.0718954248366013,22,306
5881,0.025625747594826574,0.07193568803004843,0.4376027945824574,0.0784313725490196,24,306
5882,0.02435775694025415,0.06935354030948862,0.4239445231046467,0.06862745098039216,21,306
5883,0.024693529163179212,0.070741044473913,0.4329028474993207,0.08823529411764706,27,306
5884,0.02330806492741983,0.06383143297859237,0.4066946983023698,0.058823529411764705,18,306
5885,0.025844918284715163,0.07118482403507022,0.44026293960326657,0.0915032679738562,28,306
5886,0.0259469735845749,0.0737510695106656,0.4452274710029891,0.06862745098039216,21,306
5887,0.024480307416293277,0.06777201745975114,0.4203136396790664,0.07516339869281045,23,306
5888,0.02483503566208604,0.06891126910134258,0.4305644942148997,0.08496732026143791,26,306
5889,0.024358558299795857,0.07179100168797077,0.43376632199196236,0.08823529411764706,27,306
5890,0.02429646359567427,0.0654722461350742,0.421602594356488,0.0718954248366013,22,306
5891,0.022998232306421666,0.07026608474651921,0.4171243260250855,0.08823529411764706,27,306
5892,0.02408977607127026,0.0649401776353108,0.41508273623088915,0.06862745098039216,21,306
5893,0.022804708712139486,0.06921960094418987,0.42007050814490643,0.0718954248366013,22,306
5894,0.02518598271235821,0.06669336486319656,0.4234564723044579,0.07516339869281045,23,306
5895,0.025407504711896196,0.07543781260806048,0.449743281703637,0.08823529411764706,27,306
5896,0.02531871168487089,0.07517207910027636,0.44496646215014085,0.08496732026143791,26,306
5897,0.02458978763454299,0.06911464789011848,0.4202439181361823,0.0784313725490196,24,306
5898,0.02470697808005045,0.06475153482535506,0.4253550435491483,0.08169934640522876,25,306
5899,0.024374232687992266,0.07098415463971111,0.43083622945896083,0.0915032679738562,28,306
5900,0.023464168692820593,0.06796100852519729,0.41458574677135623,0.06209150326797386,19,306
5901,0.026107311380614534,0.07131895323892785,0.4417556957137341,0.08169934640522876,25,306
5902,0.02527075678407713,0.07145104553103675,0.43261859813217773,0.07516339869281045,23,306
5903,0.024388947268950228,0.06570718905563272,0.4186868036784371,0.07516339869281045,23,306
5904,0.02609505815553791,0.06826998087896158,0.4341220806338582,0.0718954248366013,22,306
5905,0.024469787561309297,0.07001517155779492,0.42792401424464754,0.08496732026143791,26,306
5906,0.02598229195992921,0.0710191868817988,0.4389132020423049,0.0784313725490196,24,306
5907,0.023828474940807882,0.07105245705728148,0.42642768267044234,0.0718954248366013,22,306
5908,0.0250932035706802,0.07103495420792164,0.4381498405343173,0.08169934640522876,25,306
5909,0.024377535630660155,0.0708528834852636,0.42604332031864534,0.0784313725490196,24,306
5910,0.02407705292142447,0.07229579224445135,0.42606656083294003,0.058823529411764705,18,306
5911,0.025475134652890388,0.062102339176768405,0.41486463294289266,0.06862745098039216,21,306
5912,0.024168104472257677,0.06638028437667604,0.41890311923456475,0.08169934640522876,25,306
5913,0.02556245764475048,0.07119577970544033,0.4348800789462393,0.058823529411764705,18,306
5914,0.025020606888065396,0.06553649837738781,0.41957888188097997,0.08169934640522876,25,306
5915,0.024290895244066253,0.06866560425589005,0.4235101042605226,0.0718954248366013,22,306
5916,0.023669510627432538,0.06701419771222446,0.4224321019436221,0.06535947712418301,20,306
5917,0.024047646714434816,0.0665818340785115,0.42087677521774575,0.05555555555555555,17,306
5918,0.025338816047688225,0.07380020021402808,0.44507908925787676,0.08496732026143791,26,306
5919,0.02421472632755063,0.06773099154809169,0.4238086554826161,0.0915032679738562,28,306
5920,0.02623132662571645,0.07145032549593613,0.4458925072581914,0.08169934640522876,25,306
5921,0.02474678914503367,0.07329158805302677,0.43844660402454194,0.058823529411764705,18,306
5922,0.02437028498491794,0.07004973688894157,0.41932502395560706,0.09803921568627451,30,306
5923,0.023929412407771647,0.07050670606936679,0.42687819110138586,0.07516339869281045,23,306
5924,0.023968118477920294,0.06492248239926929,0.41214906823415,0.06862745098039216,21,306
5925,0.023565995392436187,0.06526103577555314,0.4117074984625506,0.0784313725490196,24,306
5926,0.024564899110539332,0.06878871980763278,0.42288976130204087,0.08169934640522876,25,306
5927,0.02513044866156036,0.07407659807168192,0.43829107135195433,0.07516339869281045,23,306
5928,0.025618550599906337,0.06879086926725686,0.4287249181218804,0.0784313725490196,24,306
5929,0.025476641153518043,0.07503892198306225,0.44857946825703293,0.08169934640522876,25,306
5930,0.025578755906352918,0.07248210931233727,0.44034338753736363,0.06209150326797386,19,306
5931,0.023547253574078733,0.07307111517897147,0.42756468013901405,0.06535947712418301,20,306
5932,0.025513657207657955,0.06611371594046396,0.42258763461620974,0.08169934640522876,25,306
5933,0.024083767636770663,0.0641620669571356,0.41208828535061,0.06209150326797386,19,306
5934,0.025522261212140223,0.07110937256367972,0.43621909011598803,0.06535947712418301,20,306
5935,0.024223069666402326,0.06827882953358204,0.4247829693511248,0.0784313725490196,24,306
5936,0.024483052060289594,0.06779841691250096,0.41994894237782643,0.09803921568627451,30,306
5937,0.022095092212317233,0.06420599194050526,0.39648317386765064,0.0784313725490196,24,306
5938,0.02456080528306989,0.07021085671949837,0.42739484561147584,0.08823529411764706,27,306
5939,0.025624382952162152,0.06891249967272647,0.43682334348765034,0.0784313725490196,24,306
5940,0.023855970208215324,0.06531119207376408,0.4122885113199182,0.08823529411764706,27,306
5941,0.02313978635574492,0.06813141819161665,0.4181737246320848,0.058823529411764705,18,306
5942,0.024565600288598895,0.06776706906171383,0.4224321019436221,0.0784313725490196,24,306
5943,0.02492713074107959,0.07033129810229952,0.42527102015131363,0.0915032679738562,28,306
5944,0.023088227387436832,0.06899959653232375,0.41780366413523834,0.06535947712418301,20,306
5945,0.025202310484589107,0.07312333521008862,0.44172351654009523,0.05228758169934641,16,306
5946,0.02624493713793548,0.07354291017619383,0.4476605740764577,0.08169934640522876,25,306
5947,0.024095111068925625,0.06688870967391351,0.41779115001215655,0.07516339869281045,23,306
5948,0.02400521834066564,0.06573517227217678,0.41421568627450983,0.06535947712418301,20,306
5949,0.02607863333922828,0.0718425475497596,0.4383107364025114,0.08823529411764706,27,306
5950,0.023452312531168397,0.07062470932829017,0.4210269446947269,0.06209150326797386,19,306
5951,0.022247159807032277,0.06748138255883358,0.413879592683171,0.08823529411764706,27,306
5952,0.022824551468963922,0.06751185659944238,0.4125870625420117,0.0784313725490196,24,306
5953,0.024916008056552905,0.07353137069022198,0.4323772543298866,0.08823529411764706,27,306
5954,0.02517524509118068,0.06981766926105441,0.4390526451280731,0.09803921568627451,30,306
5955,0.02416659608322806,0.07143076797794877,0.42909497861872686,0.0784313725490196,24,306
5956,0.024669175604738528,0.06982342617763956,0.4228933367657785,0.07516339869281045,23,306
5957,0.024634622801366888,0.0709062248278639,0.42717853005534817,0.06862745098039216,21,306
5958,0.024409466099521975,0.06923164800194288,0.42090001573204044,0.06535947712418301,20,306
5959,0.023720018439567416,0.06846723779986477,0.42642768267044234,0.07516339869281045,23,306
5960,0.024101674103978604,0.06806538987443563,0.42056570987257047,0.06535947712418301,20,306
5961,0.024813487790986098,0.06738558266738523,0.42734478911914875,0.08496732026143791,26,306
5962,0.02401273821332588,0.07341442445102614,0.4280616695985469,0.0784313725490196,24,306
5963,0.024472447868375848,0.06480399487735343,0.41982916434261525,0.09477124183006536,29,306
5964,0.025119764619412843,0.07360740536404876,0.440329085682413,0.07516339869281045,23,306
5965,0.02508958556402681,0.06988035039563191,0.4308290785314855,0.06862745098039216,21,306
5966,0.024557891425332785,0.06844051618258247,0.42559281188770187,0.08823529411764706,27,306
5967,0.023504377680988443,0.06854097581950495,0.4204620214241787,0.05555555555555555,17,306
5968,0.024819517035271108,0.07020949926105864,0.43156204859770314,0.0784313725490196,24,306
5969,0.0245487821696118,0.06967360441452278,0.42447905493342486,0.06862745098039216,21,306
5970,0.02377702950864355,0.06950796771136623,0.422929091403155,0.08496732026143791,26,306
5971,0.025171972943170626,0.06995086769726652,0.42863374379657043,0.08169934640522876,25,306
5972,0.022574387714530502,0.06427720911242825,0.40557379042061753,0.0784313725490196,24,306
5973,0.02531852362200561,0.07115415550583525,0.4329171493542712,0.06535947712418301,20,306
5974,0.02344529676854157,0.0626604989374337,0.40291543313167716,0.0718954248366013,22,306
5975,0.023897243826054564,0.06697450217850681,0.4135113199181934,0.06535947712418301,20,306
5976,0.025393988448489672,0.07100332941850003,0.4395549977832125,0.058823529411764705,18,306
5977,0.024376868113019777,0.06948843152592465,0.4277023354929134,0.0915032679738562,28,306
5978,0.025432544126502216,0.07206737747738325,0.43763318602422735,0.08169934640522876,25,306
5979,0.023621544469272268,0.07187579900909609,0.4209411335650234,0.07516339869281045,23,306
5980,0.023264544946262924,0.06960423150278763,0.4192320618984282,0.06862745098039216,21,306
5981,0.024388389464322074,0.06536595883196097,0.4143390397734586,0.07516339869281045,23,306
5982,0.023521178975491632,0.06945406881880582,0.4192982079775747,0.0784313725490196,24,306
5983,0.025435575637066127,0.07284011858722593,0.4369037914217474,0.07516339869281045,23,306
5984,0.02453425336022496,0.06983204723475597,0.43252027287939243,0.07516339869281045,23,306
5985,0.021900956028370642,0.06595415272449608,0.39948835113914277,0.07516339869281045,23,306
5986,0.02440650283307993,0.07181514644029194,0.4316675247779637,0.06535947712418301,20,306
5987,0.024558192290209915,0.06727342441669167,0.42693897398492586,0.07516339869281045,23,306
5988,0.023350405397401134,0.06740688948465941,0.4163556013214914,0.0915032679738562,28,306
5989,0.02506895506472476,0.0697951656818858,0.43297078131033595,0.08823529411764706,27,306
5990,0.02511107523524742,0.06649727320280058,0.4218439381587792,0.0915032679738562,28,306
5991,0.024337999264889713,0.06905508050994663,0.4276540667324552,0.0784313725490196,24,306
5992,0.026637460407672026,0.07115494017502508,0.443659630154031,0.0784313725490196,24,306
5993,0.023644744233677167,0.06265172222233753,0.40558809227556814,0.0784313725490196,24,306
5994,0.02428820452241275,0.07312058201367205,0.43401660445359763,0.08823529411764706,27,306
5995,0.0246282027006408,0.06969756281221927,0.42979040631569915,0.08496732026143791,26,306
5996,0.023573158991061976,0.07114733604005201,0.42951509560790035,0.08496732026143791,26,306
5997,0.02441620758504042,0.07036208541185206,0.42183142403569746,0.0784313725490196,24,306
5998,0.024950830372183697,0.0678574679735787,0.42864625791965216,0.06209150326797386,19,306
5999,0.02423626370707478,0.0691436841775724,0.4238622874386808,0.08169934640522876,25,306
6000,0.02622006703340512,0.07364758919921542,0.4439152758112727,0.07516339869281045,23,306
6001,0.023142082787339986,0.0732209869289153,0.4295705152958339,0.0784313725490196,24,306
6002,0.026098453353908892,0.07452624258715661,0.45202800303199325,0.06535947712418301,20,306
6003,0.025329699684834808,0.0731606502389035,0.43886314554997785,0.08169934640522876,25,306
6004,0.023816066912388585,0.06390602211052868,0.41358819238855277,0.06209150326797386,19,306
6005,0.023631501543563162,0.0671437013074105,0.41370797042376395,0.08823529411764706,27,306
6006,0.025486060732226288,0.07181601821477387,0.44078495730896294,0.08823529411764706,27,306
6007,0.027042305497487745,0.07487724114932282,0.45367092861944197,0.09477124183006536,29,306
6008,0.024321897569627632,0.07135645135232982,0.42681025729037053,0.08496732026143791,26,306
6009,0.025955787429973527,0.07173573214248127,0.44760872985226186,0.08169934640522876,25,306
6010,0.021968491539307952,0.06559761356477892,0.40417220863546005,0.0718954248366013,22,306
6011,0.024814189197972174,0.0659890896768477,0.42530498705682124,0.06209150326797386,19,306
6012,0.02379236153798955,0.07061479889911126,0.42027252184608344,0.0915032679738562,28,306
6013,0.024271120637143196,0.06864119649324778,0.42259657327555383,0.07516339869281045,23,306
6014,0.024058047442744958,0.06489226604266848,0.41682756253486075,0.0718954248366013,22,306
6015,0.025813970158918686,0.07423199228765794,0.44760872985226186,0.0784313725490196,24,306
6016,0.02399105194716034,0.06361760157869409,0.4097767480442213,0.07516339869281045,23,306
6017,0.02456893782928594,0.067966679285133,0.4194233492083923,0.09477124183006536,29,306
6018,0.024617007252360698,0.06945270451793223,0.43136897355587017,0.08169934640522876,25,306
6019,0.02401157034074656,0.06643773730606471,0.41583179588392616,0.049019607843137254,15,306
6020,0.023947293093679215,0.0682432325277466,0.4152346934397391,0.06862745098039216,21,306
6021,0.023931183989101656,0.06809388319553031,0.41755338167360306,0.08496732026143791,26,306
6022,0.02367721180288812,0.06650044875908989,0.4131287452982652,0.0718954248366013,22,306
6023,0.024888854542915076,0.07151809152924109,0.43221278299795485,0.08496732026143791,26,306
6024,0.026098829387690994,0.07414474133088568,0.4489048354571588,0.10130718954248366,31,306
6025,0.02464967481958377,0.06518794997861387,0.4168579539766308,0.06862745098039216,21,306
6026,0.025066326853288082,0.06803975331045649,0.42571974085038833,0.08169934640522876,25,306
6027,0.025877627516973506,0.07106847649621406,0.44252442041732815,0.08169934640522876,25,306
6028,0.026248660720048105,0.0693581242413061,0.4348568384319446,0.08823529411764706,27,306
6029,0.025646016347953077,0.07088995983174269,0.43530734686288813,0.08496732026143791,26,306
6030,0.023313693903826063,0.06960293914664206,0.41702421304043136,0.08823529411764706,27,306
6031,0.025532222100157962,0.07421044504058964,0.4447161796885056,0.07516339869281045,23,306
6032,0.024784481933777185,0.06865703973888065,0.43105254501508844,0.08496732026143791,26,306
6033,0.024969335650968913,0.07248970883622986,0.4378208978704538,0.08823529411764706,27,306
6034,0.024407406886591106,0.06836406547382906,0.42695506357174523,0.08823529411764706,27,306
6035,0.025158178348933205,0.06852361044465866,0.42995130218389327,0.0915032679738562,28,306
6036,0.024813806059473607,0.07314546707587882,0.4413838474850188,0.08169934640522876,25,306
6037,0.025325814653596512,0.07573532418461607,0.443568455828721,0.08169934640522876,25,306
6038,0.02543816767289356,0.073064239551597715,0.44183614364783114,0.06535947712418301,20,306
6039,0.022744745840375637,0.06410503615671856,0.40408460977388766,0.0718954248366013,22,306
6040,0.023388454565491226,0.07171729152017932,0.4198255888788776,0.06535947712418301,20,306
6041,0.024119771763680332,0.07053755463485803,0.4309291915161397,0.08169934640522876,25,306
6042,0.025532577964036806,0.068256432397902,0.429518671071638,0.08169934640522876,25,306
6043,0.025472684894854415,0.06760617110750833,0.4361833354786116,0.07516339869281045,23,306
6044,0.025526649943149998,0.07147482933372035,0.44493249524463324,0.07516339869281045,23,306
6045,0.02467580321772781,0.06473875166600038,0.41489144892092505,0.08169934640522876,25,306
6046,0.0247580502140252,0.06744670210509657,0.42262517698545504,0.0784313725490196,24,306
6047,0.02456386006547288,0.06835474760801927,0.4243896683399837,0.06862745098039216,21,306
6048,0.02666318083425249,0.0708865091772883,0.4454116073854779,0.07516339869281045,23,306
6049,0.023579338846781137,0.06692863536321901,0.4193071466369188,0.07516339869281045,23,306
6050,0.024470831573509353,0.06793836103336477,0.42229087112598507,0.09477124183006536,29,306
6051,0.025514188041172874,0.06985940501469191,0.4265456729737847,0.06535947712418301,20,306
6052,0.024851783053883258,0.06794230430608461,0.4281796599018893,0.07516339869281045,23,306
6053,0.02374344320048184,0.0680169287075679,0.4166148224424708,0.06535947712418301,20,306
6054,0.02404704906418206,0.06974498367163365,0.42284328027345147,0.06209150326797386,19,306
6055,0.021413943539145067,0.06442983010555253,0.39796520358690524,0.05555555555555555,17,306
6056,0.024979664620415645,0.0723699855907473,0.4342275568141188,0.0915032679738562,28,306
6057,0.024719168336836267,0.06789998005742444,0.4226645070865691,0.0784313725490196,24,306
6058,0.02309632201978929,0.07166941266949091,0.417149354271249,0.08169934640522876,25,306
6059,0.024361896795904125,0.069287788247138,0.42307210995266087,0.0915032679738562,28,306
6060,0.023314549000894,0.06546145482337473,0.4162250968950673,0.08169934640522876,25,306
6061,0.024490548667765934,0.07003693769252942,0.43321212511262713,0.08823529411764706,27,306
6062,0.023899273000005425,0.06773801456603487,0.41884054861915593,0.0915032679738562,28,306
6063,0.025629766041214773,0.07397599092527689,0.4425905664964746,0.0915032679738562,28,306
6064,0.02303456651387672,0.06812652160548056,0.4108654767523348,0.06535947712418301,20,306
6065,0.024387739776498465,0.07387553152754499,0.4336501194204888,0.05555555555555555,17,306
6066,0.02417817337431652,0.07158605495822996,0.42310965232190617,0.0784313725490196,24,306
6067,0.024529082377433307,0.06764352381820796,0.4235780380715379,0.08169934640522876,25,306
6068,0.02634311661412379,0.07422561113486546,0.4491569056506629,0.07516339869281045,23,306
6069,0.025397303440318864,0.07194377515286784,0.4365283677292945,0.08496732026143791,26,306
6070,0.02404624145360411,0.07344968237701384,0.43171579353842193,0.058823529411764705,18,306
6071,0.02518320284920379,0.07236180632619343,0.4432055462593498,0.0784313725490196,24,306
6072,0.02523968301733536,0.06964201373910174,0.43197143919566366,0.05555555555555555,17,306
6073,0.024929721455091623,0.06950980003308001,0.4267977431672888,0.0718954248366013,22,306
6074,0.023763159318255112,0.06873393931598745,0.4170903591195778,0.08823529411764706,27,306
6075,0.0248565303122627,0.07294190010837803,0.43686088585689564,0.08823529411764706,27,306
6076,0.023542902753792196,0.06991270068782184,0.42236774359634444,0.08169934640522876,25,306
6077,0.023286262836041422,0.06440907009928995,0.41167174382517413,0.0784313725490196,24,306
6078,0.025119480873775576,0.06724934039262923,0.4268978561519429,0.08823529411764706,27,306
6079,0.02437509197383254,0.06961391966249947,0.4254015245777377,0.08169934640522876,25,306
6080,0.02603486676122642,0.07924265038822279,0.4515024098625592,0.08823529411764706,27,306
6081,0.02377056431437231,0.06789482708624685,0.4163412994665408,0.06862745098039216,21,306
6082,0.02514227189814556,0.07276738673377939,0.4356255631355387,0.0784313725490196,24,306
6083,0.02431935846903098,0.06857866168666986,0.4222872956622474,0.0784313725490196,24,306
6084,0.02543720435437421,0.07175179467986158,0.43769039344402966,0.08823529411764706,27,306
6085,0.02492117714492099,0.06653068756031782,0.4261934897956265,0.07516339869281045,23,306
6086,0.02453426527317024,0.0696954205678287,0.424761516568699,0.08169934640522876,25,306
6087,0.02517293445593946,0.073571759087126,0.44162519128731,0.0915032679738562,28,306
6088,0.023062864910272637,0.06752605732671854,0.4113928576536377,0.08169934640522876,25,306
6089,0.02394856618628496,0.06720724442394713,0.42288618583830323,0.08496732026143791,26,306
6090,0.02374475077583043,0.06679745132092255,0.41918021767423236,0.0915032679738562,28,306
6091,0.022956719929436525,0.06887223344052198,0.4155439710530456,0.06862745098039216,21,306
6092,0.023321578845631595,0.06650210243159094,0.4152489952946897,0.0718954248366013,22,306
6093,0.024485805759819776,0.07250144995188262,0.4365069149468686,0.07516339869281045,23,306
6094,0.024200061404506968,0.06747341068347543,0.4200883854635946,0.0718954248366013,22,306
6095,0.024961808546118167,0.07042430935756158,0.43468342844066876,0.08823529411764706,27,306
6096,0.024947907780153655,0.07106390033551793,0.43507494171994104,0.06862745098039216,21,306
6097,0.02645909480837765,0.07208129381268862,0.45001859241143577,0.0718954248366013,22,306
6098,0.025288792180334238,0.06971931170817035,0.432686531943193,0.06862745098039216,21,306
6099,0.0246114756473993,0.06848455621374368,0.4246810686346019,0.0915032679738562,28,306
6100,0.024663226391853487,0.07511484317180131,0.43436699989988703,0.09803921568627451,30,306
6101,0.02710384439551763,0.07710289903939412,0.46053581899572377,0.10130718954248366,31,306
6102,0.022179158859234605,0.06504773766534376,0.3983906837716852,0.06862745098039216,21,306
6103,0.02419688598427413,0.07319171190034451,0.43171758127029075,0.0718954248366013,22,306
6104,0.023357352895219174,0.06512093728720461,0.4114643669283906,0.08496732026143791,26,306
6105,0.023887151169989927,0.06415075117426555,0.4100395446289384,0.0718954248366013,22,306
6106,0.023535785572148433,0.0689792536516522,0.4124494071881123,0.08169934640522876,25,306
6107,0.025307896701869996,0.07277200633498351,0.43798000600677905,0.07516339869281045,23,306
6108,0.023316423277065054,0.06358294478116498,0.40902232519557785,0.06209150326797386,19,306
6109,0.02283175151486629,0.06969955434673755,0.413616796098454,0.0718954248366013,22,306
6110,0.023964495344015617,0.07249392280806957,0.42843173009539337,0.08496732026143791,26,306
6111,0.02523891115135724,0.0705525902609334,0.43677686245906094,0.0718954248366013,22,306
6112,0.02378474550566176,0.06876768444093656,0.421066274795841,0.08169934640522876,25,306
6113,0.024175188769098077,0.06837303990952971,0.42287903491082796,0.0718954248366013,22,306
6114,0.025539711159234656,0.07305012130471977,0.44019500579225124,0.09477124183006536,29,306
6115,0.024211601878955352,0.06583169684697293,0.4191998827247894,0.06209150326797386,19,306
6116,0.02345091896617839,0.06698341680827925,0.4159122438180232,0.07516339869281045,23,306
6117,0.024637603176516153,0.07109862674046787,0.42891978089558214,0.0915032679738562,28,306
6118,0.02469978269203843,0.06781387685972641,0.4234475336451138,0.08823529411764706,27,306
6119,0.025183681311547777,0.0688368563602757,0.43030348536205143,0.06862745098039216,21,306
6120,0.024529681812366214,0.0716812616224368,0.43077544657542083,0.0718954248366013,22,306
6121,0.024431575961727892,0.06719720870755998,0.42528532200626423,0.08169934640522876,25,306
6122,0.024253193462846927,0.06686385905619133,0.42155611332789866,0.08823529411764706,27,306
6123,0.024543833398906575,0.07012509239691707,0.43434733484932997,0.058823529411764705,18,306
6124,0.025203093622248807,0.07415900474220165,0.44599619570658317,0.07516339869281045,23,306
6125,0.02368715984770821,0.0716259438939356,0.4259807497032365,0.06209150326797386,19,306
6126,0.025393513215027287,0.07376442252756041,0.4345421976230317,0.08496732026143791,26,306
6127,0.02389982759401401,0.06909790528908877,0.42164907538507745,0.0718954248366013,22,306
6128,0.022384599578348655,0.06779390722243878,0.4095818852705196,0.06535947712418301,20,306
6129,0.024444109219286973,0.07256546010459158,0.4335035254072453,0.0718954248366013,22,306
6130,0.02415856885326019,0.06999882679370974,0.42428597989159195,0.10130718954248366,31,306
6131,0.024983236770640703,0.07106429912118607,0.435268016761774,0.06862745098039216,21,306
6132,0.024470393640748433,0.07143458897037012,0.4294561004562292,0.07516339869281045,23,306
6133,0.02506898576670259,0.06501188793438886,0.42354585889789903,0.0718954248366013,22,306
6134,0.025077166324267697,0.07185266805203179,0.43099712532715495,0.0718954248366013,22,306
6135,0.02254203246677505,0.07049271401404825,0.4209804636661375,0.08823529411764706,27,306
6136,0.022926378354357187,0.06848993614948208,0.4211610245848887,0.0784313725490196,24,306
6137,0.023614194554304063,0.0658156341943577,0.41719047210423194,0.08823529411764706,27,306
6138,0.025755889525514192,0.068076204780616,0.4318212697186825,0.07516339869281045,23,306
6139,0.0255011205299766,0.06816809423356289,0.4310275167689249,0.07516339869281045,23,306
6140,0.02510405707116772,0.07584475702388606,0.44380979963101214,0.0784313725490196,24,306
6141,0.024802802284072056,0.07020647179216714,0.4321108822814319,0.0718954248366013,22,306
6142,0.024695672183634297,0.07270795621323257,0.43332117675662535,0.0915032679738562,28,306
6143,0.024154755559024053,0.06729747396419267,0.4206533087341428,0.058823529411764705,18,306
6144,0.024368904969758215,0.07151568579378208,0.4279758584688434,0.0784313725490196,24,306
6145,0.026770151283522236,0.07534636515989333,0.46012464066589437,0.08169934640522876,25,306
6146,0.02512802672833891,0.0693984132341843,0.42904849759013747,0.07516339869281045,23,306
6147,0.02652297712188056,0.07309198069970328,0.4455903805723602,0.08169934640522876,25,306
6148,0.02455641823988563,0.06922119259460867,0.43119913902833196,0.08169934640522876,25,306
6149,0.024111609660715162,0.06912028847161232,0.4270247851146294,0.058823529411764705,18,306
6150,0.022808350387111046,0.06430676177686549,0.4045226040817494,0.08823529411764706,27,306
6151,0.024700673904642475,0.06905089951460262,0.4187851289312224,0.058823529411764705,18,306
6152,0.023802719891289712,0.06623206814549147,0.4138116588721557,0.0915032679738562,28,306
6153,0.023314504267696302,0.06678530948799874,0.41487535933410563,0.08169934640522876,25,306
6154,0.026087997019783583,0.07691831896939054,0.45550514151685473,0.06862745098039216,21,306
6155,0.02341467349865929,0.06895452052655875,0.4197487164085182,0.08496732026143791,26,306
6156,0.023802569601715447,0.0670147926562961,0.420701577494601,0.08496732026143791,26,306
6157,0.024850279780188594,0.07250684461735417,0.4328063099784042,0.0784313725490196,24,306
6158,0.024165816324280085,0.06820760157801868,0.42099655325295693,0.06862745098039216,21,306
6159,0.024930356143675145,0.07003516412186084,0.4308791350238126,0.08496732026143791,26,306
6160,0.02312422170697712,0.0655111703522983,0.40756889918622446,0.06535947712418301,20,306
6161,0.02397235414439408,0.06804252457722122,0.4145893222350939,0.07516339869281045,23,306
6162,0.025998724012544275,0.0708897462671356,0.43667853720627564,0.0718954248366013,22,306
6163,0.02366565636941596,0.06858958069381844,0.41850445502781713,0.10130718954248366,31,306
6164,0.024653006302047434,0.06503744827239402,0.41771070207805955,0.0784313725490196,24,306
6165,0.024298189981152768,0.06988863629746762,0.42719998283777405,0.0718954248366013,22,306
6166,0.025624463477044498,0.0760952010642497,0.45167760758570386,0.07516339869281045,23,306
6167,0.023467889660962082,0.07269485481313431,0.4343616367042806,0.0718954248366013,22,306
6168,0.025957928194946772,0.07009102591275793,0.4379049212682885,0.08496732026143791,26,306
6169,0.024258320539352035,0.07049017370167394,0.4243753664850331,0.06209150326797386,19,306
6170,0.0240994471265111,0.07170678726010914,0.42818502309749573,0.0784313725490196,24,306
6171,0.024526345747764543,0.07187057233741592,0.43534667696400225,0.09477124183006536,29,306
6172,0.02412190133162616,0.06961662246176371,0.42874100770869983,0.09803921568627451,30,306
6173,0.024816531024119886,0.06834171305057803,0.422837917077845,0.0784313725490196,24,306
6174,0.024488773165877064,0.06963455552812821,0.424153687733299,0.08169934640522876,25,306
6175,0.02523018400064129,0.06633813814187096,0.42390340527166376,0.0784313725490196,24,306
6176,0.02436930219564819,0.07146439000306745,0.42866949843394686,0.07516339869281045,23,306
6177,0.02578660747265826,0.0685777684639397,0.43590623703894393,0.09803921568627451,30,306
6178,0.02450105876044356,0.07012819812859915,0.431826632914289,0.0784313725490196,24,306
6179,0.02575834118097377,0.07418644804136268,0.4428676649361422,0.07516339869281045,23,306
6180,0.02376429799739031,0.072144499159543,0.4309274037842708,0.09477124183006536,29,306
6181,0.025411515017360383,0.07270727482408322,0.4401145578581542,0.0915032679738562,28,306
6182,0.025288532576957626,0.07356312116074672,0.4349605268803364,0.08496732026143791,26,306
6183,0.024355157485002516,0.07040208243684472,0.4258556084724189,0.06862745098039216,21,306
6184,0.024807953046195277,0.06797419584874338,0.42906458717695684,0.0718954248366013,22,306
6185,0.02411626529152325,0.0674073556396944,0.41631090802477083,0.06862745098039216,21,306
6186,0.024405666415929523,0.06896373955669868,0.4195449149754723,0.08496732026143791,26,306
6187,0.024385353138083463,0.0682637694962104,0.4195931837359306,0.0915032679738562,28,306
6188,0.024227399245919098,0.07330713399084916,0.43205367486162954,0.08169934640522876,25,306
6189,0.025244942266281906,0.0700838805986522,0.43840191072782136,0.0718954248366013,22,306
6190,0.024482025660979883,0.07027006328758302,0.42592175455156533,0.1111111111111111,34,306
6191,0.02502737748055153,0.07143105762329717,0.43474242359233994,0.0784313725490196,24,306
6192,0.024271396326608515,0.06793142653268779,0.4209590108837116,0.07516339869281045,23,306
6193,0.02515395281660578,0.07710551484430543,0.447404928419216,0.0784313725490196,24,306
6194,0.02536576415934015,0.06682246279054212,0.4253764963315742,0.0915032679738562,28,306
6195,0.025489507910827963,0.06997204143928089,0.4317730009582243,0.0718954248366013,22,306
6196,0.023404079319278997,0.07108765684701168,0.4149683213912845,0.06862745098039216,21,306
6197,0.026143828962497825,0.07422947344613681,0.45086061412165157,0.06209150326797386,19,306
6198,0.024404338455248968,0.07345065382858916,0.437039659043778,0.08823529411764706,27,306
6199,0.024526567901402715,0.07106767598152955,0.43069499864132377,0.09803921568627451,30,306
6200,0.025161927329796836,0.07277962123110127,0.4321591510418901,0.08496732026143791,26,306
6201,0.02664121894510434,0.0723885402259726,0.45823322034867925,0.08169934640522876,25,306
6202,0.023144109325150555,0.07134385675970635,0.42451659730267016,0.0915032679738562,28,306
6203,0.02485121704647274,0.07080113105871137,0.43716658800646446,0.06862745098039216,21,306
6204,0.02400140711413879,0.06705643121542812,0.4166148224424708,0.0718954248366013,22,306
6205,0.025927356733479276,0.07225533247458987,0.44736381058623303,0.07516339869281045,23,306
6206,0.022710251512012572,0.0663633005496593,0.4099787617453984,0.06862745098039216,21,306
6207,0.024772826554420136,0.0698524054441312,0.42862301740535746,0.0784313725490196,24,306
6208,0.024227154941841543,0.06611997236893986,0.42257333276125914,0.0718954248366013,22,306
6209,0.024358978543608786,0.06856508833969757,0.4275539537478011,0.0915032679738562,28,306
6210,0.026564028501284573,0.06580746372900455,0.43381816621615826,0.0784313725490196,24,306
6211,0.02340557511390032,0.06598557352586318,0.4094978618726849,0.07516339869281045,23,306
6212,0.02484136097361257,0.06534479024867712,0.4189031192345647,0.0784313725490196,24,306
6213,0.025582062951386122,0.07120699123838634,0.4341596230031035,0.08496732026143791,26,306
6214,0.025223839098039613,0.07380706013960146,0.4387147638048655,0.08169934640522876,25,306
6215,0.02576464735644593,0.07141023420235099,0.4460015589021896,0.10130718954248366,31,306
6216,0.024008334941595332,0.06528220996665982,0.4140994837030363,0.08823529411764706,27,306
6217,0.023271623422029264,0.07474799930996588,0.42947934097052387,0.08496732026143791,26,306
6218,0.024645065470497475,0.070747112317003355,0.4308827104875502,0.08496732026143791,26,306
6219,0.024691217632669904,0.07130308017324061,0.4342418586690694,0.07516339869281045,23,306
6220,0.024862920314709346,0.07090600968870864,0.43354464324022823,0.08496732026143791,26,306
6221,0.023934154368306114,0.06789021878419865,0.4233599347835414,0.07516339869281045,23,306
6222,0.024631210418499506,0.07012439454455519,0.42376932538150197,0.0718954248366013,22,306
6223,0.02492291403400438,0.07366924900002159,0.43589729837959984,0.08496732026143791,26,306
6224,0.024226312590496468,0.0699389314266989,0.43110260150741553,0.0718954248366013,22,306
6225,0.025447468719913987,0.07073168735923659,0.4346512492670299,0.08496732026143791,26,306
6226,0.025185024677617986,0.0721189036652559,0.44131770140587234,0.0915032679738562,28,306
6227,0.023691231912349585,0.06503520381251666,0.4111836930249853,0.06862745098039216,21,306
6228,0.02393828273065293,0.0681521760489062,0.4232598217988873,0.07516339869281045,23,306
6229,0.024544335266320865,0.0724544846885793,0.43170864261094666,0.08496732026143791,26,306
6230,0.024356494829130507,0.06811307344850928,0.41470731253843623,0.06862745098039216,21,306
6231,0.02533851253796119,0.07067278510517366,0.4361904864060869,0.08169934640522876,25,306
6232,0.02252003755279862,0.06378031903455425,0.40243632099083254,0.0784313725490196,24,306
6233,0.024873775352857903,0.0721557776776598,0.42932202056606744,0.08496732026143791,26,306
6234,0.023499295973585934,0.07523235650776523,0.43257390483545716,0.08169934640522876,25,306
6235,0.023193057460497844,0.07078353317707133,0.41822378112441183,0.0784313725490196,24,306
6236,0.025626301996401105,0.06950501026612474,0.4342901274295276,0.06209150326797386,19,306
6237,0.0252879302780472,0.0675544442029237,0.43299402182463065,0.06535947712418301,20,306
6238,0.024787943936204416,0.07190746645034085,0.4334016246907224,0.06862745098039216,21,306
6239,0.023764063830350703,0.06424480743399433,0.4115609044493071,0.07516339869281045,23,306
6240,0.025078932556881057,0.07220371744024838,0.4301622545444144,0.08496732026143791,26,306
6241,0.024515704360083393,0.07262330590757028,0.4257411936328142,0.08823529411764706,27,306
6242,0.024836845397771545,0.07410205100164939,0.44311615966590867,0.06535947712418301,20,306
6243,0.02334135325089482,0.06735004505774299,0.4197040231117976,0.06862745098039216,21,306
6244,0.024496877728191282,0.06829093854854826,0.4160391727807097,0.0784313725490196,24,306
6245,0.026054171227320778,0.07137278998783095,0.4344796270076229,0.0784313725490196,24,306
6246,0.02478186232976397,0.07372982991394396,0.4378673788990432,0.0457516339869281,14,306
6247,0.025351439327639433,0.07388793280275542,0.43878090988401197,0.08823529411764706,27,306
6248,0.024538081089592514,0.06455783316371552,0.42010447505041404,0.0784313725490196,24,306
6249,0.023811576705688592,0.06826170464258136,0.4241483245376926,0.08169934640522876,25,306
6250,0.026014739139325675,0.07480247565740349,0.44842572331631414,0.08496732026143791,26,306
6251,0.024709576848273292,0.06689415046563306,0.4212092933453469,0.08823529411764706,27,306
6252,0.023897594581740157,0.06460606591334107,0.40972311608815665,0.08496732026143791,26,306
6253,0.02335909499059893,0.06996050569503502,0.42292730367128617,0.06209150326797386,19,306
6254,0.024227376369201543,0.06735885693401572,0.420438780909884,0.08169934640522876,25,306
6255,0.025472711665132784,0.07215248715857922,0.43836794382231375,0.0784313725490196,24,306
6256,0.02506887166774163,0.0740212946340545,0.4378048082836344,0.058823529411764705,18,306
6257,0.025193438893093605,0.07227175260415311,0.43716122481085795,0.08823529411764706,27,306
6258,0.025052095387681123,0.06998008187868131,0.42738411922026287,0.07516339869281045,23,306
6259,0.025949394463143694,0.07409969789674054,0.44034159980549475,0.07516339869281045,23,306
6260,0.025746374162915548,0.07428421375762634,0.451443414710888,0.0718954248366013,22,306
6261,0.024037225394770732,0.06829207823608127,0.42456307833125956,0.06862745098039216,21,306
6262,0.026256513401014158,0.07341514100603666,0.44908539637590994,0.05555555555555555,17,306
6263,0.023891264798812855,0.06769000649397726,0.4195949714677994,0.0718954248366013,22,306
6264,0.02541502246053623,0.06559768936350421,0.4165594027545373,0.07516339869281045,23,306
6265,0.02404369302233676,0.07128181660508551,0.42694612491240114,0.058823529411764705,18,306
6266,0.023560857911646662,0.06623270178736669,0.4084770669755867,0.08823529411764706,27,306
6267,0.023593517099823148,0.06785704774117171,0.4178858998012042,0.0718954248366013,22,306
6268,0.025327517100519947,0.06788061842410274,0.4294936428254745,0.0718954248366013,22,306
6269,0.025530458891873775,0.06791473315303259,0.43080405028532204,0.07516339869281045,23,306
6270,0.02579913967214265,0.07438378154212277,0.447222579768596,0.07516339869281045,23,306
6271,0.025479763033261865,0.07165733819023924,0.4432055462593498,0.0915032679738562,28,306
6272,0.02316703094572233,0.06613728502761845,0.41356137641052043,0.07516339869281045,23,306
6273,0.0252478580321882,0.06735875571036187,0.4285586590580798,0.06862745098039216,21,306
6274,0.023363859293093772,0.07099634097147879,0.42478118161925604,0.08823529411764706,27,306
6275,0.025983791886401403,0.06708280950028309,0.4257715850745842,0.06862745098039216,21,306
6276,0.023058634809807223,0.06405665585331938,0.40277599004590897,0.06862745098039216,21,306
6277,0.023786478984607735,0.06957033695002378,0.42676913945738765,0.07516339869281045,23,306
6278,0.02441922476881641,0.06864218097537628,0.4194108350853106,0.08496732026143791,26,306
6279,0.022256286515860674,0.06447034015949482,0.3970767008481,0.08169934640522876,25,306
6280,0.026008205750586842,0.07097668261898936,0.44080462235952,0.06862745098039216,21,306
6281,0.02586684813357469,0.0719174854942327,0.4379657041518285,0.08496732026143791,26,306
6282,0.023737213997473906,0.06613037477225688,0.413221707355444,0.08823529411764706,27,306
6283,0.026490266323307428,0.0734468393990674,0.44682391556184836,0.06862745098039216,21,306
6284,0.024607531597228213,0.06642233444932891,0.42700869552780996,0.06862745098039216,21,306
6285,0.023610849888902965,0.06835649922615925,0.41651292172594784,0.07516339869281045,23,306
6286,0.024846865655197573,0.06725543968084743,0.42775596744897815,0.08169934640522876,25,306
6287,0.02394394397771902,0.06709804462702681,0.4205943135824716,0.05555555555555555,17,306
6288,0.02366002450132784,0.0694466863031172,0.41915697715993766,0.08169934640522876,25,306
6289,0.02467693988474514,0.06797537509081851,0.43017298093562734,0.08169934640522876,25,306
6290,0.024092070432695237,0.07031046892593125,0.4220727678379886,0.0718954248366013,22,306
6291,0.024635642946137685,0.07275968080674194,0.4330601679037771,0.09803921568627451,30,306
6292,0.023406288264229285,0.0680840610838937,0.41949485848314527,0.0718954248366013,22,306
6293,0.024334392733808552,0.06895147422509171,0.421522146422391,0.06862745098039216,21,306
6294,0.026121743060240454,0.07219873884584584,0.4481414739491712,0.08169934640522876,25,306
6295,0.023350532743729138,0.07168524891315389,0.4145428412065045,0.05228758169934641,16,306
6296,0.024480407593245376,0.07041647787107796,0.426350810200083,0.0915032679738562,28,306
6297,0.024309023161561062,0.06638090557524354,0.42307210995266087,0.07516339869281045,23,306
6298,0.02553197648324728,0.07139004814865346,0.4397355587019636,0.07516339869281045,23,306
6299,0.02538467204767855,0.07109259186513563,0.4348085696714864,0.0784313725490196,24,306
6300,0.02370360142542823,0.06534500434437739,0.4091242259121008,0.06209150326797386,19,306
6301,0.02471331923848015,0.07193361908543633,0.4270819925344317,0.05555555555555555,17,306
6302,0.023647883572347348,0.06762329107584883,0.4176338296077001,0.08496732026143791,26,306
6303,0.02408191985063992,0.06664843786260143,0.4070218532343645,0.0915032679738562,28,306
6304,0.027001781925365998,0.07582831657825581,0.4582493099354986,0.08496732026143791,26,306
6305,0.02557704792081843,0.07051089700588715,0.43635674546988745,0.08169934640522876,25,306
6306,0.025846860815587,0.06570627868107506,0.43162461921311196,0.08496732026143791,26,306
6307,0.023881040549648375,0.06908549554361496,0.4223766822556886,0.0915032679738562,28,306
6308,0.024750427106238135,0.07203042147692545,0.43404342043162997,0.08496732026143791,26,306
6309,0.026014703003586034,0.07314016530111629,0.4427300095822428,0.0915032679738562,28,306
6310,0.02425274840573373,0.06996218517485499,0.4306735458588979,0.08496732026143791,26,306
6311,0.0250403361050993,0.07207955422019145,0.4354664549992134,0.0784313725490196,24,306
6312,0.02669530109221492,0.07969183587449342,0.4607521345518514,0.058823529411764705,18,306
6313,0.02277890694947405,0.07113093151883869,0.42372105662104376,0.0784313725490196,24,306
6314,0.023484356675973796,0.06672631111684191,0.4135649518742581,0.07516339869281045,23,306
6315,0.02555774517423972,0.07303796554136997,0.4377958696242903,0.08169934640522876,25,306
6316,0.023549303315694225,0.06838531040359705,0.4257519200240271,0.0784313725490196,24,306
6317,0.02558671724533734,0.06996585524514479,0.4350499134737775,0.0784313725490196,24,306
6318,0.02588355550357232,0.07365404019669822,0.4377672659143891,0.0915032679738562,28,306
6319,0.0232492383900678,0.0702063373315961,0.41660230831938905,0.058823529411764705,18,306
6320,0.024249835970453035,0.06856382911529704,0.42393558444530255,0.07516339869281045,23,306
6321,0.026127120216707284,0.07045602991231607,0.43631026444129806,0.06535947712418301,20,306
6322,0.024994694970855796,0.07291735648350021,0.43617618455113627,0.0915032679738562,28,306
6323,0.024375903676174673,0.07102454709989811,0.42667260193647116,0.08823529411764706,27,306
6324,0.02380791520732931,0.07092317265254985,0.4253639822084925,0.0784313725490196,24,306
6325,0.02550469903896346,0.07627629117843385,0.44881187339997997,0.08823529411764706,27,306
6326,0.025097256365017397,0.06785256218035078,0.42001151299323525,0.08169934640522876,25,306
6327,0.02380452201237047,0.07060513385798822,0.4286873757526351,0.0784313725490196,24,306
6328,0.023542983406852003,0.0669258753423367,0.41479312366813975,0.0718954248366013,22,306
6329,0.02438824113722487,0.07066223198824084,0.42783462765120633,0.0784313725490196,24,306
6330,0.025334917474692485,0.0711059363019003,0.44053109938359003,0.07516339869281045,23,306
6331,0.023317431315946047,0.06449186894120969,0.41040960512578484,0.08496732026143791,26,306
6332,0.024084575944133293,0.06760753115984736,0.4270641152157435,0.06862745098039216,21,306
6333,0.02545305372515333,0.07486773425275832,0.4463126242473649,0.0718954248366013,22,306
6334,0.025167880163157838,0.06983554821060946,0.4261452210351683,0.09477124183006536,29,306
6335,0.025650416190329404,0.06690020060951934,0.42985118919923915,0.0718954248366013,22,306
6336,0.027178693819158304,0.07363244538433365,0.44952160295190285,0.06862745098039216,21,306
6337,0.024915757472239706,0.06648316670160595,0.4282744096909369,0.06862745098039216,21,306
6338,0.025226778639887492,0.07159762495434462,0.43612612805880924,0.0784313725490196,24,306
6339,0.02449615568688929,0.07148907321692297,0.42932202056606744,0.058823529411764705,18,306
6340,0.026467088178929506,0.07532446595149257,0.45234979476838144,0.0718954248366013,22,306
6341,0.024314415211052667,0.07188689108967901,0.4331316771785301,0.07516339869281045,23,306
6342,0.024260852617354594,0.0681385212850656,0.42324015674833027,0.06862745098039216,21,306
6343,0.02526848750432633,0.06854650409025782,0.43364296849301354,0.0718954248366013,22,306
6344,0.02312636356789317,0.06674044555604464,0.4102183178158207,0.0718954248366013,22,306
6345,0.025165537919446198,0.06897615874684279,0.42836022082064046,0.08496732026143791,26,306
6346,0.024485781381695174,0.06564749449053814,0.4169956093305302,0.0915032679738562,28,306
6347,0.02500627804682718,0.07659587899186045,0.44261023154703166,0.06535947712418301,20,306
6348,0.0259197136711628,0.07533416278303959,0.45564458460262297,0.0784313725490196,24,306
6349,0.02389963692749367,0.06677687276465843,0.41567090001573204,0.06535947712418301,20,306
6350,0.026280497686552252,0.07443685893247394,0.4549902747386336,0.08496732026143791,26,306
6351,0.02495575544894375,0.06696456720689335,0.42344574591324496,0.06535947712418301,20,306
6352,0.02412494550120432,0.0727301760540092,0.42980113270691206,0.07516339869281045,23,306
6353,0.02532375818661395,0.0728381919203515,0.43712725790535034,0.07516339869281045,23,306
6354,0.023409240809474062,0.07059917499663998,0.4164861057479155,0.0784313725490196,24,306
6355,0.026465258071726724,0.07394768148901476,0.446291171464939,0.07516339869281045,23,306
6356,0.025114261526734016,0.07183932144335518,0.4406133350495559,0.07516339869281045,23,306
6357,0.024065476938303708,0.06961029509565173,0.4257501322921583,0.0784313725490196,24,306
6358,0.023985116308655352,0.06974065811554228,0.41957709414911115,0.0915032679738562,28,306
6359,0.026258839812011405,0.06882515630567636,0.44057400494844184,0.06535947712418301,20,306
6360,0.024017387828123127,0.06638913023652641,0.42040302627250753,0.06862745098039216,21,306
6361,0.023580444681732947,0.07109383529272174,0.42544264241072066,0.06862745098039216,21,306
6362,0.023043253689104797,0.06332055584821265,0.4066571559331245,0.058823529411764705,18,306
6363,0.024251194821180117,0.07287162195538485,0.44113892821899003,0.0784313725490196,24,306
6364,0.02574353919921537,0.076558692168332,0.4454437865591167,0.06862745098039216,21,306
6365,0.024874078570587727,0.06587514131002797,0.4187028932652565,0.0784313725490196,24,306
6366,0.023007062086775998,0.06754669603952197,0.40772085639507444,0.09477124183006536,29,306
6367,0.0253491685498065,0.06694331600566593,0.4224499792623103,0.08496732026143791,26,306
6368,0.02616519236992252,0.0717373570297858,0.4440815348750733,0.0784313725490196,24,306
6369,0.023844424456991944,0.06631206338720688,0.4140690922612663,0.06535947712418301,20,306
6370,0.024173210783265345,0.06978195735062032,0.42523526551393714,0.08823529411764706,27,306
6371,0.023745169293787807,0.07065177205201943,0.42259836100742265,0.0718954248366013,22,306
6372,0.025683506053711724,0.07396092551200452,0.44605697859012317,0.0784313725490196,24,306
6373,0.02348554225507982,0.06642816595551326,0.41381880979963104,0.07516339869281045,23,306
6374,0.024030083245094775,0.06679768850846474,0.412503039144177,0.05228758169934641,16,306
6375,0.024539327252099508,0.06854647724267757,0.42764512807311106,0.06862745098039216,21,306
6376,0.024665327894418308,0.07029349574002622,0.42789719826661515,0.0784313725490196,24,306
6377,0.024193929519952147,0.0688827092056562,0.424690007293946,0.0915032679738562,28,306
6378,0.024829421114793936,0.07149879201520586,0.4433002960483975,0.0784313725490196,24,306
6379,0.02366916237042028,0.07115311678787904,0.4287749746142075,0.07516339869281045,23,306
6380,0.024900031461777012,0.07106859852156809,0.43554690293331044,0.08496732026143791,26,306
6381,0.02391228531021171,0.06435035646821914,0.4182935026672959,0.0718954248366013,22,306
6382,0.02604964332344617,0.06826618087360853,0.43560947354871926,0.058823529411764705,18,306
6383,0.024835349727093534,0.07051000330587615,0.42820111268431515,0.06862745098039216,21,306
6384,0.025447897873970775,0.07111194379869283,0.43489795626492755,0.0915032679738562,28,306
6385,0.024104009080228087,0.07165276102588997,0.43118841263711905,0.07516339869281045,23,306
6386,0.02672571911210295,0.07636152580614805,0.4588589265027674,0.08169934640522876,25,306
6387,0.023560773889863492,0.0667550054591421,0.4201169891734958,0.08496732026143791,26,306
6388,0.023989249721643215,0.0703814814500667,0.42413044721900434,0.0915032679738562,28,306
6389,0.024650805060475886,0.07040708213143396,0.4251583930435777,0.0784313725490196,24,306
6390,0.021929377347394943,0.06170257654414604,0.39145964731625693,0.06862745098039216,21,306
6391,0.024161334936890242,0.07211466275303048,0.42723573747515053,0.0784313725490196,24,306
6392,0.02519065648160755,0.06973008715523067,0.4378512893122238,0.08823529411764706,27,306
6393,0.02521225761799508,0.0724684205078514,0.431978590123139,0.08169934640522876,25,306
6394,0.023615697520038375,0.06766865048436237,0.4138098711402869,0.07516339869281045,23,306
6395,0.025302380942711554,0.07190795707314103,0.43244340040903306,0.08496732026143791,26,306
6396,0.024189348978126,0.06878428558610872,0.4191623403555441,0.06862745098039216,21,306
6397,0.02539059740148178,0.06732292018689875,0.4306503053446032,0.0718954248366013,22,306
6398,0.02400552396763865,0.07144993415680086,0.43234507515624776,0.06535947712418301,20,306
6399,0.024323512259279284,0.0695972880658251,0.42449335678837546,0.0718954248366013,22,306
6400,0.024120689527166058,0.07497686915270756,0.43757061540881853,0.0718954248366013,22,306
6401,0.025353300789006255,0.07064371854942558,0.43107578552938314,0.0718954248366013,22,306
6402,0.02400906660763459,0.06901124419993968,0.424457602150999,0.0718954248366013,22,306
6403,0.02421077734280423,0.06766998569296163,0.4208875016089587,0.0718954248366013,22,306
6404,0.026066170223650795,0.07081815840607213,0.4392046023369231,0.07516339869281045,23,306
6405,0.025153367316629018,0.06936166182427021,0.4329278757454842,0.08169934640522876,25,306
6406,0.023916419910098866,0.0683196716983457,0.4165790678050943,0.08823529411764706,27,306
6407,0.02568419065511023,0.06881332379952965,0.42822971639421636,0.0915032679738562,28,306
6408,0.025826419458019736,0.07466146723650553,0.4467595572145707,0.06209150326797386,19,306
6409,0.023442522298599534,0.06771233519621384,0.41947876889632585,0.058823529411764705,18,306
6410,0.024034258098875796,0.06849495493699305,0.4180682484518242,0.06535947712418301,20,306
6411,0.024468578047128313,0.07052333226838617,0.4371344088328256,0.0784313725490196,24,306
6412,0.02586535592165965,0.06863348844244639,0.43568455828720987,0.0784313725490196,24,306
6413,0.02526508285332273,0.06572006650086835,0.4207873886243046,0.08496732026143791,26,306
6414,0.02399689846695339,0.06517658337291966,0.41509703808583975,0.06535947712418301,20,306
6415,0.02439453701789453,0.0685951896119432,0.42169555641366685,0.0718954248366013,22,306
6416,0.024452042738356397,0.0635617415689726,0.41224024255945996,0.07516339869281045,23,306
6417,0.02407869703675987,0.07124420265197573,0.42480442213355074,0.07516339869281045,23,306
6418,0.025749496872960125,0.07234530193990402,0.44632513837044663,0.0784313725490196,24,306
6419,0.024371014443455918,0.0656822563973009,0.41198638463408704,0.058823529411764705,18,306
6420,0.02491310436756116,0.07342067409183536,0.43715049841964504,0.0784313725490196,24,306
6421,0.024797177026149794,0.0659121359974828,0.4224785829722115,0.08823529411764706,27,306
6422,0.023945485316658823,0.07002533853859566,0.4289698373879092,0.0784313725490196,24,306
6423,0.026349778701138298,0.07460866940298387,0.45089458102715924,0.0718954248366013,22,306
6424,0.025627216870997133,0.0745292538950049,0.44749431501265713,0.0784313725490196,24,306
6425,0.025042962672990412,0.07148235936735521,0.4376260350967521,0.06862745098039216,21,306
6426,0.026935559348912497,0.07323893785319543,0.451827777062685,0.0784313725490196,24,306
6427,0.024033009940187634,0.06675202905385132,0.4135810414610775,0.0915032679738562,28,306
6428,0.02360908880638186,0.06509227522199006,0.4094513808440955,0.09477124183006536,29,306
6429,0.024793832392247424,0.0677428093466996,0.4286319560647016,0.07516339869281045,23,306
6430,0.02362438829668342,0.06531279955714481,0.40608329400323223,0.05555555555555555,17,306
6431,0.024716098389155484,0.07274907576105143,0.43401302898986,0.06535947712418301,20,306
6432,0.024669972023581076,0.07042467449305322,0.43115087026787374,0.10130718954248366,31,306
6433,0.022518609812435874,0.06400602401210614,0.39883046581141574,0.0718954248366013,22,306
6434,0.02483158316840018,0.07056412089859086,0.43568098282347223,0.06535947712418301,20,306
6435,0.024293661148998627,0.06876883547968463,0.42207813103359504,0.08823529411764706,27,306
6436,0.023851598804159307,0.06746022338595131,0.4188244590323365,0.10130718954248366,31,306
6437,0.0244722073452297,0.06604858245791967,0.42421804608057667,0.08496732026143791,26,306
6438,0.023581462267380355,0.06923708316736639,0.4262918150484118,0.08823529411764706,27,306
6439,0.025063566358884393,0.07021899898389243,0.42993521259707385,0.08169934640522876,25,306
6440,0.025292470822924466,0.07016037361105074,0.4330887716136783,0.06862745098039216,21,306
6441,0.025340083838559287,0.06850672092917318,0.4390043763676149,0.08169934640522876,25,306
6442,0.023655590322486056,0.06950696331286639,0.4211324208749875,0.0718954248366013,22,306
6443,0.023382348239936845,0.06996965178959422,0.42319188798787205,0.06862745098039216,21,306
6444,0.024192729512796853,0.0697297560960808,0.42518699675347893,0.0718954248366013,22,306
6445,0.024274935089138944,0.06778098301086186,0.4154635231189485,0.0784313725490196,24,306
6446,0.024368522230733037,0.06970103415338331,0.42917900201656156,0.08496732026143791,26,306
6447,0.02429100662426915,0.06745710049878459,0.41956279229416055,0.06535947712418301,20,306
6448,0.024119754978144458,0.06882371466172969,0.42096079861558044,0.0784313725490196,24,306
6449,0.023347682823025115,0.063464625320729,0.4133522117818681,0.0784313725490196,24,306
6450,0.02390594420068805,0.06767779767220608,0.41949128301940763,0.06862745098039216,21,306
6451,0.023955093124356067,0.06625240742579486,0.4173424293130819,0.08823529411764706,27,306
6452,0.024978848598886005,0.06904562449011933,0.4270802048025629,0.08496732026143791,26,306
6453,0.02418231829086039,0.07042991502648846,0.4258734857911071,0.09803921568627451,30,306
6454,0.026315433861107716,0.07341931127129067,0.4536762918150484,0.0718954248366013,22,306
6455,0.023588848990705052,0.07072230217458297,0.4199918479426782,0.08169934640522876,25,306
6456,0.0261390808364725,0.07435369504961496,0.4563418000314641,0.07516339869281045,23,306
6457,0.026503150133000336,0.07225438865498214,0.44984518242015986,0.06862745098039216,21,306
6458,0.02691811671357916,0.07365179410695358,0.44958059810357404,0.0915032679738562,28,306
6459,0.023099376611472183,0.06866822227931182,0.408545000786602,0.0718954248366013,22,306
6460,0.024649950691493352,0.07016310172728991,0.4318552366241902,0.07516339869281045,23,306
6461,0.025269548899089795,0.0728455524505081,0.4386861600949643,0.08169934640522876,25,306
6462,0.02407070383930858,0.06563585082290005,0.4173567311680325,0.0718954248366013,22,306
6463,0.023973956090694564,0.06480046986704482,0.4109119577809242,0.08496732026143791,26,306
6464,0.024881807227715977,0.07010914093819513,0.42984046280802624,0.08496732026143791,26,306
6465,0.025071001129965395,0.06842784859976536,0.42591460362409006,0.0784313725490196,24,306
6466,0.024044685318187008,0.07121749640214291,0.4248258749159766,0.0718954248366013,22,306
6467,0.025544769133484576,0.07164418928825585,0.44008059095264657,0.06862745098039216,21,306
6468,0.023495207603051384,0.06545687155149062,0.40967127186396074,0.0784313725490196,24,306
6469,0.02523449579839475,0.07314489755476876,0.4423402840348393,0.06862745098039216,21,306
6470,0.02359244660605492,0.06651831867385262,0.40976959711674604,0.07516339869281045,23,306
6471,0.024988415792293633,0.07475399013965676,0.44247972712060757,0.08823529411764706,27,306
6472,0.023399757214321165,0.06951667604191422,0.42091431758699105,0.0718954248366013,22,306
6473,0.024905292562837675,0.07278877982929977,0.43481393286709286,0.06862745098039216,21,306
6474,0.02351392714741896,0.06903087901147603,0.4151274295276097,0.08496732026143791,26,306
6475,0.02409682606910338,0.06956882537882378,0.4239427353727778,0.05555555555555555,17,306
6476,0.024103193506153208,0.07064851500631783,0.43365190715235763,0.08169934640522876,25,306
6477,0.023345677721135074,0.07071330028423216,0.42276819553496087,0.08169934640522876,25,306
6478,0.02602643352592045,0.0718263754276756,0.44622144992205487,0.08169934640522876,25,306
6479,0.025721855019801183,0.07300258336408912,0.44117468285636646,0.08169934640522876,25,306
6480,0.024296226624195488,0.06544441437092932,0.416369903176442,0.06862745098039216,21,306
6481,0.024155263539388155,0.0714606421961405,0.43312631398292356,0.08169934640522876,25,306
6482,0.024038542143707212,0.06949257134616693,0.4211127558244304,0.0784313725490196,24,306
6483,0.02630664054023857,0.0758856669961348,0.45310064215328727,0.0915032679738562,28,306
6484,0.025188899864654613,0.06525198407275329,0.4216544385806839,0.08496732026143791,26,306
6485,0.024899662240546804,0.07268556258646375,0.43298508316528656,0.06862745098039216,21,306
6486,0.024942640833456035,0.0728337481901003,0.4392886257347578,0.08496732026143791,26,306
6487,0.02531442015151123,0.07112897156213001,0.43099891305902377,0.0784313725490196,24,306
6488,0.024377780303923176,0.0709447350613037,0.42828692381401867,0.06862745098039216,21,306
6489,0.025673017892209035,0.07410408838654238,0.4459997711703208,0.08169934640522876,25,306
6490,0.02199671297990963,0.06546068260649288,0.3985390655167975,0.07516339869281045,23,306
6491,0.02445740551850931,0.07087786642219461,0.42995845311136854,0.058823529411764705,18,306
6492,0.024355884206210758,0.06823202170871558,0.4179699231990389,0.07516339869281045,23,306
6493,0.023467214257464727,0.06528828745723556,0.409567583415569,0.06862745098039216,21,306
6494,0.023855301222164903,0.07001136793259646,0.4234582600363267,0.0718954248366013,22,306
6495,0.02344398248296344,0.06433152477204636,0.40870053345918966,0.0915032679738562,28,306
6496,0.025664849456149115,0.07328415549303363,0.4465414539265743,0.06862745098039216,21,306
6497,0.02281198479920104,0.06557930066896002,0.40825538822385266,0.0718954248366013,22,306
6498,0.023121702375190404,0.06781065013418582,0.40881852376253197,0.06209150326797386,19,306
6499,0.023669027820608247,0.06349801836600318,0.4117915218603853,0.06862745098039216,21,306
6500,0.0249384569500835,0.07153078560036945,0.4350820926474164,0.06535947712418301,20,306
6501,0.02449782837131256,0.06857210355717709,0.42360842951330785,0.06535947712418301,20,306
6502,0.024976027753599105,0.07059677618149172,0.4370879278042362,0.08496732026143791,26,306
6503,0.02424265553875215,0.07414220550146886,0.4384215757783785,0.08169934640522876,25,306
6504,0.02583295337657578,0.06633721408623086,0.4300406887773344,0.07516339869281045,23,306
6505,0.023676383064247453,0.06413463734678002,0.41484496789233566,0.07516339869281045,23,306
6506,0.02439507280365324,0.06641176791057501,0.4224499792623103,0.06862745098039216,21,306
6507,0.024717515805005877,0.06866997931254919,0.42230874844467325,0.08823529411764706,27,306
6508,0.024827449837274775,0.06823400969191545,0.4266046681254559,0.058823529411764705,18,306
6509,0.022967872321424186,0.06547088855921204,0.40868444387237024,0.06862745098039216,21,306
6510,0.02424811871531334,0.06652879455762171,0.42072124254515814,0.08169934640522876,25,306
6511,0.0251539823166829,0.07014009489634579,0.43247915504640955,0.09477124183006536,29,306
6512,0.02444604466926021,0.07209815794349367,0.43414174568441527,0.06535947712418301,20,306
6513,0.02528215802577123,0.07218581677598566,0.4394727621172466,0.08169934640522876,25,306
6514,0.026277553570770194,0.07217039410306712,0.4450826647216144,0.0915032679738562,28,306
6515,0.025697804251529465,0.0763320043771871,0.4519529182935027,0.06862745098039216,21,306
6516,0.024146116639176922,0.06724270690005418,0.417412150855966,0.06535947712418301,20,306
6517,0.02526733384114559,0.07345825952370644,0.4391920882138413,0.0784313725490196,24,306
6518,0.025296578042695674,0.07032980189223158,0.43687518771184625,0.08169934640522876,25,306
6519,0.02459632047256717,0.07067749203627137,0.4268889174925988,0.0784313725490196,24,306
6520,0.02403400546792931,0.06595061458438728,0.4196646930106835,0.0784313725490196,24,306
6521,0.025052991522067258,0.07049414306664759,0.43392006693268115,0.0718954248366013,22,306
6522,0.0247937574344866,0.07108154503793677,0.4342043162998241,0.08169934640522876,25,306
6523,0.02328304659533562,0.0675599774702077,0.4150148024198739,0.0718954248366013,22,306
6524,0.02441870326058079,0.06888123860615318,0.42824938144477337,0.0784313725490196,24,306
6525,0.025116283485021953,0.0710301935428434,0.43566846870039044,0.08496732026143791,26,306
6526,0.026412510878667916,0.070588392598435,0.44181469086540526,0.08169934640522876,25,306
6527,0.025686859088357158,0.07202739040137314,0.44855980320647587,0.06535947712418301,20,306
6528,0.02409034734040141,0.06847972040865205,0.4222068477281503,0.08496732026143791,26,306
6529,0.022404137711555805,0.0680723075539041,0.4121633700891006,0.0718954248366013,22,306
6530,0.024908639946901935,0.07301867707431736,0.4308076257490597,0.06862745098039216,21,306
6531,0.023999353612221042,0.06669466528769744,0.4176570701219948,0.06209150326797386,19,306
6532,0.02489485832087604,0.06897230318922855,0.4254605197294089,0.07516339869281045,23,306
6533,0.02415420644362136,0.06951740408837909,0.42488844553138544,0.0915032679738562,28,306
6534,0.02338358672085519,0.06336253572608602,0.40139407331130844,0.058823529411764705,18,306
6535,0.02568573968575023,0.06929444047599134,0.4353860070651163,0.09477124183006536,29,306
6536,0.023335331601927176,0.06909374648487952,0.41854020966519356,0.0915032679738562,28,306
6537,0.024091317176272574,0.06989942345758973,0.4244200597817537,0.07516339869281045,23,306
6538,0.02316459685711772,0.06448328224970408,0.41011284163556017,0.07516339869281045,23,306
6539,0.023338246143489776,0.06735694948871863,0.4145750203801433,0.08169934640522876,25,306
6540,0.023320959227942178,0.06654104216349788,0.41828813947168947,0.06209150326797386,19,306
6541,0.024640254155255947,0.06472004340539246,0.420590738118734,0.0718954248366013,22,306
6542,0.024022885405185587,0.07326543508237351,0.4280044621787446,0.06862745098039216,21,306
6543,0.025852424700366358,0.07658014668525362,0.45520659029476124,0.08169934640522876,25,306
6544,0.024719105237655813,0.06580566619363269,0.42252685173266974,0.06535947712418301,20,306
6545,0.024661077893345082,0.07009870443167059,0.43479784328027343,0.06535947712418301,20,306
6546,0.023732990211686233,0.06817734061227552,0.4181594227771342,0.05228758169934641,16,306
6547,0.02492702949842092,0.06987332369179568,0.43279379585532246,0.0718954248366013,22,306
6548,0.024831463440514404,0.06877956404777676,0.4319911042462207,0.06535947712418301,20,306
6549,0.023891956281777375,0.06284977909385361,0.41315556127629754,0.0718954248366013,22,306
6550,0.026522324418624663,0.07317863433577255,0.45349751862816606,0.08496732026143791,26,306
6551,0.024219525423177273,0.07247043266309493,0.4306592440039473,0.08823529411764706,27,306
6552,0.02382538797021333,0.07106071775774765,0.4292433603638392,0.0784313725490196,24,306
6553,0.023886369796432556,0.06788078576204523,0.41130168332832767,0.0915032679738562,28,306
6554,0.025006657969230104,0.06798561331094206,0.42751283591481815,0.0718954248366013,22,306
6555,0.023593160436744053,0.07089043492122629,0.42190293331045037,0.07516339869281045,23,306
6556,0.024440931479733478,0.06904915352946646,0.4274127229301641,0.0784313725490196,24,306
6557,0.024661458028680163,0.06601147393453903,0.412077558959397,0.08496732026143791,26,306
6558,0.02563822988855159,0.07280514029456961,0.44435505785100327,0.08823529411764706,27,306
6559,0.02589239528236996,0.07310016737420665,0.4425011799030334,0.08823529411764706,27,306
6560,0.024815392356795717,0.06870304939927975,0.4272053460333805,0.08169934640522876,25,306
6561,0.023263880170676526,0.06862159323195711,0.418404342043163,0.08496732026143791,26,306
6562,0.02487747753658906,0.07196894515435324,0.43171579353842193,0.0718954248366013,22,306
6563,0.025382451542018254,0.07442829006322216,0.43825352898270903,0.06535947712418301,20,306
6564,0.024443913844172164,0.07262524147892876,0.4277398778621587,0.05555555555555555,17,306
6565,0.02661471950029035,0.07370350580979251,0.4554264813146265,0.08169934640522876,25,306
6566,0.02495273458685079,0.07415265207709988,0.43706826275367916,0.09803921568627451,30,306
6567,0.025208031715978508,0.07026463906613965,0.4294257090144592,0.08169934640522876,25,306
6568,0.025747428665985953,0.07190052716565039,0.4375563135538679,0.08169934640522876,25,306
6569,0.025836666732983234,0.07245700190151105,0.4432895696571845,0.0718954248366013,22,306
6570,0.024441631263953573,0.0690735502796708,0.42371926888917494,0.0718954248366013,22,306
6571,0.02560911080388546,0.06973376371090173,0.437667152929735,0.0718954248366013,22,306
6572,0.02403233701658331,0.06865087504396597,0.41914088757311824,0.06862745098039216,21,306
6573,0.024307628831320448,0.06976946240704002,0.42770412322478224,0.0784313725490196,24,306
6574,0.026346370292735483,0.07420427606188053,0.45419294632513835,0.08169934640522876,25,306
6575,0.023239068115205642,0.0662126363439321,0.41073318459404184,0.0718954248366013,22,306
6576,0.024082821908697632,0.06909410992812093,0.41803428154631656,0.08169934640522876,25,306
6577,0.023600241816875644,0.06820421966866097,0.4205585589450952,0.06209150326797386,19,306
6578,0.024823185587453542,0.0724544059019628,0.4363245662962486,0.06862745098039216,21,306
6579,0.024742233838027785,0.06715775614909393,0.4283959754580169,0.06862745098039216,21,306
6580,0.02402501175706197,0.07061272584296861,0.42409648031349667,0.08169934640522876,25,306
6581,0.023197773723585433,0.07418148365666809,0.4315316571559331,0.08823529411764706,27,306
6582,0.025563217156976174,0.0695219477565422,0.4383983352640837,0.08496732026143791,26,306
6583,0.024710233911859232,0.06913840356452654,0.42352261838360433,0.0718954248366013,22,306
6584,0.02435131769372659,0.06756693209248363,0.4212432602508545,0.08496732026143791,26,306
6585,0.02330761833870594,0.06716026126609197,0.41879764305430417,0.08169934640522876,25,306
6586,0.02527141905889835,0.06854306873212065,0.43221099526608603,0.08496732026143791,26,306
6587,0.023932146582509986,0.0618958218712305,0.4069235279815792,0.0784313725490196,24,306
6588,0.024931266023891674,0.06533507490539593,0.4187171951202071,0.06535947712418301,20,306
6589,0.025482347711539847,0.06963164091107406,0.4351232104803993,0.08496732026143791,26,306
6590,0.02381654676914871,0.06612567447647102,0.41463401553181445,0.0718954248366013,22,306
6591,0.02426059426966755,0.06945704594080813,0.42661181905293116,0.08496732026143791,26,306
6592,0.025432513214048425,0.07009938872389529,0.43068427225011086,0.08496732026143791,26,306
6593,0.024016833726357798,0.06762138883903762,0.41842221936185126,0.0718954248366013,22,306
6594,0.02495891387673176,0.07230964622199412,0.43786201570343675,0.0784313725490196,24,306
6595,0.024813680827990178,0.07078949762880676,0.4303606927818538,0.08823529411764706,27,306
6596,0.02552093753055407,0.06722664832715355,0.4312170163470202,0.0784313725490196,24,306
6597,0.024351229454312073,0.06922326973304806,0.4209947655210881,0.08496732026143791,26,306
6598,0.024163594591184955,0.06662734340034823,0.419568155489767,0.0718954248366013,22,306
6599,0.025511563817764635,0.07106223095018212,0.435895510647731,0.08169934640522876,25,306
6600,0.02576737699000374,0.0767985874292079,0.4494947869738705,0.08169934640522876,25,306
6601,0.02622088883148957,0.07416365076709104,0.45028138899615283,0.06535947712418301,20,306
6602,0.023879150074030502,0.06573528371701894,0.41155732898556946,0.08169934640522876,25,306
6603,0.02615281662682538,0.0708674958123438,0.4353645542826905,0.06862745098039216,21,306
6604,0.02628725721206193,0.0741691605490282,0.445492055319575,0.0784313725490196,24,306
6605,0.025678589482879405,0.07547455744751394,0.44760872985226186,0.06862745098039216,21,306
6606,0.024449209283269897,0.06850654878711786,0.42312752964059436,0.07516339869281045,23,306
6607,0.024826805204500278,0.06916334572887063,0.4337555956007494,0.07516339869281045,23,306
6608,0.02531824151094085,0.07686066762740361,0.44654860485404957,0.0784313725490196,24,306
6609,0.025263720439529652,0.07065815549840081,0.4334820726248194,0.07516339869281045,23,306
6610,0.025620390204628925,0.07419921709415622,0.44033266114615066,0.07516339869281045,23,306
6611,0.02597238924017402,0.06980146985226056,0.4412533430585947,0.08169934640522876,25,306
6612,0.024775178875281946,0.07098737941855922,0.4295168833397692,0.08169934640522876,25,306
6613,0.02538154272457085,0.07015982445247367,0.4335714592182606,0.08496732026143791,26,306
6614,0.023685979339784204,0.0662929039481035,0.41826132349365713,0.05555555555555555,17,306
6615,0.023556606178494276,0.06902225511251397,0.42212997525779095,0.08169934640522876,25,306
6616,0.024449708248977204,0.06761230088476251,0.42344574591324496,0.08169934640522876,25,306
6617,0.025205314612079085,0.06848608591822637,0.4321359105275954,0.09477124183006536,29,306
6618,0.025188136982474494,0.07042969873617454,0.4317837273494372,0.0718954248366013,22,306
6619,0.02541693276593259,0.06797089805715832,0.4303732069049356,0.08169934640522876,25,306
6620,0.025503137667928694,0.0698471924645412,0.4341739248580541,0.06535947712418301,20,306
6621,0.025669888849390865,0.07035944848460539,0.42954012385406387,0.08496732026143791,26,306
6622,0.02241512396971141,0.0690760038888453,0.4135184708456687,0.06862745098039216,21,306
6623,0.024338483675926472,0.06986758201675315,0.4227485304844038,0.07516339869281045,23,306
6624,0.02400909913143687,0.06820608843166834,0.42200125856323567,0.06209150326797386,19,306
6625,0.025285580695726867,0.07359868765016088,0.443963544571731,0.06209150326797386,19,306
6626,0.0243401621607466,0.0687255900757989,0.4206425823429299,0.07516339869281045,23,306
6627,0.024853636928478435,0.06895279192615493,0.4307700833798144,0.07516339869281045,23,306
6628,0.025232174637452424,0.07042886592940023,0.4346119191659158,0.0718954248366013,22,306
6629,0.024735031194208397,0.07264456148471778,0.43680725390083097,0.08169934640522876,25,306
6630,0.02316620665314835,0.06567100341406673,0.4092189757011484,0.08496732026143791,26,306
6631,0.024723163463535643,0.07190564059415695,0.4306503053446032,0.0784313725490196,24,306
6632,0.024769035830520127,0.06873140633403511,0.4265993049298494,0.08823529411764706,27,306
6633,0.024436962317152512,0.0705476813799851,0.4259896883625806,0.08496732026143791,26,306
6634,0.025465188611581226,0.06681373537264486,0.42609337681097237,0.08823529411764706,27,306
6635,0.02494275546435267,0.06705846003197678,0.42625248494729767,0.0784313725490196,24,306
6636,0.02417762089200793,0.07225320207983979,0.43074147966991316,0.06862745098039216,21,306
6637,0.024975442785070693,0.07007680574556047,0.43530377139915044,0.0784313725490196,24,306
6638,0.02500137215285967,0.06934022332329355,0.4324702163870654,0.06862745098039216,21,306
6639,0.025556033902887715,0.07337227403654335,0.44114250368272767,0.0784313725490196,24,306
6640,0.025169866031151813,0.06776320768934564,0.4280652450622846,0.09477124183006536,29,306
6641,0.02495202207710008,0.07005600368953728,0.43308340841807186,0.0784313725490196,24,306
6642,0.024989928339926786,0.07652715221163031,0.44712604224767954,0.08823529411764706,27,306
6643,0.024598634958059223,0.06960195754813109,0.42549448663491657,0.058823529411764705,18,306
6644,0.024397909279815434,0.06942580324047073,0.4240303342343502,0.07516339869281045,23,306
6645,0.02554282428618231,0.07281878186495049,0.44197737446546814,0.06862745098039216,21,306
6646,0.025953592809694,0.07579696058405257,0.44290699503725633,0.09803921568627451,30,306
6647,0.024959493253735966,0.07318566188022364,0.4344438723702464,0.0915032679738562,28,306
6648,0.02411034011856347,0.0703710071535737,0.42762188755881636,0.058823529411764705,18,306
6649,0.02562529771151758,0.07107794721550209,0.43813017548376026,0.08496732026143791,26,306
6650,0.024208583408457645,0.07003229048670664,0.42497425666108896,0.0915032679738562,28,306
6651,0.02448866072664429,0.06991489736957232,0.4340076657942535,0.07516339869281045,23,306
6652,0.025079142147837446,0.0703053008662496,0.4310704223337767,0.06862745098039216,21,306
6653,0.02470266223435938,0.07247779874003005,0.4364693725776233,0.08496732026143791,26,306
6654,0.025289739482671065,0.07088003840645932,0.4375563135538679,0.08823529411764706,27,306
6655,0.02455807880033002,0.06817877169114021,0.42708199253443174,0.08169934640522876,25,306
6656,0.025160698304551924,0.06745970072880739,0.42506900645013657,0.08823529411764706,27,306
6657,0.025144746436547374,0.07209885142521488,0.438963258534632,0.08169934640522876,25,306
6658,0.02499399115376602,0.071416750121915007,0.4306377912215214,0.07516339869281045,23,306
6659,0.024897428739969772,0.06947731750682842,0.4243288854564437,0.07516339869281045,23,306
6660,0.02477650788021153,0.07083471775308663,0.42716780366413526,0.07516339869281045,23,306
6661,0.023153803029655175,0.06544194173186346,0.41199889875716883,0.06535947712418301,20,306
6662,0.025383906977719944,0.07117010037614938,0.435096394502367,0.058823529411764705,18,306
6663,0.025684723845670963,0.07046352493633606,0.4320572503253672,0.0784313725490196,24,306
6664,0.02479248023474747,0.06838422978790497,0.4256285665250783,0.08169934640522876,25,306
6665,0.02224453147041183,0.07011906995938097,0.41615895081592086,0.07516339869281045,23,306
6666,0.023780173299741917,0.06998480476727237,0.4180271306188413,0.0915032679738562,28,306
6667,0.025734648482522434,0.07684472024582852,0.45241772857939677,0.08496732026143791,26,306
6668,0.024188210143955294,0.06664047802610609,0.420762360378141,0.09477124183006536,29,306
6669,0.02354432693548352,0.07093930110435959,0.4223999227699833,0.0784313725490196,24,306
6670,0.025432767194081947,0.07326848346358886,0.4421186052831052,0.0915032679738562,28,306
6671,0.025285180542439892,0.07170031729173379,0.43852347649490137,0.09803921568627451,30,306
6672,0.02512037707992981,0.07326446206193712,0.4361207648632028,0.06862745098039216,21,306
6673,0.024814711751787007,0.06559117599439353,0.4240160323793996,0.07516339869281045,23,306
6674,0.024928352933391323,0.07289300476996358,0.4362852361951345,0.06535947712418301,20,306
6675,0.023810160795932254,0.0658678161515367,0.41655046409519314,0.0718954248366013,22,306
6676,0.025389065717354213,0.07099641303601227,0.43949779036341013,0.06209150326797386,19,306
6677,0.025575158215519426,0.07363504847703907,0.44264062298880164,0.06862745098039216,21,306
6678,0.024688349453181154,0.07201057985091511,0.4326775932838489,0.0718954248366013,22,306
6679,0.02368468160418868,0.0652725617706116,0.4124100770869982,0.06862745098039216,21,306
6680,0.025564039192358404,0.07181621723144505,0.4409404899815506,0.0784313725490196,24,306
6681,0.023846668026875812,0.06423814138751645,0.414921840362695,0.06535947712418301,20,306
6682,0.023590025919777182,0.06999782679908215,0.4184365212168018,0.08823529411764706,27,306
6683,0.025786219091871385,0.0717502085020769,0.4422991662018564,0.08496732026143791,26,306
6684,0.0251017743083418,0.07171884252430194,0.43156383632957196,0.08169934640522876,25,306
6685,0.025609577772263723,0.07323273603802188,0.44327348007036516,0.07516339869281045,23,306
6686,0.02419163285954586,0.06872808385905516,0.41508452396275797,0.07516339869281045,23,306
6687,0.022278949218446704,0.06505697267627718,0.3982280001716223,0.06535947712418301,20,306
6688,0.025033953585021387,0.0663860124375876,0.4288482716208292,0.06535947712418301,20,306
6689,0.023618031677036157,0.06827934846417313,0.4161947054532973,0.0915032679738562,28,306
6690,0.02453271156533951,0.07071398175034019,0.43340341242259123,0.0915032679738562,28,306
6691,0.02417896106710959,0.06927828532097317,0.41802176742323477,0.07516339869281045,23,306
6692,0.022648717163048074,0.06507572898217935,0.4077512478368444,0.08823529411764706,27,306
6693,0.024000418608917624,0.06870037363008998,0.42055140801761987,0.08496732026143791,26,306
6694,0.023594178072040718,0.0697327386034261,0.4256500193075042,0.0915032679738562,28,306
6695,0.02411951654464026,0.06715198081233988,0.4165325867765049,0.05228758169934641,16,306
6696,0.02444601169400025,0.07534909652778486,0.4407563535990618,0.06535947712418301,20,306
6697,0.024237028329490734,0.06742935934401578,0.427028360578367,0.06862745098039216,21,306
6698,0.02300808373936612,0.0686471258304673,0.41403333762388983,0.08169934640522876,25,306
6699,0.025838301522907645,0.07071724816815453,0.4381587791936614,0.07516339869281045,23,306
6700,0.02504635134135092,0.07246934440183,0.43533058737718283,0.08169934640522876,25,306
6701,0.024422367075380293,0.06933696275064552,0.42428597989159195,0.07516339869281045,23,306
6702,0.02504172454621781,0.07352150092902131,0.4397784642668154,0.058823529411764705,18,306
6703,0.026389600014492087,0.07142446279493911,0.4429963816306975,0.08823529411764706,27,306
6704,0.02441422614617913,0.06825040283142554,0.42481693625663247,0.0915032679738562,28,306
6705,0.025070198502094916,0.0706700147877854,0.4360492555884498,0.07516339869281045,23,306
6706,0.024145322638268334,0.07210419581400125,0.42846390926903216,0.08169934640522876,25,306
6707,0.025525208028451,0.073162482467028,0.44090652307604294,0.06862745098039216,21,306
6708,0.024626131437009303,0.06840102856053443,0.4323379242287725,0.06535947712418301,20,306
6709,0.024316611926540645,0.06606997345928914,0.4209643740793181,0.08169934640522876,25,306
6710,0.02292828221863915,0.06789206782614547,0.41421389854264096,0.0718954248366013,22,306
6711,0.024219162703481657,0.06824273889855775,0.42064258234292984,0.08496732026143791,26,306
6712,0.023880559443735995,0.06944019244762516,0.4193446890061641,0.08823529411764706,27,306
6713,0.02521663744238873,0.06796066412358524,0.4286641352383404,0.06209150326797386,19,306
6714,0.02422069434919071,0.07085965219518552,0.4389900745126643,0.06535947712418301,20,306
6715,0.024519780511355324,0.06869752895238931,0.42314004376367614,0.07516339869281045,23,306
6716,0.024592881798461405,0.07123667445763744,0.4324559145321148,0.06535947712418301,20,306
6717,0.02422143452914409,0.07104094317429752,0.4320965804264813,0.0784313725490196,24,306
6718,0.024863296000812742,0.07163828167945926,0.43441705639221406,0.06862745098039216,21,306
6719,0.024219264585411588,0.06887389744323186,0.42592354228343415,0.0718954248366013,22,306
6720,0.025022850867823354,0.07537025661750955,0.4412175884212182,0.06862745098039216,21,306
6721,0.024444952189713466,0.06748522360837411,0.41908189242144706,0.08169934640522876,25,306
6722,0.025340375531364128,0.07094861930305671,0.44063300010011297,0.06209150326797386,19,306
6723,0.025069405729303978,0.07240489115056888,0.4363352926874616,0.0915032679738562,28,306
6724,0.024776112013497387,0.06965874794480173,0.43055019235994907,0.0784313725490196,24,306
6725,0.02470857669132867,0.06533080291064644,0.42365491054189724,0.0718954248366013,22,306
6726,0.023984976536846236,0.06862201351547144,0.42284149254158265,0.0718954248366013,22,306
6727,0.02474592600284671,0.07400664864884533,0.4372559745999056,0.08823529411764706,27,306
6728,0.025996101430128572,0.07521604539467357,0.44721900430485834,0.09477124183006536,29,306
6729,0.025010333676888766,0.07045860565928865,0.4362548447533645,0.08823529411764706,27,306
6730,0.02329604725771007,0.06721517528522342,0.4146429541911586,0.09477124183006536,29,306
6731,0.024544244521325403,0.07481377259009132,0.43940125284249365,0.06535947712418301,20,306
6732,0.022831157085667797,0.06864945692034374,0.4150148024198739,0.0784313725490196,24,306
6733,0.025062292188865607,0.0689940703328481,0.4252191759271178,0.06209150326797386,19,306
6734,0.023096527818307358,0.07063292953000055,0.41992391413166286,0.07516339869281045,23,306
6735,0.023668893057280888,0.06444280696550767,0.4109906179831524,0.08823529411764706,27,306
6736,0.023681525170109737,0.06884714489373948,0.4172655568427225,0.0784313725490196,24,306
6737,0.024700877333541395,0.07035992558298344,0.4307468428655197,0.07516339869281045,23,306
6738,0.02622029172176881,0.06985979877625534,0.44166273365655523,0.08496732026143791,26,306
6739,0.025732434317137048,0.06985390563026381,0.4355290256146222,0.08496732026143791,26,306
6740,0.02354661698203517,0.06572939992414437,0.4126532086211582,0.08823529411764706,27,306
6741,0.02596729517008199,0.07533376576706234,0.4476820268588836,0.09477124183006536,29,306
6742,0.024175823678322765,0.0686315189110739,0.42038693668568816,0.06862745098039216,21,306
6743,0.023744727647334086,0.07060723239637078,0.4286301683328328,0.0718954248366013,22,306
6744,0.02303841511210522,0.062402113307915924,0.4001802033723774,0.06862745098039216,21,306
6745,0.02354308955517004,0.06914269071636707,0.42320082664721614,0.0784313725490196,24,306
6746,0.023818122183930097,0.06947246935440186,0.4190300481972512,0.0784313725490196,24,306
6747,0.024949734166465874,0.06982915874270613,0.4277148496159952,0.0915032679738562,28,306
6748,0.02386382439131083,0.07034539780354965,0.4259432073339912,0.08496732026143791,26,306
6749,0.025003155025195574,0.07425049983431395,0.43375559560074944,0.07516339869281045,23,306
6750,0.024009563867427742,0.07216985343917534,0.42738411922026287,0.07516339869281045,23,306
6751,0.025475368873309777,0.07396494335042722,0.4421168175512364,0.09477124183006536,29,306
6752,0.025317264400804253,0.07051244160434489,0.43395582157005763,0.0718954248366013,22,306
6753,0.024516115368068442,0.06972000050367001,0.42446654081034313,0.08496732026143791,26,306
6754,0.023659537759331196,0.06864571820730696,0.42077844996496044,0.08169934640522876,25,306
6755,0.023331074721256822,0.06820358075417289,0.4184758513179159,0.08823529411764706,27,306
6756,0.026352631348160703,0.07337273826548107,0.44812180889861414,0.09477124183006536,29,306
6757,0.023469609657213984,0.06776786551811814,0.41759986270219246,0.08169934640522876,25,306
6758,0.023630117096637992,0.06337999419322347,0.4140673045293975,0.06209150326797386,19,306
6759,0.02356315600780155,0.06732483473493724,0.4152239670485262,0.08169934640522876,25,306
6760,0.025125681441374,0.07010738295271365,0.4369663620371562,0.0784313725490196,24,306
6761,0.024402799116025106,0.0686884020890425,0.4290771013000386,0.06209150326797386,19,306
6762,0.024542629046121346,0.0693477187035572,0.43475851317915937,0.10130718954248366,31,306
6763,0.02503734789299722,0.0709526370487647,0.435845454155404,0.08496732026143791,26,306
6764,0.024803117797221247,0.07512067897484666,0.440481042891263,0.06862745098039216,21,306
6765,0.023233545188967083,0.06380032756893594,0.4118237010340241,0.08496732026143791,26,306
6766,0.023360830708144327,0.06571454472652268,0.4153902261123268,0.08823529411764706,27,306
6767,0.024331853944294365,0.06817516491839103,0.42135946282232806,0.0784313725490196,24,306
6768,0.02457625376599422,0.06781456952004548,0.42503325181276014,0.08169934640522876,25,306
6769,0.02320468893867196,0.0673438330621429,0.4106992176885342,0.0718954248366013,22,306
6770,0.024384311508092567,0.0694572203689748,0.4270140587234164,0.0784313725490196,24,306
6771,0.02555450573625586,0.07354096040718086,0.43824637805523375,0.08169934640522876,25,306
6772,0.0266200441576161,0.07282145112025658,0.4448019908182091,0.06862745098039216,21,306
6773,0.02298650543199637,0.07072874962240973,0.42170985826861745,0.0784313725490196,24,306
6774,0.02525386677489781,0.07004524851036845,0.43812481228815375,0.0784313725490196,24,306
6775,0.023973246351764593,0.06740096753742258,0.42110560489695514,0.08823529411764706,27,306
6776,0.025546945909915502,0.07267209771822099,0.4388935369917478,0.0718954248366013,22,306
6777,0.024897283618913527,0.0716235985005645,0.4319535618769754,0.09477124183006536,29,306
6778,0.024374290067804946,0.06483664602046452,0.4110585517941677,0.0784313725490196,24,306
6779,0.025752171139605724,0.06909227610684963,0.42865877204273395,0.07516339869281045,23,306
6780,0.02661168339148153,0.07180124293820646,0.44565473891963786,0.0718954248366013,22,306
6781,0.022984532089644395,0.06648450861461204,0.4070522446761345,0.06862745098039216,21,306
6782,0.023110279630294304,0.06503094812221581,0.40769940361264856,0.08169934640522876,25,306
6783,0.024204540119498408,0.07116128840224435,0.4221424893808727,0.07516339869281045,23,306
6784,0.026524210628160794,0.07702084509034875,0.4558859284049141,0.08169934640522876,25,306
6785,0.02520163207219854,0.07107708779649348,0.44079032050456946,0.07516339869281045,23,306
6786,0.024421550154528727,0.06829520741000135,0.43129567654924844,0.0718954248366013,22,306
6787,0.02416310273929228,0.06975666087017773,0.42521381273151126,0.08169934640522876,25,306
6788,0.024176279269591858,0.06967660681965221,0.4251977231446919,0.06862745098039216,21,306
6789,0.022569994506368457,0.06537581257209434,0.39887694684000513,0.06209150326797386,19,306
6790,0.02423228242552111,0.07020791180356507,0.42664936142217647,0.08823529411764706,27,306
6791,0.024448431949954955,0.06975464717996233,0.4258055519800918,0.07516339869281045,23,306
6792,0.02541955159935124,0.07129749224241112,0.4343956036097882,0.08169934640522876,25,306
6793,0.024644222502412855,0.0701277641001614,0.4272697043806582,0.06862745098039216,21,306
6794,0.02271730926508664,0.06586239574995735,0.40544507372606226,0.08496732026143791,26,306
6795,0.026081433038160393,0.070474244905102,0.4467720713376525,0.06535947712418301,20,306
6796,0.02402332327477037,0.0658079090856597,0.41958603280845524,0.0784313725490196,24,306
6797,0.024151764167277545,0.07281206930616037,0.43004247650920324,0.06862745098039216,21,306
6798,0.025958565210705605,0.06935601569476277,0.4394477338710831,0.08496732026143791,26,306
6799,0.02287779303300019,0.06914208914537709,0.4204155403955893,0.0718954248366013,22,306
6800,0.023419988004646126,0.06733139745673695,0.41379199382159865,0.0915032679738562,28,306
6801,0.026136555530740922,0.07023240108448514,0.4373489366570844,0.07516339869281045,23,306
6802,0.02358608288697619,0.06774871780052498,0.42022782854936286,0.07516339869281045,23,306
6803,0.024079304174127687,0.07224542488123534,0.433567883754523,0.08496732026143791,26,306
6804,0.02538537575796482,0.07387390707808038,0.45196722014845325,0.06862745098039216,21,306
6805,0.0248037047087142,0.07123456317215347,0.43215200011441485,0.06209150326797386,19,306
6806,0.026168892881649388,0.07315691087266715,0.4376278228286209,0.08496732026143791,26,306
6807,0.02387364542075839,0.06613842060328096,0.4225018234865062,0.08823529411764706,27,306
6808,0.023161274589076675,0.06596876271883868,0.40922612662862373,0.08169934640522876,25,306
6809,0.024294476861237778,0.06612232103470109,0.4181951774145107,0.0915032679738562,28,306
6810,0.025182677433720616,0.07542396872054885,0.4355880207662934,0.08823529411764706,27,306
6811,0.024770347339749914,0.06898743022928974,0.41975407960412464,0.0718954248366013,22,306
6812,0.023941284227362015,0.06590501974115323,0.4127890762431887,0.08496732026143791,26,306
6813,0.022933191715708224,0.06783078213101501,0.41178079546917234,0.0718954248366013,22,306
6814,0.02378771058597362,0.06911376422600851,0.42182606084009094,0.0718954248366013,22,306
6815,0.02571001835297259,0.0728214228447734,0.43860571216086724,0.07516339869281045,23,306
6816,0.022961942238127746,0.06598348475629896,0.40789605411821916,0.06535947712418301,20,306
6817,0.025226974774359527,0.07153031489143659,0.4333730209808212,0.08496732026143791,26,306
6818,0.024767097066699845,0.07452021107536488,0.43822313754093906,0.07516339869281045,23,306
6819,0.025403658256221342,0.0723683132178974,0.4387862730796184,0.08496732026143791,26,306
6820,0.02500885802410358,0.0714380492325919,0.43064672988086555,0.0718954248366013,22,306
6821,0.023250164728409968,0.07045155853371672,0.42164907538507745,0.06862745098039216,21,306
6822,0.026940497624578844,0.07862739853278779,0.46212153716337007,0.0784313725490196,24,306
6823,0.02392607313593557,0.06670684906895322,0.4169276755195149,0.07516339869281045,23,306
6824,0.02353968304011747,0.06912388466239777,0.41661303471060196,0.07516339869281045,23,306
6825,0.02329200644454789,0.06785620477212234,0.41306975014659403,0.0718954248366013,22,306
6826,0.024515727653974927,0.07098354254161976,0.4254962743667854,0.06862745098039216,21,306
6827,0.023139706758740598,0.0667389898536967,0.41580855536963146,0.05555555555555555,17,306
6828,0.02557553497243623,0.07152582233519725,0.4384108493871655,0.08169934640522876,25,306
6829,0.024495404259856985,0.07061775210965815,0.4318087555956008,0.0915032679738562,28,306
6830,0.024719366010657027,0.07298292695798526,0.433628666638063,0.07516339869281045,23,306
6831,0.025505527963593812,0.06861254643896882,0.4349372863660417,0.06209150326797386,19,306
6832,0.024842145163699716,0.07087754936544359,0.4296152085925545,0.08496732026143791,26,306
6833,0.02446422597523474,0.06956957252542513,0.42804200454798985,0.08169934640522876,25,306
6834,0.02403997559788546,0.06706164559832134,0.41341657012914573,0.0915032679738562,28,306
6835,0.024327229428345053,0.06719096561448307,0.42006872041303756,0.049019607843137254,15,306
6836,0.024356340765443497,0.06884117117357284,0.4228343416141074,0.08169934640522876,25,306
6837,0.024178783037808026,0.073646011530786,0.43451180618126173,0.08496732026143791,26,306
6838,0.024321308664329522,0.06678863684954144,0.41828813947168947,0.06209150326797386,19,306
6839,0.02281887427540687,0.0630169955946226,0.4017015631927461,0.0718954248366013,22,306
6840,0.023725963127785195,0.0688442485972012,0.41369903176441986,0.05555555555555555,17,306
6841,0.024566050756588995,0.06886193149164745,0.4261023154703165,0.08823529411764706,27,306
6842,0.024861824978380846,0.07348205349090245,0.44119971110253,0.08496732026143791,26,306
6843,0.025339259090597685,0.07024941376064091,0.43109545057994025,0.06862745098039216,21,306
6844,0.023141164666701682,0.06395013012952172,0.4003232219218833,0.06862745098039216,21,306
6845,0.023464213362380706,0.07130341344477846,0.4235547975572432,0.10130718954248366,31,306
6846,0.0244167744043673,0.0729020011612647,0.43760994550993265,0.07516339869281045,23,306
6847,0.024577957519626457,0.07077132684123033,0.43243624948155773,0.08169934640522876,25,306
6848,0.02595946778137181,0.07023860159792229,0.4397695256074713,0.09477124183006536,29,306
6849,0.023050669118004418,0.06758620830784466,0.41588900330372847,0.06209150326797386,19,306
6850,0.023805395527193452,0.07050011987525129,0.42463101214227483,0.05555555555555555,17,306
6851,0.024624601352714933,0.07298300008654744,0.43516432831338225,0.0784313725490196,24,306
6852,0.023139482673700893,0.06403070081873383,0.39894309291915164,0.0784313725490196,24,306
6853,0.02365713569915383,0.0697235748667434,0.4275164113785558,0.0784313725490196,24,306
6854,0.026244382812220142,0.06979289028104071,0.44411371404871214,0.08169934640522876,25,306
6855,0.027075948888875663,0.07550082877421167,0.4565366628051658,0.08823529411764706,27,306
6856,0.023263754531037732,0.06912365514162291,0.41949485848314527,0.0784313725490196,24,306
6857,0.023779727726795857,0.0695991041699846,0.42263590337666795,0.08823529411764706,27,306
6858,0.024856104747829483,0.06669787035778921,0.42346719869567084,0.0784313725490196,24,306
6859,0.024162649603954377,0.06802205893401721,0.4242216215443143,0.08496732026143791,26,306
6860,0.024821790354114588,0.06945085765623941,0.4306038243160138,0.06862745098039216,21,306
6861,0.02307639055391628,0.06901973371501047,0.4174479054933425,0.07516339869281045,23,306
6862,0.024721039148666073,0.06974530294638585,0.4286891634845039,0.06535947712418301,20,306
6863,0.023730713948174074,0.06665487772852292,0.41483960469672915,0.0784313725490196,24,306
6864,0.024705996425691743,0.07342871717148605,0.4417503325181276,0.07516339869281045,23,306
6865,0.02391287487694614,0.06262034693800692,0.4098053517541225,0.0784313725490196,24,306
6866,0.026565831479706054,0.0747480494314792,0.4532490238983996,0.0718954248366013,22,306
6867,0.02311111262732774,0.06571023854590921,0.4116342014559288,0.0784313725490196,24,306
6868,0.023739761550556765,0.06968714963369312,0.4192553024127229,0.05228758169934641,16,306
6869,0.024188295994735876,0.06762483841154093,0.4228593698602709,0.0915032679738562,28,306
6870,0.025257463079439657,0.07445414322450875,0.44452131691480384,0.07516339869281045,23,306
6871,0.025540676367640843,0.06736379163080329,0.43179981693625663,0.0784313725490196,24,306
6872,0.026412654245452735,0.07362301280828175,0.44882617525493057,0.07516339869281045,23,306
6873,0.02579962319025539,0.06952632773981389,0.4375062570615409,0.0784313725490196,24,306
6874,0.025092493630149468,0.0695947128873451,0.4329975972883683,0.06535947712418301,20,306
6875,0.02413440673140514,0.06676845723010745,0.4234099912758685,0.0915032679738562,28,306
6876,0.02341903203849645,0.0665020459190019,0.4200794468042505,0.08169934640522876,25,306
6877,0.02629017339945892,0.0727978338530741,0.4420453082764835,0.06535947712418301,20,306
6878,0.024025933593739314,0.06914488637282493,0.4257197408503883,0.06535947712418301,20,306
6879,0.02507382852799676,0.07478698895173305,0.44311437193403985,0.08823529411764706,27,306
6880,0.02416391241817725,0.07327015509736552,0.4327830694641095,0.06209150326797386,19,306
6881,0.024653055092787823,0.0662689517377545,0.41963608930078233,0.0718954248366013,22,306
6882,0.024973162738853954,0.0718593980657642,0.43609216115330157,0.06535947712418301,20,306
6883,0.024072328645257473,0.06920116491609286,0.42791150012156576,0.06862745098039216,21,306
6884,0.0242813188541385,0.07255027877490902,0.4278453540424193,0.0718954248366013,22,306
6885,0.025692644083985805,0.0698372346148504,0.4379138599276326,0.0915032679738562,28,306
6886,0.024843992187045746,0.06880076884494711,0.4287267058537492,0.06535947712418301,20,306
6887,0.02423144450376527,0.07215226372344867,0.42982616095307563,0.08496732026143791,26,306
6888,0.02360149175422888,0.06755628401190127,0.4236996038386179,0.06209150326797386,19,306
6889,0.023959626655021295,0.06824559659818091,0.4198810085668111,0.0915032679738562,28,306
6890,0.02447577698712106,0.068045610893319,0.422655568427225,0.0718954248366013,22,306
6891,0.025211955416384768,0.06918603421775654,0.43435448577680524,0.0718954248366013,22,306
6892,0.023834094774840595,0.06942050798630457,0.4215918679652751,0.08496732026143791,26,306
6893,0.024000247498696555,0.06993957142555848,0.4191712790148882,0.0718954248366013,22,306
6894,0.025098660831979917,0.06601300245550291,0.43036426824559143,0.0718954248366013,22,306
6895,0.02545263386000606,0.0710990513513361,0.43200719383304015,0.09477124183006536,29,306
6896,0.025649543112685375,0.07514656443438447,0.44958059810357404,0.08823529411764706,27,306
6897,0.024162847964570123,0.06702274927682385,0.4197147495030105,0.07516339869281045,23,306
6898,0.02414236597114808,0.06714042803413642,0.41587827691251555,0.058823529411764705,18,306
6899,0.024360617278385264,0.06963707688384359,0.4228218274910256,0.08496732026143791,26,306
6900,0.02358799200390177,0.06859317632100774,0.41950200941062055,0.08496732026143791,26,306
6901,0.026042457949031466,0.07033682918305863,0.4395299695370489,0.0915032679738562,28,306
6902,0.0249777857662935,0.07338674151700417,0.44146429541911586,0.08496732026143791,26,306
6903,0.025329656186611933,0.07013707052393088,0.4363728350567069,0.08496732026143791,26,306
6904,0.024600156563565324,0.06931727308102979,0.4261094663977918,0.0915032679738562,28,306
6905,0.023963386305010693,0.0669379826655206,0.41882982222794296,0.06862745098039216,21,306
6906,0.02407536898791524,0.06967788319751458,0.42656355029247295,0.0784313725490196,24,306
6907,0.02475200427684872,0.0724917285772677,0.43333011541596944,0.07516339869281045,23,306
6908,0.025338382257348902,0.07123516566816653,0.43408096280087527,0.0718954248366013,22,306
6909,0.02435291280040857,0.06996671079767539,0.4315924400394731,0.08823529411764706,27,306
6910,0.02571173437828436,0.07256698636269651,0.4408439524606341,0.08496732026143791,26,306
6911,0.02514037918189234,0.07120062706995961,0.4324916691694913,0.09477124183006536,29,306
6912,0.02548002263774681,0.06811596816733417,0.4337216286952418,0.08823529411764706,27,306
6913,0.022780400919967386,0.06870799618412235,0.41499871283305445,0.09477124183006536,29,306
6914,0.024766639088009648,0.07391242857175591,0.44317515481757985,0.08169934640522876,25,306
6915,0.02513657962787421,0.07000768019317195,0.4305430414324738,0.06862745098039216,21,306
6916,0.024186003143589225,0.06884887908636796,0.423293788704395,0.07516339869281045,23,306
6917,0.024166416652675066,0.0654272870782157,0.42059610131434044,0.07516339869281045,23,306
6918,0.02388269245824461,0.068805378001862455,0.4223802577194262,0.08496732026143791,26,306
6919,0.025547160872592435,0.06990629779171831,0.43568277055534105,0.07516339869281045,23,306
6920,0.02464442370913265,0.07030612203021519,0.427241100670757,0.0718954248366013,22,306
6921,0.024379133285738146,0.07126952373610888,0.4288786630625992,0.0915032679738562,28,306
6922,0.023696385740811798,0.06884027684570831,0.4193893823028847,0.07516339869281045,23,306
6923,0.026484617540740704,0.0726856077608278,0.449743281703637,0.08169934640522876,25,306
6924,0.02383878921162257,0.06965253668481583,0.42368172651992964,0.10130718954248366,31,306
6925,0.024209391630034577,0.07125937436246332,0.4280759714534975,0.06862745098039216,21,306
6926,0.025000217338831614,0.0698760921311165,0.4255785100327512,0.08496732026143791,26,306
6927,0.0260043861500435,0.07311239801864998,0.4504798272335922,0.0718954248366013,22,306
6928,0.025260424893675082,0.07067128070039753,0.43684837173381386,0.0784313725490196,24,306
6929,0.024404778405027555,0.06870213146470858,0.4253192889117719,0.08823529411764706,27,306
6930,0.025512113121759102,0.07250315188244584,0.4372255831581356,0.0915032679738562,28,306
6931,0.02384248406855576,0.0693282732487087,0.4228611575921397,0.058823529411764705,18,306
6932,0.023701084865804783,0.06394412440054827,0.41571916877619025,0.0784313725490196,24,306
6933,0.024714204150329905,0.06106828525830289,0.40787996453139974,0.07516339869281045,23,306
6934,0.02622794438629837,0.07264105601323446,0.44224553424579166,0.0718954248366013,22,306
6935,0.026423770860557416,0.07469566543472121,0.4579132163441598,0.0784313725490196,24,306
6936,0.023750245443992943,0.06603206307950252,0.412594213469487,0.0784313725490196,24,306
6937,0.02429966716253295,0.07239582084946426,0.43814626507057963,0.06862745098039216,21,306
6938,0.024208741852898417,0.070825822752247,0.423404628080262,0.06535947712418301,20,306
6939,0.025587385615521954,0.06787106664430488,0.4284817865877204,0.06209150326797386,19,306
6940,0.025630788256104355,0.06911703764484418,0.42977789219261736,0.0915032679738562,28,306
6941,0.024082139193917513,0.06810618814274605,0.42098403912987514,0.09477124183006536,29,306
6942,0.025119297795907512,0.07330801692072685,0.4426352597931952,0.0915032679738562,28,306
6943,0.022314135297529868,0.06834125627068724,0.40624061440768866,0.06535947712418301,20,306
6944,0.02614619351560047,0.07663308242429301,0.4554264813146265,0.10130718954248366,31,306
6945,0.024325498769837844,0.06832282723458427,0.4184990918322106,0.0784313725490196,24,306
6946,0.025431663251196102,0.06932960323952178,0.4343348207262482,0.06535947712418301,20,306
6947,0.024613794039778737,0.07505074400934979,0.444397963415855,0.0784313725490196,24,306
6948,0.026385401623584475,0.07304204247520286,0.4470366556542384,0.10130718954248366,31,306
6949,0.025092243910942207,0.06971688975276381,0.4285675977174239,0.08169934640522876,25,306
6950,0.024657909426163468,0.07053135587217466,0.43401302898986,0.07516339869281045,23,306
6951,0.024409312101839744,0.06772345842724017,0.4244146965861472,0.0784313725490196,24,306
6952,0.023829606960546368,0.06644417914333026,0.4227235022382403,0.0718954248366013,22,306
6953,0.022818960025244407,0.0679761227653551,0.40718096137068976,0.07516339869281045,23,306
6954,0.023319999134948394,0.07264687649613691,0.42764512807311106,0.06862745098039216,21,306
6955,0.023533585832556138,0.06719034720051045,0.41249231275296405,0.08169934640522876,25,306
6956,0.024637522649330418,0.07010161990486591,0.42785608043363227,0.0784313725490196,24,306
6957,0.023298699456530507,0.06330691221527504,0.4064283262539151,0.049019607843137254,15,306
6958,0.024032625289729815,0.06846598263169214,0.42269489852833914,0.07516339869281045,23,306
6959,0.02646675524803517,0.07907046043678545,0.4626667953833612,0.08823529411764706,27,306
6960,0.02567768541708201,0.07132951117609786,0.43889532472361664,0.07516339869281045,23,306
6961,0.0247845414570705,0.06985548697437494,0.4325327870024742,0.058823529411764705,18,306
6962,0.024881474205425736,0.07227364871733974,0.4353466769640022,0.0784313725490196,24,306
6963,0.024431623164580665,0.0671755143000184,0.4195913960040617,0.09477124183006536,29,306
6964,0.024197578155570432,0.07155692647290056,0.43090058780623847,0.07516339869281045,23,306
6965,0.023808945363307278,0.06717690229677481,0.41898177943679293,0.0784313725490196,24,306
6966,0.024953600110193028,0.07238231707078144,0.4360224396104175,0.0718954248366013,22,306
6967,0.02666349968454294,0.06933778680911155,0.4455152958338697,0.08823529411764706,27,306
6968,0.02552917141120291,0.07117109730337727,0.4345100184493929,0.09477124183006536,29,306
6969,0.02535685004221,0.07161157324794877,0.4385234764949014,0.08496732026143791,26,306
6970,0.023523920127589085,0.06362071305321972,0.40873271263282845,0.05555555555555555,17,306
6971,0.024926258766027182,0.07010864371736902,0.431431544171279,0.05228758169934641,16,306
6972,0.024079833781624614,0.07042486817134405,0.41949307075127645,0.08496732026143791,26,306
6973,0.023207890882806857,0.06875346343485679,0.41872255831581356,0.06535947712418301,20,306
6974,0.025335319164705015,0.0706031636393058,0.43662490525021097,0.0718954248366013,22,306
6975,0.025050948210254415,0.07090662920213277,0.4330601679037771,0.06862745098039216,21,306
6976,0.0243694972855262,0.06570165263415575,0.4135738905336022,0.06535947712418301,20,306
6977,0.024651077137652067,0.07457074613530784,0.44029511877690536,0.07516339869281045,23,306
6978,0.02360117735021935,0.0693650823828437,0.4214846040531457,0.06535947712418301,20,306
6979,0.02595198047404661,0.07243762860474384,0.4460694927132049,0.08169934640522876,25,306
6980,0.023512894962488422,0.06867973738934263,0.4141852948327398,0.0718954248366013,22,306
6981,0.024111874694430963,0.06914288303460717,0.4222676306116903,0.0718954248366013,22,306
6982,0.02317933541239751,0.06743328925999811,0.41288203830036757,0.08496732026143791,26,306
6983,0.024288415393532978,0.06826038627031845,0.415560060639865,0.07516339869281045,23,306
6984,0.02589707937309212,0.07103771207011762,0.4418718982852076,0.0718954248366013,22,306
6985,0.025088112984624086,0.07032676888437296,0.43414889661189054,0.0784313725490196,24,306
6986,0.02488714037402494,0.07098223577514519,0.4342400709372006,0.06209150326797386,19,306
6987,0.024456464884295,0.07379008916579219,0.4323987071123125,0.07516339869281045,23,306
6988,0.02502984260035932,0.07774950691480165,0.4503117804379228,0.06535947712418301,20,306
6989,0.024798874205293704,0.06932929264082517,0.429549062513408,0.0718954248366013,22,306
6990,0.02314171641449823,0.0702113924934715,0.4105865905807983,0.06862745098039216,21,306
6991,0.025289367940017765,0.0715275462886796,0.43826783083765963,0.10457516339869281,32,306
6992,0.025552273458280452,0.07306599503310214,0.4425673259821799,0.08169934640522876,25,306
6993,0.0236972566076904,0.07150661633428498,0.41937329271606527,0.0718954248366013,22,306
6994,0.022837300559699042,0.06743828427801041,0.4143515538965404,0.058823529411764705,18,306
6995,0.025333291751947706,0.07387270476375976,0.4422884398106434,0.08169934640522876,25,306
6996,0.024259359655367966,0.06577395625223104,0.4152329057078703,0.06862745098039216,21,306
6997,0.023010645415216226,0.06520889841399209,0.40535211166888346,0.0915032679738562,28,306
6998,0.02344932165604585,0.06905087330049671,0.416582643268832,0.06862745098039216,21,306
6999,0.024659080667884484,0.06682779552907689,0.41750511291314485,0.0718954248366013,22,306
7000,0.025942223390878948,0.07352247578504878,0.44310007007908925,0.0718954248366013,22,306
7001,0.026559476015234854,0.07682635818118208,0.45618626735887646,0.08169934640522876,25,306
7002,0.023534019006781485,0.07355991144358981,0.4253747085997054,0.0718954248366013,22,306
7003,0.02412945426648572,0.07147851361806984,0.4313367943822314,0.07516339869281045,23,306
7004,0.02290273028687987,0.06799433508067042,0.41523648117160794,0.0784313725490196,24,306
7005,0.02605998824013412,0.07254117561673329,0.4464055863045437,0.06209150326797386,19,306
7006,0.025128120249491695,0.06734268245163444,0.42444687575978607,0.06535947712418301,20,306
7007,0.02444675595321179,0.07118833235306102,0.4293130819067233,0.0915032679738562,28,306
7008,0.023085773606262534,0.06696670363843168,0.4108350853105648,0.06535947712418301,20,306
7009,0.024435009048017344,0.06686486842054509,0.41811830494415125,0.08496732026143791,26,306
7010,0.02390772190529794,0.07056468545333766,0.43057164514237495,0.058823529411764705,18,306
7011,0.023979685557315916,0.06375832368431898,0.4077887902060897,0.06209150326797386,19,306
7012,0.024203218497717862,0.07322944050936088,0.4348300224539123,0.0718954248366013,22,306
7013,0.023802268323975133,0.06569770115654562,0.41193990360549765,0.06862745098039216,21,306
7014,0.0232076279402303,0.05965786473865975,0.40108658342987086,0.07516339869281045,23,306
7015,0.025861360634471628,0.07065118928708332,0.4366731740106692,0.08496732026143791,26,306
7016,0.025907062973446672,0.07055537740894233,0.44405293116517214,0.0718954248366013,22,306
7017,0.024217305156648654,0.06888619060035048,0.4254587319975401,0.08169934640522876,25,306
7018,0.02511827465378126,0.07154002485827907,0.4339039773458618,0.08169934640522876,25,306
7019,0.023748108881241774,0.06889353331262126,0.41978089558215703,0.0784313725490196,24,306
7020,0.023755512131992167,0.07273881848805018,0.43165501065488193,0.06535947712418301,20,306
7021,0.023701234499667625,0.06666229475126934,0.4111372119963959,0.06535947712418301,20,306
7022,0.02566085739686932,0.06832992142391664,0.42493492655997483,0.0718954248366013,22,306
7023,0.024764674467043283,0.06688248284992897,0.43298329543341774,0.0718954248366013,22,306
7024,0.0247182115963082,0.07045121459057956,0.4280902733084481,0.08823529411764706,27,306
7025,0.024076752482389756,0.0683003814046905,0.4221710930907739,0.0718954248366013,22,306
7026,0.023946938006876105,0.06406251009081758,0.4140547904063157,0.0718954248366013,22,306
7027,0.023657346527774497,0.07008033303863709,0.4262542726791665,0.07516339869281045,23,306
7028,0.024038038043556538,0.06948601114313342,0.4161482244247079,0.0718954248366013,22,306
7029,0.025088998842923017,0.07466249064937393,0.44086540524306006,0.08823529411764706,27,306
7030,0.02336363421438427,0.07174560033033765,0.42816535804693867,0.0718954248366013,22,306
7031,0.025539256825286676,0.07261109533123486,0.44484132091932327,0.06209150326797386,19,306
7032,0.024729513897057624,0.06990262582364379,0.4297331988958968,0.07516339869281045,23,306
7033,0.023515366727866183,0.06793060530354647,0.4130375709729552,0.08169934640522876,25,306
7034,0.023037432260375173,0.07142391027769036,0.42302026572846496,0.08169934640522876,25,306
7035,0.022321852501243324,0.062361251898651174,0.40273487221292603,0.07516339869281045,23,306
7036,0.02439781812093019,0.066205732954625,0.420145592883397,0.08823529411764706,27,306
7037,0.025841971750555217,0.07035805419138695,0.44681497690250427,0.06209150326797386,19,306
7038,0.02444740911868771,0.07507333926000116,0.4366999899887015,0.07516339869281045,23,306
7039,0.025356583707816033,0.07390648987134926,0.43906337151928604,0.07516339869281045,23,306
7040,0.02482914914087347,0.06838790290245896,0.4244611776147366,0.06535947712418301,20,306
7041,0.02543408953508262,0.0732104086098381,0.4458925072581914,0.06209150326797386,19,306
7042,0.023782231683307238,0.06521450208781421,0.40983216773215486,0.07516339869281045,23,306
7043,0.02416793765886662,0.06822536561699395,0.42075699718253456,0.06209150326797386,19,306
7044,0.025819625921993664,0.07153121371571827,0.44408511033881093,0.0915032679738562,28,306
7045,0.02353109683120012,0.06915713784765937,0.4176195277527495,0.05555555555555555,17,306
7046,0.024639506099457552,0.07078467859539353,0.428951960069221,0.058823529411764705,18,306
7047,0.024142789284018185,0.06737680779225871,0.41791807897484307,0.08823529411764706,27,306
7048,0.025513002673695516,0.07020258361492598,0.43079332389410907,0.06535947712418301,20,306
7049,0.025212967159391027,0.06873088335152333,0.423465410963802,0.0718954248366013,22,306
7050,0.025358137296285034,0.06674574331425222,0.42061040316929105,0.08496732026143791,26,306
7051,0.024517189428481776,0.0675791844099522,0.4303749946368044,0.05228758169934641,16,306
7052,0.023875322560181787,0.06638569276856973,0.4178841120693354,0.07516339869281045,23,306
7053,0.023634353720138106,0.07164282248116673,0.4206676105890934,0.08496732026143791,26,306
7054,0.025517948209293886,0.07172422920886729,0.44493428297650206,0.09477124183006536,29,306
7055,0.025766862225937354,0.07365227662799713,0.44196843580612405,0.0915032679738562,28,306
7056,0.02410390577073292,0.0683603862866183,0.420803478211124,0.07516339869281045,23,306
7057,0.024637597058210566,0.07451271637211153,0.437191616252628,0.09477124183006536,29,306
7058,0.025160046412620207,0.06671517012212198,0.4202832482372964,0.08496732026143791,26,306
7059,0.024604022402252426,0.06727572899214228,0.4249188369731554,0.06535947712418301,20,306
7060,0.025046359333350962,0.07197761051716517,0.4325899944222766,0.08823529411764706,27,306
7061,0.02371555839686842,0.06782940815477774,0.41230817637047523,0.07516339869281045,23,306
7062,0.023602081197106186,0.07256845632551284,0.4290449221263998,0.06535947712418301,20,306
7063,0.023795213625980492,0.0704544443393114,0.4240517870167761,0.08169934640522876,25,306
7064,0.02356563515710801,0.069134254293986,0.4207766622330916,0.0784313725490196,24,306
7065,0.024300217487881297,0.06794782286204074,0.4220531027874315,0.0784313725490196,24,306
7066,0.02348960671127705,0.06725452209071554,0.4137258477424522,0.0915032679738562,28,306
7067,0.02483971208207669,0.0710351388404305,0.4370253571888274,0.08823529411764706,27,306
7068,0.024885116327130745,0.07103460670778373,0.4309202528567955,0.07516339869281045,23,306
7069,0.024324985375650227,0.06681350730436156,0.41780902733084485,0.08169934640522876,25,306
7070,0.024849596977087902,0.06976561212441185,0.4286033523548004,0.08823529411764706,27,306
7071,0.023811662059761034,0.06491251413346133,0.4081499120435921,0.058823529411764705,18,306
7072,0.02373983446231234,0.06857640361608297,0.42033509246149225,0.0718954248366013,22,306
7073,0.024845776168411084,0.0681027934082648,0.4253246521073783,0.0718954248366013,22,306
7074,0.024182276706478455,0.07033074792160965,0.4206926388352569,0.07516339869281045,23,306
7075,0.024625893261751595,0.0768507085036929,0.4421579353842193,0.08823529411764706,27,306
7076,0.025768015868737257,0.07534247476554097,0.44517205131505555,0.06535947712418301,20,306
7077,0.02462386613656613,0.07059717951048815,0.43235937701119836,0.0718954248366013,22,306
7078,0.024740574562389817,0.0737530634020488,0.4390812488379743,0.08823529411764706,27,306
7079,0.02320551183046154,0.07196682471882089,0.42511906294246365,0.07516339869281045,23,306
7080,0.025281243268902413,0.0717926316912286,0.4388935369917478,0.06209150326797386,19,306
7081,0.02238352846330892,0.06338517267805202,0.4043920996553253,0.06535947712418301,20,306
7082,0.024063077638193854,0.06588850259067133,0.41572095650805907,0.07516339869281045,23,306
7083,0.025486021747450772,0.07623979803538958,0.4511841935899086,0.08823529411764706,27,306
7084,0.024331669296293663,0.06883884169291496,0.4238390469243861,0.07516339869281045,23,306
7085,0.025416690501147914,0.07410782373818757,0.44063121236824415,0.0784313725490196,24,306
7086,0.02351918782316482,0.07246379584796954,0.42824938144477337,0.09803921568627451,30,306
7087,0.02535736592194284,0.07186354202639396,0.4350588521331217,0.08169934640522876,25,306
7088,0.02517888740617561,0.072490656222241,0.43819810929477554,0.0718954248366013,22,306
7089,0.023937799699599093,0.07077076403888344,0.4319428354857625,0.10130718954248366,31,306
7090,0.022674868305722826,0.06672222635303125,0.41137319260308064,0.0784313725490196,24,306
7091,0.024388862484771075,0.07112753452178489,0.4262810886571988,0.08823529411764706,27,306
7092,0.023288324474960244,0.06945253311974793,0.41574598475422264,0.07516339869281045,23,306
7093,0.023629773029922037,0.0683851632304588,0.41238326110896584,0.0784313725490196,24,306
7094,0.026398930990170284,0.07425118549647186,0.44787331416884774,0.06209150326797386,19,306
7095,0.02315612004848691,0.0670130875263012,0.4173799716823272,0.09477124183006536,29,306
7096,0.024541183676854122,0.070150160227279,0.43250239556070424,0.07516339869281045,23,306
7097,0.024097375362278715,0.07247281187327437,0.43440811773286997,0.06862745098039216,21,306
7098,0.024568933924589687,0.0689189915610421,0.4223570172051315,0.08169934640522876,25,306
7099,0.02523296833429941,0.07032874843578708,0.431107964703022,0.06535947712418301,20,306
7100,0.024921517078775823,0.0686830649350887,0.42560175054704596,0.058823529411764705,18,306
7101,0.023084094083034943,0.06643629290988348,0.4080247708127744,0.0784313725490196,24,306
7102,0.024765866468483326,0.06964197224089905,0.4309577952260409,0.08496732026143791,26,306
7103,0.024303370229634812,0.06561692626986022,0.41449278471417744,0.08496732026143791,26,306
7104,0.024300750193439625,0.07203521057024084,0.43426152371962645,0.07516339869281045,23,306
7105,0.023495251479006076,0.06850857244258109,0.4197058108436664,0.0718954248366013,22,306
7106,0.024847245628110966,0.0713057157200748,0.43273301297178246,0.07516339869281045,23,306
7107,0.023686839976525383,0.06797668106222604,0.4212075056134781,0.06862745098039216,21,306
7108,0.024948572681315593,0.0724017414153802,0.43692345647230446,0.07516339869281045,23,306
7109,0.02422181382192978,0.06772309696542522,0.41591581928176086,0.058823529411764705,18,306
7110,0.02407347290964119,0.06844332306582736,0.42042090359119577,0.06862745098039216,21,306
7111,0.02363772025940761,0.06989041971469259,0.4230059638735144,0.08496732026143791,26,306
7112,0.023693017867912475,0.06694330415319139,0.41337902775990043,0.06209150326797386,19,306
7113,0.02513723961537506,0.071313489396789,0.4267977431672888,0.08169934640522876,25,306
7114,0.024079273252782186,0.06934244178694945,0.42747708127744166,0.0784313725490196,24,306
7115,0.024029118840966403,0.0673646775530269,0.4191766422104947,0.0784313725490196,24,306
7116,0.024309055263976687,0.0732685124739593,0.43435448577680524,0.06209150326797386,19,306
7117,0.02276655969735426,0.06746594640126731,0.4102326196707713,0.06862745098039216,21,306
7118,0.02418672927148342,0.0683101212750651,0.4217831552752392,0.08496732026143791,26,306
7119,0.024444432754163185,0.06822408269491131,0.4224714320447362,0.08496732026143791,26,306
7120,0.02401625032326432,0.07215184310954045,0.42381938187382906,0.07516339869281045,23,306
7121,0.02439605577531599,0.06841273507269202,0.4247704552280431,0.058823529411764705,18,306
7122,0.02538587812143229,0.07055221355298978,0.43216808970123427,0.08496732026143791,26,306
7123,0.025151237238291713,0.07086393704948443,0.4313385821141002,0.08496732026143791,26,306
7124,0.024596903904494292,0.07172465577115526,0.43579897312681454,0.06862745098039216,21,306
7125,0.024563089623447363,0.0694928329930398,0.42794725475894224,0.07516339869281045,23,306
7126,0.025194745489469008,0.06749150739128026,0.43188741579782897,0.058823529411764705,18,306
7127,0.026113364497951916,0.06880792898548088,0.440035897655926,0.07516339869281045,23,306
7128,0.023736957742993708,0.06592466904233851,0.41215621916162526,0.0718954248366013,22,306
7129,0.024110177252139986,0.0648084254667158,0.4100931765850031,0.09803921568627451,30,306
7130,0.02422242397808943,0.06681718379350318,0.42450229544771956,0.06862745098039216,21,306
7131,0.02572730633759444,0.07387335080624041,0.4406240614407689,0.06862745098039216,21,306
7132,0.02414441656911157,0.06881377804033031,0.4247936957423378,0.08169934640522876,25,306
7133,0.02410216141887297,0.06584624559063797,0.41810400308920065,0.07516339869281045,23,306
7134,0.024108153708602493,0.07155305493720587,0.4342043162998241,0.0784313725490196,24,306
7135,0.024620349660034038,0.06940760868205953,0.4295651521002274,0.07516339869281045,23,306
7136,0.024669102278464493,0.06647543410300073,0.4267673517255188,0.06535947712418301,20,306
7137,0.02436641487210774,0.07299946041521863,0.42840491411736104,0.08169934640522876,25,306
7138,0.023994296017630087,0.06850073044727313,0.4138742294875645,0.08496732026143791,26,306
7139,0.024403875199430797,0.07271888663533713,0.4297725289970109,0.06209150326797386,19,306
7140,0.0246560744805795,0.06860487579014436,0.4286766493614222,0.07516339869281045,23,306
7141,0.025800132797467776,0.07080160273881271,0.44365605469029334,0.0718954248366013,22,306
7142,0.023743372664418682,0.07133378191608997,0.4220030462951045,0.07516339869281045,23,306
7143,0.024532086638229953,0.06760111801751356,0.42579303785701006,0.0784313725490196,24,306
7144,0.02493635936939042,0.07047065047358363,0.42810099969966103,0.08496732026143791,26,306
7145,0.02484850099115864,0.07113380967835072,0.42651885699575237,0.08496732026143791,26,306
7146,0.02438457911872548,0.06838880248297814,0.4310489695513508,0.08496732026143791,26,306
7147,0.023427281039138013,0.06467311356071007,0.41320204230488694,0.06862745098039216,21,306
7148,0.023942002498716017,0.06671524413032964,0.4129821512850217,0.07516339869281045,23,306
7149,0.024718810567785077,0.06710700435579472,0.4231436192274138,0.0784313725490196,24,306
7150,0.02527023376679161,0.07293741659821516,0.442039945080877,0.06209150326797386,19,306
7151,0.02471326733891692,0.0720146408899571,0.4369717252327627,0.08823529411764706,27,306
7152,0.023937647468677034,0.06869239473664285,0.4176838861000272,0.0718954248366013,22,306
7153,0.025311479681230847,0.07263659697089386,0.4394423706754766,0.07516339869281045,23,306
7154,0.024093892811870504,0.06701457015662461,0.4197111740392729,0.08496732026143791,26,306
7155,0.02382801744773035,0.06900119101828037,0.42191187196979446,0.0915032679738562,28,306
7156,0.024056423396135042,0.06894294548237184,0.42651349380014586,0.08496732026143791,26,306
7157,0.024530535744441744,0.06728311073983582,0.4207766622330916,0.07516339869281045,23,306
7158,0.024694353712745695,0.0714081164231462,0.4330029604839748,0.07516339869281045,23,306
7159,0.023765667010394002,0.06680796422192413,0.4138956822699904,0.0915032679738562,28,306
7160,0.023844888569224173,0.06978873907731951,0.42027430957795225,0.10130718954248366,31,306
7161,0.025119166748577827,0.07254811946907719,0.4365516082435892,0.0718954248366013,22,306
7162,0.026040123890684004,0.07185739665139307,0.44306431544171276,0.0915032679738562,28,306
7163,0.02516372279100891,0.06990599539749218,0.4257358304372077,0.0718954248366013,22,306
7164,0.02553541696506232,0.07403538804803969,0.44283727349437224,0.0784313725490196,24,306
7165,0.024002489770484196,0.0637473933484839,0.4098893751519572,0.08496732026143791,26,306
7166,0.02134311783365028,0.06202395266212607,0.3876714434862202,0.08823529411764706,27,306
7167,0.024812981945978068,0.07150015739879874,0.4299799058937944,0.06535947712418301,20,306
7168,0.022978673197702325,0.069566176274963,0.41915697715993766,0.06535947712418301,20,306
7169,0.02509926306745405,0.0680081865434328,0.4248938087269919,0.07516339869281045,23,306
7170,0.024443877506167947,0.06318739421520937,0.4114983338338983,0.07516339869281045,23,306
7171,0.02556786860771125,0.07464192421309124,0.43747944108350856,0.08496732026143791,26,306
7172,0.022639758342880987,0.06751210594740019,0.41703315169977545,0.06862745098039216,21,306
7173,0.02419101491869143,0.06808383121198264,0.4201330787603152,0.06535947712418301,20,306
7174,0.023781552917113483,0.06961262946499257,0.4288089415197151,0.08169934640522876,25,306
7175,0.024255801010471867,0.06843810186679504,0.4183274695728036,0.08823529411764706,27,306
7176,0.024710046049841217,0.07090109200966985,0.4285461449349981,0.08496732026143791,26,306
7177,0.024439516054753113,0.07399544222432364,0.437990732397992,0.06535947712418301,20,306
7178,0.024252747692619727,0.07289338620925596,0.42883933296148513,0.08823529411764706,27,306
7179,0.02464355014906404,0.07267458027597472,0.4312992520129861,0.08169934640522876,25,306
7180,0.02205645103716074,0.06639069410247742,0.4052269704380658,0.0718954248366013,22,306
7181,0.024178721675950324,0.07402971561294865,0.43392543012828766,0.0915032679738562,28,306
7182,0.024623286762366872,0.06740575554421728,0.42348507601435903,0.06209150326797386,19,306
7183,0.02529778951718803,0.07024612022629306,0.4334016246907224,0.0784313725490196,24,306
7184,0.023396375301551288,0.07088054018582644,0.41639493142260553,0.06209150326797386,19,306
7185,0.02364941963103254,0.06457872048393754,0.4044868494443729,0.06862745098039216,21,306
7186,0.025992197345369273,0.0711424337488011,0.4394781253128531,0.08823529411764706,27,306
7187,0.024737578300777212,0.06910749241384552,0.42251970080519446,0.06535947712418301,20,306
7188,0.02442248450641967,0.07286439599504535,0.43241300896726304,0.06862745098039216,21,306
7189,0.024362849301902047,0.07285252133881258,0.43742580912744383,0.0784313725490196,24,306
7190,0.025554290925492947,0.0688513163785772,0.4364711603094922,0.0784313725490196,24,306
7191,0.02504525828433111,0.0721204983310528,0.43602780280602393,0.08169934640522876,25,306
7192,0.025159058203187572,0.07031336011690537,0.4334445302555741,0.0718954248366013,22,306
7193,0.02420073838111945,0.06946651221485901,0.4300406887773344,0.08169934640522876,25,306
7194,0.024336884730018413,0.06946863389819895,0.42401066918379315,0.08496732026143791,26,306
7195,0.023585473504160803,0.06908590272940039,0.4264258949385735,0.0718954248366013,22,306
7196,0.02475803297077117,0.07065711548236957,0.4323701034024113,0.09477124183006536,29,306
7197,0.02543631733469801,0.06775337078042057,0.43193389682641836,0.0718954248366013,22,306
7198,0.023325474260190587,0.07081532107221974,0.4235941276583573,0.0915032679738562,28,306
7199,0.025975180266392804,0.07245529979228245,0.4470795612190901,0.08496732026143791,26,306
7200,0.024241851580072367,0.06748089284946533,0.425499849830523,0.0784313725490196,24,306
7201,0.02362553278918449,0.07098553932573985,0.42784892950615694,0.0915032679738562,28,306
7202,0.025183107973773974,0.0693340871292105,0.4311258420217102,0.07516339869281045,23,306
7203,0.025243898787637355,0.07034873729641167,0.43194819868136897,0.07516339869281045,23,306
7204,0.025044997714688325,0.07060361332925588,0.437636761487965,0.06862745098039216,21,306
7205,0.02258735318906693,0.06291773528476031,0.4019589965818567,0.09477124183006536,29,306
7206,0.025184281962936737,0.07323850914895128,0.4363638963973627,0.06535947712418301,20,306
7207,0.024966130012613712,0.07321284991411489,0.43728279057793795,0.07516339869281045,23,306
7208,0.023743351968447464,0.06775011399022751,0.42026537091860816,0.07516339869281045,23,306
7209,0.02432053022389109,0.06630738691028557,0.41415490339096983,0.06535947712418301,20,306
7210,0.023914869322664175,0.06886284049671726,0.4238461978518614,0.06862745098039216,21,306
7211,0.02600656840225834,0.07004679479013215,0.4366195420546045,0.08169934640522876,25,306
7212,0.024561218280966465,0.0682614262169238,0.4243771542169019,0.06209150326797386,19,306
7213,0.024867881508580717,0.07021478970583471,0.43135824716465726,0.08823529411764706,27,306
7214,0.024357892344339032,0.0649732792330105,0.4177321548604854,0.0784313725490196,24,306
7215,0.023972948651476585,0.06513818445770109,0.41261387852004405,0.07516339869281045,23,306
7216,0.02312521612486751,0.07026244692763288,0.4217259478554368,0.0784313725490196,24,306
7217,0.02304697840417635,0.07039534325433841,0.4192284864346906,0.0718954248366013,22,306
7218,0.02316110512770313,0.06509298115370393,0.4054021681612105,0.08823529411764706,27,306
7219,0.024415998333095164,0.06693881269716435,0.4267369602837488,0.07516339869281045,23,306
7220,0.023671311942154064,0.0657772722225436,0.412533430585947,0.0718954248366013,22,306
7221,0.02479822631788665,0.06820155871089467,0.4252316900501995,0.06862745098039216,21,306
7222,0.02419228384355628,0.06816288237972068,0.4251923599490854,0.08169934640522876,25,306
7223,0.02617591921434262,0.07408341503710268,0.45432881394716895,0.08169934640522876,25,306
7224,0.023933813972303795,0.07132943289402688,0.4295168833397692,0.05555555555555555,17,306
7225,0.022670404863400058,0.06938644227382264,0.4069467684958739,0.08169934640522876,25,306
7226,0.02428313830045592,0.07072738227840755,0.42709093119377584,0.08169934640522876,25,306
7227,0.024668459730369633,0.06436814285521726,0.41254058151342227,0.08169934640522876,25,306
7228,0.024967380149668733,0.07388742278657946,0.4349319231704352,0.06535947712418301,20,306
7229,0.0247041070020572,0.06839752815721267,0.42364597188255315,0.06862745098039216,21,306
7230,0.024898730113752342,0.0690739476532992,0.4277363023984211,0.0718954248366013,22,306
7231,0.025082534638622662,0.07317884682278997,0.4369413337909927,0.07516339869281045,23,306
7232,0.02429404874822593,0.07060421480831568,0.43176227456701133,0.0784313725490196,24,306
7233,0.024002322764659658,0.07230113909621662,0.4325327870024742,0.07516339869281045,23,306
7234,0.02418325992669813,0.06965466359623185,0.4275843451895711,0.08169934640522876,25,306
7235,0.02530840762094941,0.06904758786931844,0.42932202056606744,0.08169934640522876,25,306
7236,0.024587749948757856,0.06772846185877379,0.4190550764434147,0.08496732026143791,26,306
7237,0.023952859957505394,0.06878863483010625,0.41921239684787115,0.06862745098039216,21,306
7238,0.02473060310008633,0.07175510182036625,0.43451359391313055,0.06209150326797386,19,306
7239,0.024804884502151542,0.06865971497723135,0.41890311923456475,0.0784313725490196,24,306
7240,0.023359232152670183,0.06748694807722663,0.413373664564294,0.08169934640522876,25,306
7241,0.024969774781675887,0.0700188401086367,0.4301622545444144,0.08496732026143791,26,306
7242,0.024973507952258025,0.06935901652146553,0.432940389868566,0.08496732026143791,26,306
7243,0.02327792774543941,0.06358850876651816,0.40811058194247796,0.06535947712418301,20,306
7244,0.02516943849547072,0.06869218961535828,0.42515124211610245,0.07516339869281045,23,306
7245,0.025662991840304485,0.07070855650463526,0.43837509474978903,0.08823529411764706,27,306
7246,0.02378923801770167,0.06481235297452975,0.4084019822370962,0.08823529411764706,27,306
7247,0.023923851310374018,0.06686943082594876,0.41911943479069236,0.06535947712418301,20,306
7248,0.024730024973450334,0.07429045649793332,0.4345904663834899,0.07516339869281045,23,306
7249,0.024794813590078704,0.07111058320383185,0.43307983295433417,0.0718954248366013,22,306
7250,0.023631505947829784,0.0667012032154135,0.41599805494772674,0.08823529411764706,27,306
7251,0.02285405100590644,0.06589150698451782,0.41158056949986416,0.058823529411764705,18,306
7252,0.024525354478262058,0.070837407018955,0.4304000228829679,0.10130718954248366,31,306
7253,0.02394452421004505,0.06601757463115941,0.4144749073954892,0.0784313725490196,24,306
7254,0.024375979345177823,0.07069623056576389,0.43183735930550193,0.07516339869281045,23,306
7255,0.02454368209007335,0.07533825698321454,0.44062048597703124,0.07516339869281045,23,306
7256,0.0237432537659757,0.07067018971992706,0.4201098382460205,0.0784313725490196,24,306
7257,0.024513897222221474,0.07148379299291067,0.4324970323650978,0.07516339869281045,23,306
7258,0.02406932161883745,0.07371659833767706,0.4307575692567326,0.07516339869281045,23,306
7259,0.0241139259628173,0.07042287420333378,0.4246202857510619,0.0915032679738562,28,306
7260,0.023105787995515145,0.06457525622574749,0.40627636904506514,0.06862745098039216,21,306
7261,0.023343368602512852,0.07114328605752678,0.42610589093405415,0.07516339869281045,23,306
7262,0.023872458962000454,0.0683911158531435,0.4211002417013487,0.06209150326797386,19,306
7263,0.025754344693292363,0.06984900153781899,0.44055970309349124,0.0784313725490196,24,306
7264,0.02302483595142738,0.06523873091219265,0.40334091331645716,0.0718954248366013,22,306
7265,0.024439173427741875,0.07279560125751182,0.4308934368787632,0.06209150326797386,19,306
7266,0.025753170610560348,0.07100232725564708,0.4390490696643355,0.0784313725490196,24,306
7267,0.024521165787234712,0.06766416729626387,0.42216572989516743,0.08169934640522876,25,306
7268,0.023389454326303852,0.07136963130530531,0.4233652979791479,0.08823529411764706,27,306
7269,0.024634526601307057,0.07273737552696338,0.43545572860800047,0.08496732026143791,26,306
7270,0.02374355399230737,0.06825510011440504,0.421967291657728,0.0784313725490196,24,306
7271,0.024504550416972453,0.06655377346163198,0.42235344174139383,0.06535947712418301,20,306
7272,0.023761701734300627,0.07140617028624223,0.4263150555627065,0.0718954248366013,22,306
7273,0.02521777027105175,0.0731080161022548,0.4403827176384777,0.08823529411764706,27,306
7274,0.026264923309455124,0.0738847363816608,0.44802705910956653,0.10130718954248366,31,306
7275,0.02528096880245451,0.06878067857407257,0.427716637347864,0.0784313725490196,24,306
7276,0.023559802310271397,0.07175830833358086,0.4237729008452396,0.0718954248366013,22,306
7277,0.02488806710233314,0.07069913776449083,0.4391420317215143,0.08823529411764706,27,306
7278,0.023867762437097498,0.07210263133285633,0.42367100012871667,0.08169934640522876,25,306
7279,0.023998144794836213,0.068395092082858,0.4201080505141517,0.0784313725490196,24,306
7280,0.02416408349204525,0.06864709193548475,0.4232419444801991,0.0718954248366013,22,306
7281,0.024419773493831603,0.07068746440687343,0.42665293688591405,0.06535947712418301,20,306
7282,0.024880750797571616,0.07210095961396805,0.43800324652107375,0.08496732026143791,26,306
7283,0.023035912791720892,0.07004195426329977,0.421461363538851,0.07516339869281045,23,306
7284,0.024391989448446835,0.07145385426244227,0.42945431272436035,0.08169934640522876,25,306
7285,0.02449876586655519,0.06721934374067622,0.42224975329300213,0.0784313725490196,24,306
7286,0.024619867891919313,0.07369823074955546,0.43728279057793795,0.06209150326797386,19,306
7287,0.023797451383110214,0.07012140281901988,0.41561548032779855,0.08496732026143791,26,306
7288,0.02450382983590047,0.06922309369722661,0.4271856809828235,0.07516339869281045,23,306
7289,0.025017524384989057,0.07367831595421227,0.4386504054575878,0.08169934640522876,25,306
7290,0.024522309186263563,0.06421714555674253,0.4141012714349051,0.0784313725490196,24,306
7291,0.024703175434448433,0.06346532414078944,0.41125162683600064,0.08169934640522876,25,306
7292,0.023975539124541905,0.06962280782927124,0.424761516568699,0.06209150326797386,19,306
7293,0.023646834903131044,0.06638993360655648,0.41733885384934427,0.07516339869281045,23,306
7294,0.0249804735801528,0.07249350571691282,0.4389900745126643,0.08496732026143791,26,306
7295,0.0248709887907345,0.07101995673369836,0.42920224253085626,0.0718954248366013,22,306
7296,0.024241278093287383,0.07298734632031018,0.4314994779822943,0.08496732026143791,26,306
7297,0.024341792167055988,0.06782941124754664,0.42489023326325426,0.0784313725490196,24,306
7298,0.024243568289043668,0.07091679173586206,0.42668690379142177,0.06862745098039216,21,306
7299,0.025668790140479947,0.07496944844561806,0.4409905464738777,0.09803921568627451,30,306
7300,0.024839626159763054,0.07184513238565865,0.43489795626492755,0.0784313725490196,24,306
7301,0.023678590895800097,0.07308723675229098,0.41878334119935356,0.07516339869281045,23,306
7302,0.02551607082409959,0.07062205300408256,0.4386021366971296,0.08496732026143791,26,306
7303,0.02291281971368907,0.06880694905414864,0.4194751934325882,0.06535947712418301,20,306
7304,0.02388911351776729,0.07216745175012672,0.42804736774359636,0.08496732026143791,26,306
7305,0.025726029354791242,0.07187382284219908,0.4443336050685774,0.07516339869281045,23,306
7306,0.024837308630213988,0.06837555525239276,0.4315441712790149,0.0718954248366013,22,306
7307,0.02293841058345966,0.06759561529474664,0.40984646958710547,0.06862745098039216,21,306
7308,0.024167771858363083,0.06610500196615132,0.41573704609487855,0.08823529411764706,27,306
7309,0.024010664292050548,0.06674352239478719,0.4166702421304043,0.07516339869281045,23,306
7310,0.026164071568967415,0.07135118355799751,0.43942806882052604,0.06862745098039216,21,306
7311,0.02403187640624255,0.0678726212772281,0.4160391727807097,0.058823529411764705,18,306
7312,0.024693840401689003,0.06798147622392701,0.4230649590251856,0.08169934640522876,25,306
7313,0.02505419044085289,0.0699814079661023,0.43123489366570844,0.05555555555555555,17,306
7314,0.024447240839751815,0.06900597320341612,0.42862122967348865,0.06535947712418301,20,306
7315,0.023512480885753806,0.06821902709623226,0.4202814605054276,0.05228758169934641,16,306
7316,0.02373823499080649,0.06791933668497353,0.41473591624833744,0.08823529411764706,27,306
7317,0.02345503001741986,0.06978750925039841,0.42074627079132165,0.0718954248366013,22,306
7318,0.02469633909917388,0.06948173847888664,0.433263969336823,0.0784313725490196,24,306
7319,0.023133650277693978,0.06756464240492803,0.41064916119620715,0.06862745098039216,21,306
7320,0.02444173178769301,0.07024344861597212,0.41838288926073713,0.0784313725490196,24,306
7321,0.023757905000780587,0.06563448812542988,0.4130554482916434,0.09803921568627451,30,306
7322,0.02416978398492146,0.0691125882986118,0.42229802205346034,0.0718954248366013,22,306
7323,0.024602606855705315,0.06559840951617076,0.42363703322320906,0.07516339869281045,23,306
7324,0.02339201076980885,0.06359472532748904,0.40745448434661974,0.06535947712418301,20,306
7325,0.02422231169722346,0.07018816160259296,0.4227360163613221,0.08169934640522876,25,306
7326,0.025325281220386454,0.0691516458451744,0.43397906208435233,0.09477124183006536,29,306
7327,0.025242914807873336,0.06783160230469576,0.4318963544571731,0.06209150326797386,19,306
7328,0.024858445258524826,0.0673424789211114,0.4282797728865434,0.09477124183006536,29,306
7329,0.02301446561137085,0.06893630641325439,0.41504340612977503,0.06862745098039216,21,306
7330,0.02597441408208761,0.06951456351997852,0.43233256103316603,0.0784313725490196,24,306
7331,0.02490259780523389,0.07163450721151053,0.4383000100112985,0.06862745098039216,21,306
7332,0.023884123776691104,0.07058862910540196,0.4238229573375667,0.0718954248366013,22,306
7333,0.024610475560214777,0.06783306004238221,0.4253621944766236,0.0915032679738562,28,306
7334,0.024483309485768774,0.06997168548468816,0.4280384290842522,0.08169934640522876,25,306
7335,0.02457456557625611,0.07145856504280593,0.43154059581527726,0.06535947712418301,20,306
7336,0.025289597922755796,0.07003908395221763,0.4300639292916291,0.08169934640522876,25,306
7337,0.025360168619939526,0.07157459519739237,0.4372613377955121,0.07516339869281045,23,306
7338,0.025593511766258018,0.07029993042587393,0.43275625348607716,0.06862745098039216,21,306
7339,0.02400463609118263,0.0706587229194334,0.4309077387337138,0.049019607843137254,15,306
7340,0.02588446259575812,0.07379399926989065,0.44887265628351997,0.09803921568627451,30,306
7341,0.025288777783369493,0.07062107624379343,0.43244161267716424,0.05555555555555555,17,306
7342,0.025691679300447114,0.07330086760756872,0.4450808769897456,0.0718954248366013,22,306
7343,0.025588133421317202,0.0735054048127491,0.44135166831138,0.0784313725490196,24,306
7344,0.02527502182015992,0.0703527278489663,0.43128852562177317,0.06862745098039216,21,306
7345,0.024193299544251583,0.07132302217094191,0.43125992191187196,0.09477124183006536,29,306
7346,0.02405411904105582,0.06985108828776593,0.41918915633357645,0.06862745098039216,21,306
7347,0.024481697962704302,0.06818456141224698,0.4209572231518428,0.08823529411764706,27,306
7348,0.023674241003271784,0.06845369431895251,0.41789662619241713,0.05555555555555555,17,306
7349,0.024957871414217268,0.07456392285809765,0.4447572975214885,0.08169934640522876,25,306
7350,0.024095062055987004,0.06931516543039758,0.42054246935827577,0.049019607843137254,15,306
7351,0.025550297776195805,0.07305426619908742,0.4501741250840234,0.0718954248366013,22,306
7352,0.024595618004680332,0.07134749428077834,0.4325059710244419,0.0784313725490196,24,306
7353,0.024744744045441136,0.06750768742695296,0.42715350180918465,0.08823529411764706,27,306
7354,0.02468830797001795,0.07010301794370126,0.4332746957280359,0.08169934640522876,25,306
7355,0.025372960810460938,0.07203447558545126,0.43236831567054246,0.08823529411764706,27,306
7356,0.024105707510602873,0.07087496233113189,0.41954849043920994,0.0718954248366013,22,306
7357,0.024621910609015904,0.07013169805986036,0.43119735129646314,0.06862745098039216,21,306
7358,0.025926784454162934,0.07425654202133489,0.44491104246220736,0.06862745098039216,21,306
7359,0.025105634399798033,0.06861723096997042,0.432818824101486,0.10130718954248366,31,306
7360,0.023295150903738116,0.06721077441617716,0.41499871283305445,0.06862745098039216,21,306
7361,0.02379374286127615,0.06717621253050321,0.41780545186710716,0.0784313725490196,24,306
7362,0.023481148846923053,0.07091806269687737,0.42397133908267903,0.10457516339869281,32,306
7363,0.02556738739983729,0.07416253888667276,0.43624948155775806,0.0784313725490196,24,306
7364,0.024561133895028904,0.07178647038726073,0.43267223008824246,0.08496732026143791,26,306
7365,0.024407912669988714,0.07086652536060724,0.4271570772729223,0.08496732026143791,26,306
7366,0.02407364362307821,0.06409019635348649,0.4103684872928019,0.0718954248366013,22,306
7367,0.024240877024516924,0.07035059670395843,0.4293273837616739,0.08169934640522876,25,306
7368,0.024089615484543407,0.07016330551765206,0.4229165772800732,0.07516339869281045,23,306
7369,0.023944929930081186,0.06680649598908678,0.4200276025800546,0.08169934640522876,25,306
7370,0.026150222897118,0.072410104330074,0.44135703150698646,0.08496732026143791,26,306
7371,0.024395177834629023,0.06780478882201356,0.4230381430471532,0.09477124183006536,29,306
7372,0.023310320339664885,0.06645392071773668,0.41417814390526453,0.08823529411764706,27,306
7373,0.023611283700357182,0.07031079811328228,0.42083923284850044,0.0718954248366013,22,306
7374,0.023792984144675833,0.07178362818678044,0.4267834413123382,0.07516339869281045,23,306
7375,0.02525833990080708,0.07465767505916937,0.44180217674232347,0.07516339869281045,23,306
7376,0.024903209007784255,0.0695011166317909,0.43234507515624776,0.07516339869281045,23,306
7377,0.024618594924835136,0.0750276642365235,0.440511434333033,0.08169934640522876,25,306
7378,0.023333347676188075,0.06441888713449344,0.41407445545687277,0.08496732026143791,26,306
7379,0.0255729034695379,0.07305096554604026,0.43794603910127144,0.08496732026143791,26,306
7380,0.023773750161140687,0.06329279625066707,0.40947104589465255,0.06535947712418301,20,306
7381,0.024351575416460023,0.06655467296143673,0.4172727077701978,0.06535947712418301,20,306
7382,0.02546282796571889,0.07137024807074308,0.4337913502381259,0.07516339869281045,23,306
7383,0.024102761010243213,0.07333272614479278,0.4327348007036513,0.08169934640522876,25,306
7384,0.024619903904548185,0.0724403502650538,0.4337949257018635,0.08823529411764706,27,306
7385,0.023159410162908695,0.06817286141468051,0.41443378956250626,0.07516339869281045,23,306
7386,0.024387316559853014,0.07397684377810339,0.4348550507000758,0.08169934640522876,25,306
7387,0.025440034469924364,0.0715420665687042,0.4388452682312896,0.0915032679738562,28,306
7388,0.025138397820671336,0.07332640929650987,0.4427085567998169,0.0784313725490196,24,306
7389,0.023513070791202503,0.07320106251645092,0.427473505813704,0.06535947712418301,20,306
7390,0.024369291560410428,0.07108335955898562,0.4330583801719083,0.0718954248366013,22,306
7391,0.024751073536148815,0.06934949326253036,0.42439324380372134,0.10130718954248366,31,306
7392,0.024892256092188998,0.06849320666877717,0.4290967663505957,0.06535947712418301,20,306
7393,0.024761728604250462,0.07263702159028033,0.43285100327512477,0.058823529411764705,18,306
7394,0.02469498816889973,0.07215974463896103,0.4306896354457173,0.0784313725490196,24,306
7395,0.023716852294389884,0.064887997701312,0.4064658686231604,0.08823529411764706,27,306
7396,0.025955811580409337,0.07194134360515884,0.4433002960483975,0.0915032679738562,28,306
7397,0.023928743754194483,0.07204287514323006,0.4226752334777821,0.06535947712418301,20,306
7398,0.02335309580225902,0.0666143796294761,0.41529011312767267,0.0784313725490196,24,306
7399,0.024615812991652972,0.070419712411861915,0.43043041432473794,0.07516339869281045,23,306
7400,0.02434334271636822,0.07353926036891359,0.43027845711588797,0.06862745098039216,21,306
7401,0.025209796171114372,0.07105830943203592,0.4332568184093477,0.09803921568627451,30,306
7402,0.024786180038794764,0.06761550558738921,0.42559459961957063,0.09803921568627451,30,306
7403,0.02371171250669261,0.06625565291475317,0.41752835342743955,0.08169934640522876,25,306
7404,0.024758638637860833,0.07311581028602417,0.43526980449364283,0.06535947712418301,20,306
7405,0.02297339024210696,0.0689879673874665,0.41134995208878594,0.05555555555555555,17,306
7406,0.02498743133520051,0.07184106362446122,0.4370235694569586,0.08169934640522876,25,306
7407,0.02530644628212739,0.07369583703547115,0.4403970194934283,0.0784313725490196,24,306
7408,0.024497023754550422,0.06832198512902377,0.42191544743353215,0.0784313725490196,24,306
7409,0.024394640625600116,0.06810139456423404,0.42149533044435866,0.07516339869281045,23,306
7410,0.025701094358503783,0.07137304873412069,0.43668390040188215,0.08169934640522876,25,306
7411,0.025405650100020737,0.07367232510751073,0.4455635645943279,0.0718954248366013,22,306
7412,0.024191348959520097,0.07307279201029628,0.4345708013329329,0.058823529411764705,18,306
7413,0.02407134236483486,0.06981575180670366,0.41742108951531015,0.06535947712418301,20,306
7414,0.023750591601455776,0.0700328818149768,0.424933138828106,0.049019607843137254,15,306
7415,0.023354427618829787,0.06593040923181039,0.4121723087484447,0.0784313725490196,24,306
7416,0.023979104039669605,0.06584796783185627,0.4142925587448692,0.0718954248366013,22,306
7417,0.02475593080180292,0.06889220131108602,0.4283280416470016,0.08496732026143791,26,306
7418,0.023215684842661097,0.06856086239657107,0.4168472275854178,0.0784313725490196,24,306
7419,0.024182872590029932,0.0708454712165466,0.42879821512850214,0.0784313725490196,24,306
7420,0.023864542812745637,0.07001320610607804,0.41956100456229173,0.06862745098039216,21,306
7421,0.023558421306274384,0.06782615946814291,0.4201920739119864,0.08169934640522876,25,306
7422,0.023302566433396395,0.0700072346584613,0.4253031993249525,0.08823529411764706,27,306
7423,0.022942972898781045,0.06744889627817939,0.41526687261337797,0.07516339869281045,23,306
7424,0.02508513634962938,0.07036429719549335,0.44153580469386877,0.08169934640522876,25,306
7425,0.025869998645526405,0.07319040277052279,0.4461427897198267,0.06862745098039216,21,306
7426,0.024091118487029092,0.07048316288227002,0.4278203257962558,0.08169934640522876,25,306
7427,0.02424995833507246,0.06659858459664392,0.42085353470345105,0.08823529411764706,27,306
7428,0.024795046051840096,0.068012434015744,0.43117411078216844,0.0718954248366013,22,306
7429,0.025256364767915117,0.07594507202567295,0.44197737446546814,0.0718954248366013,22,306
7430,0.023801787101957454,0.07094863500110464,0.42845318287781925,0.06209150326797386,19,306
7431,0.025105955683208968,0.06943215287701607,0.43140472819324666,0.07516339869281045,23,306
7432,0.02490606671628563,0.0678127641013557,0.43032493814447736,0.06862745098039216,21,306
7433,0.0250432026651701,0.07064157855189468,0.4306431544171279,0.0718954248366013,22,306
7434,0.02423036324519608,0.07023774251967836,0.42787395775232046,0.08496732026143791,26,306
7435,0.025405663106739834,0.0721357306760943,0.4377922941605526,0.08823529411764706,27,306
7436,0.02304805663207224,0.06596149183847194,0.413586404656684,0.08496732026143791,26,306
7437,0.025003198551168605,0.07144598924798932,0.4356112612805881,0.08169934640522876,25,306
7438,0.024462492692213535,0.06223179521394657,0.411460791464653,0.058823529411764705,18,306
7439,0.026151245889828666,0.07476979501660641,0.45018485147523635,0.06535947712418301,20,306
7440,0.025329107726879588,0.07522547793894666,0.45176341871540737,0.07516339869281045,23,306
7441,0.0233674661024704,0.0661037150453224,0.4114232490954077,0.0784313725490196,24,306
7442,0.025043926620188325,0.06802042176503222,0.42379256589579667,0.08496732026143791,26,306
7443,0.024413453993004867,0.06747121696483116,0.4183757383332618,0.08823529411764706,27,306
7444,0.025159946207256968,0.07339072520400879,0.44242788289641166,0.06209150326797386,19,306
7445,0.022996092334342542,0.0681924282276232,0.41369724403255104,0.0784313725490196,24,306
7446,0.024470627838781858,0.06930810605360156,0.42049420059781756,0.06862745098039216,21,306
7447,0.023552782509198015,0.06767008491774525,0.41684722758541787,0.08823529411764706,27,306
7448,0.024811151029488242,0.06626525463901274,0.4207605726462722,0.05228758169934641,16,306
7449,0.024805842495638376,0.06904395658301447,0.4255052130261295,0.0784313725490196,24,306
7450,0.024811103179622075,0.07059625417633957,0.43392006693268115,0.06862745098039216,21,306
7451,0.02450300184220954,0.06786981005971775,0.4193679295204588,0.0915032679738562,28,306
7452,0.02312648191209408,0.06626542387896231,0.4138706540238269,0.0718954248366013,22,306
7453,0.02408224555680515,0.06573670185811406,0.41193632814175996,0.06535947712418301,20,306
7454,0.02377173694227438,0.06887596139335464,0.41864568584545414,0.06862745098039216,21,306
7455,0.02497798371489557,0.07242265197426084,0.4383143118662491,0.06862745098039216,21,306
7456,0.024238903004018677,0.06846031275048185,0.42565895796684833,0.0718954248366013,22,306
7457,0.023436763333956386,0.069928676690143,0.4229058508888603,0.0784313725490196,24,306
7458,0.0240424102155858,0.0689700500781877,0.4270712661432188,0.06862745098039216,21,306
7459,0.024187739101605776,0.06704540969449972,0.4218206976444845,0.06535947712418301,20,306
7460,0.026265271376361112,0.07299359157664759,0.4462732941462508,0.08169934640522876,25,306
7461,0.02446948824752255,0.0669174157897961,0.42522811458646187,0.08496732026143791,26,306
7462,0.025030002361030798,0.07011826119764236,0.42618097567254476,0.06209150326797386,19,306
7463,0.02351295661739764,0.06658519807100946,0.4140637290656598,0.06862745098039216,21,306
7464,0.026199966050931084,0.07620942540859223,0.44891913731210936,0.0784313725490196,24,306
7465,0.02331250237003632,0.06894860178927613,0.41486820840663036,0.08169934640522876,25,306
7466,0.023683388122660597,0.07218538520379265,0.42171700919609273,0.0718954248366013,22,306
7467,0.02302937246793806,0.06800322667311491,0.41722443900973955,0.07516339869281045,23,306
7468,0.023717201012412353,0.06706118025590523,0.4185366342014559,0.0784313725490196,24,306
7469,0.024140891183327743,0.06505786354533628,0.413920710516154,0.06862745098039216,21,306
7470,0.02403089756738615,0.07021008436604101,0.42728579396747757,0.0718954248366013,22,306
7471,0.02431206328600437,0.06996112532012394,0.42375681125842024,0.06862745098039216,21,306
7472,0.02370942182236399,0.06630868091812078,0.414365855751491,0.07516339869281045,23,306
7473,0.02615642274665388,0.0712157401418973,0.43973913416570126,0.08169934640522876,25,306
7474,0.024859691013094255,0.07138997805659114,0.4403344488780195,0.0915032679738562,28,306
7475,0.024365450049474595,0.06933798136155687,0.4266654510089959,0.08169934640522876,25,306
7476,0.02417985100441616,0.066381642358795,0.4215900802334063,0.06209150326797386,19,306
7477,0.02327699776526431,0.06857024029278165,0.4167632041875831,0.06862745098039216,21,306
7478,0.024454184685312987,0.06769944697472917,0.41797349866277655,0.06209150326797386,19,306
7479,0.02496219847510073,0.06940999700217047,0.43452432030434346,0.08496732026143791,26,306
7480,0.02322942752579261,0.06861958908004225,0.41826311122552595,0.06535947712418301,20,306
7481,0.023939740166901646,0.06579676958541676,0.4128766751047611,0.07516339869281045,23,306
7482,0.024225720270848513,0.06598537696841558,0.4155707870310779,0.06862745098039216,21,306
7483,0.02526897819689257,0.07231290996133348,0.43374308147766766,0.08823529411764706,27,306
7484,0.02479898232166008,0.07086570275163284,0.430085382074055,0.06862745098039216,21,306
7485,0.023943109008657197,0.06807388619247462,0.4208463837759757,0.08496732026143791,26,306
7486,0.024283569621661862,0.06466656842069725,0.4153401696199997,0.05555555555555555,17,306
7487,0.022530665633010954,0.06417204427492057,0.40406136925959296,0.08823529411764706,27,306
7488,0.02606433916085787,0.06799096974360497,0.43215378784628367,0.08169934640522876,25,306
7489,0.02282305123614572,0.06846410558330687,0.4187511620257147,0.06209150326797386,19,306
7490,0.024639682593067626,0.07040471338221661,0.4279454670270734,0.08169934640522876,25,306
7491,0.02493964210385934,0.07134706283048896,0.43560947354871926,0.08496732026143791,26,306
7492,0.02370447703065945,0.07022327032795894,0.42629717824401825,0.058823529411764705,18,306
7493,0.025395393279566962,0.07234724839241416,0.4395281818051801,0.0784313725490196,24,306
7494,0.022760783867356173,0.06531071467402497,0.4040935484332318,0.07516339869281045,23,306
7495,0.02361514402838899,0.0690761867302154,0.42464710172909426,0.058823529411764705,18,306
7496,0.02369085651198262,0.073032428983498765,0.4298440382717639,0.0718954248366013,22,306
7497,0.02351470745407922,0.06909471961516529,0.4202171021581499,0.08169934640522876,25,306
7498,0.02491716467340403,0.07092313421534598,0.4281135138227428,0.07516339869281045,23,306
7499,0.025093704036700224,0.07253958745308045,0.4417556957137341,0.08169934640522876,25,306
7500,0.025020785933066888,0.0729793206567548,0.43323536562692183,0.0784313725490196,24,306
7501,0.024590519346877806,0.0701684171260276,0.4343294575306417,0.07516339869281045,23,306
7502,0.02561857644016558,0.07147776049575189,0.4352662290299052,0.08823529411764706,27,306
7503,0.02401873089370649,0.07353847204277925,0.4299548776476309,0.0784313725490196,24,306
7504,0.02484289818144131,0.07082919590297944,0.4334498934511806,0.07516339869281045,23,306
7505,0.023478593521111864,0.06776927062228978,0.4133218203400981,0.0718954248366013,22,306
7506,0.026532835379330003,0.07541730224093449,0.4522907996167103,0.10130718954248366,31,306
7507,0.024663144216550543,0.07247246874021143,0.4391420317215143,0.06209150326797386,19,306
7508,0.023817287767658738,0.06957889006708402,0.42428597989159195,0.07516339869281045,23,306
7509,0.023365265950184576,0.06527325519123423,0.4146751333647974,0.08823529411764706,27,306
7510,0.02331768350028733,0.0651063264746086,0.4089007594284979,0.08496732026143791,26,306
7511,0.024160775964572452,0.06590969027549669,0.4167167231589937,0.08169934640522876,25,306
7512,0.023446915647756385,0.06590126809263817,0.41266572274423996,0.07516339869281045,23,306
7513,0.025360221237563967,0.06914462433968678,0.4306753335907667,0.09477124183006536,29,306
7514,0.024946945742353493,0.0746203743707506,0.44170385148953817,0.0784313725490196,24,306
7515,0.024390446234566075,0.06825284573125134,0.4240839661904149,0.08496732026143791,26,306
7516,0.025659522192299767,0.07212710967669766,0.44886908081978233,0.06209150326797386,19,306
7517,0.024358943275264455,0.07117401640766069,0.4305180131863103,0.0784313725490196,24,306
7518,0.024542846790229746,0.07026394494252698,0.4292272707770198,0.06535947712418301,20,306
7519,0.024663181339606512,0.06864970503094074,0.4265367343144406,0.07516339869281045,23,306
7520,0.023760573230252678,0.06712596138893469,0.41467334563292857,0.09803921568627451,30,306
7521,0.024408369628205258,0.07141365279714493,0.4311955635645943,0.08496732026143791,26,306
7522,0.025881738414788007,0.0713629550683272,0.44707419802348364,0.09477124183006536,29,306
7523,0.025095582262758025,0.06994863181633154,0.43055376782368676,0.0784313725490196,24,306
7524,0.023680779444188886,0.06735774887370025,0.42025821999113283,0.10130718954248366,31,306
7525,0.02489987072336705,0.07585073887270186,0.4404095336165101,0.08823529411764706,27,306
7526,0.025174401085503225,0.07275951663154591,0.4408332260694212,0.08496732026143791,26,306
7527,0.0252376148359826,0.07596873321333643,0.4471045894652536,0.06862745098039216,21,306
7528,0.024269325703054175,0.0649815791772497,0.414446303685588,0.08496732026143791,26,306
7529,0.024297367566927592,0.06629288973200373,0.41367221578638746,0.08169934640522876,25,306
7530,0.02527255914175816,0.06876261574345602,0.4294239212825903,0.08823529411764706,27,306
7531,0.025082868947856485,0.0714585303854558,0.4392510833655125,0.06209150326797386,19,306
7532,0.025098290813818182,0.06851779149787078,0.4290985540824645,0.07516339869281045,23,306
7533,0.02414979073476597,0.06527882447988606,0.4134112069335393,0.08169934640522876,25,306
7534,0.025096605518854516,0.0684284203739184,0.4302140987686103,0.07516339869281045,23,306
7535,0.02526570823427726,0.07307601032301515,0.4410960226541382,0.08496732026143791,26,306
7536,0.026006472823911844,0.07057545724911969,0.4438509174639951,0.0784313725490196,24,306
7537,0.024536816401491555,0.06909883570149028,0.4262649990703794,0.06862745098039216,21,306
7538,0.025317695236646,0.07395939428435307,0.44476444844896385,0.0784313725490196,24,306
7539,0.023929428583688676,0.07012004323474876,0.42452553596201426,0.06209150326797386,19,306
7540,0.02379297809091727,0.06891704589260042,0.4274091474664264,0.0784313725490196,24,306
7541,0.024617268928656767,0.06716312596434351,0.42151499549491567,0.06209150326797386,19,306
7542,0.023007849103890404,0.06784710826664715,0.40539680496560404,0.0784313725490196,24,306
7543,0.024506933612911362,0.07274161100820048,0.4313743367514767,0.0718954248366013,22,306
7544,0.025139682894679615,0.06661883317797053,0.420267158650477,0.09477124183006536,29,306
7545,0.02472448590977356,0.07471513179523966,0.43310486120049774,0.08823529411764706,27,306
7546,0.02328365329857347,0.06623946847150687,0.4130983538564952,0.05555555555555555,17,306
7547,0.02471370969310521,0.0741039789496835,0.4469955378212554,0.07516339869281045,23,306
7548,0.02290708887551879,0.07317572374643629,0.41889775603895824,0.08169934640522876,25,306
7549,0.023925128899960117,0.0677023960724812,0.420317215142804,0.06862745098039216,21,306
7550,0.025457375924330665,0.07139626682500726,0.4418522332346505,0.0784313725490196,24,306
7551,0.02493851093613541,0.06577687691878478,0.4211932037585275,0.06862745098039216,21,306
7552,0.02451826201823804,0.06881615477443204,0.4229541196493185,0.0784313725490196,24,306
7553,0.024703481866367213,0.06844718721097434,0.42654924843752234,0.0784313725490196,24,306
7554,0.025341809587274482,0.07163543236423617,0.43240407030791894,0.058823529411764705,18,306
7555,0.02574195702453713,0.06914914841433002,0.43279200812345364,0.06209150326797386,19,306
7556,0.02311544133434295,0.06691010813268063,0.4105097181104389,0.07516339869281045,23,306
7557,0.025873258282499347,0.0706553211310098,0.4358865719883869,0.0784313725490196,24,306
7558,0.02391203524265172,0.06867117123995975,0.41821663019693656,0.08823529411764706,27,306
7559,0.024351117443972167,0.06871795748545748,0.4247382760544043,0.08823529411764706,27,306
7560,0.024679559500875754,0.07095919567204605,0.43723452181747974,0.0915032679738562,28,306
7561,0.023619505489376275,0.07114056338265289,0.4209894023254816,0.07516339869281045,23,306
7562,0.02626872970808794,0.07504994198459612,0.44970216387065404,0.07516339869281045,23,306
7563,0.024688693250671655,0.06994735707711909,0.4295061569485562,0.08169934640522876,25,306
7564,0.0247013368040564,0.07131154161112589,0.4296312981793739,0.06209150326797386,19,306
7565,0.023774162490076835,0.06972641207758833,0.4222872956622474,0.0784313725490196,24,306
7566,0.02462880085018771,0.0758522770364912,0.443952818180518,0.0784313725490196,24,306
7567,0.024723153859670673,0.0719844180135635,0.43110260150741553,0.06209150326797386,19,306
7568,0.02421567348149954,0.0716199546075207,0.4261094663977918,0.08169934640522876,25,306
7569,0.02386985398703961,0.07134116365366043,0.4314637233449178,0.08169934640522876,25,306
7570,0.02347555894773391,0.06355942159840315,0.40843416141073496,0.08496732026143791,26,306
7571,0.025361320046332972,0.07525004983436742,0.446199997139629,0.0784313725490196,24,306
7572,0.025170826113942998,0.07334812432639028,0.4421329071380558,0.08823529411764706,27,306
7573,0.027240573567808672,0.07109150462025168,0.4536119334677708,0.08823529411764706,27,306
7574,0.024452873270484538,0.07109555784869609,0.4301229244433003,0.058823529411764705,18,306
7575,0.024080661995250975,0.06672524455952099,0.41613034710601965,0.08169934640522876,25,306
7576,0.02478956322996259,0.06776688821288226,0.4229684215042691,0.06862745098039216,21,306
7577,0.02483768702262589,0.07067437195186581,0.42818859856123337,0.0784313725490196,24,306
7578,0.02523331164097181,0.07151896664735814,0.4362083637247751,0.08823529411764706,27,306
7579,0.02411474358590217,0.06933696098982929,0.4222193618512321,0.07516339869281045,23,306
7580,0.02343597603302191,0.06789001115549725,0.41313053303013403,0.08169934640522876,25,306
7581,0.025974750406395287,0.0716468021667039,0.43562198767180105,0.0915032679738562,28,306
7582,0.024866385215347248,0.07016773290188834,0.4306127629753579,0.0784313725490196,24,306
7583,0.025660993753412166,0.0728252427745909,0.4358776333290428,0.0718954248366013,22,306
7584,0.024543814186591066,0.07086999962582505,0.42580018878448533,0.0718954248366013,22,306
7585,0.02458444950304649,0.07185889598126302,0.4286712861658157,0.09803921568627451,30,306
7586,0.025808870498051834,0.07073123617201219,0.4378655911671744,0.08496732026143791,26,306
7587,0.023342483673779415,0.0642601033487204,0.40989116288382604,0.0718954248366013,22,306
7588,0.024647260816398946,0.06819317045764996,0.4229416055262368,0.0784313725490196,24,306
7589,0.024119410021936932,0.06550880196264029,0.41250661460791466,0.0718954248366013,22,306
7590,0.022941951140647142,0.07086632418107633,0.4190640151027588,0.058823529411764705,18,306
7591,0.024520687581288374,0.06682226276290877,0.42443078617296665,0.09803921568627451,30,306
7592,0.02540971181080497,0.07232922045447802,0.43876482029719255,0.0915032679738562,28,306
7593,0.023974466649634058,0.06442301920312771,0.4167882324337467,0.08169934640522876,25,306
7594,0.02443012962051254,0.07155095725209433,0.43418643898113585,0.07516339869281045,23,306
7595,0.02470917207506343,0.0720323679213999,0.4257251040459948,0.07516339869281045,23,306
7596,0.024357837677389003,0.06760931352873584,0.42482766264784544,0.07516339869281045,23,306
7597,0.022800499461194904,0.0692708188419776,0.4171958352998384,0.07516339869281045,23,306
7598,0.025631371816590448,0.07032129507653277,0.4425780523733928,0.06862745098039216,21,306
7599,0.02398145211392927,0.06617237098527896,0.4182702621530012,0.07516339869281045,23,306
7600,0.024656288273167227,0.07216669733450488,0.4278060239413052,0.08169934640522876,25,306
7601,0.024307568244728364,0.06931108322517858,0.42131298179373866,0.08169934640522876,25,306
7602,0.023763790061218693,0.06398021688386965,0.41370975815563277,0.0718954248366013,22,306
7603,0.025803413833768975,0.07519596282754976,0.44758370160609834,0.0915032679738562,28,306
7604,0.024456022617744575,0.06635824334075323,0.4197397777491741,0.05555555555555555,17,306
7605,0.02431421354324925,0.0723777546519269,0.4313850631426896,0.08823529411764706,27,306
7606,0.02385885280803978,0.06340070784518191,0.40972490382002547,0.06535947712418301,20,306
7607,0.02405944001513261,0.067816335457285,0.42446475307847426,0.06862745098039216,21,306
7608,0.02609728102999005,0.0683651921434404,0.4399608129174354,0.0915032679738562,28,306
7609,0.02504787243094923,0.06637366372091028,0.4225536677107021,0.08169934640522876,25,306
7610,0.024291481767830414,0.06796331294843652,0.4228933367657785,0.0718954248366013,22,306
7611,0.024847812743262997,0.0709835731063694,0.43676434833597916,0.0784313725490196,24,306
7612,0.02578256056930167,0.0748962128809729,0.44767666366327713,0.0915032679738562,28,306
7613,0.024844392225973545,0.07282821727141195,0.43962114386235895,0.08496732026143791,26,306
7614,0.02428249249838242,0.06527934458224681,0.42050313925716165,0.058823529411764705,18,306
7615,0.02616865142924691,0.07137044422943446,0.4395549977832125,0.0915032679738562,28,306
7616,0.025464136755381356,0.06871849636337252,0.43066818266329143,0.09477124183006536,29,306
7617,0.02527028906624382,0.0677359018023314,0.43196071280445075,0.06862745098039216,21,306
7618,0.02370942046962966,0.06637111455470458,0.4171833211767566,0.06862745098039216,21,306
7619,0.025086200985614125,0.06929473195374289,0.43475851317915937,0.07516339869281045,23,306
7620,0.026425683459154643,0.0730691874454343,0.4406151227814248,0.08496732026143791,26,306
7621,0.02345658290175725,0.06907707286177983,0.4210323078903334,0.08496732026143791,26,306
7622,0.025332216467588396,0.06826882181781566,0.4329135738905336,0.07516339869281045,23,306
7623,0.025604842726746645,0.07461258157045735,0.4462750818781196,0.0718954248366013,22,306
7624,0.026052022857203917,0.06814408554062408,0.43440811773286997,0.0718954248366013,22,306
7625,0.02513553892757317,0.06867899511287813,0.42655282390126,0.07516339869281045,23,306
7626,0.02470583219283203,0.07135824288038788,0.4305644942148997,0.06862745098039216,21,306
7627,0.024513675147268543,0.06627729626938933,0.42236774359634444,0.058823529411764705,18,306
7628,0.022773166403800914,0.06805315454500725,0.4175784099197666,0.08169934640522876,25,306
7629,0.023889891444324123,0.07017968845054641,0.4211592368530198,0.08169934640522876,25,306
7630,0.024409942761501754,0.06775298566910913,0.4189317229444659,0.0718954248366013,22,306
7631,0.026233385062759434,0.07376693675996589,0.44882259979119293,0.0718954248366013,22,306
7632,0.024074436954566215,0.0700068529698033,0.4295580011727521,0.08169934640522876,25,306
7633,0.025714459746312247,0.0712166543369029,0.4427371605097181,0.06535947712418301,20,306
7634,0.0237577477058988,0.06299149243914179,0.4075492341356674,0.09803921568627451,30,306
7635,0.022744033328823764,0.07066826819923563,0.4179913759814648,0.08169934640522876,25,306
7636,0.0251437150090428,0.06973727055281949,0.43283848915204304,0.07516339869281045,23,306
7637,0.024576734731843547,0.07255363324412528,0.43367335993478356,0.06862745098039216,21,306
7638,0.024425046342497134,0.07071661828585736,0.4291968793352498,0.08496732026143791,26,306
7639,0.02333485856501342,0.06575383482742694,0.4075116917664221,0.08169934640522876,25,306
7640,0.024827220386744522,0.07277376830773948,0.43661060339526037,0.08823529411764706,27,306
7641,0.0246708561749746,0.06802346687090245,0.4284603338052945,0.07516339869281045,23,306
7642,0.0263067942251134,0.0689990894136272,0.4356273508674075,0.0784313725490196,24,306
7643,0.02553084818210087,0.07113306446218248,0.43745262510547617,0.10457516339869281,32,306
7644,0.02365824414430959,0.0682786694946822,0.4153938015760644,0.09477124183006536,29,306
7645,0.02448342883126878,0.07185280916514317,0.42484017677092717,0.0915032679738562,28,306
7646,0.02475338099203503,0.06874489301938387,0.43381280302055175,0.06209150326797386,19,306
7647,0.024658352494322966,0.07042478477575502,0.431735458588979,0.08169934640522876,25,306
7648,0.02479424563963611,0.0672769783977895,0.42381401867822255,0.07516339869281045,23,306
7649,0.02450910693140392,0.0664040659082645,0.42429491855093604,0.08823529411764706,27,306
7650,0.02420449319253355,0.0709992188066108,0.4292433603638392,0.0718954248366013,22,306
7651,0.023310065432808683,0.06305622027271793,0.4047174668554511,0.07516339869281045,23,306
7652,0.02491706482670898,0.07102158497413731,0.4323844052573619,0.0784313725490196,24,306
7653,0.02481932264197609,0.07416307392524446,0.44205067147208993,0.06535947712418301,20,306
7654,0.024805584421443073,0.07439457159970457,0.43345168118304944,0.10130718954248366,31,306
7655,0.025441194240349897,0.07195662293208945,0.4415447433532129,0.07516339869281045,23,306
7656,0.023631239763693423,0.06803761231569865,0.4156297821827491,0.0915032679738562,28,306
7657,0.024898078539120058,0.06709733598902444,0.4302784571158879,0.0784313725490196,24,306
7658,0.024783368278287535,0.07295773422140371,0.4343902404141817,0.06535947712418301,20,306
7659,0.02459514347966401,0.06953493697677707,0.43589908611146866,0.07516339869281045,23,306
7660,0.02393302951460333,0.07297237154195921,0.43345883211052477,0.08169934640522876,25,306
7661,0.024569492520957952,0.07015334413889089,0.4291503983066604,0.08169934640522876,25,306
7662,0.025984914924994277,0.06923214709042448,0.44016282661861245,0.09477124183006536,29,306
7663,0.02486437395844162,0.07079763597755342,0.43176585003074897,0.09803921568627451,30,306
7664,0.02532001014637613,0.0664824326443101,0.4275235623060311,0.05555555555555555,17,306
7665,0.02360638275329392,0.07164662188970224,0.4219887444401539,0.07516339869281045,23,306
7666,0.023452030542094146,0.0668279017708956,0.4175426552823901,0.06535947712418301,20,306
7667,0.023616323149675926,0.06788756726824248,0.41334684858626164,0.08496732026143791,26,306
7668,0.023790984688320055,0.06747842965480845,0.4192302741665594,0.0784313725490196,24,306
7669,0.025178494906029327,0.07163946635425371,0.43528231861672456,0.08823529411764706,27,306
7670,0.023991071179740146,0.07110645214603137,0.4257268917778636,0.06862745098039216,21,306
7671,0.024305991909758354,0.074536335880455315,0.4323093205188713,0.06535947712418301,20,306
7672,0.02542431957973396,0.06874680668218927,0.43518756882767695,0.08823529411764706,27,306
7673,0.025612556486060895,0.06972596206419998,0.4282082636117905,0.08169934640522876,25,306
7674,0.025263096311899914,0.06919767438943387,0.4356970724102916,0.0718954248366013,22,306
7675,0.02519397511131116,0.06785488518480721,0.4239695513508102,0.08496732026143791,26,306
7676,0.024405975620281812,0.07169798074272879,0.4293488365440998,0.08496732026143791,26,306
7677,0.02188962723127072,0.06341493668062946,0.3974270962943894,0.08823529411764706,27,306
7678,0.023985799977623023,0.07084768008868118,0.4187261337795512,0.06209150326797386,19,306
7679,0.02331286104751963,0.06286768875665764,0.40661782583201045,0.08169934640522876,25,306
7680,0.02422296087973331,0.0722271235321216,0.42899486563407274,0.0915032679738562,28,306
7681,0.024337516653437145,0.06868555126154235,0.4276379771456358,0.08169934640522876,25,306
7682,0.025453636634274482,0.07225522589162528,0.44034338753736363,0.08169934640522876,25,306
7683,0.02473889345340425,0.06868992433699965,0.4288214556427969,0.08169934640522876,25,306
7684,0.025179543842791946,0.07175251391747896,0.4373239084109209,0.058823529411764705,18,306
7685,0.024013195236035203,0.07105065074827868,0.4209339826375481,0.08496732026143791,26,306
7686,0.025707070753018996,0.0719004062375538,0.4450254573018121,0.08169934640522876,25,306
7687,0.024403130714122763,0.06981235874488192,0.4275593169434076,0.06209150326797386,19,306
7688,0.02669477902808622,0.07206664974913671,0.4493231647144635,0.0718954248366013,22,306
7689,0.023513517386344822,0.06536250672002564,0.4108350853105648,0.0718954248366013,22,306
7690,0.025417720515010206,0.07052413595103438,0.4335428555083594,0.08169934640522876,25,306
7691,0.023901735458355437,0.06754777193496031,0.42362094363638964,0.0784313725490196,24,306
7692,0.02279266875973998,0.06369672449933377,0.40727213569599974,0.08169934640522876,25,306
7693,0.023078505042796717,0.07055105145492908,0.41987743310307346,0.06862745098039216,21,306
7694,0.02286755904901586,0.06735423070815763,0.4150630711803321,0.09803921568627451,30,306
7695,0.024330952245132178,0.07247685748797823,0.4300085096036956,0.0915032679738562,28,306
7696,0.023980075161928207,0.07026423024424963,0.4220638291786445,0.0718954248366013,22,306
7697,0.025121086999094457,0.07378582159668072,0.43919923914131664,0.08496732026143791,26,306
7698,0.024347724372871353,0.0718348720260788,0.42983867507615736,0.06209150326797386,19,306
7699,0.025070622025135474,0.0705511502055784,0.43352676592154005,0.0784313725490196,24,306
7700,0.024839133765083576,0.07146425643829883,0.4391903004819725,0.09803921568627451,30,306
7701,0.022794962618343517,0.0651555275699057,0.4061369259592969,0.06535947712418301,20,306
7702,0.023985074401922577,0.06709642214305395,0.41640565781381844,0.06535947712418301,20,306
7703,0.02414464409686574,0.06949891350656981,0.422423163284278,0.07516339869281045,23,306
7704,0.02543287754735598,0.07276419782311645,0.4434004090330516,0.0784313725490196,24,306
7705,0.024554761874828492,0.0679099734175812,0.4273376381916735,0.0718954248366013,22,306
7706,0.025092140043586262,0.07066441262315971,0.4323486506199854,0.08823529411764706,27,306
7707,0.023916860255304057,0.0655390615440995,0.41511849086826563,0.058823529411764705,18,306
7708,0.02468827025677358,0.06660185026196458,0.42132907138055803,0.08496732026143791,26,306
7709,0.02427185279827301,0.06553974735745832,0.4155922398135038,0.08496732026143791,26,306
7710,0.02495333662611969,0.06844244997857393,0.4230292043878091,0.08496732026143791,26,306
7711,0.024304511429313468,0.06931667373232785,0.4300835943421862,0.0784313725490196,24,306
7712,0.024886336149880183,0.07140014610751728,0.4365319431930322,0.0784313725490196,24,306
7713,0.02564454860389284,0.0758540390334269,0.44875109051643997,0.08169934640522876,25,306
7714,0.023912756453137694,0.0662875942466759,0.42077129903748517,0.0915032679738562,28,306
7715,0.02410644200920171,0.06790864136304678,0.4238247450694355,0.08496732026143791,26,306
7716,0.025890455624187996,0.07134757894804865,0.44485919823801146,0.0784313725490196,24,306
7717,0.02431901877163936,0.07098332273109971,0.43009074526966146,0.06862745098039216,21,306
7718,0.023732017846215446,0.06809247868745388,0.41444272822185035,0.0784313725490196,24,306
7719,0.0245102219935395,0.06952498872394627,0.42471503554010953,0.07516339869281045,23,306
7720,0.025622950810351673,0.07192062900991451,0.4370879278042362,0.06209150326797386,19,306
7721,0.023460147924085347,0.07134778616102629,0.42272886543384675,0.08496732026143791,26,306
7722,0.02413255253944622,0.06730911450854216,0.41682756253486075,0.10457516339869281,32,306
7723,0.024041379163537657,0.06595119912193266,0.41750511291314485,0.07516339869281045,23,306
7724,0.024534281906384334,0.07096983240159552,0.4278668068248452,0.0784313725490196,24,306
7725,0.02403512000280035,0.06978071536017474,0.4283995509217546,0.0915032679738562,28,306
7726,0.024624394669781884,0.0708992093412986,0.4346244332889976,0.08496732026143791,26,306
7727,0.024698278766963046,0.07250071973472795,0.43553617654209753,0.06535947712418301,20,306
7728,0.024970372071994158,0.06522354968806343,0.42200840949071095,0.06535947712418301,20,306
7729,0.023940509097335957,0.06814697749036654,0.42351546745612906,0.08169934640522876,25,306
7730,0.02297645787378732,0.06413939481928224,0.40950322506829134,0.08823529411764706,27,306
7731,0.025591984886507498,0.07116384302170509,0.4421579353842193,0.08496732026143791,26,306
7732,0.0248998423198413,0.07177621554014647,0.4341667739305788,0.08169934640522876,25,306
7733,0.025020216267185875,0.07297513964845466,0.44074383947598006,0.0915032679738562,28,306
7734,0.023337569781335964,0.06671481879885437,0.4136900931050757,0.06862745098039216,21,306
7735,0.025778603999753083,0.0785577893892456,0.4577773487221293,0.07516339869281045,23,306
7736,0.02548964246304306,0.07339323580560787,0.44109065945853176,0.06535947712418301,20,306
7737,0.024827457664204935,0.07001765826969579,0.4267602007980435,0.0784313725490196,24,306
7738,0.025100728739736792,0.07023457248257435,0.4278453540424193,0.06535947712418301,20,306
7739,0.025724242469646504,0.07123559867934064,0.43700747987013916,0.08823529411764706,27,306
7740,0.024699557983152574,0.07123409694692309,0.4275843451895711,0.06535947712418301,20,306
7741,0.025786891834775033,0.0735771240037222,0.4433128101714793,0.0784313725490196,24,306
7742,0.025469557305307203,0.07142368490680207,0.4391885127501037,0.08496732026143791,26,306
7743,0.024313936188523465,0.06679489397576302,0.4159426352597932,0.0718954248366013,22,306
7744,0.025549396946813588,0.07156365579355822,0.43609573661703926,0.0784313725490196,24,306
7745,0.0256676022391845,0.07037833945264742,0.4358079117861587,0.06862745098039216,21,306
7746,0.025267546258837772,0.06990713430225944,0.43239691938044367,0.0718954248366013,22,306
7747,0.023810204145358217,0.06425014648274886,0.41529011312767267,0.08823529411764706,27,306
7748,0.02437352959632687,0.06594827231615455,0.41668633171722375,0.08496732026143791,26,306
7749,0.0253846541210419,0.07285529058158048,0.43955857324695013,0.06209150326797386,19,306
7750,0.024576693784695486,0.0664744086035875,0.41705817994593897,0.09477124183006536,29,306
7751,0.026209614173335043,0.06979301833583972,0.4403040574362495,0.08169934640522876,25,306
7752,0.025172402987979466,0.07253670257499344,0.4410960226541382,0.07516339869281045,23,306
7753,0.022061796342293244,0.06348982850482916,0.4029315227184966,0.0718954248366013,22,306
7754,0.025321575405729893,0.07472835796735053,0.4434093476923957,0.0784313725490196,24,306
7755,0.025147890815036062,0.07387715855940549,0.445420546044822,0.07516339869281045,23,306
7756,0.024225854152421292,0.067668081324804355,0.41926424107206706,0.0718954248366013,22,306
7757,0.0259859279127315,0.07098669863443209,0.4341435334162841,0.07516339869281045,23,306
7758,0.025515733792539262,0.07456123459568055,0.4486098596988029,0.06862745098039216,21,306
7759,0.024667166245805613,0.07149869754236506,0.4310632714063014,0.10457516339869281,32,306
7760,0.024504334913038422,0.06349664856067097,0.4099197665937272,0.07516339869281045,23,306
7761,0.02603978160874195,0.06847171559598954,0.4329028474993206,0.08496732026143791,26,306
7762,0.02562431007062122,0.06938388918222513,0.4282064758799216,0.09803921568627451,30,306
7763,0.02460178300179424,0.07142609378997794,0.4306753335907667,0.0915032679738562,28,306
7764,0.026146694905087423,0.07390008897941805,0.45306309978404197,0.07516339869281045,23,306
7765,0.024200114970375726,0.07666676663615656,0.443032136268074,0.058823529411764705,18,306
7766,0.024512948034747524,0.0638829842403937,0.41941798601278585,0.08496732026143791,26,306
7767,0.025481388677451502,0.07172929850056005,0.44006986456143365,0.08496732026143791,26,306
7768,0.024534718111386807,0.07203910635528805,0.4329546917235165,0.0784313725490196,24,306
7769,0.023741337386136752,0.0669679740367329,0.409000872413152,0.07516339869281045,23,306
7770,0.024487914708863457,0.06807283148818556,0.42319367571974087,0.0784313725490196,24,306
7771,0.023023324097164545,0.06553761634389345,0.4130375709729552,0.09477124183006536,29,306
7772,0.0247926321254243,0.07070353525882919,0.4300603538278915,0.0784313725490196,24,306
7773,0.024387070033372656,0.06646579193657498,0.4194144105490482,0.058823529411764705,18,306
7774,0.025088015253199755,0.07107677863265205,0.4333658700533459,0.0718954248366013,22,306
7775,0.02512189947118218,0.07140554831504858,0.4375187711846226,0.08169934640522876,25,306
7776,0.023632707891679545,0.06491476937570421,0.4133790277599005,0.0718954248366013,22,306
7777,0.024689966819514478,0.0711485447095534,0.43465840019450525,0.06862745098039216,21,306
7778,0.02449455224069554,0.07298172862745313,0.4348997439967964,0.08496732026143791,26,306
7779,0.024370429690678003,0.06877911415929411,0.4328778192531571,0.0718954248366013,22,306
7780,0.02532837600627784,0.07222111586285326,0.4323558015474607,0.08169934640522876,25,306
7781,0.023907225242511366,0.06460239317392476,0.4075814133093062,0.08823529411764706,27,306
7782,0.02352535685181214,0.06942976466080747,0.4258055519800918,0.06862745098039216,21,306
7783,0.024935257073565753,0.07192497168274671,0.43746335149668913,0.07516339869281045,23,306
7784,0.023680993748506275,0.07120909112250909,0.4243413995795255,0.0784313725490196,24,306
7785,0.023399115875599976,0.0704461714802128,0.4244754794696872,0.0784313725490196,24,306
7786,0.02451189746221379,0.06836129661507577,0.42704623789705526,0.08823529411764706,27,306
7787,0.024316892849557334,0.07061715477680747,0.4254962743667854,0.0718954248366013,22,306
7788,0.025012857314551783,0.06642531934425637,0.4282547446403799,0.0915032679738562,28,306
7789,0.02474441466989128,0.06952149778536171,0.43063242802591495,0.0718954248366013,22,306
7790,0.02465357870522326,0.07095804650407182,0.43426152371962645,0.06209150326797386,19,306
7791,0.02277706639502179,0.06576832902166711,0.4061190486406087,0.07516339869281045,23,306
7792,0.02378698926659233,0.06882099118814242,0.41932502395560706,0.0784313725490196,24,306
7793,0.024419105128570973,0.07086921453833098,0.4240607256761202,0.06209150326797386,19,306
7794,0.024511994643001682,0.07001451050132519,0.43222887258477427,0.06862745098039216,21,306
7795,0.024294642374182277,0.06730107150472094,0.4212539866420675,0.0718954248366013,22,306
7796,0.025142681815563252,0.06649862985457732,0.4229827233592197,0.08496732026143791,26,306
7797,0.02596314231306542,0.07351015814899878,0.44600334663405844,0.10130718954248366,31,306
7798,0.02498785378716923,0.06647075099750616,0.4279436792952046,0.09477124183006536,29,306
7799,0.024382178378852926,0.07147762607080325,0.43098282347220435,0.0718954248366013,22,306
7800,0.024029534761052684,0.06840909561834303,0.41991318774044994,0.06862745098039216,21,306
7801,0.02474559223856778,0.07089730080670882,0.42517627036226596,0.07516339869281045,23,306
7802,0.025675129407893522,0.06991368964065771,0.4341363824888088,0.0784313725490196,24,306
7803,0.024506288153921446,0.06910422614101344,0.4224964602908997,0.0784313725490196,24,306
7804,0.02223689542745354,0.06251168726965718,0.3987804093190887,0.0718954248366013,22,306
7805,0.02470759237324525,0.0740954492312563,0.4320751276440554,0.08169934640522876,25,306
7806,0.025250597301639564,0.07327083964925508,0.43397191115687705,0.06535947712418301,20,306
7807,0.025196933102053454,0.07494869605091076,0.4443568455828721,0.0784313725490196,24,306
7808,0.024124952003492177,0.071897662590979,0.4264938287495888,0.0784313725490196,24,306
7809,0.023543902789088387,0.06975981969793132,0.4168668926359749,0.07516339869281045,23,306
7810,0.023677127733371647,0.0673926293327689,0.41354171135996337,0.06535947712418301,20,306
7811,0.022530545083509265,0.0655585797729285,0.4056828420646158,0.08823529411764706,27,306
7812,0.025337351258049052,0.07183335056348697,0.4402522132120536,0.08169934640522876,25,306
7813,0.02422364015955214,0.06868367726365374,0.42284864346905793,0.0718954248366013,22,306
7814,0.02234818647432468,0.06245655215643223,0.39354235494343615,0.06209150326797386,19,306
7815,0.024596208800059895,0.06653449297158398,0.42394809856838434,0.09477124183006536,29,306
7816,0.02308304335882867,0.06436296615992745,0.40736331002130977,0.06535947712418301,20,306
7817,0.02400390724023871,0.07450433975418709,0.4283888245305416,0.08823529411764706,27,306
7818,0.024165497257938453,0.07026332249244413,0.42915576150226686,0.05555555555555555,17,306
7819,0.025536000390523554,0.07302831923384381,0.4394316442842637,0.09477124183006536,29,306
7820,0.024200124394998145,0.06770097489189594,0.4212450479827234,0.07516339869281045,23,306
7821,0.026166290124574235,0.07143719846511332,0.44406365755638505,0.07516339869281045,23,306
7822,0.024585889652652255,0.06887575326163158,0.4308094134809285,0.08496732026143791,26,306
7823,0.024895117760231854,0.07210181786673885,0.43341592654567296,0.0718954248366013,22,306
7824,0.024240219301736646,0.0664807902726104,0.42620421618683946,0.06862745098039216,21,306
7825,0.025380790546840542,0.0710836659506247,0.4323236223738219,0.07516339869281045,23,306
7826,0.02639975994196238,0.07330468510098953,0.4489584674132235,0.08496732026143791,26,306
7827,0.02376056430825532,0.06655249848766785,0.4197630182634688,0.06535947712418301,20,306
7828,0.024288317615791175,0.06989815155084211,0.42531213798429657,0.08496732026143791,26,306
7829,0.026261983432067544,0.0729614707155985,0.4456171965503926,0.06862745098039216,21,306
7830,0.023780256742994967,0.0714118415283795,0.4254587319975401,0.0784313725490196,24,306
7831,0.02404328228543271,0.0673300504572569,0.41597481443343204,0.06862745098039216,21,306
7832,0.024781900927179017,0.06832849229432947,0.428891177185681,0.0915032679738562,28,306
7833,0.023483899512815376,0.06673260859104518,0.41238504884083466,0.06862745098039216,21,306
7834,0.025048564246693116,0.07210624558166778,0.43622624104346336,0.06862745098039216,21,306
7835,0.02451620352382895,0.06772858455874137,0.42194047567969567,0.08496732026143791,26,306
7836,0.02420524571797831,0.06808713844832284,0.4237514480628138,0.0784313725490196,24,306
7837,0.025331162402848967,0.06965380482929438,0.42893944594613925,0.06535947712418301,20,306
7838,0.02497137232444789,0.0673769695573604,0.4255445431272436,0.0718954248366013,22,306
7839,0.023995178837883734,0.07195503253890545,0.4282904992777563,0.08496732026143791,26,306
7840,0.024123532785954593,0.0656895067225985,0.4109798915919395,0.0784313725490196,24,306
7841,0.024486998303431894,0.06531080282949023,0.41304293416856164,0.07516339869281045,23,306
7842,0.023350122905094948,0.06586131131262371,0.41273544428712405,0.06862745098039216,21,306
7843,0.02651483322739986,0.06997628924257178,0.4424672129975258,0.08823529411764706,27,306
7844,0.025433876320510796,0.07136176316844135,0.43806581713648257,0.058823529411764705,18,306
7845,0.024685011876425612,0.06863761628461175,0.42623818309234707,0.0784313725490196,24,306
7846,0.023755518629518715,0.0675513949693787,0.41821484246506774,0.06209150326797386,19,306
7847,0.02520261754760201,0.06962671461259538,0.43113656841292314,0.06862745098039216,21,306
7848,0.02533183705424904,0.07053175967456791,0.43502846069135165,0.08496732026143791,26,306
7849,0.025166044558754035,0.07112729692533772,0.44056864175283533,0.08496732026143791,26,306
7850,0.024672423128725897,0.07165528505979171,0.4299048211553039,0.07516339869281045,23,306
7851,0.02376561003985506,0.06763826020005106,0.4174514809570801,0.06209150326797386,19,306
7852,0.02467642182795354,0.06858544005083099,0.4255534817865877,0.07516339869281045,23,306
7853,0.02563619073281838,0.07295147153091294,0.4410030605969594,0.0784313725490196,24,306
7854,0.02572079246442147,0.07011357016089667,0.4387326411235537,0.07516339869281045,23,306
7855,0.023781450834978353,0.06847164960797915,0.42087498748587693,0.05555555555555555,17,306
7856,0.024643657386079144,0.06679041820659756,0.42458453111368544,0.06862745098039216,21,306
7857,0.024290840648944687,0.07112734652863399,0.43550936056406514,0.07516339869281045,23,306
7858,0.0258042664079168,0.06838385576215486,0.4314672988086555,0.06862745098039216,21,306
7859,0.023999077629328413,0.06746671012972809,0.424275253500379,0.06862745098039216,21,306
7860,0.02541635908569851,0.07708758174595759,0.4554479340970524,0.06209150326797386,19,306
7861,0.024507051556993897,0.06753867609204234,0.4240303342343502,0.0915032679738562,28,306
7862,0.026452084556886333,0.07187134546498782,0.4455760787174096,0.08169934640522876,25,306
7863,0.025666002806645966,0.07153112095476961,0.4421543599204817,0.08823529411764706,27,306
7864,0.026012872140506824,0.06857034837091057,0.434914045851747,0.07516339869281045,23,306
7865,0.023839549316014633,0.06961355574714904,0.4216079575520945,0.09477124183006536,29,306
7866,0.02382476913999855,0.06870716577593879,0.4185956293531271,0.0718954248366013,22,306
7867,0.023398318682467188,0.06749367122499184,0.412765835728894,0.08823529411764706,27,306
7868,0.024862141454476176,0.0722006943811564,0.43474242359233994,0.08823529411764706,27,306
7869,0.024188198556644166,0.06976847952343801,0.4239927918651049,0.08823529411764706,27,306
7870,0.02466727957261028,0.06718784147429968,0.428648045651521,0.08169934640522876,25,306
7871,0.02577374867554064,0.0724835373814939,0.4409494286408947,0.08496732026143791,26,306
7872,0.024299363697907656,0.06811689753294306,0.4253532558172795,0.07516339869281045,23,306
7873,0.025412628294010104,0.07223167728058046,0.4393958896468872,0.049019607843137254,15,306
7874,0.02373087914229741,0.07044975815653748,0.4175730467241601,0.0718954248366013,22,306
7875,0.02567036335000589,0.06952446751345259,0.43473706039673343,0.07516339869281045,23,306
7876,0.02414715456192209,0.06587262682513527,0.41644320018306374,0.06209150326797386,19,306
7877,0.023607271541742768,0.07177510611234691,0.4250404027402354,0.0784313725490196,24,306
7878,0.024093887501859444,0.0726604514860571,0.4318963544571731,0.0718954248366013,22,306
7879,0.023244210177137632,0.06748648285569468,0.41509703808583975,0.09477124183006536,29,306
7880,0.02314590509980702,0.06568870737862749,0.4151864246792809,0.0784313725490196,24,306
7881,0.024472826973074818,0.0702460256576766,0.424518385034539,0.06862745098039216,21,306
7882,0.024224565823997856,0.06612933439629606,0.419932852791007,0.07516339869281045,23,306
7883,0.023650805207645956,0.06968450107149232,0.42492420016876187,0.06862745098039216,21,306
7884,0.02462770759536073,0.07029672783090796,0.43457616452853937,0.08169934640522876,25,306
7885,0.024627556214995523,0.07468605343561385,0.4378834684858626,0.06209150326797386,19,306
7886,0.024808651036447117,0.07109882071016665,0.4220030462951045,0.08823529411764706,27,306
7887,0.024941334421381318,0.06905633224749448,0.4327741308047654,0.06862745098039216,21,306
7888,0.025023999067097548,0.07115467646562249,0.43502667295948283,0.06862745098039216,21,306
7889,0.02429271784515336,0.0705357754115108,0.42712847356302114,0.08169934640522876,25,306
7890,0.02561301444994057,0.0686498551928866,0.43773151127701265,0.06862745098039216,21,306
7891,0.024589035590051926,0.06985482351879589,0.4293434733484933,0.08496732026143791,26,306
7892,0.0256681677451815,0.0683194060317154,0.43314061583787417,0.06862745098039216,21,306
7893,0.025794624507094126,0.07233904591507355,0.4453114944008238,0.07516339869281045,23,306
7894,0.02444492203753859,0.07159744464328581,0.42671729523319174,0.06535947712418301,20,306
7895,0.0241988005883899,0.06597964972046352,0.42298629882295735,0.0784313725490196,24,306
7896,0.02391392525016885,0.07029089241861232,0.41949485848314527,0.06535947712418301,20,306
7897,0.024311313071197174,0.0685965997576859,0.4282654710315928,0.06209150326797386,19,306
7898,0.024019060764745807,0.0698213931243924,0.42630611690336234,0.06209150326797386,19,306
7899,0.02499342501922164,0.06584358971099265,0.42488844553138544,0.05555555555555555,17,306
7900,0.0248131614867041,0.07036805026827402,0.43328542211924886,0.08169934640522876,25,306
7901,0.024149780341237898,0.07231640031039935,0.4270033323322035,0.0784313725490196,24,306
7902,0.022716763449741308,0.0675160760856644,0.4109584388095136,0.06209150326797386,19,306
7903,0.02422884525918875,0.07252101978169669,0.4265152815320147,0.10784313725490197,33,306
7904,0.0232988766734135,0.06587565813260109,0.41078502881823775,0.08496732026143791,26,306
7905,0.024826559687879595,0.07106508174101855,0.4406043963902118,0.06209150326797386,19,306
7906,0.024231563052017246,0.07076061167235057,0.42679416770355116,0.0718954248366013,22,306
7907,0.025695822110973484,0.07247269547871471,0.44532937171951203,0.0718954248366013,22,306
7908,0.02329283791026914,0.06272864520901161,0.4053717767194405,0.07516339869281045,23,306
7909,0.024506864603919976,0.06932316275500323,0.4285675977174239,0.0718954248366013,22,306
7910,0.026095576991929013,0.07076395944642677,0.4390597960555484,0.07516339869281045,23,306
7911,0.024092903175294427,0.07048839385866115,0.4282904992777563,0.06862745098039216,21,306
7912,0.02578840194480315,0.06942891394402408,0.42964738776619327,0.06535947712418301,20,306
7913,0.02448696515735524,0.07095647226380558,0.43474421132420876,0.09803921568627451,30,306
7914,0.025790714591773154,0.07230866307457225,0.44735665965875776,0.0718954248366013,22,306
7915,0.026413766359377543,0.07801245352877816,0.4570783455614193,0.06862745098039216,21,306
7916,0.023054712978227244,0.06487583654562339,0.40596172823615223,0.06862745098039216,21,306
7917,0.023724448800236154,0.07004442128475388,0.4279669198094993,0.06209150326797386,19,306
7918,0.024102126957140948,0.07313910515593271,0.432302169591396,0.06535947712418301,20,306
7919,0.025187932032202636,0.0696124018701781,0.4297349866277656,0.08169934640522876,25,306
7920,0.022956841183848598,0.07321387480180057,0.4206443700747987,0.08169934640522876,25,306
7921,0.02412470978945299,0.06468911277637121,0.41743002817465424,0.08169934640522876,25,306
7922,0.02363450098085872,0.06833531440273188,0.4175694712604225,0.09477124183006536,29,306
7923,0.02456123985602668,0.06556102343554909,0.4176624333176013,0.07516339869281045,23,306
7924,0.02586087243897303,0.0734878181111644,0.44671665164971897,0.0718954248366013,22,306
7925,0.024056971926745684,0.06700374050481067,0.41541882982222794,0.07516339869281045,23,306
7926,0.02537741275162287,0.07229911187314934,0.4411299895596459,0.0718954248366013,22,306
7927,0.024084983945257026,0.07700577101054971,0.43405414682284293,0.0784313725490196,24,306
7928,0.024738598719145036,0.07145785874617275,0.42787932094792697,0.0718954248366013,22,306
7929,0.024089088571486904,0.07032577927302626,0.42667260193647116,0.08496732026143791,26,306
7930,0.02649790655528997,0.07116920678906964,0.44476623618083266,0.07516339869281045,23,306
7931,0.023436583196825993,0.06900181035859587,0.4163806295676549,0.05228758169934641,16,306
7932,0.02297966015767274,0.07165584377375114,0.41818802648703535,0.08496732026143791,26,306
7933,0.02382007092315563,0.07225168962534846,0.42831731525578864,0.0784313725490196,24,306
7934,0.02490183158065216,0.07395594811758148,0.4333497804665265,0.08169934640522876,25,306
7935,0.023854332384546737,0.06688217400343832,0.41707963272836485,0.0915032679738562,28,306
7936,0.025751544458829573,0.06842858058591114,0.4379657041518285,0.08496732026143791,26,306
7937,0.024815830503743818,0.0697999398892119,0.42904670985826865,0.06209150326797386,19,306
7938,0.02550502397226465,0.0690077771742819,0.4352769554211181,0.09477124183006536,29,306
7939,0.02262553191498442,0.06807567339832811,0.40419187368601706,0.09803921568627451,30,306
7940,0.025704766365630946,0.0739210151389591,0.44567797943393256,0.06862745098039216,21,306
7941,0.023814894428690274,0.06935223009591863,0.4212951044750504,0.0784313725490196,24,306
7942,0.024360943427443948,0.06782630201840768,0.4242573761816908,0.08169934640522876,25,306
7943,0.025986176293878265,0.07114259348903185,0.437869166630912,0.0718954248366013,22,306
7944,0.02289349697346901,0.07094279207677869,0.4220727678379886,0.07516339869281045,23,306
7945,0.025818661722860306,0.07199040128122,0.4351571773859069,0.08169934640522876,25,306
7946,0.025180779118196855,0.06966512995855109,0.4331817336708571,0.0718954248366013,22,306
7947,0.025940167297912563,0.07349550171978451,0.44252084495359045,0.0784313725490196,24,306
7948,0.024222811406807737,0.06948769468646429,0.4181969651463795,0.07516339869281045,23,306
7949,0.02570507681934637,0.07154957611660787,0.4427568255602752,0.08169934640522876,25,306
7950,0.023799247238321476,0.06856189070113146,0.41538843838045797,0.09477124183006536,29,306
7951,0.02425447717324927,0.06820247868723803,0.4225322149282762,0.08823529411764706,27,306
7952,0.024936888293545345,0.07587069016165793,0.4362745098039216,0.0915032679738562,28,306
7953,0.02475027806048606,0.06785713666998243,0.42141845797399924,0.08496732026143791,26,306
7954,0.025127771457931398,0.06538848806805268,0.4161500121565767,0.058823529411764705,18,306
7955,0.025916526545362948,0.0710317577000932,0.43833218918493727,0.09803921568627451,30,306
7956,0.0256245514175505,0.07201055890007306,0.44366499334963744,0.08496732026143791,26,306
7957,0.025006269906904303,0.07084342563996537,0.4251226384062013,0.08496732026143791,26,306
7958,0.024714129504580844,0.07128455593484952,0.4263865648374594,0.0784313725490196,24,306
7959,0.023888205584361444,0.07005321305312594,0.4231668597417085,0.07516339869281045,23,306
7960,0.023886382783916374,0.07073237022008769,0.4225411535876203,0.08823529411764706,27,306
7961,0.024496045791138878,0.06692089681748788,0.4154009525035397,0.09477124183006536,29,306
7962,0.024487570980515305,0.06927923057746584,0.42598253743510534,0.06209150326797386,19,306
7963,0.023680869201691015,0.06894762473880196,0.4168579539766308,0.0915032679738562,28,306
7964,0.025325371695128888,0.06921003578361982,0.43358754880508005,0.08496732026143791,26,306
7965,0.023896832053332415,0.0708299450932273,0.42236953132821325,0.06862745098039216,21,306
7966,0.024897572118995105,0.07133578392986858,0.43209121723087485,0.08496732026143791,26,306
7967,0.025316624721961604,0.06662042200813438,0.4275432273565882,0.06209150326797386,19,306
7968,0.024303855845867445,0.06677728160593832,0.4243771542169019,0.07516339869281045,23,306
7969,0.023035788793438608,0.0642671625608704,0.40306560260865837,0.058823529411764705,18,306
7970,0.023427303970754786,0.06838347881989598,0.4138098711402869,0.08169934640522876,25,306
7971,0.022087080054035375,0.06564400228873284,0.4011884841463938,0.08823529411764706,27,306
7972,0.022608117447332557,0.06978765562745994,0.41924100055777236,0.08496732026143791,26,306
7973,0.024733907854175743,0.06875800461211029,0.4280348536205146,0.06862745098039216,21,306
7974,0.025934930107452625,0.07382610122371298,0.44689542483660133,0.0784313725490196,24,306
7975,0.025832434374035484,0.07099926219287592,0.44275503782840636,0.08823529411764706,27,306
7976,0.02377905922658265,0.06591243958633958,0.4133146694126228,0.0718954248366013,22,306
7977,0.026064520249255534,0.078737118523206015,0.45858897899057505,0.0784313725490196,24,306
7978,0.025701124644150555,0.07512134260064876,0.44703665565423834,0.05555555555555555,17,306
7979,0.02780179839378303,0.08058877343697445,0.47034867922369533,0.09803921568627451,30,306
7980,0.025247425931016063,0.0687894698340758,0.42680846955850177,0.06535947712418301,20,306
7981,0.023307777102381085,0.07036626700399513,0.41318774044993634,0.058823529411764705,18,306
7982,0.02395230112802479,0.066805636420448955,0.41870825646086296,0.058823529411764705,18,306
7983,0.023343634575397294,0.070496568702974,0.42116638778049514,0.0718954248366013,22,306
7984,0.025607303020739155,0.06992765910625506,0.4334320161324924,0.08823529411764706,27,306
7985,0.024313458734114696,0.07072758141462433,0.42942928447819684,0.0784313725490196,24,306
7986,0.024442132355698015,0.07220903404815829,0.4265170692638835,0.08823529411764706,27,306
7987,0.024630524213730742,0.07063903019638908,0.42594678279772885,0.0915032679738562,28,306
7988,0.025247813930707984,0.07718404734703842,0.4457083708757026,0.08169934640522876,25,306
7989,0.023974066232606023,0.06901806393414815,0.41455535532958626,0.06209150326797386,19,306
7990,0.024987554679072082,0.07025224143504205,0.43548790778163926,0.0784313725490196,24,306
7991,0.025628960070852715,0.06909205405374778,0.4316764634373078,0.0718954248366013,22,306
7992,0.0256367533284271,0.07238583899426798,0.43768145478468556,0.07516339869281045,23,306
7993,0.02472253791925582,0.07135922519619438,0.43203937300667894,0.0718954248366013,22,306
7994,0.025040364563379557,0.07223218951084413,0.43712189470974383,0.0784313725490196,24,306
7995,0.02451534308568876,0.07127276806371056,0.4273608787059682,0.0784313725490196,24,306
7996,0.025664058531465556,0.0703851768316756,0.43369481271720944,0.08823529411764706,27,306
7997,0.023856084527232778,0.06995186837536567,0.4210644870639722,0.06862745098039216,21,306
7998,0.02536761038407576,0.07346206201718802,0.44624826590008726,0.08496732026143791,26,306
7999,0.025074865484919703,0.06739001590316676,0.4287964273966334,0.07516339869281045,23,306
8000,0.026294115910101935,0.07039905248413304,0.4354128230431487,0.07516339869281045,23,306
8001,0.023965097126571203,0.0660080520775148,0.4174479054933425,0.08169934640522876,25,306
8002,0.02533231962021882,0.0724743354399398,0.43739005449006735,0.08169934640522876,25,306
8003,0.02270667327096569,0.06640431076037082,0.40531456929963816,0.0718954248366013,22,306
8004,0.023365148643420267,0.07024503597627099,0.41505055705725036,0.0784313725490196,24,306
8005,0.023756804548082544,0.07092405088593869,0.4255320290041618,0.05228758169934641,16,306
8006,0.023389016724166253,0.06986014641910344,0.41841864389811356,0.0718954248366013,22,306
8007,0.024138236161642113,0.06858885323381245,0.42227478153916564,0.06535947712418301,20,306
8008,0.023943885024579104,0.07009425589171425,0.4238318959969108,0.0718954248366013,22,306
8009,0.02407287842053892,0.0690256578974819,0.4254605197294089,0.06862745098039216,21,306
8010,0.02481145606581318,0.0731290445965104,0.4394173424293131,0.07516339869281045,23,306
8011,0.025552612391322335,0.06906423169105746,0.4301211367114315,0.0915032679738562,28,306
8012,0.02518885306932434,0.07300187466833435,0.4393887387194119,0.10130718954248366,31,306
8013,0.026168449595667904,0.07485360683442299,0.4450933911128273,0.0718954248366013,22,306
8014,0.02511330770664643,0.07132410254410912,0.4277684815720599,0.06535947712418301,20,306
8015,0.024722754153338376,0.06724456764277384,0.41657549234135666,0.06862745098039216,21,306
8016,0.023636966090448627,0.07200609885827604,0.42813139114143106,0.09803921568627451,30,306
8017,0.0257293546962379,0.07113926281922925,0.4374347477867879,0.0915032679738562,28,306
8018,0.024454440072599185,0.06736963090963731,0.4278239012599934,0.06535947712418301,20,306
8019,0.025045866745762112,0.06904441797595445,0.42745205303127815,0.06209150326797386,19,306
8020,0.025409374926608008,0.06997175951221242,0.43238082979362424,0.0784313725490196,24,306
8021,0.025022340937715614,0.07151489410485294,0.436047467856581,0.0718954248366013,22,306
8022,0.022429893997455246,0.06513543532165421,0.4061994965747058,0.08169934640522876,25,306
8023,0.02329754751423911,0.06899932693890334,0.4100520587520201,0.0784313725490196,24,306
8024,0.024735461350531104,0.06648506450920474,0.4237639621858955,0.07516339869281045,23,306
8025,0.023783255314574384,0.06356122498965955,0.41134458889317943,0.06209150326797386,19,306
8026,0.022470193158388656,0.06899928015475904,0.41308047653780694,0.0784313725490196,24,306
8027,0.024189057713545337,0.06377157481591307,0.40817851575349323,0.08823529411764706,27,306
8028,0.024808634946696412,0.0679191814825496,0.41732455199439367,0.0718954248366013,22,306
8029,0.024062271242516274,0.06437386389352058,0.4144963601779151,0.06862745098039216,21,306
8030,0.02401537355946391,0.06839542468403809,0.42349222694183436,0.08496732026143791,26,306
8031,0.024361419019115434,0.07651237785624566,0.43755810128573674,0.06535947712418301,20,306
8032,0.024057761794057816,0.06739795730625865,0.4182702621530012,0.08169934640522876,25,306
8033,0.023962806245329663,0.07183041807831005,0.43173188312524136,0.08169934640522876,25,306
8034,0.024241488735024876,0.06703519774112288,0.4242913430871984,0.07516339869281045,23,306
8035,0.024667140410022312,0.07549601064680682,0.4410245133793853,0.06535947712418301,20,306
8036,0.02364473830654525,0.07001609483619138,0.41986670671186055,0.08169934640522876,25,306
8037,0.02342997240232252,0.07207519648459812,0.421704495073011,0.0718954248366013,22,306
8038,0.024507544614613738,0.07004149285659586,0.4286551965789963,0.06862745098039216,21,306
8039,0.024937278739833563,0.06901216792403685,0.4309291915161396,0.08496732026143791,26,306
8040,0.024260943012730227,0.07090508058068995,0.42602901846369473,0.06535947712418301,20,306
8041,0.024137775239908822,0.07001314231916647,0.4278596558973699,0.0718954248366013,22,306
8042,0.025053660310569537,0.07072319513381707,0.42834591896568985,0.08169934640522876,25,306
8043,0.023291002519650154,0.0708434413794891,0.41959854693153703,0.0784313725490196,24,306
8044,0.02421720256983307,0.06797280322670901,0.4239427353727778,0.0718954248366013,22,306
8045,0.02563736153895939,0.06942846483392018,0.43109187511620256,0.0718954248366013,22,306
8046,0.024642761057687895,0.06605030292943312,0.42555526951845657,0.08823529411764706,27,306
8047,0.025224822436755244,0.07363624400071705,0.44752470645442716,0.09477124183006536,29,306
8048,0.023262268670223202,0.06799966169337635,0.4181683614364783,0.0915032679738562,28,306
8049,0.025247608693823854,0.07191369786536699,0.43615830723244803,0.0784313725490196,24,306
8050,0.023171794578396188,0.06732064301235452,0.40950501280016016,0.07516339869281045,23,306
8051,0.025399293466850194,0.07315004436296184,0.44070450937486594,0.0784313725490196,24,306
8052,0.023539608747302983,0.06698327896907322,0.40918143333190315,0.08169934640522876,25,306
8053,0.024344913271430436,0.06675201438292841,0.4161106820554626,0.06535947712418301,20,306
8054,0.023422588096740048,0.06350411591446471,0.4049337824115788,0.08823529411764706,27,306
8055,0.023398939610320368,0.06746975127074051,0.41390462092933455,0.0784313725490196,24,306
8056,0.024587919877388058,0.07212923912622621,0.4338467699260594,0.058823529411764705,18,306
8057,0.024272583642287883,0.06602014840682925,0.41589615423120374,0.06862745098039216,21,306
8058,0.024321418250516532,0.0653475477367282,0.41428898328113156,0.06862745098039216,21,306
8059,0.02403179101447017,0.06793397172064893,0.4205317429670628,0.08496732026143791,26,306
8060,0.022626688625463603,0.06485783028569488,0.4041239398750018,0.08169934640522876,25,306
8061,0.023839895992279973,0.06768512076674363,0.4209661618111869,0.07516339869281045,23,306
8062,0.023153217968898708,0.06558148104654903,0.41182012557028647,0.08823529411764706,27,306
8063,0.025311530915560473,0.06916585826162054,0.4309488565666967,0.08496732026143791,26,306
8064,0.0262735709172101,0.07283341194425035,0.4458406630339955,0.049019607843137254,15,306
8065,0.025352287895398097,0.06901540615343628,0.43805509074526966,0.0915032679738562,28,306
8066,0.02624900018754269,0.07245726560059491,0.44946439553210055,0.0718954248366013,22,306
8067,0.02536865873794287,0.07229068088009032,0.4379371004419273,0.0784313725490196,24,306
8068,0.025851229656663477,0.07327873984210423,0.4407581413309306,0.06209150326797386,19,306
8069,0.02364586112363431,0.06878165892400247,0.41510597674518385,0.06535947712418301,20,306
8070,0.024472510843478266,0.06670243624485381,0.4225554554425709,0.08496732026143791,26,306
8071,0.02509688917373864,0.06798950803878798,0.4314672988086555,0.05555555555555555,17,306
8072,0.025278546286270645,0.07066059033139171,0.43635853320175627,0.09477124183006536,29,306
8073,0.023096656819674887,0.06556438498742481,0.4075349322807168,0.0784313725490196,24,306
8074,0.023195377948489727,0.0693404289475402,0.4141852948327398,0.06535947712418301,20,306
8075,0.02468462371224541,0.06879051179515702,0.4286391069921769,0.0718954248366013,22,306
8076,0.024112605910345853,0.0648034601137352,0.41126056549534473,0.058823529411764705,18,306
8077,0.0238403646003541,0.06748045729199338,0.4188030062499106,0.06862745098039216,21,306
8078,0.025281322585020534,0.07075429210434464,0.435784671271864,0.07516339869281045,23,306
8079,0.023810123578963453,0.07140861357715408,0.4228468557371891,0.06535947712418301,20,306
8080,0.024105520003805544,0.07074250399133102,0.42945431272436035,0.07516339869281045,23,306
8081,0.023370036592108075,0.07040708713704763,0.4227145635788962,0.0718954248366013,22,306
8082,0.022946882531970095,0.06483982943371241,0.4085342743953891,0.0784313725490196,24,306
8083,0.024595959304026378,0.07092402259746287,0.4268889174925988,0.0784313725490196,24,306
8084,0.023204986018951965,0.07039896711403158,0.42174740063786276,0.06209150326797386,19,306
8085,0.026130208235872306,0.0729132687045957,0.4473316314125942,0.08496732026143791,26,306
8086,0.025350615599101914,0.07306074227535209,0.43588478425651805,0.06535947712418301,20,306
8087,0.025980857829558425,0.06863581130861128,0.4300764434147109,0.07516339869281045,23,306
8088,0.026314495224622498,0.07167280629851401,0.43998047796799244,0.08823529411764706,27,306
8089,0.024934519850908173,0.07574255582699896,0.4464699446518213,0.08496732026143791,26,306
8090,0.02413985199060252,0.07034795817648384,0.43266507916076713,0.06535947712418301,20,306
8091,0.024947473456744224,0.07005946691406457,0.4355665679838675,0.0784313725490196,24,306
8092,0.024407318177170196,0.07109332866257544,0.4339147037370747,0.08496732026143791,26,306
8093,0.02232900000787355,0.06358137789807743,0.3980778306946411,0.0784313725490196,24,306
8094,0.024081390329507728,0.07132397517703917,0.42530856252055893,0.11437908496732026,35,306
8095,0.024797236933664486,0.0698867975438821,0.42911106820554623,0.07516339869281045,23,306
8096,0.023929377951289,0.0663417996170173,0.4105955292401425,0.06209150326797386,19,306
8097,0.024118330826488222,0.0691678710465543,0.42487593140830365,0.0718954248366013,22,306
8098,0.025518491573858697,0.07743381490027106,0.4481182334348765,0.08169934640522876,25,306
8099,0.02425920190573526,0.06917135073900622,0.42966884054861915,0.08496732026143791,26,306
8100,0.02458366608974399,0.0671660453300263,0.4259718110438924,0.06535947712418301,20,306
8101,0.027117432253583113,0.0716130631077286,0.4456261352097367,0.0915032679738562,28,306
8102,0.02330100863951488,0.06848536054616323,0.4169652178887602,0.06862745098039216,21,306
8103,0.025467242745932327,0.07356718093384117,0.43822134980907024,0.06862745098039216,21,306
8104,0.023472070947638084,0.06858748678056505,0.4176177400208807,0.08496732026143791,26,306
8105,0.025200545989661413,0.06980093715316545,0.43433303299437936,0.0784313725490196,24,306
8106,0.02392705767460837,0.068410274390258,0.4198935226898929,0.08823529411764706,27,306
8107,0.02278791338003198,0.06723669581182742,0.4150487693253815,0.10130718954248366,31,306
8108,0.024722213774639665,0.07031199585315535,0.4361243403269404,0.0718954248366013,22,306
8109,0.02472834804423312,0.06752534443514728,0.4294632513837045,0.0718954248366013,22,306
8110,0.025825875769276283,0.07308696870281103,0.4473459332675448,0.0784313725490196,24,306
8111,0.024961162959246365,0.06924580318379994,0.4299083966190415,0.05555555555555555,17,306
8112,0.025379319957384433,0.07137441180026233,0.43765821427039087,0.06209150326797386,19,306
8113,0.026405274729293996,0.07654745433739416,0.45572682026858885,0.0915032679738562,28,306
8114,0.024419179433219813,0.0681557112988676,0.4207158793495516,0.0718954248366013,22,306
8115,0.024929681198861287,0.07493740473011849,0.44175212024999644,0.10130718954248366,31,306
8116,0.025837737472362347,0.07200734861383225,0.4388434804994208,0.08169934640522876,25,306
8117,0.025893300593040843,0.07298663366657117,0.445238197394202,0.0718954248366013,22,306
8118,0.02338728407288288,0.06966794931312996,0.41580676763776264,0.06535947712418301,20,306
8119,0.02546716504237635,0.07294460214954493,0.44477338710830794,0.0784313725490196,24,306
8120,0.02519582700681301,0.06909548008111076,0.42642053174296707,0.08823529411764706,27,306
8121,0.023990703504198536,0.06393932830571597,0.41523826890347676,0.06862745098039216,21,306
8122,0.02448653706327839,0.06967806022661525,0.4249081105819425,0.06209150326797386,19,306
8123,0.02535471431743087,0.07261471054519184,0.4330887716136783,0.07516339869281045,23,306
8124,0.025442160424382017,0.07390887735068648,0.44850974671414884,0.08496732026143791,26,306
8125,0.025697667377649745,0.07047884887939244,0.4412461921311194,0.05228758169934641,16,306
8126,0.025369346880170472,0.06928989188884042,0.4340988401195635,0.06862745098039216,21,306
8127,0.02496496038072053,0.06974129385598847,0.4258824244504512,0.08823529411764706,27,306
8128,0.024561789387257928,0.06909104132125854,0.42475257790935483,0.08823529411764706,27,306
8129,0.023610726359824016,0.06989546825405678,0.4207587849144034,0.07516339869281045,23,306
8130,0.02577048039423351,0.07527608690267451,0.444226341156448,0.08823529411764706,27,306
8131,0.024264845972685634,0.06536930726708236,0.41593905979605555,0.0718954248366013,22,306
8132,0.025079476173081684,0.07262932338751911,0.4372059181075786,0.0718954248366013,22,306
8133,0.02262247736400582,0.068987639994393,0.40978568670356547,0.07516339869281045,23,306
8134,0.025287570018195114,0.07373492986070503,0.4388667210137155,0.0784313725490196,24,306
8135,0.02508367961881184,0.06981638814285503,0.4391599090402025,0.08169934640522876,25,306
8136,0.024690075811354385,0.07016688141814045,0.424001730524449,0.09477124183006536,29,306
8137,0.023139132881302323,0.06859693876030057,0.40934948012757255,0.058823529411764705,18,306
8138,0.024431639686296046,0.07031062193443904,0.4277595429127158,0.07516339869281045,23,306
8139,0.02483753103017597,0.07073054678320949,0.4311490825360049,0.09803921568627451,30,306
8140,0.02496265616728896,0.0727439686937768,0.4411192631684329,0.0784313725490196,24,306
8141,0.025077076685246714,0.0707256585730292,0.4369341828635174,0.0784313725490196,24,306
8142,0.024616931825268633,0.06778646853953006,0.4310042762546302,0.07516339869281045,23,306
8143,0.0246016868378756,0.06959175219226095,0.42807060825789106,0.08169934640522876,25,306
8144,0.02531733470415416,0.06993115235649666,0.4335464309720971,0.08169934640522876,25,306
8145,0.024727590909010513,0.06636806236348379,0.4226931107964703,0.0784313725490196,24,306
8146,0.02426134850526811,0.07247906562928684,0.4285926259635875,0.0718954248366013,22,306
8147,0.023504049184592417,0.06705708586100582,0.4108136325281389,0.08169934640522876,25,306
8148,0.024532404801561974,0.06810748315104392,0.4245130218389325,0.08169934640522876,25,306
8149,0.02469114465772243,0.06751815516920998,0.42072124254515814,0.08169934640522876,25,306
8150,0.023685295560467428,0.06605154283180281,0.4175819853835042,0.058823529411764705,18,306
8151,0.02483211693516215,0.06942319342026905,0.42653852204630943,0.10130718954248366,31,306
8152,0.023596540806451557,0.06691945951013441,0.41752835342743955,0.06535947712418301,20,306
8153,0.025110027671360335,0.06813377872601786,0.429872641981665,0.0718954248366013,22,306
8154,0.024064442757311694,0.06943346307603877,0.41994715464595755,0.06862745098039216,21,306
8155,0.02443756316134816,0.0706199059762845,0.4304232633972626,0.08169934640522876,25,306
8156,0.0225741497088418,0.06638111410722804,0.4110496131348236,0.0784313725490196,24,306
8157,0.024935176778142165,0.06687381893454318,0.4221710930907739,0.06862745098039216,21,306
8158,0.023508563547626555,0.06308504297990607,0.4026079432502396,0.07516339869281045,23,306
8159,0.02406232728254219,0.0699948239380738,0.4266529368859141,0.05555555555555555,17,306
8160,0.025194757539864866,0.0655090793349709,0.41888166645213887,0.08169934640522876,25,306
8161,0.024850247892491392,0.07330164330171504,0.4362745098039216,0.07516339869281045,23,306
8162,0.024189122013118687,0.06973969886818712,0.4236263068319961,0.0784313725490196,24,306
8163,0.024086111045565625,0.06614149815557072,0.41531335364196736,0.0915032679738562,28,306
8164,0.025434968982139563,0.0741829129485738,0.4410334520387294,0.0718954248366013,22,306
8165,0.025746710425043663,0.0701476558284361,0.43341592654567296,0.08169934640522876,25,306
8166,0.024223436902484564,0.06732881377515586,0.4216544385806839,0.0915032679738562,28,306
8167,0.024890955935227086,0.06680161512607227,0.42524777963701893,0.0784313725490196,24,306
8168,0.024595936790657646,0.06855961721033606,0.425206661804036,0.08169934640522876,25,306
8169,0.026046414684490662,0.0730049110365997,0.4414213898542641,0.0915032679738562,28,306
8170,0.024802046202155214,0.06898792264608508,0.4283888245305416,0.07516339869281045,23,306
8171,0.025822318829518295,0.07380870597739526,0.44562255974599907,0.06862745098039216,21,306
8172,0.023444131806058786,0.05892637340254465,0.397065974456887,0.07516339869281045,23,306
8173,0.025011674689923987,0.07010428291889845,0.4322574762946754,0.07516339869281045,23,306
8174,0.026724505880050445,0.07539654331276963,0.4510322363810586,0.0784313725490196,24,306
8175,0.02522997928955983,0.06998217356218037,0.4322038443386107,0.08169934640522876,25,306
8176,0.025403567791050772,0.07165665601986657,0.44240464238211696,0.07516339869281045,23,306
8177,0.02461057962099842,0.06826944087808756,0.4215328728136039,0.06862745098039216,21,306
8178,0.024521098943100235,0.06793188784270812,0.42237668225568853,0.08823529411764706,27,306
8179,0.025457777215024114,0.07289955007080773,0.4368430085382074,0.06862745098039216,21,306
8180,0.02366611521486259,0.06265836088923915,0.40773694598189386,0.08169934640522876,25,306
8181,0.025032666053642294,0.07349746047496027,0.4432556027516769,0.0718954248366013,22,306
8182,0.02432175484493671,0.06776146047498617,0.42659572946611174,0.058823529411764705,18,306
8183,0.024172250555644946,0.06629192493901176,0.42000614979762874,0.07516339869281045,23,306
8184,0.02422428374844577,0.06849309562169668,0.42328663777691966,0.08823529411764706,27,306
8185,0.024700712448442217,0.07423209247329628,0.4427872170020452,0.0718954248366013,22,306
8186,0.024914495654980637,0.0722716834313703,0.4366302684458174,0.0784313725490196,24,306
8187,0.02403664240135979,0.06651691876672912,0.42427882896411667,0.058823529411764705,18,306
8188,0.024832307277521747,0.07225967440057701,0.43504812574190876,0.0915032679738562,28,306
8189,0.024822872316769756,0.06659903788458088,0.420833869652894,0.0784313725490196,24,306
8190,0.024648510767476407,0.06845889863308428,0.42693897398492586,0.07516339869281045,23,306
8191,0.02360517125011546,0.07267620712567012,0.4239534617639908,0.06535947712418301,20,306
8192,0.024112454263466605,0.06764215016405034,0.4202474935999199,0.09477124183006536,29,306
8193,0.024000681531197922,0.06913992014667211,0.4245881065774231,0.07516339869281045,23,306
8194,0.02478754197578051,0.06903955776215047,0.42093755810128575,0.08496732026143791,26,306
8195,0.024472323563736513,0.06716678141216813,0.4146536805823715,0.07516339869281045,23,306
8196,0.024875853549895976,0.07243013558447745,0.43606713290713806,0.08169934640522876,25,306
8197,0.02475743382252082,0.07106528235589267,0.42640622988801646,0.06209150326797386,19,306
8198,0.024868809769405077,0.07098474944297434,0.4289930779022039,0.0784313725490196,24,306
8199,0.024703700612044768,0.06867638442545453,0.4275325009653752,0.06862745098039216,21,306
8200,0.026252469496583854,0.07259317658529826,0.44292308462407576,0.0784313725490196,24,306
8201,0.025233861469462274,0.06962308889700271,0.42862301740535746,0.06862745098039216,21,306
8202,0.02526147773985657,0.07164953101230027,0.4392492956336437,0.08496732026143791,26,306
8203,0.02500590104820972,0.07048229574425988,0.4330619556356459,0.08823529411764706,27,306
8204,0.025641864987005453,0.07182793600760178,0.4333140258291501,0.0784313725490196,24,306
8205,0.026636916675425556,0.07622594402770125,0.45688348278771757,0.08496732026143791,26,306
8206,0.02500094137189976,0.07167232435908792,0.4312152286151514,0.0784313725490196,24,306
8207,0.024189331558609414,0.0693209451186539,0.4207999027473863,0.08169934640522876,25,306
8208,0.02414938014778835,0.0711357299934924,0.4285032393701463,0.058823529411764705,18,306
8209,0.02436877215961592,0.06826462587640526,0.4243199467970996,0.08496732026143791,26,306
8210,0.023297888852196552,0.06669171725109585,0.4142818323536563,0.06862745098039216,21,306
8211,0.025900907828137722,0.07938856614159437,0.4587194834169992,0.0784313725490196,24,306
8212,0.025020123541096867,0.07081394640998587,0.4351661160452511,0.06862745098039216,21,306
8213,0.0231841825474721,0.06499920436016882,0.40238626449850545,0.06209150326797386,19,306
8214,0.02399324827366067,0.06778848100316143,0.4161392857653638,0.06535947712418301,20,306
8215,0.02498618280991696,0.07088632874560946,0.43676434833597916,0.08823529411764706,27,306
8216,0.02393632019352072,0.06776959875545037,0.41233678008037644,0.06862745098039216,21,306
8217,0.023976904240741635,0.06568196433786407,0.41428898328113156,0.10457516339869281,32,306
8218,0.02538231662889653,0.07534569052719732,0.4420310064215329,0.0784313725490196,24,306
8219,0.02271368640362258,0.06790445151789305,0.4099483703036284,0.09803921568627451,30,306
8220,0.02472740852879652,0.06873357757480433,0.42978146765635505,0.09477124183006536,29,306
8221,0.02317960237181833,0.06983979675674276,0.4196056978590123,0.058823529411764705,18,306
8222,0.023841111443052638,0.06520235142480842,0.4101396576135925,0.0718954248366013,22,306
8223,0.02521320729153593,0.07158392504850847,0.4312992520129861,0.08496732026143791,26,306
8224,0.02317999598105263,0.06632029809272456,0.41475736903076327,0.0915032679738562,28,306
8225,0.023029214461195695,0.0642422746591912,0.4003071323350639,0.08823529411764706,27,306
8226,0.023869854161066063,0.06423296206235204,0.4122330916319847,0.07516339869281045,23,306
8227,0.024608605824355378,0.07107307825818396,0.43073075327870025,0.07516339869281045,23,306
8228,0.026216008381946408,0.07505830352215793,0.4595507787360021,0.08496732026143791,26,306
8229,0.023487238685723315,0.07054505038095335,0.4273394259235423,0.0718954248366013,22,306
8230,0.02399594576634605,0.07272412698913627,0.4233277556099026,0.08496732026143791,26,306
8231,0.025797961484923155,0.06741739765847911,0.43617260908739863,0.08169934640522876,25,306
8232,0.024372703553436497,0.07209819599114425,0.43292072481800886,0.09477124183006536,29,306
8233,0.025184034598500278,0.06925775354390663,0.4271016575849888,0.07516339869281045,23,306
8234,0.023442282161111813,0.07100993691868622,0.4271713791278729,0.08823529411764706,27,306
8235,0.02343936800594551,0.06630441308781808,0.4135721028017334,0.07516339869281045,23,306
8236,0.023570341884137404,0.06715572208549049,0.41952524992491524,0.0718954248366013,22,306
8237,0.02442281060196727,0.06811813571007863,0.4197987729008452,0.0718954248366013,22,306
8238,0.024921039776505057,0.0683701275299024,0.4310328799645314,0.08169934640522876,25,306
8239,0.02446839508840015,0.0689635801423291,0.42298451109108853,0.08169934640522876,25,306
8240,0.022929769661810203,0.0646805134479716,0.40141195062999674,0.08169934640522876,25,306
8241,0.024563278455793053,0.071835717833765,0.43188384033409133,0.0784313725490196,24,306
8242,0.025015289955245597,0.07271667835999107,0.4352286866606599,0.0784313725490196,24,306
8243,0.024577278745685677,0.06539919339264601,0.42276640780309205,0.06209150326797386,19,306
8244,0.022858303955185368,0.06711359723386182,0.4102791006993607,0.058823529411764705,18,306
8245,0.024998484882562302,0.07325309585158046,0.4390008009038772,0.07516339869281045,23,306
8246,0.02362022114356114,0.06720801625883836,0.4143211624547704,0.08169934640522876,25,306
8247,0.023850466372521598,0.07291986201386187,0.42842815463165573,0.0915032679738562,28,306
8248,0.025722717165936753,0.0708651684451719,0.4377118462264556,0.06862745098039216,21,306
8249,0.02470680885417862,0.07346031873388,0.4424618498019193,0.0718954248366013,22,306
8250,0.0256261445012916,0.07349100981452523,0.4463483788847413,0.06862745098039216,21,306
8251,0.026182954852225365,0.0763909974663345,0.4521227528210409,0.08496732026143791,26,306
8252,0.02425589715637839,0.06765991391809247,0.41882982222794296,0.0784313725490196,24,306
8253,0.024452315866360385,0.06905409472459374,0.4226144505942421,0.0718954248366013,22,306
8254,0.025417861607094198,0.07528882843911774,0.44506299967105734,0.08169934640522876,25,306
8255,0.023960834870460412,0.06935868491205782,0.43141187912072193,0.0784313725490196,24,306
8256,0.025227069337044303,0.06878289788611863,0.42782747672373106,0.0784313725490196,24,306
8257,0.0253233635142636,0.07075204347667058,0.4312009267602008,0.07516339869281045,23,306
8258,0.023573159378421877,0.0681096101696914,0.41349344259950516,0.08169934640522876,25,306
8259,0.02491733301366386,0.0721933365453804,0.4396998040645872,0.05555555555555555,17,306
8260,0.022923502373071857,0.06767333740492153,0.40801046895782384,0.07516339869281045,23,306
8261,0.02372374758177747,0.06767761452555016,0.41612855937415083,0.07516339869281045,23,306
8262,0.025778293813651904,0.07557334293107942,0.4535493628523619,0.06862745098039216,21,306
8263,0.024630339373414384,0.0681910214621114,0.4252084495359048,0.0784313725490196,24,306
8264,0.02297807236025543,0.0672328304566258,0.4101003275124784,0.06862745098039216,21,306
8265,0.024166973958735533,0.07030547254885532,0.4192535146808541,0.06535947712418301,20,306
8266,0.0248245332505428,0.07533132967780601,0.4426012928876875,0.08496732026143791,26,306
8267,0.023554341864426887,0.06909855564138878,0.4227378040931909,0.08823529411764706,27,306
8268,0.024696943121567245,0.0680690718237385,0.4245434132807025,0.06535947712418301,20,306
8269,0.023685135311158935,0.07050713425591897,0.4230828363438738,0.0457516339869281,14,306
8270,0.023904151324766424,0.06794983174410663,0.41540452796727734,0.08496732026143791,26,306
8271,0.024126169306778515,0.06743929779508197,0.41671135996338726,0.06862745098039216,21,306
8272,0.02396317435121322,0.07153430807434114,0.42199768309949803,0.05555555555555555,17,306
8273,0.025379158922813918,0.07059739618359588,0.4282279286623475,0.07516339869281045,23,306
8274,0.024176979261796794,0.06845015680989171,0.4213755524091475,0.06862745098039216,21,306
8275,0.024216632135356637,0.06782978065252716,0.4194215614765235,0.0718954248366013,22,306
8276,0.02431258340017415,0.06877043421684323,0.42382653280130433,0.06862745098039216,21,306
8277,0.024072115366794645,0.06696997754067689,0.42185824001372974,0.06862745098039216,21,306
8278,0.023654530654170183,0.07115726949940758,0.42330093963187027,0.06535947712418301,20,306
8279,0.02416740896996586,0.06807933481525752,0.42517448263039714,0.06209150326797386,19,306
8280,0.024621192125890572,0.06676728236071092,0.425085096036956,0.06862745098039216,21,306
8281,0.025873150046485344,0.0726257135597733,0.4421400580655311,0.06862745098039216,21,306
8282,0.025844447392541523,0.07650034177075177,0.45524592039587536,0.0784313725490196,24,306
8283,0.024199755112132477,0.06815539164172683,0.4217009196092733,0.0718954248366013,22,306
8284,0.02457239613158516,0.06850192811775002,0.4325935698860142,0.07516339869281045,23,306
8285,0.023948922418352017,0.06530222571158023,0.41821126700133004,0.05228758169934641,16,306
8286,0.02490612125231264,0.07458759859798682,0.44128015903662704,0.0784313725490196,24,306
8287,0.023862259170489977,0.06975074108383912,0.42792401424464754,0.0784313725490196,24,306
8288,0.023747305902683747,0.06887635607611127,0.41776790949786186,0.06535947712418301,20,306
8289,0.025314017280524053,0.0756166829895876,0.4430357117318116,0.0784313725490196,24,306
8290,0.024605105485662034,0.07185182057052687,0.435419973970624,0.08169934640522876,25,306
8291,0.024877343720296728,0.07156732262529199,0.43112941748544786,0.08169934640522876,25,306
8292,0.025459493618955668,0.06944760008980434,0.43820883568598845,0.08169934640522876,25,306
8293,0.02319217768531697,0.06956561829018508,0.4230184779965962,0.0718954248366013,22,306
8294,0.02519999572150782,0.0726166003808597,0.4341900144448735,0.08823529411764706,27,306
8295,0.024766951358654463,0.06688042581040646,0.42295054418558087,0.0915032679738562,28,306
8296,0.024101770770840775,0.06697592979777153,0.42732333633672287,0.0915032679738562,28,306
8297,0.025220519875630773,0.07267050813553826,0.4369753006965003,0.07516339869281045,23,306
8298,0.025383852694259773,0.06639006558065248,0.42603259392743237,0.08823529411764706,27,306
8299,0.025269038674448737,0.06895161377536059,0.43241837216286955,0.09477124183006536,29,306
8300,0.025277382068460686,0.07462711379140521,0.443629238712261,0.08823529411764706,27,306
8301,0.02681121255806845,0.07322479400605308,0.45261795454870496,0.05555555555555555,17,306
8302,0.025064506380939332,0.07004395534836202,0.4367214427711274,0.06862745098039216,21,306
8303,0.0237290553902172,0.06638218666684101,0.4102630111125413,0.058823529411764705,18,306
8304,0.024113960650772273,0.06714864474067544,0.4226019364711603,0.07516339869281045,23,306
8305,0.025228194558453272,0.07014825484522444,0.4315191430328514,0.0784313725490196,24,306
8306,0.025358683223466443,0.07231792035786727,0.43686088585689564,0.08169934640522876,25,306
8307,0.02398382836055672,0.06894309105549165,0.4270033323322035,0.05555555555555555,17,306
8308,0.023965306215597674,0.07049927659903167,0.4262864518528053,0.0718954248366013,22,306
8309,0.024726983080055984,0.07408471229954287,0.4330172623389254,0.06862745098039216,21,306
8310,0.026451077960512614,0.0724434906523574,0.4462125112627108,0.08496732026143791,26,306
8311,0.024781221678364298,0.06663750317789884,0.4216151084795698,0.0718954248366013,22,306
8312,0.025531061953155926,0.07161984321598991,0.44360599819796626,0.0718954248366013,22,306
8313,0.023888058625871338,0.06658438062605537,0.4146518928505027,0.06535947712418301,20,306
8314,0.02490993212028103,0.06902201301102799,0.42662612090788177,0.08823529411764706,27,306
8315,0.023945119002735757,0.07135465474493774,0.42639014030119704,0.0915032679738562,28,306
8316,0.025704957634536212,0.07583122377959321,0.45107335421404154,0.08496732026143791,26,306
8317,0.02449367121120259,0.067094075160098,0.41657728007322553,0.07516339869281045,23,306
8318,0.024475010269334203,0.06851906982053481,0.42544085467885184,0.08496732026143791,26,306
8319,0.024073548509337794,0.06685196000732543,0.41941619828091703,0.08823529411764706,27,306
8320,0.024105494373719175,0.0754212496150589,0.43553975200583517,0.06862745098039216,21,306
8321,0.024464348696831284,0.07284536129790381,0.4347477867879464,0.0718954248366013,22,306
8322,0.02442855876961582,0.07272698367623925,0.43137969994708314,0.0784313725490196,24,306
8323,0.02548270935849031,0.07168541490748012,0.43210730681769427,0.08823529411764706,27,306
8324,0.024317462706635425,0.0666584432215221,0.4249045351182048,0.06862745098039216,21,306
8325,0.02386038727983727,0.06503812762711812,0.41560296620471676,0.0784313725490196,24,306
8326,0.02462036722138296,0.07084217228158904,0.43255960298050655,0.06209150326797386,19,306
8327,0.025770101354580497,0.07381842250433444,0.44317694254944867,0.0718954248366013,22,306
8328,0.022388524288309553,0.06629428903564481,0.40917249467255906,0.06535947712418301,20,306
8329,0.025331318514336485,0.06939231411340019,0.4250278886171536,0.0718954248366013,22,306
8330,0.024721613992431266,0.06908538703177688,0.42246785658099856,0.08823529411764706,27,306
8331,0.025619816113696053,0.06905675914889359,0.4382714063013973,0.08169934640522876,25,306
8332,0.024841862364122943,0.07231270020441927,0.4405203729923771,0.0784313725490196,24,306
8333,0.024670657674115415,0.07371014946775081,0.4381587791936614,0.07516339869281045,23,306
8334,0.02458071615693184,0.06940582233565724,0.4272804307718711,0.06862745098039216,21,306
8335,0.025827100108679495,0.07490107307310369,0.4432877819253157,0.06862745098039216,21,306
8336,0.0258318296237292,0.07593577441924976,0.44560647015917965,0.08823529411764706,27,306
8337,0.024948225998727574,0.0666570698233799,0.42696042676735174,0.08823529411764706,27,306
8338,0.02489872791536293,0.06930411454242301,0.42545336880193363,0.07516339869281045,23,306
8339,0.024851332650045122,0.06920771503338025,0.4328974843037142,0.07516339869281045,23,306
8340,0.024172732776219157,0.06516270660099055,0.41450351110539035,0.06535947712418301,20,306
8341,0.02388076616447691,0.0716317961286966,0.44012528424936714,0.0784313725490196,24,306
8342,0.02476875421303604,0.06782772151727963,0.4247400637862731,0.06862745098039216,21,306
8343,0.025815844546644876,0.0669738024811328,0.42475972883683016,0.08496732026143791,26,306
8344,0.0235120156402015,0.06170707705328929,0.40416863317172236,0.06535947712418301,20,306
8345,0.02481839176436929,0.06976257025883856,0.427807811673174,0.06535947712418301,20,306
8346,0.02416687456205667,0.070405819128178,0.4291682756253486,0.0784313725490196,24,306
8347,0.024119302564239373,0.06677636556014507,0.41965932981507703,0.0718954248366013,22,306
8348,0.024261884820960547,0.06819623345533833,0.4186707140916177,0.08496732026143791,26,306
8349,0.025406203447151447,0.06837080599105261,0.42644019679352413,0.08823529411764706,27,306
8350,0.02438723521955492,0.0659939346586918,0.417533716623046,0.058823529411764705,18,306
8351,0.02480500780551186,0.06973906430565074,0.4325095464881795,0.06862745098039216,21,306
8352,0.024497857218997027,0.07145912051986823,0.4339772743524835,0.0718954248366013,22,306
8353,0.023801099868252018,0.07609269324322385,0.4355808698388181,0.07516339869281045,23,306
8354,0.025538909654799522,0.06977740229750909,0.4363227785643798,0.09477124183006536,29,306
8355,0.02541957499477001,0.07179606553306517,0.43676613606784803,0.07516339869281045,23,306
8356,0.02431843784383008,0.06939664080791061,0.4265903662705053,0.08496732026143791,26,306
8357,0.024885701917014977,0.07005098689098978,0.4264241072067047,0.0718954248366013,22,306
8358,0.02612929484526071,0.07179109176986881,0.4405775804121795,0.0718954248366013,22,306
8359,0.02452727695035908,0.07021238375030957,0.42470609688076544,0.058823529411764705,18,306
8360,0.023980931794898942,0.06567660690353892,0.4188709400609259,0.08169934640522876,25,306
8361,0.024689001030266267,0.0662998401072528,0.4236996038386179,0.07516339869281045,23,306
8362,0.02528642623671541,0.07286735904092939,0.43610288754451454,0.08169934640522876,25,306
8363,0.02482561378888244,0.07084281299984556,0.4338539208535347,0.0718954248366013,22,306
8364,0.02547876116041835,0.07127730069297361,0.4351607528496446,0.09477124183006536,29,306
8365,0.02315832771550124,0.0720621608662162,0.4187726148081406,0.08823529411764706,27,306
8366,0.024320750013780205,0.06883375515597562,0.4264491354528682,0.07516339869281045,23,306
8367,0.023979974444882413,0.06571441807601741,0.41269611418600993,0.0718954248366013,22,306
8368,0.025294549821870814,0.07051707068424996,0.43268831967506183,0.06535947712418301,20,306
8369,0.026168098904476873,0.0718873615403927,0.4434701305759357,0.0784313725490196,24,306
8370,0.02525241233343021,0.07254951944615591,0.4378316242616667,0.08496732026143791,26,306
8371,0.025100723970904033,0.0697072777111674,0.4384430285608043,0.06535947712418301,20,306
8372,0.023820925048055403,0.06900655815282669,0.4218922069192374,0.05228758169934641,16,306
8373,0.02433897710840912,0.0670062891461312,0.42072303027702695,0.08823529411764706,27,306
8374,0.025002395566325157,0.0719815532267969,0.43616545815992336,0.0915032679738562,28,306
8375,0.024586127227637186,0.07019568670494328,0.42637047525064,0.058823529411764705,18,306
8376,0.02425128659886498,0.06872783817278595,0.4258198538350424,0.05555555555555555,17,306
8377,0.02342440266220116,0.06856596620014771,0.4153401696199997,0.05555555555555555,17,306
8378,0.023540046867615707,0.06922193220641233,0.42103767108593987,0.08496732026143791,26,306
8379,0.02386433129084461,0.06807279961430973,0.4251315770655454,0.08823529411764706,27,306
8380,0.02330281778011041,0.06389136111758734,0.4036591295891077,0.0718954248366013,22,306
8381,0.024127455444776853,0.06771666696578378,0.4196915089887158,0.0718954248366013,22,306
8382,0.024095568144079062,0.06882599774196319,0.4249921339797772,0.09803921568627451,30,306
8383,0.022150120623235788,0.0647517193566977,0.4004930564494215,0.0718954248366013,22,306
8384,0.024707941576885717,0.07069107388320461,0.42881251698345274,0.0784313725490196,24,306
8385,0.024549656232658056,0.06627877442677614,0.4259432073339912,0.06535947712418301,20,306
8386,0.025844605688526794,0.07371066647246287,0.4471171035883354,0.06535947712418301,20,306
8387,0.02582597469250352,0.07645702788182289,0.4570676191702064,0.09477124183006536,29,306
8388,0.025762668547856672,0.06708218503130417,0.4279436792952046,0.08169934640522876,25,306
8389,0.024799341808730935,0.06490556034255032,0.42338317529783615,0.0915032679738562,28,306
8390,0.02597041616908775,0.07028166461902964,0.435096394502367,0.0784313725490196,24,306
8391,0.024982972344717556,0.07152493391039653,0.43927074841606956,0.06209150326797386,19,306
8392,0.025322585166862734,0.07068961020133734,0.431351096237182,0.0784313725490196,24,306
8393,0.02431869401985557,0.06576496925083108,0.4196432402282576,0.06862745098039216,21,306
8394,0.025410797020106457,0.07164888533243156,0.4401342229087113,0.0784313725490196,24,306
8395,0.025914587576634656,0.06899451539806112,0.43738826675819853,0.08823529411764706,27,306
8396,0.023993898493683774,0.07047800262580343,0.427271492112527,0.0718954248366013,22,306
8397,0.025578226800617464,0.07061559150988872,0.4370485977031221,0.06209150326797386,19,306
8398,0.022679793593248503,0.06987505877540305,0.41509525035397093,0.08169934640522876,25,306
8399,0.024654601282547192,0.07422572692901862,0.43719876718010325,0.0784313725490196,24,306
8400,0.023598396940218855,0.06578306937994696,0.41165029104274825,0.08496732026143791,26,306
8401,0.023113156930543773,0.06581468441392248,0.40836265213598205,0.06862745098039216,21,306
8402,0.023938385981858965,0.06806432952501013,0.4206783369803063,0.06862745098039216,21,306
8403,0.02710965953108899,0.07467404348244917,0.45185995623632386,0.08169934640522876,25,306
8404,0.0253731692353618,0.07530383611948517,0.44663262825188427,0.0718954248366013,22,306
8405,0.025926973934092965,0.0752712956380915,0.4492999242001688,0.0915032679738562,28,306
8406,0.02513721216266843,0.06726125458258495,0.4225536677107021,0.06209150326797386,19,306
8407,0.024713854032451653,0.07431791389973927,0.43819810929477554,0.0784313725490196,24,306
8408,0.02665059948320577,0.07482683487025517,0.45516904792551593,0.07516339869281045,23,306
8409,0.025467430714393485,0.06935144611917848,0.43537170521016577,0.0915032679738562,28,306
8410,0.025180572136710423,0.07208917397789535,0.4371576493471203,0.09477124183006536,29,306
8411,0.026611495807258342,0.08034580235887669,0.46669813074755795,0.0784313725490196,24,306
8412,0.022131482258796135,0.06738088586330528,0.41161096094163413,0.0784313725490196,24,306
8413,0.02470941982283647,0.06703850076945182,0.42132013272121394,0.08496732026143791,26,306
8414,0.024406029291189835,0.0700139856975813,0.4348192960626993,0.07516339869281045,23,306
8415,0.025651470065479024,0.07125217006156122,0.4349605268803364,0.0718954248366013,22,306
8416,0.02266218887846662,0.06626500269544154,0.4117986727878606,0.08496732026143791,26,306
8417,0.0237342338301206,0.06669316498107157,0.416217945967592,0.06535947712418301,20,306
8418,0.024681890028896893,0.07142021810864714,0.43517147924085753,0.06209150326797386,19,306
8419,0.02565321909012421,0.0743360869410923,0.4442513694026115,0.0784313725490196,24,306
8420,0.02279867374567907,0.0636328884349722,0.40733828177514625,0.0784313725490196,24,306
8421,0.024720419671547162,0.06958864457103489,0.4263883525693282,0.08169934640522876,25,306
8422,0.02425630484820949,0.06580309831420056,0.4132503110653452,0.08496732026143791,26,306
8423,0.02457348497139543,0.0680476008831369,0.4247114600763719,0.06862745098039216,21,306
8424,0.0253212591823368,0.0732860167279881,0.438233863932152,0.0718954248366013,22,306
8425,0.024957217989604787,0.06789790228738914,0.4311008137755467,0.07516339869281045,23,306
8426,0.025202446363247023,0.06974471685851898,0.4349390740979105,0.0784313725490196,24,306
8427,0.02498400743898879,0.07041584828305145,0.4363227785643798,0.08169934640522876,25,306
8428,0.025090401960920043,0.0658035799049103,0.41979340970523876,0.0718954248366013,22,306
8429,0.024556818884703485,0.06731268442012783,0.42368887744740497,0.06209150326797386,19,306
8430,0.023233627318388433,0.06738536504443297,0.4078835399951374,0.0784313725490196,24,306
8431,0.023729512051702765,0.06602585292453074,0.41012893122237953,0.09477124183006536,29,306
8432,0.023405023490218727,0.06686835321369389,0.41514351911442915,0.05555555555555555,17,306
8433,0.0246734189957327,0.07189962507569753,0.43659987700404745,0.08169934640522876,25,306
8434,0.023500612890266878,0.06902494872616284,0.4165862187325696,0.0915032679738562,28,306
8435,0.024512181837310118,0.06757750909412612,0.4243396118476567,0.058823529411764705,18,306
8436,0.0244871172050721,0.06971514436129327,0.43348922355229474,0.07516339869281045,23,306
8437,0.023561293041460714,0.06699065324936652,0.41544207033652264,0.08169934640522876,25,306
8438,0.023550948573919903,0.07135967596015093,0.42697294089043353,0.0718954248366013,22,306
8439,0.022894563328480194,0.0705479055800392,0.4161500121565767,0.09477124183006536,29,306
8440,0.024594435283165596,0.07095786283215653,0.4297117461134709,0.0784313725490196,24,306
8441,0.02403498417073572,0.06900509584700354,0.42554811859098124,0.049019607843137254,15,306
8442,0.022630205671138107,0.06409676210224147,0.4009668053946597,0.0784313725490196,24,306
8443,0.02476566408428134,0.06936834465282439,0.4269765163541711,0.058823529411764705,18,306
8444,0.025353440769157704,0.07307730460364452,0.4389132020423049,0.0784313725490196,24,306
8445,0.02478301084297186,0.07270452619309957,0.4329260880136154,0.08823529411764706,27,306
8446,0.02496285537795799,0.06775623223210156,0.4270516010926617,0.09477124183006536,29,306
8447,0.024536750898447552,0.06915656729342433,0.4246345876060125,0.08496732026143791,26,306
8448,0.0238404628544565,0.06863673659813645,0.4186885914103059,0.07516339869281045,23,306
8449,0.024284692160924097,0.06871363046924893,0.43212697186825133,0.08169934640522876,25,306
8450,0.024832059763432068,0.07209145052523515,0.436948484718468,0.06209150326797386,19,306
8451,0.025431928694850132,0.06896491026687156,0.43301011141145007,0.0784313725490196,24,306
8452,0.024131104783834328,0.07231454464699272,0.4314083036569843,0.06209150326797386,19,306
8453,0.025532735820134662,0.06878918735910321,0.431279586962429,0.06862745098039216,21,306
8454,0.024033952338267713,0.06704880707311525,0.4171582929305931,0.08496732026143791,26,306
8455,0.0244744601330772,0.07196963017398639,0.43670714091617685,0.08169934640522876,25,306
8456,0.023999860720744344,0.07056138219035123,0.42448620586090013,0.0784313725490196,24,306
8457,0.02481651799456327,0.06992469644616643,0.42722143562019993,0.0784313725490196,24,306
8458,0.02345666082469694,0.0676242515532386,0.4166684543985355,0.0718954248366013,22,306
8459,0.022657535455987574,0.07065141744763224,0.4218224853763533,0.09477124183006536,29,306
8460,0.02672172365440862,0.07574817187851175,0.4559502867521918,0.0718954248366013,22,306
8461,0.024780048773747145,0.06883496991054058,0.42488844553138544,0.0784313725490196,24,306
8462,0.024291180951105253,0.07058063716967004,0.42582879249438654,0.08823529411764706,27,306
8463,0.02445045838451945,0.068659841560468865,0.4193142975643941,0.06209150326797386,19,306
8464,0.02457802629272596,0.07367458696667055,0.4361904864060869,0.09803921568627451,30,306
8465,0.023149443966726878,0.07111781565057901,0.4176874615637648,0.07516339869281045,23,306
8466,0.025562607025303673,0.07084037594959205,0.4383143118662491,0.0784313725490196,24,306
8467,0.024944648415796543,0.06774441987352905,0.42451480957080134,0.0718954248366013,22,306
8468,0.02459203961932336,0.07185112784843653,0.4370450222393844,0.09477124183006536,29,306
8469,0.026194393884740912,0.0695457067996174,0.43618869867421806,0.07516339869281045,23,306
8470,0.024941741493179036,0.07173270643756491,0.4390365555412537,0.0718954248366013,22,306
8471,0.024216967166426767,0.07350572241450244,0.43309413480928477,0.08823529411764706,27,306
8472,0.024603392464943103,0.06843356011526903,0.4247239741994537,0.06209150326797386,19,306
8473,0.025245763702701603,0.07219191138604603,0.4397766765349466,0.08169934640522876,25,306
8474,0.024617933743734582,0.07011533323529498,0.427241100670757,0.06535947712418301,20,306
8475,0.024628142882065655,0.0700431959819734,0.42667081420460234,0.0718954248366013,22,306
8476,0.023814171388484545,0.06953725835123341,0.4212325338596416,0.0784313725490196,24,306
8477,0.024206340716505546,0.06887560682088142,0.4249528038786631,0.06535947712418301,20,306
8478,0.02333986501040013,0.07198409949037417,0.42712847356302114,0.08823529411764706,27,306
8479,0.023421224083612455,0.06751605522561467,0.41370797042376395,0.0915032679738562,28,306
8480,0.025822505337142636,0.0718292656153666,0.43833040145306845,0.08496732026143791,26,306
8481,0.025645542615088644,0.07540057979602906,0.44897098153630527,0.058823529411764705,18,306
8482,0.023420733887820237,0.06866993419863751,0.41707784499649603,0.07516339869281045,23,306
8483,0.023834375221792038,0.06643461453084284,0.41979698516897646,0.058823529411764705,18,306
8484,0.023336237613391212,0.06657040919592451,0.41282125541682757,0.058823529411764705,18,306
8485,0.025760117214833542,0.06996529663970627,0.43687697544371507,0.09477124183006536,29,306
8486,0.02474278447820275,0.07219663593202527,0.4340452081634988,0.08496732026143791,26,306
8487,0.023795184633571092,0.06751479202022251,0.4114840319789477,0.08496732026143791,26,306
8488,0.02277491856126533,0.06379443970962008,0.40274559860413894,0.05555555555555555,17,306
8489,0.0251287004270329,0.06775828473344386,0.42422698473992076,0.08496732026143791,26,306
8490,0.025425680388873686,0.07462064870605888,0.44339862130118274,0.08169934640522876,25,306
8491,0.024585601227947212,0.06815031735427662,0.4226770212096509,0.08169934640522876,25,306
8492,0.02619108113724718,0.0715696905593726,0.4354289126299681,0.0915032679738562,28,306
8493,0.02368856254560087,0.06266496460858322,0.4097821112398278,0.0784313725490196,24,306
8494,0.02378062596974079,0.0669051337974745,0.4213987929234422,0.06535947712418301,20,306
8495,0.023804542965300834,0.06520637924067799,0.40981607814533544,0.07516339869281045,23,306
8496,0.02401154589112527,0.07360497950902292,0.4280992119677922,0.0718954248366013,22,306
8497,0.024993243259913433,0.07363330254837813,0.4329618426509918,0.08823529411764706,27,306
8498,0.026223989285090735,0.07594397306733995,0.44885656669670054,0.0718954248366013,22,306
8499,0.02406833524243428,0.0721765798916313,0.43501773430013874,0.058823529411764705,18,306
8500,0.025877420948917998,0.06943712174361912,0.43162283148124314,0.0915032679738562,28,306
8501,0.024462832841414123,0.07433640270552569,0.4395246063414425,0.08823529411764706,27,306
8502,0.02345721898246229,0.07111958647596782,0.4267995308991576,0.0718954248366013,22,306
8503,0.024464785992663076,0.0713742474507179,0.43034460319503437,0.06862745098039216,21,306
8504,0.024386412773651195,0.07157886759174886,0.43744904964173853,0.0915032679738562,28,306
8505,0.02484836242106554,0.07367418351820577,0.4363996510347392,0.0718954248366013,22,306
8506,0.024594338807898845,0.07073900274526959,0.4318445102329772,0.0784313725490196,24,306
8507,0.02344470392378057,0.069183589182974,0.41920167045665824,0.06535947712418301,20,306
8508,0.024605482244638908,0.07370190747697195,0.4387773344202743,0.06862745098039216,21,306
8509,0.02569359531170372,0.07090758171232299,0.43886135781810903,0.06862745098039216,21,306
8510,0.02394080938523072,0.07014719995133926,0.42445402668726134,0.06862745098039216,21,306
8511,0.02431871199564475,0.06634840049258206,0.4232884255087885,0.06535947712418301,20,306
8512,0.023927308506126396,0.06651987496223694,0.4163019693654267,0.10130718954248366,31,306
8513,0.023914871227153262,0.0699563333334923,0.4222318759743139,0.07516339869281045,23,306
8514,0.023813747357175386,0.06893772331151928,0.42261087513050444,0.0718954248366013,22,306
8515,0.024051343395887884,0.06802859576783425,0.41915518942806884,0.0915032679738562,28,306
8516,0.023995726628995573,0.06948405671168133,0.41568698960255146,0.08496732026143791,26,306
8517,0.025201284035579984,0.07074593866653343,0.4342794010383147,0.06862745098039216,21,306
8518,0.024415643209428385,0.07399705475942063,0.4337448692095365,0.0718954248366013,22,306
8519,0.024662946664009592,0.06611967225861203,0.422868308519615,0.0718954248366013,22,306
8520,0.024244421771508033,0.07411898367998714,0.43366799673917705,0.08823529411764706,27,306
8521,0.02545224654184807,0.07039201216327785,0.4333408418071824,0.06862745098039216,21,306
8522,0.022531193442508184,0.06499232924402656,0.4008452396275797,0.09803921568627451,30,306
8523,0.02457341616706327,0.07085685100237187,0.42680310636289526,0.0784313725490196,24,306
8524,0.02650942712960393,0.06748187453799762,0.43861822628394903,0.08823529411764706,27,306
8525,0.024564989133053924,0.06801683153185002,0.43067175812702907,0.07516339869281045,23,306
8526,0.024681053475197588,0.0695093713083721,0.42804200454798985,0.0784313725490196,24,306
8527,0.02450549984767265,0.07129502623068394,0.4271838932509546,0.08169934640522876,25,306
8528,0.024200725965451888,0.07039255290975345,0.428020551765564,0.07516339869281045,23,306
8529,0.02367862651165742,0.07084461534341123,0.4236799387880608,0.08169934640522876,25,306
8530,0.02399525797699625,0.07326638434838854,0.4348765034825017,0.06535947712418301,20,306
8531,0.02603610186993141,0.07547724934383675,0.45204230488694386,0.08169934640522876,25,306
8532,0.02489010452374675,0.06792901192762914,0.42759864704452166,0.08496732026143791,26,306
8533,0.023011020805989164,0.06562660769252773,0.41273544428712405,0.0784313725490196,24,306
8534,0.025391368734028655,0.06714385653850571,0.4260486835142518,0.06862745098039216,21,306
8535,0.025113847734173363,0.0766827419245167,0.445248923785415,0.06862745098039216,21,306
8536,0.024108045232273383,0.06611473482996884,0.4146554683142403,0.08169934640522876,25,306
8537,0.024747167404559248,0.0710164491388133,0.42979576951130566,0.07516339869281045,23,306
8538,0.025401364051238443,0.07405264497873025,0.4382535289827091,0.09803921568627451,30,306
8539,0.023557479089530303,0.06708710227592103,0.41844724760801477,0.07516339869281045,23,306
8540,0.024580659436020676,0.07476749420268138,0.4424904535118205,0.06209150326797386,19,306
8541,0.025141836990870855,0.06994995537447532,0.43049298494014676,0.08169934640522876,25,306
8542,0.024097095466990563,0.06683667345496341,0.417210137154789,0.07516339869281045,23,306
8543,0.024482865640817544,0.06960619686685067,0.43307804522246535,0.08823529411764706,27,306
8544,0.024447266385533156,0.06814055197361303,0.4246256489466684,0.06862745098039216,21,306
8545,0.023779016789537703,0.06695368293976538,0.4178483574319589,0.06862745098039216,21,306
8546,0.024930781725626346,0.06897090712271936,0.4283387680382146,0.06209150326797386,19,306
8547,0.024321497964813962,0.0706859733177062,0.4332889975829865,0.08169934640522876,25,306
8548,0.022873945526301346,0.06851339455334936,0.41221521431329644,0.08823529411764706,27,306
8549,0.024501485840223634,0.07239717354260683,0.43331938902475653,0.10130718954248366,31,306
8550,0.02475860792024099,0.0719124256471892,0.4339987271349094,0.0718954248366013,22,306
8551,0.025343363858773806,0.0729904796022796,0.4356112612805881,0.07516339869281045,23,306
8552,0.023553975707646547,0.06584652098612734,0.4145571430614551,0.08169934640522876,25,306
8553,0.025404359929849643,0.06828965557937966,0.431218804078889,0.0784313725490196,24,306
8554,0.02569137938881194,0.06951786941807431,0.4341703493943164,0.0784313725490196,24,306
8555,0.025742455286849528,0.07156147159046522,0.4360832224939575,0.09477124183006536,29,306
8556,0.025254367934770244,0.07060968902787076,0.43651049041060624,0.0718954248366013,22,306
8557,0.02476485058655701,0.06411387171173459,0.4193518399336394,0.06535947712418301,20,306
8558,0.02361159364706764,0.06979465160595007,0.4216794668268474,0.06862745098039216,21,306
8559,0.02308754873722741,0.06913439916359239,0.4189567511906294,0.08496732026143791,26,306
8560,0.02542929583296931,0.0711220657911848,0.4333658700533459,0.08169934640522876,25,306
8561,0.02519212339902131,0.06991554483362793,0.4252781710787889,0.06862745098039216,21,306
8562,0.02479179516252348,0.06876243171817814,0.42709808212125117,0.06209150326797386,19,306
8563,0.025313793206735175,0.07139761255501724,0.43449035339883585,0.08496732026143791,26,306
8564,0.024299857188977845,0.06290801935019076,0.4086272364525679,0.08169934640522876,25,306
8565,0.02331148991947674,0.0688849181983345,0.41930893436878763,0.0784313725490196,24,306
8566,0.02499766836088012,0.07339723460220814,0.4426012928876875,0.0718954248366013,22,306
8567,0.02435164767353394,0.06840334007056421,0.4206443700747987,0.0784313725490196,24,306
8568,0.02369613344315738,0.06481746132899913,0.40779772886543386,0.08823529411764706,27,306
8569,0.023992614667831334,0.06642183758269965,0.41456429398893035,0.0784313725490196,24,306
8570,0.025202684810597387,0.06969552450243047,0.4325327870024742,0.0915032679738562,28,306
8571,0.02316624238774301,0.06557769595819997,0.4108011184050571,0.08169934640522876,25,306
8572,0.024955851301136606,0.07239583877815575,0.4347960555484046,0.08169934640522876,25,306
8573,0.025315551348716745,0.07337126577036111,0.4358543928147481,0.07516339869281045,23,306
8574,0.023965350290723345,0.06996181486390557,0.4261470087670371,0.09803921568627451,30,306
8575,0.02329835909755133,0.06300317048124036,0.40525378641609816,0.06862745098039216,21,306
8576,0.024586385257166818,0.06922549972948015,0.42563750518442245,0.07516339869281045,23,306
8577,0.024321231351262882,0.06938422623793558,0.4275307132335064,0.08169934640522876,25,306
8578,0.024652869839643123,0.0709836486939764,0.43344453025557417,0.07516339869281045,23,306
8579,0.023508062897702707,0.0677680992630574,0.418221993392543,0.0718954248366013,22,306
8580,0.025801306381457927,0.07337174188324687,0.44657005763647545,0.08823529411764706,27,306
8581,0.023796164141004057,0.06700560864664383,0.4196503911557329,0.06862745098039216,21,306
8582,0.023716065346379496,0.06761382427892992,0.42001151299323525,0.0784313725490196,24,306
8583,0.024998719149512048,0.06790112762574153,0.4257644341471089,0.08823529411764706,27,306
8584,0.024631689992896087,0.06375695216444786,0.42064973327040517,0.0718954248366013,22,306
8585,0.024477397471419065,0.0705052601583273,0.42481336079289483,0.06862745098039216,21,306
8586,0.023540103187524187,0.07033631910651975,0.4245326868894896,0.07516339869281045,23,306
8587,0.024714941617914387,0.06989184366008129,0.42954012385406387,0.0718954248366013,22,306
8588,0.024829684651018716,0.07034172890772028,0.42516733170292187,0.10130718954248366,31,306
8589,0.02521593105748896,0.07021579341086565,0.4322199339254301,0.0718954248366013,22,306
8590,0.02455627984655767,0.06991912080641563,0.4326990460662748,0.0784313725490196,24,306
8591,0.025153892942794624,0.07205257409256707,0.4356791950916034,0.08496732026143791,26,306
8592,0.024802871308030043,0.07109563601867133,0.43123489366570844,0.08823529411764706,27,306
8593,0.024715795777058465,0.06777625176074088,0.4231740106691838,0.07516339869281045,23,306
8594,0.024232869671019695,0.06786177124316195,0.4237407216716008,0.07516339869281045,23,306
8595,0.024514574918841438,0.07526092847835857,0.43995544972182893,0.06862745098039216,21,306
8596,0.023919307776017903,0.06745047501048208,0.42167052816750333,0.07516339869281045,23,306
8597,0.024084987297897844,0.06349826463098528,0.4039827090573647,0.06535947712418301,20,306
8598,0.024444634960079675,0.06759305692151067,0.4210948785057422,0.0784313725490196,24,306
8599,0.024152291436057523,0.06823016574164374,0.4237854149683214,0.06209150326797386,19,306
8600,0.02408780906917346,0.07041180557227342,0.4241662018563808,0.06209150326797386,19,306
8601,0.02495032042063393,0.06813848335724886,0.4247650920324366,0.06209150326797386,19,306
8602,0.023011262669128566,0.06884940432090915,0.41267287367171523,0.10457516339869281,32,306
8603,0.023082451156555245,0.06541776591126726,0.40318895610760713,0.0915032679738562,28,306
8604,0.02351345254829211,0.06993714595484468,0.42063364368358575,0.08496732026143791,26,306
8605,0.024900383487174407,0.07424038441622814,0.43808548218703963,0.09477124183006536,29,306
8606,0.023417857267682227,0.06358603804840257,0.40717917363882095,0.0784313725490196,24,306
8607,0.025403612397260068,0.06947384728437234,0.43826961856952845,0.07516339869281045,23,306
8608,0.02444156846920779,0.0712386006248899,0.42393737217717137,0.08496732026143791,26,306
8609,0.02448046440658334,0.07348408675075199,0.43508924357489165,0.08169934640522876,25,306
8610,0.024109202079471682,0.07056509495925836,0.42811708928648046,0.0784313725490196,24,306
8611,0.02412380787865425,0.06778750653881403,0.4173048869438366,0.0784313725490196,24,306
8612,0.02413651674622721,0.06275438654023059,0.4100252427739878,0.0784313725490196,24,306
8613,0.02433787003580516,0.07198141281107612,0.4359169634301569,0.0784313725490196,24,306
8614,0.02383506215749406,0.0664049746158288,0.4156887773344203,0.06535947712418301,20,306
8615,0.026410255671937433,0.0720554164256572,0.4434451023297722,0.06209150326797386,19,306
8616,0.024778440732975887,0.06909609375404083,0.4307879606985026,0.0718954248366013,22,306
8617,0.02368471687711508,0.06785790415917144,0.4216061698202257,0.08496732026143791,26,306
8618,0.024089038491335476,0.0692050958484156,0.4304429284478197,0.08496732026143791,26,306
8619,0.024555984492110012,0.06428242426003265,0.4150934626221021,0.06862745098039216,21,306
8620,0.023299136683697368,0.06848631838530492,0.4169884584030549,0.06535947712418301,20,306
8621,0.02452733192510263,0.0713892877135099,0.4279561934182864,0.0784313725490196,24,306
8622,0.024302673695393667,0.07206448259352206,0.4312992520129861,0.0718954248366013,22,306
8623,0.02340735917545246,0.06762607564120106,0.4148253028417786,0.0915032679738562,28,306
8624,0.024535649300970155,0.06783855200400857,0.421248623446461,0.08169934640522876,25,306
8625,0.025549625918146038,0.07280790974123272,0.4446840005148668,0.08823529411764706,27,306
8626,0.023438383794605867,0.0703366717124414,0.4284263668997869,0.08496732026143791,26,306
8627,0.023918302763288782,0.0686500535651749,0.4283870367986728,0.06862745098039216,21,306
8628,0.02549669429326092,0.06981878714436139,0.4344492355658529,0.06862745098039216,21,306
8629,0.02288022168090458,0.06156639366315546,0.3925751920024027,0.06862745098039216,21,306
8630,0.024499657545672827,0.07069510406832376,0.42544264241072066,0.06535947712418301,20,306
8631,0.026602789169171366,0.0705890236834134,0.4428676649361422,0.0784313725490196,24,306
8632,0.023311451216403174,0.06841382526565168,0.41407087999313513,0.08496732026143791,26,306
8633,0.02513160489465211,0.07150246620635202,0.43194462321763133,0.08496732026143791,26,306
8634,0.02425512842023856,0.06861923458858739,0.41804858340126716,0.09477124183006536,29,306
8635,0.023059785075984766,0.06920309634675602,0.41658085553696317,0.07516339869281045,23,306
8636,0.022284780338526194,0.06528933251314016,0.4024988916062413,0.07516339869281045,23,306
8637,0.02382425820573309,0.0694950528772488,0.4263919280330659,0.058823529411764705,18,306
8638,0.025234464736938987,0.0688219881617365,0.4245201727664078,0.058823529411764705,18,306
8639,0.025054130040798362,0.0688469250532438,0.43312452625105474,0.0457516339869281,14,306
8640,0.025243360341245275,0.0687614731149974,0.42250361121837504,0.0784313725490196,24,306
8641,0.0244626712419501,0.06585180846476817,0.41274259521459933,0.0784313725490196,24,306
8642,0.024386692573438125,0.06824679973170182,0.4253621944766236,0.08496732026143791,26,306
8643,0.024508372321628658,0.06709853890583252,0.42818681082936455,0.08169934640522876,25,306
8644,0.023806717602336748,0.06764091496830943,0.41668096852161723,0.08169934640522876,25,306
8645,0.023916862466026124,0.07077803080641919,0.42957051529583384,0.09477124183006536,29,306
8646,0.023163471633525726,0.0687549259376958,0.41823808297936244,0.07516339869281045,23,306
8647,0.024358846335557845,0.071328968332209,0.4358561805466169,0.06862745098039216,21,306
8648,0.0228157687547459,0.06533389034043918,0.4056006063986499,0.09477124183006536,29,306
8649,0.024382121631602447,0.07286728704497428,0.43197501465940136,0.08169934640522876,25,306
8650,0.02535468290022805,0.07260016096943424,0.4344027545372635,0.08169934640522876,25,306
8651,0.02585787833465886,0.0696795240950694,0.4362012127972998,0.09803921568627451,30,306
8652,0.02582872682329122,0.07255014587281447,0.44590502138127314,0.0784313725490196,24,306
8653,0.025482064439010934,0.07214140736123058,0.442363524549134,0.0718954248366013,22,306
8654,0.024745954545361114,0.07051733182078784,0.4282297163942163,0.0718954248366013,22,306
8655,0.02532026014588648,0.0745313225594457,0.4396837144777678,0.08823529411764706,27,306
8656,0.025533592575070225,0.07023861833470287,0.4383125241343802,0.08496732026143791,26,306
8657,0.025662718004291516,0.06639333896307688,0.4301586790806768,0.07516339869281045,23,306
8658,0.02298916527608244,0.06786821965732533,0.41237611018149056,0.0718954248366013,22,306
8659,0.02607197133184124,0.07654129136560235,0.4477553238655054,0.08823529411764706,27,306
8660,0.024250845255114405,0.06879329309704614,0.42550342529426066,0.0784313725490196,24,306
8661,0.025388321451402067,0.07379202889093178,0.4392528710973813,0.0784313725490196,24,306
8662,0.024098888056330755,0.07139974074784763,0.42410541897284076,0.0718954248366013,22,306
8663,0.02359032919288736,0.06825341260285482,0.4181576350452654,0.0784313725490196,24,306
8664,0.024401070180479822,0.06952142170341394,0.4243199467970996,0.0784313725490196,24,306
8665,0.02543177240496841,0.07169720113579285,0.4416663091202929,0.08169934640522876,25,306
8666,0.025427896153622367,0.07367377595985451,0.4338199539480271,0.0784313725490196,24,306
8667,0.02512117463040388,0.07035706587450642,0.4328313382245677,0.08169934640522876,25,306
8668,0.02479192720935489,0.06773807296297349,0.4284335178272622,0.07516339869281045,23,306
8669,0.024338592166791153,0.07024381580265353,0.426846011927747,0.08823529411764706,27,306
8670,0.0236585486899573,0.06427857094297493,0.40722923013114803,0.0718954248366013,22,306
8671,0.02378143504575939,0.06851364952196505,0.42250361121837504,0.07516339869281045,23,306
8672,0.024274557868891627,0.06749002711988708,0.4175569571373407,0.0784313725490196,24,306
8673,0.025976734706099007,0.07152410909093894,0.4375849172637691,0.08823529411764706,27,306
8674,0.024600979344276436,0.07119958547789527,0.4304983481357532,0.0718954248366013,22,306
8675,0.023370157683100107,0.06581250086125393,0.4162966061698202,0.06862745098039216,21,306
8676,0.023866598257743024,0.07123821400301882,0.42713026129488996,0.0784313725490196,24,306
8677,0.025194596872502795,0.07091510199663327,0.4335339168490153,0.06535947712418301,20,306
8678,0.024815840456327648,0.07702330205814824,0.447850073654553,0.07516339869281045,23,306
8679,0.02435211708469259,0.07160500724950283,0.4304733198895897,0.06535947712418301,20,306
8680,0.022351448705278484,0.06532084644372525,0.40926545672973785,0.0718954248366013,22,306
8681,0.02509120999829619,0.07061127267994925,0.4359938359005163,0.08496732026143791,26,306
8682,0.024510075330002063,0.07452246414868641,0.4358186381773716,0.0915032679738562,28,306
8683,0.026330703401145395,0.07316167313725008,0.44666659515739193,0.0718954248366013,22,306
8684,0.024707316769376923,0.07108351609713941,0.4359384162125828,0.07516339869281045,23,306
8685,0.0243214480142617,0.06497254885310466,0.41432473791850805,0.0718954248366013,22,306
8686,0.022778224322467462,0.06286644026926566,0.39925773372806456,0.06535947712418301,20,306
8687,0.024447203958906327,0.07226865164485259,0.4377511763275697,0.0784313725490196,24,306
8688,0.0230665274805026,0.06133651550306195,0.39490460662747956,0.0718954248366013,22,306
8689,0.024775883303808942,0.06797300322687377,0.4294704023111798,0.0915032679738562,28,306
8690,0.024281733762296587,0.07169700676516919,0.4287499463680439,0.07516339869281045,23,306
8691,0.024082875465019773,0.07061646703750787,0.4247329128587978,0.0915032679738562,28,306
8692,0.02413383680528344,0.07518424669997405,0.43977667653494656,0.07516339869281045,23,306
8693,0.022760919746168697,0.06439718242915803,0.40522875816993464,0.08169934640522876,25,306
8694,0.023836764921223316,0.06795386575556217,0.4174782969351125,0.06209150326797386,19,306
8695,0.02475492806721446,0.06939343072590869,0.42805988186667815,0.08496732026143791,26,306
8696,0.025335802914248032,0.0682810718115523,0.4303535418543785,0.08169934640522876,25,306
8697,0.023540845629826765,0.07018579596143353,0.42446475307847426,0.0784313725490196,24,306
8698,0.023768576526421763,0.07049529171299719,0.4236763633243232,0.05555555555555555,17,306
8699,0.025418204684989117,0.06928767576660566,0.43533416284092047,0.09803921568627451,30,306
8700,0.02400586311987989,0.07228739316089185,0.43081477667653495,0.058823529411764705,18,306
8701,0.022046122631909595,0.06370722789007285,0.3933474921697344,0.08823529411764706,27,306
8702,0.02431733783338302,0.06817435125130272,0.42900559202528565,0.0718954248366013,22,306
8703,0.024605757673409605,0.06907260127089701,0.43198216558687663,0.08823529411764706,27,306
8704,0.02374358283812586,0.07183462609856796,0.4348157205989617,0.06535947712418301,20,306
8705,0.02409108803202284,0.06942779974726696,0.4268656769783041,0.06862745098039216,21,306
8706,0.024438228133554434,0.06337624966932962,0.4157888903190744,0.06209150326797386,19,306
8707,0.02441183227630735,0.06403185812521377,0.4062191616252628,0.0784313725490196,24,306
8708,0.024089525086356884,0.07064191761161422,0.43293145120922183,0.08169934640522876,25,306
8709,0.02340267666546854,0.06777336860378014,0.415712017848715,0.08169934640522876,25,306
8710,0.024050460617380757,0.06236750522496275,0.4088560661317773,0.09477124183006536,29,306
8711,0.023553899804891178,0.06812431751270347,0.4154903390969809,0.07516339869281045,23,306
8712,0.024254243124653838,0.0699730544810657,0.42887329986699274,0.06535947712418301,20,306
8713,0.022909017385582237,0.06773394670964519,0.4096051257848143,0.058823529411764705,18,306
8714,0.026187664010400725,0.07643352845313536,0.45590380572360234,0.0784313725490196,24,306
8715,0.02381320453741488,0.067334073650445,0.4145196006922098,0.06209150326797386,19,306
8716,0.023987103341389,0.06817011372375403,0.41963787703265115,0.0718954248366013,22,306
8717,0.02543536361921989,0.07189698589771602,0.4347245462736517,0.06209150326797386,19,306
8718,0.024108157231011805,0.06610274977344666,0.4197648059953376,0.0784313725490196,24,306
8719,0.023793472539480286,0.06528675507859412,0.4151882124111497,0.07516339869281045,23,306
8720,0.025025933343838642,0.07022953008655117,0.4333998369588536,0.058823529411764705,18,306
8721,0.024195954581489324,0.06649004083060436,0.4185098182234236,0.08823529411764706,27,306
8722,0.022654832331873383,0.06940993706004187,0.4133683013686875,0.0784313725490196,24,306
8723,0.02402050844344645,0.07098851848560193,0.43003532558172797,0.058823529411764705,18,306
8724,0.025609612421672538,0.07415057222816249,0.4427425237053246,0.08496732026143791,26,306
8725,0.025978201771336216,0.07551326563917182,0.4497093147981293,0.0718954248366013,22,306
8726,0.024256861830096614,0.06568748508117334,0.4152936885914103,0.058823529411764705,18,306
8727,0.025099680601503024,0.07123829472948086,0.43073075327870025,0.08169934640522876,25,306
8728,0.024385181526708533,0.06870614104389172,0.4276540667324552,0.08496732026143791,26,306
8729,0.02447886119432026,0.06967614675872041,0.42685137512335347,0.08496732026143791,26,306
8730,0.023309702323470998,0.06671970888553524,0.4102201055476895,0.08823529411764706,27,306
8731,0.024665583885077967,0.06600995166296024,0.41894066160381,0.08496732026143791,26,306
8732,0.02555195597356422,0.07222474001599473,0.4372023426438409,0.09803921568627451,30,306
8733,0.022670864623684967,0.06662251783421455,0.4067393915990904,0.07516339869281045,23,306
8734,0.02533868156114777,0.07235210437424211,0.44148753593341056,0.07516339869281045,23,306
8735,0.022541018837091562,0.0652268665750079,0.40539680496560404,0.08496732026143791,26,306
8736,0.02491852122993157,0.07204519907813574,0.4323003818595272,0.08823529411764706,27,306
8737,0.0248312711974211,0.06882995100368952,0.4279061369259593,0.06862745098039216,21,306
8738,0.024576070637016775,0.07028159614189439,0.4351428755309564,0.07516339869281045,23,306
8739,0.025333387569701007,0.07275370816023188,0.43734357346147795,0.07516339869281045,23,306
8740,0.02296137620846489,0.06624015659454698,0.40769940361264856,0.06862745098039216,21,306
8741,0.023247539645448685,0.06959707843341144,0.41962357517770055,0.06209150326797386,19,306
8742,0.024357425427574415,0.07272531112383597,0.4314154545844596,0.0718954248366013,22,306
8743,0.023867509496598688,0.07068370284325445,0.42826189556785516,0.07516339869281045,23,306
8744,0.02407906792169246,0.07168369490882548,0.4292809027330845,0.0718954248366013,22,306
8745,0.024776503034220774,0.06931164355977922,0.4176070136296678,0.06535947712418301,20,306
8746,0.02514451245312341,0.06675986224683206,0.42434855050700077,0.09477124183006536,29,306
8747,0.025835761774464703,0.07066756842778192,0.435511148295934,0.08169934640522876,25,306
8748,0.024003373441812293,0.06858793239188739,0.42426095164542843,0.0784313725490196,24,306
8749,0.02355426473500051,0.06523106811138868,0.4097910498991719,0.08823529411764706,27,306
8750,0.025627884965054075,0.06944728101745386,0.438325038257462,0.08169934640522876,25,306
8751,0.024992169920042738,0.07138037052166164,0.43159422777134193,0.09803921568627451,30,306
8752,0.024805365529515486,0.0699164391913484,0.4310722100656455,0.08496732026143791,26,306
8753,0.023035709546532914,0.06717884581899959,0.4103595486334578,0.08169934640522876,25,306
8754,0.025889333936327225,0.07311595171562238,0.4459032336494043,0.0915032679738562,28,306
8755,0.024036273490936188,0.06928200147505027,0.4247418515181419,0.08496732026143791,26,306
8756,0.0257023470953798,0.07250090496315414,0.43966762489094835,0.08496732026143791,26,306
8757,0.02519883819514568,0.07099062709256404,0.42968135467170093,0.06535947712418301,20,306
8758,0.02367695190747123,0.06586695601386298,0.4094388667210137,0.08496732026143791,26,306
8759,0.023598209472531814,0.06480143452566833,0.4134755652808169,0.08496732026143791,26,306
8760,0.02475776799176298,0.07111194644324893,0.4271445631498405,0.08496732026143791,26,306
8761,0.025899971773180767,0.07281327302191029,0.43984818580969953,0.0915032679738562,28,306
8762,0.023855309246403427,0.07117366428028543,0.42702299738276056,0.08496732026143791,26,306
8763,0.025677271312091368,0.07152995826808851,0.4474192302741666,0.0718954248366013,22,306
8764,0.025462767956201525,0.07141944626098005,0.4360867979576951,0.08496732026143791,26,306
8765,0.02445094629694351,0.06601714841151478,0.4219440511434333,0.08496732026143791,26,306
8766,0.02510561928987055,0.07033780346144108,0.433051229244433,0.07516339869281045,23,306
8767,0.02492932159083879,0.07283527204188801,0.44168597417085,0.058823529411764705,18,306
8768,0.025097309757261155,0.07275649080440608,0.4381963215629067,0.07516339869281045,23,306
8769,0.025206711517444923,0.07548757640712676,0.4465414539265743,0.06535947712418301,20,306
8770,0.025101715279559605,0.06997052212113362,0.4296152085925545,0.049019607843137254,15,306
8771,0.02526871300308343,0.0696573062764624,0.43297078131033595,0.08823529411764706,27,306
8772,0.025158071088419214,0.07711357107937082,0.44672916577280075,0.08496732026143791,26,306
8773,0.024680411208282318,0.0662263591623616,0.42016704566582286,0.06209150326797386,19,306
8774,0.023704353448033323,0.06655794710821265,0.4115734185723888,0.0784313725490196,24,306
8775,0.025251685307596236,0.06811458567455897,0.42462386121479956,0.07516339869281045,23,306
8776,0.024702051122494722,0.06861368819042332,0.429134308719841,0.07516339869281045,23,306
8777,0.022318684133853166,0.06589067527706093,0.4052341213655411,0.06535947712418301,20,306
8778,0.02217234475101343,0.06759480035451951,0.40443321748830824,0.0718954248366013,22,306
8779,0.025441687534125644,0.07274858990250671,0.439883940447076,0.0718954248366013,22,306
8780,0.023913498329482207,0.0665394800413614,0.4200651449492999,0.07516339869281045,23,306
8781,0.02330582580935699,0.06511615430723845,0.4123635960584088,0.058823529411764705,18,306
8782,0.02482614930129492,0.07338318282993544,0.44135166831138,0.0784313725490196,24,306
8783,0.024413863303613302,0.07382155685039035,0.4318319961098954,0.07516339869281045,23,306
8784,0.025275512958372628,0.07111410371145555,0.4385055991762132,0.06535947712418301,20,306
8785,0.023650952391256454,0.07358245975376007,0.4288536348164357,0.06862745098039216,21,306
8786,0.024232081794765114,0.06767707037542059,0.42453089915762077,0.0718954248366013,22,306
8787,0.025231743939900055,0.0702543887175432,0.43157813818452256,0.07516339869281045,23,306
8788,0.024824569665814568,0.07354192921347177,0.43882739091260137,0.09803921568627451,30,306
8789,0.02481008726732171,0.0701307381916305,0.42964560003432445,0.0784313725490196,24,306
8790,0.02520596909890726,0.07274011172362259,0.43539494572446047,0.08169934640522876,25,306
8791,0.02600849092685251,0.07459404269795084,0.4474889518170507,0.08169934640522876,25,306
8792,0.025937822999953376,0.07221944666779294,0.4457584273680296,0.07516339869281045,23,306
8793,0.025327093533919272,0.07299143614134544,0.4429427496746328,0.08169934640522876,25,306
8794,0.02407478983211275,0.0677232025945431,0.42514230345675835,0.0784313725490196,24,306
8795,0.025015170973467424,0.07007010034988854,0.43063242802591495,0.06535947712418301,20,306
8796,0.026774232031993184,0.07860909029366885,0.4603641967363167,0.0718954248366013,22,306
8797,0.023066795734794667,0.06813615978172956,0.4116538665064859,0.08496732026143791,26,306
8798,0.024163903430753694,0.06909140204603484,0.421218232004691,0.08823529411764706,27,306
8799,0.02442464935800861,0.0693517393478211,0.4247740306917807,0.0784313725490196,24,306
8800,0.024529368509462343,0.06891104590568782,0.42751819911042466,0.08823529411764706,27,306
8801,0.024106653842726675,0.06899150287852766,0.42520129860842953,0.0784313725490196,24,306
8802,0.02382801319367315,0.07437907037818417,0.4272679166487893,0.06535947712418301,20,306
8803,0.026243954072248166,0.07636082781274721,0.45372634830737546,0.0784313725490196,24,306
8804,0.024674532170194434,0.0714113842471057,0.42807775918536634,0.06535947712418301,20,306
8805,0.024007651521004543,0.06963030422737519,0.42298808655482617,0.08169934640522876,25,306
8806,0.025438564108766586,0.07540325848007735,0.44450701505985324,0.08823529411764706,27,306
8807,0.023544278364225714,0.07053710529366257,0.423404628080262,0.0915032679738562,28,306
8808,0.023741967952578293,0.07070866374374711,0.42568398621301184,0.07516339869281045,23,306
8809,0.024687981660639277,0.07208112629180125,0.44059903319460536,0.08169934640522876,25,306
8810,0.025539414282672434,0.07556692036601445,0.4442048883740221,0.08823529411764706,27,306
8811,0.02286366348866904,0.062064975768675236,0.39504762517698544,0.06535947712418301,20,306
8812,0.023513599353920323,0.07078984477122924,0.4206157663648975,0.08496732026143791,26,306
8813,0.022629870007397895,0.06925675765832671,0.4145106620328657,0.0784313725490196,24,306
8814,0.025541389556728,0.0697209720461443,0.43806402940461375,0.08496732026143791,26,306
8815,0.02462090190001035,0.06626868883541698,0.4166094592468643,0.08169934640522876,25,306
8816,0.024597726074744728,0.06934112945644298,0.42972783570029033,0.08169934640522876,25,306
8817,0.022590603450533903,0.0703159645914544,0.42114493499806926,0.08496732026143791,26,306
8818,0.025088312657598245,0.07057385187730437,0.4316121050900302,0.0718954248366013,22,306
8819,0.02513335471665607,0.07048733449613805,0.4376260350967521,0.06209150326797386,19,306
8820,0.024139309211548176,0.0645514653973386,0.41319131591367403,0.06862745098039216,21,306
8821,0.02482071705740094,0.07073447201269448,0.4364818867007051,0.058823529411764705,18,306
8822,0.024811706058809946,0.07147072805513825,0.4282815606184122,0.06209150326797386,19,306
8823,0.026145966156100108,0.0736700129089966,0.4450916033809585,0.06535947712418301,20,306
8824,0.02470813244917526,0.07303092171610476,0.4405900945352612,0.08823529411764706,27,306
8825,0.02458417502739183,0.06934599447743645,0.42490811058194244,0.08169934640522876,25,306
8826,0.025131760461651737,0.06798536100674689,0.4235547975572432,0.05228758169934641,16,306
8827,0.023537174374127976,0.06906096457661061,0.42024213040431346,0.0718954248366013,22,306
8828,0.023062106092823408,0.06985024019968293,0.4237532357946826,0.06862745098039216,21,306
8829,0.02435762173123772,0.06566435298033708,0.41519178787488736,0.07516339869281045,23,306
8830,0.02397960852924024,0.07110571874471712,0.42670299337824114,0.06209150326797386,19,306
8831,0.02503521811312446,0.07396873314025182,0.43704323450751564,0.0915032679738562,28,306
8832,0.025355805313794957,0.07278172943215411,0.4381712933167432,0.08169934640522876,25,306
8833,0.024936548273885136,0.07430028591221285,0.44023612362523423,0.0718954248366013,22,306
8834,0.025225485434031206,0.06667196259770121,0.4276522790005864,0.058823529411764705,18,306
8835,0.025889638718839383,0.0693275624532155,0.43628702392700336,0.0718954248366013,22,306
8836,0.024256823557311312,0.06848297736595238,0.4232920009725261,0.08496732026143791,26,306
8837,0.02477539565649607,0.06614732484300909,0.4185098182234236,0.0784313725490196,24,306
8838,0.024449055405408305,0.06967523298024429,0.43167825116917663,0.08169934640522876,25,306
8839,0.02436688589068814,0.07151245727873552,0.4246882195620772,0.08169934640522876,25,306
8840,0.022735233516560194,0.06765014481992053,0.40983216773215486,0.08823529411764706,27,306
8841,0.024358316523908553,0.065564982619343,0.4147573690307633,0.07516339869281045,23,306
8842,0.023188752329383517,0.06603219539259741,0.41100849530184064,0.08496732026143791,26,306
8843,0.024631845890954008,0.06822899501281626,0.42609158907910355,0.08823529411764706,27,306
8844,0.023583673151884574,0.07047027206082357,0.42564644384376654,0.06535947712418301,20,306
8845,0.02349416550458334,0.06601034517880605,0.41435691709214684,0.0718954248366013,22,306
8846,0.024700670357240283,0.0727815978235353,0.4328063099784042,0.08169934640522876,25,306
8847,0.024447456670422925,0.06850706289293149,0.428263683299724,0.0915032679738562,28,306
8848,0.025442934854836445,0.07048542575832306,0.43542891262996813,0.08823529411764706,27,306
8849,0.024002000717983522,0.07247741733219638,0.42208528196107037,0.058823529411764705,18,306
8850,0.024934810410544885,0.06777209397821427,0.42229087112598507,0.0718954248366013,22,306
8851,0.02476898766801441,0.06940159540840429,0.42903419573518686,0.0784313725490196,24,306
8852,0.02423606361067792,0.06848340201986028,0.4251834212897413,0.07516339869281045,23,306
8853,0.02343313154102534,0.0734968213927884,0.43304229058508886,0.058823529411764705,18,306
8854,0.025201046029719624,0.07284833066407499,0.44625720455943135,0.0784313725490196,24,306
8855,0.0265617941395828,0.07229710907951907,0.4418558086983882,0.0718954248366013,22,306
8856,0.02406121299633536,0.06887706488532652,0.41955206590294764,0.0784313725490196,24,306
8857,0.02427907527742489,0.06492233213350226,0.40893830179774315,0.08496732026143791,26,306
8858,0.02488082612394339,0.07125096334386237,0.4308219276040102,0.0784313725490196,24,306
8859,0.024351286626234488,0.06765455903524518,0.42671729523319174,0.0784313725490196,24,306
8860,0.025244681485930735,0.07119551634659839,0.43641574062155863,0.07516339869281045,23,306
8861,0.02295632047064255,0.06359082280044799,0.40549155475465165,0.0718954248366013,22,306
8862,0.02629954216489648,0.07554527812103781,0.45253214341900144,0.08496732026143791,26,306
8863,0.02385980887988438,0.07321441007345786,0.42901810614836744,0.10457516339869281,32,306
8864,0.025404384963386123,0.07182100918098375,0.4282726219590681,0.0718954248366013,22,306
8865,0.025868179356218025,0.07141794716001608,0.4453007680096108,0.0784313725490196,24,306
8866,0.024023568242008336,0.0683484034106191,0.41681862387551666,0.0784313725490196,24,306
8867,0.023697560462447635,0.06762350715789321,0.41573168289927204,0.0718954248366013,22,306
8868,0.02349916816421284,0.06816305549159418,0.41215621916162526,0.06862745098039216,21,306
8869,0.02440558456210303,0.06604208240134103,0.41758734857911073,0.0784313725490196,24,306
8870,0.025337543340379125,0.07451444491305645,0.44507551379413907,0.07516339869281045,23,306
8871,0.025517784814685862,0.06966125908715692,0.4387004619499149,0.0784313725490196,24,306
8872,0.02532965974434161,0.068956135028265,0.4351214227485305,0.08496732026143791,26,306
8873,0.023958677099742837,0.0703041222480416,0.42199768309949803,0.0784313725490196,24,306
8874,0.025076879329500944,0.07023531473150506,0.4303267258763462,0.08823529411764706,27,306
8875,0.02536598697383222,0.07549508462587336,0.4491175755495488,0.06535947712418301,20,306
8876,0.026316779572282397,0.07703469580647765,0.4570926474163699,0.07516339869281045,23,306
8877,0.02347302875865447,0.06952977420077022,0.417989588249596,0.05555555555555555,17,306
8878,0.024543506471336345,0.06791271249002175,0.4209661618111869,0.08496732026143791,26,306
8879,0.0253691423135795,0.07128663099691128,0.43974092189757014,0.08169934640522876,25,306
8880,0.02615548532968726,0.07838711293443618,0.4559842536576994,0.08169934640522876,25,306
8881,0.023076445927079168,0.06678118947795504,0.4154849759013744,0.06862745098039216,21,306
8882,0.02621657095902931,0.07304668973455043,0.44443014258949387,0.0784313725490196,24,306
8883,0.02459020534435359,0.07361299784895409,0.43004426424107206,0.06535947712418301,20,306
8884,0.023762459058675755,0.06794135069028388,0.4225232762689321,0.06209150326797386,19,306
8885,0.02589287644382156,0.07652766729887277,0.449621715936557,0.10457516339869281,32,306
8886,0.02512791106257787,0.06865171757785501,0.4346548247307676,0.08169934640522876,25,306
8887,0.023946118895698552,0.06379041257645672,0.4121061626692982,0.06535947712418301,20,306
8888,0.025053026538846047,0.06978208934753038,0.4293416856166245,0.07516339869281045,23,306
8889,0.024754003400884822,0.06956529344424305,0.42608265041975946,0.06535947712418301,20,306
8890,0.023769790943766057,0.06775792318354724,0.41884233635102475,0.0784313725490196,24,306
8891,0.024968755243858474,0.0701426084350184,0.4271320490267588,0.06209150326797386,19,306
8892,0.023364952739115485,0.06691284549475679,0.40992691752120247,0.0784313725490196,24,306
8893,0.024126761037855663,0.07110468059236769,0.42823865505356046,0.06535947712418301,20,306
8894,0.023700569078822467,0.0649895649629784,0.41338081549176925,0.0718954248366013,22,306
8895,0.024162542397890622,0.06461619695487052,0.41516497189685503,0.0718954248366013,22,306
8896,0.023826837181548967,0.06940279495179934,0.424073239799202,0.0915032679738562,28,306
8897,0.023924698986253344,0.0690067728962867,0.420590738118734,0.06209150326797386,19,306
8898,0.024747646095614095,0.07181878031771571,0.4334123510819353,0.09477124183006536,29,306
8899,0.025474120616246758,0.0735543299913848,0.44447662361808327,0.0915032679738562,28,306
8900,0.024809631071193418,0.06879395879305335,0.4287481586361751,0.06862745098039216,21,306
8901,0.023580922255901315,0.06863877540935562,0.4207963272836487,0.06862745098039216,21,306
8902,0.02662784005439752,0.07315937549632619,0.44790191787874883,0.08169934640522876,25,306
8903,0.02284505043505595,0.06738593548505029,0.41081899572374536,0.07516339869281045,23,306
8904,0.023557553358163903,0.07146985089759889,0.4254015245777377,0.06862745098039216,21,306
8905,0.024094981983576555,0.07239390246278228,0.4284245791679181,0.0784313725490196,24,306
8906,0.02437412893731074,0.06880857935489894,0.42327233592196906,0.08496732026143791,26,306
8907,0.026238247949855933,0.071898113895515,0.4478429227270777,0.09477124183006536,29,306
8908,0.025213000315081897,0.066286084037371365,0.42710523304872644,0.08496732026143791,26,306
8909,0.026509660273336885,0.07222530407312314,0.4457620028317673,0.058823529411764705,18,306
8910,0.02514991370085182,0.0718444566115955,0.43721128130318504,0.08169934640522876,25,306
8911,0.026086844187576456,0.07853767601447822,0.45326868894895667,0.06862745098039216,21,306
8912,0.023990078925425023,0.06521224884544019,0.41158772042733943,0.06535947712418301,20,306
8913,0.02407141891290856,0.07114764687728191,0.43131176613606786,0.08169934640522876,25,306
8914,0.02468883091099869,0.06791182348596132,0.42530498705682124,0.0718954248366013,22,306
8915,0.02189268763097433,0.061941601874372004,0.3897094578166788,0.08823529411764706,27,306
8916,0.024422361807956972,0.06538778166912466,0.4175855608472419,0.049019607843137254,15,306
8917,0.024318988320082214,0.06812784550378793,0.421279014888231,0.0718954248366013,22,306
8918,0.023724315458956913,0.06994388860543485,0.42506721871826775,0.0718954248366013,22,306
8919,0.025118467840136067,0.07221714414844936,0.4317479727120608,0.0718954248366013,22,306
8920,0.024840634864414894,0.06878664654854122,0.42169555641366685,0.0784313725490196,24,306
8921,0.02679070045453657,0.07127235093757944,0.4423599490853964,0.08496732026143791,26,306
8922,0.02315105837084275,0.06637027395024966,0.41633414853906553,0.06862745098039216,21,306
8923,0.02500194486415297,0.0726701601446354,0.43999656755481187,0.058823529411764705,18,306
8924,0.023732047105629952,0.07020550363912935,0.4197898342415011,0.08496732026143791,26,306
8925,0.025211087112446372,0.07315818057485149,0.44008952961199066,0.0718954248366013,22,306
8926,0.02244996632391921,0.06697971768319609,0.4088846698416785,0.0718954248366013,22,306
8927,0.025248946728600005,0.07219434411253052,0.4369538479140745,0.0718954248366013,22,306
8928,0.024016473199368064,0.06860510664069212,0.4270712661432188,0.0784313725490196,24,306
8929,0.02571337700207818,0.07420924301735067,0.44496288668640327,0.0784313725490196,24,306
8930,0.023174401695721988,0.0673580471853596,0.4072614093047868,0.0784313725490196,24,306
8931,0.024227525003317523,0.06521257171607786,0.41820232834198595,0.0718954248366013,22,306
8932,0.024303501829760047,0.06769160266886785,0.4247329128587978,0.0784313725490196,24,306
8933,0.025655057573297845,0.07232647166201159,0.44231883125241345,0.07516339869281045,23,306
8934,0.024387152344144274,0.07349570182385559,0.4348157205989617,0.07516339869281045,23,306
8935,0.02460578904062106,0.06577533998741372,0.4197755323865505,0.08496732026143791,26,306
8936,0.026041417320249807,0.06851637168779853,0.4361189771313339,0.09477124183006536,29,306
8937,0.026734862996658358,0.07457327198418617,0.4486384634087041,0.08169934640522876,25,306
8938,0.0252492269304827,0.07397307960315107,0.44237961413595345,0.10457516339869281,32,306
8939,0.02309073877250932,0.07004017217639963,0.4206568841978805,0.0718954248366013,22,306
8940,0.024563409717187477,0.067880616186839507,0.42545694426567127,0.0784313725490196,24,306
8941,0.02341802665158141,0.06264953900642627,0.40878276912515554,0.0784313725490196,24,306
8942,0.026071620359919306,0.06706913264041763,0.4409047353441741,0.08823529411764706,27,306
8943,0.024748339127597597,0.07134541984580092,0.4327365884355201,0.07516339869281045,23,306
8944,0.02380060410744582,0.06801853824112233,0.4216419244576022,0.09477124183006536,29,306
8945,0.025945083911804202,0.07024286677144376,0.43733105933839617,0.08496732026143791,26,306
8946,0.02526688312873101,0.0747815179214937,0.45023312023569456,0.10784313725490197,33,306
8947,0.02387872406519663,0.06542931553452197,0.4151167031363968,0.07516339869281045,23,306
8948,0.025078412550464533,0.07391587522510845,0.4422187182677593,0.05555555555555555,17,306
8949,0.024503195420956008,0.06188652698258858,0.41799495144520243,0.058823529411764705,18,306
8950,0.023607845494731397,0.06400796412514698,0.4064551422319475,0.09803921568627451,30,306
8951,0.023571522717600265,0.06595510437952942,0.41573347063114086,0.08823529411764706,27,306
8952,0.024047790507063658,0.07154637833570339,0.4301694054718897,0.08823529411764706,27,306
8953,0.024400317410987353,0.0690222621611073,0.4287159794625363,0.07516339869281045,23,306
8954,0.025947021635647754,0.07009500686668453,0.43823028846841433,0.0718954248366013,22,306
8955,0.024714253516830556,0.0702338838795972,0.42976716580140445,0.0915032679738562,28,306
8956,0.024093296049177697,0.07172865309305483,0.4354843323179016,0.06862745098039216,21,306
8957,0.024447012974807326,0.07019450765716896,0.42677807811673174,0.07516339869281045,23,306
8958,0.023293995792412186,0.06881508129632455,0.41626621472805025,0.08823529411764706,27,306
8959,0.024766795493620666,0.06870024329278139,0.4233813875659673,0.06862745098039216,21,306
8960,0.02505764009013829,0.07006194541873478,0.43526980449364283,0.08823529411764706,27,306
8961,0.02553351680784898,0.07340598965357736,0.44317336708571103,0.06535947712418301,20,306
8962,0.025695365815493757,0.07517179169902205,0.44428354857625035,0.0915032679738562,28,306
8963,0.024419310428150695,0.07078066828229525,0.4289376582142704,0.06862745098039216,21,306
8964,0.024922499216238223,0.07076808458148831,0.4267762903848629,0.06862745098039216,21,306
8965,0.024902409674922615,0.06978632276043392,0.4296420245705868,0.08169934640522876,25,306
8966,0.023943201485245338,0.06968804791592773,0.420438780909884,0.06862745098039216,21,306
8967,0.0244273904190824,0.07198557472013593,0.42933453468914917,0.0784313725490196,24,306
8968,0.02483898035004954,0.07162996268381408,0.43801754837602436,0.0784313725490196,24,306
8969,0.02362697419961633,0.06697388617395089,0.411582357231733,0.0718954248366013,22,306
8970,0.02342043439244296,0.06692009401268803,0.4216222594070451,0.06535947712418301,20,306
8971,0.024936075812987436,0.07021430768160153,0.42764691580497993,0.0718954248366013,22,306
8972,0.025647414796546218,0.0692932813303687,0.43272586204430713,0.058823529411764705,18,306
8973,0.024483385720368588,0.06829921747134016,0.42586454713176297,0.08169934640522876,25,306
8974,0.024661116939509446,0.0701254958509693,0.4281135138227428,0.07516339869281045,23,306
8975,0.024461589047810078,0.07137221296483527,0.42835664535690277,0.07516339869281045,23,306
8976,0.024279229937725834,0.06451172307639992,0.41177364454169707,0.07516339869281045,23,306
8977,0.02452600930336507,0.07594716029799232,0.4440100256003204,0.06209150326797386,19,306
8978,0.023557710990985272,0.06823964408691346,0.4253139257161654,0.08823529411764706,27,306
8979,0.022765380908584213,0.0686319559648179,0.41153051300753707,0.049019607843137254,15,306
8980,0.02332008305011134,0.0678686707525236,0.41636096451709786,0.08823529411764706,27,306
8981,0.025189021768955194,0.06817623424287286,0.42467034224338895,0.08823529411764706,27,306
8982,0.02656976579783816,0.07283787960848473,0.4508445245348322,0.0784313725490196,24,306
8983,0.024174399471602284,0.06507928835014815,0.4137544514523534,0.08169934640522876,25,306
8984,0.02549900641860544,0.07723489682830398,0.4513576035811845,0.08169934640522876,25,306
8985,0.023796921006072076,0.06824100285854914,0.4196199997139629,0.0784313725490196,24,306
8986,0.02370349834746728,0.067446901994966793,0.41481636418243445,0.06862745098039216,21,306
8987,0.02459033120410691,0.06753400042135445,0.4212253829321663,0.0718954248366013,22,306
8988,0.02407084453382607,0.06391394368791657,0.4189227842851218,0.0718954248366013,22,306
8989,0.025504047256779655,0.0695805992713353,0.4365819996853592,0.09477124183006536,29,306
8990,0.02446596332885538,0.07433725771202881,0.437272064186725,0.0784313725490196,24,306
8991,0.02594977123377025,0.07214829596954711,0.4417699975686847,0.0784313725490196,24,306
8992,0.024498276317623625,0.07003350976770602,0.4292308462407574,0.08169934640522876,25,306
8993,0.02503835401705773,0.0718837891350916,0.43242909855408246,0.0718954248366013,22,306
8994,0.025350731656438447,0.07430684803824325,0.44962707913216343,0.06209150326797386,19,306
8995,0.024773860565668458,0.0704527405533858,0.43110438923928435,0.08169934640522876,25,306
8996,0.023286819226994934,0.06698467529196464,0.4154867636332432,0.07516339869281045,23,306
8997,0.024721305707658684,0.067571749854417107,0.42037978575821283,0.0718954248366013,22,306
8998,0.023235230224181246,0.06620337252498149,0.4113428011613106,0.0718954248366013,22,306
8999,0.02395877807987676,0.0698090807382815,0.4323486506199854,0.06862745098039216,21,306
9000,0.024792354934304844,0.06871623999333956,0.4339379442513694,0.07516339869281045,23,306
9001,0.025287796459441462,0.06924211212510277,0.4367643483359792,0.0915032679738562,28,306
9002,0.02408982372957416,0.06714173002943905,0.42223902690178916,0.06535947712418301,20,306
9003,0.02421304809516689,0.07092736187246891,0.4253764963315742,0.0718954248366013,22,306
9004,0.0245714172685279,0.07099737599193935,0.42935956293531274,0.06209150326797386,19,306
9005,0.024833500402865104,0.06780693749047122,0.4302659429928062,0.08823529411764706,27,306
9006,0.023449371262240563,0.06645701247753388,0.41421211081077214,0.06209150326797386,19,306
9007,0.024432375154318807,0.0677230787882923,0.42099655325295693,0.07516339869281045,23,306
9008,0.024362693578106023,0.06635055310572999,0.42411972082779137,0.08169934640522876,25,306
9009,0.024888728946402195,0.07454359915156386,0.4383268259893308,0.06862745098039216,21,306
9010,0.023947635669665988,0.06898598121707997,0.4241304472190043,0.05228758169934641,16,306
9011,0.025519853535692135,0.07035549603226125,0.4305680696786373,0.07516339869281045,23,306
9012,0.02620440476120915,0.07275289650039371,0.44356130490124573,0.08169934640522876,25,306
9013,0.025157312719288737,0.06782661876133862,0.43040717381044324,0.08169934640522876,25,306
9014,0.023714658540694638,0.06944738656825787,0.42410541897284076,0.0718954248366013,22,306
9015,0.024242424495470028,0.07235310687965196,0.4346512492670299,0.09803921568627451,30,306
9016,0.024026207800035768,0.06749174918548835,0.41444094048998154,0.06862745098039216,21,306
9017,0.024604557327556346,0.0637429640095844,0.4204352054461463,0.0915032679738562,28,306
9018,0.02391522953805401,0.06601583076897417,0.4162608515324438,0.0784313725490196,24,306
9019,0.02469016064005946,0.06895329984157895,0.4237139056935685,0.06862745098039216,21,306
9020,0.025216533135441928,0.07049215963394195,0.43037857010054203,0.0915032679738562,28,306
9021,0.02528761742902598,0.06768354435029977,0.4336304543699318,0.06862745098039216,21,306
9022,0.025041148750073485,0.07229863693002624,0.4322699904177572,0.0718954248366013,22,306
9023,0.024462962452494824,0.0698245335414909,0.42675483760243704,0.08496732026143791,26,306
9024,0.024932188987652853,0.07181333224910978,0.4306967863731926,0.09803921568627451,30,306
9025,0.024693813116489938,0.07447996035385032,0.4334266529368859,0.0915032679738562,28,306
9026,0.023852478522558597,0.0674442635722142,0.416582643268832,0.06862745098039216,21,306
9027,0.024642365297763046,0.07268666489938558,0.4315602608658343,0.10457516339869281,32,306
9028,0.02368694835376553,0.07315762474677809,0.42932202056606744,0.05555555555555555,17,306
9029,0.02519982739396717,0.06877330849542548,0.4278453540424193,0.0718954248366013,22,306
9030,0.025282798155735597,0.0650729148264775,0.43257211710358834,0.07516339869281045,23,306
9031,0.02455689858849902,0.06987745967148795,0.42966884054861915,0.06862745098039216,21,306
9032,0.025917108056277196,0.07072683470745683,0.4381033595057279,0.09477124183006536,29,306
9033,0.02518408828056334,0.06771642037795907,0.42875888502738807,0.08169934640522876,25,306
9034,0.024770305659993982,0.07439892128296237,0.4403719912472648,0.06862745098039216,21,306
9035,0.025430826827541733,0.06845588311259693,0.4298440382717638,0.08823529411764706,27,306
9036,0.024013903931070026,0.06653660506513222,0.42298451109108853,0.0784313725490196,24,306
9037,0.02596562503522084,0.07227243234710139,0.44776426252484947,0.08169934640522876,25,306
9038,0.02538477040019412,0.07730493497513383,0.450420832081921,0.0718954248366013,22,306
9039,0.02516371735401803,0.06988250085771103,0.4320411607385478,0.0784313725490196,24,306
9040,0.024316004466318153,0.06896595607571059,0.4262560604110353,0.08169934640522876,25,306
9041,0.024495348048522266,0.071657053030236,0.43651585360621276,0.08496732026143791,26,306
9042,0.02466725173678014,0.06864495324314868,0.4279436792952046,0.06535947712418301,20,306
9043,0.02472974758878275,0.06811733769213085,0.42822614093047867,0.08823529411764706,27,306
9044,0.02385053440026472,0.06466308344971074,0.41323958467413224,0.07516339869281045,23,306
9045,0.02480358743214888,0.06907029324457396,0.42943107221006566,0.08169934640522876,25,306
9046,0.023321694504113217,0.07121290894285892,0.4216812545587163,0.06209150326797386,19,306
9047,0.025279382797161014,0.07258514400534073,0.44037020351539596,0.08823529411764706,27,306
9048,0.022576880730045847,0.06746238295698831,0.40851818480856966,0.0718954248366013,22,306
9049,0.024499520547429696,0.06574968971366213,0.41832568184093477,0.06862745098039216,21,306
9050,0.024371281812646146,0.07173672816449883,0.43087377182820613,0.07516339869281045,23,306
9051,0.023743771184460274,0.0713509578878098,0.42518878448534775,0.0784313725490196,24,306
9052,0.0248490317392782,0.07487898095232874,0.4401967935241201,0.0718954248366013,22,306
9053,0.026185808312912374,0.07301116735581327,0.4464896097023784,0.10130718954248366,31,306
9054,0.025019197322673648,0.07628584693074374,0.43992148281632126,0.0718954248366013,22,306
9055,0.02505341548080966,0.06982849147973591,0.44102093791564767,0.08823529411764706,27,306
9056,0.023985651248816443,0.0665524240975975,0.41226169534188584,0.06209150326797386,19,306
9057,0.024366269770850487,0.06923973101597904,0.42177957981150155,0.10130718954248366,31,306
9058,0.024108168141883952,0.066503634258054,0.4195431272436035,0.07516339869281045,23,306
9059,0.0249510245033461,0.07220909140191575,0.4311562334634802,0.08496732026143791,26,306
9060,0.02475212715196225,0.06690593477459184,0.4199167632041876,0.06862745098039216,21,306
9061,0.024605798877115677,0.07086447073186332,0.4348478997726005,0.0718954248366013,22,306
9062,0.024575716338463956,0.06916783577574241,0.42001330072510407,0.08169934640522876,25,306
9063,0.023023471875455115,0.06572550014643595,0.4099662476223166,0.0784313725490196,24,306
9064,0.02508382351773014,0.07170781398169862,0.43351246406658944,0.06862745098039216,21,306
9065,0.025800194405706543,0.07100913494964664,0.43667853720627564,0.09803921568627451,30,306
9066,0.024143772902106536,0.0660100999649331,0.4172798586976731,0.0457516339869281,14,306
9067,0.024446910935675744,0.06884161924238383,0.4203619084395246,0.0784313725490196,24,306
9068,0.02542854873782648,0.07337088810063976,0.43912415440282604,0.08823529411764706,27,306
9069,0.025400468071487325,0.07076011249685359,0.4375884927275068,0.0718954248366013,22,306
9070,0.02399377276975019,0.06785116310009133,0.4136936685688134,0.0718954248366013,22,306
9071,0.02512635904023779,0.07256577441867276,0.43934404542269134,0.06535947712418301,20,306
9072,0.024829401696432225,0.07450559176675069,0.43864325453011255,0.0718954248366013,22,306
9073,0.024319959279251097,0.06789283530846889,0.4200991118548076,0.09803921568627451,30,306
9074,0.022898819566106576,0.06584667792956939,0.4101807754465754,0.0784313725490196,24,306
9075,0.025570043096188287,0.0710205414519034,0.4363621086654939,0.0784313725490196,24,306
9076,0.023589597354661103,0.06835539757408354,0.41815405958152774,0.0784313725490196,24,306
9077,0.023787548182726086,0.06908421368040744,0.4211091803606928,0.058823529411764705,18,306
9078,0.02379573376977989,0.06926805155214562,0.42201019722257976,0.08496732026143791,26,306
9079,0.024364493220058066,0.0679343431138215,0.42060146450994695,0.0718954248366013,22,306
9080,0.023552710905879067,0.06483507666060424,0.40733649404327743,0.06535947712418301,20,306
9081,0.02458397441416606,0.07359654193739165,0.43320139872141417,0.05555555555555555,17,306
9082,0.025207417610340666,0.06904293991318913,0.43226820268588834,0.06209150326797386,19,306
9083,0.025308592911097275,0.07188937609711284,0.4395567855150813,0.08169934640522876,25,306
9084,0.023093907872339493,0.06479500584215724,0.41152693754379943,0.0784313725490196,24,306
9085,0.024813753771869666,0.06964803196239411,0.43008180661031736,0.05555555555555555,17,306
9086,0.02557601648708582,0.07079524166688297,0.4405865190715236,0.06209150326797386,19,306
9087,0.022670575806701655,0.06656303509030677,0.4067894480914174,0.08823529411764706,27,306
9088,0.025392512845339485,0.07096111151589223,0.43777978003747087,0.0718954248366013,22,306
9089,0.024078709391728324,0.06766417522905258,0.4228969122295162,0.06862745098039216,21,306
9090,0.02563969164188935,0.07084921473682343,0.43830537320690494,0.08169934640522876,25,306
9091,0.024401414024248756,0.07134471426365133,0.42981543456186266,0.06535947712418301,20,306
9092,0.023919810348802962,0.06899998621142489,0.42635796112755825,0.09477124183006536,29,306
9093,0.025004039053590055,0.07192451335193373,0.4338700104403541,0.0784313725490196,24,306
9094,0.023093161599541508,0.06375066256194525,0.4049337824115788,0.06862745098039216,21,306
9095,0.023865266681201022,0.06502197876024246,0.40882925015374494,0.0784313725490196,24,306
9096,0.024618532506488905,0.06822661300195776,0.4266851160595529,0.0784313725490196,24,306
9097,0.024594756581462818,0.0668246562733059,0.4282440182491669,0.0784313725490196,24,306
9098,0.025605563042341302,0.07072428562398153,0.4334248652050171,0.06862745098039216,21,306
9099,0.025411165088715125,0.07246449492483958,0.4387326411235537,0.0718954248366013,22,306
9100,0.024564420309111875,0.06613747620603058,0.4195449149754723,0.0915032679738562,28,306
9101,0.02361398562827631,0.06211930886995672,0.408909698087842,0.058823529411764705,18,306
9102,0.024841737021061093,0.07414501368813751,0.43566131777291517,0.06862745098039216,21,306
9103,0.023647563747619876,0.06662115663425121,0.41327355157963985,0.06535947712418301,20,306
9104,0.02303119681010047,0.0637457587596995,0.40834656254916263,0.0718954248366013,22,306
9105,0.023962906506884412,0.0696304636092723,0.42082850645728753,0.07516339869281045,23,306
9106,0.023073530050489115,0.07026950727637085,0.4197987729008452,0.07516339869281045,23,306
9107,0.023978767925909958,0.07083330216220722,0.42939174210895154,0.0784313725490196,24,306
9108,0.02525215168746194,0.06912531470382832,0.4334981622116389,0.0784313725490196,24,306
9109,0.024220460306906118,0.07039992708029681,0.4280062499106134,0.07516339869281045,23,306
9110,0.02397816967894022,0.06903586602538939,0.42179209393458333,0.07516339869281045,23,306
9111,0.024428136698443553,0.06993240386372411,0.4274002088070823,0.0718954248366013,22,306
9112,0.024202649456190526,0.07005461998934766,0.4245577151356531,0.0718954248366013,22,306
9113,0.024143594768415547,0.06803088080369804,0.42232305029962386,0.07516339869281045,23,306
9114,0.0250829614088665,0.07614402037038671,0.44636983166716726,0.0915032679738562,28,306
9115,0.024095640526654097,0.06648456911845489,0.41788947526494186,0.0784313725490196,24,306
9116,0.022628521268665505,0.06711163941696979,0.410620557486306,0.0784313725490196,24,306
9117,0.02434189916263307,0.06633262820684482,0.41827383761673886,0.0718954248366013,22,306
9118,0.026193098637544814,0.07346416536757096,0.44619820940776017,0.08169934640522876,25,306
9119,0.02495818837615847,0.07034113413400328,0.4316371333361937,0.08169934640522876,25,306
9120,0.024144640477123207,0.06768135134754551,0.42058895038686517,0.06862745098039216,21,306
9121,0.02460992732977658,0.06978859142422027,0.4297707412651421,0.09803921568627451,30,306
9122,0.023502909119802507,0.07076649133794076,0.428739219976831,0.0718954248366013,22,306
9123,0.025726982437832332,0.07095199927755864,0.44002695899658184,0.08169934640522876,25,306
9124,0.02412320404665917,0.07133510076365239,0.42278070965804265,0.08496732026143791,26,306
9125,0.02417940002946492,0.06493010093296538,0.4149718968550221,0.06862745098039216,21,306
9126,0.02505166448942612,0.06864441038812977,0.43023733928290503,0.0784313725490196,24,306
9127,0.024033379936090782,0.06721341847519675,0.4242198338124455,0.07516339869281045,23,306
9128,0.024407534487261396,0.07164637011765171,0.43168182663291427,0.049019607843137254,15,306
9129,0.022998733354018006,0.06972256595582306,0.41785193289569655,0.0718954248366013,22,306
9130,0.02384284104434076,0.06851101873048127,0.41308762746528227,0.08496732026143791,26,306
9131,0.02456798644982822,0.0723834293466584,0.429336322421018,0.06862745098039216,21,306
9132,0.023796745762325693,0.06818623045217226,0.42009732412293876,0.08496732026143791,26,306
9133,0.02556748453906191,0.07326317495188217,0.43851453783555727,0.0718954248366013,22,306
9134,0.02577087294375061,0.06801412072169603,0.4291432473791851,0.07516339869281045,23,306
9135,0.024037715474845973,0.0703428164923854,0.4235422834341614,0.08823529411764706,27,306
9136,0.026463333340034843,0.07533733861740567,0.4531185194719755,0.0915032679738562,28,306
9137,0.02486395596393138,0.06880649822477268,0.42640086669241,0.08169934640522876,25,306
9138,0.02706572716853754,0.07662378727858628,0.4618533773830466,0.10130718954248366,31,306
9139,0.023188525776979718,0.06634413493466414,0.4198595557843852,0.06862745098039216,21,306
9140,0.025403648190992993,0.07107069373284551,0.43624769382588924,0.08823529411764706,27,306
9141,0.02493793073227941,0.07401966027203291,0.4414339039773459,0.0784313725490196,24,306
9142,0.024923045068012767,0.07153185268653893,0.4375205589164915,0.06535947712418301,20,306
9143,0.024824584244373834,0.07175564124015187,0.43279200812345364,0.08496732026143791,26,306
9144,0.02318810766442525,0.0694371442351703,0.4241590509289055,0.0784313725490196,24,306
9145,0.024334709852030272,0.07175155822530556,0.42733406272793584,0.0718954248366013,22,306
9146,0.024167485029321728,0.06981127830318157,0.4196039101271435,0.08169934640522876,25,306
9147,0.024045157591731415,0.06710994469857037,0.4158603995938273,0.0784313725490196,24,306
9148,0.023314548022508718,0.0613407063793016,0.4042383547146065,0.08496732026143791,26,306
9149,0.022893877980435018,0.06358192934736592,0.40958724846612604,0.06862745098039216,21,306
9150,0.02383198626488082,0.06956386749971198,0.4295723030277027,0.10130718954248366,31,306
9151,0.024214184723163633,0.06983237523140456,0.4266082435891935,0.0784313725490196,24,306
9152,0.02557097649279481,0.07410244475547192,0.4414374794410835,0.07516339869281045,23,306
9153,0.02522285942033893,0.07354148735890959,0.4404792551593942,0.0784313725490196,24,306
9154,0.027265323135238224,0.07598635391899164,0.46078431372549017,0.09803921568627451,30,306
9155,0.024365012762024532,0.07293481010104624,0.43715049841964504,0.06862745098039216,21,306
9156,0.02284964976283808,0.06909618416308588,0.41155375352183177,0.06209150326797386,19,306
9157,0.023589823767796055,0.06872733131057994,0.41682935026672957,0.07516339869281045,23,306
9158,0.025262608661433848,0.07103975262149127,0.43662490525021097,0.06535947712418301,20,306
9159,0.024835886928813146,0.06720249054780641,0.4274341757125899,0.06862745098039216,21,306
9160,0.023957757398077175,0.06680836075786252,0.4241358104146108,0.06209150326797386,19,306
9161,0.02529647579081639,0.0684988967717058,0.4304965604038844,0.06862745098039216,21,306
9162,0.024652583052020467,0.0665218214941472,0.4259056649647459,0.0718954248366013,22,306
9163,0.02471791962531876,0.0729422783574404,0.42932202056606744,0.07516339869281045,23,306
9164,0.024159936891770272,0.06804014416276666,0.42418944237067546,0.06862745098039216,21,306
9165,0.02523583587030559,0.07173961549671339,0.436492613091918,0.06862745098039216,21,306
9166,0.02518340454078158,0.07035139028197503,0.430237339282905,0.08496732026143791,26,306
9167,0.02552848982975005,0.07411805855313965,0.44211324208749875,0.09803921568627451,30,306
9168,0.024807436722278448,0.07606746214235405,0.4484686288811659,0.08169934640522876,25,306
9169,0.02349847653695591,0.06574001589164527,0.4124279544056864,0.06535947712418301,20,306
9170,0.02656452512973608,0.07189627721314522,0.44728157492026716,0.0784313725490196,24,306
9171,0.02663830459621222,0.0758637118329554,0.4558412351081935,0.06862745098039216,21,306
9172,0.0241190732580356,0.06697696212160716,0.42309535046695557,0.05555555555555555,17,306
9173,0.024433101147390435,0.0697771326367833,0.42877497461420744,0.06209150326797386,19,306
9174,0.023602139786992583,0.06923195604202403,0.4222354514380515,0.0718954248366013,22,306
9175,0.02404919631225367,0.07183561709876789,0.42658857853863646,0.08496732026143791,26,306
9176,0.025660698641088137,0.07187386630869348,0.43807833125956436,0.08169934640522876,25,306
9177,0.025726288754179316,0.07195600591313601,0.4389239284335178,0.08496732026143791,26,306
9178,0.024186309043260537,0.06314001015062097,0.4074652107378327,0.08823529411764706,27,306
9179,0.025137121590240237,0.06912628540536804,0.4266779651320776,0.0784313725490196,24,306
9180,0.024267445994579456,0.06916956015669562,0.4261184050571359,0.0784313725490196,24,306
9181,0.023922989828599694,0.06366098002397635,0.4158496732026144,0.06209150326797386,19,306
9182,0.0249487464941996,0.06570457572884067,0.4213165572574763,0.0718954248366013,22,306
9183,0.02434556463626307,0.06809727607907473,0.4276773072467499,0.08496732026143791,26,306
9184,0.024024638168741206,0.0657795407743082,0.4178161782583201,0.058823529411764705,18,306
9185,0.024488082833241484,0.06812026525443628,0.4174872355944566,0.06535947712418301,20,306
9186,0.023946566145560857,0.06908865132311517,0.4218743296005492,0.06862745098039216,21,306
9187,0.025020600224601258,0.07275420773229231,0.42828334835028103,0.09477124183006536,29,306
9188,0.023766075533749192,0.06811858023259282,0.4188637891334506,0.058823529411764705,18,306
9189,0.025363936937093292,0.07222377473862193,0.43776369045065144,0.06862745098039216,21,306
9190,0.023528086037146807,0.07427281167012079,0.42812602794582455,0.07516339869281045,23,306
9191,0.02565319072649236,0.07569429108834491,0.444043992505828,0.07516339869281045,23,306
9192,0.025292514527138852,0.06902974238318269,0.43418822671300467,0.0718954248366013,22,306
9193,0.023394512374042935,0.0642502588379475,0.40759035196865034,0.06535947712418301,20,306
9194,0.023516544197030913,0.07142536383166868,0.42793474063586046,0.06209150326797386,19,306
9195,0.023970325578933804,0.06967494037467929,0.42216572989516743,0.0784313725490196,24,306
9196,0.023547397471856805,0.07025785047184582,0.4216168962114386,0.08823529411764706,27,306
9197,0.024639244916353723,0.0665460165478034,0.4252424164414125,0.08169934640522876,25,306
9198,0.02629682223243772,0.07200301337346537,0.4397695256074713,0.06535947712418301,20,306
9199,0.022421362540984653,0.06487954292619894,0.40856824130089675,0.06862745098039216,21,306
9200,0.024903454551555747,0.07237266551163472,0.4373525121208221,0.08169934640522876,25,306
9201,0.025705442979665125,0.07375372941948695,0.4397713133393401,0.08496732026143791,26,306
9202,0.026133357203951404,0.07274282749139988,0.4505799402182463,0.08169934640522876,25,306
9203,0.02446814452313642,0.06965288474779961,0.42521738819524896,0.08823529411764706,27,306
9204,0.023512350624671826,0.06926402660139645,0.41869931780151887,0.08169934640522876,25,306
9205,0.023234673651098804,0.06326612196312803,0.4016783226784514,0.08169934640522876,25,306
9206,0.024777484874472105,0.07324668642406669,0.4354593040717381,0.08496732026143791,26,306
9207,0.02604037494841092,0.07300192311982809,0.4445695856752621,0.06862745098039216,21,306
9208,0.02368316034908944,0.06748215787586327,0.4189656898499735,0.06862745098039216,21,306
9209,0.02604700612919263,0.07346041394816094,0.44967177242888406,0.0718954248366013,22,306
9210,0.024198600050881664,0.06554985980004627,0.4134898671357675,0.0718954248366013,22,306
9211,0.025098465513939794,0.07318222401986339,0.4449968535919109,0.07516339869281045,23,306
9212,0.025396915516836635,0.07352245903430271,0.4403952317615595,0.08169934640522876,25,306
9213,0.022889660708784537,0.06405993730135653,0.40415790678050945,0.0718954248366013,22,306
9214,0.023375265295964932,0.06627041255246138,0.4172941605526237,0.07516339869281045,23,306
9215,0.024072287287082227,0.07005881045506393,0.4216151084795698,0.08169934640522876,25,306
9216,0.02456149719775422,0.06835912002543856,0.4299316371333362,0.0718954248366013,22,306
9217,0.02497782967861459,0.07044825305362676,0.42699796913659704,0.08496732026143791,26,306
9218,0.025466074004433775,0.07193443682367417,0.43757240314068735,0.08496732026143791,26,306
9219,0.024339170150767985,0.06853941355148134,0.4225179130733256,0.07516339869281045,23,306
9220,0.024937392977120474,0.0698641456252849,0.4293381101528868,0.08169934640522876,25,306
9221,0.025564203909549974,0.07139745743016125,0.44405293116517214,0.0784313725490196,24,306
9222,0.02344604993909371,0.06307832039874489,0.4020448077115602,0.08169934640522876,25,306
9223,0.02460315140046502,0.06944767894971306,0.4196056978590123,0.0784313725490196,24,306
9224,0.02636487322005902,0.07320573569015666,0.45113413709758154,0.0718954248366013,22,306
9225,0.02509566717592555,0.07105774543101827,0.4343437593855923,0.0784313725490196,24,306
9226,0.025263134401226857,0.07426023758134548,0.43856101886414667,0.08169934640522876,25,306
9227,0.024193430538429962,0.06823496733005091,0.42276462007122323,0.08496732026143791,26,306
9228,0.023433385490896397,0.07134223005476531,0.42343859498576963,0.0784313725490196,24,306
9229,0.024186822047657496,0.07091758399976071,0.42662612090788177,0.0784313725490196,24,306
9230,0.026145997133822964,0.07889923381836961,0.4559467112884541,0.0784313725490196,24,306
9231,0.02402646219302866,0.07204668565105939,0.42463816306975016,0.08169934640522876,25,306
9232,0.02548870512256281,0.07731177899291176,0.454287696114186,0.0915032679738562,28,306
9233,0.02239411013048926,0.0691761518762126,0.413606069707241,0.06209150326797386,19,306
9234,0.024034357918412276,0.0735153895411526,0.4283995509217545,0.08169934640522876,25,306
9235,0.024268957360800245,0.06796216754151976,0.4230774731482673,0.06535947712418301,20,306
9236,0.022799051582346148,0.06863920179441688,0.41955385363481645,0.05555555555555555,17,306
9237,0.025468724294787977,0.07359616508057816,0.44017355300982536,0.0718954248366013,22,306
9238,0.023513861020715947,0.07217942375791686,0.4318695384791407,0.09803921568627451,30,306
9239,0.026049857508167584,0.07046811812403214,0.44083858926502767,0.08823529411764706,27,306
9240,0.025281553988837604,0.07330093997257431,0.4431930321362681,0.06862745098039216,21,306
9241,0.025881762770161913,0.06883640523391293,0.43586154374222336,0.07516339869281045,23,306
9242,0.02615681409980159,0.07186288256909523,0.44180217674232347,0.08496732026143791,26,306
9243,0.023699315008675916,0.06630505973998624,0.4165772800732255,0.06862745098039216,21,306
9244,0.026057883286244397,0.06922726852057985,0.43404163269976115,0.07516339869281045,23,306
9245,0.024331226421258356,0.07022763293468261,0.425834155689993,0.0784313725490196,24,306
9246,0.024139962830856256,0.06332566524464185,0.4039952231804465,0.08496732026143791,26,306
9247,0.024614556442695845,0.07068793099319114,0.42803127815677694,0.06862745098039216,21,306
9248,0.02440179753315656,0.07311478934248063,0.4326078717409648,0.0784313725490196,24,306
9249,0.025015545932922365,0.07206938557154538,0.43288675791250125,0.09477124183006536,29,306
9250,0.024122522813385623,0.07020507682294543,0.43159780323507957,0.0784313725490196,24,306
9251,0.024305935679297147,0.07070424352658979,0.4257340427053389,0.0784313725490196,24,306
9252,0.024628209848230692,0.06983777959568503,0.42931665737046093,0.06862745098039216,21,306
9253,0.024818470785589145,0.06975040635165251,0.426663663277127,0.07516339869281045,23,306
9254,0.024647774618021232,0.06722930686420357,0.4187297092432889,0.07516339869281045,23,306
9255,0.025749793810545298,0.07475312392911719,0.44510769296777797,0.06209150326797386,19,306
9256,0.025187564535443123,0.07247558182526925,0.4366874758656198,0.06535947712418301,20,306
9257,0.025544914408693505,0.07483718569033967,0.4459765306560261,0.0915032679738562,28,306
9258,0.022975577428337546,0.0653254314119498,0.4107045808841407,0.0784313725490196,24,306
9259,0.025025204883810295,0.06741190416000951,0.42561068920639006,0.08496732026143791,26,306
9260,0.02386867856464295,0.06636978212683814,0.4119917478296935,0.06535947712418301,20,306
9261,0.024696235541120756,0.07271081496498939,0.43226105175841306,0.07516339869281045,23,306
9262,0.024404830684575766,0.0665264724743168,0.42028861143290286,0.06535947712418301,20,306
9263,0.023599477662049922,0.0658812463194935,0.40690207519915333,0.0718954248366013,22,306
9264,0.02628484201723754,0.07496806306635193,0.4486009210394588,0.08496732026143791,26,306
9265,0.025356723903489857,0.06676861201969445,0.42616667381759415,0.07516339869281045,23,306
9266,0.024749991811688615,0.07099515559991987,0.43262574905965306,0.08169934640522876,25,306
9267,0.02410549728124363,0.06732830608846456,0.41578173939159907,0.09803921568627451,30,306
9268,0.026244771513376588,0.06947108636354939,0.43868973555870194,0.08169934640522876,25,306
9269,0.025414684236520088,0.0715277597209555,0.4307825975028961,0.08169934640522876,25,306
9270,0.024658393600949718,0.0727533686491861,0.43990539322950184,0.09477124183006536,29,306
9271,0.024763547253838118,0.06712881248569992,0.4230881995394803,0.0915032679738562,28,306
9272,0.023642395514722626,0.07200135740551324,0.4260379571230389,0.09803921568627451,30,306
9273,0.025359596057186025,0.07530226809427953,0.4514595042977074,0.06862745098039216,21,306
9274,0.024705432109517308,0.07008976129774527,0.43110438923928435,0.0784313725490196,24,306
9275,0.026288823571275943,0.07392498193493345,0.4493249524463323,0.06535947712418301,20,306
9276,0.024608116726870292,0.074707169927991507,0.4316532229230131,0.07516339869281045,23,306
9277,0.0248128489934741,0.07875831289254054,0.45058172795011514,0.0718954248366013,22,306
9278,0.022760455185637084,0.06875144678352416,0.4124190157463423,0.08496732026143791,26,306
9279,0.024160754865218896,0.06871054874953693,0.4220799187654639,0.0718954248366013,22,306
9280,0.023927920729579864,0.07121911750293128,0.42684779965961583,0.0784313725490196,24,306
9281,0.024783393603938567,0.06923487428527665,0.4247847570829937,0.07516339869281045,23,306
9282,0.024604266507945116,0.06969127141313335,0.42968493013543857,0.06862745098039216,21,306
9283,0.024418548814744357,0.067857289901309,0.42622209350552764,0.08496732026143791,26,306
9284,0.023951862225769522,0.06534748671515724,0.4153383818881309,0.0718954248366013,22,306
9285,0.02528150897776708,0.07229599025355192,0.4357507043663563,0.06209150326797386,19,306
9286,0.024367050729495573,0.06937190797229768,0.4257054389954377,0.0718954248366013,22,306
9287,0.02306925257479609,0.06987685550228209,0.41134995208878594,0.07516339869281045,23,306
9288,0.024323130247466282,0.06993724528057592,0.422180031750118,0.0784313725490196,24,306
9289,0.024439543132322477,0.0716864951804656,0.4262060039187083,0.0718954248366013,22,306
9290,0.024637554682657437,0.07030681285263032,0.4288947526494186,0.06209150326797386,19,306
9291,0.026039229827541015,0.07409880363198722,0.44889410906594585,0.0784313725490196,24,306
9292,0.02548073154205314,0.06932911528749151,0.43204294847041663,0.08496732026143791,26,306
9293,0.024281656142345773,0.06901958941723813,0.4243431873113943,0.0718954248366013,22,306
9294,0.023691029939858936,0.07140660415396266,0.4270659029476123,0.08496732026143791,26,306
9295,0.02327019280128432,0.06973511904156614,0.4162322478225426,0.07516339869281045,23,306
9296,0.024487194818825823,0.07023948709734387,0.42507973284134953,0.0718954248366013,22,306
9297,0.024127170876489638,0.0663718571171486,0.41287846283662993,0.08823529411764706,27,306
9298,0.02349061215016852,0.06776656822595645,0.414932566753908,0.06209150326797386,19,306
9299,0.02525387827494031,0.07139669895468394,0.43188562806596015,0.10457516339869281,32,306
9300,0.022981230233270512,0.06797924148456352,0.41990603681297467,0.07516339869281045,23,306
9301,0.025138787349697846,0.07586777489327962,0.44539551779865844,0.06862745098039216,21,306
9302,0.024348710297092617,0.06693299384185843,0.42146851446632627,0.07516339869281045,23,306
9303,0.025864081488416756,0.07225934576004467,0.44081356101886415,0.0718954248366013,22,306
9304,0.024321905585532134,0.07017640623902846,0.42839418772614807,0.06209150326797386,19,306
9305,0.02592864267845139,0.07346567105663661,0.44683106648932364,0.06209150326797386,19,306
9306,0.02291783746208833,0.06753272281232313,0.4124708599705382,0.06209150326797386,19,306
9307,0.023557821117891065,0.0661710302666965,0.4203511820483117,0.0784313725490196,24,306
9308,0.023777451032869105,0.06936379469899233,0.41267644913545287,0.0784313725490196,24,306
9309,0.023782769883657812,0.0710163214603856,0.42657963987929237,0.07516339869281045,23,306
9310,0.025779882179729024,0.07435376951540142,0.4493767966705282,0.0784313725490196,24,306
9311,0.024260449908691698,0.0672696934683602,0.41810400308920065,0.07516339869281045,23,306
9312,0.024781562172048775,0.07005988968054046,0.43016404227628324,0.0718954248366013,22,306
9313,0.02352920551704859,0.06396844372944438,0.4095622202199625,0.0784313725490196,24,306
9314,0.02389802395253036,0.06906860006900399,0.417746456715436,0.08169934640522876,25,306
9315,0.024935548718263176,0.07187265692841634,0.4313064029404614,0.07516339869281045,23,306
9316,0.025574342498514976,0.06918370680902484,0.4226001487392915,0.08169934640522876,25,306
9317,0.026081098267401084,0.07181603932495402,0.4423384963029705,0.0718954248366013,22,306
9318,0.023150797119708938,0.06425194296156293,0.40748130032465213,0.0718954248366013,22,306
9319,0.02459347036973008,0.06890457260664982,0.4231471946911514,0.08169934640522876,25,306
9320,0.024741669723634136,0.07089427571680756,0.4381712933167432,0.08169934640522876,25,306
9321,0.0255399942346151,0.07093292449803919,0.43988751591081365,0.0784313725490196,24,306
9322,0.023278624810590832,0.07122355022585958,0.4126496331574205,0.08496732026143791,26,306
9323,0.02449278025741669,0.06662261214614898,0.42392485805408964,0.05228758169934641,16,306
9324,0.02318540885200011,0.06979749296950918,0.4161839790620844,0.06862745098039216,21,306
9325,0.024190120050530714,0.07232292446543287,0.4309631584216473,0.08496732026143791,26,306
9326,0.02477556633557242,0.07196644176247097,0.43736860170764147,0.08823529411764706,27,306
9327,0.02336229422658833,0.06755092377083745,0.41200247422090647,0.08496732026143791,26,306
9328,0.024870729486540493,0.06924296359900513,0.4289072667725004,0.08496732026143791,26,306
9329,0.022833631842317723,0.066751406512151,0.41362394702592925,0.0784313725490196,24,306
9330,0.02417952323421546,0.06977434128516519,0.4265206447276212,0.0784313725490196,24,306
9331,0.025162902168392374,0.07360540985715039,0.44007880322077775,0.06209150326797386,19,306
9332,0.024886086061634623,0.07578412579585463,0.4451416598732856,0.09477124183006536,29,306
9333,0.02519482660733357,0.06996509056438326,0.4288697244032551,0.09477124183006536,29,306
9334,0.02385514844353667,0.0686622068441964,0.4195931837359306,0.0784313725490196,24,306
9335,0.025441009933794622,0.0714171563454031,0.4315423835471461,0.08496732026143791,26,306
9336,0.023916655202289677,0.06739626946203618,0.4196199997139629,0.0784313725490196,24,306
9337,0.02446173403325231,0.06872110922237845,0.42558744869209536,0.06535947712418301,20,306
9338,0.022769246959515866,0.06235070563260445,0.39811000986827993,0.0718954248366013,22,306
9339,0.02571017866856791,0.07475214813589791,0.43931722944465895,0.07516339869281045,23,306
9340,0.024957928711477628,0.07063232780800344,0.43257390483545716,0.06535947712418301,20,306
9341,0.026768920058498732,0.07500910505722914,0.453184665551122,0.0718954248366013,22,306
9342,0.025163874307073716,0.07037100880184732,0.4344599619570659,0.08823529411764706,27,306
9343,0.024878412827673006,0.07524986122677953,0.44630189785615193,0.0784313725490196,24,306
9344,0.023512917640901285,0.06408385061936232,0.4119595686560547,0.08169934640522876,25,306
9345,0.023871600806289816,0.07221267955896954,0.4220727678379886,0.07516339869281045,23,306
9346,0.022588458126208893,0.06849331868590997,0.41128916920524594,0.06209150326797386,19,306
9347,0.024838750669997238,0.07085018764286667,0.4287159794625363,0.0718954248366013,22,306
9348,0.025856011372941398,0.06792960391795654,0.43538064386950986,0.0784313725490196,24,306
9349,0.02357964885205461,0.06444270917580196,0.4083555012085067,0.07516339869281045,23,306
9350,0.025072711505642407,0.07146992511718729,0.4377493885957009,0.0718954248366013,22,306
9351,0.02349521654394564,0.06519568948279313,0.4116216873328471,0.11437908496732026,35,306
9352,0.024613221834480958,0.06885298974318087,0.43042505112913143,0.09803921568627451,30,306
9353,0.024526631828863023,0.06832304424364564,0.4305341027731297,0.09803921568627451,30,306
9354,0.02563585828186235,0.07265036031807343,0.4393011398578396,0.0718954248366013,22,306
9355,0.02613956381981928,0.07192026079163676,0.4451988672930879,0.058823529411764705,18,306
9356,0.02474638336485184,0.07159574783425966,0.42986549105418975,0.07516339869281045,23,306
9357,0.024011859531520307,0.0691279941310273,0.4218135467170092,0.06535947712418301,20,306
9358,0.023221252271721077,0.06875000698127857,0.41525078302655855,0.07516339869281045,23,306
9359,0.024062005989757707,0.06886403660314666,0.42450765864332607,0.0784313725490196,24,306
9360,0.024635109132518703,0.06576334691080787,0.4162966061698202,0.07516339869281045,23,306
9361,0.0251995289272708,0.06922654243998126,0.4318695384791407,0.0784313725490196,24,306
9362,0.025811642952938207,0.06983210961692338,0.43869331102243964,0.07516339869281045,23,306
9363,0.024442848252964576,0.0655198973418742,0.4201116259778893,0.08823529411764706,27,306
9364,0.02464293283295159,0.07241730720061935,0.4370110553338768,0.08169934640522876,25,306
9365,0.0247173923575621,0.07038488065659176,0.43304050285322004,0.06862745098039216,21,306
9366,0.023630688331389874,0.066996635774025,0.4178590838231719,0.07516339869281045,23,306
9367,0.02387513592145385,0.07012231975156841,0.42125041117832984,0.08496732026143791,26,306
9368,0.026042912149687413,0.07321204547600668,0.4430643154417128,0.10130718954248366,31,306
9369,0.025731344007668543,0.07050193225290617,0.4366374193732927,0.0784313725490196,24,306
9370,0.024445634097526203,0.06792664904838673,0.42405715021238255,0.06535947712418301,20,306
9371,0.024507950965624997,0.06881967092919451,0.42677986584860056,0.06209150326797386,19,306
9372,0.025038590043247086,0.06770354701928089,0.4262167303099212,0.0718954248366013,22,306
9373,0.024264844893474004,0.07199202925939756,0.4284496074140816,0.08496732026143791,26,306
9374,0.023528691940316496,0.06804818437655695,0.4144373650262439,0.08496732026143791,26,306
9375,0.024352384992296052,0.06575647588398731,0.41158772042733943,0.06862745098039216,21,306
9376,0.024320298102489927,0.06707068566566794,0.4256178401338654,0.0457516339869281,14,306
9377,0.025086567640648642,0.07300832274807603,0.4394495216029519,0.0784313725490196,24,306
9378,0.022802118507298443,0.06299680215268023,0.40144770526737317,0.08823529411764706,27,306
9379,0.02430272161984308,0.0673873154713105,0.4247954834742066,0.08169934640522876,25,306
9380,0.025009791506696598,0.06969653634698746,0.4306395789533903,0.0915032679738562,28,306
9381,0.024664424457773677,0.0678509070926489,0.4203619084395246,0.0915032679738562,28,306
9382,0.02491413232437028,0.07231374331799106,0.43010325939274324,0.08496732026143791,26,306
9383,0.025285240135191626,0.06894905421099365,0.42500464810285893,0.07516339869281045,23,306
9384,0.022935465946734634,0.06770679843893318,0.4118308519614994,0.0784313725490196,24,306
9385,0.02414648040258284,0.06605956233955454,0.41982737661074643,0.06535947712418301,20,306
9386,0.024933709928887247,0.07469216607608792,0.4432931451209222,0.0784313725490196,24,306
9387,0.02501950683939836,0.07122711059747412,0.4343526980449364,0.058823529411764705,18,306
9388,0.02399432621123309,0.06598685062725652,0.42084102058036926,0.08169934640522876,25,306
9389,0.023946228766027016,0.06742977298167611,0.4205192288439811,0.09803921568627451,30,306
9390,0.025974778245778714,0.0768362817021777,0.4532615380214814,0.0718954248366013,22,306
9391,0.025231502659423675,0.07009671173700502,0.4369252442041733,0.07516339869281045,23,306
9392,0.02620912641222578,0.07290680584777212,0.4443461191916591,0.08496732026143791,26,306
9393,0.024404064264457483,0.07346416983239831,0.4332711202642983,0.08169934640522876,25,306
9394,0.025775591392523528,0.07541209126315063,0.44281045751633985,0.058823529411764705,18,306
9395,0.025662510340917474,0.07498218887980779,0.4443014258949386,0.08169934640522876,25,306
9396,0.025727645570965338,0.06665591422830945,0.43022482515982324,0.06862745098039216,21,306
9397,0.024338971750348968,0.06628403087160117,0.42057822399565226,0.0784313725490196,24,306
9398,0.02611889092192742,0.06916375458061565,0.4340148167217288,0.0784313725490196,24,306
9399,0.025497571557853968,0.06763099816355989,0.4301533158850703,0.08823529411764706,27,306
9400,0.024035638969790843,0.06984003881934776,0.42911821913302156,0.08496732026143791,26,306
9401,0.02414655572542125,0.06877040524209356,0.4244593898828678,0.06209150326797386,19,306
9402,0.023719359241631214,0.06552860400544279,0.4143926717295233,0.0784313725490196,24,306
9403,0.023613256625256988,0.06855437949088573,0.4204298422505399,0.06209150326797386,19,306
9404,0.02499035759094368,0.07289160130687866,0.4355343888102287,0.08169934640522876,25,306
9405,0.023713447366666723,0.06754082278106732,0.41532408003318033,0.0784313725490196,24,306
9406,0.024434083670461564,0.06838944097929095,0.42445581441913016,0.07516339869281045,23,306
9407,0.025622778187814332,0.07180309052381752,0.43928326253915134,0.07516339869281045,23,306
9408,0.024290873909398835,0.07005754709849912,0.42795976888202397,0.05555555555555555,17,306
9409,0.023820944886645642,0.06903434991740179,0.4274216615895082,0.06862745098039216,21,306
9410,0.023952123905000743,0.07043810038207408,0.42741629839390166,0.0784313725490196,24,306
9411,0.024139286655617178,0.0646500341208342,0.410731396862173,0.06862745098039216,21,306
9412,0.026442775411096887,0.07259660283966227,0.4502760258005463,0.06862745098039216,21,306
9413,0.023937874331497622,0.07183158121601524,0.42968314240356975,0.08169934640522876,25,306
9414,0.02421308675203317,0.07017722999779155,0.42927375180560917,0.08169934640522876,25,306
9415,0.024114103248383596,0.06673818965126761,0.4199578810371705,0.0784313725490196,24,306
9416,0.02330726357894403,0.06314286564579516,0.4038968979276612,0.08496732026143791,26,306
9417,0.024501936603346052,0.06823222765951134,0.42358518899901315,0.08169934640522876,25,306
9418,0.025148981397769516,0.07250488566438551,0.43697708842836913,0.05228758169934641,16,306
9419,0.023866282203965188,0.06538400274510521,0.41180761144720474,0.09803921568627451,30,306
9420,0.024491212156234714,0.06857901300057247,0.42466855451152014,0.09477124183006536,29,306
9421,0.024248095911084185,0.07150479354712273,0.4242216215443143,0.058823529411764705,18,306
9422,0.023462369057670386,0.06564654751145112,0.4183364082321477,0.06535947712418301,20,306
9423,0.024078968804967803,0.06806689816693466,0.41799852690894007,0.0784313725490196,24,306
9424,0.02470482257554967,0.07265975270446685,0.4313528839690508,0.06209150326797386,19,306
9425,0.02360828545290802,0.06410690853480398,0.41109251869967534,0.08169934640522876,25,306
9426,0.02487758393037745,0.07280504248186856,0.4326150226684401,0.0915032679738562,28,306
9427,0.02538554529945201,0.0716427702470054,0.4307593569886014,0.06209150326797386,19,306
9428,0.024924758196826675,0.07200604758819876,0.4307039373006679,0.08169934640522876,25,306
9429,0.02437706910730796,0.07173657978347561,0.43488722987371464,0.0718954248366013,22,306
9430,0.02456167563829416,0.06873119758291055,0.41960033466340585,0.06535947712418301,20,306
9431,0.025207766786576657,0.07126975638973113,0.4311008137755467,0.0915032679738562,28,306
9432,0.025923890852224983,0.06968883829635177,0.43322285150384005,0.058823529411764705,18,306
9433,0.023279491938178003,0.06738876012924268,0.4191998827247894,0.0718954248366013,22,306
9434,0.024200379364391192,0.06627885060825463,0.4230667467570544,0.05555555555555555,17,306
9435,0.024768971802261647,0.06956454656884456,0.42981543456186266,0.06862745098039216,21,306
9436,0.0256390322913712,0.07113857067043983,0.440237911357103,0.06535947712418301,20,306
9437,0.025836213703297948,0.0717165555382902,0.4380979963101214,0.08823529411764706,27,306
9438,0.02474801110858423,0.07070826381439729,0.4259718110438924,0.07516339869281045,23,306
9439,0.023735766457145695,0.06133231844917771,0.4083751662590638,0.07516339869281045,23,306
9440,0.024627030005382074,0.06748149346302112,0.42743060024885227,0.0718954248366013,22,306
9441,0.024971314335370115,0.07135490762383091,0.43640501423034567,0.07516339869281045,23,306
9442,0.024374708599996475,0.06853654276689447,0.42513336479741426,0.06535947712418301,20,306
9443,0.025003599060818674,0.07228633711283139,0.4332353656269218,0.06862745098039216,21,306
9444,0.02271871200880998,0.06533576066952336,0.39945795969737274,0.07516339869281045,23,306
9445,0.02363265387626393,0.07117747163544205,0.4195967591996682,0.06209150326797386,19,306
9446,0.025297684822241713,0.07230303774851042,0.439104489352269,0.0915032679738562,28,306
9447,0.02422847358109722,0.06800791940357777,0.42143454756081866,0.0915032679738562,28,306
9448,0.02402322780739003,0.07168788593305232,0.4268102572903706,0.08169934640522876,25,306
9449,0.024242876966896098,0.06699578558740811,0.41779651320776307,0.07516339869281045,23,306
9450,0.023800303733271324,0.06696668138904975,0.4151721228243303,0.08169934640522876,25,306
9451,0.024564190607525373,0.06612060872671556,0.4181987528782483,0.07516339869281045,23,306
9452,0.025523997425218894,0.07099437817348607,0.43890962657856725,0.10457516339869281,32,306
9453,0.024748150634867596,0.07260063750215809,0.43519650748702104,0.0784313725490196,24,306
9454,0.023116464454874964,0.06826260264564296,0.41352740950501277,0.08823529411764706,27,306
9455,0.024179785239026773,0.06796211672258376,0.4223856209150327,0.08496732026143791,26,306
9456,0.02638006835622607,0.07517017647027277,0.4459747429241573,0.08823529411764706,27,306
9457,0.025712136792468508,0.07631216403851382,0.4512270991547604,0.08496732026143791,26,306
9458,0.024809251737539288,0.06604556497889584,0.4211181190200369,0.07516339869281045,23,306
9459,0.024385425248899778,0.06769477067924518,0.4237013915704867,0.06535947712418301,20,306
9460,0.023724368150631742,0.06618554886794674,0.41379020608972983,0.0718954248366013,22,306
9461,0.024851183261706284,0.06520412839206652,0.424629224410406,0.0784313725490196,24,306
9462,0.02534060948551853,0.07234163637627655,0.43216808970123427,0.06535947712418301,20,306
9463,0.02493567422455524,0.07578935897838185,0.44896740607256763,0.07516339869281045,23,306
9464,0.023887751571021812,0.06553089089133596,0.4095479183650119,0.06209150326797386,19,306
9465,0.024638845734591398,0.06576801527303493,0.416126771642282,0.06535947712418301,20,306
9466,0.025368557096578356,0.07244768333229733,0.44244933567883754,0.09477124183006536,29,306
9467,0.02380146135904541,0.0641999064101368,0.4008631169462679,0.07516339869281045,23,306
9468,0.025146846419608414,0.07057011356129973,0.42903240800331804,0.0718954248366013,22,306
9469,0.024954075427447552,0.07225479910538833,0.42964560003432445,0.08169934640522876,25,306
9470,0.02503807597609207,0.06832800633565442,0.42811708928648046,0.06209150326797386,19,306
9471,0.025700915268892933,0.0716941134963893,0.43533058737718283,0.08823529411764706,27,306
9472,0.023637963143194822,0.0655983870772891,0.41017541225096893,0.0784313725490196,24,306
9473,0.02475912986276941,0.06860922153172257,0.43191244404399254,0.08496732026143791,26,306
9474,0.02447349147373783,0.07177763451923229,0.43066103173581616,0.06862745098039216,21,306
9475,0.023231825351122046,0.06810144200481752,0.41648253028417787,0.08823529411764706,27,306
9476,0.02523248341311467,0.07425432980428139,0.4427943679295205,0.06862745098039216,21,306
9477,0.024324692807489834,0.07079977552401644,0.43178730281317484,0.07516339869281045,23,306
9478,0.024690440960823016,0.07557711233244513,0.4391974514094478,0.058823529411764705,18,306
9479,0.023779212470095585,0.06807918252453203,0.41769818795497776,0.0718954248366013,22,306
9480,0.02544315217167329,0.0707892636747612,0.43670714091617685,0.0718954248366013,22,306
9481,0.024778778597553418,0.07026348522407816,0.42926123768252744,0.0718954248366013,22,306
9482,0.024350687647671267,0.06555740490191128,0.4173424293130819,0.07516339869281045,23,306
9483,0.023602366543519958,0.06698872480231492,0.4136436120764863,0.06209150326797386,19,306
9484,0.025106674733393775,0.06625513553836569,0.42357446260780024,0.0718954248366013,22,306
9485,0.02393879845859496,0.06955018696376755,0.4176266786802248,0.06535947712418301,20,306
9486,0.02357450724581693,0.06946231530718426,0.41729773601636133,0.07516339869281045,23,306
9487,0.026008632801494118,0.06715606393271609,0.43365011942048887,0.08496732026143791,26,306
9488,0.024332277347059967,0.06919019293828106,0.4234278685945567,0.0784313725490196,24,306
9489,0.024785439695382355,0.07065369386669335,0.4272267988158064,0.09803921568627451,30,306
9490,0.02375510625636344,0.06718643002636508,0.41699560933053015,0.08496732026143791,26,306
9491,0.024585273524382868,0.07114170593047381,0.43606713290713806,0.06535947712418301,20,306
9492,0.02521985857660839,0.07173035226360938,0.43741865819996856,0.07516339869281045,23,306
9493,0.02414442350753673,0.06562616989764954,0.4125477324408976,0.06209150326797386,19,306
9494,0.024636762749783825,0.07148077872787012,0.43280273451466655,0.08169934640522876,25,306
9495,0.024031946367963568,0.07195629138205165,0.4268799788332547,0.05555555555555555,17,306
9496,0.024259866058486266,0.06679335756510298,0.4167739305787961,0.08496732026143791,26,306
9497,0.025901626850634383,0.07461479577992479,0.4508480999985698,0.08496732026143791,26,306
9498,0.026118727999416523,0.07320487692398797,0.4460015589021896,0.07516339869281045,23,306
9499,0.025423791967039665,0.06942469531092976,0.4322914432001831,0.06535947712418301,20,306
9500,0.025340360090208233,0.07300268208454642,0.4387111883411279,0.08169934640522876,25,306
9501,0.0258104781489472,0.07066578409794917,0.43068069678637316,0.08496732026143791,26,306
9502,0.024965076909064486,0.07151355098091548,0.43270440926188125,0.0784313725490196,24,306
9503,0.025513014536158594,0.07422387609838826,0.4447233306159809,0.08823529411764706,27,306
9504,0.02505983338167248,0.06976814694919649,0.4330262009982695,0.0784313725490196,24,306
9505,0.023228225277647743,0.06199348203492453,0.4040703079189371,0.0718954248366013,22,306
9506,0.025299310934883235,0.07335506892468847,0.4409887587420088,0.0784313725490196,24,306
9507,0.0245406412271883,0.07019675160838415,0.430450079375295,0.08169934640522876,25,306
9508,0.024299698724905314,0.06835844815778325,0.42406966433546434,0.08496732026143791,26,306
9509,0.026540014567191145,0.06873525776057139,0.4443014258949386,0.0784313725490196,24,306
9510,0.02404833126644126,0.06640292066233203,0.420024027116317,0.08169934640522876,25,306
9511,0.02441222610569649,0.07200513125046253,0.43150305344603196,0.07516339869281045,23,306
9512,0.022986038972344507,0.06444335192738244,0.4043098639893594,0.08823529411764706,27,306
9513,0.026084425141273373,0.07523136430350467,0.4507336851589651,0.0718954248366013,22,306
9514,0.023595556769529777,0.06654494386435084,0.41216873328470705,0.0784313725490196,24,306
9515,0.024301292697358593,0.07199905147059218,0.4314065159251155,0.09477124183006536,29,306
9516,0.026065345179228778,0.07263165899473914,0.4470241415311566,0.0784313725490196,24,306
9517,0.023986784490096245,0.06509213210771135,0.40996803535418547,0.0718954248366013,22,306
9518,0.025108601325072488,0.06891847204255697,0.4289984410978104,0.0915032679738562,28,306
9519,0.025256231681823543,0.06880290004757632,0.4346190700933911,0.05555555555555555,17,306
9520,0.02569962435428483,0.06951927217430615,0.44120328656626767,0.08496732026143791,26,306
9521,0.02485245123124853,0.06865209509014424,0.4363227785643798,0.0718954248366013,22,306
9522,0.024388029757564697,0.07138032972179018,0.43098461120407316,0.08496732026143791,26,306
9523,0.026469138294437755,0.07571028287162267,0.4555391084223624,0.0915032679738562,28,306
9524,0.025453089561395786,0.07531056978536485,0.44451237825545975,0.0784313725490196,24,306
9525,0.024982648235494224,0.07108824790530588,0.4343956036097882,0.0784313725490196,24,306
9526,0.02361810599868698,0.06488235630991596,0.4120185638077259,0.07516339869281045,23,306
9527,0.023009647776654495,0.06862345698036083,0.4116449278471418,0.08169934640522876,25,306
9528,0.02461857829136961,0.0700556237301086,0.4264026544242788,0.0784313725490196,24,306
9529,0.024528564100251258,0.070586621831158,0.4279990989831381,0.0915032679738562,28,306
9530,0.025110678481729275,0.06836568783835738,0.4320018306374337,0.0784313725490196,24,306
9531,0.02562668706030325,0.06604628245839915,0.43466912658571816,0.08496732026143791,26,306
9532,0.02219816972450126,0.0665612852264439,0.40051808469558503,0.06209150326797386,19,306
9533,0.026102874451052544,0.07189974079137858,0.4438741579782898,0.09803921568627451,30,306
9534,0.02529253455077451,0.06912632956855755,0.43468164070879994,0.08496732026143791,26,306
9535,0.0254549142968695,0.07473901809589271,0.4470598961685331,0.07516339869281045,23,306
9536,0.024394138120461126,0.06857774281980154,0.42139700519157336,0.06862745098039216,21,306
9537,0.024724873501247583,0.07040072588315142,0.4328438523476495,0.08169934640522876,25,306
9538,0.025633048823692765,0.07527738888332518,0.4396229315942278,0.08169934640522876,25,306
9539,0.026256858791747488,0.07081948619545185,0.44454992062470505,0.08496732026143791,26,306
9540,0.02482188242128046,0.07137202017929455,0.4286551965789963,0.0718954248366013,22,306
9541,0.025907897930996376,0.07037522843600788,0.43855923113227785,0.08496732026143791,26,306
9542,0.02534635264953648,0.07447499603593502,0.4333497804665265,0.06862745098039216,21,306
9543,0.025068321914887136,0.07560574987927493,0.4475068291357389,0.08823529411764706,27,306
9544,0.02381032753543835,0.0630868481833696,0.4076654367071409,0.0915032679738562,28,306
9545,0.023290411352137268,0.062332054982499475,0.4079103559731697,0.06209150326797386,19,306
9546,0.02409320879244493,0.0663819367946718,0.41791450351110543,0.06862745098039216,21,306
9547,0.027295567041660748,0.07359310296782409,0.4571141001987958,0.08169934640522876,25,306
9548,0.02480413196961479,0.07024491359054297,0.4338521331216659,0.0718954248366013,22,306
9549,0.024470489218733297,0.07017349317350047,0.42934704881223096,0.08823529411764706,27,306
9550,0.026433667298583263,0.06829035654050113,0.4392046023369231,0.08169934640522876,25,306
9551,0.02369906413245405,0.07200332843869063,0.4327348007036513,0.07516339869281045,23,306
9552,0.02437075686427598,0.06911714363480807,0.4184490353398836,0.07516339869281045,23,306
9553,0.02507292971093407,0.07294535435069284,0.436553395975458,0.08169934640522876,25,306
9554,0.024578377259609728,0.0689609032220394,0.4254158264326883,0.06209150326797386,19,306
9555,0.023800816230631558,0.06733700533825741,0.41674532686889487,0.09803921568627451,30,306
9556,0.0240905694388017,0.06414588405845648,0.4108994436578424,0.0718954248366013,22,306
9557,0.023727650649548154,0.06697409748109608,0.4195860328084553,0.06535947712418301,20,306
9558,0.025628169775699886,0.07421421387400538,0.44611239827805665,0.08496732026143791,26,306
9559,0.024494389069034027,0.06897620356742207,0.4267387480156176,0.06535947712418301,20,306
9560,0.024723791021016697,0.06990824372076618,0.43658557514909685,0.07516339869281045,23,306
9561,0.024911996645825624,0.07050186367628718,0.4322664149540196,0.09803921568627451,30,306
9562,0.024032871402523633,0.07105885687135473,0.4299995709443515,0.08496732026143791,26,306
9563,0.02473609613271887,0.06823371667224064,0.4248544786258778,0.06535947712418301,20,306
9564,0.024380033940063443,0.0711197321959872,0.4318677507472719,0.06535947712418301,20,306
9565,0.025215578922629957,0.0684597051238752,0.42179388166645215,0.08496732026143791,26,306
9566,0.023539433224456216,0.06697165504322836,0.41623761101814905,0.05228758169934641,16,306
9567,0.02530555064665327,0.07129515215246511,0.43662490525021097,0.07516339869281045,23,306
9568,0.0252463268438144,0.07110062863918974,0.4314690865405243,0.08169934640522876,25,306
9569,0.023644100111650794,0.06922731267652937,0.42236953132821325,0.09477124183006536,29,306
9570,0.02396478461684081,0.06919546814659044,0.4252942606656083,0.09477124183006536,29,306
9571,0.025315663567078702,0.06969464163067085,0.4329529039916477,0.08169934640522876,25,306
9572,0.02413687398483289,0.06786930301862855,0.42519057221721657,0.07516339869281045,23,306
9573,0.024021974647874714,0.07055368157130429,0.4266529368859141,0.06862745098039216,21,306
9574,0.02497046049889618,0.06959361956794216,0.43238082979362424,0.07516339869281045,23,306
9575,0.02456620937095634,0.06884359489931091,0.4262667868022483,0.0718954248366013,22,306
9576,0.024820406357304852,0.07108241088753725,0.431351096237182,0.06535947712418301,20,306
9577,0.024040511064635336,0.06666618702647649,0.4215078445674404,0.08823529411764706,27,306
9578,0.025092404787956414,0.06988357884275864,0.4288858139900745,0.08823529411764706,27,306
9579,0.0244696894315213,0.07377170484064134,0.44065266515067003,0.0718954248366013,22,306
9580,0.025870835694739913,0.0750116602995087,0.4498898757168805,0.08169934640522876,25,306
9581,0.024734969284797806,0.07167548065456424,0.4275325009653752,0.08169934640522876,25,306
9582,0.024555989250018704,0.0696674836464595,0.4243986069993278,0.0784313725490196,24,306
9583,0.023511451296849308,0.06432048105531185,0.4119238140186782,0.09803921568627451,30,306
9584,0.022809640486549067,0.0673751045792437,0.4081516997754609,0.08169934640522876,25,306
9585,0.022848724141781872,0.07122071832796663,0.42489023326325426,0.06862745098039216,21,306
9586,0.02482126175607245,0.06934114773000095,0.4236406086869467,0.08169934640522876,25,306
9587,0.023767202158360173,0.06939130530709435,0.42016704566582286,0.08823529411764706,27,306
9588,0.023907166610224177,0.06828031755834413,0.420054418558087,0.06535947712418301,20,306
9589,0.0258241457697495,0.07305799402119169,0.44394209178930505,0.06862745098039216,21,306
9590,0.024750613503422718,0.06924556198251057,0.4361833354786116,0.0915032679738562,28,306
9591,0.025179777852254046,0.07286297223468337,0.43284027688391186,0.06535947712418301,20,306
9592,0.026090091660489603,0.0724058700243357,0.4471331931751548,0.08496732026143791,26,306
9593,0.023301776693292447,0.07275271194691685,0.41876903934440296,0.0718954248366013,22,306
9594,0.023922637702360573,0.06893532084828083,0.4189227842851218,0.0718954248366013,22,306
9595,0.026277581415369216,0.07141828230338174,0.44552423449321377,0.10457516339869281,32,306
9596,0.02377862674140635,0.0699102869775559,0.42787395775232046,0.08823529411764706,27,306
9597,0.02508941275904057,0.06965402473997184,0.43588299652464924,0.07516339869281045,23,306
9598,0.024432443004894996,0.06867132977930324,0.4230023884097767,0.06862745098039216,21,306
9599,0.025045064822134387,0.0679364466360387,0.42570186353170003,0.06535947712418301,20,306
9600,0.025510734499401295,0.07305328494654054,0.4451523862644985,0.06209150326797386,19,306
9601,0.024904384431416186,0.07076156541104582,0.42725182706196996,0.0784313725490196,24,306
9602,0.02573384151321917,0.07387291926830411,0.44011098239441654,0.09477124183006536,29,306
9603,0.02492555679007151,0.07022772453832252,0.4307504183292573,0.06862745098039216,21,306
9604,0.024110696790813617,0.0649574171088245,0.41088871726662946,0.0718954248366013,22,306
9605,0.024429314492300205,0.06706775781146015,0.4186939546059124,0.08823529411764706,27,306
9606,0.024354508233302027,0.0709853550224771,0.4265081306045394,0.08496732026143791,26,306
9607,0.026681523701053207,0.07750060610774491,0.4575252785286252,0.08169934640522876,25,306
9608,0.025902926062378616,0.07484745330817362,0.4487564537120465,0.08496732026143791,26,306
9609,0.024750625635573384,0.071080070134883655,0.43776369045065144,0.08823529411764706,27,306
9610,0.02535972521827905,0.07040915458845778,0.4313725490196078,0.0784313725490196,24,306
9611,0.023553609484937295,0.0671221184531019,0.41352919723688164,0.07516339869281045,23,306
9612,0.023495964826633572,0.07251942737252312,0.4239999427925802,0.08823529411764706,27,306
9613,0.025095460624771342,0.0710190845083717,0.43723094635374204,0.05228758169934641,16,306
9614,0.024546963090801736,0.07355615558615496,0.4352304743925287,0.0915032679738562,28,306
9615,0.022817970426429423,0.0668881527459287,0.4153920138441956,0.07516339869281045,23,306
9616,0.024048440038684213,0.06808425694670275,0.420347606584574,0.05228758169934641,16,306
9617,0.026108073535484062,0.0778590812641431,0.4514219619284621,0.08823529411764706,27,306
9618,0.023697606802214888,0.07081450190864937,0.42470788461263426,0.08169934640522876,25,306
9619,0.023921178892991706,0.06982532988836188,0.4298797929091403,0.0784313725490196,24,306
9620,0.02425030426017043,0.0657974546316239,0.41476988315384505,0.0784313725490196,24,306
9621,0.024463032657505653,0.06937082613539221,0.4289698373879092,0.08169934640522876,25,306
9622,0.024201603079612506,0.06701129724046563,0.41910513293574175,0.07516339869281045,23,306
9623,0.02369083446886757,0.06837669590787941,0.41791092804736774,0.06862745098039216,21,306
9624,0.024556496492073056,0.07029280703075684,0.4268710401739106,0.07516339869281045,23,306
9625,0.0260029217548128,0.07344708846791025,0.44562077201413025,0.08823529411764706,27,306
9626,0.02363246769641807,0.06984641261310891,0.4235798258034067,0.07516339869281045,23,306
9627,0.025579188672138622,0.07084088766627515,0.44122295161682473,0.06862745098039216,21,306
9628,0.023179912722693312,0.07256768476067255,0.424750790177486,0.09477124183006536,29,306
9629,0.02303245419558303,0.06968984703101963,0.420145592883397,0.09477124183006536,29,306
9630,0.024702416284083754,0.07387399662743813,0.4363263540281175,0.09803921568627451,30,306
9631,0.024581055800670423,0.07080711820531893,0.4307825975028961,0.0784313725490196,24,306
9632,0.023681575860180805,0.06867133239832278,0.42197444258520334,0.07516339869281045,23,306
9633,0.024711171603233703,0.07315781925321932,0.42962057178816093,0.08169934640522876,25,306
9634,0.026047381590357587,0.07476553956688858,0.4407188112298165,0.0784313725490196,24,306
9635,0.02484759990664576,0.06651062864267149,0.42899665336594156,0.0718954248366013,22,306
9636,0.02342926514475671,0.06634064503369932,0.4109369860270877,0.07516339869281045,23,306
9637,0.024633786840330837,0.07205247807899663,0.4320000429055649,0.08169934640522876,25,306
9638,0.025367078452489953,0.06430675357110385,0.4247972712060754,0.08169934640522876,25,306
9639,0.023195728587931723,0.0734085223208967,0.42543191601950775,0.06209150326797386,19,306
9640,0.024513253587761658,0.06920312926624628,0.42686210151456644,0.06862745098039216,21,306
9641,0.024542422819000105,0.0717082511201434,0.4311544457316114,0.0718954248366013,22,306
9642,0.025493122387661087,0.0705032175704382,0.43239691938044367,0.0915032679738562,28,306
9643,0.025039497467657698,0.07026173014025631,0.4307253900830938,0.08496732026143791,26,306
9644,0.022448934999644024,0.06722009329242941,0.409000872413152,0.06535947712418301,20,306
9645,0.024120721616668093,0.06635145335221164,0.4166916949128302,0.06862745098039216,21,306
9646,0.024144256358521198,0.07104569600656123,0.4240303342343502,0.0784313725490196,24,306
9647,0.023743210478030602,0.06682938387932484,0.4218528768181233,0.06862745098039216,21,306
9648,0.02553554248266169,0.07025828149206326,0.43837688248165785,0.058823529411764705,18,306
9649,0.02301158487691143,0.06409827330785602,0.40160145020809196,0.0718954248366013,22,306
9650,0.023284804945825452,0.06948665841379915,0.4179395317572689,0.0718954248366013,22,306
9651,0.02511929337485763,0.06808275587434648,0.4242198338124455,0.08496732026143791,26,306
9652,0.02473081463539026,0.06969087311993212,0.4334838603566883,0.08496732026143791,26,306
9653,0.024597819579440648,0.06650077164971517,0.4221120979391027,0.0718954248366013,22,306
9654,0.024263572433286407,0.07137406503616665,0.4299155475465168,0.0718954248366013,22,306
9655,0.025776135158783037,0.07154990123465285,0.4404560146450995,0.05555555555555555,17,306
9656,0.024004358920075904,0.06602994871394058,0.41432473791850805,0.10457516339869281,32,306
9657,0.025167699600537156,0.06604598893911764,0.42460062070050486,0.07516339869281045,23,306
9658,0.02444032540119508,0.07290601972640728,0.4346333719483417,0.09803921568627451,30,306
9659,0.024145313092893878,0.06862094920211124,0.4260486835142518,0.0784313725490196,24,306
9660,0.025598585785564197,0.07264090251179482,0.4449128301940762,0.0915032679738562,28,306
9661,0.0246190127087123,0.0703821711978562,0.43009610846526797,0.0718954248366013,22,306
9662,0.02529863056283769,0.06890512572825815,0.43161031735816136,0.10130718954248366,31,306
9663,0.025325631990652235,0.07064997506728468,0.43966941262281717,0.0718954248366013,22,306
9664,0.024747765309178566,0.07004592511051433,0.431644284263669,0.0784313725490196,24,306
9665,0.025726504713231724,0.07543877064743884,0.445329371719512,0.07516339869281045,23,306
9666,0.022653749375877927,0.06781554319017474,0.4113785557986871,0.09477124183006536,29,306
9667,0.02483665438989521,0.07558004428931846,0.43956214871068777,0.06862745098039216,21,306
9668,0.024696409370542356,0.0714495920841364,0.4363263540281174,0.08169934640522876,25,306
9669,0.02397952360706627,0.071359034497654,0.4310722100656455,0.08496732026143791,26,306
9670,0.024933766569026194,0.07071598810595008,0.4299405757926803,0.07516339869281045,23,306
9671,0.024308260158423384,0.06644455129130439,0.4173334906537378,0.08823529411764706,27,306
9672,0.026589477115126988,0.07675913323367768,0.4540660173624519,0.06862745098039216,21,306
9673,0.023132776437832046,0.0689298728370876,0.41752835342743955,0.08496732026143791,26,306
9674,0.025156845129005494,0.07423082221832572,0.4471099526608601,0.0718954248366013,22,306
9675,0.024779955992225874,0.06667368049663026,0.4197254758942235,0.0718954248366013,22,306
9676,0.02659118774987319,0.07407622755590602,0.450633572174311,0.08496732026143791,26,306
9677,0.02341024741485124,0.06615865419263758,0.41233141688476993,0.07516339869281045,23,306
9678,0.02393595064592045,0.06691219841022988,0.41576386207291083,0.08823529411764706,27,306
9679,0.025036147419039596,0.06756809083100508,0.42300775160538323,0.0718954248366013,22,306
9680,0.02482637057918187,0.07049640726265326,0.42517627036226596,0.0718954248366013,22,306
9681,0.025967676385982907,0.0722345151862898,0.4470938630740407,0.058823529411764705,18,306
9682,0.024494221367937767,0.07185090428526994,0.4323146837144778,0.0784313725490196,24,306
9683,0.027071263071989815,0.07481886428939005,0.45783098067819394,0.0915032679738562,28,306
9684,0.023876172484759484,0.07178342525766508,0.42538007179531184,0.0784313725490196,24,306
9685,0.02629176257642381,0.07408828266010473,0.446888273909126,0.08496732026143791,26,306
9686,0.024855704060112928,0.06953411520268585,0.4328456400795183,0.058823529411764705,18,306
9687,0.025440424538203558,0.06797120684692201,0.42970817064973327,0.0718954248366013,22,306
9688,0.02387686225415167,0.06748218235490357,0.4185455728608,0.08496732026143791,26,306
9689,0.025034704402213837,0.0772841728749403,0.4460337380758284,0.0784313725490196,24,306
9690,0.024673872648591187,0.0648123619708576,0.42248215843594916,0.07516339869281045,23,306
9691,0.025181517975216366,0.07055850682695008,0.4310757855293832,0.0718954248366013,22,306
9692,0.022841423999759643,0.06394487352348,0.40658028346276515,0.0784313725490196,24,306
9693,0.023993771349126638,0.06845190744524375,0.4202903991647717,0.0718954248366013,22,306
9694,0.024438553101476457,0.06956364709808108,0.4226788089415197,0.06535947712418301,20,306
9695,0.02393250726593572,0.06809431392990056,0.41774466898356716,0.0784313725490196,24,306
9696,0.02489893192631967,0.06895244704763867,0.42735730324223054,0.08496732026143791,26,306
9697,0.024887180899882094,0.06842431865502106,0.4292522990231833,0.0718954248366013,22,306
9698,0.025446394154631877,0.07157790421049609,0.43471381988243873,0.0915032679738562,28,306
9699,0.026196120246189482,0.07200405927009385,0.44311437193403985,0.08496732026143791,26,306
9700,0.02471974759436245,0.07306813748581568,0.43017298093562734,0.08496732026143791,26,306
9701,0.024996388808305174,0.06969678862257128,0.43018728279057794,0.0784313725490196,24,306
9702,0.024431418074072977,0.06704847783858946,0.41526329714964033,0.06535947712418301,20,306
9703,0.023439439904044602,0.07043431211970608,0.4207587849144034,0.06862745098039216,21,306
9704,0.02417072642185301,0.06800574122865881,0.42283612934597614,0.07516339869281045,23,306
9705,0.025543167889471564,0.07233980149927549,0.4427121322635546,0.06862745098039216,21,306
9706,0.025059324984536148,0.0674746190317508,0.4260558344417271,0.08169934640522876,25,306
9707,0.025520514215015087,0.06946590269208737,0.43126528510747847,0.05228758169934641,16,306
9708,0.024274647143852197,0.06987516980508826,0.4267208706969294,0.08496732026143791,26,306
9709,0.025001951111346225,0.07061709008792573,0.4363495945424121,0.0718954248366013,22,306
9710,0.023812717940944684,0.06901134799651093,0.42320976530656024,0.07516339869281045,23,306
9711,0.02339401518981585,0.06648878819500054,0.41236002059467114,0.0784313725490196,24,306
9712,0.024735712247156726,0.06985223493705305,0.4276540667324552,0.08496732026143791,26,306
9713,0.026466725102572055,0.0762607439775161,0.4523980635288397,0.08496732026143791,26,306
9714,0.024462371605948184,0.06561536448603807,0.4204280545186711,0.0718954248366013,22,306
9715,0.025402380282934074,0.07387543115724012,0.44054897670227827,0.08169934640522876,25,306
9716,0.023448719897696164,0.06502149020372992,0.41415847885470747,0.0784313725490196,24,306
9717,0.02547966024331603,0.06957882346652482,0.4326740178201113,0.08823529411764706,27,306
9718,0.024042102445920113,0.06864825472689734,0.41788053660559776,0.09477124183006536,29,306
9719,0.02371507176854474,0.06575075491218059,0.4065177128473563,0.08169934640522876,25,306
9720,0.024576501426996297,0.07189473728596259,0.4344242073196894,0.0784313725490196,24,306
9721,0.024147820840519453,0.0670964240497933,0.422180031750118,0.07516339869281045,23,306
9722,0.023568971130136465,0.06773108828813168,0.4206050399736846,0.06535947712418301,20,306
9723,0.023380028943551154,0.06640341157419744,0.4124190157463423,0.08496732026143791,26,306
9724,0.024733152954597704,0.06908431491958375,0.42532286437550954,0.08496732026143791,26,306
9725,0.024622837865676265,0.06821414211254329,0.42762188755881636,0.0784313725490196,24,306
9726,0.02628017823642677,0.0830374850243804,0.46768495873914845,0.08169934640522876,25,306
9727,0.023807345869538005,0.06877890622083262,0.4190836801533159,0.0915032679738562,28,306
9728,0.02477473095467444,0.0671036018356053,0.42530856252055893,0.0718954248366013,22,306
9729,0.024928685555093616,0.07632937650553807,0.44653430299909896,0.09477124183006536,29,306
9730,0.02285616251867769,0.06672557165968128,0.4086111468657485,0.0784313725490196,24,306
9731,0.02374793875004391,0.06717785330736044,0.41945731611389997,0.07516339869281045,23,306
9732,0.026980977721865224,0.0751421343218507,0.45594134809284764,0.0784313725490196,24,306
9733,0.02466787999612833,0.07240822418051189,0.4360152886829422,0.08169934640522876,25,306
9734,0.024101500788248426,0.06241907316009519,0.4124476194562435,0.06535947712418301,20,306
9735,0.023445141502914903,0.06784894647498628,0.4128730996410234,0.08823529411764706,27,306
9736,0.023269331691548382,0.06392853760584262,0.4101271434905107,0.09803921568627451,30,306
9737,0.02502683544066732,0.06949646713672136,0.4290878276912516,0.06862745098039216,21,306
9738,0.024053965490055954,0.06847691460616062,0.423860499706812,0.058823529411764705,18,306
9739,0.02498165552373385,0.07333646348613551,0.4410602680167618,0.08496732026143791,26,306
9740,0.022664386965098985,0.06374292830988416,0.40220927904349196,0.0784313725490196,24,306
9741,0.024787239495419215,0.06759860335132488,0.4233349065373779,0.05555555555555555,17,306
9742,0.023479356757056473,0.07042731591386195,0.4270516010926617,0.08496732026143791,26,306
9743,0.02335989150697946,0.06687743213997088,0.4116449278471418,0.08169934640522876,25,306
9744,0.025445074222298206,0.07435531798511726,0.4423098925930693,0.06862745098039216,21,306
9745,0.02507961051163017,0.07396923066964521,0.4446035525807697,0.08169934640522876,25,306
9746,0.025660187529155765,0.06890366541957489,0.43272764977617595,0.07516339869281045,23,306
9747,0.024655827616399496,0.06688582605676718,0.4152543584902962,0.058823529411764705,18,306
9748,0.02504852129711709,0.07436181889543259,0.43748659201098383,0.08169934640522876,25,306
9749,0.02608570090038933,0.07256152047380658,0.4420971525006793,0.08496732026143791,26,306
9750,0.024912912259957905,0.07189572839098117,0.4354825445860328,0.07516339869281045,23,306
9751,0.024765230535033732,0.06547780120649609,0.42216572989516743,0.0718954248366013,22,306
9752,0.023397433417300197,0.06844360184748602,0.42517448263039714,0.06535947712418301,20,306
9753,0.024126904922128843,0.06717803193778496,0.41963251383704464,0.08823529411764706,27,306
9754,0.023345368781662046,0.06713422257502466,0.40879885871197497,0.08169934640522876,25,306
9755,0.024883116039291858,0.07373737647247684,0.4336322421018006,0.05555555555555555,17,306
9756,0.025113809842136656,0.07494273846026155,0.4404220477395918,0.08496732026143791,26,306
9757,0.025984012735109772,0.07687840416637745,0.45169906036812973,0.0784313725490196,24,306
9758,0.024333054909234698,0.07014828772192472,0.42896447419230277,0.0718954248366013,22,306
9759,0.023811308145124395,0.0681208473638482,0.42010626278228286,0.08169934640522876,25,306
9760,0.023214227615725586,0.0655772674830923,0.401175970023312,0.06535947712418301,20,306
9761,0.02458981425511794,0.07534442540443702,0.4437686817980292,0.08169934640522876,25,306
9762,0.024739595810329196,0.07205021170585019,0.4312938888173796,0.0718954248366013,22,306
9763,0.02381729661844581,0.0646407025808666,0.4158192817608444,0.0718954248366013,22,306
9764,0.025355395766010497,0.06988328420702639,0.43604389239284336,0.08823529411764706,27,306
9765,0.023913598935818625,0.06714340615711666,0.41867607728722417,0.08823529411764706,27,306
9766,0.024709150506932634,0.06943595972110976,0.42471503554010953,0.0784313725490196,24,306
9767,0.025779353554619442,0.0737308273062206,0.44742638120164185,0.08169934640522876,25,306
9768,0.02335232023100978,0.069236449314057,0.41808076257490595,0.07516339869281045,23,306
9769,0.02507984062657797,0.06974246075756639,0.4287874887372892,0.08496732026143791,26,306
9770,0.024834587399155592,0.06861424547818866,0.4251601807754466,0.07516339869281045,23,306
9771,0.024984835867806386,0.06874128422176215,0.42410541897284076,0.08169934640522876,25,306
9772,0.02448325719111798,0.07343498976765496,0.43640143876660803,0.08823529411764706,27,306
9773,0.023533722997096378,0.07006951542893215,0.42380508001887846,0.08496732026143791,26,306
9774,0.023676882661465073,0.06400954215605045,0.4098500450508431,0.07516339869281045,23,306
9775,0.02376149272365896,0.06626031649053787,0.4170260007723002,0.07516339869281045,23,306
9776,0.023731214082813264,0.06817692481185297,0.4128230431486964,0.08169934640522876,25,306
9777,0.025481821377727074,0.06897651916181721,0.4346476738032923,0.06535947712418301,20,306
9778,0.024209538467745748,0.06729157470513907,0.4203082764834599,0.0784313725490196,24,306
9779,0.024134780209169433,0.06590326546521914,0.420560346676964,0.06862745098039216,21,306
9780,0.02365672497513041,0.06958143172801039,0.4222890833941162,0.07516339869281045,23,306
9781,0.023256555362641627,0.06786611793561537,0.4120257147352011,0.08169934640522876,25,306
9782,0.026468965933873528,0.07514869583982235,0.45422870096251483,0.05228758169934641,16,306
9783,0.02376374144253566,0.06685323624712636,0.41597123896969435,0.06862745098039216,21,306
9784,0.02544645665131651,0.07403575233481192,0.43887208420932194,0.0784313725490196,24,306
9785,0.022353019546619304,0.06913492359755573,0.4134755652808169,0.0784313725490196,24,306
9786,0.025577663550707102,0.07119497459962396,0.42828334835028103,0.08823529411764706,27,306
9787,0.02342159952635276,0.0673862084291154,0.4147484303714192,0.06862745098039216,21,306
9788,0.02594837278540541,0.07235603805462332,0.4455331731525579,0.0784313725490196,24,306
9789,0.025309103024628424,0.07133814130442276,0.43958181376124483,0.0784313725490196,24,306
9790,0.026217607894546482,0.0743601098345383,0.4494912115101329,0.0718954248366013,22,306
9791,0.025389525376475004,0.07039710101368195,0.4339290055920253,0.0784313725490196,24,306
9792,0.02576076520754529,0.0728461079042438,0.43804078889031905,0.08496732026143791,26,306
9793,0.024588501536163467,0.0681861406014205,0.4233670857110167,0.09803921568627451,30,306
9794,0.023912518917584967,0.06912864537225986,0.4265689134880794,0.08169934640522876,25,306
9795,0.024093319124776122,0.06890220913780698,0.4228843981064344,0.0718954248366013,22,306
9796,0.02296572596343914,0.06686313480623964,0.41208649761874117,0.058823529411764705,18,306
9797,0.024272454964811913,0.06915557929952582,0.42833698030634576,0.06209150326797386,19,306
9798,0.02523388820800196,0.0736243724842248,0.436887701834928,0.07516339869281045,23,306
9799,0.023833523979340316,0.06444590267592376,0.4137723287710416,0.06535947712418301,20,306
9800,0.022760309162703246,0.067969257427399,0.41189521030877707,0.08823529411764706,27,306
9801,0.022904058578418093,0.06753404934815628,0.4138098711402869,0.0784313725490196,24,306
9802,0.022973509201449964,0.06981634844602887,0.41499692510118563,0.0718954248366013,22,306
9803,0.024702359173830735,0.06629348495568477,0.4204888374022111,0.08823529411764706,27,306
9804,0.02478217653368175,0.07007228885061166,0.4323111082507401,0.08169934640522876,25,306
9805,0.023146582428106337,0.07022943134026008,0.41462507687247036,0.06862745098039216,21,306
9806,0.024979011411946726,0.07213177724890699,0.43850023598060667,0.08823529411764706,27,306
9807,0.023645075004206643,0.06473218510519828,0.40756174825874913,0.049019607843137254,15,306
9808,0.023161720615975545,0.07070670402410555,0.4273501523147552,0.07516339869281045,23,306
9809,0.02484254650741156,0.071746528157789,0.43146551107678666,0.0784313725490196,24,306
9810,0.02499426998932848,0.07034044602477137,0.43503203615508934,0.08823529411764706,27,306
9811,0.024768053959419205,0.06608934440674244,0.4187869166630912,0.06535947712418301,20,306
9812,0.02571050914065964,0.07382914033047602,0.4503350209522175,0.0784313725490196,24,306
9813,0.023844929264506126,0.06404586776663201,0.40887573118233433,0.08169934640522876,25,306
9814,0.02491974607914219,0.07039282141280119,0.4276790949786187,0.0784313725490196,24,306
9815,0.02347232541703987,0.06550635892563837,0.41256739749145466,0.08496732026143791,26,306
9816,0.025742517847197832,0.07280266032400629,0.4416126771642282,0.08823529411764706,27,306
9817,0.025076812402104423,0.06923015247828258,0.42738054375652523,0.0915032679738562,28,306
9818,0.02455350828365083,0.06878264995848754,0.4232902132406573,0.07516339869281045,23,306
9819,0.024309527890042426,0.06890220646043678,0.42785071723802576,0.07516339869281045,23,306
9820,0.024751617764913796,0.07283513578450578,0.44180217674232347,0.06862745098039216,21,306
9821,0.024535935548676092,0.07455409694164086,0.44656111897713135,0.06535947712418301,20,306
9822,0.025093371867785572,0.06850643616977399,0.4286408947240457,0.05555555555555555,17,306
9823,0.024708707560213303,0.06779786063313285,0.4272786430400023,0.05228758169934641,16,306
9824,0.024354442178014423,0.07160442002952894,0.4254426424107207,0.08169934640522876,25,306
9825,0.024076743511407168,0.0718750246703058,0.42869631441197925,0.07516339869281045,23,306
9826,0.02440493392023625,0.06912299996331116,0.42918615294403684,0.09477124183006536,29,306
9827,0.023935632007439634,0.06849432136254778,0.4144445159537192,0.06535947712418301,20,306
9828,0.02499782831192612,0.0749288893509113,0.4422079918765464,0.0784313725490196,24,306
9829,0.026525467765611484,0.07340122771308005,0.4488029347406359,0.07516339869281045,23,306
9830,0.025582111504811777,0.07532843721209911,0.445997983438452,0.08169934640522876,25,306
9831,0.025103527081651325,0.06704380237502716,0.42277892192617383,0.0915032679738562,28,306
9832,0.024153293844880578,0.07040283611742063,0.42606656083294003,0.08823529411764706,27,306
9833,0.024833883344904467,0.06985878369316624,0.4260790749560218,0.09477124183006536,29,306
9834,0.025894234915946716,0.07025124980561762,0.436077859298351,0.06535947712418301,20,306
9835,0.023991218836437265,0.06813970040117245,0.4223963473062456,0.08496732026143791,26,306
9836,0.023733903675423332,0.06818300820128124,0.4217009196092733,0.08496732026143791,26,306
9837,0.024789811256953714,0.07239058695601322,0.43400409033051585,0.06862745098039216,21,306
9838,0.02551987972006636,0.06708109023928344,0.4250100112984654,0.0718954248366013,22,306
9839,0.02541226295997267,0.07188494289854615,0.4386074998927361,0.0915032679738562,28,306
9840,0.02694397437675872,0.07546006139297336,0.44800560632714065,0.06209150326797386,19,306
9841,0.025473078429651196,0.07166616745027393,0.4338539208535347,0.06535947712418301,20,306
9842,0.024775189021692616,0.06931898846084679,0.4296634773530127,0.07516339869281045,23,306
9843,0.0247747578224323,0.0713311359667688,0.4381498405343173,0.06535947712418301,20,306
9844,0.024655571089915822,0.0719694396400693,0.4336948127172094,0.07516339869281045,23,306
9845,0.025881338098581737,0.06837334812637674,0.43621015145664394,0.08496732026143791,26,306
9846,0.024747593652548736,0.06908509803267682,0.4275539537478011,0.06862745098039216,21,306
9847,0.02370529737677529,0.0700152035344714,0.4213916419959669,0.08496732026143791,26,306
9848,0.02492088998955996,0.07139146698706586,0.4310024885227614,0.08823529411764706,27,306
9849,0.025313015042224603,0.07370654839137653,0.44749431501265713,0.08496732026143791,26,306
9850,0.02305584152934186,0.06749441713096861,0.4125566711002417,0.06209150326797386,19,306
9851,0.024427292106435426,0.06807496358351699,0.42482766264784544,0.0784313725490196,24,306
9852,0.025320949547410623,0.07049508140704083,0.4315352326196708,0.0718954248366013,22,306
9853,0.02578759882609447,0.07098793132036015,0.43988215271520714,0.06535947712418301,20,306
9854,0.023501017363458068,0.0708922779815691,0.4158603995938273,0.0784313725490196,24,306
9855,0.023870878388678053,0.06690481864007444,0.4102451337938531,0.06209150326797386,19,306
9856,0.024059326650610356,0.06899105107220456,0.4214470616839004,0.0915032679738562,28,306
9857,0.025305611890334482,0.0723258116713395,0.4440332661146151,0.0915032679738562,28,306
9858,0.02514054480159876,0.07116338203825812,0.4324308862859513,0.07516339869281045,23,306
9859,0.02583114579832689,0.07323868699250778,0.4432359377011198,0.0784313725490196,24,306
9860,0.02612381025384436,0.06849045726506542,0.43221099526608603,0.06862745098039216,21,306
9861,0.025050825811203013,0.0706003538378294,0.4297171093090774,0.08496732026143791,26,306
9862,0.02562131632479318,0.06755070367656356,0.4266386350309635,0.07516339869281045,23,306
9863,0.025581308998583505,0.0747608337911255,0.442009553639107,0.08169934640522876,25,306
9864,0.024726609226434874,0.07401398064495003,0.4394262810886572,0.0718954248366013,22,306
9865,0.026558323547683723,0.07493707333618492,0.4550707226727307,0.09477124183006536,29,306
9866,0.02337731283036214,0.07571422153899357,0.43259535761788304,0.08496732026143791,26,306
9867,0.024966184267132922,0.06951300805185323,0.4271570772729223,0.0718954248366013,22,306
9868,0.024255026353322818,0.07019885648799457,0.42748065674117935,0.049019607843137254,15,306
9869,0.02315004960874032,0.06834893200418286,0.41898177943679293,0.09477124183006536,29,306
9870,0.026317597857286594,0.07189053699551838,0.4493696457430529,0.06535947712418301,20,306
9871,0.02421543399919121,0.07007340260594021,0.42588599991418885,0.0915032679738562,28,306
9872,0.026709688106752796,0.07145213819676953,0.4470867121465654,0.0784313725490196,24,306
9873,0.025610871249704386,0.07141120463310893,0.43996975157677953,0.08496732026143791,26,306
9874,0.022763550649329098,0.06672766742134334,0.40523054590180346,0.07516339869281045,23,306
9875,0.024702085460440733,0.06849355448739383,0.4238837402211067,0.06209150326797386,19,306
9876,0.023343941153178036,0.07039297745332752,0.4174943865219319,0.08823529411764706,27,306
9877,0.025750227561543812,0.07072389943763874,0.4389292916291243,0.06209150326797386,19,306
9878,0.02498185937567351,0.06292707117072424,0.41138391899429355,0.06862745098039216,21,306
9879,0.024592937235283236,0.06814386508020985,0.4260862258834971,0.08496732026143791,26,306
9880,0.023793717427889972,0.07217913290235611,0.42985297693110797,0.08169934640522876,25,306
9881,0.02437429114005566,0.06914078422640928,0.4267387480156176,0.07516339869281045,23,306
9882,0.025776210182338864,0.06999351540324823,0.443639965103474,0.07516339869281045,23,306
9883,0.025521652090678783,0.06689017743835687,0.4296169963244233,0.06535947712418301,20,306
9884,0.024018048511171394,0.06989920225767174,0.42679595543542,0.08169934640522876,25,306
9885,0.02509447282633489,0.06949147978684299,0.42472218646758486,0.0718954248366013,22,306
9886,0.024205583490819676,0.07042400406104588,0.42323121808898617,0.058823529411764705,18,306
9887,0.026375458626412968,0.07120217417698409,0.44198988858854993,0.08169934640522876,25,306
9888,0.02494333747743883,0.06920508907107548,0.43009253300153033,0.07516339869281045,23,306
9889,0.02358491046482005,0.0669108444434069,0.41344696157091576,0.08496732026143791,26,306
9890,0.023245202479313942,0.06739871998531255,0.4155368201255703,0.07516339869281045,23,306
9891,0.024317157008376115,0.06827322262153217,0.4222443900973956,0.0784313725490196,24,306
9892,0.025724374592572305,0.07261327311245323,0.4424976044392958,0.0784313725490196,24,306
9893,0.025098646311030433,0.07152429551161858,0.43124740778879017,0.0718954248366013,22,306
9894,0.025462329711094727,0.07646082577708334,0.451078717409648,0.10130718954248366,31,306
9895,0.025000298570333052,0.06792319834828957,0.4296795669398321,0.06535947712418301,20,306
9896,0.02287951505455535,0.06543663316741824,0.4037896340155318,0.08169934640522876,25,306
9897,0.02453432157423436,0.07382205543963195,0.43649797628752446,0.0915032679738562,28,306
9898,0.0266817267485013,0.07611604409626649,0.4528056663949314,0.08169934640522876,25,306
9899,0.0249525061687782,0.06758220758688677,0.42375859899028906,0.10130718954248366,31,306
9900,0.025694806378147788,0.06936004003649134,0.43439202814605055,0.08169934640522876,25,306
9901,0.023554281901182573,0.06830560185502169,0.42847821112398277,0.07516339869281045,23,306
9902,0.0254566079946215,0.07653239045643834,0.4482880679624147,0.06209150326797386,19,306
9903,0.0247141842807328,0.07584237723019994,0.43492298451109107,0.08169934640522876,25,306
9904,0.023118311965698173,0.06492762061705191,0.4090241129274467,0.0718954248366013,22,306
9905,0.024267733407518356,0.07008374745761511,0.42611661732526707,0.06209150326797386,19,306
9906,0.023917293639993127,0.06700451398816115,0.42156326425537394,0.0784313725490196,24,306
9907,0.023805098732379976,0.06260528671335377,0.41249410048483287,0.0718954248366013,22,306
9908,0.02536498134833449,0.07299322704022931,0.44029333104503654,0.07516339869281045,23,306
9909,0.024305393130985422,0.06677403498533079,0.42064615780666753,0.06862745098039216,21,306
9910,0.02640306727569116,0.0794112354269657,0.4534224338896755,0.08169934640522876,25,306
9911,0.024547610747621677,0.07312971779859366,0.4302659429928062,0.07516339869281045,23,306
9912,0.024224496862287045,0.06902142116715852,0.4244522389553925,0.06209150326797386,19,306
9913,0.02516789198187847,0.07195039235416346,0.4394548847985584,0.0718954248366013,22,306
9914,0.024906554171542732,0.06958389990819375,0.43321212511262713,0.0718954248366013,22,306
9915,0.024506142682466984,0.07200276109883283,0.43107757326125196,0.0718954248366013,22,306
9916,0.023525063771474855,0.07032240137759142,0.4214738776619328,0.0784313725490196,24,306
9917,0.024430005383961756,0.06825528477229238,0.42077129903748517,0.049019607843137254,15,306
9918,0.023952156259784262,0.06752772289110105,0.4191587648918065,0.0718954248366013,22,306
9919,0.024071393721802965,0.07190478520266667,0.43226105175841306,0.0718954248366013,22,306
9920,0.025494575056514118,0.07089749967863068,0.43655697143919564,0.08169934640522876,25,306
9921,0.023113500942823703,0.06790055479008658,0.40883461334935145,0.08496732026143791,26,306
9922,0.02547817752468484,0.06941233281419462,0.4334230774731483,0.058823529411764705,18,306
9923,0.02455083548907908,0.06190254952712117,0.4163538135896226,0.08823529411764706,27,306
9924,0.023471973901200295,0.06834268246142593,0.41689192088213844,0.06535947712418301,20,306
9925,0.02434448245377949,0.06767811013231226,0.4255087884898671,0.0718954248366013,22,306
9926,0.024367527574396784,0.0685645294233563,0.41904613778407057,0.058823529411764705,18,306
9927,0.025052425706729147,0.07041159160970027,0.4354110353112799,0.0915032679738562,28,306
9928,0.022845356598842907,0.06631708310041116,0.4091760701362967,0.06535947712418301,20,306
9929,0.024338905564677518,0.06993946576565191,0.4295168833397692,0.08823529411764706,27,306
9930,0.024440958031596897,0.06656020735594646,0.424568441526866,0.08823529411764706,27,306
9931,0.024688894341535275,0.07056529662237238,0.4258591839361565,0.058823529411764705,18,306
9932,0.024350577351865077,0.07018617942481048,0.42593784413838476,0.0784313725490196,24,306
9933,0.02563398282047055,0.0726041705598164,0.441492899129017,0.08169934640522876,25,306
9934,0.023830755186920894,0.06715408394751372,0.4180146164957595,0.05555555555555555,17,306
9935,0.024755737866727214,0.07197639498986504,0.43155847313396545,0.08496732026143791,26,306
9936,0.02374521085292895,0.06581953989297129,0.4132681883840334,0.07516339869281045,23,306
9937,0.02557690593338631,0.07108030271191762,0.43651585360621276,0.09477124183006536,29,306
9938,0.024292807069388425,0.07420582817400777,0.4378441383847485,0.0915032679738562,28,306
9939,0.02532976438189506,0.07153113487302884,0.43810514723759675,0.0784313725490196,24,306
9940,0.025188303850489997,0.0699355895113645,0.42978861858383033,0.06862745098039216,21,306
9941,0.024853022379098373,0.06806773389713949,0.42730545901803463,0.0784313725490196,24,306
9942,0.025221597621310293,0.07086652797566319,0.438325038257462,0.08496732026143791,26,306
9943,0.02292881010960841,0.06469453709905275,0.40865405243060027,0.06535947712418301,20,306
9944,0.024311645051643852,0.07064483367471797,0.4286891634845039,0.08169934640522876,25,306
9945,0.024589243376968144,0.06909096645274165,0.4310257290370561,0.08496732026143791,26,306
9946,0.023716669363126382,0.07118224436107871,0.4291432473791851,0.08169934640522876,25,306
9947,0.023045568859916557,0.070210024458243675,0.4167453268688949,0.06209150326797386,19,306
9948,0.024755010510552584,0.06734213054383299,0.41994536691408874,0.0784313725490196,24,306
9949,0.02300403729144181,0.06298839308521344,0.40499992849072525,0.08169934640522876,25,306
9950,0.025022426009920325,0.07376272849366564,0.4321466369188084,0.10784313725490197,33,306
9951,0.025180501069020998,0.07145309048552341,0.4344957165944423,0.09803921568627451,30,306
9952,0.025066144725884684,0.07156651470259968,0.43355715736331,0.10130718954248366,31,306
9953,0.02513359441849286,0.07357224251704497,0.4373149697515768,0.07516339869281045,23,306
9954,0.025659707127068707,0.065477054835703,0.4209411335650234,0.06209150326797386,19,306
9955,0.02396974578761146,0.06812549851902294,0.4213880665322292,0.05228758169934641,16,306
9956,0.02374446086404274,0.06817908766538797,0.4284710601965075,0.0784313725490196,24,306
9957,0.026729767336350636,0.07995847454816903,0.46544135524377517,0.06535947712418301,20,306
9958,0.024474400466954125,0.0677818605715568,0.42519057221721657,0.08169934640522876,25,306
9959,0.02435870005458879,0.06905273681836567,0.423252670871412,0.06862745098039216,21,306
9960,0.023734195091428933,0.0671091338465853,0.41771964073740364,0.0784313725490196,24,306
9961,0.024886413584819446,0.06764168020076865,0.42276819553496087,0.07516339869281045,23,306
9962,0.023836991074098098,0.06520109035771607,0.41331645714449167,0.07516339869281045,23,306
9963,0.02487907699645562,0.06991916023925367,0.43001208506743327,0.07516339869281045,23,306
9964,0.02443049927822853,0.06825972772388848,0.4255892364239642,0.0718954248366013,22,306
9965,0.02474276512255452,0.06772440430891043,0.4207999027473863,0.09803921568627451,30,306
9966,0.024264191398788583,0.06529598346826239,0.41606777649061083,0.08169934640522876,25,306
9967,0.024610603187870148,0.06755483868239112,0.4250904592325625,0.08496732026143791,26,306
9968,0.022606026492279038,0.06516898946850888,0.40031607099440797,0.0915032679738562,28,306
9969,0.02543320351140603,0.07458155825861873,0.4458567526208149,0.06535947712418301,20,306
9970,0.022952328332099394,0.06821362770973641,0.4098822242244819,0.06209150326797386,19,306
9971,0.02493668642274235,0.07176934182414145,0.439610417471146,0.08496732026143791,26,306
9972,0.024563797429619148,0.06897268984821259,0.42887508759886156,0.06209150326797386,19,306
9973,0.02372162990610978,0.06850464664302235,0.4165075585303414,0.0784313725490196,24,306
9974,0.025476636200676778,0.07269060913602218,0.4348675648231576,0.08496732026143791,26,306
9975,0.0258076925064705,0.0688744663577938,0.43529483273980635,0.08823529411764706,27,306
9976,0.0230162303512615,0.06758008710975502,0.41316807539937933,0.07516339869281045,23,306
9977,0.025597548522675526,0.07203424721103752,0.43706826275367916,0.08496732026143791,26,306
9978,0.02400526982143995,0.06636021634906246,0.4175480184779966,0.0915032679738562,28,306
9979,0.024896171184985504,0.0717909652081512,0.434579739992277,0.0718954248366013,22,306
9980,0.024610291921372516,0.07225640816849468,0.43444387237024645,0.058823529411764705,18,306
9981,0.023899563633282342,0.07104682833954047,0.42157577837845567,0.06862745098039216,21,306
9982,0.023416197627003362,0.06951500080737005,0.4203905121494258,0.08496732026143791,26,306
9983,0.023690506118058757,0.06885732568886377,0.4200937486592011,0.09477124183006536,29,306
9984,0.023925540994621887,0.07087312035319569,0.42721249696085584,0.07516339869281045,23,306
9985,0.02578491715795605,0.07356922929304695,0.4451327212139415,0.08169934640522876,25,306
9986,0.024231296604564447,0.06795348848795141,0.4205692853363081,0.06535947712418301,20,306
9987,0.025615319077772813,0.06975537602083372,0.4350481257419087,0.06209150326797386,19,306
9988,0.02398653416485384,0.0673322940782353,0.4176534946582572,0.08823529411764706,27,306
9989,0.023872454767479658,0.06785939868922708,0.41775718310664894,0.09803921568627451,30,306
9990,0.025590364380706523,0.07399326837356925,0.4419255302412723,0.10130718954248366,31,306
9991,0.024943509406183756,0.06976141794903114,0.42859798915919395,0.06535947712418301,20,306
9992,0.022429555579792877,0.06667185176555349,0.4025721886128631,0.07516339869281045,23,306
9993,0.025075902335712736,0.06712549084046576,0.42381938187382906,0.0784313725490196,24,306
9994,0.02492276372148116,0.07125030385108136,0.43769039344402966,0.042483660130718956,13,306
9995,0.0238798674646603,0.06465483169427334,0.4109959811787589,0.09477124183006536,29,306
9996,0.024759279856977692,0.0682104963975979,0.4201008995866764,0.08169934640522876,25,306
9997,0.024777428804446826,0.07425113410709822,0.4348765034825017,0.08169934640522876,25,306
9998,0.02429872119783564,0.06509830533099897,0.41770891434619073,0.058823529411764705,18,306
9999,0.025669452966305756,0.07070058449913841,0.43644076886772215,0.0718954248366013,22,306
10000,0.02320798642880343,0.06548098944789381,0.41368472990946925,0.08169934640522876,25,306
