gene,is_hsp60_10_client,protein_late_effect,protein_collapse_magnitude,matching_abundance,inverse_braak_magnitude,agora_nominated_target,collapse_rank,inverse_braak_rank,pathology_vulnerability_score,abundance_bin
AARS2,TRUE,-0.02522439587211385,0.02522439587211385,0.11585676665797322,0.057121395944926844,FALSE,0.5142231947483589,0.5010940919037199,0.5076586433260394,8
ABHD10,TRUE,-0.031144062729941968,0.031144062729941968,-0.2395478247006027,0.10686052253851036,FALSE,0.5995623632385121,0.6717724288840262,0.6356673960612691,2
ABHD11,TRUE,-0.049412063393683946,0.049412063393683946,0.07840121710074247,0.08453113248975146,FALSE,0.8183807439824945,0.5754923413566739,0.6969365426695842,7
ACAA2,TRUE,-0.03738031303616193,0.03738031303616193,-0.18063391405290977,0.35230164429499816,FALSE,0.675054704595186,0.9989059080962801,0.8369803063457331,3
ACAD9,TRUE,-0.0841582433606745,0.0841582433606745,0.11736140066811834,0.17930982946479618,FALSE,0.9912472647702407,0.8643326039387308,0.9277899343544858,8
ACADVL,TRUE,-0.04790325539102626,0.04790325539102626,-0.05755408020453986,0.03649306247704946,FALSE,0.7964989059080962,0.42669584245076586,0.611597374179431,4
ACAT1,TRUE,0.005612943805647324,0,0.010825442341723371,0.0623234040550455,FALSE,0,0.5175054704595186,0.2587527352297593,6
ACO2,TRUE,-0.028158328643682562,0.028158328643682562,-0.3843805315034,0.08844726157874845,TRUE,0.5547045951859956,0.5919037199124726,0.5733041575492341,1
ACOT13,TRUE,-0.04226097694824472,0.04226097694824472,-0.021683820107654735,0.16003765154974617,FALSE,0.7396061269146608,0.8194748358862144,0.7795404814004376,5
ACSF3,TRUE,-0.017073424598392728,0.017073424598392728,0.15356111165155964,0.07483024727458147,FALSE,0.3949671772428884,0.5536105032822757,0.474288840262582,9
ADCK3,TRUE,0.00832877906096377,0,-0.13040675147036945,0.035375022448642955,FALSE,0,0.4223194748358862,0.2111597374179431,3
ADCK4,TRUE,0.017168523246732736,0,0.08520063841524278,0.08553319073484911,FALSE,0,0.5820568927789934,0.2910284463894967,7
AFG3L2,TRUE,-0.043628799462532605,0.043628799462532605,0.04836907628752306,0.08475798288854572,FALSE,0.7571115973741794,0.5776805251641138,0.6673960612691466,7
AIFM1,TRUE,-0.02880063504311786,0.02880063504311786,-0.3600510892541546,0.1320421063842832,TRUE,0.562363238512035,0.7385120350109409,0.6504376367614879,2
AK2,TRUE,-0.01694297808719819,0.01694297808719819,-0.16800816932912607,0.1515920063783936,FALSE,0.3905908096280088,0.7910284463894968,0.5908096280087528,3
AK3,TRUE,-0.029381369880281588,0.029381369880281588,0.2471079392984482,0.010103454990956303,FALSE,0.5700218818380745,0.3358862144420131,0.4529540481400438,10
AK4,TRUE,0.0034759670451673663,0,0.20003530299796835,0,TRUE,0,0,0,9
AKR7A2,TRUE,0.013801135388947783,0,-0.17572289401516364,0,FALSE,0,0,0,3
ALDH18A1,TRUE,-0.016267529763069465,0.016267529763069465,-0.04757799391961615,0,FALSE,0.38293216630196936,0,0.19146608315098468,5
ALDH1B1,TRUE,-0.1156341717451766,0.1156341717451766,-0.38302754223777497,0,FALSE,0.9978118161925602,0,0.4989059080962801,2
ALDH2,TRUE,-0.026637517560780866,0.026637517560780866,-0.4466539576186764,0.23047586370565898,FALSE,0.5284463894967177,0.9463894967177243,0.737417943107221,1
ALDH5A1,TRUE,-0.038635769543536765,0.038635769543536765,0.06581887706955594,0.010188976258091946,FALSE,0.6892778993435449,0.33807439824945296,0.5136761487964989,7
ALDH7A1,TRUE,0.002873477986497397,0,-1.6747989259333451,0.019131853174963003,FALSE,0,0.3741794310722101,0.18708971553610504,1
ALDH9A1,TRUE,0.04827561028254332,0,0.10313380965877313,0.0655069417555689,FALSE,0,0.5229759299781181,0.2614879649890591,8
ALYREF,TRUE,-0.005244708743570553,0.005244708743570553,-0.13732942788602887,0.07095050314558145,FALSE,0.2735229759299781,0.5404814004376368,0.40700218818380746,3
ARL2,TRUE,0.017502666737808936,0,-0.03451612812779936,0.03853971223618317,FALSE,0,0.4365426695842451,0.21827133479212255,5
ATAD3A,TRUE,-0.04791585244324555,0.04791585244324555,-0.006464371146477341,0.07746147931241222,FALSE,0.7975929978118161,0.562363238512035,0.6799781181619255,5
ATP5D,TRUE,-0.03208226650195198,0.03208226650195198,0.0719615049312719,0,FALSE,0.611597374179431,0,0.3057986870897155,7
ATP5F1,TRUE,-0.02002453452100096,0.02002453452100096,0.07068326347595152,0.028147921334211515,FALSE,0.43982494529540483,0.3993435448577681,0.4195842450765864,7
ATP5F1A,TRUE,-0.026634220449759438,0.026634220449759438,-0.1828209959344169,0.165432009491578,FALSE,0.5273522975929978,0.838074398249453,0.6827133479212254,3
ATP5F1B,TRUE,-0.022819146957156033,0.022819146957156033,-0.8524105322769369,0.12442697746777191,FALSE,0.486870897155361,0.7231947483588621,0.6050328227571116,1
ATP5F1C,TRUE,0.024893395336498703,0,-1.5778748612669566,0.052450910452844314,FALSE,0,0.48468271334792123,0.24234135667396062,1
ATP5H,TRUE,-0.03214339418421058,0.03214339418421058,-0.3509040590925873,0.015753250259028906,FALSE,0.612691466083151,0.3610503282275711,0.486870897155361,2
ATP5J2-PTCD1,TRUE,0.007724389612823401,0,-3.722438355901035,0.019173939334976485,FALSE,0,0.37636761487964987,0.18818380743982493,1
ATP5L,TRUE,-0.03278596629100344,0.03278596629100344,0.3560070479026138,0.021602076808455974,FALSE,0.6225382932166302,0.38293216630196936,0.5027352297592997,10
ATP5O,TRUE,-0.027893440118692422,0.027893440118692422,0.07741112168997077,0.033787221878262386,FALSE,0.5481400437636762,0.4201312910284464,0.4841356673960613,7
BCAT2,TRUE,-0.05051758116984978,0.05051758116984978,0.12422078909801199,0.20090380627948276,FALSE,0.8315098468271335,0.9026258205689278,0.8670678336980306,8
BCKDHB,TRUE,-0.0658436035224699,0.0658436035224699,-0.2509574297811825,0.2962929322363325,FALSE,0.9442013129102844,0.9890590809628008,0.9666301969365426,2
BCKDK,TRUE,-0.0323462284611849,0.0323462284611849,-0.4712094466030995,0.20931070179829026,TRUE,0.6170678336980306,0.9157549234135668,0.7664113785557987,1
BCS1L,TRUE,-0.02263212889208653,0.02263212889208653,0.05735852570550014,0.06227084490922371,FALSE,0.48358862144420134,0.5153172866520788,0.49945295404814005,7
C1QBP,TRUE,-0.030084027635434607,0.030084027635434607,-0.6854167005627493,0.0800042999816182,FALSE,0.5798687089715536,0.5645514223194749,0.5722100656455142,1
CARS2,TRUE,0.005998348299005012,0,-0.028370235170875335,0,FALSE,0,0,0,5
CBR4,TRUE,-0.03466671020014264,0.03466671020014264,0.2206410930447129,0.08681404445282065,FALSE,0.6498905908096279,0.5853391684901532,0.6176148796498906,9
CCDC90B,TRUE,0.004661003341139697,0,0.06098828471309651,0,FALSE,0,0,0,7
CCT3,TRUE,0.01681874478816736,0,-0.1844860984625048,0.010926024406555363,FALSE,0,0.34245076586433254,0.17122538293216627,3
CCT6A,TRUE,0.0073104749211445885,0,-0.13551421081520962,0,FALSE,0,0,0,3
CECR5,TRUE,-0.023662728225163673,0.023662728225163673,0.008280844485094873,0.010550425376156124,FALSE,0.4945295404814004,0.3402625820568928,0.41739606126914663,6
CHCHD1,TRUE,-0.04563288928977438,0.04563288928977438,0.16263608912900787,0,FALSE,0.7768052516411379,0,0.38840262582056895,9
CLPP,TRUE,0.026546207298203006,0,-0.09228183455532508,0,FALSE,0,0,0,4
CLPX,TRUE,-0.005373994946220595,0.005373994946220595,-0.08691854924238857,0.04565127912325366,FALSE,0.27571115973741794,0.4551422319474836,0.3654266958424508,4
CNP,TRUE,0.05782852788386315,0,0.012378387252277212,0.007184332074547565,TRUE,0,0.3249452954048139,0.16247264770240696,6
COX4I1,TRUE,-0.04476525436537804,0.04476525436537804,-0.29793366865427573,0.10320989845509397,TRUE,0.7658643326039387,0.6586433260393874,0.712253829321663,2
COX7A2L,TRUE,-0.051309230108599724,0.051309230108599724,0.4000927197508753,0.07337593670510548,FALSE,0.8424507658643328,0.550328227571116,0.6963894967177244,10
CPOX,TRUE,-0.008650833505994653,0.008650833505994653,-0.016586726160886522,0.01903235283969396,FALSE,0.30306345733041573,0.3730853391684901,0.33807439824945296,5
CPT2,TRUE,-0.058242774690515274,0.058242774690515274,-0.027506630002030772,0,FALSE,0.8851203501094091,0,0.4425601750547046,5
CRYZ,TRUE,0.01313802839524843,0,-0.04856957227825297,0,FALSE,0,0,0,5
CS,TRUE,-0.018682108669887232,0.018682108669887232,0.42075045146708256,0,TRUE,0.41575492341356673,0,0.20787746170678337,10
CYC1,TRUE,-0.04498380639848438,0.04498380639848438,0.08817217630134565,0.1333797090672168,FALSE,0.7702407002188184,0.7428884026258206,0.7565645514223195,7
DAP3,TRUE,-0.07446188942393867,0.07446188942393867,-0.24623111102861278,0.25891713220663565,TRUE,0.9704595185995624,0.9726477024070022,0.9715536105032823,2
DARS2,TRUE,-0.016055920820170766,0.016055920820170766,-0.1008018475174121,0,FALSE,0.38074398249452956,0,0.19037199124726478,4
DCXR,TRUE,-0.025217387533752356,0.025217387533752356,0.1806252898460899,0.023951309311088104,FALSE,0.5120350109409191,0.3862144420131291,0.44912472647702406,9
DHX30,TRUE,-6.119310424713142e-4,6.119310424713142e-4,0.13293442978878506,0,FALSE,0.21553610503282275,0,0.10776805251641138,8
DLAT,TRUE,-0.04595667064713871,0.04595667064713871,-0.48465324432570855,0.16174678664587777,TRUE,0.7811816192560176,0.8271334792122538,0.8041575492341357,1
DLD,TRUE,-0.05709588553444156,0.05709588553444156,-0.20664377345662197,0.0995837301537773,TRUE,0.8774617067833698,0.6356673960612691,0.7565645514223194,2
DLST,TRUE,-0.02835226983629552,0.02835226983629552,-0.31937210853924786,0.16340332430450286,FALSE,0.5557986870897156,0.8336980306345733,0.6947483588621444,2
DNAJA3,TRUE,-0.005960367921736293,0.005960367921736293,-0.15775053881968937,0,FALSE,0.2833698030634573,0,0.14168490153172866,3
EARS2,TRUE,-0.008634794528231349,0.008634794528231349,0.16560306128565788,0,FALSE,0.30196936542669583,0,0.15098468271334792,9
ECH1,TRUE,-0.010534028817334257,0.010534028817334257,-0.22786831557861797,0.1728348446870852,FALSE,0.31400437636761486,0.8533916849015317,0.5836980306345733,2
ECHDC1,TRUE,-0.01998574528761299,0.01998574528761299,0.018100327806765744,0,FALSE,0.4387308533916849,0,0.21936542669584244,6
ECHS1,TRUE,-0.04937241655194825,0.04937241655194825,-0.10329649534107564,0.17073620303237655,FALSE,0.8172866520787746,0.8512035010940919,0.8342450765864333,3
ECI1,TRUE,0.002219134709055881,0,-0.3088230923989373,0.1610625070554451,FALSE,0,0.8238512035010941,0.41192560175054704,2
ECI2,TRUE,-0.04405107445825557,0.04405107445825557,-0.41736684191636975,0.12854699215875984,FALSE,0.7582056892778993,0.7308533916849015,0.7445295404814004,1
EEF1A1,TRUE,0.02340778530321419,0,-1.0739468392157847,0,FALSE,0,0,0,1
EEF1B2,TRUE,-0.03928556585449247,0.03928556585449247,-0.19207110723735876,0.02407631214626988,FALSE,0.7013129102844639,0.38840262582056895,0.5448577680525164,2
ENO1,TRUE,0.08802635693471372,0,-0.9716418710481398,0,TRUE,0,0,0,1
ERAL1,TRUE,0.005060295179994165,0,-0.038191215193084126,0.11113352606316941,FALSE,0,0.687089715536105,0.3435448577680525,5
ETFA,TRUE,-0.04275578277271748,0.04275578277271748,-0.07821218729532872,0.08781659943438114,TRUE,0.7450765864332604,0.5886214442013129,0.6668490153172866,4
ETFB,TRUE,-0.029507490718108154,0.029507490718108154,0.2973181041059963,0.005327312544932989,FALSE,0.5722100656455142,0.3172866520787746,0.4447483588621444,10
FAHD1,TRUE,-0.04481134833089312,0.04481134833089312,-0.3192138786862101,0.08282943948759017,FALSE,0.7669584245076586,0.5733041575492341,0.6701312910284464,2
FASTKD5,TRUE,-0.062286310897947006,0.062286310897947006,0.05671641027901268,0.09417377096217215,FALSE,0.9223194748358862,0.6181619256017505,0.7702407002188183,7
FDXR,TRUE,-0.013044189686690175,0.013044189686690175,0.04348878158413102,0,FALSE,0.3435448577680525,0,0.17177242888402625,6
FECH,TRUE,0.003932835237801163,0,-0.0871372087346188,0.010512927067417964,FALSE,0,0.33916849015317285,0.16958424507658643,4
FH,TRUE,-0.025270559226460237,0.025270559226460237,-0.1837218907049504,0.0763826884498046,FALSE,0.5153172866520788,0.5579868708971554,0.5366520787746171,3
FLAD1,TRUE,-0.04501600752012652,0.04501600752012652,0.33198341406828996,0.048760907904791456,FALSE,0.7713347921225383,0.46936542669584247,0.6203501094091903,10
FOXRED1,TRUE,-0.07021238905005459,0.07021238905005459,-0.06310151751492067,0.13476615254890573,FALSE,0.9562363238512035,0.7472647702407003,0.8517505470459519,4
GADD45GIP1,TRUE,-0.028990525086970254,0.028990525086970254,-0.16252654229217534,0.14672960140454192,FALSE,0.5656455142231948,0.7822757111597373,0.673960612691466,3
GAPDH,TRUE,0.029746443824570812,0,-0.7912052344657661,0,TRUE,0,0,0,1
GCAT,TRUE,0.0455904298785578,0,-0.2463490106457568,0.015177089378609558,FALSE,0,0.35776805251641136,0.17888402625820568,2
GFM1,TRUE,-0.031663310110907894,0.031663310110907894,-0.1996464866638626,0.05778740852021816,FALSE,0.6061269146608315,0.5043763676148797,0.5552516411378556,2
GFM2,TRUE,0.04476866778989924,0,-0.09368015970920199,0.18465644577379123,FALSE,0,0.8730853391684902,0.4365426695842451,4
GLDC,TRUE,-0.0351316689859059,0.0351316689859059,-0.05258789886420139,0.21554438140454124,FALSE,0.6586433260393874,0.9223194748358862,0.7904814004376368,5
GLRX5,TRUE,0.015784802484556854,0,0.08418057773681094,0,FALSE,0,0,0,7
GLS,TRUE,-0.02454732485211819,0.02454732485211819,-0.7549361209377644,0.058994744569374945,FALSE,0.5043763676148797,0.5076586433260394,0.5060175054704595,1
GLUD1,TRUE,-0.0019038521875981707,0.0019038521875981707,-0.1875505827383956,0.023699092000653035,FALSE,0.23085339168490154,0.3851203501094092,0.3079868708971554,3
GNG12,TRUE,0.09556486178208912,0,-0.5203067857356095,0,FALSE,0,0,0,1
GOT2,TRUE,-0.011708655108860877,0.011708655108860877,0.11793968715852103,0.0705994780407289,FALSE,0.3282275711159738,0.5382932166301969,0.43326039387308535,8
GPT2,TRUE,-0.022059358818448255,0.022059358818448255,0.114545530599457,0.1391691014661543,FALSE,0.4704595185995623,0.7636761487964989,0.6170678336980306,8
GRPEL1,TRUE,-0.01707305243352182,0.01707305243352182,0.03691221855990452,0.08563822556131599,FALSE,0.39387308533916854,0.5831509846827133,0.4885120350109409,6
GRSF1,TRUE,-0.02048739696869628,0.02048739696869628,-0.38768493017976957,0.26840843053842867,FALSE,0.4485776805251641,0.9824945295404813,0.7155361050328227,1
GSR,TRUE,-0.004645575310558883,0.004645575310558883,-0.11852562893930256,0.05736785875652024,FALSE,0.26805251641137856,0.5021881838074398,0.38512035010940915,3
GSTK1,TRUE,-0.03377232786562079,0.03377232786562079,-0.3888718154363608,0.2680137528858115,TRUE,0.6345733041575492,0.9814004376367614,0.8079868708971554,1
GUF1,TRUE,-0.005367612867960135,0.005367612867960135,-0.06265019570962493,0,FALSE,0.27461706783369805,0,0.13730853391684902,4
HADH,TRUE,-0.025004610064047895,0.025004610064047895,-0.041896821724293286,0.20874060092276386,FALSE,0.5109409190371991,0.912472647702407,0.711706783369803,5
HADHA,TRUE,-0.024400165101832294,0.024400165101832294,-0.26727495922564387,0.09849237874708587,FALSE,0.5032822757111597,0.6301969365426696,0.5667396061269147,2
HADHB,TRUE,-0.03082793504115449,0.03082793504115449,0.003331524516667072,0.11396179459146902,FALSE,0.5951859956236324,0.6936542669584245,0.6444201312910285,6
HAGH,TRUE,-0.0028298700362539495,0.0028298700362539495,0.054693315614044384,0.0388195514948133,FALSE,0.24945295404814005,0.437636761487965,0.34354485776805255,7
HARS,TRUE,-0.013689517890208103,0.013689517890208103,-0.034195096148954704,0.16072850995519558,FALSE,0.35229759299781177,0.8216630196936543,0.5869803063457331,5
HARS2,TRUE,-0.0202414548842752,0.0202414548842752,0.12613488919866878,0.04644904377752835,FALSE,0.4420131291028446,0.4606126914660831,0.45131291028446385,8
HIBCH,TRUE,-0.06607139886642839,0.06607139886642839,-0.07025555645367007,0,FALSE,0.9452954048140044,0,0.4726477024070022,4
HINT2,TRUE,0.00668609918156636,0,-0.12793413466704345,0,FALSE,0,0,0,3
HSD17B10,TRUE,-0.022496582157841005,0.022496582157841005,-0.002513388135451875,0,FALSE,0.48030634573304165,0,0.24015317286652083,6
HSD17B8,TRUE,-0.028580220404762754,0.028580220404762754,0.07602649300586603,0.09969529244865824,FALSE,0.5601750547045952,0.6367614879649891,0.5984682713347922,7
HSP90AA1,TRUE,-0.001053716206008179,0.001053716206008179,0.07861194351635789,0,FALSE,0.2210065645514223,0,0.11050328227571116,7
HSP90AB1,TRUE,-6.574099568985581e-4,6.574099568985581e-4,0.019810598446155996,0,FALSE,0.21663019693654267,0,0.10831509846827134,6
HSPA5,TRUE,-0.01142400657710338,0.01142400657710338,-0.12077002410898051,0.04302453419569864,FALSE,0.32603938730853393,0.4485776805251641,0.38730853391684905,3
HSPA9,TRUE,-0.021744024788093397,0.021744024788093397,-0.211234841519966,0.06594973454007069,FALSE,0.462800875273523,0.5251641137855579,0.49398249452954046,2
IARS2,TRUE,-0.02885439139124439,0.02885439139124439,-0.049922485607406766,0.07819567755182734,FALSE,0.5645514223194749,0.563457330415755,0.5640043763676149,5
IBA57,TRUE,-0.0045272810782525374,0.0045272810782525374,-0.07098067719649921,0,FALSE,0.26695842450765866,0,0.13347921225382933,4
ICT1,TRUE,-0.04887701283929666,0.04887701283929666,-0.15729697242925014,0.1908036397833485,FALSE,0.8074398249452954,0.887308533916849,0.8473741794310723,3
IDH2,TRUE,-0.0721653997446654,0.0721653997446654,-0.543578923116775,0.2668084209471427,TRUE,0.9638949671772429,0.9803063457330415,0.9721006564551422,1
IDH3A,TRUE,-0.05156021391123633,0.05156021391123633,-0.6133811070684446,0.15488227439797025,FALSE,0.8446389496717724,0.8030634573304156,0.8238512035010941,1
IDH3G,TRUE,-0.03389724281738571,0.03389724281738571,-0.572056195180461,0.06919683192587944,FALSE,0.6367614879649891,0.5339168490153173,0.5853391684901532,1
IGHG2,TRUE,0.11901984656432563,0,-0.955595553286403,0,FALSE,0,0,0,1
IMMT,TRUE,-0.03425463864347933,0.03425463864347933,-0.26307239158528084,0.07196140097431283,TRUE,0.6487964989059081,0.5437636761487965,0.5962800875273523,2
KIAA0391,TRUE,-0.0417472626731142,0.0417472626731142,-0.04374554090504972,0.12291826277622368,FALSE,0.7308533916849015,0.7188183807439824,0.724835886214442,5
KPNB1,TRUE,0.009494764556138735,0,-0.30911949726680654,0,TRUE,0,0,0,2
LAP3,TRUE,-0.013998063303455122,0.013998063303455122,0.01696171510291177,0.03659109259138668,FALSE,0.3610503282275711,0.42778993435448576,0.39442013129102843,6
LETM1,TRUE,-0.02362296403906572,0.02362296403906572,-0.07743481355213858,0.08241409973677855,FALSE,0.4934354485776805,0.5711159737417943,0.5322757111597374,4
LONP1,TRUE,-0.034894821572066775,0.034894821572066775,-0.08069894580742185,0.10633109951603935,FALSE,0.6553610503282276,0.6706783369803062,0.6630196936542669,4
LRPPRC,TRUE,-0.09530901946717316,0.09530901946717316,-0.03722638616394135,0.3053411401455313,TRUE,0.9945295404814004,0.9923413566739606,0.9934354485776805,5
LYRM7,TRUE,-0.034180475362888166,0.034180475362888166,0.013406146287453631,0.08259206971999623,FALSE,0.6444201312910285,0.5722100656455142,0.6083150984682714,6
MARS2,TRUE,0.008030274973365885,0,-0.0669062016051295,0,FALSE,0,0,0,4
MCCC2,TRUE,-0.01928356064750681,0.01928356064750681,-0.042881647014159655,0.11323758599278745,FALSE,0.42669584245076586,0.6914660831509846,0.5590809628008753,5
MDH2,TRUE,-0.014711825710859383,0.014711825710859383,-0.44679395613059725,0.16335374240060918,TRUE,0.3687089715536105,0.8326039387308534,0.600656455142232,1
ME2,TRUE,-0.03306773663220758,0.03306773663220758,0.06239344487806779,0.12426570987927077,FALSE,0.62472647702407,0.7210065645514223,0.6728665207877462,7
METTL17,TRUE,0.00797376323979651,0,0.19524021825932641,0,FALSE,0,0,0,9
MIPEP,TRUE,-0.038455021468942,0.038455021468942,0.013134443196200276,0,FALSE,0.6859956236323851,0,0.34299781181619254,6
MMAB,TRUE,0.043704611699812754,0,-0.03819823557366433,0.04839193196385506,FALSE,0,0.46717724288840257,0.23358862144420128,5
MOGS,TRUE,0.012164922021380177,0,0.041520012225556686,0,FALSE,0,0,0,6
MRPL10,TRUE,-0.06450034813135669,0.06450034813135669,0.12268282717612267,0.20891960364515993,FALSE,0.937636761487965,0.9146608315098468,0.9261487964989059,8
MRPL13,TRUE,-0.018391059652230198,0.018391059652230198,0.007078462919965048,0.004878278324349884,FALSE,0.412472647702407,0.31400437636761486,0.3632385120350109,6
MRPL14,TRUE,-0.05872414746247742,0.05872414746247742,-0.18659577666851837,0.11040767885295301,TRUE,0.8916849015317286,0.6849015317286651,0.7882932166301968,3
MRPL15,TRUE,-0.0648576189962478,0.0648576189962478,-0.04013204894288206,0.2085149939617234,TRUE,0.9387308533916849,0.9102844638949672,0.9245076586433261,5
MRPL16,TRUE,-0.03372330217635548,0.03372330217635548,0.127742050113182,0.09887545282827022,TRUE,0.6334792122538293,0.6323851203501094,0.6329321663019694,8
MRPL19,TRUE,-0.04213897892279643,0.04213897892279643,-0.13063922031421699,0.12759049642006562,FALSE,0.7385120350109409,0.7286652078774617,0.7335886214442013,3
MRPL22,TRUE,-0.042719179298223935,0.042719179298223935,-0.013054787314379432,0.17431814648757699,FALSE,0.7439824945295405,0.8577680525164113,0.8008752735229758,5
MRPL23,TRUE,-0.034212426068930935,0.034212426068930935,-0.708465467929424,0,FALSE,0.6466083150984683,0,0.32330415754923414,1
MRPL3,TRUE,-0.049123617263114594,0.049123617263114594,-0.41121314389548835,0.13169505189365116,FALSE,0.812910284463895,0.737417943107221,0.775164113785558,1
MRPL37,TRUE,-0.04112767142204739,0.04112767142204739,0.10454364259385074,0.18737872331156788,TRUE,0.7221006564551422,0.8796498905908097,0.8008752735229759,8
MRPL38,TRUE,-0.009629744941973897,0.009629744941973897,-0.09198981427398016,0.04741549667868959,FALSE,0.3096280087527352,0.4649890590809628,0.387308533916849,4
MRPL39,TRUE,-0.06087677078648065,0.06087677078648065,-0.007817830132936139,0.19175987115502358,TRUE,0.9037199124726477,0.8916849015317286,0.8977024070021882,5
MRPL4,TRUE,-0.021426125003561225,0.021426125003561225,-0.5445399505011066,0.010806677692011877,FALSE,0.4573304157549234,0.3413566739606127,0.399343544857768,1
MRPL44,TRUE,-0.054819818972775713,0.054819818972775713,-0.15553641599157336,0.15787447342502428,TRUE,0.8632385120350109,0.8107221006564551,0.8369803063457331,3
MRPL45,TRUE,-0.046511696732340284,0.046511696732340284,-0.06661443008528431,0.13080959275351886,FALSE,0.7866520787746171,0.7363238512035011,0.7614879649890591,4
MRPL47,TRUE,-0.07844004403111748,0.07844004403111748,-0.01160301265265294,0.1449132634564626,FALSE,0.9759299781181618,0.7778993435448578,0.8769146608315098,5
MRPL48,TRUE,-0.07177948289634045,0.07177948289634045,-0.057151293068379024,0.22475989559819445,TRUE,0.9595185995623632,0.937636761487965,0.9485776805251641,4
MRPL49,TRUE,-0.0567621834189542,0.0567621834189542,0.05365605105848585,0.1303371059765848,TRUE,0.8763676148796499,0.7352297592997812,0.8057986870897156,7
MRPL53,TRUE,-0.06120568696780926,0.06120568696780926,0.2356268346487258,0.16638745342886083,TRUE,0.9080962800875274,0.8413566739606126,0.87472647702407,10
MRPL9,TRUE,-0.06033470943576261,0.06033470943576261,-0.267329767451433,0.09999510431996823,FALSE,0.9004376367614878,0.6389496717724289,0.7696936542669583,2
MRPS12,TRUE,-0.06310677046907842,0.06310677046907842,0.19725852959218296,0.20796753389456854,FALSE,0.9277899343544856,0.9091903719912473,0.9184901531728664,9
MRPS15,TRUE,-0.053895724988567234,0.053895724988567234,0.010319348969959065,0.22538675094971297,TRUE,0.8588621444201313,0.9398249452954048,0.899343544857768,6
MRPS16,TRUE,-0.06735761519573848,0.06735761519573848,0.15463992188587283,0.25442591149385974,TRUE,0.9474835886214443,0.9682713347921225,0.9578774617067833,9
MRPS2,TRUE,-0.0558495318670731,0.0558495318670731,0.05336005847917872,0.2578350915388949,TRUE,0.8719912472647703,0.9715536105032823,0.9217724288840263,7
MRPS22,TRUE,-0.06188120948480408,0.06188120948480408,-0.23509746448541113,0.22532902479261177,TRUE,0.9168490153172867,0.9387308533916849,0.9277899343544858,2
MRPS23,TRUE,-0.07237049274423886,0.07237049274423886,-0.08310778749544559,0.21642779134220064,TRUE,0.9660831509846827,0.9245076586433261,0.9452954048140043,4
MRPS25,TRUE,-0.04924529022431817,0.04924529022431817,-0.09290893746610794,0.20744662865120275,FALSE,0.8150984682713349,0.9059080962800876,0.8605032822757113,4
MRPS26,TRUE,-0.033967007579688846,0.033967007579688846,0.28256269210735285,0.10581762502311295,FALSE,0.6400437636761488,0.6673960612691466,0.6537199124726477,10
MRPS27,TRUE,-0.06650335342016005,0.06650335342016005,0.031065048192898827,0.1364385728782605,FALSE,0.9463894967177243,0.7527352297592997,0.8495623632385121,6
MRPS30,TRUE,-0.04200080316880167,0.04200080316880167,0.24771356936936523,0.13712862561595596,FALSE,0.7341356673960613,0.7560175054704595,0.7450765864332605,10
MRPS31,TRUE,-0.041073600288374035,0.041073600288374035,-0.23976670308097994,0.1434504845087306,FALSE,0.7199124726477024,0.7724288840262582,0.7461706783369804,2
MRPS33,TRUE,-0.0798883755035763,0.0798883755035763,-0.17453490377428488,0.3254163493404809,FALSE,0.9835886214442013,0.9956236323851203,0.9896061269146608,3
MRPS34,TRUE,-0.04921609624807638,0.04921609624807638,0.3593006821138591,0.10449621247595409,FALSE,0.8140043763676149,0.6641137855579867,0.7390590809628008,10
MRPS35,TRUE,-0.07966742122425145,0.07966742122425145,0.0442846489124861,0.2565315854649113,FALSE,0.9814004376367614,0.9704595185995624,0.9759299781181618,7
MRPS36,TRUE,-0.02778392050549011,0.02778392050549011,0.17405381708268391,0.06575195380670304,FALSE,0.5448577680525164,0.524070021881838,0.5344638949671772,9
MRPS5,TRUE,-0.059665412225059555,0.059665412225059555,0.18765171038248712,0.20887355122795112,FALSE,0.8971553610503282,0.9135667396061268,0.9053610503282274,9
MRPS6,TRUE,-0.04005930557225644,0.04005930557225644,0.11306476443306253,0.09320947858102686,FALSE,0.7100656455142232,0.6170678336980306,0.6635667396061269,8
MRPS9,TRUE,-0.067505263931363,0.067505263931363,-0.13965790176350715,0.24284498812623065,FALSE,0.949671772428884,0.962800875273523,0.9562363238512035,3
MT-ATP6,TRUE,-0.026719702654895507,0.026719702654895507,-0.017204253944117884,0.03246264555244573,FALSE,0.5306345733041575,0.41575492341356673,0.4731947483588621,5
MT-CO2,TRUE,-0.033998489570874035,0.033998489570874035,-0.39328863113025914,0,FALSE,0.6422319474835887,0,0.32111597374179435,1
MTG1,TRUE,-0.039445042426904525,0.039445042426904525,0.18949101352328232,0.015625329838069257,FALSE,0.7056892778993435,0.3599562363238512,0.5328227571115973,9
MTHFD1L,TRUE,0.004326460446563489,0,-0.0065624278101210345,0,FALSE,0,0,0,5
MTO1,TRUE,-0.02213329580598622,0.02213329580598622,0.23376293800357262,0,FALSE,0.47155361050328226,0,0.23577680525164113,10
MTPAP,TRUE,0.0020496528668295932,0,0.1804710643988337,0.2272440271781397,FALSE,0,0.9420131291028446,0.4710065645514223,9
NADK2,TRUE,-0.011846675910952786,0.011846675910952786,0.1584248668799204,0,FALSE,0.3315098468271335,0,0.16575492341356676,9
NARS2,TRUE,-0.001999990962954973,0.001999990962954973,0.1277104755760525,0,FALSE,0.23304157549234136,0,0.11652078774617068,8
NDUFA10,TRUE,-0.060451514907362294,0.060451514907362294,-0.13950401688641845,0.14546590263332798,TRUE,0.9015317286652079,0.7811816192560176,0.8413566739606128,3
NDUFA13,TRUE,-0.04809298736336731,0.04809298736336731,-0.012730488292081602,0.11773344329169813,TRUE,0.799781181619256,0.7056892778993435,0.7527352297592997,5
NDUFA2,TRUE,-0.05843604193180621,0.05843604193180621,0.15489831562041603,0.06742057737722956,FALSE,0.888402625820569,0.5284463894967177,0.7084245076586433,9
NDUFA4,TRUE,-0.06195733665006181,0.06195733665006181,0.3030424139216361,0,FALSE,0.9201312910284465,0,0.46006564551422324,10
NDUFA6,TRUE,-0.037813173785444354,0.037813173785444354,0.09441774315766213,0.054114148502071586,FALSE,0.6794310722100656,0.49124726477024067,0.5853391684901531,8
NDUFA8,TRUE,-0.06494239511126428,0.06494239511126428,-0.03640981204848929,0.09534489911940172,FALSE,0.9398249452954048,0.6214442013129103,0.7806345733041575,5
NDUFA9,TRUE,-0.058428916034266254,0.058428916034266254,-0.2352365860619045,0.019148416041105922,TRUE,0.887308533916849,0.37527352297593,0.6312910284463895,2
NDUFAF3,TRUE,0.008272804973956053,0,0.024544380767397872,0,FALSE,0,0,0,6
NDUFAF7,TRUE,-0.08153819821997249,0.08153819821997249,-0.010555639751304285,0.21811512812568418,FALSE,0.9890590809628008,0.9288840262582057,0.9589715536105032,5
NDUFB1,TRUE,-0.04823231378819387,0.04823231378819387,0.35121261140915616,0.13509868821692564,FALSE,0.8030634573304156,0.7483588621444202,0.7757111597374179,10
NDUFB10,TRUE,-0.03812994388122641,0.03812994388122641,-0.046964945960000705,0.013251943929932595,FALSE,0.6827133479212254,0.349015317286652,0.5158643326039387,5
NDUFS1,TRUE,-0.04772182809034231,0.04772182809034231,-0.2810858425528516,0.11449670848954252,TRUE,0.7954048140043765,0.6969365426695844,0.7461706783369804,2
NDUFS2,TRUE,-0.04855599417960249,0.04855599417960249,-0.1809662478852002,0.13376884102090233,TRUE,0.8063457330415755,0.7450765864332604,0.775711159737418,3
NDUFS3,TRUE,-0.03570449947682869,0.03570449947682869,-0.4866904304745896,0.09015439993032684,TRUE,0.663019693654267,0.5995623632385121,0.6312910284463895,1
NDUFS4,TRUE,-0.061303980691116464,0.061303980691116464,0.14152986656822134,0.0690254325594925,FALSE,0.9113785557986871,0.5328227571115973,0.7221006564551422,8
NDUFV1,TRUE,-0.06541145735052394,0.06541145735052394,-9.606917762253851e-4,0.07710821982573246,TRUE,0.9420131291028446,0.5612691466083151,0.7516411378555798,6
NDUFV2,TRUE,-0.05269200130721591,0.05269200130721591,-0.2319009046430163,0.016569978182109892,FALSE,0.849015317286652,0.36433260393873085,0.6066739606126914,2
NFS1,TRUE,-0.028669930343717738,0.028669930343717738,0.01851284272857404,0.22544886810565554,TRUE,0.5612691466083151,0.9409190371991246,0.7510940919037199,6
NFU1,TRUE,-0.013175085504069331,0.013175085504069331,-0.07608622566624959,0.019735357262246567,FALSE,0.34463894967177244,0.3774617067833698,0.3610503282275711,4
NIPSNAP1,TRUE,-0.050982625927072645,0.050982625927072645,-0.47344975818054735,0.12163319702886999,FALSE,0.838074398249453,0.7155361050328227,0.7768052516411379,1
NIPSNAP3A,TRUE,-0.062203438430570523,0.062203438430570523,0.33770366927710727,0,FALSE,0.9212253829321662,0,0.4606126914660831,10
NSUN2,TRUE,-0.0037711723056864654,0.0037711723056864654,-0.055513913004698164,0.0987008209704072,FALSE,0.2592997811816193,0.6312910284463895,0.4452954048140044,4
NSUN4,TRUE,-0.028844350917771877,0.028844350917771877,0.28796916628809993,0.0432518150509069,FALSE,0.563457330415755,0.45185995623632386,0.5076586433260394,10
NT5DC2,TRUE,-0.020267129998963324,0.020267129998963324,0.15713629613954,0,FALSE,0.4442013129102845,0,0.22210065645514224,9
NUDT19,TRUE,-0.041298810928308935,0.041298810928308935,-0.12312926575841937,0.03752017067333343,FALSE,0.7253829321663019,0.4321663019693654,0.5787746170678336,3
OAT,TRUE,-0.021776699768210395,0.021776699768210395,-0.14156202400605788,0.20043494165578765,FALSE,0.4638949671772428,0.9015317286652079,0.6827133479212254,3
OGDH,TRUE,-0.07455434315224263,0.07455434315224263,-1.290879046034297,0.10184624573909408,FALSE,0.9715536105032823,0.6498905908096279,0.8107221006564551,1
P4HB,TRUE,-0.018607466555907226,0.018607466555907226,-0.18812089915351135,0.2719384218153225,FALSE,0.4135667396061269,0.9835886214442013,0.6985776805251641,3
PC,TRUE,-0.020425547207707145,0.020425547207707145,-0.22798008544244586,0.09305931099126892,FALSE,0.4463894967177243,0.6137855579868708,0.5300875273522976,2
PCCB,TRUE,-0.029521798167264912,0.029521798167264912,-0.16346293199589446,0.05270059242659087,FALSE,0.574398249452954,0.48577680525164113,0.5300875273522976,3
PCK2,TRUE,-0.015394783985560212,0.015394783985560212,-0.09180500484425705,0,FALSE,0.37636761487964987,0,0.18818380743982493,4
PCMT1,TRUE,0.0044464908185911645,0,-0.12924294803273711,0.0815409404079627,FALSE,0,0.5678336980306345,0.2839168490153173,3
PDHA1,TRUE,-0.06741541706514315,0.06741541706514315,-0.15276226863445327,0.2416408731101565,TRUE,0.948577680525164,0.9606126914660833,0.9545951859956237,3
PDHB,TRUE,-0.054932805030519394,0.054932805030519394,-0.4314955351256871,0.20174717831073705,TRUE,0.8643326039387308,0.9037199124726477,0.8840262582056893,1
PDHX,TRUE,-0.061508971974759026,0.061508971974759026,0.04361965123927722,0.1581038179132205,FALSE,0.9135667396061268,0.811816192560175,0.8626914660831508,7
PDIA6,TRUE,-0.02133526184737017,0.02133526184737017,-0.22845662456066884,0.08831776956513095,FALSE,0.4551422319474836,0.5908096280087527,0.5229759299781181,2
PDK1,TRUE,-0.012329270589847202,0.012329270589847202,-0.18843820562836067,0.05008433640917175,FALSE,0.33807439824945296,0.47374179431072216,0.40590809628008756,3
PDK2,TRUE,-0.021851900065764894,0.021851900065764894,-0.06517233680142287,0.13212801817061665,FALSE,0.4660831509846827,0.7396061269146608,0.6028446389496718,4
PDK3,TRUE,-0.05125179483420925,0.05125179483420925,0.03693577339031883,0.17845401738126548,FALSE,0.8413566739606126,0.862144420131291,0.8517505470459519,6
PGAM5,TRUE,-0.02255487803991907,0.02255487803991907,0.18188744214419023,0.11775231449469786,FALSE,0.4814004376367615,0.7067833698030634,0.5940919037199125,9
PHB,TRUE,-0.024246520968784283,0.024246520968784283,0.11147171510418967,0.002433890355147543,FALSE,0.49781181619256015,0.3096280087527352,0.4037199124726477,8
PHB2,TRUE,-0.0266652132113111,0.0266652132113111,-0.11882422852459046,0,FALSE,0.5295404814004376,0,0.2647702407002188,3
PIN4,TRUE,0.036999688830334776,0,-0.7303628662220629,0,FALSE,0,0,0,1
PITRM1,TRUE,-0.04474848929881191,0.04474848929881191,-0.08336426509175403,0,FALSE,0.7647702407002188,0,0.3823851203501094,4
PMPCA,TRUE,-0.02280474197761212,0.02280474197761212,0.022795747882365835,0.10150308511976919,FALSE,0.48577680525164113,0.6466083150984683,0.5661925601750547,6
PMPCB,TRUE,-0.03263269924968602,0.03263269924968602,0.06097389232378925,0.11498348292569058,FALSE,0.6192560175054704,0.698030634573304,0.6586433260393872,7
PNPT1,TRUE,-0.01937165681505562,0.01937165681505562,0.018078078666320975,0.2138088915531517,FALSE,0.42778993435448576,0.9201312910284465,0.6739606126914661,6
POLDIP2,TRUE,-0.02836161968389439,0.02836161968389439,-0.07323516506879105,0.18692525918568514,FALSE,0.5568927789934355,0.8763676148796499,0.7166301969365427,4
POLG,TRUE,0.005950167485112623,0,0.2390863750991568,0.027469643676850654,FALSE,0,0.3982494529540481,0.19912472647702406,10
POLRMT,TRUE,-0.044308765948537616,0.044308765948537616,-7.690029761047962e-4,0.14147035563303298,FALSE,0.7614879649890591,0.7669584245076586,0.7642231947483589,6
PPA2,TRUE,-0.03831468024000298,0.03831468024000298,-0.10081291686034735,0.048310630209361174,FALSE,0.6849015317286651,0.4660831509846827,0.5754923413566739,3
PPIA,TRUE,0.049651292453325994,0,-0.08835059687045463,0,FALSE,0,0,0,4
PPIF,TRUE,-0.02246533093350176,0.02246533093350176,0.04149575147261254,0.1658702780165104,FALSE,0.47921225382932164,0.8402625820568927,0.6597374179431073,6
PPOX,TRUE,-0.03923843281467569,0.03923843281467569,0.12537035228518265,0,FALSE,0.6991247264770241,0,0.34956236323851203,8
PRDX3,TRUE,-0.021044657994219285,0.021044657994219285,-0.9821201699747792,0.10253386093777593,FALSE,0.4529540481400438,0.6553610503282276,0.5541575492341357,1
PRDX4,TRUE,-0.004369403953477957,0.004369403953477957,0.2563153281994716,0.017353313593163076,FALSE,0.2647702407002188,0.3687089715536105,0.31673960612691465,10
PTCD3,TRUE,-0.07984150703188692,0.07984150703188692,-0.24502530931191274,0.25536399941351356,FALSE,0.9824945295404813,0.9693654266958425,0.9759299781181618,2
PTPMT1,TRUE,-0.03224067247800862,0.03224067247800862,0.14579517772247175,0.15312935551815365,FALSE,0.6159737417943107,0.7986870897155361,0.7073304157549234,8
PYCR2,TRUE,-0.05920968006513658,0.05920968006513658,-0.05706761201289578,0.3159803462744917,FALSE,0.8949671772428884,0.9934354485776805,0.9442013129102844,4
QRSL1,TRUE,-0.012461841731918832,0.012461841731918832,0.08344786459888247,0.07271059490955965,FALSE,0.3402625820568928,0.5481400437636762,0.44420131291028453,7
RNMTL1,TRUE,-0.003384418379036358,0.003384418379036358,0.22090501110881658,0.011549018313752683,FALSE,0.2549234135667396,0.3435448577680525,0.29923413566739604,9
RPL11,TRUE,-0.031531636119995834,0.031531636119995834,-0.03431821524497485,0.30054595238279674,FALSE,0.6039387308533917,0.9912472647702407,0.7975929978118161,5
RPL23,TRUE,-0.013756331116210233,0.013756331116210233,0.07242627213767328,0.21789099058090866,FALSE,0.3555798687089716,0.9277899343544856,0.6416849015317286,7
RPL23A,TRUE,-0.036887888508548156,0.036887888508548156,0.1544373999303695,0.16714934609042453,FALSE,0.6695842450765865,0.8435448577680524,0.7565645514223195,9
RPL31,TRUE,-0.011889987039964689,0.011889987039964689,-0.6217640531371286,0.05997219332334902,FALSE,0.33260393873085337,0.5098468271334792,0.42122538293216627,1
RPL9,TRUE,-0.0254635472784207,0.0254635472784207,-0.05143723927340825,0.27903857306718544,FALSE,0.5185995623632386,0.9846827133479212,0.7516411378555798,5
RPS10,TRUE,-0.025583795801903453,0.025583795801903453,-0.14886580196060176,0.13620737007732142,FALSE,0.5218818380743983,0.7516411378555798,0.636761487964989,3
RPS11,TRUE,-0.018687035567911625,0.018687035567911625,0.33362255613260655,0.13436391556782767,FALSE,0.41684901531728663,0.7461706783369803,0.5815098468271335,10
RPS15A,TRUE,-0.011065004830946551,0.011065004830946551,0.2507423645862402,0,FALSE,0.3216630196936542,0,0.1608315098468271,10
RPS16,TRUE,-0.028002805968092334,0.028002805968092334,0.11976503998403468,0.26005581236213493,FALSE,0.550328227571116,0.9748358862144422,0.762582056892779,8
RPS18,TRUE,-0.00565473341339201,0.00565473341339201,0.2512758600185435,0.08968516782521188,FALSE,0.2800875273522976,0.5962800875273523,0.43818380743982493,10
RPS3,TRUE,-0.04334039454544588,0.04334039454544588,0.02702102056346013,0.3409074351918483,FALSE,0.7549234135667396,0.9978118161925602,0.87636761487965,6
RPS4X,TRUE,-0.01792531068939438,0.01792531068939438,0.03541019376649249,0.2984388022455601,FALSE,0.4080962800875273,0.9901531728665208,0.6991247264770241,6
RPS6,TRUE,-0.03942927305114857,0.03942927305114857,-0.06546091246329754,0.15996956271889098,FALSE,0.7045951859956235,0.8183807439824945,0.761487964989059,4
RPS8,TRUE,-0.04181554507857499,0.04181554507857499,0.05801264834655504,0.3313691698110901,FALSE,0.7330415754923414,0.9967177242888403,0.8648796498905909,7
RPS9,TRUE,-0.03075903351913345,0.03075903351913345,0.3054715001299794,0.0931083433473352,FALSE,0.5940919037199125,0.6148796498905909,0.6044857768052516,10
SAMM50,TRUE,-0.03514858085215267,0.03514858085215267,-0.24142527443309872,0.10173787968582639,FALSE,0.6597374179431073,0.6487964989059081,0.6542669584245077,2
SARS2,TRUE,-0.03419269413458448,0.03419269413458448,-0.2763173705638352,0.028796520405113792,FALSE,0.6455142231947484,0.4026258205689278,0.5240700218818382,2
SDHA,TRUE,-0.02076188313382657,0.02076188313382657,-0.058246214017877,0.19043200790050005,TRUE,0.45076586433260396,0.8862144420131292,0.6684901531728665,4
SDHB,TRUE,-0.017591746352407567,0.017591746352407567,-0.3010948741093519,0.15610228611253618,FALSE,0.4037199124726477,0.8074398249452954,0.6055798687089715,2
SERPINH1,TRUE,-0.0022113357448358337,0.0022113357448358337,-0.04723311804057769,0.14541896712546165,FALSE,0.23413566739606126,0.7800875273522976,0.5071115973741794,5
SHMT2,TRUE,-0.06104131112572045,0.06104131112572045,-0.0973323697501911,0.09025011198023546,FALSE,0.9059080962800876,0.600656455142232,0.7532822757111598,4
SLC25A13,TRUE,-0.04129589491308007,0.04129589491308007,-0.1188023285277346,0.04635940872812789,FALSE,0.7242888402625822,0.45842450765864334,0.5913566739606128,3
SLC25A5,TRUE,-0.04306096534438447,0.04306096534438447,-0.22737270614950822,0.09234173425085584,FALSE,0.75054704595186,0.6083150984682714,0.6794310722100656,2
SLC25A6,TRUE,-0.03812733508651707,0.03812733508651707,-0.07744204656959991,0.15284512312287227,FALSE,0.6816192560175055,0.7964989059080962,0.7390590809628008,4
SLIRP,TRUE,-0.08005954572538254,0.08005954572538254,0.09323532638210646,0.22269766187788576,FALSE,0.9857768052516411,0.9343544857768051,0.9600656455142231,8
SOD2,TRUE,-0.0011130092711708912,0.0011130092711708912,0.002986948992156489,0,FALSE,0.22210065645514224,0,0.11105032822757112,6
SPRYD4,TRUE,0.0012934468347870973,0,0.055777490003122245,0,FALSE,0,0,0,7
SSBP1,TRUE,-0.012260493256177785,0.012260493256177785,0.44043374847152494,0.005962311711712576,FALSE,0.3358862144420131,0.31947483588621445,0.3276805251641138,10
ST13,TRUE,-0.03757773020491689,0.03757773020491689,-0.3305543481546066,0.16327783509279725,FALSE,0.6783369803063457,0.8315098468271335,0.7549234135667395,2
STOML2,TRUE,-0.0019994247865937906,0.0019994247865937906,-0.007491022175855903,0.00124477262418218,FALSE,0.2319474835886214,0.3041575492341357,0.26805251641137856,5
SUCLA2,TRUE,-0.03396271556367175,0.03396271556367175,-0.275858863559006,0.07278507500739154,FALSE,0.6389496717724289,0.5492341356673961,0.5940919037199125,2
SUCLG1,TRUE,-0.032203748168721874,0.032203748168721874,0.08939536930116,0.09797213003425513,FALSE,0.6137855579868708,0.6280087527352297,0.6208971553610503,7
SUCLG2,TRUE,-0.006739542506533219,0.006739542506533219,-0.1319961128230284,0.08888249305391123,FALSE,0.28665207877461707,0.5929978118161926,0.43982494529540483,3
SUPV3L1,TRUE,-0.01908997687696594,0.01908997687696594,-0.07333700552937407,0.1390364455190259,FALSE,0.42560175054704596,0.762582056892779,0.5940919037199125,4
SYNE1,TRUE,-0.021509806475803292,0.021509806475803292,-0.03829906910561931,0.062146349231414745,FALSE,0.45842450765864334,0.5142231947483589,0.4863238512035011,5
TACO1,TRUE,-0.026159558466509858,0.026159558466509858,-0.160948114626413,0,FALSE,0.524070021881838,0,0.262035010940919,3
TAMM41,TRUE,-0.03747601828400168,0.03747601828400168,-0.2469503888743641,0.031048448310713923,FALSE,0.6772428884026257,0.412472647702407,0.5448577680525164,2
TARS2,TRUE,-0.019725788004552533,0.019725788004552533,0.04347537605701464,0.12624351923813562,FALSE,0.4321663019693654,0.7264770240700219,0.5793216630196937,6
TBRG4,TRUE,-0.058993294429221785,0.058993294429221785,0.05225801584561355,0.09933071340606699,FALSE,0.8927789934354486,0.6334792122538293,0.763129102844639,7
TFAM,TRUE,-0.010982425147340269,0.010982425147340269,-0.2131247034908617,0.10052135846814858,FALSE,0.31947483588621445,0.6433260393873084,0.48140043763676144,2
TIMM13,TRUE,-0.07210580838742123,0.07210580838742123,-0.03255331467831837,0.22776654079939235,TRUE,0.962800875273523,0.9442013129102844,0.9535010940919038,5
TIMM44,TRUE,-0.0450867243511643,0.0450867243511643,-0.08012392358743492,0.08198701011962535,FALSE,0.7735229759299781,0.5700218818380745,0.6717724288840263,4
TIMM8B,TRUE,-0.05902218933216685,0.05902218933216685,0.17900192668486467,0.23458464523750583,FALSE,0.8938730853391685,0.9529540481400438,0.9234135667396062,9
TRAP1,TRUE,-0.030167236988777976,0.030167236988777976,0.1325445603121844,0.07657235285541952,FALSE,0.5809628008752735,0.5590809628008753,0.5700218818380745,8
TRMU,TRUE,-0.01766479300170446,0.01766479300170446,-0.045227653901326235,0.026623219758490333,FALSE,0.4059080962800875,0.39606126914660833,0.4009846827133479,5
TRUB1,TRUE,-0.03582282715852839,0.03582282715852839,-0.01817932258437796,0.11021725312399701,FALSE,0.6641137855579867,0.6816192560175055,0.6728665207877461,5
TRUB2,TRUE,-0.05862903641445149,0.05862903641445149,0.03229087705561884,0.0073765698535117755,FALSE,0.8894967177242888,0.32603938730853393,0.6077680525164114,6
TSFM,TRUE,-0.03489586791249022,0.03489586791249022,0.05474212806661407,0.07262394156423842,FALSE,0.6564551422319476,0.5459518599562363,0.6012035010940919,7
TST,TRUE,-0.0025199359936695087,0.0025199359936695087,0.14796861664293304,0.020182415308597604,FALSE,0.24288840262582057,0.3796498905908096,0.31126914660831506,8
TUBB,TRUE,0.03390005265352991,0,-0.7425625017770646,0,FALSE,0,0,0,1
TUBB4B,TRUE,0.03944092384328668,0,-0.6129511093512853,0.036487624394565814,FALSE,0,0.42560175054704596,0.21280087527352298,1
TUFM,TRUE,-0.06124613000172717,0.06124613000172717,0.08200490206920139,0.16883926899248924,TRUE,0.9091903719912473,0.8479212253829321,0.8785557986870898,7
UQCRC1,TRUE,-0.037004577068688815,0.037004577068688815,-0.3222179754696111,0.1857026545530857,TRUE,0.6706783369803062,0.8741794310722101,0.7724288840262581,2
UQCRC2,TRUE,-0.03533945661895557,0.03533945661895557,-0.06878230321665177,0.11079880697471617,TRUE,0.6608315098468271,0.6859956236323851,0.6734135667396062,4
UQCRFS1,TRUE,-0.03731945391697139,0.03731945391697139,-0.3299293883228893,0.11723530625883134,TRUE,0.6739606126914661,0.7045951859956235,0.6892778993435449,2
VARS2,TRUE,-0.0427666304649602,0.0427666304649602,0.007118341864788238,0.12086326139801208,FALSE,0.7461706783369803,0.7144420131291028,0.7303063457330415,6
XPNPEP3,TRUE,-0.05020792444410711,0.05020792444410711,-0.09059217347913144,0.20869729609418736,FALSE,0.8238512035010941,0.9113785557986871,0.8676148796498906,4
YARS2,TRUE,-0.03383741485594241,0.03383741485594241,-0.011112862892560471,0.053359459312714894,FALSE,0.6356673960612691,0.4879649890590809,0.561816192560175,5
YWHAE,TRUE,-0.005484566939510882,0.005484566939510882,-0.3065700856169299,0.008552574148389515,FALSE,0.27680525164113784,0.3293216630196937,0.30306345733041573,2
ZADH2,TRUE,-0.031810962570358925,0.031810962570358925,0.01680849170111158,0.15606970854485547,FALSE,0.6083150984682714,0.8052516411378556,0.7067833698030634,6
AADAT,FALSE,-0.07179035126111613,0.07179035126111613,0.23743493054228534,0.1844367018134888,TRUE,0.9606126914660833,0.8719912472647703,0.9163019693654268,10
AASS,FALSE,-0.014435801686101304,0.014435801686101304,0.011655187573932168,0.08907942014334362,FALSE,0.3676148796498906,0.5940919037199125,0.48085339168490154,6
ABAT,FALSE,-0.021601786672079237,0.021601786672079237,-0.47454556174595564,0.0908552887986672,FALSE,0.4606126914660831,0.6028446389496718,0.5317286652078774,1
ABCB10,FALSE,-0.01874065744613162,0.01874065744613162,-0.04730364095547063,0.014966092691292803,FALSE,0.4190371991247265,0.3555798687089716,0.38730853391684905,5
ABCB6,FALSE,-0.006279200235296466,0.006279200235296466,-0.003934206966540253,0,FALSE,0.2855579868708972,0,0.1427789934354486,6
ABCB7,FALSE,1.965723695595556e-4,0,-0.266466529224572,0,FALSE,0,0,0,2
ABCB8,FALSE,-0.027931232592052546,0.027931232592052546,-0.3462854810664153,0.16257141770759498,FALSE,0.5492341356673961,0.8282275711159738,0.6887308533916849,2
ABCD2,FALSE,-0.014018740221447765,0.014018740221447765,0.11291416417393568,0,FALSE,0.36323851203501095,0,0.18161925601750548,8
ABCD3,FALSE,-0.012381504639583069,0.012381504639583069,0.08815948592058226,0.1967208572173568,FALSE,0.33916849015317285,0.8982494529540481,0.6187089715536105,7
ACAA1,FALSE,0.00424663956499019,0,-0.22035774521088497,0.0378004401475678,FALSE,0,0.43435448577680524,0.21717724288840262,2
ACACA,FALSE,-0.005021090047443154,0.005021090047443154,0.012741903154369343,0.12442004709583344,FALSE,0.2724288840262582,0.7221006564551422,0.4972647702407002,6
ACAD10,FALSE,-0.04407539661299441,0.04407539661299441,-0.10833538528346412,0.10383954840226559,FALSE,0.7592997811816192,0.661925601750547,0.7106126914660831,3
ACAD11,FALSE,-0.02782643749434932,0.02782643749434932,0.16496037679578135,0.16303155273814943,FALSE,0.5459518599562363,0.8304157549234135,0.6881838074398249,9
ACAD8,FALSE,-0.014220574438697758,0.014220574438697758,0.08053890180068535,0,FALSE,0.36433260393873085,0,0.18216630196936542,7
ACADM,FALSE,-0.046040529872764656,0.046040529872764656,-0.024110035289038156,0,FALSE,0.7822757111597373,0,0.39113785557986863,5
ACADS,FALSE,-0.06140940006747776,0.06140940006747776,0.0024194921578716373,0.2155101577582441,FALSE,0.912472647702407,0.9212253829321662,0.9168490153172866,6
ACADSB,FALSE,-0.07371119785287812,0.07371119785287812,0.14816652682001286,0.20597562782607104,FALSE,0.9693654266958425,0.9048140043763676,0.9370897155361051,8
ACLY,FALSE,-0.002805614687598129,0.002805614687598129,0.19215807663846304,0.037135257188453494,FALSE,0.24835886214442013,0.4310722100656455,0.3397155361050328,9
ACOT11,FALSE,-0.008657899902159066,0.008657899902159066,0.16728921203717156,0,TRUE,0.3041575492341357,0,0.15207877461706784,9
ACOT7,FALSE,-0.03333674581762519,0.03333674581762519,-0.3897430723290473,0.21780210467469543,FALSE,0.6280087527352297,0.926695842450766,0.7773522975929978,1
ACOT9,FALSE,0.011691200220947162,0,-0.0610782394249484,0,FALSE,0,0,0,4
ACP6,FALSE,0.00781285260869985,0,-0.06951132274931432,0,FALSE,0,0,0,4
ACSF2,FALSE,-0.047242459640878434,0.047242459640878434,0.061708597890197704,0,FALSE,0.7921225382932167,0,0.39606126914660833,7
ACSL1,FALSE,0.019245481775875706,0,0.017370935749686182,0,TRUE,0,0,0,6
ACSL6,FALSE,-0.020050062611685154,0.020050062611685154,-0.1563917414243796,0.1102945523370147,FALSE,0.44091903719912473,0.6838074398249454,0.5623632385120351,3
ACSS1,FALSE,-0.039322559252389894,0.039322559252389894,-0.11388303252486427,0.1593852706667618,FALSE,0.7035010940919038,0.8161925601750546,0.7598468271334792,3
ACSS3,FALSE,-0.0023650973485025025,0.0023650973485025025,-0.015138758276950404,0,FALSE,0.23960612691466082,0,0.11980306345733041,5
ADCK1,FALSE,-0.015690666878353465,0.015690666878353465,-0.02693223852327673,0.16562362312885037,FALSE,0.3796498905908096,0.8391684901531729,0.6094091903719913,5
ADCK5,FALSE,0.011258444399483983,0,0.01207713499513281,0,FALSE,0,0,0,6
ADHFE1,FALSE,-0.03814350152594809,0.03814350152594809,-0.17053872933032999,0.2314162960569839,FALSE,0.6838074398249454,0.949671772428884,0.8167396061269148,3
AGK,FALSE,-0.03337928155255224,0.03337928155255224,0.024515794249457483,0.15184160504861022,FALSE,0.6301969365426696,0.7921225382932167,0.7111597374179431,6
AGPAT4,FALSE,-0.0076893111338377715,0.0076893111338377715,0.0634769720361839,0.11861272026256518,FALSE,0.29431072210065645,0.7089715536105032,0.5016411378555798,7
AGPAT5,FALSE,-0.02844878518110365,0.02844878518110365,-0.004853140162470575,0.06595892490915738,FALSE,0.5579868708971554,0.526258205689278,0.5421225382932167,5
AHCYL1,FALSE,-0.07902741300835439,0.07902741300835439,0.20692531441378614,0.1988750860416664,TRUE,0.9770240700218819,0.9004376367614878,0.9387308533916848,9
AIFM2,FALSE,0.00874545121836176,0,0.20932831765064722,0.054765425384975454,FALSE,0,0.4945295404814004,0.2472647702407002,9
AIFM3,FALSE,0.021247616133357648,0,-0.0767936893901886,0,FALSE,0,0,0,4
AKAP1,FALSE,-0.01638629798290364,0.01638629798290364,0.22476735472934575,0.02358132311630508,FALSE,0.3851203501094092,0.3840262582056893,0.38457330415754926,9
AKAP10,FALSE,0.0141650200482695,0,0.0713958528554863,0.05071850818113304,FALSE,0,0.48030634573304165,0.24015317286652083,7
ALDH1L1,FALSE,0.0019502209422960631,0,0.004994608645450997,0,FALSE,0,0,0,6
ALDH1L2,FALSE,0.0030049114931160192,0,-0.04911772305788446,0,FALSE,0,0,0,5
ALDH3A2,FALSE,0.018171127402441062,0,0.1302459922715678,0,FALSE,0,0,0,8
ALDH4A1,FALSE,-0.07924083490357473,0.07924083490357473,-0.15617874016073854,0.08822702757703683,TRUE,0.9792122538293216,0.5897155361050328,0.7844638949671772,3
ALDH6A1,FALSE,-0.01907503065227136,0.01907503065227136,-0.058162146764911715,0.12905067791006727,FALSE,0.424507658643326,0.7319474835886214,0.5782275711159737,4
ALKBH7,FALSE,0.03781872566261743,0,-0.2501951410142627,0,FALSE,0,0,0,2
AMACR,FALSE,-0.061148543438162534,0.061148543438162534,0.17846573636250154,0.004371388072934754,FALSE,0.9070021881838073,0.31291028446389496,0.6099562363238511,9
AMT,FALSE,0.006349710911547624,0,0.18327363504128374,0,FALSE,0,0,0,9
ANGEL2,FALSE,0.004393923868824555,0,-0.05964402283799393,0,FALSE,0,0,0,4
APEX1,FALSE,0.007801534406679694,0,0.018859343910624778,0.015563729616555404,FALSE,0,0.35886214442013137,0.17943107221006568,6
APOO,FALSE,-0.0364396081904696,0.0364396081904696,0.2651527269312197,0,FALSE,0.6684901531728665,0,0.33424507658643327,10
APOOL,FALSE,-0.04665947777699814,0.04665947777699814,0.2143779217410873,0.05050139182072781,FALSE,0.7899343544857768,0.47921225382932164,0.6345733041575492,9
ARF5,FALSE,-0.021358596840275468,0.021358596840275468,-0.3252308595413685,0.15265111513897128,FALSE,0.4562363238512035,0.7954048140043765,0.62582056892779,2
ARG2,FALSE,0.03792477888312057,0,-0.19678301394958153,0,FALSE,0,0,0,2
ARMC10,FALSE,-0.04328389293517662,0.04328389293517662,-0.11384325822669829,0.15196334549846166,FALSE,0.7538293216630197,0.7932166301969366,0.7735229759299782,3
ARMCX1,FALSE,-0.002282794158279089,0.002282794158279089,0.08779117629848937,0.053450050614943914,FALSE,0.2363238512035011,0.4890590809628009,0.362691466083151,7
ARMCX2,FALSE,-0.01568336691008857,0.01568336691008857,-0.05359655029817859,0.09101963577252833,FALSE,0.3785557986870897,0.6039387308533917,0.4912472647702407,5
ARMCX3,FALSE,-0.01957210159508113,0.01957210159508113,0.12406753657454865,0.11402214194503955,FALSE,0.4310722100656455,0.6947483588621444,0.5629102844638949,8
ATAD1,FALSE,-0.06894380931649909,0.06894380931649909,0.040564131743410545,0.28355521367604253,FALSE,0.9507658643326039,0.986870897155361,0.9688183807439825,6
ATPAF1,FALSE,-0.03067058755113311,0.03067058755113311,-0.5110154003831331,0.0587748558199102,FALSE,0.5908096280087527,0.5065645514223195,0.548687089715536,1
ATPAF2,FALSE,0.007374961189686308,0,0.20247540465420807,0,FALSE,0,0,0,9
AUH,FALSE,-0.025491770786637308,0.025491770786637308,-0.08513142536494353,0.08015650021920745,FALSE,0.5207877461706784,0.5656455142231948,0.5432166301969366,4
AURKAIP1,FALSE,-0.08407779682825955,0.08407779682825955,0.42434972083418543,0.10361762607611594,FALSE,0.9901531728665208,0.6608315098468271,0.8254923413566739,10
BAD,FALSE,-0.0026451357499972378,0.0026451357499972378,0.12021269226840028,0.1076914854065885,FALSE,0.2461706783369803,0.6739606126914661,0.46006564551422324,8
BAX,FALSE,-2.627870400243879e-4,2.627870400243879e-4,-0.002816199387046103,0,FALSE,0.21334792122538293,0,0.10667396061269147,6
BCL2L1,FALSE,0.026093360841068287,0,-0.07027820703969018,0.00232526518147764,FALSE,0,0.3085339168490153,0.15426695842450766,4
BCL2L13,FALSE,-0.028503820369382066,0.028503820369382066,-0.1941103604261621,0.010174620405151866,FALSE,0.5590809628008753,0.33698030634573306,0.44803063457330417,2
BCL2L2,FALSE,-0.04025218127159422,0.04025218127159422,0.11213198664206758,0.16481549504200682,FALSE,0.7111597374179432,0.836980306345733,0.7740700218818382,8
BDH1,FALSE,-0.07819587981348934,0.07819587981348934,-0.0486214201899265,0.19539193945668396,FALSE,0.9748358862144422,0.8971553610503282,0.9359956236323852,5
BID,FALSE,-0.0055354171732434065,0.0055354171732434065,-0.4427304027425695,0.08395572891407248,FALSE,0.2778993435448578,0.574398249452954,0.4261487964989059,1
BLOC1S1,FALSE,0.025827753463626195,0,-0.0632375176913025,0,TRUE,0,0,0,4
BNIP3,FALSE,-0.05823526964013859,0.05823526964013859,0.0559869361880497,0.18054562662649812,FALSE,0.8840262582056893,0.8665207877461707,0.87527352297593,7
BNIP3L,FALSE,-0.05088888710563105,0.05088888710563105,0.4886659538898148,0.26062106734359536,FALSE,0.836980306345733,0.9759299781181618,0.9064551422319473,10
BOLA1,FALSE,-0.041018182514784854,0.041018182514784854,0.11964811199610995,0.08518944385139268,FALSE,0.7188183807439824,0.5809628008752735,0.649890590809628,8
BOLA3,FALSE,-0.04747322361400594,0.04747322361400594,0.13658283642991909,0.018942891903813788,FALSE,0.7943107221006565,0.37199124726477023,0.5831509846827133,8
BPHL,FALSE,0.0017084511267339633,0,0.024004890117814013,0,FALSE,0,0,0,6
C15orf61,FALSE,-0.09725965992745278,0.09725965992745278,0.38496049353506123,0.17095520994720842,FALSE,0.9967177242888403,0.8522975929978118,0.9245076586433261,10
C16orf91,FALSE,0.015443718603541712,0,0.38934967565088024,0.0013832536558097278,FALSE,0,0.3063457330415755,0.15317286652078774,10
C2orf69,FALSE,-0.013230025041362344,0.013230025041362344,0.0550933572500562,0.014036297636369079,FALSE,0.3457330415754923,0.3533916849015317,0.349562363238512,7
C3orf33,FALSE,-0.03700787933569247,0.03700787933569247,0.1634083948398045,0,FALSE,0.6717724288840262,0,0.3358862144420131,9
C6orf136,FALSE,-0.049581230014738714,0.049581230014738714,0.03497811924050483,0.06888120926520769,FALSE,0.8216630196936543,0.5317286652078774,0.6766958424507659,6
C8orf82,FALSE,-0.005970405053673161,0.005970405053673161,-0.17856664885695642,0,FALSE,0.2844638949671772,0,0.1422319474835886,3
CA5B,FALSE,-0.013508993158160308,0.013508993158160308,0.04602731130668387,0.0066590259520186,FALSE,0.350109409190372,0.3227571115973742,0.3364332603938731,7
CASP3,FALSE,-0.011944285884078143,0.011944285884078143,-0.647025041860665,0.02609746853568517,FALSE,0.3336980306345733,0.3927789934354486,0.36323851203501095,1
CASP9,FALSE,-0.013826243425420992,0.013826243425420992,0.08543447754435832,0.10273963279301565,FALSE,0.35886214442013137,0.6564551422319476,0.5076586433260395,7
CAT,FALSE,0.001832412350268875,0,-0.07426538347322047,0.06715619181665189,FALSE,0,0.5273522975929978,0.2636761487964989,4
CBR3,FALSE,0.04002981289022699,0,0.052047906807673135,0,FALSE,0,0,0,7
CCDC127,FALSE,-0.01741489190487594,0.01741489190487594,0.16452470192114593,0.03945304897496984,FALSE,0.40043763676148797,0.43982494529540483,0.4201312910284464,9
CCDC51,FALSE,0.016253579864252122,0,0.010275124278995676,0,FALSE,0,0,0,6
CCDC58,FALSE,-0.01632128149441612,0.01632128149441612,0.011564433381606887,0.11026662389356842,FALSE,0.3840262582056893,0.6827133479212254,0.5333698030634574,6
CHCHD10,FALSE,0.01434405221252888,0,-3.027293505127541,0.007620943681943358,FALSE,0,0.32713347921225383,0.16356673960612692,1
CHCHD2,FALSE,-0.06103418752447318,0.06103418752447318,0.13837517390020518,0.08484360370511057,FALSE,0.9048140043763676,0.5787746170678337,0.7417943107221007,8
CHCHD3,FALSE,-0.030225274103972105,0.030225274103972105,0.013253894067571064,0.03806213275962415,TRUE,0.5820568927789934,0.43544857768052514,0.5087527352297593,6
CHCHD4,FALSE,-0.03853846378171952,0.03853846378171952,0.16354641931755307,0.1089583806588956,FALSE,0.688183807439825,0.6783369803063457,0.6832603938730853,9
CHCHD5,FALSE,0.005258738841281585,0,0.30168336123162437,0,FALSE,0,0,0,10
CHCHD6,FALSE,-0.039201473805806755,0.039201473805806755,0.0876321205426411,0.23141257243112254,FALSE,0.6969365426695844,0.948577680525164,0.8227571115973742,7
CHCHD7,FALSE,0.013604380805651822,0,0.2481814071541116,0.041281205824389385,FALSE,0,0.44529540481400437,0.22264770240700218,10
CHDH,FALSE,0.014265862643763866,0,0.17024947033285287,0,FALSE,0,0,0,9
CISD1,FALSE,-0.019407827479993506,0.019407827479993506,0.24915460750001026,0.12387676449904765,TRUE,0.42888402625820565,0.7199124726477024,0.574398249452954,10
CISD3,FALSE,-0.002331905261584527,0.002331905261584527,0.19599372746190108,0,FALSE,0.237417943107221,0,0.1187089715536105,9
CKMT1A,FALSE,0.00098099999479717365,0,-0.008427929543753964,0,FALSE,0,0,0,5
CKMT2,FALSE,0.009183930724296713,0,-0.11557429737073387,0.048527928011252205,FALSE,0,0.4682713347921225,0.23413566739606126,3
CLPB,FALSE,-0.03033050231970104,0.03033050231970104,0.07990769948826512,0,FALSE,0.5853391684901532,0,0.2926695842450766,7
CLYBL,FALSE,-0.0195143974372598,0.0195143974372598,-0.2551983065667592,0.04723642384994235,FALSE,0.4299781181619256,0.4638949671772428,0.4469365426695842,2
CMC1,FALSE,-0.04125752411532861,0.04125752411532861,-0.1104582848034669,0.10691842735900078,FALSE,0.7231947483588621,0.6728665207877462,0.6980306345733042,3
CMC2,FALSE,-0.039278756060744824,0.039278756060744824,0.16885253526192762,0.05047226740316528,FALSE,0.700218818380744,0.47811816192560175,0.5891684901531729,9
CMC4,FALSE,-0.009276522815227756,0.009276522815227756,-0.1775108373398822,0,FALSE,0.3085339168490153,0,0.15426695842450766,3
CMPK2,FALSE,0.025283002020575263,0,0.04681976254932848,0.02632501770780072,FALSE,0,0.39387308533916854,0.19693654266958427,7
COA1,FALSE,-0.07818102049548896,0.07818102049548896,-0.03505472128238198,0.22333394859038616,FALSE,0.973741794310722,0.9354485776805251,0.9545951859956237,5
COA3,FALSE,-0.01479000537573305,0.01479000537573305,-0.15340302797547462,0.07675464915127528,FALSE,0.37089715536105033,0.5601750547045952,0.4655361050328227,3
COA4,FALSE,0.005568676982793952,0,-0.40774518281941236,0,FALSE,0,0,0,1
COA5,FALSE,3.416418216120598e-5,0,0.17894970769801455,0,FALSE,0,0,0,9
COA6,FALSE,-0.06940905894056942,0.06940905894056942,0.08984510179329683,0.09312381842937957,FALSE,0.9540481400437638,0.6159737417943107,0.7850109409190373,7
COA7,FALSE,-0.0514271357259037,0.0514271357259037,0.1014593804947769,0.20767794350136248,FALSE,0.8435448577680524,0.9080962800875274,0.8758205689277899,8
COASY,FALSE,0.009165615467607913,0,-0.2951862806287121,0,FALSE,0,0,0,2
COMT,FALSE,0.052768108738682484,0,-0.43143807696630765,0,FALSE,0,0,0,1
COMTD1,FALSE,0.005403945307599946,0,-0.05336805925564328,0,FALSE,0,0,0,5
COQ10A,FALSE,-0.017211113139143946,0.017211113139143946,0.15405621736392605,0.03701354272982862,FALSE,0.3971553610503282,0.4299781181619256,0.4135667396061269,9
COQ10B,FALSE,-0.017155832036487517,0.017155832036487517,-0.14026807368379332,0.05958102895973005,FALSE,0.39606126914660833,0.5087527352297593,0.4524070021881838,3
COQ3,FALSE,-0.018777285893695483,0.018777285893695483,0.09647209475329924,0.112247918506416,FALSE,0.4201312910284464,0.6892778993435449,0.5547045951859957,8
COQ5,FALSE,-0.010660581414432782,0.010660581414432782,0.08677140572281825,0.016075403584401543,FALSE,0.31838074398249455,0.36323851203501095,0.34080962800875275,7
COQ6,FALSE,-0.0024251853448059163,0.0024251853448059163,0.11644650244533881,0.05385386007861033,FALSE,0.24179431072210067,0.49015317286652077,0.36597374179431075,8
COQ7,FALSE,-0.002680121602472371,0.002680121602472371,0.11848185328442516,0.03270299904155889,FALSE,0.2472647702407002,0.41684901531728663,0.3320568927789934,8
COQ9,FALSE,-0.024274598123513333,0.024274598123513333,-0.06701779684663822,0.052415293522062666,FALSE,0.4989059080962801,0.48358862144420134,0.4912472647702407,4
COX11,FALSE,-0.04504335773017422,0.04504335773017422,0.04824182296809981,0,FALSE,0.7724288840262582,0,0.3862144420131291,7
COX14,FALSE,-0.01378149642907589,0.01378149642907589,-1.2751788387085299,0,FALSE,0.35776805251641136,0,0.17888402625820568,1
COX15,FALSE,0.01275668903350613,0,0.17493725203077756,0,FALSE,0,0,0,9
COX17,FALSE,0.02536520170943002,0,0.24286877406417362,0,FALSE,0,0,0,10
COX18,FALSE,-0.021924899782345533,0.021924899782345533,0.13576009941241599,0,FALSE,0.46717724288840257,0,0.23358862144420128,8
COX19,FALSE,-0.05755213541898739,0.05755213541898739,0.10378113612130963,0,FALSE,0.8796498905908097,0,0.43982494529540483,8
COX20,FALSE,-3.870636295514318e-4,3.870636295514318e-4,-0.7370709935311486,0.05043358127831302,FALSE,0.21444201312910283,0.4770240700218819,0.34573304157549234,1
COX5A,FALSE,-0.042026184830988744,0.042026184830988744,-0.9217146640820661,0.07218318845529254,FALSE,0.7363238512035011,0.5448577680525164,0.6405908096280087,1
COX5B,FALSE,-0.055442325597441694,0.055442325597441694,0.10635091885493785,0.10096406568921446,TRUE,0.8676148796498906,0.6455142231947484,0.7565645514223195,8
COX6A1,FALSE,0.006576888055832786,0,-1.3784268662284695,0,FALSE,0,0,0,1
COX6B1,FALSE,-0.04204296794341163,0.04204296794341163,-0.04773530528436827,0,TRUE,0.737417943107221,0,0.3687089715536105,5
COX6C,FALSE,-0.0506928212204425,0.0506928212204425,0.5333744641802102,0.03103068500663104,FALSE,0.8336980306345733,0.41137855579868715,0.6225382932166302,10
COX7A1,FALSE,-0.008874705543826966,0.008874705543826966,-0.9672624056613806,0,FALSE,0.3052516411378556,0,0.1526258205689278,1
COX7A2,FALSE,0.0017062159942451416,0,-2.3375368593092416,0,FALSE,0,0,0,1
COX7B,FALSE,-0.012739013246315503,0.012739013246315503,0.04421535986309531,0,FALSE,0.34245076586433254,0,0.17122538293216627,7
COX7C,FALSE,-0.049533340536217885,0.049533340536217885,0.23643531332337647,0.031969867307911695,FALSE,0.8205689277899344,0.4135667396061269,0.6170678336980306,10
CPS1,FALSE,0.001906319741219159,0,-0.12775113635002827,0,FALSE,0,0,0,3
CPT1A,FALSE,-0.05513539627027689,0.05513539627027689,0.11447933502093692,0.09260313678005139,FALSE,0.8665207877461707,0.6094091903719913,0.7379649890590809,8
CPT1C,FALSE,-0.004736090132682114,0.004736090132682114,0.2748990685916665,0,FALSE,0.2702407002188184,0,0.1351203501094092,10
CRAT,FALSE,-0.031510467428838076,0.031510467428838076,0.09728030067228759,0.04125960234766904,FALSE,0.6017505470459519,0.4442013129102845,0.5229759299781181,8
CROT,FALSE,-0.07231910945073577,0.07231910945073577,0.30305964193892937,0.11985387563873785,FALSE,0.9649890590809628,0.7122538293216629,0.8386214442013129,10
CYB5B,FALSE,0.03470614478137135,0,0.6426820005375626,0,FALSE,0,0,0,10
CYB5R3,FALSE,0.003244084322746643,0,0.057142467755882116,0,FALSE,0,0,0,7
CYCS,FALSE,-0.04589495019147069,0.04589495019147069,-0.02223899214249416,0.024221536083996964,FALSE,0.7800875273522976,0.38949671772428884,0.5847921225382933,5
CYP27A1,FALSE,0.02553997263313136,0,0.10182688255879306,0.0287515295158119,TRUE,0,0.4015317286652078,0.2007658643326039,8
D2HGDH,FALSE,-0.0615127051421689,0.0615127051421689,-0.09767614322091579,0.16814866805733206,FALSE,0.9146608315098468,0.8446389496717724,0.8796498905908097,4
DBI,FALSE,0.09171209962683985,0,-0.13469696401555076,0,TRUE,0,0,0,3
DBT,FALSE,-0.0719180966118972,0.0719180966118972,-0.13681467301033873,0.21119062228183708,TRUE,0.961706783369803,0.9179431072210066,0.9398249452954048,3
DCAKD,FALSE,-0.0029941287996186894,0.0029941287996186894,-0.047046371865392095,0.13660842204163268,FALSE,0.25164113785557984,0.7549234135667396,0.5032822757111597,5
DDX28,FALSE,-0.022326624360768904,0.022326624360768904,0.21727085860478554,0.054505607136373986,FALSE,0.4759299781181619,0.4934354485776805,0.48468271334792123,9
DECR1,FALSE,-0.05835578361337773,0.05835578361337773,-0.2279012429071448,0.14891578746483916,FALSE,0.8862144420131292,0.7866520787746171,0.8364332603938731,2
DGUOK,FALSE,-0.023456290216496922,0.023456290216496922,0.25700123588348056,0,FALSE,0.49124726477024067,0,0.24562363238512033,10
DHODH,FALSE,-0.0014810181923246707,0.0014810181923246707,0.09169122528099154,0.101872042423391,FALSE,0.2275711159737418,0.650984682713348,0.4392778993435449,7
DHRS1,FALSE,-0.06127632703178382,0.06127632703178382,0.09672993002503312,0.15337158214976537,FALSE,0.9102844638949672,0.799781181619256,0.8550328227571116,8
DHRS4,FALSE,-0.050348083333962665,0.050348083333962665,0.10376648142260508,0,FALSE,0.8271334792122538,0,0.4135667396061269,8
DHRS7B,FALSE,-0.06393333834413663,0.06393333834413663,-0.10714102736037322,0.3669165193531489,FALSE,0.9354485776805251,1,0.9677242888402626,3
DHTKD1,FALSE,-0.011048931857658928,0.011048931857658928,0.1545899238850256,0.10513697841390379,TRUE,0.32056892778993434,0.6663019693654267,0.4934354485776805,9
DIABLO,FALSE,-0.038070884973388924,0.038070884973388924,0.2260042524510041,0.24258665155038633,FALSE,0.6805251641137856,0.961706783369803,0.8211159737417943,9
DNAJC11,FALSE,-0.03151145116225394,0.03151145116225394,-0.0702531356088275,0.1912447718297871,FALSE,0.6028446389496718,0.8905908096280087,0.7467177242888403,4
DNAJC19,FALSE,-0.030348967713493602,0.030348967713493602,0.266316379531906,0.10942249144352237,FALSE,0.5864332603938731,0.6794310722100656,0.6329321663019694,10
DNAJC28,FALSE,-0.048174620852800776,0.048174620852800776,-0.058776406335975445,0.09799189037083125,FALSE,0.801969365426696,0.6291028446389497,0.7155361050328228,4
DNAJC30,FALSE,-0.022456195952804348,0.022456195952804348,-0.7834583509677153,0.14516678475519867,FALSE,0.47811816192560175,0.7789934354485777,0.6285557986870898,1
DNLZ,FALSE,0.013578201012016067,0,0.2966556246979494,0,FALSE,0,0,0,10
DNM1L,FALSE,-0.02481896959125307,0.02481896959125307,0.23286032135289092,0.23614649704020327,TRUE,0.5087527352297593,0.9540481400437638,0.7314004376367615,10
DTYMK,FALSE,0.02509470269751879,0,0.13299357668572223,0,FALSE,0,0,0,8
DUS2,FALSE,-0.021969429173811214,0.021969429173811214,-0.045024767665096464,0.14880813394182585,FALSE,0.46936542669584247,0.7855579868708972,0.6274617067833699,5
DUT,FALSE,0.022493796945518937,0,-0.13879879746984145,0,FALSE,0,0,0,3
ECHDC2,FALSE,-0.029681384416250407,0.029681384416250407,0.04106768128332498,0,FALSE,0.5754923413566739,0,0.28774617067833697,6
ECSIT,FALSE,-0.0528622723841944,0.0528622723841944,-0.05440142462033922,0.0030989234133670584,FALSE,0.8533916849015317,0.31072210065645517,0.5820568927789934,4
EFHD1,FALSE,0.05548476252975333,0,-0.0985209879267955,0,FALSE,0,0,0,4
EHHADH,FALSE,-0.010564021915806077,0.010564021915806077,0.14126971947581424,0.23774463384016953,FALSE,0.3150984682713348,0.9573304157549234,0.636214442013129,8
ELAC2,FALSE,0.020051683626019765,0,0.0048538294029102595,0.050304250351672214,FALSE,0,0.4759299781181619,0.23796498905908095,6
ENDOG,FALSE,-0.031223186927079982,0.031223186927079982,-0.29926409679930494,0.09482415854145994,FALSE,0.600656455142232,0.6203501094091903,0.6105032822757112,2
EPHX2,FALSE,0.006011426404669881,0,-0.06288313224942046,0.05435961798092597,TRUE,0,0.4923413566739606,0.2461706783369803,4
ETFDH,FALSE,-0.049926730876451095,0.049926730876451095,0.007686055810881886,0,FALSE,0.8227571115973743,0,0.41137855579868715,6
ETHE1,FALSE,-0.03189127217253733,0.03189127217253733,0.11582241521117445,0.12198586072968542,FALSE,0.6105032822757112,0.7166301969365426,0.6635667396061269,8
EXD2,FALSE,0.0165620273499734,0,-0.0414501708951176,0,FALSE,0,0,0,5
EXOG,FALSE,-0.017962629460233748,0.017962629460233748,-0.5283172993862296,0.04691869528784114,FALSE,0.40919037199124725,0.4617067833698031,0.43544857768052514,1
FABP1,FALSE,0.05922014535911016,0,-0.174100481734967,0,FALSE,0,0,0,3
FAHD2A,FALSE,-0.01128173084113357,0.01128173084113357,-0.170905836583604,0.01393596170400091,FALSE,0.3249452954048139,0.35229759299781177,0.33862144420131285,3
FAM136A,FALSE,-0.04313397019408055,0.04313397019408055,-0.3938375610768386,0,FALSE,0.7516411378555798,0,0.3758205689277899,1
FAM162A,FALSE,-0.05385500424821471,0.05385500424821471,-0.09789805949404415,0.16426309335027764,FALSE,0.8577680525164113,0.8358862144420133,0.8468271334792123,4
FAM185A,FALSE,0.016475879808954597,0,-0.27966355850912955,0,FALSE,0,0,0,2
FAM210A,FALSE,-0.04304421327519427,0.04304421327519427,-0.010300681432237307,0.006235867859299579,FALSE,0.74945295404814,0.32056892778993434,0.5350109409190372,5
FAM210B,FALSE,-0.015321540532624356,0.015321540532624356,0.3927327464964176,0,FALSE,0.37527352297593,0,0.187636761487965,10
FARS2,FALSE,-0.0031416253218667645,0.0031416253218667645,0.14812256342132427,0,FALSE,0.2538293216630197,0,0.12691466083150985,8
FASN,FALSE,0.05018623777280613,0,0.041211440442295674,0,FALSE,0,0,0,6
FASTKD1,FALSE,-0.12268497736532663,0.12268497736532663,-0.4800367516590321,0.262886883947085,FALSE,1,0.9781181619256017,0.9890590809628008,1
FASTKD2,FALSE,-0.03883806458736921,0.03883806458736921,0.0392418135164758,0.1504071369879194,FALSE,0.6925601750547046,0.7899343544857768,0.7412472647702406,6
FBXL4,FALSE,0.0209860069075333,0,-0.16792071460807614,0,FALSE,0,0,0,3
FDPS,FALSE,0.03013770536409663,0,0.21451827169150192,0,FALSE,0,0,0,9
FDX1,FALSE,-9.9025315820378e-4,9.9025315820378e-4,0.2714081077800127,0,FALSE,0.2188183807439825,0,0.10940919037199125,10
FHIT,FALSE,-0.0142808622012002,0.0142808622012002,-0.06136825178270365,0.030637147189602473,FALSE,0.36542669584245074,0.4059080962800875,0.3856673960612691,4
FIS1,FALSE,-0.015483548443047557,0.015483548443047557,-1.5066211424982472,0.1275828694039431,FALSE,0.3774617067833698,0.7275711159737418,0.5525164113785558,1
FKBP10,FALSE,-0.050587377992901715,0.050587377992901715,-0.006738084852380271,0.09666512154870381,FALSE,0.8326039387308534,0.62472647702407,0.7286652078774617,5
FKBP8,FALSE,-0.006957113525689729,0.006957113525689729,0.36152764735992826,0.026327801876934714,FALSE,0.2899343544857768,0.3949671772428884,0.3424507658643326,10
FTH1,FALSE,-0.009201850623215574,0.009201850623215574,-0.16369678951347222,0.03212769487378141,FALSE,0.3074398249452954,0.4146608315098469,0.36105032822757116,3
FUNDC1,FALSE,-0.01888255137759587,0.01888255137759587,-0.6440285381304003,0.07488511015581696,FALSE,0.4212253829321664,0.5547045951859956,0.487964989059081,1
FUNDC2,FALSE,-0.011714256053847294,0.011714256053847294,0.2831320010946226,0,FALSE,0.3293216630196937,0,0.16466083150984684,10
FXN,FALSE,0.010919707377938848,0,0.29243495044273393,0,FALSE,0,0,0,10
GATB,FALSE,-0.008282554625531065,0.008282554625531065,-0.028366141691769656,0.0459547081723423,FALSE,0.2986870897155361,0.4562363238512035,0.37746170678336977,5
GATC,FALSE,-0.012261772980308533,0.012261772980308533,-0.20115418875883315,0.10327412287797116,FALSE,0.33698030634573306,0.6597374179431073,0.49835886214442016,2
GATM,FALSE,-0.0012345310432314571,0.0012345310432314571,-0.24067794607573142,0.08986567294601006,FALSE,0.22538293216630198,0.5973741794310722,0.4113785557986871,2
GCDH,FALSE,-0.05473372371418547,0.05473372371418547,-0.22601985409078423,0.13653551476680226,TRUE,0.862144420131291,0.7538293216630197,0.8079868708971554,2
GCSH,FALSE,-0.055587065618965315,0.055587065618965315,-0.6654372149597744,0.2505565546972549,FALSE,0.8687089715536105,0.9649890590809628,0.9168490153172866,1
GDAP1,FALSE,-0.02225403547580454,0.02225403547580454,0.20468128915206726,0.12847114981621016,TRUE,0.4726477024070022,0.7297592997811816,0.6012035010940919,9
GFER,FALSE,-0.05282656057652829,0.05282656057652829,0.28013726652779325,0.05161910460430445,FALSE,0.8522975929978118,0.4824945295404814,0.6673960612691466,10
GHITM,FALSE,-0.033337154226874416,0.033337154226874416,-0.20426725906254853,0.1860929418438344,FALSE,0.6291028446389497,0.87527352297593,0.7521881838074398,2
GLOD4,FALSE,0.02796413401252254,0,-0.0465632334357425,0,FALSE,0,0,0,5
GLRX2,FALSE,-0.005865546980451053,0.005865546980451053,0.2797435312737863,0.09711364596117476,FALSE,0.2811816192560175,0.6269146608315098,0.45404814004376365,10
GLS2,FALSE,-0.04226719534617843,0.04226719534617843,-0.19777629018935944,0.008745057812985697,FALSE,0.7407002188183808,0.3336980306345733,0.537199124726477,2
GLUD2,FALSE,-0.027673389183173636,0.027673389183173636,-0.5917209418874396,0,FALSE,0.5426695842450766,0,0.2713347921225383,1
GOLPH3,FALSE,-0.0023622924598412504,0.0023622924598412504,-0.09915357241817441,0,FALSE,0.23851203501094095,0,0.11925601750547048,4
GPD2,FALSE,8.712118765809018e-4,0,-0.28314924855663365,0,FALSE,0,0,0,2
GPX1,FALSE,-0.0022305392483619735,0.0022305392483619735,-0.3068333230677098,0,FALSE,0.23522975929978115,0,0.11761487964989058,2
GPX4,FALSE,-0.017322975919039918,0.017322975919039918,0.25687519948880766,0.10318279618244311,FALSE,0.3982494529540481,0.6575492341356672,0.5278993435448577,10
GRHPR,FALSE,0.04771059340098334,0,-0.0021149489444996115,0,FALSE,0,0,0,6
GSTZ1,FALSE,-0.03879897507877739,0.03879897507877739,0.32384662010736637,0.09290758975191463,FALSE,0.6914660831509846,0.611597374179431,0.6515317286652078,10
GTPBP10,FALSE,-0.0405748810138605,0.0405748810138605,-0.1802362635650939,0.1163094991777411,FALSE,0.7155361050328227,0.7024070021881839,0.7089715536105032,3
GTPBP3,FALSE,-0.016717747904150853,0.016717747904150853,0.037966018749161244,0,FALSE,0.38949671772428884,0,0.19474835886214442,6
GTPBP6,FALSE,0.04123382992096436,0,0.18899929931814602,0,FALSE,0,0,0,9
GUK1,FALSE,0.0010507126323763827,0,-0.15283925632451772,0.09266648750659172,FALSE,0,0.6105032822757112,0.3052516411378556,3
HCCS,FALSE,-0.02751387897093238,0.02751387897093238,0.19933671324011032,0.03691182354476387,FALSE,0.5404814004376368,0.42888402625820565,0.48468271334792123,9
HDHD3,FALSE,-0.014822662532992935,0.014822662532992935,0.036346149727052954,0,FALSE,0.3730853391684901,0,0.18654266958424506,6
HEBP1,FALSE,0.022264957958920584,0,-0.2533058419179591,0.1391720153506957,FALSE,0,0.7647702407002188,0.3823851203501094,2
HIBADH,FALSE,-0.02436728345576855,0.02436728345576855,-0.4905911733736085,0.18439056545468005,FALSE,0.5021881838074398,0.8708971553610503,0.686542669584245,1
HINT1,FALSE,0.02750175592188986,0,-0.6432930773667844,0,FALSE,0,0,0,1
HINT3,FALSE,0.024077713164066317,0,-0.2958477383696653,0.028873149197107418,FALSE,0,0.4037199124726477,0.20185995623632386,2
HMGCL,FALSE,-0.04056416887019179,0.04056416887019179,-0.15609464727034572,0.1909792351291402,FALSE,0.7144420131291028,0.888402625820569,0.8014223194748359,3
HOGA1,FALSE,0.03304613827612926,0,0.2084646136951173,0,FALSE,0,0,0,9
HSCB,FALSE,-0.026315065618140454,0.026315065618140454,0.16663682033646282,0.028524107390298245,FALSE,0.5251641137855579,0.40043763676148797,0.462800875273523,9
HSD17B4,FALSE,0.023405950995716546,0,-0.2518653861068546,0,FALSE,0,0,0,2
HSDL1,FALSE,0.006619711327322947,0,0.10944322878661458,0,TRUE,0,0,0,8
HSDL2,FALSE,-0.03499425757552102,0.03499425757552102,-0.2169342918635244,0.10024260185094336,FALSE,0.6575492341356672,0.6411378555798687,0.649343544857768,2
HSPD1,FALSE,-0.029786457988296072,0.029786457988296072,-0.2290298649376446,0.11321513924574181,FALSE,0.5776805251641138,0.6903719912472649,0.6340262582056894,2
HSPE1,FALSE,-0.024770549843638523,0.024770549843638523,0.2775379893150219,0,FALSE,0.5076586433260394,0,0.2538293216630197,10
HTATIP2,FALSE,0.00191605693969632,0,0.12860938145189954,0.0917719400353327,FALSE,0,0.6061269146608315,0.30306345733041573,8
HTRA2,FALSE,0.002675961472633853,0,0.15669096253052642,0,FALSE,0,0,0,9
IDE,FALSE,-0.00742918267285613,0.00742918267285613,0.0030885955946337454,0.030809783238130845,FALSE,0.29321663019693656,0.40700218818380746,0.35010940919037203,6
IDH3B,FALSE,-0.04083415692893466,0.04083415692893466,-0.061023234486829725,0.15958803730274113,FALSE,0.7166301969365426,0.8172866520787746,0.7669584245076586,4
IDI1,FALSE,-0.032604424067453563,0.032604424067453563,-0.8073071643891807,0.18984189296692508,FALSE,0.6181619256017505,0.8851203501094091,0.7516411378555798,1
ISCA1,FALSE,-0.013755911796998171,0.013755911796998171,-0.11975672638941286,0,FALSE,0.3544857768052516,0,0.1772428884026258,3
ISCA2,FALSE,-0.012110221332969184,0.012110221332969184,-0.07621847652091292,0.008725490515366745,FALSE,0.33479212253829327,0.33260393873085337,0.3336980306345733,4
ISCU,FALSE,-0.03475524003174575,0.03475524003174575,0.08904433334481428,0.19237570968859513,FALSE,0.6520787746170679,0.8927789934354486,0.7724288840262583,7
ISOC2,FALSE,0.06864421980223101,0,-1.9598148120811532,0.05331993835093912,FALSE,0,0.486870897155361,0.2434354485776805,1
IVD,FALSE,-0.03303466845303578,0.03303466845303578,0.01067919499428779,0.17942323779296002,FALSE,0.6236323851203501,0.8654266958424508,0.7445295404814005,6
L2HGDH,FALSE,-0.04657465910021433,0.04657465910021433,0.10366174473528801,0.2158863819312992,FALSE,0.7877461706783371,0.9234135667396062,0.8555798687089716,8
LACTB,FALSE,-0.022332977114145516,0.022332977114145516,-0.09432745497965554,0.028995760390416094,TRUE,0.4770240700218819,0.40481400437636755,0.44091903719912473,4
LACTB2,FALSE,0.02075815029366474,0,-0.064436850547832,0.01316857941932915,FALSE,0,0.3479212253829322,0.1739606126914661,4
LARS2,FALSE,-0.04891484774509633,0.04891484774509633,-0.051264442512309334,0.03550493517151457,FALSE,0.8085339168490154,0.4234135667396061,0.6159737417943107,5
LDHB,FALSE,0.006129568622088667,0,-0.037126016086934714,0.03092673170221747,FALSE,0,0.4080962800875273,0.20404814004376365,5
LDHD,FALSE,-0.050318724860934416,0.050318724860934416,0.08261149986568873,0.12540672800137356,FALSE,0.8260393873085339,0.7242888402625822,0.775164113785558,7
LETMD1,FALSE,-0.047386754331451786,0.047386754331451786,0.12104902000006224,0.2110907415909194,FALSE,0.7932166301969366,0.9168490153172867,0.8550328227571116,8
LIAS,FALSE,-0.044489779049893194,0.044489779049893194,-0.048436705782054,0.07133676359517689,FALSE,0.762582056892779,0.5415754923413567,0.6520787746170679,5
LIG3,FALSE,0.02970060194465893,0,-0.03354577082759353,0.00647121731173396,FALSE,0,0.3216630196936542,0.1608315098468271,5
LIPT2,FALSE,-0.026391230226124246,0.026391230226124246,-0.17269427172802998,0.11520196930825717,FALSE,0.526258205689278,0.6991247264770241,0.6126914660831511,3
LYPLA1,FALSE,-0.048549289152713365,0.048549289152713365,-0.19665454400479576,0.10201375764699928,FALSE,0.8052516411378556,0.6531728665207878,0.7292122538293218,2
LYPLAL1,FALSE,-0.030998058441627147,0.030998058441627147,0.15797042122134253,0.050963251117261445,FALSE,0.5984682713347921,0.4814004376367615,0.5399343544857768,9
LYRM1,FALSE,-0.05335475778186771,0.05335475778186771,0.18860349985511282,0.0818380531723701,FALSE,0.8555798687089715,0.5689277899343544,0.7122538293216629,9
LYRM2,FALSE,-0.03474180905678481,0.03474180905678481,0.12381695574345651,0,FALSE,0.650984682713348,0,0.325492341356674,8
LYRM4,FALSE,-0.046602360235723575,0.046602360235723575,0.12009559312955226,0.21989781267172645,FALSE,0.7888402625820568,0.9299781181619255,0.8594091903719911,8
LYRM9,FALSE,-0.06314152206192093,0.06314152206192093,0.0875714175827251,0.09305416459710204,FALSE,0.9288840262582057,0.612691466083151,0.7707877461706782,7
MACROD1,FALSE,0.09897883419767015,0,0.08888306873331614,0,FALSE,0,0,0,7
MALSU1,FALSE,-0.027006727786110324,0.027006727786110324,0.23728840895418826,0,FALSE,0.5317286652078774,0,0.2658643326039387,10
MAOA,FALSE,0.015195922805606471,0,0.08739032650540988,0,FALSE,0,0,0,7
MAOB,FALSE,0.029853861724951743,0,0.020496831000624723,0,TRUE,0,0,0,6
MAVS,FALSE,-0.003455093105757867,0.003455093105757867,0.1948782441822407,0.040452005183135666,FALSE,0.25711159737417943,0.44091903719912473,0.3490153172866521,9
MCAT,FALSE,-0.027164499818282554,0.027164499818282554,0.05376514018805055,0,FALSE,0.5350109409190372,0,0.2675054704595186,7
MCCC1,FALSE,-0.005604229835279667,0.005604229835279667,-0.11445820286181926,0.07387782002776216,FALSE,0.2789934354485777,0.5514223194748359,0.4152078774617068,3
MCEE,FALSE,-0.03847157478175374,0.03847157478175374,-9.157776729850668e-4,0.0566930771350013,FALSE,0.687089715536105,0.5,0.5935448577680524,6
MCU,FALSE,-0.02285572451894447,0.02285572451894447,-0.05509250205322774,0.038957521847081386,FALSE,0.4879649890590809,0.4387308533916849,0.46334792122538293,4
MCUR1,FALSE,-0.003521117289651432,0.003521117289651432,0.25168635379399923,0,FALSE,0.25820568927789933,0,0.12910284463894967,10
ME3,FALSE,-0.03742613554099217,0.03742613554099217,-0.4966019333469222,0.15818717652052475,FALSE,0.6761487964989059,0.812910284463895,0.7445295404814005,1
MECR,FALSE,-0.04852371008043144,0.04852371008043144,0.10451473915859281,0.17486153740690424,FALSE,0.8041575492341356,0.8588621444201313,0.8315098468271335,8
METAP1D,FALSE,-0.04516524370015332,0.04516524370015332,0.17287603281755298,0,FALSE,0.7746170678336981,0,0.38730853391684905,9
METTL5,FALSE,0.05839962442994684,0,-0.36635406709975726,0.0013594703737710545,FALSE,0,0.3052516411378556,0.1526258205689278,2
MFF,FALSE,-0.029189571003232447,0.029189571003232447,-0.05849410328574145,0.04348281828169648,TRUE,0.5667396061269147,0.4529540481400438,0.5098468271334793,4
MFN1,FALSE,-0.013410054438287316,0.013410054438287316,0.02186616797191963,0,FALSE,0.34682713347921224,0,0.17341356673960612,6
MFN2,FALSE,-0.038893407353258476,0.038893407353258476,0.07616064646528596,0.1885341335997733,FALSE,0.6947483588621444,0.8840262582056893,0.7893873085339168,7
MGARP,FALSE,0.09231526257098793,0,-0.4153974346266091,0,FALSE,0,0,0,1
MGST1,FALSE,4.269724732833269e-5,0,-0.19377664103485512,0,FALSE,0,0,0,2
MGST3,FALSE,-0.06928040610614765,0.06928040610614765,0.05768335114782,0.18752588085342822,TRUE,0.9518599562363238,0.8818380743982495,0.9168490153172866,7
MICU1,FALSE,-0.020462299488238935,0.020462299488238935,-0.03560422184466586,0.005914939062058084,FALSE,0.4474835886214442,0.31838074398249455,0.38293216630196936,5
MICU2,FALSE,8.489432921011397e-4,0,0.20299529354248916,0,FALSE,0,0,0,9
MICU3,FALSE,-0.017892753838070347,0.017892753838070347,-0.09198232659576357,0,FALSE,0.40700218818380746,0,0.20350109409190373,4
MIEF1,FALSE,-0.02490792226713262,0.02490792226713262,0.22900611499300694,0.06147682770380268,FALSE,0.5098468271334792,0.5109409190371991,0.5103938730853391,9
MLYCD,FALSE,-0.03309800502774733,0.03309800502774733,0.034402880709705555,0.040934310337958885,FALSE,0.6258205689277899,0.4431072210065646,0.5344638949671773,6
MMAA,FALSE,-0.010013934479920779,0.010013934479920779,-0.027011049446558643,0.14399586819527013,FALSE,0.31072210065645517,0.7757111597374178,0.5432166301969364,5
MOCS1,FALSE,-0.0028397664453227167,0.0028397664453227167,0.11741630982606248,0,FALSE,0.25054704595185995,0,0.12527352297592997,8
MPC1,FALSE,-0.04159691937263371,0.04159691937263371,0.37976608598380335,0,FALSE,0.7297592997811816,0,0.3648796498905908,10
MPC2,FALSE,-0.05339121077558419,0.05339121077558419,-0.10857307961020024,0.05577963220468246,FALSE,0.8566739606126916,0.4989059080962801,0.6777899343544859,3
MPST,FALSE,0.023545210883647204,0,0.004136826796083202,0,FALSE,0,0,0,6
MPV17,FALSE,-0.04026435920198668,0.04026435920198668,-0.36643250618460976,0.05017614453666081,FALSE,0.7122538293216629,0.474835886214442,0.5935448577680524,2
MRM1,FALSE,-0.019778278725533838,0.019778278725533838,0.07448565656107545,0.23135238362900107,FALSE,0.43435448577680524,0.9474835886214443,0.6909190371991247,7
MRPL1,FALSE,-0.05751936033705106,0.05751936033705106,-0.02304421801947086,0.1444085195189854,TRUE,0.8785557986870898,0.7768052516411379,0.8276805251641138,5
MRPL11,FALSE,-0.050469975953658236,0.050469975953658236,0.15902873464877482,0.1613729894203766,TRUE,0.8282275711159738,0.8260393873085339,0.8271334792122538,9
MRPL12,FALSE,-0.05472273259445942,0.05472273259445942,0.2882450928664987,0.17381747316363935,TRUE,0.8610503282275711,0.8566739606126916,0.8588621444201314,10
MRPL17,FALSE,-0.04713378299244816,0.04713378299244816,-0.018837145031788256,0.1374769759328022,TRUE,0.7910284463894968,0.7571115973741794,0.7740700218818382,5
MRPL18,FALSE,-0.024662914806163727,0.024662914806163727,0.15415926690561607,0.142461134041716,FALSE,0.5065645514223195,0.7691466083150985,0.637855579868709,9
MRPL2,FALSE,-0.06315595722412215,0.06315595722412215,0.2415551284610576,0.1359885061812836,FALSE,0.9299781181619255,0.75054704595186,0.8402625820568927,10
MRPL20,FALSE,-0.057624905121928506,0.057624905121928506,-0.06160748368163368,0.14005241810115113,FALSE,0.8807439824945296,0.7658643326039387,0.8233041575492341,4
MRPL21,FALSE,-0.07345077988405158,0.07345077988405158,-0.5962034276934879,0.08028033863330988,FALSE,0.9682713347921225,0.5667396061269147,0.7675054704595186,1
MRPL24,FALSE,-0.05631031789859055,0.05631031789859055,0.10146550918202324,0.13872820017134124,FALSE,0.8741794310722101,0.7614879649890591,0.8178336980306347,8
MRPL27,FALSE,-0.02931207526790502,0.02931207526790502,-0.012457262036352442,0.11831674616740787,FALSE,0.5689277899343544,0.7078774617067833,0.6384026258205688,5
MRPL28,FALSE,-0.08129247125873723,0.08129247125873723,0.19857317309773598,0.1254433835895584,FALSE,0.9879649890590809,0.7253829321663019,0.8566739606126914,9
MRPL30,FALSE,-0.05280956796426207,0.05280956796426207,0.07399119452479042,0.19377078956090907,TRUE,0.8512035010940919,0.8949671772428884,0.8730853391684902,7
MRPL32,FALSE,-0.06381765293127017,0.06381765293127017,0.07789321345290165,0.10007779136719483,FALSE,0.9343544857768051,0.6400437636761488,0.7871991247264769,7
MRPL33,FALSE,-0.06577387720777567,0.06577387720777567,0.05878196716566746,0.09421283454530467,FALSE,0.9431072210065645,0.6192560175054704,0.7811816192560175,7
MRPL34,FALSE,-0.031684547450806955,0.031684547450806955,0.5467028976191785,0.009904629877125936,FALSE,0.6072210065645515,0.33479212253829327,0.47100656455142237,10
MRPL40,FALSE,-0.04144477896424326,0.04144477896424326,0.07935896869961273,0.15286357248349328,TRUE,0.7275711159737418,0.7975929978118161,0.762582056892779,7
MRPL41,FALSE,-0.05197756077463263,0.05197756077463263,0.0745659998089695,0.08946439091835212,FALSE,0.8457330415754923,0.5951859956236324,0.7204595185995624,7
MRPL42,FALSE,-0.009036441130405356,0.009036441130405356,0.013695719838352018,0.18164183334139758,FALSE,0.3063457330415755,0.8687089715536105,0.587527352297593,6
MRPL43,FALSE,-0.04498290640250274,0.04498290640250274,0.336250720261111,0.06394863296007906,TRUE,0.7691466083150985,0.5196936542669585,0.6444201312910285,10
MRPL46,FALSE,-0.04926448816004489,0.04926448816004489,0.12261373845357579,0.15860184900203406,TRUE,0.8161925601750546,0.8140043763676149,0.8150984682713347,8
MRPL50,FALSE,-0.030265367865613513,0.030265367865613513,0.10923953283186583,0.05488710760963915,TRUE,0.5842450765864332,0.49562363238512036,0.5399343544857768,8
MRPL52,FALSE,-0.06449370951633572,0.06449370951633572,0.15126351756146056,0.049555191807533726,FALSE,0.936542669584245,0.4726477024070022,0.7045951859956237,9
MRPL54,FALSE,-0.03482527873681857,0.03482527873681857,0.05515115398395805,0.1731846032291587,FALSE,0.6531728665207878,0.8555798687089715,0.7543763676148796,7
MRPL55,FALSE,-0.06005130315107843,0.06005130315107843,-0.40985946793674877,0.03397743929342418,FALSE,0.8993435448577681,0.4212253829321664,0.6602844638949672,1
MRPL57,FALSE,-0.05300087783634339,0.05300087783634339,0.04529846862192616,0.1635186128021655,TRUE,0.8544857768052516,0.8347921225382933,0.8446389496717724,7
MRPS10,FALSE,-0.051035525356930095,0.051035525356930095,0.04813057191231603,0.2641710486198706,FALSE,0.8391684901531729,0.9792122538293216,0.9091903719912473,7
MRPS11,FALSE,-0.061726661377929454,0.061726661377929454,-0.11686148710001705,0.21357230818940676,FALSE,0.9157549234135668,0.9190371991247265,0.9173960612691466,3
MRPS14,FALSE,-0.056458691365626756,0.056458691365626756,-0.29240684648159254,0.19768001732860058,FALSE,0.87527352297593,0.8993435448577681,0.887308533916849,2
MRPS17,FALSE,-0.02714086856850295,0.02714086856850295,-0.24648016982298807,0.23160003318356043,FALSE,0.5339168490153173,0.9507658643326039,0.7423413566739606,2
MRPS18A,FALSE,-0.04088345928560422,0.04088345928560422,0.3404488150633495,0.04323459212349447,FALSE,0.7177242888402627,0.45076586433260396,0.5842450765864333,10
MRPS18B,FALSE,-0.049080258564268536,0.049080258564268536,0.23234549846156105,0.2392025756290956,TRUE,0.8107221006564551,0.9595185995623632,0.8851203501094091,10
MRPS21,FALSE,-0.08896263218126205,0.08896263218126205,0.12052541852982447,0.1924944802470911,FALSE,0.9934354485776805,0.8938730853391685,0.9436542669584245,8
MRPS24,FALSE,-0.06188766665287601,0.06188766665287601,0.2159360300312439,0.25919300038542314,FALSE,0.9179431072210066,0.973741794310722,0.9458424507658643,9
MRPS28,FALSE,-0.07042489461337527,0.07042489461337527,-0.13686727791686967,0.2959656605748752,FALSE,0.9573304157549234,0.9879649890590809,0.9726477024070022,3
MRPS7,FALSE,-0.08099580674618466,0.08099580674618466,-0.040443675519035,0.31955695103252796,FALSE,0.986870897155361,0.9945295404814004,0.9907002188183807,5
MRRF,FALSE,-0.01487014843206022,0.01487014843206022,0.13825051442313258,0,FALSE,0.3741794310722101,0,0.18708971553610504,8
MRS2,FALSE,0.014657720962606785,0,0.14289928974417213,0.023990826591393836,FALSE,0,0.38730853391684905,0.19365426695842453,8
MSRA,FALSE,0.013121382216797206,0,0.14751957951530514,0,FALSE,0,0,0,8
MSRB2,FALSE,0.01220107665657072,0,0.19682980204144973,0,FALSE,0,0,0,9
MSRB3,FALSE,0.0027580577386389638,0,0.07596213823934159,0,FALSE,0,0,0,7
MT-ATP8,FALSE,-0.022567127018297994,0.022567127018297994,0.831046787897817,0.021338096528067008,FALSE,0.4824945295404814,0.38183807439824946,0.43216630196936545,10
MT-CO1,FALSE,-0.023482743916905968,0.023482743916905968,0.2821279905797614,0,FALSE,0.4923413566739606,0,0.2461706783369803,10
MT-CO3,FALSE,-0.05200852652609006,0.05200852652609006,-0.10515039340847827,0,FALSE,0.8468271334792122,0,0.4234135667396061,3
MT-CYB,FALSE,0.008975056970537576,0,-0.494167595132365,0,FALSE,0,0,0,1
MT-ND1,FALSE,0.10206926557650986,0,-2.7425734751635913,0.025279204954668046,FALSE,0,0.3916849015317287,0.19584245076586435,1
MT-ND2,FALSE,0.059031632095042585,0,-2.1284434607191796,0,FALSE,0,0,0,1
MT-ND3,FALSE,-0.031606141510068186,0.031606141510068186,0.3958088460525726,0.17896013434294578,TRUE,0.6050328227571116,0.8632385120350109,0.7341356673960613,10
MT-ND4,FALSE,-0.05084135677441332,0.05084135677441332,-0.00379165488180768,0,FALSE,0.8347921225382933,0,0.41739606126914663,6
MT-ND5,FALSE,-0.028106168555302402,0.028106168555302402,-0.49977970068315264,0,FALSE,0.5525164113785558,0,0.2762582056892779,1
MT-ND6,FALSE,-0.030590376682766596,0.030590376682766596,0.4231687858996662,0,FALSE,0.587527352297593,0,0.2937636761487965,10
MTCH1,FALSE,-0.025334952422479445,0.025334952422479445,-0.042933931915743864,0.008692519446159837,FALSE,0.5164113785557987,0.3304157549234136,0.4234135667396061,5
MTCH2,FALSE,-0.03421261594553751,0.03421261594553751,0.12194101080207001,0.1005992160142132,FALSE,0.6477024070021882,0.6444201312910285,0.6460612691466083,8
MTERF4,FALSE,2.0155589270096086e-4,0,0.18624577324680325,0,FALSE,0,0,0,9
MTFMT,FALSE,-0.06364954947760404,0.06364954947760404,-0.0545866379176528,0.13804867019477918,FALSE,0.9321663019693655,0.7592997811816192,0.8457330415754923,4
MTFP1,FALSE,-0.07946833479150013,0.07946833479150013,-0.11273551520405002,0.04316701461693255,FALSE,0.9803063457330415,0.44967177242888406,0.7149890590809628,3
MTFR1L,FALSE,-0.0017516109002210511,0.0017516109002210511,-0.2478075921702848,0,FALSE,0.22975929978118162,0,0.11487964989059081,2
MTG2,FALSE,-0.008057368632014734,0.008057368632014734,0.06078173536016489,0.10801811939685266,FALSE,0.2975929978118162,0.6772428884026257,0.487417943107221,7
MTHFD2L,FALSE,0.0170906250191352,0,0.007393818002327966,0,FALSE,0,0,0,6
MTHFS,FALSE,0.006944701111838897,0,-0.07831123360750283,0.13365591433024318,FALSE,0,0.7439824945295405,0.37199124726477023,4
MTIF2,FALSE,-0.02230943837592415,0.02230943837592415,0.0304348773671034,0.09053800882822631,FALSE,0.474835886214442,0.6017505470459519,0.5382932166301969,6
MTIF3,FALSE,-0.02227188972831806,0.02227188972831806,-0.2011586304767161,0.09147519191635958,FALSE,0.47374179431072216,0.6050328227571116,0.5393873085339169,2
MTRF1,FALSE,-0.032686945563416475,0.032686945563416475,0.18158593929617128,4.2718332433378046e-4,FALSE,0.6203501094091903,0.30196936542669583,0.4611597374179431,9
MTRF1L,FALSE,0.010397593684264683,0,0.3080566697308628,0,FALSE,0,0,0,10
MTX1,FALSE,-0.02970157672100769,0.02970157672100769,0.11794949524869906,0.15609970317678548,FALSE,0.5765864332603938,0.8063457330415755,0.6914660831509847,8
MTX2,FALSE,-0.05769379047315077,0.05769379047315077,0.07007784441576081,0.16265839691615622,FALSE,0.8818380743982495,0.8293216630196938,0.8555798687089716,7
MTX3,FALSE,-0.042001119595475714,0.042001119595475714,0.1490946526608203,0,FALSE,0.7352297592997812,0,0.3676148796498906,8
MUL1,FALSE,-0.003992651236907868,0.003992651236907868,0.06822955218846989,0,FALSE,0.26258205689277897,0,0.13129102844638948,7
NAT8L,FALSE,-0.06532413752106919,0.06532413752106919,-0.0011496125640767416,0.2820030043690987,FALSE,0.9409190371991246,0.9857768052516411,0.9633479212253828,6
NBR1,FALSE,0.07606711176452363,0,0.014581002879067963,0.043913380875956746,FALSE,0,0.4540481400437637,0.22702407002188185,6
NDUFA11,FALSE,-0.02546433056098102,0.02546433056098102,-0.24696005270249247,0,TRUE,0.5196936542669585,0,0.25984682713347923,2
NDUFA12,FALSE,-0.04422614197396904,0.04422614197396904,0.08942722364858151,0.06230566161504024,FALSE,0.7603938730853392,0.5164113785557987,0.638402625820569,7
NDUFA3,FALSE,-0.05602535005609238,0.05602535005609238,-0.34168892531145484,0.09659250314893311,FALSE,0.8730853391684902,0.6236323851203501,0.7483588621444202,2
NDUFA5,FALSE,-0.03397391036250369,0.03397391036250369,-0.36580841247439383,0,FALSE,0.6411378555798687,0,0.32056892778993434,2
NDUFA7,FALSE,-0.05279410937525841,0.05279410937525841,-0.15524182838310288,0.06995906633118601,FALSE,0.8501094091903721,0.537199124726477,0.6936542669584246,3
NDUFAB1,FALSE,-0.05800895442207954,0.05800895442207954,-1.0139661959726676,0.1383193631300334,FALSE,0.8829321663019694,0.7603938730853392,0.8216630196936543,1
NDUFAF1,FALSE,-0.0758875998482663,0.0758875998482663,0.13047494982714355,0.07422460020511988,FALSE,0.9726477024070022,0.5525164113785558,0.762582056892779,8
NDUFAF2,FALSE,-0.0013950142294865964,0.0013950142294865964,-0.03438121318059285,0,FALSE,0.2264770240700219,0,0.11323851203501095,5
NDUFAF4,FALSE,-0.0012138296174021151,0.0012138296174021151,0.08714228846285216,0,FALSE,0.22428884026258206,0,0.11214442013129103,7
NDUFAF5,FALSE,-0.027064084785468845,0.027064084785468845,0.041002805282114765,0.012899034313708172,FALSE,0.5328227571115973,0.34682713347921224,0.4398249452954048,6
NDUFAF6,FALSE,-0.028143496917495438,0.028143496917495438,0.058980243990956784,0,FALSE,0.5536105032822757,0,0.27680525164113784,7
NDUFB11,FALSE,-0.0456471758730012,0.0456471758730012,0.07730848681502407,0.10389498533688853,FALSE,0.7778993435448578,0.663019693654267,0.7204595185995624,7
NDUFB2,FALSE,-0.010061577339269157,0.010061577339269157,-0.32335860143042655,0.08457277795055047,FALSE,0.31181619256017507,0.5765864332603938,0.4442013129102844,2
NDUFB3,FALSE,-0.043215870801023015,0.043215870801023015,-0.4076422008118514,0.11534820907284506,FALSE,0.7527352297592997,0.700218818380744,0.7264770240700218,1
NDUFB4,FALSE,-0.04268274848843687,0.04268274848843687,0.24575058465307428,0.013626927156251792,FALSE,0.7428884026258206,0.35120350109409193,0.5470459518599562,10
NDUFB5,FALSE,-0.06192625848662267,0.06192625848662267,-0.13764076519783378,0.062017072455112836,FALSE,0.9190371991247265,0.513129102844639,0.7160831509846828,3
NDUFB6,FALSE,-0.04530376501717867,0.04530376501717867,0.04784866507831705,0.018381772432507024,FALSE,0.7757111597374178,0.3698030634573304,0.5727571115973741,7
NDUFB7,FALSE,-0.09698439029374606,0.09698439029374606,0.38611549445422616,0.2543107853872312,FALSE,0.9956236323851203,0.9671772428884027,0.9814004376367615,10
NDUFB8,FALSE,-0.05561530571961959,0.05561530571961959,0.02230041629887211,0.063118615447173,FALSE,0.8698030634573304,0.5185995623632386,0.6942013129102844,6
NDUFB9,FALSE,-0.07007264957689832,0.07007264957689832,-0.04561629856157208,0.1546784148273355,FALSE,0.9551422319474835,0.801969365426696,0.8785557986870898,5
NDUFC1,FALSE,-0.052488385928737266,0.052488385928737266,0.1061043021423595,0,FALSE,0.8479212253829321,0,0.42396061269146607,8
NDUFC2,FALSE,-0.06348465847011103,0.06348465847011103,0.17986711334445998,0.04641044022190562,FALSE,0.9310722100656456,0.45951859956236324,0.6952954048140044,9
NDUFS5,FALSE,-0.05028565840734636,0.05028565840734636,-0.07999498358093757,0.033443330362355604,FALSE,0.824945295404814,0.4190371991247265,0.6219912472647702,4
NDUFS6,FALSE,-0.05872161113594601,0.05872161113594601,-0.04360776528512112,0.05785001578977551,TRUE,0.8905908096280087,0.5054704595185996,0.6980306345733042,5
NDUFS7,FALSE,-0.06381156364309462,0.06381156364309462,0.19563149377357028,0.06939013246211288,TRUE,0.9332603938730855,0.5350109409190372,0.7341356673960613,9
NDUFS8,FALSE,-0.060807206923274515,0.060807206923274515,-0.32022508148447176,0.1293450516980854,FALSE,0.9026258205689278,0.7330415754923414,0.8178336980306347,2
NDUFV3,FALSE,-0.050878821809261385,0.050878821809261385,-0.042040205162962224,0,FALSE,0.8358862144420133,0,0.41794310722100664,5
NGRN,FALSE,-0.011181179205021125,0.011181179205021125,0.08152617781422883,0.26077343528995506,FALSE,0.3238512035010941,0.9770240700218819,0.6504376367614879,7
NIF3L1,FALSE,0.020500069839647334,0,-0.03707823968697992,0,FALSE,0,0,0,5
NIPSNAP3B,FALSE,-0.0549718770352389,0.0549718770352389,0.23271496944233055,0,FALSE,0.8654266958424508,0,0.4327133479212254,10
NIT1,FALSE,-0.0010038260264151888,0.0010038260264151888,0.14158089209810135,0.1568129907400829,FALSE,0.21991247264770242,0.8085339168490154,0.5142231947483589,8
NIT2,FALSE,-0.016991813272363654,0.016991813272363654,-0.21801033902387318,0.0407131874080419,FALSE,0.3927789934354486,0.4420131291028446,0.41739606126914663,2
NLN,FALSE,-0.05930844686349744,0.05930844686349744,-0.059101786774945084,0.15029387686831383,FALSE,0.8960612691466083,0.7888402625820568,0.8424507658643325,4
NLRX1,FALSE,-0.013900634499640671,0.013900634499640671,-0.06812015088815845,0.14246511747913174,FALSE,0.3599562363238512,0.7702407002188184,0.5650984682713348,4
NME3,FALSE,-0.008592806985588619,0.008592806985588619,0.13974687911366707,0,FALSE,0.30087527352297594,0,0.15043763676148797,8
NMNAT3,FALSE,0.005979286261862227,0,0.15464866869841598,0.013575362781869962,FALSE,0,0.350109409190372,0.175054704595186,9
NNT,FALSE,-0.04648334839620245,0.04648334839620245,-0.022904296246461137,0.18837479484221728,TRUE,0.7844638949671773,0.8829321663019694,0.8336980306345734,5
NOA1,FALSE,-0.05047450530473663,0.05047450530473663,-0.17638842915011885,0.10152394023826818,FALSE,0.8293216630196938,0.6477024070021882,0.738512035010941,3
NT5DC3,FALSE,-0.04943312663305546,0.04943312663305546,-0.21319517477016753,0.07267631740081923,FALSE,0.8194748358862144,0.5470459518599562,0.6832603938730852,2
NTHL1,FALSE,-0.002630403325315167,0.002630403325315167,-0.4996856491478329,0,FALSE,0.24507658643326038,0,0.12253829321663019,1
NUBPL,FALSE,0.015933324855011838,0,-0.08879081429743428,0.04698336105213255,FALSE,0,0.462800875273523,0.2314004376367615,4
NUDT2,FALSE,0.005754842389504244,0,-0.06038414503921221,0.14243059699261434,FALSE,0,0.7680525164113786,0.3840262582056893,4
NUDT5,FALSE,0.026623263671149294,0,0.03018203508289013,0,FALSE,0,0,0,6
NUDT6,FALSE,0.004155780400044787,0,0.06800263472568621,0.017058335599207625,FALSE,0,0.3665207877461707,0.18326039387308535,7
NUDT8,FALSE,0.017812400307130105,0,0.11698857521546506,0.04879746056598354,FALSE,0,0.4704595185995623,0.23522975929978115,8
NUDT9,FALSE,0.0011214696325302954,0,-0.030345567850712973,0.11177682734881358,FALSE,0,0.688183807439825,0.3440919037199125,5
OCIAD1,FALSE,-0.019983464545270842,0.019983464545270842,0.018488563700180375,0.15554232127585085,FALSE,0.437636761487965,0.8041575492341356,0.6208971553610503,6
OCIAD2,FALSE,-0.013429958410121984,0.013429958410121984,0.19291334224372034,0.10200663505430993,FALSE,0.349015317286652,0.6520787746170679,0.50054704595186,9
OGDHL,FALSE,-0.03930279948797588,0.03930279948797588,-0.503015982566831,0.13027759436989705,FALSE,0.7024070021881839,0.7341356673960613,0.7182713347921226,1
OMA1,FALSE,0.02375916072578571,0,0.16808153698258413,0.042092005063802285,FALSE,0,0.4474835886214442,0.2237417943107221,9
OPA1,FALSE,-0.0423312868477527,0.0423312868477527,-0.1715448130172448,0.23732236414778726,FALSE,0.7417943107221007,0.9562363238512035,0.8490153172866521,3
OPA3,FALSE,-0.05565286249681289,0.05565286249681289,0.05083607001184107,0,FALSE,0.8708971553610503,0,0.43544857768052514,7
OSBPL1A,FALSE,-0.020244029293869106,0.020244029293869106,-0.06744194989515252,0.23783999919935067,FALSE,0.4431072210065646,0.9584245076586433,0.7007658643326039,4
OSGEPL1,FALSE,-0.07920215368734691,0.07920215368734691,0.15006661957437514,0.10775416156533517,FALSE,0.9781181619256017,0.675054704595186,0.8265864332603938,9
OXA1L,FALSE,-0.03993128054801853,0.03993128054801853,0.3329616306436472,0.16107372024143318,FALSE,0.7089715536105032,0.824945295404814,0.7669584245076586,10
OXCT1,FALSE,-0.027643465755095215,0.027643465755095215,-0.05186339820973465,0.10045898538426376,FALSE,0.5415754923413567,0.6422319474835887,0.5919037199124727,5
OXLD1,FALSE,-0.02545339442084174,0.02545339442084174,0.10080546263923754,0.1378544566085029,FALSE,0.5175054704595186,0.7582056892778993,0.6378555798687089,8
OXNAD1,FALSE,-0.017342093917771327,0.017342093917771327,0.017392630616007543,0,FALSE,0.3993435448577681,0,0.19967177242888404,6
OXR1,FALSE,-0.01743104103675036,0.01743104103675036,-0.315298729099915,0,TRUE,0.4015317286652078,0,0.2007658643326039,2
OXSM,FALSE,-0.07295489171703819,0.07295489171703819,-0.011231564024263771,0.0557101066257346,FALSE,0.9671772428884027,0.49781181619256015,0.7324945295404814,5
PAICS,FALSE,0.026622630144583513,0,-0.07081219096732823,0,FALSE,0,0,0,4
PANK2,FALSE,0.008679052596679282,0,0.13676562495960587,0,FALSE,0,0,0,8
PARK7,FALSE,0.031587645335230737,0,-0.052592665066071735,0,FALSE,0,0,0,5
PARL,FALSE,-0.01164060161206687,0.01164060161206687,0.20637218062053436,0,FALSE,0.32713347921225383,0,0.16356673960612692,9
PARS2,FALSE,-0.04796886548596324,0.04796886548596324,0.03271551685448145,0.187164539694849,FALSE,0.7986870897155361,0.8774617067833698,0.838074398249453,6
PCBD2,FALSE,0.003876249314922031,0,0.515262460630205,0,FALSE,0,0,0,10
PCCA,FALSE,-0.027198244612354178,0.027198244612354178,-0.08735469722974157,0.030977028604108187,FALSE,0.537199124726477,0.4102844638949672,0.4737417943107221,4
PDE12,FALSE,3.79790596857707e-4,0,0.035245217084627856,0.03776331400556266,FALSE,0,0.43326039387308535,0.21663019693654267,6
PDE2A,FALSE,-0.0038321183823906563,0.0038321183823906563,0.07110532194288254,0.06769907094500643,FALSE,0.2603938730853392,0.5306345733041575,0.3955142231947484,7
PDF,FALSE,0.015537737487066494,0,0.25762618226453127,0,FALSE,0,0,0,10
PDP1,FALSE,-0.03223245613643905,0.03223245613643905,-0.07029455362057982,0.1163584036394564,FALSE,0.6148796498905909,0.7035010940919038,0.6591903719912473,4
PDPR,FALSE,-0.008024692845365854,0.008024692845365854,-0.001245165583986762,0.017073897372045545,FALSE,0.29540481400437635,0.3676148796498906,0.33150984682713347,6
PET100,FALSE,-0.04045782001898554,0.04045782001898554,0.13096832587522217,0.048856624964120826,FALSE,0.7133479212253829,0.47155361050328226,0.5924507658643325,8
PEX11B,FALSE,0.024538496130805963,0,-0.05761948830171126,0,FALSE,0,0,0,4
PGS1,FALSE,-0.03410958273310327,0.03410958273310327,0.3285684844930566,0.03319950943871884,FALSE,0.6433260393873084,0.41794310722100664,0.5306345733041575,10
PHYH,FALSE,-0.011160953538374985,0.011160953538374985,0.12239195616531892,0.15438354588173514,FALSE,0.3227571115973742,0.8008752735229759,0.561816192560175,8
PICK1,FALSE,-0.038945785666166216,0.038945785666166216,0.20186291770967132,0.17541837023387716,FALSE,0.6958424507658644,0.8610503282275711,0.7784463894967177,9
PIGBOS1,FALSE,-0.028076987322720653,0.028076987322720653,0.2292869746736664,0.16861064465475478,FALSE,0.5514223194748359,0.8468271334792122,0.6991247264770241,9
PISD,FALSE,-0.027772380081166614,0.027772380081166614,0.06798958637038101,0.22178966432461383,FALSE,0.5437636761487965,0.9321663019693655,0.7379649890590809,7
PLGRKT,FALSE,0.014969862795848913,0,0.02837319326145436,0.13557608575152186,FALSE,0,0.74945295404814,0.37472647702407,6
PNKD,FALSE,-0.019057702809795518,0.019057702809795518,0.2622159066218021,0,FALSE,0.4234135667396061,0,0.21170678336980306,10
PNPLA8,FALSE,-0.014747647146608422,0.014747647146608422,-0.16511182838837393,0.1058268461536788,FALSE,0.3698030634573304,0.6684901531728665,0.5191466083150984,3
PNPO,FALSE,0.017034836006550286,0,0.18231835529055662,0.015001638942619978,FALSE,0,0.35667396061269147,0.17833698030634573,9
POLB,FALSE,0.04197149794107151,0,0.04231170936156607,0,FALSE,0,0,0,6
POLG2,FALSE,-0.01376628714911382,0.01376628714911382,0.34222808425780366,0,FALSE,0.35667396061269147,0,0.17833698030634573,10
PPM1K,FALSE,-0.02299022077734672,0.02299022077734672,0.15086928988627013,0,FALSE,0.49015317286652077,0,0.24507658643326038,9
PPTC7,FALSE,-0.03005719689243433,0.03005719689243433,-0.101559529029913,0.024931763085389722,FALSE,0.5787746170678337,0.3905908096280088,0.48468271334792123,3
PRDX2,FALSE,0.027699023604927347,0,0.01535082725218068,0,FALSE,0,0,0,6
PRDX5,FALSE,-0.0016471321465846012,0.0016471321465846012,-0.20424338326364688,0,FALSE,0.2286652078774617,0,0.11433260393873085,2
PRDX6,FALSE,0.03996641632454845,0,-0.20376757501865508,0,TRUE,0,0,0,2
PREPL,FALSE,0.012321197160304373,0,-0.09095069450180161,0,TRUE,0,0,0,4
PRKACA,FALSE,-0.013418045093567588,0.013418045093567588,-0.952622773074516,0.12282370552414068,FALSE,0.3479212253829322,0.7177242888402627,0.5328227571115974,1
PRODH,FALSE,-0.12255900762423357,0.12255900762423357,0.025246128668726206,0.1196946346094846,FALSE,0.9989059080962801,0.7100656455142232,0.8544857768052516,6
PTGES2,FALSE,-0.010618665226808599,0.010618665226808599,-0.2187103687794437,0,FALSE,0.3161925601750547,0,0.15809628008752735,2
PTRH1,FALSE,-0.02940562691223686,0.02940562691223686,0.23117475886280506,0.18745352155458778,FALSE,0.5711159737417943,0.8807439824945296,0.725929978118162,10
PTRH2,FALSE,-0.004209521980336861,0.004209521980336861,-0.40021131590907033,0.09607616714218452,FALSE,0.2636761487964989,0.6225382932166302,0.4431072210065646,1
PUS1,FALSE,-0.030725381098410817,0.030725381098410817,0.11573845587568303,0.22247294465780287,FALSE,0.5919037199124726,0.9332603938730855,0.762582056892779,8
PUSL1,FALSE,-0.010257959672169248,0.010257959672169248,0.2751792260905883,0,FALSE,0.31291028446389496,0,0.15645514223194748,10
PYURF,FALSE,-0.0038442470705599696,0.0038442470705599696,-3.169611989479676,0.11002062918580074,FALSE,0.2614879649890591,0.6805251641137856,0.4710065645514223,1
QDPR,FALSE,0.04975112339112134,0,-0.004811346074199381,0,FALSE,0,0,0,6
QTRT1,FALSE,0.01443564442449602,0,0.13525646029837818,0.00869258345183943,FALSE,0,0.3315098468271335,0.16575492341356676,8
RAB24,FALSE,0.012968008777414802,0,0.07056006803455021,0,FALSE,0,0,0,7
RARS2,FALSE,-0.03621345536153151,0.03621345536153151,-0.06330015095776417,0.13321067659895053,FALSE,0.6663019693654267,0.7417943107221007,0.7040481400437637,4
RDH13,FALSE,-0.01829982645475907,0.01829982645475907,0.05365632815833127,0,FALSE,0.4102844638949672,0,0.2051422319474836,7
RDH14,FALSE,-0.005938019028415065,0.005938019028415065,0.276643530127045,0.00430667267956242,FALSE,0.28227571115973743,0.31181619256017507,0.29704595185995625,10
REXO2,FALSE,0.01407497217064066,0,-0.018065999549867658,0,FALSE,0,0,0,5
RFK,FALSE,-0.04649402907080388,0.04649402907080388,0.08453563627520067,0.22452124721196307,FALSE,0.7855579868708972,0.936542669584245,0.8610503282275711,7
RHOT1,FALSE,-0.01870077953286868,0.01870077953286868,-0.09073148390012592,0.11432209340004865,FALSE,0.41794310722100664,0.6958424507658644,0.5568927789934355,4
RHOT2,FALSE,0.003946730310159352,0,-0.31484191663598765,0.007023230001049471,FALSE,0,0.3238512035010941,0.16192560175054704,2
RMDN1,FALSE,-0.019835737565727055,0.019835737565727055,9.9471622433111e-4,0,FALSE,0.4365426695842451,0,0.21827133479212255,6
RMDN3,FALSE,-0.031841731905770915,0.031841731905770915,0.08668217522888776,0.18226998589834267,FALSE,0.6094091903719913,0.8698030634573304,0.7396061269146608,7
RMND1,FALSE,-0.014384409241146534,0.014384409241146534,-0.3010118711562084,0.09954374892427792,FALSE,0.3665207877461707,0.6345733041575492,0.50054704595186,2
ROMO1,FALSE,-0.035581801648028,0.035581801648028,0.12133144178487648,0.25234492138085135,FALSE,0.661925601750547,0.9660831509846827,0.8140043763676148,8
RPIA,FALSE,-0.03972754687462144,0.03972754687462144,0.0025345346157400065,0.14363265920810653,FALSE,0.7067833698030634,0.7746170678336981,0.7407002188183808,6
RPUSD4,FALSE,-0.02280343974440957,0.02280343974440957,-0.15831252773074622,0,FALSE,0.48468271334792123,0,0.24234135667396062,3
RTN4IP1,FALSE,-0.02029313314058684,0.02029313314058684,0.07622732436960382,0.005259493930644667,FALSE,0.44529540481400437,0.3161925601750547,0.38074398249452956,7
SARDH,FALSE,-0.046046168208676255,0.046046168208676255,0.0694064642299267,0,FALSE,0.7833698030634574,0,0.3916849015317287,7
SCO1,FALSE,-0.027282922679456312,0.027282922679456312,0.488451345917607,0,FALSE,0.5393873085339168,0,0.2696936542669584,10
SCO2,FALSE,-0.024635499467996702,0.024635499467996702,0.15413926337089506,0,FALSE,0.5054704595185996,0,0.2527352297592998,9
SCP2,FALSE,0.011012089461038183,0,0.1189157881404731,0.10241197200616185,FALSE,0,0.6542669584245077,0.32713347921225383,8
SDHAF2,FALSE,-0.04911326493819826,0.04911326493819826,0.16938525303407445,0.1578086419011764,FALSE,0.811816192560175,0.8096280087527351,0.8107221006564551,9
SDHC,FALSE,-0.04337430035975362,0.04337430035975362,-0.16812067402616168,0.16991435886082376,FALSE,0.7560175054704595,0.8501094091903721,0.8030634573304158,3
SDHD,FALSE,-0.08829932361631743,0.08829932361631743,-0.1648045052261226,0.22020252835615714,FALSE,0.9923413566739606,0.9310722100656456,0.9617067833698031,3
SDR39U1,FALSE,-0.03623592775279631,0.03623592775279631,0.12414130309011956,0.027243950001539775,FALSE,0.6673960612691466,0.3971553610503282,0.5322757111597374,8
SDSL,FALSE,0.0018306925148083922,0,-0.02454393452705132,0.23670983129478604,FALSE,0,0.9551422319474835,0.47757111597374174,5
SERAC1,FALSE,-0.0072112967263075825,0.0072112967263075825,0.014761572366021682,0,FALSE,0.2921225382932166,0,0.1460612691466083,6
SFXN1,FALSE,-0.03486866641541436,0.03486866641541436,-0.11787588975749802,0.14333642700777943,FALSE,0.6542669584245077,0.7713347921225383,0.712800875273523,3
SFXN3,FALSE,-0.0025277868286223137,0.0025277868286223137,0.14331067895876007,0,FALSE,0.24398249452954046,0,0.12199124726477023,8
SFXN4,FALSE,-0.016948215119124484,0.016948215119124484,0.06963632515078616,0.015992535000196234,FALSE,0.3916849015317287,0.3621444201312911,0.37691466083150993,7
SFXN5,FALSE,-0.044527596551760584,0.044527596551760584,-0.10621195677231225,0,FALSE,0.7636761487964989,0,0.38183807439824946,3
SIRT3,FALSE,-0.017592169736376798,0.017592169736376798,-0.10941402633719309,0,FALSE,0.40481400437636755,0,0.20240700218818378,3
SIRT5,FALSE,-0.014001224958571729,0.014001224958571729,0.1835564689961938,0,FALSE,0.3621444201312911,0,0.18107221006564556,9
SLC25A1,FALSE,-0.013748091527245612,0.013748091527245612,0.10723042096185094,0.09692407324791487,FALSE,0.3533916849015317,0.6258205689277899,0.4896061269146608,8
SLC25A10,FALSE,-0.04481680239274488,0.04481680239274488,0.2193998751182574,0.2430935367070245,FALSE,0.7680525164113786,0.9638949671772429,0.8659737417943107,9
SLC25A11,FALSE,-0.04143363928970248,0.04143363928970248,-0.09157059883285018,0.22967762406819373,TRUE,0.7264770240700219,0.9452954048140044,0.8358862144420132,4
SLC25A12,FALSE,-0.008053067371219469,0.008053067371219469,-0.26375915704946046,0,FALSE,0.2964989059080963,0,0.14824945295404815,2
SLC25A14,FALSE,-0.01258303598415994,0.01258303598415994,0.26099163412154175,0,FALSE,0.3413566739606127,0,0.17067833698030635,10
SLC25A15,FALSE,-0.027244201576328064,0.027244201576328064,0.27002140619876447,0.14860812909506502,FALSE,0.5382932166301969,0.7844638949671773,0.6613785557986871,10
SLC25A16,FALSE,-0.07155379580721943,0.07155379580721943,-0.3326302566596452,0.13212946609195952,FALSE,0.9584245076586433,0.7407002188183808,0.8495623632385121,2
SLC25A18,FALSE,-0.011791591947180602,0.011791591947180602,-0.49047196874570353,0,FALSE,0.3304157549234136,0,0.1652078774617068,1
SLC25A19,FALSE,-0.03025993431715257,0.03025993431715257,-0.13325596116173838,0,TRUE,0.5831509846827133,0,0.29157549234135666,3
SLC25A20,FALSE,-0.02081222597555571,0.02081222597555571,0.16517903010369536,0,FALSE,0.45185995623632386,0,0.22592997811816193,9
SLC25A22,FALSE,-0.03391120202234492,0.03391120202234492,-0.015112568010296151,0.10507123980675279,FALSE,0.637855579868709,0.6652078774617067,0.6515317286652078,5
SLC25A23,FALSE,-0.021721322012377663,0.021721322012377663,0.04856956560396727,0,FALSE,0.4617067833698031,0,0.23085339168490154,7
SLC25A24,FALSE,-0.03717117508684806,0.03717117508684806,-0.025728147297569535,0.09971591112939006,FALSE,0.6728665207877462,0.637855579868709,0.6553610503282277,5
SLC25A25,FALSE,-0.017527321277239327,0.017527321277239327,-0.1465237558401794,0,FALSE,0.4026258205689278,0,0.2013129102844639,3
SLC25A26,FALSE,-0.02182395930077613,0.02182395930077613,-0.356650382291718,0,FALSE,0.4649890590809628,0,0.2324945295404814,2
SLC25A27,FALSE,-0.06230993797346539,0.06230993797346539,-0.049412913913988096,0.2174390957239244,FALSE,0.9234135667396062,0.925601750547046,0.9245076586433261,5
SLC25A28,FALSE,-0.022862201927975306,0.022862201927975306,0.12697383295038278,0,FALSE,0.4890590809628009,0,0.24452954048140044,8
SLC25A29,FALSE,0.0311329221496289,0,0.16358390564920655,0,FALSE,0,0,0,9
SLC25A3,FALSE,-0.030668957668373853,0.030668957668373853,-0.5467600261022271,0.17491920856128718,FALSE,0.5897155361050328,0.8599562363238512,0.724835886214442,1
SLC25A32,FALSE,-0.030636158256174037,0.030636158256174037,0.12260680171780655,0.18064541044079405,FALSE,0.5886214442013129,0.8676148796498906,0.7281181619256017,8
SLC25A33,FALSE,-0.06939048677496884,0.06939048677496884,0.3469734320762076,0.19110071008447901,FALSE,0.9529540481400438,0.8894967177242888,0.9212253829321664,10
SLC25A36,FALSE,-0.054133834962337035,0.054133834962337035,0.32126230433700736,0.14902496635933585,FALSE,0.8599562363238512,0.7877461706783371,0.8238512035010941,10
SLC25A4,FALSE,-0.04814778103452169,0.04814778103452169,-0.10600003553267569,0.1521196695350085,TRUE,0.8008752735229759,0.7943107221006565,0.7975929978118161,3
SLC25A40,FALSE,-0.04180498849882458,0.04180498849882458,-0.1272303172477655,0,FALSE,0.7319474835886214,0,0.3659737417943107,3
SLC25A42,FALSE,-0.027872814830244147,0.027872814830244147,0.1651290761616118,0.11988111217124307,FALSE,0.5470459518599562,0.7133479212253829,0.6301969365426696,9
SLC25A44,FALSE,-0.02431007210322883,0.02431007210322883,0.4082111990409514,0,FALSE,0.5010940919037199,0,0.25054704595185995,10
SLC25A46,FALSE,-0.06297072808179184,0.06297072808179184,0.12111554214711341,0.23324675256568536,FALSE,0.925601750547046,0.9518599562363238,0.9387308533916849,8
SLC25A51,FALSE,-0.021946695595631935,0.021946695595631935,0.11434929711627673,0,FALSE,0.4682713347921225,0,0.23413566739606126,8
SLC30A9,FALSE,-0.004503807674140332,0.004503807674140332,-0.03885586122277568,0,FALSE,0.2658643326039387,0,0.13293216630196936,5
SMDT1,FALSE,-0.029509034169899584,0.029509034169899584,1.1312478190868682,0.14772937725305188,FALSE,0.5733041575492341,0.7833698030634574,0.6783369803063457,10
SMIM20,FALSE,-0.0067525514073695225,0.0067525514073695225,0.20102529333661512,0.01660695035014359,FALSE,0.28774617067833697,0.36542669584245074,0.3265864332603938,9
SNAP29,FALSE,0.0024092383903650677,0,-0.06005797061066303,0,FALSE,0,0,0,4
SND1,FALSE,-0.0030902065462993233,0.0030902065462993233,-0.15801048987455169,0,FALSE,0.2527352297592998,0,0.1263676148796499,3
SOD1,FALSE,0.023902981445838578,0,-0.867445709120265,0,FALSE,0,0,0,1
SPATA20,FALSE,0.01971526018166952,0,-0.0037432615544494927,0.055413238405509796,FALSE,0,0.49671772428884026,0.24835886214442013,6
SPG7,FALSE,-0.04573848967772319,0.04573848967772319,0.12155868863167882,0.15900858357991535,TRUE,0.7789934354485777,0.8150984682713349,0.7970459518599563,8
SPHK2,FALSE,0.06276495277327267,0,-0.10659974869532506,0,FALSE,0,0,0,3
SPHKAP,FALSE,-0.02580117526422175,0.02580117526422175,0.03585193465636447,0.014675954791528705,FALSE,0.5229759299781181,0.3544857768052516,0.4387308533916849,6
SPIRE1,FALSE,0.0325551737315036,0,0.19708742221878675,0,FALSE,0,0,0,9
SPR,FALSE,0.012726217227651049,0,-0.06003463759309043,0,FALSE,0,0,0,4
SPTLC2,FALSE,0.0023618497525361853,0,-0.10489591526492824,0.06150080591180911,FALSE,0,0.5120350109409191,0.25601750547045954,3
STARD7,FALSE,0.026998935237574854,0,-0.025063321448868237,0,FALSE,0,0,0,5
STOM,FALSE,0.008842386016484294,0,-0.06194602675172159,0,TRUE,0,0,0,4
STX17,FALSE,-0.01649568594746415,0.01649568594746415,0.030010852619593537,0.06516066979539474,FALSE,0.38730853391684905,0.5218818380743983,0.45459518599562365,6
SUOX,FALSE,-0.03609069357788902,0.03609069357788902,0.16685808441731062,0,FALSE,0.6652078774617067,0,0.33260393873085337,9
SURF1,FALSE,0.005136386659437081,0,-0.19314896025048997,0,FALSE,0,0,0,2
TDRKH,FALSE,-0.0034041588642746354,0.0034041588642746354,-0.053173534292820526,0,FALSE,0.25601750547045954,0,0.12800875273522977,5
TEFM,FALSE,-0.05116932678555572,0.05116932678555572,0.1042474321932498,0.11977471031287891,FALSE,0.8402625820568927,0.7111597374179432,0.775711159737418,8
TFB1M,FALSE,-0.04108910512324654,0.04108910512324654,-0.30404873953297273,0.11608910388931713,FALSE,0.7210065645514223,0.7013129102844639,0.711159737417943,2
TFB2M,FALSE,-0.027191977340828927,0.027191977340828927,0.21689093023107073,0.08505845131403324,FALSE,0.5361050328227571,0.5798687089715536,0.5579868708971554,9
THEM4,FALSE,-0.02068748601987023,0.02068748601987023,-0.0206170236101491,0.17293393722546124,FALSE,0.44967177242888406,0.8544857768052516,0.6520787746170679,5
THG1L,FALSE,0.010146878741723375,0,0.33762661220049084,0,FALSE,0,0,0,10
THNSL1,FALSE,-0.03868218921969153,0.03868218921969153,-0.06357551687000766,0.227276917616782,FALSE,0.6903719912472649,0.9431072210065645,0.8167396061269148,4
TIMM10,FALSE,-0.03074228766355125,0.03074228766355125,-0.18084355586772602,0.18719747087237498,FALSE,0.5929978118161926,0.8785557986870898,0.7357768052516411,3
TIMM10B,FALSE,-0.023903824554643877,0.023903824554643877,0.22701603107477794,0.10779398054062976,FALSE,0.49562363238512036,0.6761487964989059,0.5858862144420132,9
TIMM17A,FALSE,-0.03884527120384518,0.03884527120384518,-0.5901562534500799,0,FALSE,0.6936542669584245,0,0.34682713347921224,1
TIMM17B,FALSE,-0.018981415596088347,0.018981415596088347,-0.6873743987732507,0.012719677780739215,FALSE,0.4223194748358862,0.3457330415754923,0.38402625820568925,1
TIMM21,FALSE,-0.016386573034361057,0.016386573034361057,0.18452618659092182,0,FALSE,0.3862144420131291,0,0.19310722100656455,9
TIMM22,FALSE,-0.01837949926715127,0.01837949926715127,-0.01700416397198046,0.1683427077204726,FALSE,0.41137855579868715,0.8457330415754923,0.6285557986870898,5
TIMM23,FALSE,-0.03977834738491459,0.03977834738491459,-0.1870375034898744,0.08731066590295895,FALSE,0.7078774617067833,0.5864332603938731,0.6471553610503282,3
TIMM50,FALSE,-0.021118323566640507,0.021118323566640507,-0.08997980135828938,0,FALSE,0.4540481400437637,0,0.22702407002188185,4
TIMM8A,FALSE,-0.05983842401433191,0.05983842401433191,-0.14107362362852433,0.20763175929521982,FALSE,0.8982494529540481,0.9070021881838073,0.9026258205689277,3
TIMM9,FALSE,-0.019802197547619,0.019802197547619,0.2501980590151084,0.10617625829157927,FALSE,0.43544857768052514,0.6695842450765865,0.5525164113785559,10
TIMMDC1,FALSE,-0.002411501796984794,0.002411501796984794,0.15096391923582048,0,FALSE,0.24070021881838075,0,0.12035010940919037,9
TK2,FALSE,0.001868189743901405,0,-0.1999961339605906,0,FALSE,0,0,0,2
TMEM11,FALSE,-0.025219714612144506,0.025219714612144506,0.19729092457576167,0.03581807525420963,FALSE,0.513129102844639,0.424507658643326,0.4688183807439825,9
TMEM126A,FALSE,-0.030828498954324986,0.030828498954324986,0.03821119123901656,0,FALSE,0.5962800875273523,0,0.29814004376367614,6
TMEM126B,FALSE,-0.050499828697895655,0.050499828697895655,0.3513953413144617,0.06980616027038263,FALSE,0.8304157549234135,0.5361050328227571,0.6832603938730852,10
TMEM143,FALSE,-0.03355969314566255,0.03355969314566255,0.1350498203571524,0.193932911051458,FALSE,0.6312910284463895,0.8960612691466083,0.7636761487964989,8
TMEM14C,FALSE,0.016131971400018222,0,0.08544660296794487,0.002237063035585942,FALSE,0,0.3074398249452954,0.1537199124726477,7
TMEM177,FALSE,-0.029264795784042785,0.029264795784042785,0.3301450840795174,0.04609312440821434,FALSE,0.5678336980306345,0.4573304157549234,0.512582056892779,10
TMEM186,FALSE,-0.019736713666719544,0.019736713666719544,-0.06365935056770515,0.08997638027931897,FALSE,0.43326039387308535,0.5984682713347921,0.5158643326039387,4
TMEM205,FALSE,0.02450231392819886,0,0.017473604605678452,0.020128981955452846,FALSE,0,0.3785557986870897,0.18927789934354486,6
TMEM65,FALSE,-0.06247031250836815,0.06247031250836815,0.24404934866089428,0,FALSE,0.9245076586433261,0,0.46225382932166303,10
TMEM70,FALSE,0.01316283642859141,0,-0.06312152506976342,0.0644678622046505,FALSE,0,0.5207877461706784,0.2603938730853392,4
TMLHE,FALSE,-0.04299372774038679,0.04299372774038679,-0.5458440660698544,0.05768236055406303,FALSE,0.7483588621444202,0.5032822757111597,0.6258205689277899,1
TOMM20,FALSE,-0.03363943230989208,0.03363943230989208,-0.7885033196487776,0.08642176390514412,FALSE,0.6323851203501094,0.5842450765864332,0.6083150984682713,1
TOMM22,FALSE,-0.013544299580464103,0.013544299580464103,-0.9036659986982433,0.16696157570737735,FALSE,0.35120350109409193,0.8424507658643328,0.5968271334792123,1
TOMM34,FALSE,0.0015045963234575216,0,0.052126319829234935,0,FALSE,0,0,0,7
TOMM40,FALSE,-0.03327382894133282,0.03327382894133282,-0.032167463271086834,0.07174559162278205,FALSE,0.6269146608315098,0.5426695842450766,0.5847921225382933,5
TOMM40L,FALSE,-0.004770503621859157,0.004770503621859157,0.16942227256906048,0,FALSE,0.2713347921225383,0,0.13566739606126915,9
TOMM5,FALSE,-0.024000638523311024,0.024000638523311024,0.27812467632301163,0.021060473250227873,FALSE,0.49671772428884026,0.38074398249452956,0.43873085339168494,10
TOMM6,FALSE,-0.004646071238980198,0.004646071238980198,-0.6090392373369065,0.018457030590645383,FALSE,0.26914660831509846,0.37089715536105033,0.3200218818380744,1
TRIAP1,FALSE,-0.03274913564528717,0.03274913564528717,-0.18859504722915935,0.07525802447635853,FALSE,0.6214442013129103,0.5557986870897156,0.5886214442013129,3
TRMT1,FALSE,-0.008484132152197427,0.008484132152197427,-0.0958945655959907,0.005159080633853548,FALSE,0.29978118161925604,0.3150984682713348,0.3074398249452954,4
TRMT10C,FALSE,-0.06297506660014499,0.06297506660014499,-0.09750089262117559,0.1693629237609366,FALSE,0.926695842450766,0.849015317286652,0.887855579868709,4
TRMT5,FALSE,-0.030898886509735157,0.030898886509735157,-0.07126371549806165,0,FALSE,0.5973741794310722,0,0.2986870897155361,4
TRMT61B,FALSE,-0.021516677583010735,0.021516677583010735,-0.3997592406565716,0.012384324789979752,FALSE,0.45951859956236324,0.34463894967177244,0.40207877461706787,1
TRNT1,FALSE,0.01613510232035631,0,-0.09572164611845184,0,FALSE,0,0,0,4
TSPO,FALSE,0.03434353460899649,0,0.1021709795096335,0,FALSE,0,0,0,8
TSTD1,FALSE,-0.00695322541017495,0.00695322541017495,-0.03543762041144493,0.030949633140959287,FALSE,0.2888402625820569,0.40919037199124725,0.3490153172866521,5
TTC19,FALSE,-0.08003196717588967,0.08003196717588967,-0.05145523567803769,0.1608196450063897,FALSE,0.9846827133479212,0.8227571115973743,0.9037199124726478,5
TXN2,FALSE,-0.0011537251283826322,0.0011537251283826322,-1.4158708561285949,0.008132998336314656,FALSE,0.22319474835886216,0.3282275711159738,0.275711159737418,1
TXNRD1,FALSE,0.019007323398046713,0,-0.08049470740602187,0,FALSE,0,0,0,4
TXNRD2,FALSE,0.02909911665628312,0,0.08186330955457914,7.359358054097005e-4,FALSE,0,0.30306345733041573,0.15153172866520787,7
UNG,FALSE,-0.0161719332949741,0.0161719332949741,0.09994784512956437,0,FALSE,0.38183807439824946,0,0.19091903719912473,8
UQCC1,FALSE,-7.617498280040325e-4,7.617498280040325e-4,-0.48716325578391734,0.08736576475899792,FALSE,0.21772428884026257,0.587527352297593,0.4026258205689278,1
UQCC2,FALSE,-0.018622796108431178,0.018622796108431178,-0.08527950695978659,0.041903196597690186,FALSE,0.4146608315098469,0.4463894967177243,0.4305251641137856,4
UQCR10,FALSE,-0.04899227853357119,0.04899227853357119,-0.45473369977187444,0,FALSE,0.8096280087527351,0,0.40481400437636755,1
UQCR11,FALSE,0.004501473340390305,0,-4.043760961697341,0,FALSE,0,0,0,1
UQCRB,FALSE,-0.039202976761571695,0.039202976761571695,-0.40051969712195223,0.14354853961147843,TRUE,0.698030634573304,0.7735229759299781,0.7357768052516411,1
UQCRH,FALSE,-0.0414765395530885,0.0414765395530885,-0.7794663060006675,0.11392551267336275,FALSE,0.7286652078774617,0.6925601750547046,0.7106126914660831,1
UQCRQ,FALSE,-0.04278188062664584,0.04278188062664584,0.32303390880935373,0.07581886637487902,FALSE,0.7472647702407003,0.5568927789934355,0.6520787746170679,10
USP30,FALSE,0.008716644847910252,0,-0.06954898339216523,0.07061889677958902,FALSE,0,0.5393873085339168,0.2696936542669584,4
VDAC1,FALSE,-0.01665516519171406,0.01665516519171406,-0.21125675399630497,0,FALSE,0.38840262582056895,0,0.19420131291028447,2
VDAC2,FALSE,-0.014822337371108468,0.014822337371108468,-0.2518049576803315,0.06754533267744135,FALSE,0.37199124726477023,0.5295404814004376,0.4507658643326039,2
VDAC3,FALSE,-0.010646670081376087,0.010646670081376087,9.242897944468243e-4,0.16017721527657797,FALSE,0.3172866520787746,0.8205689277899344,0.5689277899343546,6
VPS13D,FALSE,-0.02430993711636683,0.02430993711636683,-0.023923778616729098,0,FALSE,0.5,0,0.25,5
VWA8,FALSE,0.011741122534854237,0,0.11807098030577981,0,FALSE,0,0,0,8
WARS2,FALSE,-0.0070517146148327825,0.0070517146148327825,0.166166953821932,0,FALSE,0.2910284463894967,0,0.14551422319474835,9
YME1L1,FALSE,0.0026523567204384604,0,0.029355750797562426,0.09178878364694835,FALSE,0,0.6072210065645515,0.30361050328227573,6
YRDC,FALSE,0.020172822283826317,0,-0.05286850757062742,0,FALSE,0,0,0,5
