gene,outcome,n,estimate,std.error,statistic,p.value,conf.low,conf.high,r_squared,adj_r_squared,model_status,q.value,direction,cognition_associated_nominal,cognition_associated_fdr
MRPL47,Final cognitive diagnosis,231,0.28051746177722825,0.05394599098552009,5.199968647392599,4.504226413316588e-7,0.17420831124044506,0.38682661231401144,0.33205456532637273,0.31108766827383727,ok,1.3782932824748758e-4,higher abundance = better cognition,TRUE,TRUE
PDHX,Final cognitive diagnosis,231,0.2633492063724645,0.05490387209989536,4.796550703988807,2.95240355730852e-6,0.15515239883422227,0.37154601391070674,0.32110497874699123,0.29979437269869047,ok,4.517177442682035e-4,higher abundance = better cognition,TRUE,TRUE
NDUFV1,Final cognitive diagnosis,231,0.24499739165357545,0.05419827210961123,4.52039118808234,1.0018995540348558e-5,0.1381910810589523,0.35180370224819857,0.3139294335980555,0.29239358622220957,ok,0.0010219375451155528,higher abundance = better cognition,TRUE,TRUE
POLDIP2,Final cognitive diagnosis,231,0.24027918212267696,0.054586179996955655,4.401831784823148,1.6647986173692182e-5,0.1327084373738796,0.3478499268714743,0.31093518378966195,0.28930534650951667,ok,0.001273570942287452,higher abundance = better cognition,TRUE,TRUE
NDUFAF7,Final cognitive diagnosis,231,0.2370983632276309,0.05509843253697164,4.303178009075582,2.5204668199338527e-5,0.12851814342064016,0.3456785830346216,0.30848502217169793,0.28677827398874667,ok,0.0013766401281050974,higher abundance = better cognition,TRUE,TRUE
NDUFA2,Final cognitive diagnosis,231,0.2334531399544276,0.054459780402852986,4.286707332044212,2.6992943688335244e-5,0.12613148569839472,0.3407747942104605,0.308079694199859,0.2863602227173432,ok,0.0013766401281050974,higher abundance = better cognition,TRUE,TRUE
PDHA1,Final cognitive diagnosis,231,0.23189671816811974,0.055885749565706966,4.149478533798139,4.741184551770446e-5,0.12176496500343312,0.34202847133280634,0.30474511053985437,0.2829209660276525,ok,0.0020725749612025093,higher abundance = better cognition,TRUE,TRUE
COX7A2L,Final cognitive diagnosis,231,0.22357826992945523,0.05493805703726158,4.069642830248145,6.537346255920565e-5,0.11531409553806665,0.3318424443208438,0.30284075214431144,0.28095682956588175,ok,0.0025005349428896158,higher abundance = better cognition,TRUE,TRUE
UQCRC2,Final cognitive diagnosis,231,0.21573250316609,0.0550812522660158,3.9166230666689708,1.1938990813705474e-4,0.10718613981400797,0.324278866518172,0.2992661602511593,0.2772700307523167,ok,0.0031089290486794475,higher abundance = better cognition,TRUE,TRUE
MRPL9,Final cognitive diagnosis,231,0.2153708387591598,0.054765318824241856,3.9326136208637563,1.122006521369376e-4,0.10744707247513731,0.3232946050431823,0.2996349837356074,0.27765043165555914,ok,0.0031089290486794475,higher abundance = better cognition,TRUE,TRUE
NDUFB1,Final cognitive diagnosis,231,0.21523764975637533,0.05509444505036128,3.9067032903159062,1.2406729478394785e-4,0.10666528792560451,0.3238100115871462,0.29903792063211726,0.27703462666092804,ok,0.0031089290486794475,higher abundance = better cognition,TRUE,TRUE
MRPL44,Final cognitive diagnosis,231,0.21414781741866115,0.05504364395723618,3.890509458004528,1.3207868507461704e-4,0.10567556721727757,0.32262006762004475,0.2986662498896349,0.27665128912383863,ok,0.0031089290486794475,higher abundance = better cognition,TRUE,TRUE
GNG12,Final cognitive diagnosis,231,-0.2296155455216716,0.058046688868113074,-3.9557044510045576,1.0254095126675858e-4,-0.3440057730864671,-0.11522531795687609,0.3001695374333086,0.27820176506574423,ok,0.0031089290486794475,higher abundance = worse cognition,FALSE,FALSE
MRPL48,Final cognitive diagnosis,231,0.21587153258183644,0.05580029055481729,3.8686453141273125,1.4367640682697721e-4,0.10590818998274373,0.32583487518092913,0.29816626605913205,0.2761356107336338,ok,0.003140355749218216,higher abundance = better cognition,TRUE,TRUE
NDUFS4,Final cognitive diagnosis,231,0.20981360841219482,0.055051520578871506,3.8112227638035527,1.789067370130538e-4,0.10132583607580449,0.31830138074858516,0.29686321815176264,0.27479165997715427,ok,0.003649697435066297,higher abundance = better cognition,TRUE,TRUE
MRPL39,Final cognitive diagnosis,231,0.2096414712116384,0.05573477445774724,3.761412390222705,2.1594811278901913e-4,0.09980723849631577,0.319475703926961,0.2957448448932167,0.27363818083156877,ok,0.004130007657089991,higher abundance = better cognition,TRUE,TRUE
CS,Final cognitive diagnosis,231,0.20443657948893523,0.0546743477071993,3.739168148539536,2.3473407295240045e-4,0.09669208625188991,0.31218107272598056,0.2952490200341125,0.27312679196343437,ok,0.004225213313143208,higher abundance = better cognition,TRUE,TRUE
MRPL49,Final cognitive diagnosis,231,0.2026319449690898,0.055031611844304655,3.6821008540032545,2.90237411109673e-4,0.09418340595887251,0.3110804839793071,0.29398729781461197,0.2718254641137253,ok,0.004934035988864441,higher abundance = better cognition,TRUE,TRUE
NDUFA6,Final cognitive diagnosis,231,0.19811167479580777,0.055148976997245025,3.592300085742379,4.032488878548552e-4,0.08943184909525867,0.30679150049635684,0.29203226813472466,0.26980906578917785,ok,0.006494429457030826,higher abundance = better cognition,TRUE,TRUE
AFG3L2,Final cognitive diagnosis,231,0.19683194796621972,0.05537025737517911,3.554831732721073,4.616928736641762e-4,0.08771605410603771,0.3059478418264017,0.29122769284540034,0.2689792347732828,ok,0.007063900967061896,higher abundance = better cognition,TRUE,TRUE
NDUFA8,Final cognitive diagnosis,231,0.1952070718814858,0.055332989714944214,3.527860556371938,5.085913623314099e-4,0.08616461986989507,0.3042495238930766,0.29065263165967986,0.26838612233958004,ok,0.0074109027082576865,higher abundance = better cognition,TRUE,TRUE
NDUFS1,Final cognitive diagnosis,231,0.19314431222472397,0.055004973425280775,3.511397246416142,5.393782665009173e-4,0.08474826845365861,0.3015403559957893,0.29030330972430024,0.2680258351416548,ok,0.0075022613431491225,higher abundance = better cognition,TRUE,TRUE
PPOX,Final cognitive diagnosis,231,0.19072185849704654,0.05537090426670522,3.444441824146413,6.835079350852092e-4,0.0816046898342819,0.29983902715981114,0.2888959948629346,0.2665743444774661,ok,0.009093627310264089,higher abundance = better cognition,TRUE,TRUE
ATAD3A,Final cognitive diagnosis,231,0.18859233518770083,0.054999642764802986,3.4289738206879856,7.215810150552162e-4,0.08020679633047319,0.2969778740449285,0.2885739474255824,0.2662421879277307,ok,0.009200157941954007,higher abundance = better cognition,TRUE,TRUE
RPS3,Final cognitive diagnosis,231,0.1953620062188195,0.05802965563898893,3.3665891011691578,8.961798955323749e-4,0.08100534533962944,0.30971866709800955,0.28728688898105165,0.26491472854547915,ok,0.009276564318373218,higher abundance = better cognition,TRUE,TRUE
BCKDHB,Final cognitive diagnosis,231,0.19127525233918777,0.05691236362338562,3.360873458093237,9.140087339881913e-4,0.07912039298241669,0.30343011169595885,0.28716992093215327,0.2647940888537902,ok,0.009276564318373218,higher abundance = better cognition,TRUE,TRUE
ABHD11,Final cognitive diagnosis,231,0.1902291434401786,0.05596205569675952,3.3992522446096243,8.003662138349398e-4,0.07994701691456656,0.30051126996579064,0.28795839513418164,0.2656073133670931,ok,0.009276564318373218,higher abundance = better cognition,TRUE,TRUE
CYC1,Final cognitive diagnosis,231,0.18968320111974912,0.05615521039768504,3.3778379562009206,8.620352061874306e-4,0.07902043255193063,0.3003459696875676,0.28751755965559456,0.265152640003528,ok,0.009276564318373218,higher abundance = better cognition,TRUE,TRUE
DLD,Final cognitive diagnosis,231,0.188825167743158,0.05557415324430343,3.3977156055457005,8.04650365354808e-4,0.07930746466140873,0.2983428708249073,0.28792668725057535,0.26557461016875483,ok,0.009276564318373218,higher abundance = better cognition,TRUE,TRUE
NUDT19,Final cognitive diagnosis,231,0.18740520193206187,0.05568343468599782,3.365546737352875,8.99406959846347e-4,0.07767214239798449,0.29713826146613925,0.28726554552276273,0.26489271511316326,ok,0.009276564318373218,higher abundance = better cognition,TRUE,TRUE
MRPL37,Final cognitive diagnosis,231,0.18735780150210027,0.055954627973231925,3.34838794016699,9.541119597660576e-4,0.07709031248641647,0.2976252905177841,0.2869149687680668,0.2645311337069747,ok,0.009276564318373218,higher abundance = better cognition,TRUE,TRUE
NDUFS2,Final cognitive diagnosis,231,0.18514046106299478,0.055521584872176795,3.3345672946698093,0.0010004137990402488,0.07572635231483342,0.29455456981115613,0.2866336485728733,0.26424098283300834,ok,0.009276564318373218,higher abundance = better cognition,TRUE,TRUE
YARS2,Final cognitive diagnosis,231,0.18403731656855876,0.05514413130762923,3.3373871743827266,9.90799903655529e-4,0.07536704006967249,0.29270759306744504,0.28669097093639956,0.26430010455323716,ok,0.009276564318373218,higher abundance = better cognition,TRUE,TRUE
NDUFB10,Final cognitive diagnosis,231,0.18295416123091965,0.05527828885025394,3.309692919882761,0.0010890642269234584,0.07401950596849625,0.29188881649334303,0.28612970625743916,0.2637212217004977,ok,0.009801578042311125,higher abundance = better cognition,TRUE,TRUE
DLAT,Final cognitive diagnosis,231,0.1839285950071601,0.0557839141493338,3.2971618756400347,0.0011364446881309861,0.07399752471827971,0.2938596652960405,0.2858769950810273,0.2634605778862613,ok,0.009935773559088049,higher abundance = better cognition,TRUE,TRUE
NFS1,Final cognitive diagnosis,231,0.1856228267979648,0.056853813733443156,3.2649142530393833,0.001267338365776535,0.0735833493064648,0.2976623042894648,0.28523025728706225,0.2627935389059385,ok,0.010481230808854587,higher abundance = better cognition,TRUE,TRUE
MRPL15,Final cognitive diagnosis,231,0.18363156341333464,0.056145098490381955,3.270660633800331,0.0012430325349340637,0.07298872196625412,0.2942744048604152,0.28534512310424287,0.2629120103765733,ok,0.010481230808854587,higher abundance = better cognition,TRUE,TRUE
RPL11,Final cognitive diagnosis,231,0.18905843869549926,0.058554848241932064,3.2287409902313007,0.0014307707110593388,0.07366680230715464,0.3044500750838439,0.28451098035110167,0.2620516837701945,ok,0.011402294067735531,higher abundance = better cognition,TRUE,TRUE
PYCR2,Final cognitive diagnosis,231,0.17981242988053614,0.05676361697993294,3.1677408778250227,0.0017513327489659149,0.06795069942957932,0.29167416033149296,0.2833129870029845,0.2608160852497149,ok,0.011402294067735531,higher abundance = better cognition,TRUE,TRUE
MRPL45,Final cognitive diagnosis,231,0.1786545406769908,0.05573782810004268,3.2052655578241667,0.0015470785909151158,0.06881429027411547,0.28849479107986614,0.2840477124140011,0.26157387379022523,ok,0.011402294067735531,higher abundance = better cognition,TRUE,TRUE
PDK3,Final cognitive diagnosis,231,0.17864920634831738,0.056189519989788946,3.179404386810609,0.001685317017645304,0.06791882527537671,0.289379587421258,0.28354059047460783,0.2610508332249317,ok,0.011402294067735531,higher abundance = better cognition,TRUE,TRUE
MRPL14,Final cognitive diagnosis,231,0.17844231211360015,0.05555583651297577,3.2119453744868496,0.0015131215377275785,0.06896070506257496,0.28792391916462534,0.28417924983190607,0.26170954018537385,ok,0.011402294067735531,higher abundance = better cognition,TRUE,TRUE
MRPS35,Final cognitive diagnosis,231,0.1783192758044246,0.056217865366532595,3.171932527886072,0.0017273371723895508,0.06753303566080582,0.2891055159480434,0.2833947038389148,0.2609003671881184,ok,0.011402294067735531,higher abundance = better cognition,TRUE,TRUE
UQCRC1,Final cognitive diagnosis,231,0.17793530549356235,0.05617024440158281,3.167785851552185,0.0017510736623415168,0.0672429100312455,0.2886277009558792,0.2833138632977897,0.26081698905153183,ok,0.011402294067735531,higher abundance = better cognition,TRUE,TRUE
SLC25A5,Final cognitive diagnosis,231,0.17789655258166623,0.05556594287216155,3.201539349218748,0.0015663265235713528,0.06839502934335015,0.28739807581998233,0.2839744347925201,0.26149829597434804,ok,0.011402294067735531,higher abundance = better cognition,TRUE,TRUE
MRPL19,Final cognitive diagnosis,231,0.17731544590537543,0.05552960854623822,3.1931693838203263,0.001610374143427376,0.0678855252320261,0.28674536657872474,0.2838100917788239,0.2613287942113429,ok,0.011402294067735531,higher abundance = better cognition,TRUE,TRUE
NDUFA13,Final cognitive diagnosis,231,0.17694275016457278,0.05538244437297501,3.1949248930391305,0.0016010415954415091,0.06780283988797858,0.286082660441167,0.28384453153207556,0.26136431503308233,ok,0.011402294067735531,higher abundance = better cognition,TRUE,TRUE
NDUFA4,Final cognitive diagnosis,231,0.17518746145714134,0.056027070108412784,3.126836029764761,0.002002236831144057,0.06477721369862131,0.28559770921566136,0.28252024731252556,0.25999846135372584,ok,0.012503764700613908,higher abundance = better cognition,TRUE,TRUE
PPIA,Final cognitive diagnosis,231,-0.17570984145336685,0.056153820733993456,-3.1290807848271416,0.0019876489736240723,-0.286369871467979,-0.06504981143875473,0.2825635288934188,0.2600431015492659,ok,0.012503764700613908,higher abundance = worse cognition,FALSE,FALSE
LRPPRC,Final cognitive diagnosis,231,0.1773165627931042,0.056840372799393434,3.1195531285290308,0.002050249622436109,0.06530357279873128,0.28932955278747713,0.2823800022013732,0.25985381392966733,ok,0.012547527689308986,higher abundance = better cognition,TRUE,TRUE
MRPS30,Final cognitive diagnosis,219,0.1795023149103526,0.05775726495313891,3.107874222506744,0.002143905722092257,0.06564711391217867,0.29335751590852654,0.27979905103317465,0.25590612855560224,ok,0.012636888058803638,higher abundance = better cognition,TRUE,TRUE
PDHB,Final cognitive diagnosis,231,0.1745801461653035,0.056220423006366524,3.105279840130937,0.002147445029600618,0.06378886578582738,0.28537142654477965,0.2821059352119624,0.2595711439405889,ok,0.012636888058803638,higher abundance = better cognition,TRUE,TRUE
GSTK1,Final cognitive diagnosis,231,0.1751062821258796,0.057089465554630646,3.067225808206508,0.0024277397416666174,0.06260241526131917,0.28761014899044,0.28138037794069426,0.2588228113289671,ok,0.013757191869444166,higher abundance = better cognition,TRUE,TRUE
AIFM1,Final cognitive diagnosis,231,0.17071694070073568,0.055600005772092,3.070448254996868,0.002402758036935168,0.061148291103439584,0.2802855902980318,0.28144152855896853,0.25888588147337555,ok,0.013757191869444166,higher abundance = better cognition,TRUE,TRUE
XPNPEP3,Final cognitive diagnosis,231,0.17507607960822863,0.05765603499065674,3.0365612140446356,0.002677724280913791,0.061455697607627716,0.28869646160882956,0.2808011697069332,0.25822542167082796,ok,0.014631850534993216,higher abundance = better cognition,TRUE,TRUE
ATP5D,Final cognitive diagnosis,231,0.1693608355912584,0.055751140259382125,3.037800389432526,0.0026671794985622024,0.059494351462292705,0.2792273197202241,0.2808244810544509,0.25824946476468025,ok,0.014631850534993216,higher abundance = better cognition,TRUE,TRUE
ATP5H,Final cognitive diagnosis,231,0.16828295705330062,0.05575548386123989,3.018231488621115,0.0028382473676013794,0.05840791316641164,0.2781580009401896,0.2804572865694707,0.2578707439954182,ok,0.015236906920807404,higher abundance = better cognition,TRUE,TRUE
TUFM,Final cognitive diagnosis,231,0.16876817925065818,0.05645670391755493,2.9893381572029845,0.003109323216108782,0.05751126977627416,0.28002508872504217,0.279918787963978,0.25731534184625526,ok,0.015857548402154788,higher abundance = better cognition,TRUE,TRUE
MRPL53,Final cognitive diagnosis,231,0.16791881373708034,0.056089922370598753,2.9937430226343142,0.003066517030622745,0.05738470560487474,0.27845292186928594,0.2800006007617829,0.25739972275878953,ok,0.015857548402154788,higher abundance = better cognition,TRUE,TRUE
PMPCB,Final cognitive diagnosis,231,0.1662072034661469,0.05551122022417581,2.9941190770971677,0.0030628877407545088,0.05681351990444458,0.27560088702784924,0.2800075900456508,0.25740693143721827,ok,0.015857548402154788,higher abundance = better cognition,TRUE,TRUE
IARS2,Final cognitive diagnosis,231,0.16554754390656834,0.05564384396754027,2.9751277428486103,0.0032511853353977063,0.05589250417658527,0.2752025836365514,0.2796555490523991,0.2570438398298286,ok,0.01630922479724095,higher abundance = better cognition,TRUE,TRUE
RPS16,Final cognitive diagnosis,231,0.16965591182260698,0.05768446976889652,2.9411020418893665,0.0036153125422769034,0.05597949457146845,0.2833323290737455,0.2790295698959255,0.25639821110342087,ok,0.017655354380117668,higher abundance = better cognition,TRUE,TRUE
UQCRFS1,Final cognitive diagnosis,231,0.1632608240265053,0.05554298764763075,2.9393597813327093,0.003634925901788932,0.05380453770710883,0.27271711034590174,0.27899768178854856,0.2563653220240635,ok,0.017655354380117668,higher abundance = better cognition,TRUE,TRUE
SLIRP,Final cognitive diagnosis,231,0.16388164374193404,0.056158323042670655,2.918207575703644,0.003880940716612862,0.053212741212382744,0.27455054627148534,0.27861182270994483,0.255967350777073,ok,0.01855574780130525,higher abundance = better cognition,TRUE,TRUE
ACADVL,Final cognitive diagnosis,231,0.1639515806723276,0.05631403660187777,2.9113803691859785,0.003963538956890514,0.05297581982200117,0.274927341522654,0.2784877878685836,0.2558394224653553,ok,0.018595490902688878,higher abundance = better cognition,TRUE,TRUE
PHB,Final cognitive diagnosis,231,0.16092775607518567,0.05538401368699989,2.9056716074183644,0.004033836119846818,0.05178475321584597,0.27007075893452537,0.27838426301226726,0.25573264794987205,ok,0.018595490902688878,higher abundance = better cognition,TRUE,TRUE
EEF1A1,Final cognitive diagnosis,231,-0.16207042366378527,0.05583542079033309,-2.9026453346232306,0.004071561733595277,-0.27210299597629345,-0.05203785135127707,0.27832945381432284,0.25567611828383063,ok,0.018595490902688878,higher abundance = worse cognition,FALSE,FALSE
SUCLA2,Final cognitive diagnosis,231,0.15799987163024878,0.055690521904951724,2.8371052420717255,0.004971860260017033,0.0482528456046325,0.26774689765586507,0.27715446252827913,0.2544642438632475,ok,0.022132055436422757,higher abundance = better cognition,TRUE,TRUE
RPS9,Final cognitive diagnosis,231,0.15768409296931746,0.05565245245941068,2.8333718641478036,0.005028228857538027,0.048012088837690675,0.2673560971009442,0.27708822525446164,0.25439592739249395,ok,0.022132055436422757,higher abundance = better cognition,TRUE,TRUE
IMMT,Final cognitive diagnosis,231,0.15754905844375347,0.055649509757126465,2.8310951728299414,0.005062888498528082,0.04788285337475216,0.26721526351275476,0.277047869252346,0.2543543046100428,ok,0.022132055436422757,higher abundance = better cognition,TRUE,TRUE
NDUFA10,Final cognitive diagnosis,231,0.15828392975986447,0.05601831454453163,2.825574654411229,0.005147835772868292,0.04789093623176402,0.2686769232879649,0.27695013009778463,0.25425349741027103,ok,0.02218644713377038,higher abundance = better cognition,TRUE,TRUE
MRPS9,Final cognitive diagnosis,231,0.15788028947484534,0.056312804954810225,2.803630357279144,0.005498478259746286,0.046906955780849136,0.26885362316884154,0.27656323996277055,0.25385446274187096,ok,0.023368532603921716,higher abundance = better cognition,TRUE,TRUE
EEF1B2,Final cognitive diagnosis,231,0.15783328105499453,0.05645927406765629,2.7955244494617433,0.005633395199512582,0.04657130669128258,0.2690952554187065,0.27642098718339003,0.25370774462860846,ok,0.023613957959600685,higher abundance = better cognition,TRUE,TRUE
ICT1,Final cognitive diagnosis,231,0.1574156234329918,0.056529820079925505,2.7846475225009995,0.005819157519129005,0.04601462693805029,0.2688166199279333,0.2762306647303515,0.25351144792816516,ok,0.023994311725310136,higher abundance = better cognition,TRUE,TRUE
MRPS23,Final cognitive diagnosis,231,0.15580846372860874,0.05602406853462414,2.7810986921150787,0.005880958756203465,0.04540413104837192,0.26621279640884554,0.2761687068906535,0.25344754522354396,ok,0.023994311725310136,higher abundance = better cognition,TRUE,TRUE
ATP5L,Final cognitive diagnosis,231,0.15456990057961112,0.05573068249548617,2.7735152999809447,0.006015020546050582,0.04474373172638567,0.26439606943283656,0.27603654036016734,0.2533112299678856,ok,0.024218372198572077,higher abundance = better cognition,TRUE,TRUE
PTPMT1,Final cognitive diagnosis,231,0.15571361423939098,0.05634170806273514,2.763736130718785,0.006191990422757877,0.04468332237676656,0.26674390610201537,0.2758665667324683,0.2531359208451466,ok,0.024607130770959877,higher abundance = better cognition,TRUE,TRUE
MRPS27,Final cognitive diagnosis,231,0.15348468090747647,0.05571916940213613,2.754611788983205,0.006361352524739088,0.043681200434828205,0.26328816138012473,0.2757084445746604,0.25297283521153313,ok,0.024956075289361036,higher abundance = better cognition,TRUE,TRUE
DLST,Final cognitive diagnosis,231,0.15310184928880108,0.055955237257047014,2.7361486930255023,0.006716955601821219,0.0428331595825074,0.26337053899509477,0.2753898745298395,0.2526442652101484,ok,0.025692355176966164,higher abundance = better cognition,TRUE,TRUE
MRPS34,Final cognitive diagnosis,231,0.15196607619952493,0.0554573990869716,2.740230856503073,0.006636818272402271,0.042678455744136465,0.2612536966549134,0.2754601495046605,0.2527167461258829,ok,0.025692355176966164,higher abundance = better cognition,TRUE,TRUE
PCCB,Final cognitive diagnosis,231,0.1525006572977827,0.056016372350014644,2.722430084277723,0.00699272350860548,0.042111491172710847,0.26288982342285455,0.275154375206744,0.2524013735316193,ok,0.025834040064351742,higher abundance = better cognition,TRUE,TRUE
SUCLG1,Final cognitive diagnosis,231,0.15175661213924355,0.05575761370738654,2.7217199956880407,0.007007272305036583,0.04187737105196046,0.2616358532265266,0.2751422135975473,0.25238883016787383,ok,0.025834040064351742,higher abundance = better cognition,TRUE,TRUE
MT-CO2,Final cognitive diagnosis,231,0.1506809954245976,0.055306639560011965,2.724464849488769,0.006951184938527599,0.0416904705819435,0.2596715202672517,0.2751892397151617,0.25243733244164646,ok,0.025834040064351742,higher abundance = better cognition,TRUE,TRUE
IDH3A,Final cognitive diagnosis,231,0.15396477700193476,0.05670086292317177,2.7153868400654346,0.007138245970472445,0.04222671339526314,0.2657028406086064,0.27503386865510077,0.25227708426310835,ok,0.02588487835542297,higher abundance = better cognition,TRUE,TRUE
ECHS1,Final cognitive diagnosis,231,0.1537475459545428,0.056672732335915764,2.712901595131083,0.007190243987617491,0.04206491814172081,0.2654301737673648,0.27499141226429236,0.2522332951604809,ok,0.02588487835542297,higher abundance = better cognition,TRUE,TRUE
MRPS22,Final cognitive diagnosis,231,0.1500610695367543,0.056251426388147764,2.66768470014073,0.008198015343904328,0.039208692065154746,0.26091344700835384,0.27422488845398785,0.25144271006465113,ok,0.029169682502729354,higher abundance = better cognition,TRUE,TRUE
MRPS36,Final cognitive diagnosis,231,0.1481791059570682,0.055925594548626424,2.649575872246272,0.00863610157917019,0.03796883191974701,0.2583893799943894,0.27392106990840503,0.25112935461404995,ok,0.030375253830184804,higher abundance = better cognition,TRUE,TRUE
NIPSNAP1,Final cognitive diagnosis,231,0.14762219843499075,0.056020970966010004,2.6351238811008577,0.009000715786980104,0.03722397000610017,0.2580204268638813,0.2736799072913821,0.25088062187003524,ok,0.031297943531998995,higher abundance = better cognition,TRUE,TRUE
DAP3,Final cognitive diagnosis,231,0.14879112215631474,0.05669244228092782,2.6245318806166567,0.00927667098284862,0.037069652763737165,0.2605125915488923,0.27350389347768655,0.25069908295904886,ok,0.031540681341685306,higher abundance = better cognition,TRUE,TRUE
NDUFV2,Final cognitive diagnosis,231,0.14579506125071418,0.05552675060432971,2.6256724851345035,0.009246593718792362,0.036370772606196394,0.255219349895232,0.27352281763963215,0.2507186011529837,ok,0.031540681341685306,higher abundance = better cognition,TRUE,TRUE
COX4I1,Final cognitive diagnosis,231,0.146522059200484,0.05616177439530814,2.6089285956165362,0.009697039141332436,0.03584635523193064,0.25719776316903736,0.2732457412027126,0.2504328272494345,ok,0.03255487557767274,higher abundance = better cognition,TRUE,TRUE
ATP5O,Final cognitive diagnosis,231,0.14474546074039515,0.055550791302669274,2.6056417441787185,0.009787740369757816,0.03527379607826976,0.25421712540252056,0.273191534092202,0.2503769185704324,ok,0.03255487557767274,higher abundance = better cognition,TRUE,TRUE
PTCD3,Final cognitive diagnosis,231,0.14662346063675608,0.05660041734647763,2.590501404595752,0.010215444186800949,0.0350833410058731,0.2581635802676391,0.2729426165639365,0.250120187487468,ok,0.03361210667915151,higher abundance = better cognition,TRUE,TRUE
NSUN4,Final cognitive diagnosis,208,0.1512235039226958,0.05860399247673272,2.5804300617016045,0.010583965051653597,0.0356625124679566,0.266784495377435,0.2741170469455692,0.24871114358866409,ok,0.034454184104319156,higher abundance = better cognition,TRUE,TRUE
IGHG2,Final cognitive diagnosis,231,-0.1460051532042167,0.057007003077925916,-2.561179246778408,0.011091682767095684,-0.2583465146501262,-0.03366379175830718,0.2724641869914036,0.2496267399462907,ok,0.035726893965592414,higher abundance = worse cognition,FALSE,FALSE
SARS2,Final cognitive diagnosis,231,0.14332395095571923,0.05615130862507978,2.552459674852602,0.011364912995764581,0.03266887145104845,0.25397903046039,0.27232284590338807,0.2494809621425078,ok,0.036225660173999606,higher abundance = better cognition,TRUE,TRUE
GFM1,Final cognitive diagnosis,231,0.14153085725838452,0.05560312691408331,2.5453758648695204,0.011591298158956527,0.031956056954655226,0.2511056575621138,0.27220833452771936,0.24936285623935173,ok,0.036566363264337085,higher abundance = better cognition,TRUE,TRUE
PHB2,Final cognitive diagnosis,231,0.14217522559802814,0.05594436639191937,2.541368054863948,0.011721156793600286,0.0319279586595103,0.252422492536546,0.2721436724240146,0.24929616438351276,ok,0.03659871406981314,higher abundance = better cognition,TRUE,TRUE
HIBCH,Final cognitive diagnosis,231,0.14254415201837795,0.056622341593324146,2.5174542063654974,0.012523350925680573,0.030960827173987307,0.2541274768627686,0.2717597271386111,0.24890016700394857,ok,0.038028360637885394,higher abundance = better cognition,TRUE,TRUE
SSBP1,Final cognitive diagnosis,231,0.14138142467040957,0.056031555838149345,2.5232464556008165,0.012324682201244894,0.030962337068388315,0.25180051227243083,0.2718524276942901,0.2489957774425413,ok,0.038028360637885394,higher abundance = better cognition,TRUE,TRUE
GAPDH,Final cognitive diagnosis,231,-0.1408164191447051,0.05595435494938381,-2.516630193880125,0.012551844524269362,-0.2510833701234961,-0.03054946816591414,0.27174655483855054,0.24888658122361706,ok,0.038028360637885394,higher abundance = worse cognition,FALSE,FALSE
ACO2,Final cognitive diagnosis,231,0.13833959620026315,0.055844835655190085,2.4772137759421664,0.013984142190134309,0.02828847039995945,0.24839072200056683,0.27112094981288143,0.24824133837203022,ok,0.04154512145806892,higher abundance = better cognition,TRUE,TRUE
ALDH9A1,Final cognitive diagnosis,231,-0.1393787380440005,0.056245737173270194,-2.4780320260472615,0.013952990892033104,-0.25021990401332145,-0.028537572074679565,0.27113384728544865,0.2482546406979963,ok,0.04154512145806892,higher abundance = worse cognition,FALSE,FALSE
TIMM13,Final cognitive diagnosis,231,0.14095559230288177,0.05706345969132296,2.4701550355579895,0.014255449443130383,0.028502974125882916,0.2534082104798806,0.27100984606313877,0.2481267470606363,ok,0.04194391855382594,higher abundance = better cognition,TRUE,TRUE
ETFA,Final cognitive diagnosis,231,0.13841085317290056,0.05618651196966785,2.463417790512095,0.014518749861096383,0.027686399881765883,0.24913530646403523,0.27090406685399626,0.24801764742788845,ok,0.04231178530948088,higher abundance = better cognition,TRUE,TRUE
TRUB1,Final cognitive diagnosis,231,0.1366845691005601,0.055884890254213344,2.4458233429250584,0.015226829754592018,0.02655450934576853,0.24681462885535166,0.2706290411826863,0.24773398866375718,ok,0.043956697216086395,higher abundance = better cognition,TRUE,TRUE
MRPS16,Final cognitive diagnosis,231,0.13763834673905648,0.05679748455621523,2.4233176489150523,0.016177083277987135,0.025709874845417188,0.24956681863269575,0.27027982072784196,0.2473738061318549,ok,0.046263434421159474,higher abundance = better cognition,TRUE,TRUE
ENO1,Final cognitive diagnosis,231,-0.1366138249650339,0.05650593552279539,-2.4176898179116373,0.016422757955455308,-0.24796775314344138,-0.025259896786626435,0.27019294643087516,0.24728420483901925,ok,0.04653114754045671,higher abundance = worse cognition,FALSE,FALSE
TSFM,Final cognitive diagnosis,231,0.13521821689632924,0.05610801549663251,2.409962564162419,0.016765453416052917,0.02464845338317566,0.2457879804094828,0.27007395979959625,0.2471614832013772,ok,0.047066318764332045,higher abundance = better cognition,TRUE,TRUE
IDH2,Final cognitive diagnosis,231,0.13760036919538493,0.05725649014795862,2.403227456656996,0.01706928754826451,0.02476735381930277,0.2504333845714671,0.2699705297149865,0.24705480643249722,ok,0.04748365445244491,higher abundance = better cognition,TRUE,TRUE
SDHA,Final cognitive diagnosis,231,0.13593813523031473,0.05672193966804058,2.396570639612801,0.017374358839444534,0.02415853654750215,0.2477177339131273,0.26986855767114987,0.24694963347248644,ok,0.0478968811249552,higher abundance = better cognition,TRUE,TRUE
TACO1,Final cognitive diagnosis,231,0.1339962088275439,0.0560934422541897,2.3888034579930872,0.017736392855687066,0.023455164205198706,0.24453725344988908,0.26974989827810525,0.2468272493451309,ok,0.048352609478015916,higher abundance = better cognition,TRUE,TRUE
FH,Final cognitive diagnosis,231,0.1333104714817346,0.05586552478458225,2.3862743972383766,0.017855702192862085,0.023218574463202343,0.24340236850026686,0.2697113365938172,0.24678747720438532,ok,0.048352609478015916,higher abundance = better cognition,TRUE,TRUE
MRPL22,Final cognitive diagnosis,231,0.1338689709684532,0.056318570781945514,2.3769951742342266,0.018299538060417307,0.022884274795546222,0.2448536671413602,0.26957016740328926,0.24664187669397541,ok,0.04853655077480468,higher abundance = better cognition,TRUE,TRUE
PMPCA,Final cognitive diagnosis,231,0.13383741695328424,0.05620707326261999,2.3811490117613294,0.018099667030153678,0.02307244436594709,0.2446023895406214,0.26963330043723094,0.24670699148234565,ok,0.04853655077480468,higher abundance = better cognition,TRUE,TRUE
MRPL3,Final cognitive diagnosis,231,0.13324153279662088,0.05610327683098731,2.374933164742137,0.018399476764305044,0.02268110757738344,0.2438019580158583,0.26953886438248914,0.2466095910671413,ok,0.04853655077480468,higher abundance = better cognition,TRUE,TRUE
TIMM44,Final cognitive diagnosis,231,0.1328755069862007,0.056175248725613865,2.3653746089354533,0.01886905631518503,0.02217324970788913,0.24357776426451228,0.2693940775014071,0.24646025930638393,ok,0.049349839593560846,higher abundance = better cognition,TRUE,TRUE
PIN4,Final cognitive diagnosis,231,-0.13319727632457107,0.056559351275815496,-2.355000071960259,0.019390633453954028,-0.2446564687353174,-0.02173808391382473,0.2692375269107008,0.24629879457157478,ok,0.05028418505855876,higher abundance = worse cognition,FALSE,FALSE
BCS1L,Final cognitive diagnosis,231,0.13057380066350321,0.05569312466543945,2.3445228014748327,0.01993020505413816,0.020821645484608894,0.24032595584239752,0.26908005682543373,0.24613638147914674,ok,0.05124909871064098,higher abundance = better cognition,TRUE,FALSE
MRPS33,Final cognitive diagnosis,226,0.1351814431389916,0.058585534100235384,2.3074201714659877,0.02196967747564594,0.019714885838604604,0.2506480004393786,0.2610719692446117,0.23734492238549387,ok,0.05602267756289714,higher abundance = better cognition,TRUE,FALSE
PPA2,Final cognitive diagnosis,231,0.12779197021893846,0.055755856860582244,2.2919918626393425,0.022839120959138665,0.017916191277553076,0.23766774916032385,0.2683001195330955,0.24533196185027784,ok,0.05775843812806968,higher abundance = better cognition,TRUE,FALSE
HADHB,Final cognitive diagnosis,231,0.12908219103834037,0.05657080263708972,2.281781148951027,0.023445784487048434,0.017600431899885235,0.2405639501767955,0.2681503802905305,0.24517752227274436,ok,0.05880663977899033,higher abundance = better cognition,TRUE,FALSE
SLC25A6,Final cognitive diagnosis,231,0.13072839309256923,0.05742740016347763,2.2764114816346703,0.02377043410343048,0.017558572362907962,0.24389821382223048,0.2680718783433165,0.2450965561388465,ok,0.059136201915851436,higher abundance = better cognition,TRUE,FALSE
CPT2,Final cognitive diagnosis,231,0.12670476642814288,0.05573819003188621,2.2732127892143383,0.023965686972493034,0.01686380278103687,0.23654573007524887,0.2680251949227553,0.24504840731943356,ok,0.05914113075470055,higher abundance = better cognition,TRUE,FALSE
MRPS31,Final cognitive diagnosis,231,0.12540003263677643,0.0560486466196967,2.2373427406311035,0.026252952001869292,0.01494726493295119,0.2358528003406017,0.2675057823924344,0.24451269035990986,ok,0.06379041137906817,higher abundance = better cognition,TRUE,FALSE
FASTKD5,Final cognitive diagnosis,231,0.12482340349782431,0.055796062727605684,2.2371364106318317,0.02626663997961631,0.014868392504311004,0.23477841449133763,0.2675028164336235,0.24450963129925285,ok,0.06379041137906817,higher abundance = better cognition,TRUE,FALSE
LYRM7,Final cognitive diagnosis,231,0.12463534703570289,0.056092872435570845,2.2219462406540336,0.027291564671817366,0.014095425331524983,0.23517526873988082,0.2672851461209114,0.24428512828614168,ok,0.06575762826437885,higher abundance = better cognition,TRUE,FALSE
FOXRED1,Final cognitive diagnosis,231,0.12364875865856992,0.05620529472757216,2.1999485859454553,0.028837326563565552,0.012887290957261932,0.2344102263598779,0.2669723291944395,0.2439624919942649,ok,0.0689392338160239,higher abundance = better cognition,TRUE,FALSE
MRPL4,Final cognitive diagnosis,231,0.12685692420083727,0.057968580567805385,2.188373821788749,0.029680738635794898,0.012620621457958753,0.2410932269437158,0.2668088741465033,0.24379390607038454,ok,0.06993203203874997,higher abundance = better cognition,TRUE,FALSE
MRPS26,Final cognitive diagnosis,231,0.12273507676655346,0.05609511311394844,2.1879816253732542,0.029709686813848026,0.012190739449452398,0.23327941408365452,0.2668033495066675,0.24378820801136103,ok,0.06993203203874997,higher abundance = better cognition,TRUE,FALSE
MRPS5,Final cognitive diagnosis,231,0.12300300810064274,0.056552568777615136,2.1750207065630285,0.03068018496293384,0.011557181680751788,0.2344488345205337,0.26662128717615324,0.2436004307197993,ok,0.07166516487525004,higher abundance = better cognition,TRUE,FALSE
NDUFS3,Final cognitive diagnosis,231,0.12084987410648071,0.05596417021663853,2.159415097886169,0.03188497522324318,0.010563580583321228,0.23113616762964018,0.26640339130913115,0.24337569507219803,ok,0.0739151698357001,higher abundance = better cognition,TRUE,FALSE
ME2,Final cognitive diagnosis,231,0.12390857584658085,0.05768561681678929,2.1479977624251996,0.03279208795142956,0.010229898155233924,0.23758725353792778,0.2662448874620834,0.24321221576806806,ok,0.0748834247249063,higher abundance = better cognition,TRUE,FALSE
ACSF3,Final cognitive diagnosis,231,0.12072824112247814,0.05614826259790556,2.150168777029648,0.03261790649420476,0.01007916429855317,0.2313773179464031,0.26627496765037784,0.24324324017751964,ok,0.0748834247249063,higher abundance = better cognition,TRUE,FALSE
ATP5F1A,Final cognitive diagnosis,231,0.12106982262136222,0.05655613534682235,2.1407018333010024,0.033383330864118016,0.009616967709903654,0.2325226775328208,0.2661440043872648,0.2431081659599592,ok,0.07506585709623904,higher abundance = better cognition,TRUE,FALSE
ABHD10,Final cognitive diagnosis,231,0.12037034792155882,0.05617575579251334,2.142745499787309,0.03321679881314725,0.009667091387318028,0.2310736044557996,0.26617223098496773,0.24313727859436118,ok,0.07506585709623904,higher abundance = better cognition,TRUE,FALSE
SAMM50,Final cognitive diagnosis,231,0.12015625119359159,0.05627974242605141,2.1349822514108077,0.0338532296708529,0.009248072468161853,0.23106442991902132,0.26606513865401427,0.2430268246207321,ok,0.07506585709623904,higher abundance = better cognition,TRUE,FALSE
KPNB1,Final cognitive diagnosis,231,-0.12037801020135626,0.056342468174490574,-2.1365413000465288,0.033724583147566545,-0.23140979998502276,-0.009346220417689746,0.2660866167057053,0.24304897687135518,ok,0.07506585709623904,higher abundance = worse cognition,FALSE,FALSE
MRPL16,Final cognitive diagnosis,231,0.12178885208342594,0.05728788750927626,2.1259092869100025,0.03461030742121583,0.008893963215916581,0.2346837409509353,0.26594043229438685,0.24289820371169935,ok,0.0761924753301586,higher abundance = better cognition,TRUE,FALSE
FLAD1,Final cognitive diagnosis,226,0.120178613736779,0.05695459648617899,2.1100775205376516,0.035991901224239974,0.007926480514946946,0.23243074695861105,0.26989661496923106,0.24645292829393117,ok,0.07811008350792505,higher abundance = better cognition,TRUE,FALSE
PGAM5,Final cognitive diagnosis,231,0.11825855122574865,0.05598346893013987,2.112383413991727,0.035765963450896464,0.007934226519895143,0.22858287593160215,0.265755429458117,0.24270739361151072,ok,0.07811008350792505,higher abundance = better cognition,TRUE,FALSE
HSPA9,Final cognitive diagnosis,231,0.1188272793328765,0.056621446599306735,2.0986266948243495,0.03697517428735653,0.007245718216466163,0.23040884044928683,0.26556838564271446,0.24251447846557983,ok,0.07967889670374012,higher abundance = better cognition,TRUE,FALSE
SLC25A13,Final cognitive diagnosis,231,0.11699641859592157,0.05590211931024126,2.0928798413996414,0.03749060553506855,0.00683240624748184,0.22716043094436128,0.26549058215056986,0.24243423271135,ok,0.08022465240371313,higher abundance = better cognition,TRUE,FALSE
GADD45GIP1,Final cognitive diagnosis,231,0.11656774604692641,0.056193298207161214,2.0744065532012343,0.0391893603590776,0.005829919396065086,0.22730557269778773,0.2652418170549385,0.2421776588459006,ok,0.08270306393019136,higher abundance = better cognition,TRUE,FALSE
SHMT2,Final cognitive diagnosis,231,0.11613622009151313,0.05593585589984432,2.076239260546228,0.03901793941707921,0.005905724430464096,0.22636671575256218,0.2652664056217112,0.24220301925109222,ok,0.08270306393019136,higher abundance = better cognition,TRUE,FALSE
RPS15A,Final cognitive diagnosis,226,0.11850697268623335,0.057532051632830775,2.0598426324606702,0.04060131611240089,0.005116729881493129,0.23189721549097358,0.2763519046827437,0.2531154979523731,ok,0.08509590911229228,higher abundance = better cognition,TRUE,FALSE
MIPEP,Final cognitive diagnosis,231,0.11553693410640455,0.0561963851963111,2.055949572250934,0.040951905549792174,0.004793024052712994,0.22628084416009608,0.26499530804583754,0.24192341188584143,ok,0.08524682379752657,higher abundance = better cognition,TRUE,FALSE
RPS10,Final cognitive diagnosis,231,0.11619767807373182,0.05662555535233043,2.052035999483574,0.04133419852165866,0.0046080200063574744,0.2277873361411062,0.26494330085876383,0.2418697721861689,ok,0.08546124829478075,higher abundance = better cognition,TRUE,FALSE
HSD17B10,Final cognitive diagnosis,231,0.11526700172483571,0.056412363968964686,2.0432932360049643,0.04219922982003423,0.004097471167464048,0.2264365322822074,0.2648274503983608,0.24175028516422847,ok,0.08666419010020453,higher abundance = better cognition,TRUE,FALSE
MRPS25,Final cognitive diagnosis,231,0.11585113672540119,0.057009844138172346,2.032125126401288,0.04332661885580404,0.0035041765186587664,0.2281980969321436,0.26468012842044014,0.2415983387296018,ok,0.08838630246584026,higher abundance = better cognition,TRUE,FALSE
RPS11,Final cognitive diagnosis,231,0.11607870784964767,0.057292114442547545,2.026085247142541,0.04394693165885287,0.003175489138210405,0.22898192656108496,0.2646007664614741,0.24151648558806738,ok,0.08847211241848012,higher abundance = better cognition,TRUE,FALSE
MRPL13,Final cognitive diagnosis,231,0.1150953022623333,0.05675121282604038,2.0280677104670026,0.04374249996853608,0.00325801616839648,0.22693258835627012,0.2646267911990143,0.2415433272456201,ok,0.08847211241848012,higher abundance = better cognition,TRUE,FALSE
SDHB,Final cognitive diagnosis,231,0.11047134714255359,0.05662496741905475,1.9509299903875814,0.052317989235030955,-0.0011171523088426422,0.22205984659394984,0.26363162983625393,0.2405169276338045,ok,0.10463597847006191,higher abundance = better cognition,FALSE,FALSE
MRPS6,Final cognitive diagnosis,231,0.1087239451245749,0.0560649747452522,1.9392489806442312,0.053732575398032514,-0.0017609997461899424,0.21920888999533972,0.26348406688573095,0.2403647326624131,ok,0.10676732514154513,higher abundance = better cognition,FALSE,FALSE
MRPS15,Final cognitive diagnosis,231,0.1092207642082339,0.056715946916862534,1.9257505189560868,0.05540715997810248,-0.0025470248057695988,0.2209885532222374,0.26331457534235525,0.2401899207566892,ok,0.10938445776322166,higher abundance = better cognition,FALSE,FALSE
LONP1,Final cognitive diagnosis,231,0.10847111381438045,0.05676575303001926,1.9108548380749568,0.05730567742281847,-0.003394826062819753,0.22033705369158063,0.26312882431492524,0.23999833897951928,ok,0.11240729032937469,higher abundance = better cognition,FALSE,FALSE
POLRMT,Final cognitive diagnosis,226,0.10663393526985382,0.05626419154973686,1.8952362476512388,0.05938422062654351,-0.004257474995731508,0.21752534553543915,0.26706140843590653,0.24352668301871094,ok,0.11574249370523768,higher abundance = better cognition,FALSE,FALSE
GRSF1,Final cognitive diagnosis,231,0.10725523027115823,0.05781156613925707,1.8552555731287537,0.0648794578175937,-0.006671650581121041,0.2211821111234375,0.2624474327769755,0.23929555846952622,ok,0.1214138272639831,higher abundance = better cognition,FALSE,FALSE
RPL9,Final cognitive diagnosis,231,0.1071122696435323,0.05753303140374383,1.8617525798677492,0.06395359766429261,-0.006265714236303746,0.22049025352336837,0.2625260823855125,0.23937667689985587,ok,0.1214138272639831,higher abundance = better cognition,FALSE,FALSE
IDH3G,Final cognitive diagnosis,231,0.10586650895482841,0.056649059645051424,1.8688131739195846,0.06295990525511602,-0.005769468057614663,0.21750248596727148,0.26261184714081015,0.23946513382236012,ok,0.1214138272639831,higher abundance = better cognition,FALSE,FALSE
NDUFAF3,Final cognitive diagnosis,231,0.10509954795558424,0.05642362241837858,1.8626869997157554,0.06382134548031669,-0.00609216916601002,0.2162912650771785,0.2625374152510141,0.2393883655055301,ok,0.1214138272639831,higher abundance = better cognition,FALSE,FALSE
CECR5,Final cognitive diagnosis,231,0.10399993752132958,0.05578611588404837,1.8642620278044413,0.06359894017531663,-0.005935471635795483,0.21393534667845465,0.2625565296467147,0.23940807990468327,ok,0.1214138272639831,higher abundance = better cognition,FALSE,FALSE
DCXR,Final cognitive diagnosis,231,0.10366576325863205,0.055917128084492174,1.8539178747161424,0.06507146297808244,-0.0065278262652763985,0.2138593527825405,0.2624312713048128,0.23927888968657818,ok,0.1214138272639831,higher abundance = better cognition,FALSE,FALSE
DHX30,Final cognitive diagnosis,231,0.10356124742077437,0.05585396681545716,1.8541431043374808,0.0650391018806353,-0.006507872782332461,0.2136303676238812,0.2624339916615109,0.23928169543563893,ok,0.1214138272639831,higher abundance = better cognition,FALSE,FALSE
MRPL10,Final cognitive diagnosis,231,0.10573511338596052,0.05720065199316009,1.8484948982505316,0.0658546843720874,-0.006987864030011379,0.2184580908019324,0.26236586552220004,0.23921143080765028,ok,0.12213050556278027,higher abundance = better cognition,FALSE,FALSE
PPIF,Final cognitive diagnosis,231,0.10466412618270003,0.0568279676861576,1.8417714101747573,0.06683657880365206,-0.007324417564114519,0.2166526699295146,0.2622850244541075,0.23912805212755472,ok,0.12320477779468392,higher abundance = better cognition,FALSE,FALSE
TUBB,Final cognitive diagnosis,231,-0.10411441670293116,0.056773415003906536,-1.8338586237196957,0.06800767111813144,-0.21599545571763001,0.007766622311767696,0.26219023842628403,0.2390302907535664,ok,0.12461285845597737,higher abundance = worse cognition,FALSE,FALSE
ACAD9,Final cognitive diagnosis,231,0.10433514738375572,0.05797677843323668,1.799602361554172,0.07327519465650877,-0.009917310556094697,0.21858760532360616,0.2617843205036601,0.23861163101274352,ok,0.13346553312435525,higher abundance = better cognition,FALSE,FALSE
QRSL1,Final cognitive diagnosis,231,0.0998360650062248,0.05621502257700593,1.7759677116462018,0.07710185710267543,-0.010944572968739519,0.21061670298118912,0.2615084702794671,0.23832712181290328,ok,0.13960454599656025,higher abundance = better cognition,FALSE,FALSE
PNPT1,Final cognitive diagnosis,231,0.10146207350705,0.05769261837634651,1.758666470035768,0.08000579712832068,-0.012230401870378188,0.2151545488844782,0.2613087232528678,0.23812110470026715,ok,0.14400141596795316,higher abundance = better cognition,FALSE,FALSE
ALDH5A1,Final cognitive diagnosis,231,0.09848642091023678,0.056087558280165484,1.7559406030528701,0.08047137951150324,-0.012043028405972295,0.20901587022644585,0.261277420980061,0.23808881984490593,ok,0.14400141596795316,higher abundance = better cognition,FALSE,FALSE
TUBB4B,Final cognitive diagnosis,231,-0.09754957182061737,0.05623553464525028,-1.7346606987199067,0.08418265823604407,-0.20837063208667267,0.013271488445437948,0.26103463395955245,0.23783841170716158,ok,0.14976682221063653,higher abundance = worse cognition,FALSE,FALSE
PDK1,Final cognitive diagnosis,231,0.09789792022471851,0.05677220928654856,1.7243986354414105,0.08602160624327192,-0.013980742732264628,0.20977658318170164,0.26091855348507015,0.23771868745096925,ok,0.15215382375977576,higher abundance = better cognition,FALSE,FALSE
NFU1,Final cognitive diagnosis,231,0.09479474140809468,0.055831351408436126,1.6978765338245276,0.0909260008792903,-0.015229811540513213,0.2048192943567026,0.26062157018564375,0.23741238180582092,ok,0.1599043463739243,higher abundance = better cognition,FALSE,FALSE
MTHFD1L,Final cognitive diagnosis,231,0.09736950145805813,0.05751111315677585,1.6930554133533797,0.09184137190115818,-0.015965289031984672,0.21070429194810092,0.2605680543718301,0.23735718612341206,ok,0.16059119886716802,higher abundance = better cognition,FALSE,FALSE
RPL23A,Final cognitive diagnosis,231,0.0945977866333747,0.05671900955018231,1.6678321321827567,0.09675263245767492,-0.017176037786424167,0.2063716110531736,0.26029042519692935,0.2370708421313621,ok,0.16726726289292954,higher abundance = better cognition,FALSE,FALSE
CNP,Final cognitive diagnosis,231,-0.09496514666451891,0.05688102311376621,-1.669540058633996,0.09641353674445764,-0.20705824456517133,0.017127951236133504,0.2603090991135067,0.23709010222469284,ok,0.16726726289292954,higher abundance = worse cognition,FALSE,FALSE
ALDH18A1,Final cognitive diagnosis,231,0.09520646402756205,0.05746222267139555,1.656853139357511,0.09895541531515224,-0.01803197998936644,0.20844490804449056,0.26017081840864176,0.23694748086989947,ok,0.17011436565413812,higher abundance = better cognition,FALSE,FALSE
TAMM41,Final cognitive diagnosis,231,0.09193038124731787,0.05604938983900965,1.6401673865026718,0.10238015670379981,-0.0185238510883063,0.20238461358294202,0.2599904807978356,0.2367614824372295,ok,0.17501859190705443,higher abundance = better cognition,FALSE,FALSE
ETFB,Final cognitive diagnosis,231,0.09190105927694818,0.056417662024547795,1.628941292125173,0.10473726991741864,-0.019278911941133334,0.20308103049502968,0.25987012877985294,0.2366373525532115,ok,0.17805335885961168,higher abundance = better cognition,FALSE,FALSE
MTO1,Final cognitive diagnosis,201,0.0967146888474799,0.06014069170970507,1.6081406132525873,0.10943900011286481,-0.02190270241583811,0.2153320801107979,0.26200157302927585,0.23523479070391284,ok,0.180222502762554,higher abundance = better cognition,FALSE,FALSE
TIMM8B,Final cognitive diagnosis,231,0.09264625718027997,0.057554750733453765,1.6097065142257532,0.10887658780866664,-0.020774528091272337,0.20606704245183227,0.25966574954788807,0.23642655782966027,ok,0.180222502762554,higher abundance = better cognition,FALSE,FALSE
OAT,Final cognitive diagnosis,231,0.09167577497372499,0.05676471340728879,1.6150134382948105,0.10772173528319917,-0.02018811616162551,0.20353966610907548,0.2597219070404399,0.23648447811345819,ok,0.180222502762554,higher abundance = better cognition,FALSE,FALSE
MRPS12,Final cognitive diagnosis,231,0.0908603649818459,0.05659919621419779,1.6053295993460375,0.10983645911896998,-0.020677348213767446,0.20239807817745925,0.259619566050136,0.23637892462570065,ok,0.180222502762554,higher abundance = better cognition,FALSE,FALSE
PC,Final cognitive diagnosis,231,0.09016713442511065,0.05621497300700522,1.6039700741984613,0.11013597391044966,-0.020613405864287573,0.20094767471450886,0.2596052452964852,0.23636415434166624,ok,0.180222502762554,higher abundance = better cognition,FALSE,FALSE
CCT3,Final cognitive diagnosis,231,-0.09054317963817057,0.056415056098010265,-1.604947081517907,0.10992066541323224,-0.2017180154637696,0.020631656187428474,0.25961553557296035,0.23637476763130438,ok,0.180222502762554,higher abundance = worse cognition,FALSE,FALSE
CLPP,Final cognitive diagnosis,231,-0.09074116865009091,0.056065679255060646,-1.6184797875591663,0.10697270125923952,-0.2012275018694228,0.019745164569240956,0.25975868287902665,0.23652240835056548,ok,0.180222502762554,higher abundance = worse cognition,FALSE,FALSE
RPS6,Final cognitive diagnosis,231,0.09166108128648409,0.05798445087248247,1.5807872611928702,0.11534398876848954,-0.022606496414517507,0.2059286589874857,0.2593628292261703,0.2361141287982922,ok,0.18774074767637128,higher abundance = better cognition,FALSE,FALSE
NDUFA9,Final cognitive diagnosis,231,0.08904846409656202,0.05645214732056026,1.577415002318786,0.1161175504467748,-0.02219946587912354,0.20029639407224759,0.25932784740156545,0.2360780488895069,ok,0.18799984358049254,higher abundance = better cognition,FALSE,FALSE
MRPS2,Final cognitive diagnosis,231,0.0902618003146306,0.05736662932670891,1.5734199720987663,0.11703927437008513,-0.0227882618209949,0.20331186245025612,0.25928649772712437,0.2360354012432223,ok,0.18849483135392656,higher abundance = better cognition,FALSE,FALSE
BCAT2,Final cognitive diagnosis,231,0.09068005062474145,0.057744433375387906,1.5703686974507833,0.11774714513121376,-0.02311453444485337,0.20447463569433627,0.25925498371230515,0.23600289799923846,ok,0.18864202308979797,higher abundance = better cognition,FALSE,FALSE
TBRG4,Final cognitive diagnosis,231,0.08836244705610552,0.05638601436076451,1.567098651285263,0.11850951913878353,-0.02275515740975194,0.19948005152196296,0.25922127513460863,0.23596813130475314,ok,0.18887454612743626,higher abundance = better cognition,FALSE,FALSE
GLS,Final cognitive diagnosis,231,0.08754277281766529,0.05611215379220299,1.5601392372472025,0.12014499590765912,-0.02303514586473683,0.1981206915000674,0.2591497592340839,0.23589437051049,ok,0.1904889572421953,higher abundance = better cognition,FALSE,FALSE
ECI2,Final cognitive diagnosis,231,0.08865922510322782,0.057016365097462225,1.5549785566245087,0.12136921510563976,-0.023700585690372436,0.20101903589682807,0.259096924032242,0.23583987680455454,ok,0.19143804032126685,higher abundance = better cognition,FALSE,FALSE
ATP5F1,Final cognitive diagnosis,231,0.08764359024439212,0.05651048629030915,1.5509261377462595,0.12233739960368699,-0.023719305944795002,0.19900648643357927,0.2590555526919471,0.23579720681232208,ok,0.19197561168578572,higher abundance = better cognition,FALSE,FALSE
PDK2,Final cognitive diagnosis,231,0.08637331598584717,0.05664738495976377,1.5247538089745452,0.12873744333155976,-0.025259360793027208,0.19800599276472156,0.2587908489877331,0.23552419402322244,ok,0.20098804928294534,higher abundance = better cognition,FALSE,FALSE
HARS2,Final cognitive diagnosis,231,0.0867519224653287,0.057113785862004496,1.5189313955641883,0.1301962339934603,-0.02579987143088827,0.19930371636154567,0.2587325489863331,0.2354640639769353,ok,0.20223374417258302,higher abundance = better cognition,FALSE,FALSE
MT-ATP6,Final cognitive diagnosis,226,0.0863901431043682,0.05714256310205153,1.5118352837985776,0.1320240150520158,-0.026232454573502997,0.1990127407822394,0.25087945856322746,0.2268251292510376,ok,0.20403711417129713,higher abundance = better cognition,FALSE,FALSE
TARS2,Final cognitive diagnosis,231,0.08461070899540508,0.056311761175139516,1.5025406279205307,0.1343722903445178,-0.02636056776482988,0.19558198575564006,0.258569576874016,0.23529597614808817,ok,0.2066227178161932,higher abundance = better cognition,FALSE,FALSE
GPT2,Final cognitive diagnosis,231,0.08404222397173292,0.056399344885702175,1.4901276626891902,0.13760369447674223,-0.0271016504125456,0.19518609835601142,0.258447285269594,0.23516984579375166,ok,0.2105336525494156,higher abundance = better cognition,FALSE,FALSE
P4HB,Final cognitive diagnosis,231,0.0848049206811598,0.057745875004306356,1.4685883740585026,0.1433536417238925,-0.028992505347381348,0.19860234670970095,0.25823739529450973,0.2349533673441131,ok,0.2173344890326188,higher abundance = better cognition,FALSE,FALSE
AARS2,Final cognitive diagnosis,231,0.08291997627128808,0.056478745582301884,1.4681624992972895,0.14346917249865684,-0.028380369807241262,0.19422032234981743,0.2582332749703735,0.23494911768244797,ok,0.2173344890326188,higher abundance = better cognition,FALSE,FALSE
HSP90AA1,Final cognitive diagnosis,231,-0.08187701327100214,0.05591722380552142,-1.4642539042311569,0.14453285189418447,-0.1920707914284146,0.028316764886410342,0.2581955131246826,0.23491017048734075,ok,0.21786725457941106,higher abundance = worse cognition,FALSE,FALSE
KIAA0391,Final cognitive diagnosis,205,0.08814303715138706,0.0603336246231194,1.4609272640585114,0.14562850264238264,-0.03083963899972901,0.20712571330250312,0.26407534879751393,0.23792574190199411,ok,0.21844275396357396,higher abundance = better cognition,FALSE,FALSE
ZADH2,Final cognitive diagnosis,231,0.08196410406463543,0.05657792480269728,1.4486940684103689,0.14882768573172991,-0.029531690433294802,0.19345989856256568,0.2580461462895045,0.23475611500711224,ok,0.22215254553126515,higher abundance = better cognition,FALSE,FALSE
GLDC,Final cognitive diagnosis,231,0.08138820932702663,0.05708266827469463,1.425795460985956,0.1553256883409836,-0.03110226241691856,0.19387868107097184,0.2578291258220352,0.2345322822379735,ok,0.23072650792398533,higher abundance = better cognition,FALSE,FALSE
CBR4,Final cognitive diagnosis,231,0.08233484318725497,0.058276238736700126,1.4128372896414068,0.15909773417249864,-0.03250774888303032,0.19717743525754025,0.2577077920145158,0.2344071397459132,ok,0.23424769487242747,higher abundance = better cognition,FALSE,FALSE
RPS18,Final cognitive diagnosis,231,0.07982843294472504,0.05651983657223836,1.412396740438126,0.15922719128583304,-0.03155288946133222,0.1912097553507823,0.25770368571007246,0.2344029045440209,ok,0.23424769487242747,higher abundance = better cognition,FALSE,FALSE
PRDX4,Final cognitive diagnosis,231,-0.07861370778466634,0.055905027740615426,-1.4062010334636303,0.16105633299325278,-0.1887834516574849,0.0315560360881522,0.2576460671524427,0.2343434773321158,ok,0.23580496600926007,higher abundance = worse cognition,FALSE,FALSE
HADH,Final cognitive diagnosis,231,0.07899952922850878,0.05721306302163581,1.3807953124032908,0.1687241863313992,-0.033747906091941976,0.19174696454895954,0.25741235744780283,0.23410243144840648,ok,0.24585524294003883,higher abundance = better cognition,FALSE,FALSE
SUPV3L1,Final cognitive diagnosis,231,0.0754996585421116,0.05635555675400044,1.339702114410434,0.18170584646715837,-0.035557924368050636,0.18655724145227384,0.25704305710250236,0.23372153871558543,ok,0.26351653563483635,higher abundance = better cognition,FALSE,FALSE
C1QBP,Final cognitive diagnosis,231,0.07555276954853882,0.057085448540878915,1.3235031252217533,0.18702337383995343,-0.03694318115187596,0.18804872024895358,0.2569004460160178,0.23357445104791064,ok,0.26988942252935766,higher abundance = better cognition,FALSE,FALSE
ALDH1B1,Final cognitive diagnosis,231,0.0746260421798372,0.05649323079904663,1.3209731701359266,0.18786420587827835,-0.036702849320869826,0.18595493368054422,0.25687832477388317,0.23355163541700952,ok,0.26988942252935766,higher abundance = better cognition,FALSE,FALSE
FAHD1,Final cognitive diagnosis,231,0.07417042141385112,0.05666869297173201,1.3088429876236864,0.19193472134455103,-0.03750424618974606,0.18584508901744828,0.25677283160925685,0.23344283080775352,ok,0.27317220805317494,higher abundance = better cognition,FALSE,FALSE
CPOX,Final cognitive diagnosis,231,0.07340621052377506,0.056014723838764116,1.3104806288980655,0.19138139765911402,-0.03697970694782893,0.18379212799537906,0.25678701868501663,0.2334574632177301,ok,0.27317220805317494,higher abundance = better cognition,FALSE,FALSE
RPL23,Final cognitive diagnosis,231,0.0749986784346981,0.05763252130495754,1.3013256532340314,0.19448986823405326,-0.03857536611047743,0.18857272297987362,0.2567079287837461,0.2333758906738188,ok,0.2755273133315755,higher abundance = better cognition,FALSE,FALSE
HSP90AB1,Final cognitive diagnosis,231,-0.07272281290708767,0.05601849536915448,-1.2981928991104446,0.1955620795963071,-0.18311616277885145,0.037670536964676135,0.2566809883823136,0.233348104609561,ok,0.2757695684629952,higher abundance = worse cognition,FALSE,FALSE
TRUB2,Final cognitive diagnosis,190,0.08031490228177403,0.06232852079124405,1.2885738545082994,0.199181892741937,-0.042664509655329225,0.20329431421887728,0.24506989429485088,0.21603412099849884,ok,0.2795855925643703,higher abundance = better cognition,FALSE,FALSE
OGDH,Final cognitive diagnosis,231,0.071629907121582,0.056981086725464355,1.2570821519550137,0.21003891004206302,-0.04066038203211696,0.18392019627528094,0.25633329478482075,0.23298949686326786,ok,0.29347902499027984,higher abundance = better cognition,FALSE,FALSE
MRPL23,Final cognitive diagnosis,208,0.07241023790652867,0.05901812278615622,1.226915301404907,0.22129676661360215,-0.04396737554145505,0.1887878513545124,0.2643113545293231,0.2385622519378494,ok,0.30780368447164663,higher abundance = better cognition,FALSE,FALSE
SUCLG2,Final cognitive diagnosis,231,-0.07086760277019064,0.05813942177237726,-1.2189251390845564,0.22416043476999079,-0.1854405752637387,0.04370536972335744,0.25602031535660524,0.2326666929686959,ok,0.31037598660460264,higher abundance = worse cognition,FALSE,FALSE
GRPEL1,Final cognitive diagnosis,231,0.06782907497733845,0.05632905087995991,1.2041579596625138,0.2298050785072534,-0.04317627389463102,0.17883442384930792,0.2559017091724225,0.23254436372043574,ok,0.31675835145594383,higher abundance = better cognition,FALSE,FALSE
CCT6A,Final cognitive diagnosis,231,-0.06857831211852311,0.057332469528364655,-1.1961513725585236,0.23290775307646394,-0.18156105694144115,0.04440443270439494,0.255837991113357,0.2324786455429242,ok,0.3195953921138922,higher abundance = worse cognition,FALSE,FALSE
PCK2,Final cognitive diagnosis,231,0.06851515230082428,0.05749070606380201,1.191760494727401,0.23462193189237585,-0.044779422768585,0.18180972737023354,0.25580322348897777,0.23244278655813844,ok,0.3205103176744063,higher abundance = better cognition,FALSE,FALSE
AKR7A2,Final cognitive diagnosis,231,-0.067068376679332,0.05689104868388985,-1.1788915520259011,0.23969766944761586,-0.17918123155958604,0.04504447820092204,0.25570204332389085,0.23233843033405766,ok,0.3259888304487576,higher abundance = worse cognition,FALSE,FALSE
HARS,Final cognitive diagnosis,231,0.06427657834693945,0.05664977565716253,1.134630765988084,0.2577481964432266,-0.047360809681186444,0.17591396637506534,0.25536223439113964,0.23198795475319334,ok,0.34898649606914756,higher abundance = better cognition,FALSE,FALSE
MCCC2,Final cognitive diagnosis,231,0.06370350309137288,0.056932617311207974,1.1189280609242596,0.26437464623236273,-0.04849126937679529,0.17589827555954105,0.2552447305384375,0.23186676243874715,ok,0.35638168170529955,higher abundance = better cognition,FALSE,FALSE
LAP3,Final cognitive diagnosis,231,0.06312130834211097,0.056759344289636214,1.1120866375765444,0.26729835441650807,-0.04873200209342572,0.17497461877764764,0.25519403663687784,0.23181447724879778,ok,0.35874252829583975,higher abundance = better cognition,FALSE,FALSE
POLG,Final cognitive diagnosis,187,0.06918296537091094,0.06410730422588504,1.0791744592338741,0.2819619789931812,-0.05732032640695629,0.1956862571487782,0.23473270032984458,0.20480604615279951,ok,0.3767701553358666,higher abundance = better cognition,FALSE,FALSE
RPS8,Final cognitive diagnosis,231,0.06167565273816643,0.058475844937170354,1.0547201635894978,0.29269470651381857,-0.05356029507971388,0.17691160055604674,0.2547809363099539,0.23138840964703755,ok,0.3890142671789322,higher abundance = better cognition,FALSE,FALSE
VARS2,Final cognitive diagnosis,226,0.06003364706540202,0.057031065128663926,1.0526481827047096,0.29366763306644883,-0.05236919863221052,0.17243649276301456,0.2587526721312394,0.23495115242903153,ok,0.3890142671789322,higher abundance = better cognition,FALSE,FALSE
CHCHD1,Final cognitive diagnosis,219,0.05916001968844258,0.05868302294650503,1.008128360094407,0.31454753010469044,-0.056520100867398816,0.174840140244284,0.24801173906194693,0.2230642612109215,ok,0.41487734574153134,higher abundance = better cognition,FALSE,FALSE
HADHA,Final cognitive diagnosis,231,0.05745704906758363,0.05721414584822133,1.0042455098430847,0.31634873245515566,-0.055292520134780906,0.17020661826994815,0.2544352024655746,0.23103182317077198,ok,0.4154622838252259,higher abundance = better cognition,FALSE,FALSE
TRMU,Final cognitive diagnosis,220,0.057155337814954445,0.057728899592532655,0.9900645641675734,0.32327121339253806,-0.05664085117750683,0.1709515268074157,0.24227143153149344,0.21725209200659001,ok,0.42094038850262405,higher abundance = better cognition,FALSE,FALSE
ALDH7A1,Final cognitive diagnosis,231,-0.05820459983520325,0.05868329173602223,-0.9918427905685268,0.3223492030688063,-0.1738493545461377,0.05744015487573122,0.25435279519277965,0.23094682912259779,ok,0.42094038850262405,higher abundance = worse cognition,FALSE,FALSE
GLRX5,Final cognitive diagnosis,231,0.05552050939857586,0.05714844691352448,0.9715138800287615,0.3323450232916989,-0.05709958960941096,0.1681406084065627,0.25421990051703863,0.23080976286510713,ok,0.4309219369799147,higher abundance = better cognition,FALSE,FALSE
MTG1,Final cognitive diagnosis,182,0.061115441338464825,0.06430630845639188,0.9503801851712437,0.34323731180154826,-0.06580536918422925,0.1880362518611589,0.24551788315562204,0.21516515431705519,ok,0.4431671620728851,higher abundance = better cognition,FALSE,FALSE
TFAM,Final cognitive diagnosis,231,0.05328568650856734,0.05722443076231828,0.9311702326911645,0.3527724910648483,-0.05948415075192376,0.16605552376905844,0.25396418186273256,0.23054601716784062,ok,0.4535646313690907,higher abundance = better cognition,FALSE,FALSE
ATP5F1C,Final cognitive diagnosis,231,0.05205830516461447,0.05768780703852221,0.9024143547327337,0.3678104785168247,-0.06162468870681665,0.1657412990360456,0.25378843024584846,0.23036474868405887,ok,0.4709205289797002,higher abundance = better cognition,FALSE,FALSE
ACOT13,Final cognitive diagnosis,231,0.05080626755759232,0.05688959852142528,0.8930677817748722,0.37278361031601637,-0.06130372954700626,0.1629162646621909,0.25373247509117525,0.2303070370895529,ok,0.47529910315292084,higher abundance = better cognition,FALSE,FALSE
ECH1,Final cognitive diagnosis,231,0.049973022950891684,0.05658897380820637,0.8830876332951763,0.37813991415898407,-0.061544545368753374,0.16149059127053675,0.2536733609283548,0.23024606732520891,ok,0.48012785781182205,higher abundance = better cognition,FALSE,FALSE
NIPSNAP3A,Final cognitive diagnosis,231,0.04960052635130948,0.05676480294213553,0.8737901618696868,0.3831725337064008,-0.062263541226689055,0.161464593929308,0.25361887980105474,0.23018987602799368,ok,0.4845074186535481,higher abundance = better cognition,FALSE,FALSE
DARS2,Final cognitive diagnosis,231,0.04854533934505592,0.057336824884500134,0.846669473638384,0.39808705169069647,-0.06444598839945814,0.16153666708956999,0.2534632090053301,0.23002931870504895,ok,0.5012948058327289,higher abundance = better cognition,FALSE,FALSE
ATP5J2-PTCD1,Final cognitive diagnosis,226,-0.04892710029114575,0.0585460877983764,-0.8357023010596891,0.40423740733782043,-0.16431591265425702,0.06646171207196552,0.24544256564325648,0.22121365720060882,ok,0.5069534698580862,higher abundance = worse cognition,FALSE,FALSE
PRDX3,Final cognitive diagnosis,231,0.04756598305865904,0.05727781930968117,0.8304433309775007,0.40717635873721225,-0.06530906482109876,0.16044103093841683,0.2533723887084373,0.22993564754681872,ok,0.5085549623411713,higher abundance = better cognition,FALSE,FALSE
TRAP1,Final cognitive diagnosis,231,0.04867059611655877,0.058883957510027424,0.8265510365581422,0.40937507319271127,-0.06736960240005209,0.16471079463316962,0.25335086101891485,0.22991344410022596,ok,0.5092226520202018,higher abundance = better cognition,FALSE,FALSE
CLPX,Final cognitive diagnosis,231,0.046938672383557097,0.05718174764692246,0.8208680971660255,0.4125980425365029,-0.06574705101310285,0.15962439578021706,0.25331960896713324,0.2298812110423346,ok,0.5111538502678943,higher abundance = better cognition,FALSE,FALSE
CCDC90B,Final cognitive diagnosis,231,-0.04496345177563585,0.05687998580569549,-0.7904968881186603,0.4300774841102689,-0.15705450549584357,0.06712760194457187,0.2531562019814739,0.22971267468941248,ok,0.5306601215231543,higher abundance = worse cognition,FALSE,FALSE
ATP5F1B,Final cognitive diagnosis,231,0.04457345727356018,0.05764800034337195,0.7732004060516384,0.4402225930139725,-0.06903109117737183,0.15817800572449217,0.25306586352981514,0.22961950050160296,ok,0.5409964396075324,higher abundance = better cognition,FALSE,FALSE
CARS2,Final cognitive diagnosis,231,-0.04295571509451215,0.05612624540889385,-0.7653409698362849,0.4448777681309851,-0.15356140354761877,0.06764997335859446,0.2530254674922506,0.22957783642698482,ok,0.5445303881923258,higher abundance = worse cognition,FALSE,FALSE
METTL17,Final cognitive diagnosis,225,0.043347340894263,0.05730925242000398,0.7563759613645296,0.4502441773007164,-0.06960669124145827,0.15630137302998426,0.2498820059223303,0.22568465127466364,ok,0.5489032599761722,higher abundance = better cognition,FALSE,FALSE
GFM2,Final cognitive diagnosis,231,0.04262882081507676,0.057003381550185375,0.7478296840608771,0.45535078342142854,-0.06970540383473894,0.15496304546489248,0.25293693165506037,0.22948652143795456,ok,0.5529259512974489,higher abundance = better cognition,FALSE,FALSE
SERPINH1,Final cognitive diagnosis,231,-0.041629941884282616,0.056739214833942064,-0.7337066966139809,0.46389818281544537,-0.15344358402757888,0.07018370025901366,0.2528670047724603,0.22941439954110254,ok,0.5610784345514872,higher abundance = worse cognition,FALSE,FALSE
MDH2,Final cognitive diagnosis,231,0.041296288475945596,0.05684693472820796,0.7264470577593695,0.4683265673146024,-0.07072963284224604,0.15332220979413724,0.25283157404057716,0.22937785663377896,ok,0.5624823004466576,higher abundance = better cognition,FALSE,FALSE
HINT2,Final cognitive diagnosis,231,0.041293069057010474,0.05689482310526067,0.725779021768193,0.46873525037221464,-0.07082722392053997,0.1534133620345609,0.25282833121873033,0.22937451201931813,ok,0.5624823004466576,higher abundance = better cognition,FALSE,FALSE
ARL2,Final cognitive diagnosis,231,-0.04138922812825458,0.0572999374347303,-0.7223258869244067,0.470850932739596,-0.15430786328933735,0.07152940703282817,0.2528116159192782,0.2293572720243675,ok,0.5628140055402984,higher abundance = worse cognition,FALSE,FALSE
BCKDK,Final cognitive diagnosis,231,0.04014365898078117,0.05761834375185499,0.6967166420761404,0.4867057526028471,-0.0734024464423301,0.15368976440389245,0.25269011680506276,0.22923195903661175,ok,0.579501791036853,higher abundance = better cognition,FALSE,FALSE
PDIA6,Final cognitive diagnosis,231,0.038618186695953065,0.056936900932679516,0.6782628851123115,0.49830822847290013,-0.07358502732925282,0.15082140072115893,0.2526052609369095,0.22914443953134156,ok,0.5910167360957653,higher abundance = better cognition,FALSE,FALSE
HSD17B8,Final cognitive diagnosis,231,0.03781762435031143,0.05810650471502503,0.6508328892915262,0.5158243999468323,-0.07669047984920112,0.15232572854982396,0.25248330497328286,0.2290186553536101,ok,0.6094295999371842,higher abundance = better cognition,FALSE,FALSE
IBA57,Final cognitive diagnosis,231,0.037253494932247624,0.057937508419225216,0.6429944253502955,0.5208883103340667,-0.07692157520259896,0.1514285650670942,0.25244937223732217,0.22898365746450267,ok,0.6130454729316324,higher abundance = better cognition,FALSE,FALSE
RPS4X,Final cognitive diagnosis,231,0.036975416792690105,0.05848303312022451,0.6322417771437939,0.5278765781891719,-0.078274696482538,0.15222553006791822,0.2524034879450035,0.22893633285807524,ok,0.618889781325236,higher abundance = better cognition,FALSE,FALSE
RPL31,Final cognitive diagnosis,231,0.0353546397706856,0.056431338251439415,0.6265072008953074,0.531623118480482,-0.07585228262647031,0.1465615621678415,0.2523793311608513,0.22891141778921875,ok,0.6209033368512501,higher abundance = better cognition,FALSE,FALSE
MARS2,Final cognitive diagnosis,225,-0.0390371730747963,0.06440685027478271,-0.6061028121737009,0.5450799648082407,-0.1659802604210034,0.08790591427141077,0.25091791144421427,0.22675397310370504,ok,0.6341995027806907,higher abundance = worse cognition,FALSE,FALSE
EARS2,Final cognitive diagnosis,231,0.03210354700236133,0.05685250347068319,0.5646813252281139,0.5728581049981056,-0.07993334840808972,0.14414044241281238,0.25213278021939545,0.22865712758054235,ok,0.6639946217023498,higher abundance = better cognition,FALSE,FALSE
MRPL38,Final cognitive diagnosis,231,0.030930711049862322,0.05669014131749348,0.5456100537240627,0.5858793557435217,-0.0807862239285048,0.14264764602822944,0.2520618621534038,0.22858398338691877,ok,0.6714572391667326,higher abundance = better cognition,FALSE,FALSE
ADCK3,Final cognitive diagnosis,231,0.030925569619716688,0.0565791766559003,0.5465892479807171,0.5852074375631757,-0.08057269185394575,0.1424238310933791,0.2520654443557979,0.2285876780351278,ok,0.6714572391667326,higher abundance = better cognition,FALSE,FALSE
GCAT,Final cognitive diagnosis,231,-0.031033659346100154,0.056814386695074576,-0.5462288893948505,0.585454671898063,-0.14299543959113992,0.0809281208989396,0.25206412530712297,0.22858631758133752,ok,0.6714572391667326,higher abundance = worse cognition,FALSE,FALSE
ECHDC1,Final cognitive diagnosis,231,0.030840716663623684,0.05712122910577988,0.5399168951093706,0.5897930934878396,-0.08172574532763693,0.1434071786548843,0.252041161342375,0.22856263277464672,ok,0.6734204724152199,higher abundance = better cognition,FALSE,FALSE
ACAT1,Final cognitive diagnosis,231,0.02869091151101813,0.05750926755151117,0.4988919652875012,0.6183472605291529,-0.08464024192047166,0.1420220649425079,0.2518983798633962,0.22841536936583462,ok,0.7033987424606721,higher abundance = better cognition,FALSE,FALSE
ACAA2,Final cognitive diagnosis,231,0.028509225562130844,0.058836356478876764,0.4845511732591078,0.6284703383811924,-0.08743716755589796,0.14445561868015966,0.25185111688244943,0.22836662279355768,ok,0.7122663834986847,higher abundance = better cognition,FALSE,FALSE
FDXR,Final cognitive diagnosis,231,0.027084569266788545,0.05641033832480745,0.48013484887889113,0.6316021342105744,-0.08408096943677318,0.13825010797035028,0.25183683842165594,0.228351896129959,ok,0.7131743655661837,higher abundance = better cognition,FALSE,FALSE
ALYREF,Final cognitive diagnosis,231,-0.02648795248586614,0.05762047273961014,-0.4596968963716516,0.6461816410364485,-0.1400382534177746,0.08706234844604233,0.2517724559569847,0.22828549269106035,ok,0.7269543461660045,higher abundance = worse cognition,FALSE,FALSE
LETM1,Final cognitive diagnosis,231,0.025001821383805523,0.05723797431806545,0.43680479055518295,0.66267557641482,-0.08779470560618036,0.1377983483737914,0.25170365503445447,0.22821453209831621,ok,0.7427792175199082,higher abundance = better cognition,FALSE,FALSE
SYNE1,Final cognitive diagnosis,231,0.0246230873038501,0.05738012303467379,0.42912224654817843,0.6682485393376725,-0.0884535663282913,0.1376997409359915,0.2516813503214415,0.22819152723736102,ok,0.7462921643698095,higher abundance = better cognition,FALSE,FALSE
ST13,Final cognitive diagnosis,231,0.02437875429009422,0.05729567597967294,0.4254902987573301,0.6708896222121264,-0.08853148299639356,0.137288991576582,0.2516709430201236,0.22818079324945473,ok,0.7465171796251299,higher abundance = better cognition,FALSE,FALSE
NT5DC2,Final cognitive diagnosis,178,0.025601608010541437,0.06335856543113937,0.4040749318790416,0.6866654896418308,-0.09946925872205746,0.15067247474314033,0.270943479539008,0.24092350516708472,ok,0.761303042863769,higher abundance = better cognition,FALSE,FALSE
PITRM1,Final cognitive diagnosis,231,0.021183308606717743,0.057195650356126226,0.3703657266736333,0.7114615451161058,-0.09152981228841452,0.13389642950185,0.2515238132940251,0.22802904510146083,ok,0.7859466888286223,higher abundance = better cognition,FALSE,FALSE
ECI1,Final cognitive diagnosis,231,0.02041402091004289,0.057467234734058494,0.3552288709298958,0.7227538923600976,-0.0928343001730846,0.13366234199317037,0.2514869701100099,0.22799104540494297,ok,0.7955492484251434,higher abundance = better cognition,FALSE,FALSE
FECH,Final cognitive diagnosis,231,-0.0186481829274834,0.05612154537939332,-0.33228206389217907,0.7399884036320097,-0.1292446092253386,0.0919482433703718,0.25143404260749436,0.22793645650100303,ok,0.8116001846286557,higher abundance = worse cognition,FALSE,FALSE
ERAL1,Final cognitive diagnosis,219,0.019016991981237876,0.058040706308266875,0.3276492170897176,0.7435017673758766,-0.09539694864017603,0.1334309326026518,0.24625212964955423,0.22124627613081904,ok,0.8125412172036365,higher abundance = better cognition,FALSE,FALSE
AK3,Final cognitive diagnosis,231,0.01658970861147144,0.056832073879821726,0.2919075000949707,0.7706287239362268,-0.09540692704268225,0.12858634426562512,0.2513494789729269,0.22784923840257032,ok,0.8391899983077773,higher abundance = better cognition,FALSE,FALSE
MOGS,Final cognitive diagnosis,231,-0.01597842460156624,0.056808762977677105,-0.28126689904944646,0.778766504897211,-0.12792912241752347,0.09597227321439097,0.25132901107839023,0.22782812801807062,ok,0.8450445053139949,higher abundance = worse cognition,FALSE,FALSE
NSUN2,Final cognitive diagnosis,231,0.014060029525854011,0.057564802674510814,0.24424698552957375,0.8072641135565842,-0.09938056469341613,0.12750062374512416,0.251263714628438,0.22776078190377003,ok,0.8728721510541158,higher abundance = better cognition,FALSE,FALSE
ALDH2,Final cognitive diagnosis,231,0.01352491957810516,0.05793562725543868,0.233447365961426,0.8156281877526917,-0.10064644342446868,0.127696282580679,0.2512463974768425,0.22774292116445638,ok,0.8788106530011396,higher abundance = better cognition,FALSE,FALSE
PCMT1,Final cognitive diagnosis,231,-0.012577685611124248,0.05677103236954693,-0.2215511165844354,0.8248660837580332,-0.12445402926607194,0.09929865804382343,0.25122822732791256,0.22772418065210698,ok,0.8856456899296777,higher abundance = worse cognition,FALSE,FALSE
STOML2,Final cognitive diagnosis,231,0.011985383539032729,0.059182028674419365,0.202517281132224,0.8396969940432685,-0.10464221158865387,0.12861297866671934,0.2512011299695831,0.22769623270405426,ok,0.8984170635567839,higher abundance = better cognition,FALSE,FALSE
SPRYD4,Final cognitive diagnosis,231,0.01080409239086082,0.057417200001595926,0.1881682212048048,0.8509159002389766,-0.1023456272983863,0.12395381208010793,0.25118230899484495,0.22767682093638708,ok,0.9072483117530551,higher abundance = better cognition,FALSE,FALSE
RNMTL1,Final cognitive diagnosis,231,0.010240143892106049,0.056588715224285935,0.18095734903186722,0.8565654090510848,-0.10127691484681907,0.12175720263103117,0.25117337245505666,0.22766760387741258,ok,0.9101007471167776,higher abundance = better cognition,FALSE,FALSE
HSPA5,Final cognitive diagnosis,231,0.00972554277986256,0.056652571719908354,0.17166992573516118,0.8638527109549722,-0.10191735533436844,0.12136844089409357,0.25116237657063156,0.22765626283069618,ok,0.9146675763052646,higher abundance = better cognition,FALSE,FALSE
ADCK4,Final cognitive diagnosis,144,0.011905281134940793,0.073048724058031,0.16297726330555834,0.870778258328451,-0.13255301033989766,0.15636357260977926,0.246734520131208,0.20796350278502018,ok,0.9188211967189863,higher abundance = better cognition,FALSE,FALSE
TST,Final cognitive diagnosis,231,0.008741487319623056,0.05684322506415322,0.15378239552307985,0.877920389921315,-0.10327712351585742,0.12076009815510354,0.2511428298235886,0.22763610250863386,ok,0.9231740182677746,higher abundance = better cognition,FALSE,FALSE
HAGH,Final cognitive diagnosis,231,0.00798831594073831,0.05639177652269768,0.14165746201528184,0.8874784666947255,-0.10314064378116655,0.11911727566264316,0.2511308015443521,0.22762369666009397,ok,0.9268688643270014,higher abundance = better cognition,FALSE,FALSE
NARS2,Final cognitive diagnosis,231,-0.008104324928291239,0.05721768710104796,-0.14164020495932989,0.8874920825091877,-0.12086087273227117,0.10465222287568868,0.251130785128186,0.2276236797286223,ok,0.9268688643270014,higher abundance = worse cognition,FALSE,FALSE
YWHAE,Final cognitive diagnosis,231,-0.00710277208400846,0.056870654160273926,-0.12489344792819328,0.9007204184303003,-0.11917543631354681,0.10496989214552989,0.25111579678914137,0.22760822090359856,ok,0.9311501622961887,higher abundance = worse cognition,FALSE,FALSE
MTPAP,Final cognitive diagnosis,231,-0.007251367590569567,0.057563587946293106,-0.1259714317553503,0.8998680374136142,-0.12068956799479252,0.10618683281365338,0.25111670488357596,0.22760915750323973,ok,0.9311501622961887,higher abundance = worse cognition,FALSE,FALSE
AK2,Final cognitive diagnosis,231,-0.007320733747897965,0.05753805066162145,-0.12723291219841376,0.8988707100435016,-0.1207086088732473,0.10606714137745138,0.2511177774629191,0.2276102637509927,ok,0.9311501622961887,higher abundance = worse cognition,FALSE,FALSE
MMAB,Final cognitive diagnosis,231,0.005932253951345288,0.056679571281510924,0.10466299968786832,0.9167372976962378,-0.10576385109089646,0.11762835899358705,0.25110020185753595,0.2275921364449921,ok,0.9413419229050806,higher abundance = better cognition,FALSE,FALSE
DNAJA3,Final cognitive diagnosis,231,0.005743062840617831,0.056980649055857854,0.10078970555403702,0.9198079573484285,-0.1065463638155492,0.11803248949678487,0.25109752951940095,0.22758938022180353,ok,0.9413419229050806,higher abundance = better cognition,FALSE,FALSE
SOD2,Final cognitive diagnosis,231,0.005742020059704464,0.05667566672308077,0.10131367466324073,0.9193924950825652,-0.1059463904294788,0.11743043054888773,0.25109788513407366,0.22758974699926882,ok,0.9413419229050806,higher abundance = better cognition,FALSE,FALSE
GSR,Final cognitive diagnosis,231,0.005008989255413074,0.057408921767872614,0.08725105961171739,0.9305502505091725,-0.10812441685836731,0.11814239536919345,0.2510889801749477,0.22758056251227776,ok,0.9460078958664677,higher abundance = better cognition,FALSE,FALSE
GLUD1,Final cognitive diagnosis,231,-0.0050152095839328115,0.05705124802920694,-0.0879070968152233,0.9300294053083515,-0.11744376273955605,0.10741334357169043,0.2510893660699399,0.22758096052056576,ok,0.9460078958664677,higher abundance = worse cognition,FALSE,FALSE
AK4,Final cognitive diagnosis,231,-0.004415647718962027,0.057499678460668995,-0.07679430280610046,0.9388560374182428,-0.1177279043226574,0.10889660888473335,0.251083219480533,0.22757462098889047,ok,0.9512912167217957,higher abundance = worse cognition,FALSE,FALSE
NADK2,Final cognitive diagnosis,231,0.0031981530264003047,0.056762950297928515,0.056342262155408385,0.9551196008007934,-0.10866226362169044,0.11505856967449106,0.2510740750532391,0.2275651895167936,ok,0.9645762305116924,higher abundance = better cognition,FALSE,FALSE
GOT2,Final cognitive diagnosis,231,-0.002552556296842364,0.05689385549168293,-0.04486523676033015,0.9642548751095443,-0.11467094243802521,0.10956582984434048,0.25107017408767646,0.22756116609939714,ok,0.9705986571826334,higher abundance = worse cognition,FALSE,FALSE
CRYZ,Final cognitive diagnosis,231,0.0013700637199288478,0.05688285197425686,0.024085707245285266,0.9808057824869478,-0.11072663824103761,0.1134667656808953,0.25106536224898046,0.22755620321643721,ok,0.9840215391508395,higher abundance = better cognition,FALSE,FALSE
GUF1,Final cognitive diagnosis,231,6.371539856920136e-4,0.05755657089128818,0.01107004770828788,0.9911774573080678,-0.1127872181962068,0.11406152616759083,0.25106382550534306,0.2275546182342102,ok,0.9911774573080678,higher abundance = better cognition,FALSE,FALSE
PDHX,Last-valid MMSE,236,0.2307527331961977,0.054755295320751525,4.214254198511199,3.6122815782213683e-05,0.12286162926493557,0.3386438371274598,0.29014324467711533,0.26834939692597404,ok,0.006841172345757768,higher abundance = better cognition,TRUE,TRUE
DLD,Last-valid MMSE,236,0.2244696417032736,0.054306571348641856,4.13337900237164,5.0237703388521216e-5,0.11746271389466284,0.33147656951188437,0.28818785639679406,0.26633397479494136,ok,0.006841172345757768,higher abundance = better cognition,TRUE,TRUE
NDUFB1,Last-valid MMSE,236,0.22199035304120104,0.054657083299225584,4.061511146247834,6.707031711527224e-5,0.1142927683551495,0.3296879377272526,0.28647322138933135,0.2645666974846178,ok,0.006841172345757768,higher abundance = better cognition,TRUE,TRUE
NDUFA2,Last-valid MMSE,236,0.2143841370171979,0.054379613778908265,3.9423622589307388,1.073612314800569e-4,0.10723328470979482,0.321534989324601,0.2836792225724277,0.26168691800228294,ok,0.008213134208224353,higher abundance = better cognition,TRUE,TRUE
NDUFV1,Last-valid MMSE,236,0.2101125076233738,0.054510291159898056,3.854547520339584,1.5080473584930913e-4,0.10270416557344911,0.3175208496732985,0.2816597131460345,0.2596054060935006,ok,0.009229249833977719,higher abundance = better cognition,TRUE,TRUE
PDHA1,Last-valid MMSE,236,0.20938927187084427,0.05560570183409503,3.765607931639409,2.114662723634207e-4,0.0998225072207878,0.31895603652090077,0.2796494576885652,0.2575334322667229,ok,0.009294858625871802,higher abundance = better cognition,TRUE,TRUE
UQCRC2,Last-valid MMSE,236,0.20570910107227589,0.05466627698517371,3.762998184933413,2.1355474671097937e-4,0.09799340093418758,0.3134248012103642,0.27959101177718365,0.2574731919633252,ok,0.009294858625871802,higher abundance = better cognition,TRUE,TRUE
TUFM,Last-valid MMSE,236,0.20464543253830847,0.05488587455322458,3.728562844340893,2.4300283989207324e-4,0.09649703225863863,0.3127938328179783,0.2788227379407265,0.25668133077224,ok,0.009294858625871802,higher abundance = better cognition,TRUE,TRUE
TIMM13,Last-valid MMSE,236,0.20121644626868174,0.05546895288890379,3.627550833196525,3.5307202910000383e-4,0.09191913491207736,0.3105137576252861,0.2766006575039321,0.2543910285676494,ok,0.010804004090460118,higher abundance = better cognition,TRUE,TRUE
AFG3L2,Last-valid MMSE,236,0.1999232073887582,0.054914977370576205,3.6405952794925187,3.365932537709363e-4,0.09171746224274833,0.3081289525347681,0.2768849418880661,0.25468404098112074,ok,0.010804004090460118,higher abundance = better cognition,TRUE,TRUE
NDUFA8,Last-valid MMSE,236,0.1945262382307201,0.05485199782200948,3.5463838320336625,4.7393785696911087e-4,0.08644458944799624,0.302607887013444,0.2748497580211284,0.25258637339897005,ok,0.0118442511639774,higher abundance = better cognition,TRUE,TRUE
IMMT,Last-valid MMSE,236,0.1937891989392237,0.05475067558486938,3.5394850724504723,4.8583046554973567e-4,0.085907197842697,0.3016712000357504,0.2747023820901093,0.25243447276831443,ok,0.0118442511639774,higher abundance = better cognition,TRUE,TRUE
ATAD3A,Last-valid MMSE,236,0.19271923390813164,0.05459938609370771,3.5296959855440853,5.031871409532882e-4,0.08513533713410042,0.30030313068216286,0.274493651092673,0.2522193333630621,ok,0.0118442511639774,higher abundance = better cognition,TRUE,TRUE
RPL11,Last-valid MMSE,236,0.19579978483809127,0.056393912640491733,3.4720021305544932,6.178870469677754e-4,0.0846799113328176,0.30691965834336493,0.27327279699364776,0.25096099690134743,ok,0.011993695103516742,higher abundance = better cognition,TRUE,TRUE
ECHS1,Last-valid MMSE,236,0.19126469281046588,0.05515439138847117,3.467805336900982,6.271213126021827e-4,0.08258720073046555,0.2999421848904662,0.2731846152345987,0.2508701078075908,ok,0.011993695103516742,higher abundance = better cognition,TRUE,TRUE
NDUFS4,Last-valid MMSE,236,0.19018929533869064,0.054786347220225774,3.4714724559785477,6.190454350033458e-4,0.08223700602446575,0.2981415846529155,0.2732616629311042,0.2509495210035504,ok,0.011993695103516742,higher abundance = better cognition,TRUE,TRUE
MRPL47,Last-valid MMSE,236,0.18728212902396993,0.05536600373207555,3.3826195932481675,8.449010482354429e-4,0.0781876710738521,0.29637658697408775,0.27141325046991566,0.24904435903697442,ok,0.015006720763988216,higher abundance = better cognition,TRUE,TRUE
POLDIP2,Last-valid MMSE,236,0.18541640429954964,0.055193822778936114,3.359368765634965,9.155949257263572e-4,0.07666121569317894,0.2941715929059203,0.2709359503345246,0.24855240495005826,ok,0.015006720763988216,higher abundance = better cognition,TRUE,TRUE
ATP5D,Last-valid MMSE,236,0.18381958852437782,0.05480152351533504,3.3542787998027066,9.317898513587455e-4,0.0758373954862604,0.29180178156249525,0.2708318181474439,0.24844507572214602,ok,0.015006720763988216,higher abundance = better cognition,TRUE,TRUE
LRPPRC,Last-valid MMSE,236,0.18830254496070742,0.05650912792714711,3.3322500606180205,0.0010050075708561113,0.07695564858222693,0.2996494413391879,0.27038262674908475,0.24798209335980226,ok,0.015376615834098504,higher abundance = better cognition,TRUE,TRUE
MRPL39,Last-valid MMSE,236,0.18478683559132583,0.055709070359675546,3.3169972932286074,0.0010588073298727063,0.0750163912008662,0.2945572799817855,0.27007301751018914,0.24766297857409836,ok,0.015428335378145148,higher abundance = better cognition,TRUE,TRUE
NDUFAF7,Last-valid MMSE,236,0.18152020591568266,0.05563489806599739,3.2627040261735125,0.0012728450851087064,0.07189591233308869,0.29114449949827664,0.26898037321774737,0.24653678818495894,ok,0.017704118001966553,higher abundance = better cognition,TRUE,TRUE
MRPS35,Last-valid MMSE,236,0.18074558513460756,0.05593820217527589,3.231165430885,0.0014149821333421127,0.07052365410005114,0.290967516169164,0.2683524666278677,0.2458896037611794,ok,0.01882541446968202,higher abundance = better cognition,TRUE,TRUE
GSTK1,Last-valid MMSE,236,0.17810653337656787,0.056219035887183945,3.1680823152851363,0.0017444826399680541,0.06733124108222129,0.28888182567091447,0.26711167182008555,0.24461071437596538,ok,0.019956901872373038,higher abundance = better cognition,TRUE,TRUE
TIMM44,Last-valid MMSE,236,0.17523136809697165,0.055015157341013275,3.1851470861165443,0.001648960814635578,0.06682822601357079,0.2836345101803725,0.26744532175131,0.24495460794542911,ok,0.019956901872373038,higher abundance = better cognition,TRUE,TRUE
GLS,Last-valid MMSE,236,0.17395882052353046,0.05495918897837021,3.1652363100189462,0.0017609031063858561,0.06566595980004943,0.2822516812470115,0.2670561717252396,0.24455351033083905,ok,0.019956901872373038,higher abundance = better cognition,TRUE,TRUE
ALDH9A1,Last-valid MMSE,236,-0.1762298714715478,0.05507960112751595,-3.199548795997166,0.0015721398391291095,-0.2847599950866262,-0.06769974785646943,0.26772806022099976,0.2452460269821708,ok,0.019956901872373038,higher abundance = worse cognition,FALSE,FALSE
NDUFS1,Last-valid MMSE,236,0.17186060000069503,0.054972757720201604,3.1262866759463845,0.0020004804613876644,0.06354100311358687,0.28018019688780316,0.2663007906439758,0.24377493772515058,ok,0.021862393613736618,higher abundance = better cognition,TRUE,TRUE
NDUFA13,Last-valid MMSE,236,0.17123282475262053,0.055013766445879034,3.1125450194557116,0.0020919540869236445,0.06283242332125354,0.2796332261839875,0.2660361519962949,0.2435021742067074,ok,0.022073722434435696,higher abundance = better cognition,TRUE,TRUE
PDHB,Last-valid MMSE,236,0.17194907246777746,0.05549560866451275,3.0984266432189274,0.0021899446166941975,0.06259923795264115,0.28129890698291377,0.26576527502879144,0.24322298084107885,ok,0.022337435090280813,higher abundance = better cognition,TRUE,TRUE
SLC25A5,Last-valid MMSE,236,0.169659812713759,0.0552338478967749,3.0716638288687,0.0023874096452603417,0.06082575768682914,0.27849386774068885,0.26525463685458234,0.24269666517906507,ok,0.022497970800938533,higher abundance = better cognition,TRUE,TRUE
PHB,Last-valid MMSE,236,0.1687901107605451,0.055040717129198245,3.0666408354444306,0.0024262517530423905,0.06033660507765358,0.2772436164434366,0.26515921247424734,0.2425983111028427,ok,0.022497970800938533,higher abundance = better cognition,TRUE,TRUE
CS,Last-valid MMSE,236,0.16852340748473063,0.05487748670074455,3.0709024340658115,0.0023932603239101924,0.06039153482414096,0.2766552801453203,0.26524016379961013,0.242681747775914,ok,0.022497970800938533,higher abundance = better cognition,TRUE,TRUE
IDH2,Last-valid MMSE,236,0.17127702097285244,0.056416249097135995,3.035951941398164,0.0026764851809980457,0.06011313519532009,0.2824409067503848,0.264579058775434,0.24200034566766226,ok,0.02281379334156356,higher abundance = better cognition,TRUE,TRUE
DLAT,Last-valid MMSE,236,0.16858991131519857,0.05529850405265316,3.048724630139607,0.002569585507174839,0.0596284562990477,0.27755136633134947,0.26481992047215086,0.24224860224103273,ok,0.02281379334156356,higher abundance = better cognition,TRUE,TRUE
MRPS36,Last-valid MMSE,236,0.1679530524830388,0.05533737122610315,3.035074647778241,0.0026839756872427717,0.058915012686810625,0.276991092279267,0.26456254649589045,0.2419833264321679,ok,0.02281379334156356,higher abundance = better cognition,TRUE,TRUE
UQCRC1,Last-valid MMSE,236,0.16805808954389093,0.05578832398001016,3.012424062140831,0.002884174310180425,0.05813148198166207,0.2779846971061198,0.2641376180981866,0.24154535198716598,ok,0.023229546281854266,higher abundance = better cognition,TRUE,TRUE
MRPL44,Last-valid MMSE,236,0.16654577125851466,0.055438497787614435,3.004153754247699,0.0029606284476873085,0.057308469339886994,0.27578307317714235,0.2639831375602261,0.24138612862567177,ok,0.023229546281854266,higher abundance = better cognition,TRUE,TRUE
NDUFA10,Last-valid MMSE,236,0.16627616362468378,0.05530090431133295,3.0067530666150137,0.002936401063047316,0.05730997908315705,0.2752423481662105,0.2640316511667365,0.24143613168501343,ok,0.023229546281854266,higher abundance = better cognition,TRUE,TRUE
IARS2,Last-valid MMSE,236,0.16541947538770352,0.0552552956803623,2.9937307067292287,0.003059633899518384,0.056543159150518704,0.2742957916248883,0.2637889590813693,0.24118598852685003,ok,0.023406199331315637,higher abundance = better cognition,TRUE,TRUE
ATP5O,Last-valid MMSE,236,0.16338911431223435,0.05503040040306641,2.9690700615569203,0.0033060971989812,0.054955936945806125,0.27182229167866256,0.2633318212532516,0.24071481576541287,ok,0.02467477421678652,higher abundance = better cognition,TRUE,TRUE
BCKDHB,Last-valid MMSE,236,0.1662616927821135,0.05676578251903547,2.9289069119475344,0.0037467239139898512,0.05440907824275647,0.2781143073214705,0.2625942100912633,0.2399545586466968,ok,0.027297559944783202,higher abundance = better cognition,TRUE,TRUE
SLIRP,Last-valid MMSE,236,0.16266453670196013,0.055957447136486066,2.906932768130117,0.004009941046894616,0.05240468494945455,0.2729243884544657,0.2621942818567075,0.23954235191371176,ok,0.027910527562461124,higher abundance = better cognition,TRUE,TRUE
UQCRFS1,Last-valid MMSE,236,0.16004021714528618,0.0552394513707256,2.8972086647134994,0.004131727590710619,0.05119512090331314,0.26888531338725924,0.2620181274722276,0.23936078928058535,ok,0.027910527562461124,higher abundance = better cognition,TRUE,TRUE
PPA2,Last-valid MMSE,236,0.15980192725836773,0.0549984767747424,2.9055700562920945,0.004026807931279559,0.051431652949647286,0.26817220156708815,0.2621695655270821,0.2395168767494048,ok,0.027910527562461124,higher abundance = better cognition,TRUE,TRUE
PPIA,Last-valid MMSE,236,-0.1603313493619743,0.055435676398821285,-2.8922051605991297,0.004195700221807881,-0.26956309195068273,-0.051099606773265846,0.2619276851603403,0.2392675702310525,ok,0.027910527562461124,higher abundance = worse cognition,FALSE,FALSE
COX4I1,Last-valid MMSE,236,0.15829065749962087,0.05533810283611847,2.8604279761522036,0.004623548090689607,0.04925117612204907,0.2673301388771927,0.2613564247545332,0.23867877112857594,ok,0.029157488279562657,higher abundance = better cognition,TRUE,TRUE
ETFA,Last-valid MMSE,236,0.15731399590877665,0.05505858853297432,2.8572108384972865,0.004669009561106438,0.04882527599736336,0.26580271582018994,0.26129889291948716,0.23861947296526087,ok,0.029157488279562657,higher abundance = better cognition,TRUE,TRUE
GNG12,Last-valid MMSE,236,-0.16583986471627735,0.057938939084267414,-2.862321391060974,0.004596981163879044,-0.28000409416275207,-0.05167563526980261,0.2613903106240748,0.23871369735376136,ok,0.029157488279562657,higher abundance = worse cognition,FALSE,FALSE
NFS1,Last-valid MMSE,236,0.15920769949758234,0.05665195863127662,2.8102770556230405,0.005380202442746091,0.047579366186773414,0.2708360328083913,0.2604659384108804,0.23776094529191616,ok,0.030570928939406213,higher abundance = better cognition,TRUE,TRUE
ICT1,Last-valid MMSE,236,0.1570730278542703,0.05584770855090131,2.8125241290984957,0.005344025243777087,0.0470294075561517,0.2671166481523889,0.2605055462632423,0.2378017691748331,ok,0.030570928939406213,higher abundance = better cognition,TRUE,TRUE
NDUFS2,Last-valid MMSE,236,0.15652516784249654,0.0556406078548821,2.8131462591266874,0.005334048300086284,0.04688962355944745,0.2661607121255456,0.2605165170313856,0.23781307676480545,ok,0.030570928939406213,higher abundance = better cognition,TRUE,TRUE
COX7A2L,Last-valid MMSE,236,0.15632590908085192,0.0555538752253921,2.8139514740710614,0.005321160409603146,0.046861264782685014,0.2657905533790188,0.2605307194755515,0.23782771524892377,ok,0.030570928939406213,higher abundance = better cognition,TRUE,TRUE
RPL23A,Last-valid MMSE,236,0.15575491181435497,0.05556225969761383,2.8032501316904503,0.005494774809370398,0.04627374655764725,0.26523607707106267,0.2603422559084516,0.237633465519676,ok,0.030570928939406213,higher abundance = better cognition,TRUE,TRUE
MRPL49,Last-valid MMSE,236,0.15509189669361625,0.055313623248152546,2.8038643572096187,0.005484672302898515,0.04610065046396861,0.2640831429232639,0.26035305633098665,0.23764459753413092,ok,0.030570928939406213,higher abundance = better cognition,TRUE,TRUE
PYCR2,Last-valid MMSE,236,0.15826588050208548,0.05671163342579446,2.7907127857491854,0.005704712467751183,0.04651996259202114,0.27001179841214984,0.26012225009385953,0.23740670514060092,ok,0.03074095009815067,higher abundance = better cognition,TRUE,TRUE
SDHB,Last-valid MMSE,236,0.15539654634395392,0.05582538535153362,2.783617978907241,0.005826716031675618,0.04539691219564876,0.2653961804922591,0.259998129373748,0.2372787736966262,ok,0.03074095009815067,higher abundance = better cognition,TRUE,TRUE
NDUFV2,Last-valid MMSE,236,0.1531712560086843,0.05500920041250665,2.784466141301337,0.005812007295393373,0.044779851595381906,0.2615626604219867,0.2600129531867053,0.23729405262664793,ok,0.03074095009815067,higher abundance = better cognition,TRUE,TRUE
MRPS23,Last-valid MMSE,236,0.15408378080281132,0.05585957641436988,2.758412982937931,0.006279531942543416,0.044016775791243024,0.2641507858143796,0.2595593998986384,0.23682657445693,ok,0.032025612906971423,higher abundance = better cognition,TRUE,TRUE
HADHB,Last-valid MMSE,236,0.15379385353923167,0.05568740236314798,2.761735096500159,0.006218078181550061,0.04406610427171208,0.26352160280675124,0.2596170274331199,0.23688597125782096,ok,0.032025612906971423,higher abundance = better cognition,TRUE,TRUE
MRPL48,Last-valid MMSE,236,0.15426859344796323,0.05606118200970064,2.7517898823693927,0.006403693555284965,0.04380434009517904,0.26473284680074743,0.2594446915963393,0.23670834440850763,ok,0.03212344635929835,higher abundance = better cognition,TRUE,TRUE
EEF1B2,Last-valid MMSE,236,0.15106043045201734,0.05513907178768696,2.739625923223293,0.0066375343960856995,0.042413124468735366,0.2597077364352993,0.25923464500655785,0.23649184901991716,ok,0.03275944395487458,higher abundance = better cognition,TRUE,TRUE
NDUFA6,Last-valid MMSE,236,0.15106024134630644,0.05525898795797768,2.733677306236262,0.006754681578869016,0.04217664975966712,0.25994383293294576,0.25913222021767385,0.23638627961032166,ok,0.03280845338307808,higher abundance = better cognition,TRUE,TRUE
DLST,Last-valid MMSE,236,0.15156640410251873,0.05561030184808048,2.7255094661520958,0.00691857982299882,0.0419905754782095,0.26114223272682796,0.2589919010395245,0.23624165238722927,ok,0.03299083852757914,higher abundance = better cognition,TRUE,TRUE
AIFM1,Last-valid MMSE,236,0.15041316725832307,0.055382112464838436,2.715916034330018,0.00711567105496805,0.041286968287532436,0.2595393662291137,0.25882755959926274,0.2360722653764331,ok,0.03299083852757914,higher abundance = better cognition,TRUE,TRUE
ACO2,Last-valid MMSE,236,0.1503041424622635,0.05526293489086107,2.7198002197874502,0.007035269503939429,0.041412773747522905,0.2591955111770041,0.2588940370714332,0.23614078382362635,ok,0.03299083852757914,higher abundance = better cognition,TRUE,TRUE
CPT2,Last-valid MMSE,236,0.1474555855509205,0.055078447639232093,2.677192111817775,0.007963832124084193,0.038927734795911384,0.2559834363059296,0.25816935533072094,0.2353938530821027,ok,0.03637212880551886,higher abundance = better cognition,TRUE,TRUE
NDUFS3,Last-valid MMSE,236,0.14712389659455039,0.05523542400539082,2.6635786588728187,0.008282999216209055,0.038286735966646404,0.2559610572224544,0.25793993375718377,0.23515738786376394,ok,0.037273496472940745,higher abundance = better cognition,TRUE,TRUE
RPS3,Last-valid MMSE,236,0.15337196545287182,0.05800307159848353,2.6442041986080214,0.008757104460069099,0.03908136781285286,0.26766256309289077,0.25761519876890776,0.23482268294163733,ok,0.03734421113324127,higher abundance = better cognition,TRUE,TRUE
MRPS15,Last-valid MMSE,236,0.14838505619059292,0.0560398556189086,2.6478486525672955,0.008666100686774994,0.03796282485288405,0.2588072875283018,0.2576761240207504,0.23488547870559795,ok,0.03734421113324127,higher abundance = better cognition,TRUE,TRUE
ABHD11,Last-valid MMSE,236,0.14693836329429283,0.055594885687436674,2.643019433845116,0.008786873207821474,0.03739291103048899,0.2564838155580967,0.25759540868111086,0.23480228526342573,ok,0.03734421113324127,higher abundance = better cognition,TRUE,TRUE
ATP5H,Last-valid MMSE,236,0.14674803224185343,0.05531329561465376,2.6530336081254307,0.008538095993524765,0.03775743158885113,0.2557386328948557,0.257762929563641,0.23497494933094576,ok,0.03734421113324127,higher abundance = better cognition,TRUE,TRUE
DAP3,Last-valid MMSE,236,0.14643881308681012,0.05648180553045541,2.592672307684095,0.010139118890850398,0.03514575339250506,0.2577318727811152,0.2567616589633052,0.23394293796656462,ok,0.041367605074669626,higher abundance = better cognition,TRUE,TRUE
PHB2,Last-valid MMSE,236,0.14357353658392244,0.05528414800486539,2.5970109292683135,0.010015645213449683,0.03464036905731645,0.25250670411052845,0.2568329484300348,0.23401641614499202,ok,0.041367605074669626,higher abundance = better cognition,TRUE,TRUE
ATP5L,Last-valid MMSE,236,0.14323239671865085,0.0551289004465525,2.5981362871097846,0.009983839403045806,0.03460513258186115,0.25185966085544054,0.25685145682542604,0.23403549278059266,ok,0.041367605074669626,higher abundance = better cognition,TRUE,TRUE
MRPL9,Last-valid MMSE,236,0.14238683231148794,0.05552624450510413,2.564315911881981,0.010980261415807772,0.03297663222546203,0.25179703239751383,0.2562983270404259,0.23346538094078984,ok,0.0442099999110155,higher abundance = better cognition,TRUE,TRUE
CYC1,Last-valid MMSE,236,0.14393333613764475,0.05625668606500584,2.5585107514389778,0.011159968831685201,0.033083857059634264,0.25478281521565527,0.25620403073910764,0.23336818957758898,ok,0.04435000600643729,higher abundance = better cognition,TRUE,TRUE
MRPL45,Last-valid MMSE,236,0.13941018164860794,0.05564439724117692,2.5053767955175954,0.01293096264030484,0.029767170670909948,0.24905319262630593,0.25534978950318576,0.23248772163705556,ok,0.05008701984725672,higher abundance = better cognition,TRUE,FALSE
HSPA9,Last-valid MMSE,236,0.13865442492196745,0.0552423694442766,2.509928996833295,0.012769980206623009,0.029803578840185724,0.24750527100374917,0.25542234985523765,0.23256250971921433,ok,0.05008701984725672,higher abundance = better cognition,TRUE,FALSE
PTCD3,Last-valid MMSE,236,0.14053463486156648,0.05642928803510552,2.490455572895723,0.013471375029765057,0.02934505685822507,0.25172421286490787,0.255112775884829,0.23224343128480185,ok,0.050697901958143395,higher abundance = better cognition,TRUE,FALSE
MRPL37,Last-valid MMSE,236,0.13892034442369136,0.056147495663430795,2.474203751783199,0.01408275054392872,0.028286016645580156,0.24955467220180255,0.2548560673122968,0.23197884130872704,ok,0.050697901958143395,higher abundance = better cognition,TRUE,FALSE
ATP5F1A,Last-valid MMSE,236,0.13877354365515926,0.055799252138101545,2.48701440140629,0.013598821640258935,0.028825402996752042,0.24872168431356648,0.2550582947719792,0.2321872775062067,ok,0.050697901958143395,higher abundance = better cognition,TRUE,FALSE
MRPS6,Last-valid MMSE,236,0.137660168985226,0.05554602200513105,2.478308329127686,0.013926058048419324,0.028210998854414374,0.24710933911603766,0.25492075994280067,0.23204552011648316,ok,0.050697901958143395,higher abundance = better cognition,TRUE,FALSE
SUCLA2,Last-valid MMSE,236,0.1372877981152997,0.05528863491486066,2.4831106488107384,0.01374469741577655,0.028345789477166622,0.24622980675343278,0.25499657158348754,0.23212365930754197,ok,0.050697901958143395,higher abundance = better cognition,TRUE,FALSE
GFM1,Last-valid MMSE,236,0.13697704112561165,0.05521038211950922,2.4810015049182073,0.013824089518499108,0.028189223610487174,0.24576485864073613,0.25496325948846427,0.23208932447275932,ok,0.050697901958143395,higher abundance = better cognition,TRUE,FALSE
NUDT19,Last-valid MMSE,236,0.13599783309273442,0.055257067903719356,2.4611843923694763,0.014590178120466188,0.02711802482554071,0.24487764135992812,0.25465150356538035,0.23176799709589646,ok,0.051913889591426204,higher abundance = better cognition,TRUE,FALSE
PPOX,Last-valid MMSE,236,0.13679108467860862,0.05573284743872136,2.454406888666712,0.01486069916188296,0.026973789380095523,0.2466083799771217,0.2545453965007478,0.23165863235822692,ok,0.052268666017657305,higher abundance = better cognition,TRUE,FALSE
MRPS22,Last-valid MMSE,236,0.1366084416531507,0.056172360871915496,2.4319512217876325,0.015789066089697334,0.02592511889150083,0.24729176441480055,0.25419571269765856,0.2312982126489025,ok,0.05490288890281118,higher abundance = better cognition,TRUE,FALSE
MRPL15,Last-valid MMSE,236,0.1359250151797752,0.05627942181030108,2.415181443013621,0.01651549300995847,0.02503073706188677,0.24681929329766364,0.2539364553189963,0.23103099561387774,ok,0.05678360518030665,higher abundance = better cognition,TRUE,FALSE
MRPL14,Last-valid MMSE,236,0.1342107537156564,0.05576838824877597,2.4065740095797397,0.01689969979027455,0.024323427980654178,0.24409807945065864,0.2538040133062906,0.23089448739902763,ok,0.057108587301814125,higher abundance = better cognition,TRUE,FALSE
PMPCB,Last-valid MMSE,236,0.1335788554761125,0.05554850369081963,2.40472463884187,0.016983272694330344,0.024124795374258212,0.2430329155779668,0.2537756127507862,0.2308652148966437,ok,0.057108587301814125,higher abundance = better cognition,TRUE,FALSE
MRPS27,Last-valid MMSE,236,0.1328166796184938,0.055568258910291365,2.390153699667129,0.017654600691580553,0.02332369337397651,0.24230966586301111,0.2535525371802001,0.2306352905146799,ok,0.05872073708286575,higher abundance = better cognition,TRUE,FALSE
MRPS9,Last-valid MMSE,236,0.13373425706932396,0.056261316757034455,2.3770196784916684,0.018279676630237312,0.02287565356833289,0.24459286057031504,0.2533525087593026,0.23042912087033385,ok,0.06014603278336148,higher abundance = better cognition,TRUE,FALSE
RPS6,Last-valid MMSE,236,0.13238945350795361,0.056064345214253505,2.3613841025346645,0.01904917052427492,0.02191896730354896,0.24285993971235825,0.25311568073475615,0.23018502180994604,ok,0.062011129579022606,higher abundance = better cognition,TRUE,FALSE
MRPS5,Last-valid MMSE,236,0.13121198950833096,0.05605185170466416,2.340903743906334,0.0201001392123985,0.020766120805004035,0.2416578582116579,0.2528076097900717,0.2298674925467845,ok,0.06349996376031587,higher abundance = better cognition,TRUE,FALSE
MIPEP,Last-valid MMSE,236,0.12977548724165713,0.055451236959723635,2.3403533330720476,0.020129073479577254,0.02051308376282454,0.23903789072048973,0.2527993639040129,0.22985899349755723,ok,0.06349996376031587,higher abundance = better cognition,TRUE,FALSE
ETFB,Last-valid MMSE,236,0.12939290581727927,0.05525771889598903,2.3416259013665415,0.020062231902965348,0.020511814819817856,0.2382739968147407,0.25281843133380383,0.22987864633089428,ok,0.06349996376031587,higher abundance = better cognition,TRUE,FALSE
FH,Last-valid MMSE,236,0.12837874802339885,0.05536379454628094,2.3188213357753438,0.021290065843421857,0.019288643104212078,0.23746885294258563,0.2524781660650224,0.22952793432140461,ok,0.0664771443682356,higher abundance = better cognition,TRUE,FALSE
MRPL53,Last-valid MMSE,236,0.129711342129397,0.05607820162299092,2.313043898972288,0.021611403628060986,0.01921355293582125,0.24020913132297275,0.2523924411870912,0.22943957753932653,ok,0.0667988839412794,higher abundance = better cognition,TRUE,FALSE
MRPS33,Last-valid MMSE,231,0.1345474209996648,0.05837398535936452,2.3049209364643852,0.022090677910270497,0.0195122036715345,0.2495826383277951,0.2431646371367941,0.21940747328010157,ok,0.06719865750251057,higher abundance = better cognition,TRUE,FALSE
MRPS26,Last-valid MMSE,236,0.1277923148077497,0.05548940811792754,2.3030037468801634,0.0221799490449463,0.01845469799342453,0.23712993162207485,0.2522439288963683,0.2292865056607305,ok,0.06719865750251057,higher abundance = better cognition,TRUE,FALSE
RPS8,Last-valid MMSE,236,0.13221932668374317,0.05755315623950435,2.2973427579457084,0.022506253185793756,0.018815252702697086,0.24562340066478927,0.2521604513995454,0.2292004652583034,ok,0.06751875955738126,higher abundance = better cognition,TRUE,FALSE
SUCLG1,Last-valid MMSE,236,0.12689739221998633,0.05560786965795191,2.282004201932955,0.02341157563043617,0.01732635603952029,0.23646842840045237,0.25193520707283407,0.22896830553559644,ok,0.06955283633896571,higher abundance = better cognition,TRUE,FALSE
NDUFA9,Last-valid MMSE,236,0.1271410315459494,0.055891363077092956,2.274788528069699,0.02384835892396549,0.01701139335687027,0.23727066973502856,0.25182972126617,0.22885958112960503,ok,0.07016920991089846,higher abundance = better cognition,TRUE,FALSE
MRPS2,Last-valid MMSE,236,0.12710134780376436,0.05658953603069818,2.2460220867479026,0.025661148234011572,0.015596013433007053,0.2386066821745217,0.2514122141980537,0.228429255862029,ok,0.07376372328009227,higher abundance = better cognition,TRUE,FALSE
MRPS25,Last-valid MMSE,236,0.12624959594229254,0.056156030164847125,2.248193035933708,0.025520271470266146,0.015598451584635617,0.23690074029994945,0.25144355347681324,0.22846155731162765,ok,0.07376372328009227,higher abundance = better cognition,TRUE,FALSE
NDUFA4,Last-valid MMSE,236,0.1259820984097896,0.056141840760707606,2.2439965755088243,0.025793197356110697,0.015358913183167802,0.23660528363641142,0.25138299936449543,0.22839914408182638,ok,0.07376372328009227,higher abundance = better cognition,TRUE,FALSE
IDH3A,Last-valid MMSE,236,0.12450163241103603,0.055816441553169824,2.2305548140763833,0.026684585410901428,0.014519621330475366,0.23448364349159667,0.25118973341272116,0.22819994452626957,ok,0.07560632533088739,higher abundance = better cognition,TRUE,FALSE
NIPSNAP1,Last-valid MMSE,236,0.12434279920630352,0.05595087397184791,2.222356692209446,0.027241290714057204,0.014095899369863371,0.23458969904274368,0.2510723820163959,0.2280789902361976,ok,0.07647555007799545,higher abundance = better cognition,TRUE,FALSE
HADHA,Last-valid MMSE,236,0.12306942626392568,0.056036195463262904,2.1962487861012887,0.029081931094694292,0.01265440698179722,0.23348444554605413,0.25070129967757454,0.22769651501855281,ok,0.08090064468160411,higher abundance = better cognition,TRUE,FALSE
GPT2,Last-valid MMSE,236,0.12188991082840107,0.05568421708233909,2.1889489915637137,0.02961547169455578,0.012168437912068897,0.23161138374473325,0.250598263986873,0.22759031595138224,ok,0.08164265169850511,higher abundance = better cognition,TRUE,FALSE
PDK3,Last-valid MMSE,236,0.12242828976543171,0.05637552392244288,2.1716567979724526,0.030913276391723154,0.011344649816721855,0.2335119297141416,0.2503554435739546,0.2273400405257865,ok,0.08347878858832021,higher abundance = better cognition,TRUE,FALSE
FASTKD5,Last-valid MMSE,236,0.12064835133114195,0.05552155792273052,2.17300010743662,0.03081072730660548,0.011247385795728732,0.23004931686655516,0.2503742432187419,0.22735941735265064,ok,0.08347878858832021,higher abundance = better cognition,TRUE,FALSE
BCS1L,Last-valid MMSE,236,0.12029346276906226,0.05545467019824428,2.1692214981899003,0.0310999408466291,0.01102429435741574,0.2295626311807088,0.25032138874191523,0.22730494015065827,ok,0.08347878858832021,higher abundance = better cognition,TRUE,FALSE
ECI2,Last-valid MMSE,236,0.11983828054505083,0.05608400151447332,2.136764091523048,0.033682264472940655,0.009329063110771557,0.2303474979793301,0.24987086702265937,0.22684058662423223,ok,0.08899173505083956,higher abundance = better cognition,TRUE,FALSE
RPL31,Last-valid MMSE,236,0.11870643923894282,0.05557108718340464,2.1361187130848953,0.03373542897352088,0.009207880099482257,0.22820499837840338,0.24986197233220747,0.22683141885117886,ok,0.08899173505083956,higher abundance = better cognition,TRUE,FALSE
MRPL22,Last-valid MMSE,236,0.11887707449440782,0.05606252581532325,2.120437364631114,0.03504959597169094,0.008410173275855706,0.22934397571295995,0.24964661136852928,0.2266094459280894,ok,0.09166817407980707,higher abundance = better cognition,TRUE,FALSE
ENO1,Last-valid MMSE,236,-0.11773138107911636,0.05561767918327888,-2.116797802568353,0.03536082220404006,-0.2273217461758154,-0.008141015982417316,0.2495968364689193,0.22655814285173703,ok,0.09169840334268017,higher abundance = worse cognition,FALSE,FALSE
TIMM8B,Last-valid MMSE,236,0.11923311021708238,0.056639627729929115,2.1051181830787007,0.03637565170186891,0.0076290740002997876,0.230837146433865,0.24943763835797575,0.22639405707949256,ok,0.09353739009052006,higher abundance = better cognition,TRUE,FALSE
SSBP1,Last-valid MMSE,236,0.11639185118445844,0.05540761378953604,2.1006472436544366,0.03677068689984697,0.007215403811988735,0.22556829855692814,0.24937691291057248,0.22633146725431819,ok,0.09376525159460977,higher abundance = better cognition,TRUE,FALSE
RPS16,Last-valid MMSE,236,0.11917093656580013,0.05716270632799633,2.084767223616113,0.03820365574099535,0.0065362141467480706,0.2318056589848522,0.2491621912982488,0.22611015331179152,ok,0.09557099263593724,higher abundance = better cognition,TRUE,FALSE
TACO1,Last-valid MMSE,236,0.11585956443705839,0.05571037750784989,2.0796765274249513,0.03867302833771683,0.006086544411517153,0.22563258446259962,0.24909367651851858,0.22603953500812224,ok,0.09557099263593724,higher abundance = better cognition,TRUE,FALSE
ALDH5A1,Last-valid MMSE,236,0.11585428475513604,0.05546119433271688,2.088925169193353,0.0378239101690541,0.0065722610375995305,0.22513630847267255,0.2492182673283175,0.22616795097436238,ok,0.09557099263593724,higher abundance = better cognition,TRUE,FALSE
SARS2,Last-valid MMSE,236,0.11522592127398476,0.0554215230686789,2.079082545804374,0.03872811466292882,0.0060220667352707535,0.22442977581269877,0.2490856923241675,0.2260313056849973,ok,0.09557099263593724,higher abundance = better cognition,TRUE,FALSE
YARS2,Last-valid MMSE,236,0.11306708406686718,0.05550561590851488,2.0370386350315597,0.04280152749887089,0.0036975310460342914,0.22243663708770006,0.24852591689037015,0.2254543441633201,ok,0.10477813931723594,higher abundance = better cognition,TRUE,FALSE
OGDH,Last-valid MMSE,236,0.1144758768101958,0.056335454318478084,2.0320396488334986,0.04330928201056529,0.003471190938539606,0.22548056268185201,0.2484600659102665,0.22538647144259927,ok,0.10517968488280141,higher abundance = better cognition,TRUE,FALSE
FAHD1,Last-valid MMSE,236,0.1115923305574883,0.055585878935308315,2.0075661785857726,0.04586962743499752,0.0020646254069868475,0.22112003570798974,0.24813985076806133,0.22505642513374746,ok,0.11052051964652947,higher abundance = better cognition,TRUE,FALSE
MRPL19,Last-valid MMSE,236,0.11140031738733397,0.05575972248166586,1.9978635550771093,0.04691964037565152,0.0015300668808451434,0.2212705678938228,0.24801389926112466,0.2249266066945803,ok,0.11216726527304192,higher abundance = better cognition,TRUE,FALSE
PMPCA,Last-valid MMSE,236,0.11070443047121233,0.05593022637641359,1.9793309922646343,0.0489818479604107,4.982151357302289e-4,0.22091064580669442,0.2477749046336004,0.22468027451270223,ok,0.1152957344298898,higher abundance = better cognition,TRUE,FALSE
DNAJA3,Last-valid MMSE,236,0.11019282948116459,0.05560333410902057,1.981766583728797,0.04870653120837729,6.30730251513445e-4,0.21975492871081573,0.24780619536719126,0.22471252592671032,ok,0.1152957344298898,higher abundance = better cognition,TRUE,FALSE
FOXRED1,Last-valid MMSE,236,0.10765117248209538,0.05595072179287038,1.9240354553533752,0.0555950781160875,-0.002595427497357694,0.21789777246154846,0.24707417964736833,0.2239580360400507,ok,0.12914493779622133,higher abundance = better cognition,FALSE,FALSE
ATP5F1,Last-valid MMSE,236,0.10682375961628517,0.055546882928740396,1.9231278873618616,0.055709581010134686,-0.00262710689837517,0.2162746261309455,0.24706283348710908,0.22394634153276594,ok,0.12914493779622133,higher abundance = better cognition,FALSE,FALSE
PNPT1,Last-valid MMSE,236,0.10935911474400128,0.05700971235476634,1.9182541049053063,0.05632786717105103,-0.0029741448015529887,0.22169237428955557,0.24700198855765423,0.22388362855723132,ok,0.12959644627324524,higher abundance = better cognition,FALSE,FALSE
SLC25A6,Last-valid MMSE,236,0.1086520287869842,0.0567761666611258,1.9136908174073224,0.05691196649820412,-0.0032210469068044145,0.2205251044807728,0.2469451509592832,0.2238250459448753,ok,0.12996314737649597,higher abundance = better cognition,FALSE,FALSE
RPS11,Last-valid MMSE,236,0.10778613259940069,0.0567111339485043,1.9006167765446955,0.0586135880090656,-0.003958801129025913,0.2195310663278273,0.2467830108513155,0.22365792785113658,ok,0.13285746615388203,higher abundance = better cognition,FALSE,FALSE
SDHA,Last-valid MMSE,236,0.10604553039125268,0.05671141682812429,1.8699150245645537,0.06277723736019053,-0.005699960729738468,0.21779102151224383,0.24640635797292493,0.22326971106858495,ok,0.1402177710380898,higher abundance = better cognition,FALSE,FALSE
ACAD9,Last-valid MMSE,236,0.10591654804317817,0.056548266083956876,1.8730291020050818,0.062343998360209485,-0.005507467067277061,0.2173405631536334,0.24644429938836393,0.2233088173520419,ok,0.1402177710380898,higher abundance = better cognition,FALSE,FALSE
TAMM41,Last-valid MMSE,236,0.10363890199416856,0.05556596993579816,1.8651505969195652,0.06344492496235761,-0.0058495740019152975,0.21312737799025241,0.2463484237747541,0.2232099981888913,ok,0.1406822249165321,higher abundance = better cognition,FALSE,FALSE
MRPS16,Last-valid MMSE,236,0.10474124904286904,0.05677949966644128,1.8447018670151274,0.06637803135001803,-0.007138394081901173,0.21662089216763925,0.24610135108407824,0.22295533993315086,ok,0.14462676901747196,higher abundance = better cognition,FALSE,FALSE
HADH,Last-valid MMSE,236,0.10406812857600992,0.05631119231953743,1.8480895944357938,0.0658844751640013,-0.006888750890184439,0.21502500804220426,0.24614210636441494,0.22299734647209435,ok,0.14462676901747196,higher abundance = better cognition,FALSE,FALSE
MT-CO2,Last-valid MMSE,236,0.10231740553221622,0.05551977249354971,1.8429003026643067,0.06664174650805081,-0.007080041952126664,0.2117148530165591,0.24607970644090155,0.22293303076145554,ok,0.14462676901747196,higher abundance = better cognition,FALSE,FALSE
MRPS31,Last-valid MMSE,236,0.10224643309061243,0.0559293117030507,1.8281368029965464,0.06883572766386409,-0.00795797995125988,0.21245084613248474,0.24590308277985898,0.22275098444415287,ok,0.1483361455291719,higher abundance = better cognition,FALSE,FALSE
P4HB,Last-valid MMSE,236,0.10408264847228337,0.05703784100626123,1.824799933448706,0.06933980535789318,-0.008306036420611354,0.2164713333651781,0.2458633474534816,0.22271002917354465,ok,0.14837748559101618,higher abundance = better cognition,FALSE,FALSE
HSD17B10,Last-valid MMSE,236,0.10202929767022773,0.05620926121094432,1.8151688079892774,0.07081185080436404,-0.008726734375335873,0.21278532971579134,0.24574904414444823,0.2225922165523918,ok,0.14841387908311915,higher abundance = better cognition,FALSE,FALSE
TRUB1,Last-valid MMSE,236,0.10139408904631712,0.05578685321252113,1.81752658928537,0.0704491178176546,-0.008529620481537381,0.21131779857417163,0.24577697384947148,0.2226210037483588,ok,0.14841387908311915,higher abundance = better cognition,FALSE,FALSE
GRPEL1,Last-valid MMSE,236,0.10117573030459685,0.055694406889211956,1.8166228164680331,0.07058797703756782,-0.008565820843546887,0.21091728145274058,0.24576626393543916,0.22260996502117636,ok,0.14841387908311915,higher abundance = better cognition,FALSE,FALSE
PPIF,Last-valid MMSE,236,0.10145976090867956,0.055996214848187904,1.8119039150011922,0.07131668255877484,-0.008876479642167756,0.21179600145952687,0.24571042546851748,0.22255241221535793,ok,0.14845513512234762,higher abundance = better cognition,FALSE,FALSE
IDH3G,Last-valid MMSE,236,0.10044709610053255,0.055581787524254495,1.807194416996754,0.0720501126902455,-0.009072547238729495,0.2099667394397946,0.24565483486263606,0.22249511488034857,ok,0.14896847623794002,higher abundance = better cognition,FALSE,FALSE
MRPS30,Last-valid MMSE,223,0.10218706276958668,0.05721932245421148,1.7858838306126337,0.07552741087584651,-0.010595604716093304,0.21496973025526667,0.24999368448774556,0.22557487421525346,ok,0.15510998475173846,higher abundance = better cognition,FALSE,FALSE
TUBB4B,Last-valid MMSE,236,-0.09843853012519292,0.05590588432794614,-1.7607901441599347,0.07961453685002282,-0.20859678132376885,0.011719721073383024,0.2451143912529779,0.22193807870372717,ok,0.16241365517404655,higher abundance = worse cognition,FALSE,FALSE
MRPL3,Last-valid MMSE,236,0.0984740068560838,0.05611420886580601,1.754885417552244,0.0806220815844288,-0.012094731843911077,0.20904274555607869,0.24504657589159498,0.22186818129177555,ok,0.16337984744923983,higher abundance = better cognition,FALSE,FALSE
RPL23,Last-valid MMSE,236,0.09927155248034626,0.056825051720874153,1.7469680972394044,0.08198937606985139,-0.012697847469043566,0.2112409524297361,0.24495598452512352,0.22177480861142107,ok,0.16505755971956923,higher abundance = better cognition,FALSE,FALSE
KPNB1,Last-valid MMSE,236,-0.09759514487371355,0.05598337883816002,-1.7432878632754059,0.08263135456190883,-0.20790609305267488,0.012715803305247755,0.24491400673410402,0.22173154202857215,ok,0.16526270912381766,higher abundance = worse cognition,FALSE,FALSE
ME2,Last-valid MMSE,236,0.09739291859444617,0.05631197070761912,1.7295242445008006,0.08506871586820634,-0.013565494625678812,0.20835133181457116,0.24475775861449595,0.22157049681757268,ok,0.16903264321864378,higher abundance = better cognition,FALSE,FALSE
NDUFB10,Last-valid MMSE,236,0.09586184511609092,0.05561909338683232,1.7235420298811626,0.08614618191149714,-0.013731306560091819,0.20545499679227364,0.2446902131054577,0.22150087754290593,ok,0.17006923654785888,higher abundance = better cognition,FALSE,FALSE
HAGH,Last-valid MMSE,236,0.09537636869681618,0.05560691450458785,1.715189011052702,0.08766919565461133,-0.014192785427306842,0.2049455228209392,0.24459627017639105,0.2214040504011049,ok,0.17196649916866066,higher abundance = better cognition,FALSE,FALSE
TSFM,Last-valid MMSE,236,0.09556412900080924,0.0558509322103567,1.7110570086973111,0.08843063051922487,-0.01448584327067201,0.2056141012722905,0.24454995938858742,0.22135631779086862,ok,0.1723552416489351,higher abundance = better cognition,FALSE,FALSE
ACOT13,Last-valid MMSE,236,0.09495122173171475,0.05616483565605976,1.6905813152053661,0.09228337378283734,-0.015717273170068047,0.20561971663349754,0.24432203675577863,0.22112139753336824,ok,0.17872602770600143,higher abundance = better cognition,FALSE,FALSE
HIBCH,Last-valid MMSE,236,0.09463696846485899,0.05627337422869615,1.6817361631853174,0.09398914269227308,-0.016245393357963406,0.20551933028768138,0.2442243846576379,0.22102074734449528,ok,0.18088476518135574,higher abundance = better cognition,FALSE,FALSE
ACADVL,Last-valid MMSE,236,0.0925268255553795,0.05568048467341629,1.6617460515668765,0.09793798974486523,-0.017187292935839205,0.2022409440465982,0.2440054855722369,0.2207951276731389,ok,0.18730640538705476,higher abundance = better cognition,FALSE,FALSE
NFU1,Last-valid MMSE,236,0.09126291857386401,0.05555983744873287,1.6426059319931543,0.10184290942968183,-0.018213473827465368,0.20073931097519337,0.24379823035414105,0.22058150935624188,ok,0.19294467081948738,higher abundance = better cognition,FALSE,FALSE
CLPP,Last-valid MMSE,236,-0.09138707703826451,0.05568513932163497,-1.6411394162168955,0.10214717866914039,-0.20111036715629635,0.018336213079767322,0.24378244483587613,0.22056523919487225,ok,0.19294467081948738,higher abundance = worse cognition,FALSE,FALSE
GAPDH,Last-valid MMSE,236,-0.09165683045670155,0.0560071857843878,-1.6365191211276895,0.10311055023414895,-0.20201468839470443,0.018701027481301355,0.2437328000511137,0.22051407022812153,ok,0.1935694992125741,higher abundance = worse cognition,FALSE,FALSE
GRSF1,Last-valid MMSE,236,0.09255914840065332,0.057471523440212925,1.610521922164491,0.10866750321492723,-0.020684074419222737,0.20580237122052938,0.24345595165548142,0.22022872210104438,ok,0.20275765843760812,higher abundance = better cognition,FALSE,FALSE
LONP1,Last-valid MMSE,236,0.08907434607883742,0.05605090299164912,1.5891687970148918,0.11340796898989866,-0.021369653258359572,0.19951834541603441,0.24323172627294798,0.21999761260588935,ok,0.21032023339944841,higher abundance = better cognition,FALSE,FALSE
TBRG4,Last-valid MMSE,236,0.08770124091625328,0.05596548786202925,1.5670593479406745,0.11848763374523036,-0.02257445446836459,0.19797693630087115,0.24300257524030106,0.21976142623452088,ok,0.21841696340988248,higher abundance = better cognition,FALSE,FALSE
LETM1,Last-valid MMSE,236,0.08751546311116286,0.05597015274631179,1.5636095100156713,0.11929619067991691,-0.022769424069645813,0.19780035029197152,0.24296709690989365,0.2197248586571272,ok,0.21859062483865016,higher abundance = better cognition,FALSE,FALSE
MRPS34,Last-valid MMSE,236,0.08686811621921292,0.055830824893479125,1.5559167607670232,0.12111485176582432,-0.023142236128710067,0.19687846856713592,0.24288825390745306,0.2196435950361907,ok,0.22060205143060857,higher abundance = better cognition,FALSE,FALSE
GCAT,Last-valid MMSE,236,-0.08578971221620114,0.055829997672940834,-1.5366239618845785,0.12577197701508244,-0.19579843458958837,0.024219010157186083,0.24269216126851878,0.21944148200921898,ok,0.22772914181429127,higher abundance = worse cognition,FALSE,FALSE
SLC25A13,Last-valid MMSE,236,0.08557419607583772,0.055945724723012846,1.5295931279738597,0.12750366655028728,-0.024662557561262677,0.1958109497129381,0.24262128293817442,0.21936842758978503,ok,0.2295065997905171,higher abundance = better cognition,FALSE,FALSE
ABHD10,Last-valid MMSE,236,0.08412868553900461,0.05588540404984893,1.5053784967531614,0.13361087854623452,-0.0259892108445752,0.19424658192258443,0.24237956133589836,0.2191192847102461,ok,0.23909315108273546,higher abundance = better cognition,FALSE,FALSE
POLG,Last-valid MMSE,189,0.09057770120287836,0.06079576634555282,1.4898685656506094,0.1379992821868879,-0.029381893295311864,0.2105372957010686,0.2279131644929808,0.1980534526225436,ok,0.2427057401060036,higher abundance = better cognition,FALSE,FALSE
MRPS12,Last-valid MMSE,236,0.08400499614457584,0.0564371942267143,1.4884686826761566,0.13800914633478636,-0.027200160402093068,0.19521015269124475,0.2422129573034469,0.2189475656417107,ok,0.2427057401060036,higher abundance = better cognition,FALSE,FALSE
HARS,Last-valid MMSE,236,0.08382717520044036,0.056247066014985636,1.4903386281180726,0.1375173153856152,-0.027003348307876388,0.1946576987087571,0.2422312919853534,0.21896646323051783,ok,0.2427057401060036,higher abundance = better cognition,FALSE,FALSE
NSUN4,Last-valid MMSE,211,0.08595625119150643,0.05788980957578727,1.4848252537257973,0.13914128380369536,-0.028186177483033314,0.20009867986604618,0.2403812655785821,0.21418751611577447,ok,0.24329847339389019,higher abundance = better cognition,FALSE,FALSE
SYNE1,Last-valid MMSE,236,0.08204932473347312,0.05674242662914007,1.4459960493007307,0.14955151495341534,-0.02975726881870175,0.193855918285648,0.24180248315866115,0.2185244892205499,ok,0.25879913223883705,higher abundance = better cognition,FALSE,FALSE
ALDH18A1,Last-valid MMSE,236,0.08124690117567937,0.056207746107302406,1.4454751667248213,0.14969753727540575,-0.02950614547452589,0.19199994782588464,0.2417975201566353,0.2185193738456549,ok,0.25879913223883705,higher abundance = better cognition,FALSE,FALSE
PC,Last-valid MMSE,236,0.07975248911912546,0.0558128158290959,1.4289278893101378,0.15439354444516273,-0.030222377750622448,0.18972735598887336,0.24164075389884446,0.2183577945887213,ok,0.26541811573157187,higher abundance = better cognition,FALSE,FALSE
PCCB,Last-valid MMSE,236,0.08035278647929843,0.056423303093188444,1.4241063899890472,0.1557828353538966,-0.0308249986556708,0.19153057161426768,0.24159540327837867,0.2183110516246447,ok,0.26631032188990145,higher abundance = better cognition,FALSE,FALSE
TRUB2,Last-valid MMSE,194,0.08771368964496198,0.06303975683598449,1.3914027281731687,0.16576525435076955,-0.036651149827313045,0.212078529117237,0.2510727250821394,0.22288729000458551,ok,0.2818009323963082,higher abundance = better cognition,FALSE,FALSE
NIPSNAP3A,Last-valid MMSE,236,0.0769427214408364,0.05609813962856443,1.3715734951334855,0.17154448139597456,-0.033594354061376924,0.18747979694304973,0.24111087821151714,0.21781165078818654,ok,0.2900144271114266,higher abundance = better cognition,FALSE,FALSE
RPS9,Last-valid MMSE,236,0.07658878670889938,0.056148321343603765,1.3640441045460414,0.17389870011590083,-0.03404716800857602,0.18722474142637477,0.24104287506992783,0.21774155983084664,ok,0.29237913316189923,higher abundance = better cognition,FALSE,FALSE
MRPL16,Last-valid MMSE,236,0.0770837282220363,0.05718089128316574,1.348067973272918,0.1789742987435223,-0.03558682625447568,0.18975428269854827,0.24089978358138145,0.21759407518256424,ok,0.29741847167415747,higher abundance = better cognition,FALSE,FALSE
POLRMT,Last-valid MMSE,231,0.07651263565570647,0.056860909622556174,1.3456104758717164,0.17979472088747925,-0.0355408254132592,0.18856609672467214,0.24112681747401027,0.21730568618395663,ok,0.29741847167415747,higher abundance = better cognition,FALSE,FALSE
ZADH2,Last-valid MMSE,236,0.07535000559274914,0.05611564493507842,1.3427628904545859,0.18068401444469373,-0.035221562771449236,0.18592157395694753,0.24085262920922357,0.21754547308845418,ok,0.29741847167415747,higher abundance = better cognition,FALSE,FALSE
IGHG2,Last-valid MMSE,236,-0.07506765917166858,0.05591821493014159,-1.3424544983320785,0.18078377689997804,-0.18525020687481475,0.03511488853147758,0.24084989359617112,0.21754265348728163,ok,0.29741847167415747,higher abundance = worse cognition,FALSE,FALSE
AK3,Last-valid MMSE,236,0.07440101378501603,0.0556895192185461,1.3359966979251368,0.18288229339608755,-0.035330906583479774,0.18413293415351184,0.24079274908120704,0.21748375453545465,ok,0.29767011584682335,higher abundance = better cognition,FALSE,FALSE
TUBB,Last-valid MMSE,236,-0.07493964685850907,0.05607182600504434,-1.3364937830233554,0.18272011856081766,-0.1854248733866025,0.035545579669584354,0.2407971382601334,0.21748827846987429,ok,0.29767011584682335,higher abundance = worse cognition,FALSE,FALSE
RPS10,Last-valid MMSE,236,0.07422880583558122,0.056467118622490826,1.3145492039683415,0.18998224990338922,-0.03703531443461236,0.1854929261057748,0.24060487873983022,0.2172901162450005,ok,0.30759030936739207,higher abundance = better cognition,FALSE,FALSE
KIAA0391,Last-valid MMSE,209,0.07788810526419503,0.05943412313588875,1.3104947318918718,0.1915239999745545,-0.03930626848359975,0.1950824790119898,0.23622010350679942,0.20962080362892688,ok,0.30845444206428246,higher abundance = better cognition,FALSE,FALSE
ACAA2,Last-valid MMSE,236,0.07537710951188253,0.05796373076472535,1.300418529266828,0.1947704883562344,-0.03883597003680149,0.18959018906056657,0.24048271202648608,0.2171641987992291,ok,0.31204067768066873,higher abundance = better cognition,FALSE,FALSE
ST13,Last-valid MMSE,236,0.07269731884314708,0.05624710807475485,1.292463227558814,0.1975050827586832,-0.0381332875407145,0.18352792522700867,0.24041449828228006,0.2170938907734027,ok,0.31477372564665135,higher abundance = better cognition,FALSE,FALSE
GADD45GIP1,Last-valid MMSE,236,0.07047388610485844,0.05612659062083311,1.2556238553834391,0.21053762998077885,-0.04011924989243261,0.18106702210214948,0.2401039168059443,0.21677377390086372,ok,0.3338057760317012,higher abundance = better cognition,FALSE,FALSE
AARS2,Last-valid MMSE,236,0.06942402504092533,0.05588184470768986,1.2423359573055028,0.21538890465094165,-0.04068685793230646,0.1795349080141571,0.23999403364756514,0.21666051713674472,ok,0.33973713826385643,higher abundance = better cognition,FALSE,FALSE
PDK2,Last-valid MMSE,236,0.0689614668255038,0.056237440732942456,1.2262554256866802,0.22136751471342217,-0.04185009080381978,0.1797730244548274,0.23986257870592603,0.2165250262977747,ok,0.3473767153964471,higher abundance = better cognition,FALSE,FALSE
CCT3,Last-valid MMSE,236,-0.06776241998552446,0.056026200021871746,-1.2094773509370809,0.22773211391992107,-0.17815774401809475,0.04263290404704585,0.23972719963709463,0.21638549085402303,ok,0.35554095336477476,higher abundance = worse cognition,FALSE,FALSE
PRDX3,Last-valid MMSE,236,0.06583543706303403,0.056274559121119276,1.169896985267125,0.24326389748077323,-0.045049259499302094,0.17672013362537015,0.23941503913315562,0.21606374647496307,ok,0.37786168847267315,higher abundance = better cognition,FALSE,FALSE
CNP,Last-valid MMSE,236,-0.06537595148549478,0.05609802803093473,-1.1653876932972373,0.24507984508207623,-0.1759128070931501,0.04516090412216052,0.239380118526186,0.21602775374409522,ok,0.37875976058139055,higher abundance = worse cognition,FALSE,FALSE
PGAM5,Last-valid MMSE,236,0.06408070983283336,0.05608850739708932,1.142492692471948,0.25444760706408265,-0.046437386097064964,0.17459880576273168,0.23920484853706303,0.21584710265881502,ok,0.39126114453069993,higher abundance = better cognition,FALSE,FALSE
ALDH1B1,Last-valid MMSE,236,0.06359635331793315,0.055881775728198496,1.1380517617632147,0.2562933270393321,-0.04651439373650891,0.1737071003723752,0.23917124496972292,0.21581246740300397,ok,0.3921287903701781,higher abundance = better cognition,FALSE,FALSE
TRAP1,Last-valid MMSE,236,0.0629597791087018,0.05588459987835325,1.126603379924871,0.2610945527355581,-0.04715653271671043,0.17307609093411402,0.23908520756143656,0.21572378849534035,ok,0.3974872295377153,higher abundance = better cognition,FALSE,FALSE
SUPV3L1,Last-valid MMSE,236,0.06297643228595555,0.05610410072479617,1.1224925000557406,0.2628337556119157,-0.0475723890985385,0.1735252536704496,0.23905452083832188,0.21569215963598964,ok,0.3981541050358723,higher abundance = better cognition,FALSE,FALSE
ECHDC1,Last-valid MMSE,236,0.06293432981078875,0.05640301700040091,1.115797224292832,0.26568355002775906,-0.0482034831364226,0.1740721427580001,0.23900477709855078,0.21564088867613795,ok,0.4004885039827304,higher abundance = better cognition,FALSE,FALSE
C1QBP,Last-valid MMSE,236,0.06187046717987725,0.05591111277517199,1.1065862242568634,0.2696390347414494,-0.04829808627238463,0.17203902063213913,0.23893681815613324,0.2155708432749619,ok,0.4044585521121741,higher abundance = better cognition,FALSE,FALSE
GLDC,Last-valid MMSE,236,0.062314082013900596,0.056643299053165855,1.100113924427532,0.272442650794619,-0.0492971882633428,0.17392535229114398,0.2388893951993458,0.215521964350203,ok,0.4066704933812362,higher abundance = better cognition,FALSE,FALSE
XPNPEP3,Last-valid MMSE,236,0.06304277327435642,0.0583380020420044,1.080646766561606,0.2809960051450305,-0.05190777908017871,0.17799332562889156,0.2387483998644453,0.21537664021116076,ok,0.4114925604461048,higher abundance = better cognition,FALSE,FALSE
FLAD1,Last-valid MMSE,231,0.0617693845882464,0.057484442123145435,1.0745409071887937,0.2837416021376736,-0.05151284639037786,0.17505161556687066,0.23890583683188427,0.2150149886606877,ok,0.4114925604461048,higher abundance = better cognition,FALSE,FALSE
BCKDK,Last-valid MMSE,236,0.06096473693748919,0.05662527242511837,1.0766347661834097,0.28278133564890945,-0.05061101325372769,0.17254048712870607,0.23871964847606622,0.21534700610471735,ok,0.4114925604461048,higher abundance = better cognition,FALSE,FALSE
ACSF3,Last-valid MMSE,236,0.06045816822037676,0.0559417261887346,1.0807347634644793,0.2809569332512152,-0.049770706612037065,0.1706870430527906,0.23874903165494413,0.2153772913987363,ok,0.4114925604461048,higher abundance = better cognition,FALSE,FALSE
CLPX,Last-valid MMSE,236,0.060294253889227545,0.0558725395881693,1.0791393112546923,0.28166591369300403,-0.049798294060671724,0.1703868018391268,0.23873758462895323,0.215365492928965,ok,0.4114925604461048,higher abundance = better cognition,FALSE,FALSE
GSR,Last-valid MMSE,236,-0.06059817168444474,0.05580979928074145,-1.085798058144166,0.2787150087890889,-0.17056709467734715,0.04937075130845768,0.23878546940857517,0.2154148478553296,ok,0.4114925604461048,higher abundance = worse cognition,FALSE,FALSE
MTO1,Last-valid MMSE,205,0.06316501745749008,0.05964142728693116,1.0590795749002977,0.29086036665103343,-0.05445259083969184,0.180782625754672,0.24217154140743502,0.21524362663511043,ok,0.4198267556378124,higher abundance = better cognition,FALSE,FALSE
TARS2,Last-valid MMSE,236,0.05807994418684467,0.05621530994569232,1.0331695092129478,0.30261921919610224,-0.05268800642596483,0.16884789479965417,0.23841488306228092,0.21503288385805275,ok,0.43474873743665393,higher abundance = better cognition,FALSE,FALSE
OAT,Last-valid MMSE,236,0.058021986690049196,0.0565197890098472,1.0265782605794984,0.3057069736193076,-0.053345916533063864,0.16938988991316226,0.2383697429574263,0.21498635787278586,ok,0.43713240153041183,higher abundance = better cognition,FALSE,FALSE
BCAT2,Last-valid MMSE,236,0.05796650150138313,0.057038843319891404,1.0162636219021683,0.31058106300076715,-0.05442415837353684,0.1703571613763031,0.23829967244486439,0.2149141360725576,ok,0.43916912350383425,higher abundance = better cognition,FALSE,FALSE
MCCC2,Last-valid MMSE,236,0.05711395922097375,0.05629966552636119,1.0144635618524462,0.31143692745206547,-0.05382020758458594,0.16804812602653343,0.23828751528905492,0.21490160567073646,ok,0.43916912350383425,higher abundance = better cognition,FALSE,FALSE
FECH,Last-valid MMSE,236,-0.05685260418731237,0.055755645423387346,-1.019674398091801,0.30896364967693807,-0.16671482116360317,0.05300961278897843,0.23832276601530666,0.21493793865612754,ok,0.43916912350383425,higher abundance = worse cognition,FALSE,FALSE
PIN4,Last-valid MMSE,236,-0.0567344445752204,0.05620398670289219,-1.0094380826600848,0.31383464319751164,-0.16748008360777764,0.05401119445733683,0.2382536864956156,0.21486673827398983,ok,0.44052018724054387,higher abundance = worse cognition,FALSE,FALSE
TST,Last-valid MMSE,236,-0.05534833017836879,0.05630356918272514,-0.9830341305494106,0.32663262995043596,-0.16629018883897206,0.055593528482234464,0.23807866157134716,0.21468633977748497,ok,0.4563907980129379,higher abundance = worse cognition,FALSE,FALSE
IBA57,Last-valid MMSE,236,-0.05375592106618618,0.056279803976202525,-0.9551547316852143,0.34051105708112417,-0.16465095221263104,0.05713911008025868,0.23789880741960798,0.21450096378775385,ok,0.47361992484919996,higher abundance = worse cognition,FALSE,FALSE
RPL9,Last-valid MMSE,236,0.05429190023191838,0.05740463675602099,0.9457755209334004,0.34526431745589503,-0.05881952751401101,0.16740332797784777,0.23783944524837605,0.21443977909372092,ok,0.47805828570816233,higher abundance = better cognition,FALSE,FALSE
CBR4,Last-valid MMSE,236,0.052424552641279695,0.056178278501003334,0.9331818994835059,0.3517132325916815,-0.05827043035398233,0.16311953563654172,0.23776064572330907,0.21435856028498956,ok,0.4847939151939394,higher abundance = better cognition,FALSE,FALSE
DHX30,Last-valid MMSE,236,0.05183442681152243,0.055841727100276704,0.9282382458988375,0.3542656239712182,-0.05819740749754763,0.1618662611205925,0.23772999711007387,0.21432697070555862,ok,0.4861223360322545,higher abundance = better cognition,FALSE,FALSE
SAMM50,Last-valid MMSE,236,0.051853556840155954,0.05626312446090877,0.9216259732639528,0.3576978791538231,-0.059008608602478155,0.16271572228279008,0.23768925442320432,0.2142849771467238,ok,0.48864085277263336,higher abundance = better cognition,FALSE,FALSE
DCXR,Last-valid MMSE,236,0.051185709301898696,0.05582198809216237,0.9169452943415567,0.3601401871068448,-0.05880723080774303,0.16117864941154042,0.23766058704831647,0.21425542963313327,ok,0.489790654465309,higher abundance = better cognition,FALSE,FALSE
NARS2,Last-valid MMSE,236,-0.05027664308063723,0.05596970755549808,-0.8982831119991871,0.36998225772695426,-0.1605606530471405,0.06000736688586604,0.23754771849979422,0.2141390958221564,ok,0.5009494286037522,higher abundance = worse cognition,FALSE,FALSE
MDH2,Last-valid MMSE,236,0.050352949015460696,0.05639386198808459,0.8928799560863508,0.3728628902630061,-0.060766824683135046,0.16147272271405644,0.2375154674004569,0.21410585455748854,ok,0.5026257463457263,higher abundance = better cognition,FALSE,FALSE
HARS2,Last-valid MMSE,236,0.0495385208518132,0.055990884076684955,0.8847604689357179,0.3772179189298692,-0.0607872158232192,0.1598642575268456,0.23746736351219272,0.21405627379546177,ok,0.5062661543532455,higher abundance = better cognition,FALSE,FALSE
AK2,Last-valid MMSE,236,0.0495137916006784,0.056454675839123517,0.8770538642676071,0.38138056330031556,-0.06172581112056193,0.1607533943219187,0.23742210668973485,0.21400962750915653,ok,0.5076644426849539,higher abundance = better cognition,FALSE,FALSE
HSPA5,Last-valid MMSE,236,0.048811735061399776,0.0558335466260669,0.8742366912190948,0.38290928701947313,-0.06120398025154385,0.1588274503743434,0.2374056604086022,0.21399267629834007,ok,0.5076644426849539,higher abundance = better cognition,FALSE,FALSE
AKR7A2,Last-valid MMSE,236,-0.049223424735113555,0.056343309492927804,-0.8736338915500174,0.3832368832033476,-0.16024358862470367,0.061796739154476574,0.23740214812461233,0.21398905618106978,ok,0.5076644426849539,higher abundance = worse cognition,FALSE,FALSE
ALDH2,Last-valid MMSE,236,0.04763415458508717,0.056915043494719465,0.8369343438963835,0.4035058364076006,-0.06451256724281733,0.15978087641299166,0.23719281900081476,0.21377330028592756,ok,0.5322102842272664,higher abundance = better cognition,FALSE,FALSE
RNMTL1,Last-valid MMSE,236,0.0465685509531404,0.05608075102541099,0.830383867934285,0.40719043779922504,-0.06393426164209644,0.15707136354837725,0.2371563889457176,0.21373575176422643,ok,0.5347651243200122,higher abundance = better cognition,FALSE,FALSE
ALDH7A1,Last-valid MMSE,236,-0.04747643297496046,0.057504695258761236,-0.8256096786762311,0.40988857023541214,-0.16078501831551364,0.06583215236559273,0.23713001576547332,0.21370856888107992,ok,0.5360081303078467,higher abundance = worse cognition,FALSE,FALSE
MRPL10,Last-valid MMSE,236,0.04688383801231226,0.05720952064143158,0.8195111143504079,0.41335069205258435,-0.06584312841577537,0.15961080444039988,0.23709654514984313,0.2136740706588296,ok,0.537210079960051,higher abundance = better cognition,FALSE,FALSE
MT-ATP6,Last-valid MMSE,231,0.04653492023942942,0.05689946161580848,0.8178446494562357,0.4143188851979478,-0.06559451366049698,0.15866435413935584,0.22745129720828564,0.20320088949733484,ok,0.537210079960051,higher abundance = better cognition,FALSE,FALSE
SHMT2,Last-valid MMSE,236,0.045622948842783353,0.056136148574927616,0.812719611176891,0.41722663380213254,-0.06498902036894916,0.15623491805451586,0.23705956012926788,0.21363595013323666,ok,0.5386976790862977,higher abundance = better cognition,FALSE,FALSE
ALYREF,Last-valid MMSE,236,-0.045571968442011813,0.0563502570740313,-0.8087268951078734,0.4195153270677352,-0.15660582200655518,0.06546188512253157,0.23703795868391847,0.21361368548561765,ok,0.5393768490870882,higher abundance = worse cognition,FALSE,FALSE
PTPMT1,Last-valid MMSE,236,0.045192355311199514,0.05651026205039392,0.7997194433623139,0.42470576045439157,-0.06615677577003211,0.15654148639243115,0.23698961273450844,0.2135638552307434,ok,0.5414998445793492,higher abundance = better cognition,FALSE,FALSE
EEF1A1,Last-valid MMSE,236,-0.044925219595394,0.05601820817897314,-0.8019753050983345,0.4234023144283522,-0.15530479631534871,0.06545435712456071,0.23700167043404713,0.21357628312281185,ok,0.5414998445793492,higher abundance = worse cognition,FALSE,FALSE
NDUFAF3,Last-valid MMSE,236,0.04436191473575577,0.056055612754069485,0.7913911302759814,0.4295382912926632,-0.06609136482655573,0.15481519429806725,0.2369453883632164,0.2135182730936661,ok,0.5453888677823856,higher abundance = better cognition,FALSE,FALSE
RPS4X,Last-valid MMSE,236,0.04526605595608637,0.05773140262998904,0.7840803080119961,0.4338068054105265,-0.06848923884713776,0.1590213507593105,0.23690694440703675,0.2134786488405861,ok,0.5462752364428852,higher abundance = better cognition,FALSE,FALSE
ECI1,Last-valid MMSE,236,-0.04444690092114657,0.05649106539245386,-0.7867952323498547,0.432218789496176,-0.15575820646231286,0.06686440462001972,0.23692117964069287,0.2134933211208897,ok,0.5462752364428852,higher abundance = worse cognition,FALSE,FALSE
GLRX5,Last-valid MMSE,236,0.04261436501637355,0.0566719819165184,0.7519476745871945,0.4528580630626208,-0.06905342264010939,0.1542821526728565,0.23674216140433993,0.21330880671061347,ok,0.5679285544965654,higher abundance = better cognition,FALSE,FALSE
CCT6A,Last-valid MMSE,236,-0.04185047138088704,0.05646855296883192,-0.741128808524394,0.459377976775721,-0.1531174179203803,0.06941647515860624,0.23668821590338462,0.2132532049881377,ok,0.573753717932125,higher abundance = worse cognition,FALSE,FALSE
PITRM1,Last-valid MMSE,236,0.04040587267266809,0.056766535990227233,0.7117903526758133,0.47732226204984185,-0.0714482265238017,0.1522599718691379,0.23654582513430902,0.2131064425726431,ok,0.5937423259644374,higher abundance = better cognition,FALSE,FALSE
MRPL38,Last-valid MMSE,236,-0.03877010544232358,0.05628266591224006,-0.6888462871104345,0.4916203598726051,-0.14967077581391847,0.072130564929271307,0.23643844076288664,0.21299576131262443,ok,0.609051943809786,higher abundance = worse cognition,FALSE,FALSE
DARS2,Last-valid MMSE,236,0.0386990928191698,0.056665305821312385,0.6829415681828842,0.49533711022386817,-0.07295554010446936,0.15035372574280895,0.23641136953945519,0.21296785895514025,ok,0.611182079550418,higher abundance = better cognition,FALSE,FALSE
PDIA6,Last-valid MMSE,236,0.03808132942723343,0.056107364412569624,0.6787224783401543,0.4980020590623163,-0.0724739228033496,0.14863658165781649,0.23639216796846932,0.21294806786223808,ok,0.6120025304139308,higher abundance = better cognition,FALSE,FALSE
GFM2,Last-valid MMSE,236,0.0347840894144961,0.05668506419915932,0.6136376469872988,0.5400665192191885,-0.0769094758751418,0.14647765470413399,0.23611092466040107,0.2126581898912029,ok,0.6610414195242866,higher abundance = better cognition,FALSE,FALSE
SUCLG2,Last-valid MMSE,236,0.033950721021396,0.05739408810403627,0.5915369011500751,0.554746777945943,-0.07913992141599012,0.1470413634587821,0.23602182289180496,0.21256635254199197,ok,0.67364529614741675,higher abundance = better cognition,FALSE,FALSE
TFAM,Last-valid MMSE,236,0.03328748765518842,0.05627572087319226,0.5915070858034159,0.5547667144743432,-0.07759949805037877,0.14417447336075562,0.23602170488123167,0.21256623090828697,ok,0.67364529614741675,higher abundance = better cognition,FALSE,FALSE
MTG1,Last-valid MMSE,184,0.03464489744422965,0.060757855489653505,0.570212644357228,0.5692606794113131,-0.08526281968787948,0.1545526145763388,0.2438659969296951,0.21379248544394436,ok,0.6858022358262276,higher abundance = better cognition,FALSE,FALSE
CPOX,Last-valid MMSE,236,0.031947196250029584,0.05592718032061048,0.5712284450402784,0.5684074318752234,-0.07825301706644577,0.14214740956650496,0.2359428107200261,0.21248491455792162,ok,0.6858022358262276,higher abundance = better cognition,FALSE,FALSE
QRSL1,Last-valid MMSE,236,0.03149847098154886,0.05611976833017068,0.5612722917213985,0.5751631573694368,-0.07908122221598014,0.14207816417907787,0.23590507771095393,0.21244602307927274,ok,0.6901957888433241,higher abundance = better cognition,FALSE,FALSE
MRPL23,Last-valid MMSE,212,0.03144610705814611,0.057808897197071274,0.543966561945403,0.5870584949464996,-0.08253343461008478,0.145425648726377,0.2428296761367068,0.21684834149433885,ok,0.7017183572407378,higher abundance = better cognition,FALSE,FALSE
RPS15A,Last-valid MMSE,231,0.030090747487507962,0.05693737500228641,0.5284884925990989,0.5976858932283942,-0.08211340076721682,0.14229489574223275,0.24356383728559855,0.21981920437528102,ok,0.7116415693692164,higher abundance = better cognition,FALSE,FALSE
ATP5F1B,Last-valid MMSE,236,0.029002040400626098,0.05688417496344357,0.509843738074151,0.6106541015042515,-0.08308385735726685,0.14108793815851906,0.2357206787612646,0.21225596275832093,ok,0.7242641669003913,higher abundance = better cognition,FALSE,FALSE
NT5DC2,Last-valid MMSE,183,0.030704558883118727,0.0612887938806339,0.5009816140764485,0.6170136103844177,-0.09025576849785379,0.15166488626409125,0.24107085497646324,0.2107136891755218,ok,0.7289813311877676,higher abundance = better cognition,FALSE,FALSE
MMAB,Last-valid MMSE,236,-0.027513237281266586,0.056017641440516505,-0.4911530827388027,0.6237906108867004,-0.137891697286621,0.08286522272408785,0.23565802960381113,0.21219139016182287,ok,0.7341535651205012,higher abundance = worse cognition,FALSE,FALSE
CECR5,Last-valid MMSE,236,0.02654009418441867,0.05587986173348559,0.47494917419444366,0.6352778327401105,-0.08356688149044658,0.13664706985928393,0.23560560124362678,0.2121373521590012,ok,0.7448084935573709,higher abundance = better cognition,FALSE,FALSE
PRDX4,Last-valid MMSE,236,-0.026350897377890762,0.05589131234191481,-0.47146678569093686,0.6377582614251751,-0.1364804355971981,0.08377864084141658,0.23559456252330152,0.2121259745305959,ok,0.7448627022752046,higher abundance = worse cognition,FALSE,FALSE
MTHFD1L,Last-valid MMSE,236,0.026387282979588037,0.05650696614503891,0.46697398178940697,0.6409644251758503,-0.08495535377328461,0.13772991973246068,0.2355804404624428,0.21211141889769336,ok,0.7457608901285558,higher abundance = better cognition,FALSE,FALSE
FDXR,Last-valid MMSE,236,-0.02540794459340022,0.05614529349691382,-0.45253917133404664,0.6513108969534371,-0.13603793317152785,0.0852220439847274,0.23553597978627683,0.2120655932007678,ok,0.7549285396505749,higher abundance = worse cognition,FALSE,FALSE
AK4,Last-valid MMSE,236,0.024260354730761484,0.05699042950125431,0.4256917335607645,0.6707340375647287,-0.08803490943297318,0.13655561889449613,0.23545698676497137,0.211984174955124,ok,0.7671391020127557,higher abundance = better cognition,FALSE,FALSE
VARS2,Last-valid MMSE,231,0.024034248114088833,0.05712939949539475,0.42069842018952525,0.674380452422978,-0.08854831492867984,0.1366168111568575,0.2355717812935376,0.21157627667046475,ok,0.7671391020127557,higher abundance = better cognition,FALSE,FALSE
MOGS,Last-valid MMSE,236,0.024026179635264766,0.05634584640250562,0.4264055146786535,0.67021469278013,-0.08699898303980029,0.13505134231032984,0.2354590246285093,0.21198627538464776,ok,0.7671391020127557,higher abundance = better cognition,FALSE,FALSE
HSD17B8,Last-valid MMSE,236,0.023853810946255723,0.05638643551955902,0.4230416540159103,0.6726636106915261,-0.08725132946650271,0.13495895135901415,0.2354494504938124,0.2119764073072189,ok,0.7671391020127557,higher abundance = better cognition,FALSE,FALSE
ATP5J2-PTCD1,Last-valid MMSE,231,-0.024502511229856302,0.05763571186739442,-0.42512724205143065,0.671153855949696,-0.13808284328548817,0.08907782082577556,0.22576159322706044,0.20145814548082464,ok,0.7671391020127557,higher abundance = worse cognition,FALSE,FALSE
ERAL1,Last-valid MMSE,224,0.022555708862931054,0.05580824004817028,0.40416448975030095,0.686491649392607,-0.08744274927143172,0.13255416699729383,0.22780403216541587,0.20277916283744324,ok,0.7780238693116213,higher abundance = better cognition,FALSE,FALSE
SERPINH1,Last-valid MMSE,236,0.020861400533877722,0.05647792343958398,0.36937265507280465,0.7121927933879904,-0.09042400979853044,0.13214681086628588,0.2353069267060379,0.21182950778911802,ok,0.8041734124602401,higher abundance = better cognition,FALSE,FALSE
NADK2,Last-valid MMSE,236,-0.020423237654113132,0.05625852449006258,-0.3630247653885886,0.7169227124694715,-0.1312763392074971,0.09042986389927082,0.23529134275658825,0.21181344538507996,ok,0.8065380515281554,higher abundance = worse cognition,FALSE,FALSE
MRPL13,Last-valid MMSE,236,0.019276792329644493,0.05655650160034624,0.340841314158061,0.7335369094425854,-0.09216345023332446,0.13071703489261344,0.23523899970000225,0.21175949530482696,ok,0.8222062061883925,higher abundance = better cognition,FALSE,FALSE
EARS2,Last-valid MMSE,236,0.01631528268060966,0.056308677040029266,0.2897472208237336,0.7722729516761614,-0.09463664062050073,0.12726720598172006,0.23513096885631252,0.2116481477247082,ok,0.8599966599899316,higher abundance = better cognition,FALSE,FALSE
ECH1,Last-valid MMSE,236,0.016260650505417237,0.05643022136068028,0.2881550012268322,0.7734898670600455,-0.09493076654428487,0.12745206755511934,0.2351278831724713,0.2116449673049594,ok,0.8599966599899316,higher abundance = better cognition,FALSE,FALSE
TRMU,Last-valid MMSE,225,0.01618449806366668,0.057367861931614625,0.2821178534239156,0.7781220248379863,-0.09688505085823443,0.12925404698556778,0.21520915335251747,0.18989331958969546,ok,0.8599966599899316,higher abundance = better cognition,FALSE,FALSE
LAP3,Last-valid MMSE,236,0.015901890096899133,0.05646665249364439,0.2816155977847097,0.7784937085529773,-0.09536131170220374,0.127165091896002,0.23511538803292928,0.2116320885427122,ok,0.8599966599899316,higher abundance = better cognition,FALSE,FALSE
GUF1,Last-valid MMSE,236,0.014883849833965962,0.05627944936418869,0.26446331657673855,0.791661835962394,-0.09601048257674173,0.12577818224467366,0.23508397533994688,0.21159971142494527,ok,0.8698401173940882,higher abundance = better cognition,FALSE,FALSE
MARS2,Last-valid MMSE,230,-0.014404312010134635,0.05563096421739009,-0.25892616122644674,0.795932133563218,-0.12403666460214934,0.09522804058188007,0.2374666810912978,0.21342283770228465,ok,0.8698401173940882,higher abundance = worse cognition,FALSE,FALSE
YWHAE,Last-valid MMSE,236,-0.014705529555848364,0.05648090299600936,-0.26036286206131265,0.7948188707429,-0.12599681087534695,0.09658575176365021,0.23507675766539035,0.21159227215511733,ok,0.8698401173940882,higher abundance = worse cognition,FALSE,FALSE
SOD2,Last-valid MMSE,236,0.01418939439059252,0.0559977041706262,0.2533924310067629,0.8001933105956908,-0.09614978075573156,0.12452856953691661,0.23506474673445338,0.21157989246752862,ok,0.871384886271464,higher abundance = better cognition,FALSE,FALSE
PDK1,Last-valid MMSE,236,0.013214805953149153,0.05617126278324293,0.2352591930173129,0.8142187292841625,-0.09746635310911046,0.12389596501540877,0.23503502602818896,0.21154925928344037,ok,0.8835139402870699,higher abundance = better cognition,FALSE,FALSE
CRYZ,Last-valid MMSE,236,-0.010967083609475516,0.056457013287795114,-0.1942554692641947,0.8461488194667943,-0.12221129209379472,0.10027712487484369,0.2349759466216624,0.21148836603548538,ok,0.9090717319374872,higher abundance = worse cognition,FALSE,FALSE
ACAT1,Last-valid MMSE,236,-0.010995733460416584,0.05680476988080103,-0.19357060126271086,0.8466844562162872,-0.12292516960169564,0.10093370268086246,0.23497505554975406,0.21148744760610616,ok,0.9090717319374872,higher abundance = worse cognition,FALSE,FALSE
ADCK4,Last-valid MMSE,145,-0.013471702262234158,0.06918905689326137,-0.19470856905907946,0.8459095472554689,-0.1502883029131346,0.1233448983886663,0.23168648695045474,0.19242959212310562,ok,0.9090717319374872,higher abundance = worse cognition,FALSE,FALSE
ARL2,Last-valid MMSE,236,0.010446171198616487,0.05617180521055074,0.18596823013717892,0.8526350217116406,-0.10023605667499189,0.12112839907222486,0.2349653754426864,0.21147747030276887,ok,0.9118262027856402,higher abundance = better cognition,FALSE,FALSE
ATP5F1C,Last-valid MMSE,236,0.010338470223868385,0.056592583982481584,0.18268242049291636,0.8552095431355515,-0.10117286990177919,0.12184981034951596,0.234961311570083,0.21147328166214696,ok,0.9118262027856402,higher abundance = better cognition,FALSE,FALSE
NSUN2,Last-valid MMSE,236,-0.010067748903564478,0.056886013040702725,-0.17698109544715088,0.8596803547317368,-0.12215726845152246,0.10202177064439351,0.2349544320034744,0.21146619088077412,ok,0.9134103769024703,higher abundance = worse cognition,FALSE,FALSE
CHCHD1,Last-valid MMSE,224,0.009075196677132386,0.05558610837994014,0.16326375315037225,0.8704634210967488,-0.10048543827937993,0.1186358316336447,0.22712401435698637,0.20207710741485163,ok,0.9198833696879206,higher abundance = better cognition,FALSE,FALSE
GLUD1,Last-valid MMSE,236,0.008637367207831882,0.05611050652294396,0.15393493559535065,0.8777972024472969,-0.10192407630991297,0.11919881072557674,0.234928844748341,0.21143981805201817,ok,0.9198833696879206,higher abundance = better cognition,FALSE,FALSE
HSP90AA1,Last-valid MMSE,236,-0.008707120548567895,0.05592616430526726,-0.15568957136128567,0.8764154701700577,-0.11890533188484487,0.10149109078770907,0.23493066756554432,0.21144169683290748,ok,0.9198833696879206,higher abundance = worse cognition,FALSE,FALSE
SPRYD4,Last-valid MMSE,236,-0.009112301262359634,0.056635848259771956,-0.16089281863607288,0.8723202861474513,-0.12070889032348098,0.1024842877987617,0.23493619441785912,0.21144739336928464,ok,0.9198833696879206,higher abundance = worse cognition,FALSE,FALSE
PCMT1,Last-valid MMSE,236,0.008399332761430034,0.05633902070945815,0.14908552998721117,0.8816179263392193,-0.10261238040973455,0.11941104593259463,0.23492391431469956,0.21143473624541398,ok,0.9207340800675806,higher abundance = better cognition,FALSE,FALSE
STOML2,Last-valid MMSE,236,-0.008012118053223946,0.05589671781618222,-0.14333789829256166,0.8861499265392112,-0.118152307344406,0.1021280712379581,0.23491827492973907,0.21142892372144162,ok,0.9223193112959137,higher abundance = worse cognition,FALSE,FALSE
LYRM7,Last-valid MMSE,236,0.007673077369238744,0.05616819055169047,0.1366089470547812,0.8914604519468887,-0.10300202809671052,0.118348182835188,0.2349119542993552,0.21142240903661613,ok,0.9247013501550778,higher abundance = better cognition,FALSE,FALSE
MRPL4,Last-valid MMSE,236,-0.006048610250175083,0.05613489144651286,-0.1077513484806218,0.9142876950041086,-0.11665810238692047,0.1045608818865703,0.2348882926353019,0.21139802091796467,ok,0.9451757928083014,higher abundance = worse cognition,FALSE,FALSE
PCK2,Last-valid MMSE,236,0.003899755827026665,0.05701578344831968,0.06839782935827737,0.9455288954653327,-0.10844546634208216,0.11624497799613548,0.23486503072995282,0.21137404483131106,ok,0.9721686576074843,higher abundance = better cognition,FALSE,FALSE
CARS2,Last-valid MMSE,236,0.003740298006114115,0.05594301042929946,0.06685907636023784,0.9467524835523867,-0.10649110732369625,0.11397170333592448,0.23486433229968923,0.2113733249580131,ok,0.9721686576074843,higher abundance = better cognition,FALSE,FALSE
RPS18,Last-valid MMSE,236,-0.003351426298310812,0.05625306793319888,-0.059577662542613076,0.9525441957893594,-0.11419377612548748,0.10749092352886586,0.23486124281648185,0.211370140622251,ok,0.9748445615770702,higher abundance = worse cognition,FALSE,FALSE
HSP90AB1,Last-valid MMSE,236,0.003079281748630215,0.05588608252882427,0.05509925923045364,0.9561076375159495,-0.10703995152565972,0.11319851502292015,0.23485951936603666,0.21136836425885364,ok,0.9752297902662685,higher abundance = better cognition,FALSE,FALSE
CCDC90B,Last-valid MMSE,236,-0.00284361340018243,0.056570520885932306,-0.05026669996403669,0.9599538679280846,-0.11431147988864293,0.10862425308827808,0.23485781061404612,0.21136660304517907,ok,0.9758999454684182,higher abundance = worse cognition,FALSE,FALSE
METTL17,Last-valid MMSE,229,-0.0026269398324390266,0.057543667098621895,-0.045651241307524154,0.9636294505283866,-0.11603148259400692,0.11077760292912886,0.23610493373413677,0.21190916240444868,ok,0.9763927545088951,higher abundance = worse cognition,FALSE,FALSE
HINT2,Last-valid MMSE,236,0.002168317549593493,0.05662245145041427,0.03829430718824218,0.9694865383744562,-0.10940187412763483,0.11373850922682183,0.23485425243324426,0.21136293562198416,ok,0.9790854149920251,higher abundance = better cognition,FALSE,FALSE
MTPAP,Last-valid MMSE,236,0.00033756171788313966,0.057085175468300234,0.005913299120374778,0.9952870680516077,-0.11214439209692068,0.11281951553268696,0.23484944850380152,0.21135798420347962,ok,0.996737069178951,higher abundance = better cognition,FALSE,FALSE
ADCK3,Last-valid MMSE,236,-2.2984655832457193e-4,0.05614263388280748,-0.004093975334401931,0.996737069178951,-0.11085459457112816,0.11039490145447901,0.2348493874042778,0.21135792122809338,ok,0.996737069178951,higher abundance = worse cognition,FALSE,FALSE
GOT2,Last-valid MMSE,236,-5.037177086586718e-4,0.05606137794653251,-0.008985111089118843,0.9928388718648735,-0.11096835713992106,0.10996092172260372,0.23484960208796996,0.2113581425029516,ok,0.996737069178951,higher abundance = worse cognition,FALSE,FALSE
MRPL47,Last-valid cognitive diagnosis,234,0.25699863712663257,0.053773459792221215,4.7792840207728196,3.1682166089678674e-6,0.1510371611807909,0.3629601130724742,0.32713131171527915,0.3062902461489383,ok,9.694742823441674e-4,higher abundance = better cognition,TRUE,TRUE
NDUFAF7,Last-valid cognitive diagnosis,234,0.24346575583321187,0.05474824036801725,4.447006044333789,1.3657310324574063e-5,0.13558345892971208,0.35134805273671166,0.3187382628631774,0.29763723560672717,ok,0.002089568479659832,higher abundance = better cognition,TRUE,TRUE
PDHA1,Last-valid cognitive diagnosis,234,0.22810609782684285,0.055066100798026624,4.142405118958729,4.857417393439974e-5,0.11959745178310334,0.3366147438705824,0.3114080374386306,0.29007996780177403,ok,0.004396711564806544,higher abundance = better cognition,TRUE,TRUE
POLDIP2,Last-valid cognitive diagnosis,234,0.22251628772397455,0.05426260948910035,4.100729578231417,5.7473353788320834e-5,0.11559093435532901,0.3294416410926201,0.31043381457236574,0.28907556989097893,ok,0.004396711564806544,higher abundance = better cognition,TRUE,TRUE
PDHX,Last-valid cognitive diagnosis,234,0.21906182219735523,0.05473767866903274,4.002029817922972,8.515814751346402e-5,0.11120033729325475,0.32692330710145573,0.3081551495623215,0.2867263267611545,ok,0.0052116786278239985,higher abundance = better cognition,TRUE,TRUE
NDUFA2,Last-valid cognitive diagnosis,234,0.21324400145638103,0.05415162066710424,3.9379061758334677,1.0950774296014613e-4,0.1065373533642351,0.319950649548527,0.3066966242065042,0.28522262584121894,ok,0.0055848948909674526,higher abundance = better cognition,TRUE,TRUE
BCKDHB,Last-valid cognitive diagnosis,234,0.21666764550795414,0.05576672873431002,3.8852493310164555,1.3431131413552073e-4,0.10677840073569063,0.32655689028021767,0.3055120245169354,0.2840013350108228,ok,0.005871323160781335,higher abundance = better cognition,TRUE,TRUE
MRPL48,Last-valid cognitive diagnosis,234,0.2079233721795177,0.05512406339509898,3.7719166435398144,2.0692389047818413e-4,0.09930050989677901,0.3165462344622564,0.30300322753219355,0.28141483192478367,ok,0.006528332317891273,higher abundance = better cognition,TRUE,TRUE
UQCRC2,Last-valid cognitive diagnosis,234,0.20433620109788025,0.05434070808178311,3.7602785887580445,2.1619280746849667e-4,0.09725695318382264,0.31141544901193785,0.3027487972628716,0.2811525210718987,ok,0.006528332317891273,higher abundance = better cognition,TRUE,TRUE
NDUFV1,Last-valid cognitive diagnosis,234,0.2029101403861864,0.054281851335093334,3.738084376186421,2.3496700451797935e-4,0.09594687064747248,0.30987341012490033,0.30226525705347235,0.2806540039533586,ok,0.006528332317891273,higher abundance = better cognition,TRUE,TRUE
NUDT19,Last-valid cognitive diagnosis,234,0.20272179171315094,0.05483398246666061,3.697010185908109,2.738414033637837e-4,0.09467053861159266,0.31077304481470924,0.3013761869354755,0.27973739626533545,ok,0.006528332317891273,higher abundance = better cognition,TRUE,TRUE
MRPL49,Last-valid cognitive diagnosis,234,0.20041447396265535,0.05426020437988171,3.693581258181989,2.773474514136815e-4,0.09349385990079057,0.30733508802452014,0.3013023086186475,0.279661229682057,ok,0.006528332317891273,higher abundance = better cognition,TRUE,TRUE
GNG12,Last-valid cognitive diagnosis,234,-0.21761604345214275,0.05750974043378101,-3.7839858398024675,1.9770920864572186e-4,-0.3309399210894006,-0.10429216581488485,0.30326771686926896,0.2816875134094676,ok,0.006528332317891273,higher abundance = worse cognition,FALSE,FALSE
MRPL44,Last-valid cognitive diagnosis,234,0.19920165795473174,0.05462775779213988,3.6465281755238705,3.299429910013893e-4,0.0915567739239586,0.3068465419855049,0.3002938864928467,0.27862157324262515,ok,0.007211611089030366,higher abundance = better cognition,TRUE,TRUE
MRPL39,Last-valid cognitive diagnosis,234,0.19926010804580854,0.055137671341531136,3.613865134266572,3.718329362202289e-4,0.09061043108359572,0.30790978500802135,0.2995997809985215,0.2779059689055555,ok,0.007384728996813904,higher abundance = better cognition,TRUE,TRUE
PPOX,Last-valid cognitive diagnosis,234,0.19693483259985964,0.05465087787584339,3.603507212587854,3.8612962074843944e-4,0.08924439006861655,0.3046252751311027,0.29938068881483515,0.27768009068078137,ok,0.007384728996813904,higher abundance = better cognition,TRUE,TRUE
ATAD3A,Last-valid cognitive diagnosis,234,0.19231961627196084,0.0546026920576681,3.5221636337791615,5.177714936268495e-4,0.08472412467809913,0.29991510786582254,0.2976772967593471,0.27592393869437115,ok,0.00931988688528329,higher abundance = better cognition,TRUE,TRUE
RPS3,Last-valid cognitive diagnosis,234,0.1950751019468379,0.057314033596252756,3.403618445720283,7.865874776650677e-4,0.08213686781173357,0.3080133360819422,0.295250289142344,0.27342175827507165,ok,0.011901287097625605,higher abundance = better cognition,TRUE,TRUE
CYC1,Last-valid cognitive diagnosis,234,0.1899414570248285,0.055475085406924786,3.423905625950036,7.328425699498022e-4,0.08062690016624774,0.2992560138834093,0.2956609169860404,0.27384510468029843,ok,0.011901287097625605,higher abundance = better cognition,TRUE,TRUE
NDUFB1,Last-valid cognitive diagnosis,234,0.18644949686389795,0.05485165386189234,3.399159072456554,7.988848840233933e-4,0.07836342199100467,0.29453557173679124,0.29516029129203786,0.27332897288072944,ok,0.011901287097625605,higher abundance = better cognition,TRUE,TRUE
ATP5D,Last-valid cognitive diagnosis,234,0.18562296450363405,0.055074304808671724,3.370409579358082,8.825790697414185e-4,0.07709815232366322,0.29414777668360487,0.2945823620903416,0.2727331432170337,ok,0.011901287097625605,higher abundance = better cognition,TRUE,TRUE
SLC25A5,Last-valid cognitive diagnosis,234,0.18494765788462852,0.05481934493556316,3.3737662881966823,8.72401395746074e-4,0.07692524827585055,0.2929700674934065,0.2946496350510838,0.2728024998535511,ok,0.011901287097625605,higher abundance = better cognition,TRUE,TRUE
NDUFA8,Last-valid cognitive diagnosis,234,0.18466466903870493,0.05485344089528103,3.366510213848615,8.945411870764343e-4,0.07657507278749302,0.2927542652899168,0.2945042815531326,0.2726526442561058,ok,0.011901287097625605,higher abundance = better cognition,TRUE,TRUE
UQCRC1,Last-valid cognitive diagnosis,234,0.18288572678815812,0.0551818657358032,3.314236014848948,0.0010702162681852855,0.07414896405419666,0.29162248952211955,0.29346463091374114,0.2715807920482376,ok,0.013645257419362391,higher abundance = better cognition,TRUE,TRUE
NDUFS2,Last-valid cognitive diagnosis,234,0.17960561985413395,0.05501399407414058,3.2647260551939796,0.001265755478277636,0.07119965095616489,0.28801158875210303,0.2924921930245178,0.2705782344013834,ok,0.0143782386717464,higher abundance = better cognition,TRUE,TRUE
AFG3L2,Last-valid cognitive diagnosis,234,0.17953936282628788,0.05514535851638325,3.2557474945592775,0.0013045922242150532,0.07087453816116863,0.28820418749140714,0.2923171267248418,0.2703977456941953,ok,0.0143782386717464,higher abundance = better cognition,TRUE,TRUE
COX7A2L,Last-valid cognitive diagnosis,234,0.178935866209252,0.05489330301595914,3.2597030307545887,0.0012873480995201241,0.07076772100177608,0.2871040114167279,0.2923942040534449,0.27047721037368433,ok,0.0143782386717464,higher abundance = better cognition,TRUE,TRUE
DLD,Last-valid cognitive diagnosis,234,0.17842627195721053,0.055103204416551185,3.2380380387391257,0.0013844596474628915,0.06984451263050606,0.287008031283915,0.29197298411711625,0.27004294380215976,ok,0.0143782386717464,higher abundance = better cognition,TRUE,TRUE
NDUFS4,Last-valid cognitive diagnosis,234,0.1774400641968943,0.054872329389176834,3.2336892960824994,0.0014047543533351606,0.06931324786166088,0.2855668805321277,0.2918887123619239,0.26995606185985954,ok,0.0143782386717464,higher abundance = better cognition,TRUE,TRUE
MRPL9,Last-valid cognitive diagnosis,234,0.1767564904687103,0.054678461318014494,3.232652971719153,0.0014096312423280786,0.06901169431663995,0.28450128662078067,0.29186864378800115,0.26993537169293924,ok,0.0143782386717464,higher abundance = better cognition,TRUE,TRUE
MRPL37,Last-valid cognitive diagnosis,234,0.17830428924213743,0.05539793308803509,3.218609058189714,0.0014772893123528442,0.0691417622810895,0.28746681620318537,0.2915972038834123,0.26965552435767726,ok,0.014582275147740978,higher abundance = better cognition,TRUE,TRUE
PYCR2,Last-valid cognitive diagnosis,234,0.1789298588266089,0.05602075335984472,3.1939923706000095,0.001603197892984858,0.06854005440368773,0.28931966324953007,0.2911237678420229,0.26916742436810326,ok,0.015330579851667704,higher abundance = better cognition,TRUE,TRUE
MRPL15,Last-valid cognitive diagnosis,234,0.17537281425176746,0.05542330631387626,3.1642430940259443,0.0017686100410417604,0.06616028893707024,0.2845853395664647,0.2905556367635982,0.26858169630937345,ok,0.015514167835401733,higher abundance = better cognition,TRUE,TRUE
MRPL45,Last-valid cognitive diagnosis,234,0.17431132174111566,0.05510543844549369,3.1632326437894474,0.001774496321042682,0.06572516022409335,0.28289748325813796,0.2905364173274808,0.2685618815809869,ok,0.015514167835401733,higher abundance = better cognition,TRUE,TRUE
NDUFS1,Last-valid cognitive diagnosis,234,0.17292847685497023,0.054591683242545014,3.167670725349638,0.0017487770499013686,0.06535467831012126,0.2805022753998192,0.29062087055504043,0.26864895061647975,ok,0.015514167835401733,higher abundance = better cognition,TRUE,TRUE
LRPPRC,Last-valid cognitive diagnosis,234,0.17719138828643025,0.05638912112096699,3.1422973929016558,0.0019006058979698268,0.06607570920693683,0.28830706736592365,0.2901393631736659,0.2681525292896645,ok,0.016155150132743528,higher abundance = better cognition,TRUE,TRUE
DLAT,Last-valid cognitive diagnosis,234,0.17278052712401756,0.05518123823373361,3.1311462492407918,0.0019711120567450263,0.06404500089307655,0.28151605335495855,0.28992876859026884,0.26793541186518877,ok,0.016301629442269677,higher abundance = better cognition,TRUE,TRUE
ABHD11,Last-valid cognitive diagnosis,234,0.17248690362546434,0.05531218491536482,3.1184250611215742,0.0020544924941217754,0.06349334483144356,0.2814804624194851,0.2896892854417417,0.26768851109701686,ok,0.01637791263660261,higher abundance = better cognition,TRUE,TRUE
UQCRFS1,Last-valid cognitive diagnosis,234,0.1705195412506214,0.05476712864532973,3.1135380924368117,0.002087381022312097,0.06260002468988107,0.27843905781136175,0.28959750206072205,0.2675938848679126,ok,0.01637791263660261,higher abundance = better cognition,TRUE,TRUE
MRPS35,Last-valid cognitive diagnosis,234,0.17219332325025208,0.055640085489118155,3.0947710043315606,0.0022182498950745304,0.06255363104966523,0.28183301545083894,0.2892461514627267,0.2672316517292713,ok,0.01696961169732016,higher abundance = better cognition,TRUE,TRUE
GSTK1,Last-valid cognitive diagnosis,234,0.17436638488329048,0.05651637423229893,3.0852365752727398,0.0022875980954211593,0.0629999514809855,0.2857328182855955,0.28906833271309146,0.26704832531924916,ok,0.01707329310241158,higher abundance = better cognition,TRUE,TRUE
MRPL53,Last-valid cognitive diagnosis,234,0.1693949622402017,0.05541922324986401,3.056610185178252,0.0025080007888018986,0.06019048266946052,0.27859944181094287,0.28853721304571034,0.26650075504270143,ok,0.017992937457519734,higher abundance = better cognition,TRUE,TRUE
DLST,Last-valid cognitive diagnosis,234,0.16830323245658382,0.055107727733658254,3.0540767942748785,0.0025284193159259756,0.05971255986004906,0.2768939050531186,0.2884904102318259,0.2664525025841392,ok,0.017992937457519734,higher abundance = better cognition,TRUE,TRUE
MRPL19,Last-valid cognitive diagnosis,234,0.16592550811027976,0.05483282670433237,3.0260250671550715,0.002764967129363192,0.057876532457161955,0.27397448376339756,0.28797435804145066,0.2659204664763629,ok,0.01922908958148038,higher abundance = better cognition,TRUE,TRUE
MRPS9,Last-valid cognitive diagnosis,234,0.16610849175984305,0.05552405367996772,2.991649217783474,0.003082539783713092,0.05669744212385504,0.27551954139583107,0.28734745213122714,0.26527414312644215,ok,0.020961270529249024,higher abundance = better cognition,TRUE,TRUE
NDUFA4,Last-valid cognitive diagnosis,234,0.16586350348984275,0.05567252587248002,2.979270311351765,0.003204867921067087,0.056159886986922467,0.275567119992763,0.28712318656190056,0.2650429312784197,ok,0.021319338779272362,higher abundance = better cognition,TRUE,TRUE
ICT1,Last-valid cognitive diagnosis,234,0.16447420372092794,0.055557456260786224,2.960434382540616,0.003399567443314459,0.05499733375688952,0.27395107368496635,0.28678345604097005,0.2646926781307347,ok,0.022133353992643073,higher abundance = better cognition,TRUE,TRUE
AIFM1,Last-valid cognitive diagnosis,234,0.16225598164180727,0.0551370440709401,2.942776211090432,0.0035918782817677304,0.05360754072648265,0.2709044225571319,0.2864666332069968,0.2643660422001338,ok,0.022898224046269282,higher abundance = better cognition,TRUE,TRUE
NDUFA13,Last-valid cognitive diagnosis,234,0.16047250767592916,0.05491653292390795,2.9221165126771385,0.003829495101245514,0.05225858755752409,0.2686864277943342,0.2860980091257542,0.2639860005588529,ok,0.022976970607473085,higher abundance = better cognition,TRUE,TRUE
YARS2,Last-valid cognitive diagnosis,234,0.16031705334054047,0.054716364511667434,2.929965372724193,0.003737577681211353,0.05249756832972742,0.26813653835135354,0.2862377926207175,0.26413011363109384,ok,0.022976970607473085,higher abundance = better cognition,TRUE,TRUE
CS,Last-valid cognitive diagnosis,234,0.16028093906017934,0.05476069876827835,2.9269337803451574,0.003772838470882102,0.05237409267660721,0.2681877854437515,0.2861837638238086,0.2640744113758735,ok,0.022976970607473085,higher abundance = better cognition,TRUE,TRUE
MRPS36,Last-valid cognitive diagnosis,234,0.1603796688957926,0.055246222984954345,2.9029978925341218,0.0040621077482048155,0.051516089157044406,0.2692432486345408,0.2857588595859864,0.26363634638732225,ok,0.023903941749051416,higher abundance = better cognition,TRUE,TRUE
PDHB,Last-valid cognitive diagnosis,234,0.16075731666481585,0.05557197301955877,2.89277684289231,0.004191694514574813,0.051251841191825034,0.2702627921378067,0.2855783279779581,0.2634502230923197,ok,0.02420110417848854,higher abundance = better cognition,TRUE,TRUE
RPL11,Last-valid cognitive diagnosis,234,0.1667654764109602,0.057823897185152226,2.884023466577786,0.004305662472065424,0.05282254779237676,0.28070840502954364,0.28542415343104444,0.2632912732275813,ok,0.024398754008370736,higher abundance = better cognition,TRUE,TRUE
NFS1,Last-valid cognitive diagnosis,234,0.16135261417873936,0.05654034044746455,2.8537609236481867,0.004721808818431338,0.04993895496017488,0.27276627339730386,0.28489422766968464,0.2627449338364448,ok,0.025930380233073747,higher abundance = better cognition,TRUE,TRUE
MT-CO2,Last-valid cognitive diagnosis,234,0.15590250037597989,0.054662025583503346,2.8521171455276306,0.004745429062261862,0.04819009110572417,0.2636149096462356,0.2848655812454116,0.2627154001335439,ok,0.025930380233073747,higher abundance = better cognition,TRUE,TRUE
XPNPEP3,Last-valid cognitive diagnosis,234,0.16356895498716323,0.057690772189795424,2.835270681575241,0.004993784029903041,0.04988835133423747,0.277249558640089,0.2845728146692838,0.26241356556612017,ok,0.026148470099932777,higher abundance = better cognition,TRUE,TRUE
PTCD3,Last-valid cognitive diagnosis,234,0.15838747269234535,0.05583874960074041,2.836515391638447,0.004975037168628306,0.04835630963296862,0.2684186357517221,0.28459439472656156,0.2624358140322516,ok,0.026148470099932777,higher abundance = better cognition,TRUE,TRUE
NDUFA6,Last-valid cognitive diagnosis,234,0.15537847580012962,0.05486317727499689,2.8321085930059895,0.005041698483320371,0.047269693854542674,0.2634872577457166,0.2845180289693536,0.26235708296397964,ok,0.026148470099932777,higher abundance = better cognition,TRUE,TRUE
MRPL22,Last-valid cognitive diagnosis,234,0.1567184916082146,0.055473503836752876,2.825105334420644,0.005149310163402019,0.04740705125934655,0.2660299319570827,0.2843968797953141,0.26223218138189464,ok,0.026261481833350295,higher abundance = better cognition,TRUE,TRUE
MRPL14,Last-valid cognitive diagnosis,234,0.1534443018684852,0.05521734394079749,2.7789149371799544,0.005912991289068322,0.04463762875532125,0.2622509749816492,0.2836043358689057,0.2614150896347569,ok,0.029326581563362437,higher abundance = better cognition,TRUE,TRUE
ACADVL,Last-valid cognitive diagnosis,234,0.15217585783449591,0.05479332026869071,2.777270241851912,0.0059419871141453305,0.04420473025450054,0.26014698541449127,0.2835763246619943,0.2613862108240914,ok,0.029326581563362437,higher abundance = better cognition,TRUE,TRUE
PCCB,Last-valid cognitive diagnosis,234,0.15346128918691024,0.0554354596538993,2.768287485032441,0.006102640483586824,0.04422481551829474,0.2626977628555257,0.28342359124018,0.26122874672107055,ok,0.029422667996987027,higher abundance = better cognition,TRUE,TRUE
MRPS23,Last-valid cognitive diagnosis,234,0.1533962651267737,0.05546834254114431,2.7654741082805963,0.006153760626820816,0.044094995194735614,0.26269753505881177,0.28337584391340326,0.261179520494792,ok,0.029422667996987027,higher abundance = better cognition,TRUE,TRUE
NDUFV2,Last-valid cognitive diagnosis,234,0.15039417987968665,0.054784832549153416,2.7451791468879954,0.0065341779726432025,0.04243977748890282,0.2583485822704705,0.28303265843361497,0.26082570537624905,ok,0.030479423574337947,higher abundance = better cognition,TRUE,TRUE
NDUFB10,Last-valid cognitive diagnosis,234,0.1500640983896895,0.05470567986084068,2.7431173284276853,0.006573993319955243,0.04226566765687799,0.257862529122501,0.2829979164547386,0.26078988731838104,ok,0.030479423574337947,higher abundance = better cognition,TRUE,TRUE
SLIRP,Last-valid cognitive diagnosis,234,0.1522299272538912,0.05586693637604112,2.724866211192063,0.006936129131828,0.042143221695955566,0.2623166328118268,0.28269137451777737,0.26047385071965545,ok,0.031212581093226,higher abundance = better cognition,TRUE,TRUE
IARS2,Last-valid cognitive diagnosis,234,0.15069514361713113,0.055247826000054,2.727621239195617,0.006880332949885109,0.04182840511109179,0.25956188212317044,0.2827375330110722,0.2605214389007957,ok,0.031212581093226,higher abundance = better cognition,TRUE,TRUE
MRPS30,Last-valid cognitive diagnosis,222,0.1540629439429664,0.05742952414276944,2.6826435747572432,0.007874732239749225,0.04086296238296461,0.2672629255029682,0.2829205156292085,0.2594646446451172,ok,0.03256308196436841,higher abundance = better cognition,TRUE,TRUE
IDH2,Last-valid cognitive diagnosis,234,0.1522739257497095,0.05636589086869399,2.7015261074190438,0.007425489674007656,0.04120402225964165,0.26334382923977734,0.2823019632118176,0.26007237800156413,ok,0.03256308196436841,higher abundance = better cognition,TRUE,TRUE
MRPS16,Last-valid cognitive diagnosis,234,0.15049816403628868,0.05596415338391505,2.6891886133587817,0.007696567377469218,0.04021989078527241,0.26077643728730493,0.2820973058268992,0.2598613816710952,ok,0.03256308196436841,higher abundance = better cognition,TRUE,TRUE
IDH3A,Last-valid cognitive diagnosis,234,0.14879478336581833,0.05542715958129637,2.6845103463686857,0.007801670368332873,0.03957466512508237,0.25801490160655427,0.28201991613986416,0.2597815949583556,ok,0.03256308196436841,higher abundance = better cognition,TRUE,TRUE
ETFA,Last-valid cognitive diagnosis,234,0.1482044130828041,0.05513389545219351,2.6880816577038686,0.007721320463877935,0.03956217657186166,0.25684664959374653,0.2820789834795526,0.2598424918174149,ok,0.03256308196436841,higher abundance = better cognition,TRUE,TRUE
ALDH9A1,Last-valid cognitive diagnosis,234,-0.15069138490098705,0.05601563751635924,-2.6901663817889774,0.007674762669088993,-0.26107110847122506,-0.04031166133074905,0.28211349536139774,0.25987807265135254,ok,0.03256308196436841,higher abundance = worse cognition,FALSE,FALSE
GFM1,Last-valid cognitive diagnosis,234,0.14660564531840034,0.05484480433359679,2.673099979109466,0.008063467482688822,0.03853306755226818,0.2546782230845325,0.2818316569549766,0.25958750473676795,ok,0.0328989473293704,higher abundance = better cognition,TRUE,TRUE
DAP3,Last-valid cognitive diagnosis,234,0.14898352165611556,0.056049087103638,2.658090066313416,0.008419902310866948,0.03853788513083371,0.2594291581813974,0.28158508100973023,0.25933329148348294,ok,0.033460910482146576,higher abundance = better cognition,TRUE,TRUE
MRPS22,Last-valid cognitive diagnosis,234,0.14814743893288662,0.05566008789091262,2.661645795875109,0.008334206795790913,0.038468331674671105,0.2578265461911021,0.28164338268092476,0.25939339895865265,ok,0.033460910482146576,higher abundance = better cognition,TRUE,TRUE
PMPCB,Last-valid cognitive diagnosis,234,0.14587087022740303,0.05512444713272687,2.646210126628206,0.008712000027499061,0.037247251783435645,0.2544944886713704,0.2813907879774438,0.2591329805254178,ok,0.03417784626172708,higher abundance = better cognition,TRUE,TRUE
RPS16,Last-valid cognitive diagnosis,234,0.14904352290241904,0.05681769663816631,2.623188402929759,0.009304121214220116,0.03708332880506801,0.2610037169997701,0.2810164556045919,0.258747053787035,ok,0.036038747994320955,higher abundance = better cognition,TRUE,TRUE
TACO1,Last-valid cognitive diagnosis,234,0.1442741784114289,0.05517350085951352,2.6149179617727993,0.009525507831454108,0.03555389880206428,0.2529944580207935,0.28088268260663096,0.2586091373776328,ok,0.036249240452361164,higher abundance = better cognition,TRUE,TRUE
PPIA,Last-valid cognitive diagnosis,234,-0.14577214632478683,0.05580129844539509,-2.612343267736567,0.009595387178566192,-0.25572951127424837,-0.0358147813753253,0.28084111345099527,0.25856628068177834,ok,0.036249240452361164,higher abundance = worse cognition,FALSE,FALSE
ATP5H,Last-valid cognitive diagnosis,234,0.14453387717995952,0.05546589112298527,2.6058154706192784,0.009774623498205827,0.03523743780722141,0.2538303165526976,0.28073588238886743,0.25845779025046967,ok,0.03647603402989004,higher abundance = better cognition,TRUE,TRUE
NIPSNAP1,Last-valid cognitive diagnosis,234,0.14258907223660974,0.0553959726130708,2.5739970887877424,0.010691990704043816,0.0334304084233223,0.2517477360498972,0.2802262895907657,0.25793241360463903,ok,0.039418664523342264,higher abundance = better cognition,TRUE,TRUE
MRPS27,Last-valid cognitive diagnosis,234,0.1410225173213604,0.05525129691374383,2.5523838389082387,0.011358337215987129,0.03214893932351828,0.2498960953192025,0.27988330344133167,0.25757880399039956,ok,0.041376799858238826,higher abundance = better cognition,TRUE,TRUE
PDK3,Last-valid cognitive diagnosis,234,0.14257842711950508,0.0561475960515936,2.5393505180255778,0.011777872248035176,0.0319386771122271,0.2532181771267831,0.27967771564574256,0.25736684843123026,ok,0.04240034009292663,higher abundance = better cognition,TRUE,TRUE
TUFM,Last-valid cognitive diagnosis,234,0.1427015475111454,0.056293586813545994,2.5349521248983007,0.011922545141339221,0.03177412033615852,0.25362897468613227,0.2796085464723905,0.25729553684985396,ok,0.0424220792238349,higher abundance = better cognition,TRUE,TRUE
MRPS33,Last-valid cognitive diagnosis,229,0.14586044068518467,0.05788393218595121,2.5198778862605655,0.012446285114137028,0.03178531836913387,0.25993556300123544,0.27270162697676936,0.2496650269262597,ok,0.04377658902213713,higher abundance = better cognition,TRUE,TRUE
SARS2,Last-valid cognitive diagnosis,234,0.13803464854029052,0.05497054459078427,2.5110656910506908,0.012736263875440709,0.029714297555011246,0.24635499952556977,0.2792347723356436,0.2569101856380751,ok,0.044287463021418824,higher abundance = better cognition,TRUE,TRUE
IMMT,Last-valid cognitive diagnosis,234,0.13785922396599654,0.05526478568845573,2.4945220043582648,0.013328485061472842,0.028959066118490737,0.24675938181350232,0.2789777465829597,0.25664519891075055,ok,0.045826027290007745,higher abundance = better cognition,TRUE,TRUE
FOXRED1,Last-valid cognitive diagnosis,234,0.1376633276011195,0.055295055832540144,2.48961368296706,0.013508842084586529,0.028703521943027,0.24662313325921198,0.27890178172790725,0.25656688116195747,ok,0.045930063087594196,higher abundance = better cognition,TRUE,TRUE
MRPL4,Last-valid cognitive diagnosis,234,0.1408750434267811,0.05719465658457475,2.4630805015581596,0.014521897251963423,0.02817204363219125,0.2535780432213709,0.27849345076595877,0.2561459027808336,ok,0.046284252273027585,higher abundance = better cognition,TRUE,TRUE
MRPL13,Last-valid cognitive diagnosis,234,0.137425505387616,0.05587656652966765,2.4594479210645477,0.014665715489597598,0.027319823455539738,0.24753118731969226,0.2784378521126575,0.25608858204535045,ok,0.046284252273027585,higher abundance = better cognition,TRUE,TRUE
ECHS1,Last-valid cognitive diagnosis,234,0.13714126492106127,0.055978869666523795,2.4498755644413057,0.015050767430475558,0.02683399299613254,0.24744853684599,0.27829169406304893,0.25593789697650615,ok,0.046284252273027585,higher abundance = better cognition,TRUE,TRUE
MRPL16,Last-valid cognitive diagnosis,234,0.13669211004073215,0.05630252439939925,2.4278149425603845,0.01597248460340276,0.025747071207651073,0.24763714887381322,0.2779568029302182,0.2555926331094728,ok,0.046284252273027585,higher abundance = better cognition,TRUE,TRUE
RPS9,Last-valid cognitive diagnosis,234,0.13664309114785197,0.05540490699823333,2.4662633429239227,0.014396915114450957,0.027466821983483367,0.24581936031222057,0.2785422263046963,0.25619618906634634,ok,0.046284252273027585,higher abundance = better cognition,TRUE,TRUE
MRPS26,Last-valid cognitive diagnosis,234,0.13663430575601263,0.05525269592459659,2.472898443588664,0.01413943778201941,0.027757970984561467,0.2455106405274638,0.2786440873326218,0.2563012050818624,ok,0.046284252273027585,higher abundance = better cognition,TRUE,TRUE
MRPS34,Last-valid cognitive diagnosis,234,0.13661942097817809,0.055099976323459206,2.4794823899046103,0.013887996958760971,0.028044022661344245,0.2451948192950119,0.27874540502207906,0.2564056609298425,ok,0.046284252273027585,higher abundance = better cognition,TRUE,TRUE
MRPL3,Last-valid cognitive diagnosis,234,0.13595781771210222,0.055374233314580516,2.4552541782335315,0.014833321455654743,0.02684199153959442,0.24507364388461,0.2783737559796806,0.2560225006339185,ok,0.046284252273027585,higher abundance = better cognition,TRUE,TRUE
SUCLA2,Last-valid cognitive diagnosis,234,0.13549355880454703,0.05524469085783131,2.452607783673386,0.014939958887083361,0.02663299814718062,0.24435411946191343,0.27833335958032857,0.25598085301865736,ok,0.046284252273027585,higher abundance = better cognition,TRUE,TRUE
ATP5F1A,Last-valid cognitive diagnosis,234,0.13528893864094937,0.05572961049883066,2.427595266322345,0.015981908785713223,0.02547283595459765,0.2451050413273011,0.2779534818134795,0.25558920912628635,ok,0.046284252273027585,higher abundance = better cognition,TRUE,TRUE
COX4I1,Last-valid cognitive diagnosis,234,0.13496431490363353,0.055386229643499305,2.436784662403434,0.01559185726759912,0.025824849770138686,0.24410378003712838,0.27809263971775666,0.25573267723113857,ok,0.046284252273027585,higher abundance = better cognition,TRUE,TRUE
PTPMT1,Last-valid cognitive diagnosis,234,0.1346940477205003,0.05551180117501256,2.4264038433170123,0.016033106996538968,0.02530714184454,0.24408095359646062,0.2779354743047379,0.25557064386284933,ok,0.046284252273027585,higher abundance = better cognition,TRUE,TRUE
ATP5O,Last-valid cognitive diagnosis,234,0.13450842049137723,0.055179724858135146,2.437642102007449,0.015555896200443313,0.025775876391634256,0.2432409645911202,0.27810564827030104,0.25574608870345206,ok,0.046284252273027585,higher abundance = better cognition,TRUE,TRUE
PHB,Last-valid cognitive diagnosis,234,0.13448373945889894,0.055253240729531694,2.433952066580236,0.015711180464792925,0.02560633114047406,0.24336114777732382,0.2780496944995588,0.25568840185131503,ok,0.046284252273027585,higher abundance = better cognition,TRUE,TRUE
ACSF3,Last-valid cognitive diagnosis,234,0.13438048744698033,0.05516084868241003,2.436156996435631,0.015618228273845286,0.025685139158103457,0.24307583573585723,0.27808311975535344,0.2557228624026432,ok,0.046284252273027585,higher abundance = better cognition,TRUE,TRUE
EEF1A1,Last-valid cognitive diagnosis,234,-0.13496141298218245,0.055268124054935835,-2.441939459498073,0.015376769338543435,-0.24386814913506133,-0.02605467682930357,0.27817090703731406,0.25581336875970884,ok,0.046284252273027585,higher abundance = worse cognition,FALSE,FALSE
MRPS15,Last-valid cognitive diagnosis,234,0.13363066226469233,0.055833418943112445,2.393381325991266,0.01751113398059223,0.02361000335275569,0.24365132117662897,0.2774395277934242,0.2550593361764064,ok,0.04961487961167799,higher abundance = better cognition,TRUE,TRUE
NDUFA10,Last-valid cognitive diagnosis,234,0.13334198850266518,0.05568890790276078,2.3944083934182294,0.01746341139062317,0.023606090942988545,0.24307788606234182,0.27745486054081026,0.25507514383189733,ok,0.04961487961167799,higher abundance = better cognition,TRUE,TRUE
SLC25A6,Last-valid cognitive diagnosis,234,0.13462484706894176,0.05656742364809685,2.379900628079445,0.018148265650725547,0.02315781996362748,0.24609187417425604,0.27723882877377604,0.2548524208154417,ok,0.050489020970162626,higher abundance = better cognition,TRUE,FALSE
MRPS5,Last-valid cognitive diagnosis,234,0.1328417059315219,0.05582745989621891,2.37950474871093,0.01816728084879116,0.02283278941827986,0.2428506224447639,0.2772329504230133,0.2548463603918678,ok,0.050489020970162626,higher abundance = better cognition,TRUE,FALSE
ACO2,Last-valid cognitive diagnosis,234,0.13150001987557397,0.05533466748267302,2.3764490844144075,0.01831464486172566,0.02246215881749518,0.24053788093365275,0.277187607033819,0.25479961256141526,ok,0.050489020970162626,higher abundance = better cognition,TRUE,FALSE
NSUN4,Last-valid cognitive diagnosis,210,0.1362873269177941,0.05796335642403712,2.3512669956648065,0.019672752328380377,0.02199649158131188,0.2505781622542763,0.2848407042147301,0.26005795634098305,ok,0.05348141934930319,higher abundance = better cognition,TRUE,FALSE
ATP5L,Last-valid cognitive diagnosis,234,0.12960348214608125,0.05520270869472653,2.3477739627378496,0.019749674465592355,0.020825648023015786,0.23838131626914671,0.2767646583606525,0.2543635637081063,ok,0.05348141934930319,higher abundance = better cognition,TRUE,FALSE
SUCLG1,Last-valid cognitive diagnosis,234,0.12876204318036136,0.05524429151624428,2.330775536192723,0.020646234190484017,0.01990226943207858,0.23762181692864415,0.2765161304220387,0.25410733800148244,ok,0.05541883914287815,higher abundance = better cognition,TRUE,FALSE
EEF1B2,Last-valid cognitive diagnosis,234,0.12968952540374165,0.05572828585107322,2.3271759291200964,0.020840610537214515,0.0198760329573118,0.2395030178501715,0.27646371175187495,0.25405329574418967,ok,0.055454146299022976,higher abundance = better cognition,TRUE,FALSE
SHMT2,Last-valid cognitive diagnosis,234,0.12674688502195205,0.055215242568492175,2.2955053555135234,0.022621154363947894,0.017944352697047652,0.23554941734685647,0.27600568364596045,0.25358108092703,ok,0.059673045132483234,higher abundance = better cognition,TRUE,FALSE
CPT2,Last-valid cognitive diagnosis,234,0.12486463802444515,0.05517053603308643,2.263248592501663,0.02457006982394401,0.016150200653711852,0.23357907539517847,0.27554504512513994,0.2531061748414054,ok,0.06426018261646894,higher abundance = better cognition,TRUE,FALSE
TIMM13,Last-valid cognitive diagnosis,234,0.12790161102661043,0.05667774947801465,2.2566459008084574,0.02498658198736991,0.016217185081455643,0.23958603697176523,0.2754514884143172,0.2530097203563536,ok,0.0647957126113152,higher abundance = better cognition,TRUE,FALSE
PPA2,Last-valid cognitive diagnosis,234,0.123962859619141,0.05503820352190522,2.2523057019803296,0.02526371169559875,0.015509185611125326,0.23241653362715667,0.2753901258233816,0.2529464571541944,ok,0.0649638300743968,higher abundance = better cognition,TRUE,FALSE
ACAD9,Last-valid cognitive diagnosis,234,0.12553340518101028,0.05623314385115672,2.2323739450400306,0.026571050850566023,0.014725081845167354,0.2363417285168532,0.2751097114243215,0.25265735735339345,ok,0.06775617966894336,higher abundance = better cognition,TRUE,FALSE
RPS15A,Last-valid cognitive diagnosis,229,0.1265019553126177,0.05703678516014152,2.217901218616015,0.027579457541732726,0.01409635330970789,0.23890755731552754,0.28514944163389294,0.2625071162557808,ok,0.06814226250564472,higher abundance = better cognition,TRUE,FALSE
GRSF1,Last-valid cognitive diagnosis,234,0.126145342809381,0.05689687901654096,2.217087210929588,0.027613204414052104,0.01402911854930844,0.23826156706945356,0.27489619004162835,0.2524372224765461,ok,0.06814226250564472,higher abundance = better cognition,TRUE,FALSE
HADHB,Last-valid cognitive diagnosis,234,0.12443626687189299,0.055938723035208755,2.2245103234403607,0.027102791835491007,0.014208104536059571,0.2346644292077264,0.27499970673452107,0.25254394543868774,ok,0.06814226250564472,higher abundance = better cognition,TRUE,FALSE
SLC25A13,Last-valid cognitive diagnosis,234,0.12254062827567783,0.05525223585392795,2.217840172108913,0.027561053285331656,0.013665200080951997,0.23141605647040364,0.27490667580289385,0.25244803301802776,ok,0.06814226250564472,higher abundance = better cognition,TRUE,FALSE
BCS1L,Last-valid cognitive diagnosis,234,0.12118128085882313,0.05514881994671486,2.1973503871145246,0.029011092022647633,0.012509635389012522,0.22985292632863374,0.27462249704245517,0.2521550522605843,ok,0.0710191532714414,higher abundance = better cognition,TRUE,FALSE
MRPS25,Last-valid cognitive diagnosis,234,0.12309401679779765,0.05631643226116857,2.18575665849972,0.029860497396816923,0.012121572297199124,0.23406646129839617,0.2744627709876887,0.25199037893863485,ok,0.0725183508208411,higher abundance = better cognition,TRUE,FALSE
GADD45GIP1,Last-valid cognitive diagnosis,234,0.12033490907966951,0.05538329496042126,2.1727654370449576,0.03083777967860876,0.011201226786847082,0.22946859137249193,0.27428471278524025,0.2518068056591194,ok,0.07380077089905825,higher abundance = better cognition,TRUE,FALSE
NDUFS3,Last-valid cognitive diagnosis,234,0.12010481605320808,0.05528844358061359,2.172331291585169,0.030870910702874038,0.011158039944937567,0.22905159216147858,0.2742787791946164,0.25180068828471514,ok,0.07380077089905825,higher abundance = better cognition,TRUE,FALSE
PHB2,Last-valid cognitive diagnosis,234,0.12053502280512772,0.05559421979800425,2.1681214925414736,0.0311937723987149,0.0109857096938627,0.23008433591639274,0.2742212991341978,0.2517414278684429,ok,0.0739945298760214,higher abundance = better cognition,TRUE,FALSE
TSFM,Last-valid cognitive diagnosis,234,0.11899711424861291,0.055602089798837684,2.1401554272354066,0.03341351123295969,0.009432293172875694,0.22856193532435012,0.27384205658046895,0.2513504388639348,ok,0.07859793980885814,higher abundance = better cognition,TRUE,FALSE
LYRM7,Last-valid cognitive diagnosis,234,0.11832807174419971,0.05536350288955212,2.1372938049143904,0.033648137630589596,0.009233390048501253,0.22742275343989815,0.2738035061535657,0.2513106943972603,ok,0.07859793980885814,higher abundance = better cognition,TRUE,FALSE
POLRMT,Last-valid cognitive diagnosis,229,0.11825789586678014,0.055552707981617405,2.128751237579851,0.03438157633209003,0.00877704826933702,0.22773874346422324,0.2780283070360468,0.2551604253584554,ok,0.07970274513348144,higher abundance = better cognition,TRUE,FALSE
MRPS31,Last-valid cognitive diagnosis,234,0.11658524414161806,0.05540989420845998,2.1040510148423603,0.03647933733402004,0.007399147598492167,0.22577134068474394,0.27335915964382923,0.25085258494253193,ok,0.08392990394142957,higher abundance = better cognition,TRUE,FALSE
HIBCH,Last-valid cognitive diagnosis,234,0.11677133896347379,0.05571806540479101,2.095753650366924,0.037217070485302595,0.006977986072450509,0.22656469185449707,0.2732492536640483,0.2507392747952357,ok,0.08498823558584026,higher abundance = better cognition,TRUE,FALSE
FLAD1,Last-valid cognitive diagnosis,229,0.11738714518951032,0.05619039214777974,2.0890963864566774,0.03784358763368351,0.006649577523010944,0.22812471285600971,0.2774924829722627,0.2546076294917461,ok,0.0857787986363493,higher abundance = better cognition,TRUE,FALSE
SDHB,Last-valid cognitive diagnosis,234,0.11690178986905583,0.05607179582331991,2.084859030329774,0.03820511613106665,0.006411405442790244,0.22739217429532144,0.27310555404000636,0.25059112429788266,ok,0.08596151129489996,higher abundance = better cognition,TRUE,FALSE
ME2,Last-valid cognitive diagnosis,234,0.11722726349331479,0.05687106755458812,2.0612812196780608,0.04042050988747449,0.005161901138267699,0.22929262584836188,0.2727969360147231,0.2502729473072146,ok,0.09028230675596492,higher abundance = better cognition,TRUE,FALSE
FH,Last-valid cognitive diagnosis,234,0.11411380427879846,0.05556059336654134,2.05386223156353,0.041139904333827734,0.004630752596914575,0.22359685596068235,0.27270049863153695,0.25017352292543404,ok,0.09056698364137616,higher abundance = better cognition,TRUE,FALSE
TIMM44,Last-valid cognitive diagnosis,234,0.11403813316510265,0.05550037261295022,2.054727343190728,0.041055458865518354,0.004673747456316699,0.22340251887388862,0.2727117273852547,0.2501850994724085,ok,0.09056698364137616,higher abundance = better cognition,TRUE,FALSE
IGHG2,Last-valid cognitive diagnosis,234,-0.11300127759838516,0.05529034505375563,-2.0437795692633225,0.04213506747441797,-0.22195180059036707,-0.004050754606403237,0.27256995355069047,0.25003893441288005,ok,0.09209521890837069,higher abundance = worse cognition,FALSE,FALSE
HSPA9,Last-valid cognitive diagnosis,234,0.11347936287286284,0.05572844822358239,2.036291454188423,0.04288735108868665,0.003665550468766307,0.22329317527695935,0.2724733869094349,0.24993937676946165,ok,0.09307467683076677,higher abundance = better cognition,TRUE,FALSE
MRPS6,Last-valid cognitive diagnosis,234,0.11249164539635716,0.05541986258735108,2.02980736769333,0.04354797076142382,0.003285906000713143,0.22169738479200118,0.27239003394969813,0.24985344208088345,ok,0.09318656680416566,higher abundance = better cognition,TRUE,FALSE
CPOX,Last-valid cognitive diagnosis,234,0.1119389618982826,0.05514343918971625,2.029959747580601,0.04353234708795108,0.003277919297535681,0.22060000449902953,0.2723919899623197,0.24985545867796688,ok,0.09318656680416566,higher abundance = better cognition,TRUE,FALSE
SDHA,Last-valid cognitive diagnosis,234,0.11402234441672564,0.05628176002166572,2.025920020497451,0.043948159927467145,0.0031182221272376687,0.2249264667062136,0.2723401804222132,0.24980204441759157,ok,0.09338983984586768,higher abundance = better cognition,TRUE,FALSE
PIN4,Last-valid cognitive diagnosis,234,-0.11186843332623579,0.05556851019668355,-2.013162363545106,0.04528354671974459,-0.22136708525050547,-0.0023697814019661145,0.27217719286172803,0.24963400856983475,ok,0.09556389859477135,higher abundance = worse cognition,FALSE,FALSE
RPL9,Last-valid cognitive diagnosis,234,0.11270963575406111,0.05676135669976187,1.9856755071982617,0.04827802689957506,8.60460420447795e-4,0.22455881108767442,0.27182928478444635,0.24927532457865487,ok,0.1004971172195236,higher abundance = better cognition,TRUE,FALSE
CLPP,Last-valid cognitive diagnosis,234,-0.10980898427263633,0.05525532342477888,-1.9873014483776097,0.04809634645646737,-0.21869049657587436,-9.274719693983108e-4,0.2718497408386999,0.24929641422750926,ok,0.1004971172195236,higher abundance = worse cognition,FALSE,FALSE
KPNB1,Last-valid cognitive diagnosis,234,-0.11007109904536087,0.05559715776170161,-1.979797232030158,0.04893970621367113,-0.21962620146181194,-5.1599662890979e-4,0.2717554600149086,0.24919921320121108,ok,0.10118614933367139,higher abundance = worse cognition,FALSE,FALSE
TRUB1,Last-valid cognitive diagnosis,234,0.10924022093927734,0.05534100749258529,1.9739470943660282,0.04960580987920228,1.8986678868762596e-4,0.21829057508986704,0.2716821911257125,0.24912367492164178,ok,0.10119585215357266,higher abundance = better cognition,TRUE,FALSE
IDH3G,Last-valid cognitive diagnosis,234,0.109213286858613,0.055267791336082485,1.976074748391679,0.049362672214269106,3.072063336389125e-4,0.21811936738358711,0.271708815123135,0.24915112355615254,ok,0.10119585215357266,higher abundance = better cognition,TRUE,FALSE
PC,Last-valid cognitive diagnosis,234,0.10838085015165702,0.055282484078285204,1.9604916812019433,0.05116695565595024,-5.5418266047709e-4,0.21731588296379112,0.27151443882689447,0.24895072675516106,ok,0.10316087662496795,higher abundance = better cognition,FALSE,FALSE
TUBB,Last-valid cognitive diagnosis,234,-0.10940555914843811,0.055823648582628775,-1.9598425027074093,0.051243311264689964,-0.2194069654063448,5.958471094685974e-4,0.2715063724094662,0.2489424104929453,ok,0.10316087662496795,higher abundance = worse cognition,FALSE,FALSE
HSD17B10,Last-valid cognitive diagnosis,234,0.10845194356063406,0.055778771644282,1.944322909300777,0.05309749462297468,-0.001461031961338427,0.21836491908260655,0.2713142750740894,0.24874436324010096,ok,0.10619498924594936,higher abundance = better cognition,FALSE,FALSE
PPIF,Last-valid cognitive diagnosis,234,0.10892596201642808,0.05621254644530997,1.9377517814889205,0.05389940629027116,-0.0018417737966366782,0.21969369782949283,0.27123336933774733,0.24866095157387225,ok,0.10682330707197343,higher abundance = better cognition,FALSE,FALSE
SUPV3L1,Last-valid cognitive diagnosis,234,0.1076777645777861,0.05561750236840881,1.9360409941556085,0.05410984508547674,-0.001917427216632503,0.21727295637220473,0.27121234759734936,0.24863927871762126,ok,0.10682330707197343,higher abundance = better cognition,FALSE,FALSE
ABHD10,Last-valid cognitive diagnosis,234,0.10605820763298511,0.05542131106213523,1.9136719359467818,0.056925489700750925,-0.0031503860057481847,0.2152668012717184,0.27093908031138175,0.2483575474006724,ok,0.1116615374899345,higher abundance = better cognition,FALSE,FALSE
RPS10,Last-valid cognitive diagnosis,234,0.10686591689799807,0.05603983382530259,1.9069634865645686,0.057793444307825965,-0.003561485892025776,0.2172933196880219,0.27085770725530955,0.24827365394020862,ok,0.11192907568477688,higher abundance = better cognition,FALSE,FALSE
SAMM50,Last-valid cognitive diagnosis,234,0.10635554769324924,0.055721732857718385,1.9086905994977008,0.057568934742291994,-0.003445031973336718,0.2161561273598352,0.2708786314437001,0.24829522622292988,ok,0.11192907568477688,higher abundance = better cognition,FALSE,FALSE
MRPS12,Last-valid cognitive diagnosis,234,0.10486786224484773,0.05590732583424839,1.8757445590539494,0.06197957018307576,-0.005298431396518505,0.21503415588621397,0.2704825480986829,0.24788687480970406,ok,0.11928143695610807,higher abundance = better cognition,FALSE,FALSE
FASTKD5,Last-valid cognitive diagnosis,234,0.10256187669480303,0.05538098397433995,1.8519330884825687,0.06533965783772024,-0.006567251762409562,0.2116910051520156,0.27020031320971144,0.24759589813213623,ok,0.12496209561463996,higher abundance = better cognition,FALSE,FALSE
GLS,Last-valid cognitive diagnosis,234,0.102722307569229,0.05561161539356228,1.8471376319904627,0.06603433155383377,-0.006861283845634267,0.21230589898409225,0.27014388317889876,0.24753772026851062,ok,0.12550624506505054,higher abundance = better cognition,FALSE,FALSE
PGAM5,Last-valid cognitive diagnosis,234,0.09943744956080926,0.05549901360003406,1.7916976016443693,0.07451925110664204,-0.009924258190951385,0.2087991573125699,0.26950150733701006,0.24687544782974935,ok,0.14075858542365718,higher abundance = better cognition,FALSE,FALSE
PNPT1,Last-valid cognitive diagnosis,234,0.10179763106959668,0.057044204265429596,1.784539417815824,0.07567744117502699,-0.01060889998636827,0.21420416212556162,0.2694199124265769,0.2467913256433294,ok,0.14206930674575619,higher abundance = better cognition,FALSE,FALSE
PMPCA,Last-valid cognitive diagnosis,234,0.09757729271310242,0.0557097586191674,1.7515296266160836,0.08121122234777259,-0.012199691521925057,0.2073542769481299,0.2690476345795526,0.24640751706652997,ok,0.1506099032631419,higher abundance = better cognition,FALSE,FALSE
PRDX4,Last-valid cognitive diagnosis,234,-0.0966266122193481,0.05515449691127206,-1.7519262731159149,0.08114281693423656,-0.2053094442400278,0.012056219801331619,0.2690520688540249,0.2464120886857868,ok,0.1506099032631419,higher abundance = worse cognition,FALSE,FALSE
ENO1,Last-valid cognitive diagnosis,234,-0.09793958057739685,0.056010303502779975,-1.748599354983602,0.08171803626743505,-0.20830879338723823,0.012429632232444518,0.2690149053109855,0.24637377405955585,ok,0.15063686203515136,higher abundance = worse cognition,FALSE,FALSE
MT-ATP6,Last-valid cognitive diagnosis,229,0.09778257677727237,0.05622042461973696,1.7392714024956766,0.0833794075487698,-0.013014177571655003,0.20857933112619975,0.2619079101244141,0.238529427639667,ok,0.15241050011752158,higher abundance = better cognition,FALSE,FALSE
NDUFAF3,Last-valid cognitive diagnosis,234,0.09694551458701949,0.0557987273253189,1.7374144399711078,0.08367635300569813,-0.01300678392857002,0.206897813102609,0.268890453981934,0.24624546804332137,ok,0.15241050011752158,higher abundance = better cognition,FALSE,FALSE
CECR5,Last-valid cognitive diagnosis,234,0.09517480435714866,0.0551833008663818,1.7247029964300318,0.08594820718202369,-0.013564786324928302,0.20391439503922562,0.2687499360295275,0.2461005977649554,ok,0.15495254488099672,higher abundance = better cognition,FALSE,FALSE
GAPDH,Last-valid cognitive diagnosis,234,-0.09584898508896626,0.0555985431909348,-1.7239477797071883,0.08608474715610928,-0.20540681751622442,0.013708847338291905,0.26874161830824733,0.24609202241514005,ok,0.15495254488099672,higher abundance = worse cognition,FALSE,FALSE
MRPL10,Last-valid cognitive diagnosis,234,0.09711509241700643,0.056526044553781414,1.718059227098524,0.08715543252660889,-0.014270396510851754,0.2085005813448646,0.26867688210244645,0.2460252811056196,ok,0.15596235294235275,higher abundance = better cognition,FALSE,FALSE
ECI2,Last-valid cognitive diagnosis,234,0.09577000340540291,0.05601494089525694,1.7097224753746412,0.0886897363473015,-0.014608347461638,0.20614835427244382,0.2685855907562409,0.2459311621513457,ok,0.1577852286178736,higher abundance = better cognition,FALSE,FALSE
OGDH,Last-valid cognitive diagnosis,234,0.09573404246724221,0.05615025072180426,1.7049619767782582,0.08957564596122358,-0.01491093861080485,0.20637902354528925,0.26853365007333024,0.245877612686221,ok,0.1584401599082914,higher abundance = better cognition,FALSE,FALSE
LONP1,Last-valid cognitive diagnosis,234,0.09288452425807267,0.05603470127077462,1.657625045759232,0.09878057965170732,-0.01753276474988734,0.2033018132660327,0.2680246577798278,0.24535285514468974,ok,0.17371757111162323,higher abundance = better cognition,FALSE,FALSE
OAT,Last-valid cognitive diagnosis,234,0.0924839385188356,0.05604280621461503,1.6502374660660253,0.10028342162836643,-0.017949321412607994,0.2029171984502792,0.26794645256685556,0.24527222764636003,ok,0.17435640351295525,higher abundance = better cognition,FALSE,FALSE
DHX30,Last-valid cognitive diagnosis,234,0.09130642108517213,0.05524791803937096,1.6526671832249866,0.09978713664406924,-0.017560498785836237,0.2001733409561805,0.2679721369412288,0.2452987075544527,ok,0.17435640351295525,higher abundance = better cognition,FALSE,FALSE
RPS6,Last-valid cognitive diagnosis,234,0.09224576341258918,0.056490316500447946,1.6329482489597613,0.1038722872512257,-0.019069322805855965,0.20356084963103432,0.2677647290870338,0.24508487556318082,ok,0.17659489286676072,higher abundance = better cognition,FALSE,FALSE
PDK1,Last-valid cognitive diagnosis,234,0.09147424711831341,0.056018998923330135,1.6329147053039765,0.10387934874515337,-0.018912100158959014,0.20186059439558585,0.2677643782894293,0.24508451390016384,ok,0.17659489286676072,higher abundance = better cognition,FALSE,FALSE
QRSL1,Last-valid cognitive diagnosis,234,0.09115097246346537,0.05561054320123817,1.6390951646276293,0.10258472852840406,-0.018430506179007933,0.20073245110593868,0.2678291291328627,0.24515127030069483,ok,0.17659489286676072,higher abundance = better cognition,FALSE,FALSE
MIPEP,Last-valid cognitive diagnosis,234,0.09103347875208063,0.0555831492173909,1.6377891507377564,0.10285721698300862,-0.018494019600269862,0.20056097710443113,0.26781542698343536,0.24513714374840911,ok,0.17659489286676072,higher abundance = better cognition,FALSE,FALSE
NDUFA9,Last-valid cognitive diagnosis,234,0.09084419439852719,0.05607854150610092,1.6199457396488106,0.10663843029107037,-0.019659482505226353,0.2013478713022807,0.26762926459179787,0.24494521526499524,ok,0.18028375507772115,higher abundance = better cognition,FALSE,FALSE
KIAA0391,Last-valid cognitive diagnosis,208,0.094682084616407855,0.058975801165963855,1.6054395657968752,0.10997489703260076,-0.021612074988540467,0.2109762442213562,0.27946458512036787,0.25424584559958086,ok,0.18473908053070875,higher abundance = better cognition,FALSE,FALSE
RPL23A,Last-valid cognitive diagnosis,234,0.08948850114624209,0.05584927212994558,1.6023217086523072,0.11048121482718856,-0.020563396727847544,0.19954039902033172,0.26744730143619183,0.2447576160824455,ok,0.18473908053070875,higher abundance = better cognition,FALSE,FALSE
ETFB,Last-valid cognitive diagnosis,234,0.08839115029868652,0.055657700586177604,1.5881207697724788,0.1136570467092414,-0.021283252736772423,0.19806555333414547,0.26730206399428313,0.244607880135699,ok,0.18901661028819494,higher abundance = better cognition,FALSE,FALSE
GLDC,Last-valid cognitive diagnosis,234,0.08872518275042209,0.05633355238451315,1.5749971197416235,0.11665590517917847,-0.02228099723130368,0.19973136273214787,0.26716894328399815,0.24447063621757326,ok,0.19295517289096548,higher abundance = better cognition,FALSE,FALSE
P4HB,Last-valid cognitive diagnosis,234,0.08818763796514834,0.05687643889165787,1.550512649590003,0.12241772000860712,-0.02388830869683961,0.20026358462713628,0.26692340932780073,0.24421749722733443,ok,0.2013968942077085,higher abundance = better cognition,FALSE,FALSE
ALDH18A1,Last-valid cognitive diagnosis,234,0.08664379640194814,0.056043833616802693,1.5460005286999348,0.12350356450198384,-0.02379148804219401,0.19707908084609027,0.2668785631222957,0.2441712619800659,ok,0.2020967419123372,higher abundance = better cognition,FALSE,FALSE
MCCC2,Last-valid cognitive diagnosis,234,0.08597159719936585,0.055984004897632125,1.5356457144601685,0.1260240684109876,-0.024345793781871766,0.19628898818060347,0.2667761196270494,0.2440656454562058,ok,0.2051242815625649,higher abundance = better cognition,FALSE,FALSE
BCAT2,Last-valid cognitive diagnosis,234,0.08709016345261972,0.05682218833713595,1.5326788003288188,0.1267536412416373,-0.02487888161050822,0.19905920851574765,0.2667468886349417,0.24403550907938698,ok,0.20522018105788895,higher abundance = better cognition,FALSE,FALSE
MTO1,Last-valid cognitive diagnosis,204,0.09041812422399385,0.05969357976797884,1.514704337978009,0.1314582612716346,-0.027306045105008364,0.20814229355299607,0.27211061569392436,0.24611456625442163,ok,0.2117169892058957,higher abundance = better cognition,FALSE,FALSE
CCT6A,Last-valid cognitive diagnosis,234,-0.08523163048708951,0.056632995613422,-1.5049818496072922,0.13372501908750017,-0.19682786821514164,0.026364607240962623,0.26647662609216405,0.24375687557289483,ok,0.21424008293599506,higher abundance = worse cognition,FALSE,FALSE
RPS11,Last-valid cognitive diagnosis,234,0.08465023670171876,0.056810963490821716,1.4900334636182453,0.13760970577669202,-0.027296689619425357,0.19659716302286287,0.2663327285994263,0.24360852107816966,ok,0.2193154685816029,higher abundance = better cognition,FALSE,FALSE
RPL31,Last-valid cognitive diagnosis,234,0.08154064505149439,0.05567361515553649,1.4646191885275037,0.14441451013353865,-0.028165117901381542,0.19124640800437032,0.2660912536178516,0.2433595667830063,ok,0.22896808342415972,higher abundance = better cognition,FALSE,FALSE
MRPS2,Last-valid cognitive diagnosis,234,0.0824693512704251,0.05671164591196869,1.4541872298758372,0.14728174893812554,-0.02928186814840518,0.19422057068925536,0.2659932910827055,0.24325857001004592,ok,0.23109353328177976,higher abundance = better cognition,FALSE,FALSE
DCXR,Last-valid cognitive diagnosis,234,0.08037119058248891,0.05537020839948765,1.451524075954762,0.14802069452035566,-0.028736704429452975,0.1894790855944308,0.2659683904549538,0.24323289812391258,ok,0.23109353328177976,higher abundance = better cognition,FALSE,FALSE
CCT3,Last-valid cognitive diagnosis,234,-0.08087633870623026,0.055709394606471827,-1.4517540403649398,0.1479567740067967,-0.19065260564832856,0.02889992823586804,0.2659705389002291,0.24323511311395307,ok,0.23109353328177976,higher abundance = worse cognition,FALSE,FALSE
PDK2,Last-valid cognitive diagnosis,234,0.08065540540880063,0.05613708026209825,1.4367581112560333,0.15216964149294857,-0.02996362306447213,0.19127443388207338,0.2658311257277414,0.24309138183435297,ok,0.23636502688752417,higher abundance = better cognition,FALSE,FALSE
TRMU,Last-valid cognitive diagnosis,223,0.07971237105877975,0.05747285512350326,1.3869568666370595,0.1668911308726553,-0.03357002430746671,0.19299476642502622,0.2552000309241626,0.2309507296054144,ok,0.2541370383461,higher abundance = better cognition,FALSE,FALSE
HADHA,Last-valid cognitive diagnosis,234,0.07844539187106564,0.05634467519596068,1.392241442483093,0.16521770373901748,-0.03258270579128178,0.18947348953341306,0.2654254919320134,0.24267318415999617,ok,0.2541370383461,higher abundance = better cognition,FALSE,FALSE
SSBP1,Last-valid cognitive diagnosis,234,0.0771266874444739,0.05581707816056224,1.3817757931114358,0.16840489931654004,-0.03286177169002941,0.1871151465789772,0.26533191923802546,0.24257671319672536,ok,0.2541370383461,higher abundance = better cognition,FALSE,FALSE
ATP5F1,Last-valid cognitive diagnosis,234,0.07690419624749122,0.05567638731090397,1.3812713065962503,0.16855970058360725,-0.03280702928256357,0.186615421777546,0.2653274258945028,0.24257208067884595,ok,0.2541370383461,higher abundance = better cognition,FALSE,FALSE
ALDH1B1,Last-valid cognitive diagnosis,234,0.07682780832431117,0.05552122404227456,1.3837556655057444,0.1677984150198963,-0.03257766546464154,0.1862332821132639,0.26534956882251565,0.2425949094497617,ok,0.2541370383461,higher abundance = better cognition,FALSE,FALSE
NFU1,Last-valid cognitive diagnosis,234,0.07645523304615463,0.05535585223862607,1.3811589914030065,0.1685941790335239,-0.03262437291762693,0.1855348390099362,0.2653264257451532,0.24257104955141906,ok,0.2541370383461,higher abundance = better cognition,FALSE,FALSE
TUBB4B,Last-valid cognitive diagnosis,234,-0.07578482029941468,0.0557657250826577,-1.3589856526940884,0.1755057887999246,-0.18567208735979535,0.03410244676096598,0.2651305160247006,0.2423690718307755,ok,0.2632586831998869,higher abundance = worse cognition,FALSE,FALSE
TBRG4,Last-valid cognitive diagnosis,234,0.07564978150202573,0.05595276716904883,1.352029315609481,0.1777174032560593,-0.03460605502765399,0.18590561803170544,0.26506968632373346,0.24230635802402611,ok,0.26527573364075197,higher abundance = better cognition,FALSE,FALSE
RPS18,Last-valid cognitive diagnosis,234,0.07544108471428392,0.05592454372289589,1.3489798877589738,0.1786934611005918,-0.034759137056326925,0.18564130648489474,0.26504311585458146,0.24227896457574105,ok,0.2654378596931121,higher abundance = better cognition,FALSE,FALSE
GPT2,Last-valid cognitive diagnosis,234,0.07429410462656828,0.05582283530176019,1.3308909199068515,0.18456603375993236,-0.035705699048177,0.18429390830131356,0.2648866964737528,0.24211770034683378,ok,0.27283674555816084,higher abundance = better cognition,FALSE,FALSE
TRAP1,Last-valid cognitive diagnosis,234,0.07349598402453926,0.055671490036292584,1.3201727486838735,0.1881128648013085,-0.03620559134634892,0.18319755939542742,0.26479497936237756,0.24202314243997347,ok,0.2767429645634635,higher abundance = better cognition,FALSE,FALSE
CBR4,Last-valid cognitive diagnosis,234,0.07272070920297224,0.05571669304683504,1.3051871032949454,0.19315640308699697,-0.03706993943440802,0.1825113578403525,0.2646679503201691,0.24189217886990888,ok,0.2828031547589525,higher abundance = better cognition,FALSE,FALSE
BCKDK,Last-valid cognitive diagnosis,234,0.0734269403276027,0.056739809621214006,1.2940991663135522,0.19695201239209334,-0.03837977613774965,0.18523365679295506,0.264574866628719,0.24179621205527224,ok,0.2849532911733747,higher abundance = better cognition,FALSE,FALSE
AARS2,Last-valid cognitive diagnosis,234,0.07230775250970627,0.0557669820527935,1.2966050850887707,0.1960894173060962,-0.03758199143074353,0.18219749645015607,0.26459583651875784,0.24181783145517954,ok,0.2849532911733747,higher abundance = better cognition,FALSE,FALSE
AKR7A2,Last-valid cognitive diagnosis,234,-0.0725587874107391,0.056127600773633095,-1.2927469981012414,0.19741862002861255,-0.18315913639801895,0.03804156157654075,0.2645635678447274,0.2417845633089446,ok,0.2849532911733747,higher abundance = worse cognition,FALSE,FALSE
MRPL23,Last-valid cognitive diagnosis,211,0.07493117470516289,0.05813612249588145,1.2888918539496894,0.1989025335936626,-0.03969691379654662,0.18955926320687239,0.28029834718299224,0.255481048809992,ok,0.2857473017824449,higher abundance = better cognition,FALSE,FALSE
ALDH5A1,Last-valid cognitive diagnosis,234,0.07075933831164682,0.05548712297979807,1.2752389115112188,0.20353403522847988,-0.03857893877980323,0.18009761540309688,0.26441830513247266,0.24163480130914217,ok,0.29103464850427496,higher abundance = better cognition,FALSE,FALSE
RPL23,Last-valid cognitive diagnosis,234,0.0725428543404423,0.05736988594872703,1.264476181899259,0.2073616179936793,-0.04050543776240463,0.18559114644328922,0.2643299629378037,0.24154372285180659,ok,0.29506689411335185,higher abundance = better cognition,FALSE,FALSE
VARS2,Last-valid cognitive diagnosis,229,0.0710064264619487,0.05626543123432469,1.261990264790351,0.20828251349177776,-0.03987902495489093,0.18189187787878833,0.2684958810861125,0.24532606736485796,ok,0.29506689411335185,higher abundance = better cognition,FALSE,FALSE
HARS2,Last-valid cognitive diagnosis,234,0.07109906325927312,0.056558066728502436,1.2570985426459556,0.21001555110103085,-0.04034952588399887,0.1825476524025451,0.2642698265044388,0.24148172378554977,ok,0.2961509614604398,higher abundance = better cognition,FALSE,FALSE
TARS2,Last-valid cognitive diagnosis,234,0.06990270799102585,0.055991943359456994,1.2484422543126348,0.21316090182659317,-0.0404303258581796,0.1802357418402313,0.2641997038267637,0.24140942916653074,ok,0.2992075043987959,higher abundance = better cognition,FALSE,FALSE
ATP5F1B,Last-valid cognitive diagnosis,234,0.06962117191675884,0.05642647042951661,1.2338388594360867,0.21854453254652714,-0.04156810458188459,0.18081044841540228,0.2640824733127106,0.24128856761885653,ok,0.3053635934211749,higher abundance = better cognition,FALSE,FALSE
LAP3,Last-valid cognitive diagnosis,234,0.06899049698179956,0.056047116993308235,1.2309374805137023,0.21962575233736614,-0.04145125740907761,0.1794322513726767,0.26405934197846104,0.24126471982735143,ok,0.3054794555237911,higher abundance = better cognition,FALSE,FALSE
POLG,Last-valid cognitive diagnosis,188,0.07772977354890674,0.06348898421552569,1.2243033103985081,0.22243780412508954,-0.04754864703067123,0.2030081941284847,0.2429294733117061,0.2134878417182724,ok,0.30660345973998826,higher abundance = better cognition,FALSE,FALSE
TAMM41,Last-valid cognitive diagnosis,234,0.0685809833799801,0.0560173028899929,1.2242821385859979,0.2221205021541661,-0.04180202183605315,0.17896398859601337,0.2640064823291193,0.2412102229322336,ok,0.30660345973998826,higher abundance = better cognition,FALSE,FALSE
TIMM8B,Last-valid cognitive diagnosis,234,0.06813247604846462,0.056804983572289386,1.1994101883994033,0.231624445262713,-0.04380266674608162,0.18006761884301087,0.26381140932502783,0.2410091078439447,ok,0.31783444058470933,higher abundance = better cognition,FALSE,FALSE
MTG1,Last-valid cognitive diagnosis,183,0.07524766985375037,0.06342532485319452,1.186397862808272,0.2370733934131743,-0.049929341680019335,0.20042468138752007,0.26312243057136825,0.23364732779422293,ok,0.3224198150419171,higher abundance = better cognition,FALSE,FALSE
SUCLG2,Last-valid cognitive diagnosis,234,-0.06799627851871475,0.05730127393125137,-1.1866451451026199,0.23661352198852184,-0.18090936952668263,0.04491681248925314,0.2637128072839554,0.2409074517573523,ok,0.3224198150419171,higher abundance = worse cognition,FALSE,FALSE
PRDX3,Last-valid cognitive diagnosis,234,0.06581560709219611,0.05615898678508499,1.171951469567392,0.24245050678804386,-0.04484658854044274,0.17647780272483496,0.26360058177788903,0.24079175024003607,ok,0.32827369503159926,higher abundance = better cognition,FALSE,FALSE
C1QBP,Last-valid cognitive diagnosis,234,0.06566931202803387,0.056208323728420814,1.1683200578143067,0.24390864540372212,-0.04509010285281255,0.17642872690888028,0.26357305650564844,0.24076337241511547,ok,0.3287931519539162,higher abundance = better cognition,FALSE,FALSE
HSP90AA1,Last-valid cognitive diagnosis,234,-0.06350615026451471,0.05558985264415763,-1.142405443508386,0.25449437063671104,-0.17304685782819068,0.04603455729916124,0.2633790511964727,0.24056335809193863,ok,0.34155823427558585,higher abundance = worse cognition,FALSE,FALSE
ACOT13,Last-valid cognitive diagnosis,234,0.06264462487024576,0.05613350101633418,1.1159935463853736,0.2656100674754449,-0.04796735064111235,0.17325660038160387,0.2631856989807703,0.24036401709079425,ok,0.3549200028274504,higher abundance = better cognition,FALSE,FALSE
RPS8,Last-valid cognitive diagnosis,234,0.06387569200415946,0.057722116979270856,1.106606883928018,0.2696404257303903,-0.049866677065551104,0.17761806107387001,0.2631180478072342,0.2402942705269273,ok,0.3586831683633083,higher abundance = better cognition,FALSE,FALSE
CHCHD1,Last-valid cognitive diagnosis,222,0.06342268758861795,0.05744059319078701,1.1041440219456233,0.2707706270977916,-0.049799112296542894,0.1766444874737788,0.2522559762497073,0.2277970595849781,ok,0.3586831683633083,higher abundance = better cognition,FALSE,FALSE
MTHFD1L,Last-valid cognitive diagnosis,234,0.06020386941121091,0.056099712609141206,1.0731582500371126,0.2843446505932091,-0.050341525494959065,0.17074926431738088,0.26288152660652103,0.24005042344831595,ok,0.37504078914449135,higher abundance = better cognition,FALSE,FALSE
HARS,Last-valid cognitive diagnosis,234,0.059347160916374285,0.056046416993830346,1.058893040797011,0.290778917577222,-0.05109321411416184,0.1697875359469104,0.2627828179339211,0.23994865742744964,ok,0.3818813252301714,higher abundance = better cognition,FALSE,FALSE
FAHD1,Last-valid cognitive diagnosis,234,0.05869896379502882,0.05586822204129601,1.0506681911523945,0.29453317731123085,-0.05139027518717423,0.16878820277723186,0.26272649426298167,0.23989058921802986,ok,0.3851587703300711,higher abundance = better cognition,FALSE,FALSE
GRPEL1,Last-valid cognitive diagnosis,234,0.057459757522964,0.05581370305864043,1.0294919414788541,0.3043490813533323,-0.05252205091838167,0.16744156596430967,0.2625834619731479,0.2397431267245287,ok,0.39462211395813424,higher abundance = better cognition,FALSE,FALSE
CCDC90B,Last-valid cognitive diagnosis,234,-0.05795869015221635,0.056176592823357865,-1.031723129497407,0.30330466271982226,-0.1686555787692412,0.05273819846480849,0.26259839759129794,0.23975852495032057,ok,0.39462211395813424,higher abundance = worse cognition,FALSE,FALSE
TRUB2,Last-valid cognitive diagnosis,193,0.06225129162968411,0.0613237733411053,1.0151249383076872,0.31137204202385266,-0.0587325377832314,0.18323512104259962,0.2636489656575835,0.235787034628411,ok,0.40202466185358193,higher abundance = better cognition,FALSE,FALSE
HADH,Last-valid cognitive diagnosis,234,0.0569179420453885,0.0566519717448784,1.004694811006894,0.31611831469592566,-0.05471568845792174,0.16855157254869874,0.26241960638434403,0.2395741959626202,ok,0.40519242789112175,higher abundance = better cognition,FALSE,FALSE
PCK2,Last-valid cognitive diagnosis,234,0.05674876625268374,0.056525187990411944,1.003955374059255,0.31647382439862126,-0.05463503480314204,0.1681325673085095,0.2624147805345689,0.23956922063962194,ok,0.40519242789112175,higher abundance = better cognition,FALSE,FALSE
RPS4X,Last-valid cognitive diagnosis,234,0.05683035588522914,0.05752163597863207,0.9879822595160588,0.3242178990850152,-0.056516962116373345,0.17017767388683164,0.26231138604312604,0.2394626236639309,ok,0.4116625606639612,higher abundance = better cognition,FALSE,FALSE
ECH1,Last-valid cognitive diagnosis,234,0.05544510664965351,0.05599655737396809,0.9901520602305646,0.32315870660005785,-0.05489701919009001,0.16578723248939703,0.26232533559791077,0.23947700528457172,ok,0.4116625606639612,higher abundance = better cognition,FALSE,FALSE
ECHDC1,Last-valid cognitive diagnosis,234,0.05311145678702396,0.05620589028048455,0.944944676118136,0.3456962649895263,-0.05764316294513831,0.16386607651918622,0.26204091831660076,0.23918377861844242,ok,0.43712007060659114,higher abundance = better cognition,FALSE,FALSE
GCAT,Last-valid cognitive diagnosis,234,-0.04934980568519174,0.05574565747574058,-0.8852672642109891,0.3769534155471346,-0.15919752920019042,0.06049791782980694,0.26168550654048955,0.23881735851298258,ok,0.4746820788371324,higher abundance = worse cognition,FALSE,FALSE
MDH2,Last-valid cognitive diagnosis,234,0.049247795016291486,0.056098187297410465,0.8778856749006719,0.3809380777849194,-0.06129459423833789,0.15979018427092087,0.2616431330393433,0.23877367255826099,ok,0.47578388490687895,higher abundance = better cognition,FALSE,FALSE
ZADH2,Last-valid cognitive diagnosis,234,0.04921484339499128,0.05604513067427584,0.8781288008947475,0.38080642247975205,-0.06122299692196941,0.15965268371195196,0.26164452311384856,0.2387751056881714,ok,0.47578388490687895,higher abundance = better cognition,FALSE,FALSE
CNP,Last-valid cognitive diagnosis,234,-0.04570862779510833,0.05581206160451024,-0.8189740081454824,0.41366399813822663,-0.15568720172442885,0.06426994613421218,0.26131750774108853,0.23843796152067986,ok,0.5145576562207209,higher abundance = worse cognition,FALSE,FALSE
NIPSNAP3A,Last-valid cognitive diagnosis,234,0.04549066048884034,0.05659201692586701,0.8038352926779594,0.4223367834235686,-0.06602482806978086,0.15700614904746152,0.2612374384521075,0.23835541220947365,ok,0.5232188490996437,higher abundance = better cognition,FALSE,FALSE
GLRX5,Last-valid cognitive diagnosis,234,0.04431064984910821,0.056505055368116404,0.7841891236179723,0.43375028808298355,-0.06703347954747638,0.1556547792456928,0.2611357313293041,0.2382505548660525,ok,0.5351918877152942,higher abundance = better cognition,FALSE,FALSE
HSD17B8,Last-valid cognitive diagnosis,234,0.04360156064138356,0.05602415944420295,0.7782635397646327,0.4372276943577642,-0.06679495552608944,0.15399807680885658,0.2611055435015735,0.23821943201710893,ok,0.5373159617408668,higher abundance = better cognition,FALSE,FALSE
CLPX,Last-valid cognitive diagnosis,234,0.04324820300413157,0.05668827080684425,0.7629127223070985,0.4463110308247361,-0.06845695539037656,0.1549533613986397,0.2610283926449902,0.23813989153222448,ok,0.546284701729477,higher abundance = better cognition,FALSE,FALSE
CARS2,Last-valid cognitive diagnosis,234,-0.04106470771356949,0.0555412559060209,-0.73935504416849,0.4604586748743622,-0.1505096546154056,0.06838023918826662,0.2609129543381062,0.23802087770256075,ok,0.5613559940699396,higher abundance = worse cognition,FALSE,FALSE
FDXR,Last-valid cognitive diagnosis,234,0.04025036998681378,0.05582076944567838,0.7210644064299967,0.4716151266188199,-0.06974536288496726,0.1502461028585948,0.26082579867313,0.23793102252583753,ok,0.5726755108942813,higher abundance = better cognition,FALSE,FALSE
ALDH2,Last-valid cognitive diagnosis,234,0.040171078224101806,0.0567274293920736,0.7081420514661083,0.47958675257148997,-0.07161124279864126,0.15195339924684487,0.26076552711464884,0.2378688841491734,ok,0.5774935336039757,higher abundance = better cognition,FALSE,FALSE
RNMTL1,Last-valid cognitive diagnosis,234,0.03945024369808086,0.05585100327220206,0.7063479863702982,0.48069930808387806,-0.07060506541994355,0.14950555281610528,0.2607572447537369,0.23786034525495892,ok,0.5774935336039757,higher abundance = better cognition,FALSE,FALSE
HSP90AB1,Last-valid cognitive diagnosis,234,-0.039395425562747076,0.055842848673602286,-0.7054694826370822,0.4812446113366464,-0.14943466591177806,0.07064381478628393,0.2607531967074664,0.23785617182672414,ok,0.5774935336039757,higher abundance = worse cognition,FALSE,FALSE
ALDH7A1,Last-valid cognitive diagnosis,234,-0.037760324037060665,0.05779787424943953,-0.6533168308941194,0.5142161455937995,-0.15165197403813996,0.07613132596401864,0.2605218362461624,0.23761764533343288,ok,0.6146489865300884,higher abundance = worse cognition,FALSE,FALSE
DARS2,Last-valid cognitive diagnosis,234,0.03506965106144676,0.05641440003235503,0.6216436059114953,0.5348028025171065,-0.07609584052353416,0.14623514264642767,0.26038993043267117,0.23748165394164766,ok,0.6352258113179555,higher abundance = better cognition,FALSE,FALSE
FECH,Last-valid cognitive diagnosis,234,-0.03442015854582192,0.055475552420525494,-0.6204563459756869,0.5355825467974918,-0.14373563566228842,0.07489531857064459,0.2603851125347911,0.2374766868168422,ok,0.6352258113179555,higher abundance = worse cognition,FALSE,FALSE
ADCK3,Last-valid cognitive diagnosis,234,0.03347938273095877,0.05574643422107602,0.6005654567642505,0.5487312317871069,-0.07636987137333982,0.14332863683525737,0.26030575607703826,0.23739487241570767,ok,0.646916231146952,higher abundance = better cognition,FALSE,FALSE
ALYREF,Last-valid cognitive diagnosis,234,-0.03394572222805407,0.056655671660085595,-0.5991584113893601,0.5496673859418546,-0.14558664347437666,0.07769519901826852,0.2603002398276515,0.23738918530903896,ok,0.646916231146952,higher abundance = worse cognition,FALSE,FALSE
MRPL38,Last-valid cognitive diagnosis,234,0.03264616252305036,0.05599919016352544,0.5829756185351791,0.5604909577655199,-0.07770115127127948,0.14299347631738019,0.26023772045256194,0.237324729493128,ok,0.6549404071590892,higher abundance = better cognition,FALSE,FALSE
NADK2,Last-valid cognitive diagnosis,234,-0.032547061179152584,0.055868410557907276,-0.5825664423622317,0.5607659695283704,-0.14263667163640015,0.07754254927809498,0.2602361617245489,0.2373231224859288,ok,0.6549404071590892,higher abundance = worse cognition,FALSE,FALSE
PDIA6,Last-valid cognitive diagnosis,234,0.03256847759955619,0.05626628736939005,0.5788275559349251,0.5632819575252126,-0.07830515557730516,0.14344211077641755,0.260221969085701,0.23730849025207235,ok,0.6553774867023385,higher abundance = better cognition,FALSE,FALSE
ARL2,Last-valid cognitive diagnosis,234,-0.032260935037428204,0.05651637700124214,-0.570824542357327,0.5686857256534188,-0.14362737389598074,0.07910550382112434,0.2601918953569833,0.23727748503618196,ok,0.6591584547346445,higher abundance = worse cognition,FALSE,FALSE
ACAA2,Last-valid cognitive diagnosis,234,0.033107530442647984,0.058484241101337535,0.5660931871421824,0.5718921030136932,-0.08213661658853562,0.1483516774738316,0.2601743116734634,0.2372593567252964,ok,0.6603735227252457,higher abundance = better cognition,FALSE,FALSE
ATP5F1C,Last-valid cognitive diagnosis,234,0.030203262453499635,0.056261222067685586,0.5368397866858157,0.5919063770799575,-0.080660389464079,0.14106691437107827,0.2600688261209449,0.23715060392115128,ok,0.6809148548363421,higher abundance = better cognition,FALSE,FALSE
ADCK4,Last-valid cognitive diagnosis,144,-0.03867669001437796,0.07254451540877169,-0.5331442328402594,0.5948038990456689,-0.18213787824123945,0.10478449821248353,0.26341122977552733,0.22549857248456184,ok,0.681685367445598,higher abundance = worse cognition,FALSE,FALSE
NT5DC2,Last-valid cognitive diagnosis,181,0.032488210929644996,0.062188509608420296,0.5224150109756949,0.6020497323421297,-0.09025768681920907,0.15523410867849904,0.27559142671469283,0.24628009715979604,ok,0.6848595468278502,higher abundance = better cognition,FALSE,FALSE
TFAM,Last-valid cognitive diagnosis,234,0.029677162413467323,0.05655167606011452,0.5247795376023949,0.6002508407036684,-0.08175883381394468,0.1411131586408793,0.26002695842238466,0.23710743943546742,ok,0.6848595468278502,higher abundance = better cognition,FALSE,FALSE
METTL17,Last-valid cognitive diagnosis,228,0.029055451240678706,0.05687356894936882,0.510877931127288,0.6099488113068874,-0.08303129650362563,0.14114219898498304,0.26037240081965723,0.2368387953911919,ok,0.6912753194811391,higher abundance = better cognition,FALSE,FALSE
MOGS,Last-valid cognitive diagnosis,234,-0.027173494370519517,0.056048691336399774,-0.4848194261562036,0.6282740125033048,-0.13761835103003012,0.0832713622889911,0.25989500167707086,0.23697139553432534,ok,0.7094164126421081,higher abundance = worse cognition,FALSE,FALSE
GFM2,Last-valid cognitive diagnosis,234,0.026637437609743485,0.05645196622460601,0.4718602272197366,0.6374818070662416,-0.08460207876724374,0.1378769539867307,0.25985444130389523,0.2369295788664053,ok,0.7145400474808422,higher abundance = better cognition,FALSE,FALSE
SPRYD4,Last-valid cognitive diagnosis,234,-0.026659514650076974,0.05634340162197727,-0.473161255490797,0.6365548188938456,-0.1376851027142038,0.08436607341404988,0.25985846390624223,0.2369337260626303,ok,0.7145400474808422,higher abundance = worse cognition,FALSE,FALSE
ECI1,Last-valid cognitive diagnosis,234,0.024312802928583083,0.056843917775419486,0.4277115983567279,0.6692683716247991,-0.08769906034562695,0.13632466620279313,0.2597244811062928,0.23679559335294798,ok,0.7438422969747264,higher abundance = better cognition,FALSE,FALSE
GUF1,Last-valid cognitive diagnosis,234,0.024150406066708048,0.056386614982822325,0.4283003346461789,0.6688403737506055,-0.08696033462686492,0.135261146760281,0.2597261305336955,0.23679729386881,ok,0.7438422969747264,higher abundance = better cognition,FALSE,FALSE
ST13,Last-valid cognitive diagnosis,234,0.024109839652499975,0.05666959469123631,0.42544577535558853,0.6709165815850473,-0.08755851715285247,0.1357781964578524,0.25971815418561733,0.23678907046570286,ok,0.7438422969747264,higher abundance = better cognition,FALSE,FALSE
PITRM1,Last-valid cognitive diagnosis,234,0.022979093719488034,0.0564171968406511,0.4073065484694655,0.6841683790516064,-0.08819190902166796,0.13415009646064402,0.25966871120965057,0.2367380960701264,ok,0.7557961154866121,higher abundance = better cognition,FALSE,FALSE
AK4,Last-valid cognitive diagnosis,234,-0.02283421654492586,0.05696551267505691,-0.40084281651561643,0.68891454940647,-0.13508568454389885,0.08941725145404714,0.2596516116869876,0.2367204669162306,ok,0.7583016263251073,higher abundance = worse cognition,FALSE,FALSE
SOD2,Last-valid cognitive diagnosis,234,-0.02067803634873072,0.05597014795129139,-0.3694475913611306,0.7121400557441546,-0.13096812199212993,0.08961204929466848,0.25957243750642167,0.2366388404380365,ok,0.7810568353322985,higher abundance = worse cognition,FALSE,FALSE
ATP5J2-PTCD1,Last-valid cognitive diagnosis,229,-0.02053359628808859,0.05786264157206334,-0.3548679377611134,0.7230269428366781,-0.1345667599933173,0.0934995674171401,0.2522309460417472,0.22854595338243588,ok,0.7901651589572267,higher abundance = worse cognition,FALSE,FALSE
SYNE1,Last-valid cognitive diagnosis,234,0.019932182043778696,0.0570132711867308,0.3496060062664443,0.7269599570850159,-0.09241339487817408,0.13227775896573146,0.25952572029027415,0.23659067622846852,ok,0.7916361098505867,higher abundance = better cognition,FALSE,FALSE
SERPINH1,Last-valid cognitive diagnosis,234,-0.019370244730072535,0.05625280295260084,-0.3443427476208446,0.7309087341422122,-0.13021730664462766,0.09147681718448258,0.2595137596106743,0.23657834508534115,ok,0.7931137327926132,higher abundance = worse cognition,FALSE,FALSE
MMAB,Last-valid cognitive diagnosis,234,0.018853099672772714,0.05573566431984337,0.33825917216277823,0.7354819098563756,-0.09097493216621483,0.12868113151176025,0.2595001603549815,0.2365643246137642,ok,0.7952560580072471,higher abundance = better cognition,FALSE,FALSE
EARS2,Last-valid cognitive diagnosis,234,-0.018728629585595027,0.05595328338649073,-0.3347190451046317,0.7381474744557106,-0.12898548333012877,0.0915282241589387,0.2594923580819571,0.23655628067741596,ok,0.7953279126177726,higher abundance = worse cognition,FALSE,FALSE
DNAJA3,Last-valid cognitive diagnosis,234,0.01690267022591852,0.05591800508833725,0.30227598783640963,0.7627196834409377,-0.09328466705908955,0.12709000751092658,0.2594246713763748,0.23648649748095285,ok,0.8165058986542203,higher abundance = better cognition,FALSE,FALSE
GSR,Last-valid cognitive diagnosis,234,-0.016897082847863548,0.05600168187209349,-0.3017245604597391,0.7631395000493693,-0.1272493065943988,0.09345514089867168,0.2594235804095374,0.2364853727231072,ok,0.8165058986542203,higher abundance = worse cognition,FALSE,FALSE
NSUN2,Last-valid cognitive diagnosis,234,0.01585754959919972,0.056799375449849095,0.2791852810635412,0.7803579552745399,-0.09606654229898698,0.1277816414973864,0.2593806899751012,0.23644115382388764,ok,0.8320192833240738,higher abundance = better cognition,FALSE,FALSE
GOT2,Last-valid cognitive diagnosis,234,-0.0135114852165444,0.056441662431948474,-0.23938850548272128,0.8110213024066437,-0.12473069780273871,0.09770772736964992,0.2593130762400216,0.23637144585807535,ok,0.861710133807059,higher abundance = worse cognition,FALSE,FALSE
ACAT1,Last-valid cognitive diagnosis,234,-0.012131401854337255,0.05648905595559332,-0.2147566754146836,0.8301506906818521,-0.12344400414867172,0.09918120043999722,0.25927642159569936,0.23633365589291122,ok,0.8789830842513728,higher abundance = worse cognition,FALSE,FALSE
AK2,Last-valid cognitive diagnosis,234,0.010695843528213178,0.0562966940056399,0.18999061520631477,0.8494870212824215,-0.10023770641926387,0.12162939347569023,0.25924357281564664,0.23629978967276843,ok,0.8952451918652645,higher abundance = better cognition,FALSE,FALSE
NARS2,Last-valid cognitive diagnosis,234,0.01058234520259772,0.0564098872250138,0.18759734725910243,0.851360623636575,-0.10057425382221719,0.12173894422741263,0.2592406113354632,0.2362967364653228,ok,0.8952451918652645,higher abundance = better cognition,FALSE,FALSE
HSPA5,Last-valid cognitive diagnosis,234,0.00873612009456455,0.055654837708675416,0.15696964458496254,0.8754089116466759,-0.10093264159427552,0.11840488178340462,0.25920602460788067,0.23626107846741684,ok,0.9135778931752614,higher abundance = better cognition,FALSE,FALSE
HAGH,Last-valid cognitive diagnosis,234,0.008652274217395983,0.056185519071147265,0.15399473672993352,0.8777513091291727,-0.10206220371588409,0.11936675215067605,0.259202992619036,0.23625795256741333,ok,0.9135778931752614,higher abundance = better cognition,FALSE,FALSE
GLUD1,Last-valid cognitive diagnosis,234,-0.009069866092610264,0.056423507353892274,-0.16074623003712646,0.8724368700871099,-0.12025330380260765,0.10211357161738713,0.2592099571880217,0.23626513285313755,ok,0.9135778931752614,higher abundance = worse cognition,FALSE,FALSE
STOML2,Last-valid cognitive diagnosis,234,0.008368171477317773,0.05808582009675375,0.14406565084867323,0.8855770096251177,-0.10609088049290734,0.12282722344754289,0.25919329278224135,0.23624795229319573,ok,0.916976080144964,higher abundance = better cognition,FALSE,FALSE
PCMT1,Last-valid cognitive diagnosis,234,-0.007981499925496998,0.056109098000118623,-0.1422496566506937,0.8870095415781352,-0.11854538889703188,0.10258238904603788,0.2591915885977528,0.23624619532423197,ok,0.916976080144964,higher abundance = worse cognition,FALSE,FALSE
AK3,Last-valid cognitive diagnosis,234,0.007689631854902744,0.056315076024249594,0.1365465945849304,0.8915107498568742,-0.103280140158818,0.1186594038686235,0.2591863771706683,0.2362408224812642,ok,0.9185262271252643,higher abundance = better cognition,FALSE,FALSE
HINT2,Last-valid cognitive diagnosis,234,0.007059194828587431,0.056225236959284976,0.125552068970368,0.9001981205963285,-0.10373354784839307,0.11785193750556792,0.25917693196254193,0.2362310847224437,ok,0.9243645130955588,higher abundance = better cognition,FALSE,FALSE
CRYZ,Last-valid cognitive diagnosis,234,0.006232975386851411,0.05624111328539713,0.1108259602761062,0.9118527155715525,-0.10459105184860723,0.11705700262231006,0.2591655221748,0.23621932153419645,ok,0.9332004380096824,higher abundance = better cognition,FALSE,FALSE
YWHAE,Last-valid cognitive diagnosis,234,0.005274530871608171,0.05617072839830116,0.09390177094031943,0.9252703826373612,-0.10541080180058844,0.11595986354380479,0.2591541647374026,0.23620761231776466,ok,0.9437757902901084,higher abundance = better cognition,FALSE,FALSE
IBA57,Last-valid cognitive diagnosis,234,0.004282639680061601,0.05673032803285378,0.07549118484880663,0.939890692443691,-0.1075053931614205,0.1160706725215437,0.25914394190092654,0.23619707284476055,ok,0.9555034946437523,higher abundance = better cognition,FALSE,FALSE
LETM1,Last-valid cognitive diagnosis,234,0.00316667280829775,0.05674601353622938,0.05580432194194565,0.9555469946886241,-0.10865226857236064,0.11498561418895613,0.2591354687333821,0.2361883372339736,ok,0.968203246273904,higher abundance = better cognition,FALSE,FALSE
TST,Last-valid cognitive diagnosis,234,-0.002901818404672769,0.05627518104112677,-0.051564799099483576,0.9589210151517731,-0.11379297670614842,0.10798933989680289,0.2591339765519472,0.23618679883452964,ok,0.9684152826285233,higher abundance = worse cognition,FALSE,FALSE
ERAL1,Last-valid cognitive diagnosis,222,0.0023324505035587227,0.05707321297089306,0.04086769225255035,0.9674394762226104,-0.1101652020943267,0.11483010310144415,0.2552271430153019,0.2308654140485128,ok,0.9738042096188118,higher abundance = better cognition,FALSE,FALSE
MARS2,Last-valid cognitive diagnosis,228,-0.002248198267995065,0.06348613099826832,-0.03541243154440121,0.9717829817225054,-0.12736702027826272,0.12287062374227257,0.25804500373693184,0.23443734476492517,ok,0.9749691554330709,higher abundance = worse cognition,FALSE,FALSE
MTPAP,Last-valid cognitive diagnosis,234,-2.438582705706057e-4,0.05669886194387627,-0.004300937659242444,0.9965721528233217,-0.11196988667262882,0.1114821701314876,0.2591253207774287,0.23617787496080045,ok,0.9965721528233217,higher abundance = worse cognition,FALSE,FALSE
